LATITUDE,LONGITUDE,probability
48.7389484253,2.2275013053,6.700747e-05
48.7438423159,2.2275013053,6.700747e-05
48.7487362065,2.2275013053,6.700747e-05
48.7536300971,2.2275013053,6.700747e-05
48.7585239877,2.2275013053,6.700747e-05
48.7634178783,2.2275013053,6.700747e-05
48.7683117689,2.2275013053,6.5607084e-05
48.7732056595,2.2275013053,6.9261885e-05
48.7780995501,2.2275013053,6.9261885e-05
48.7829934407,2.2275013053,7.2374816e-05
48.7878873313,2.2275013053,7.821591e-05
48.7927812219,2.2275013053,8.538788e-05
48.7976751125,2.2275013053,8.622238e-05
48.8025690031,2.2275013053,0.00010520104
48.8074628937,2.2275013053,0.00022747942
48.8123567843,2.2275013053,0.00029211826
48.8172506749,2.2275013053,0.00047822364
48.8221445655,2.2275013053,0.00097315456
48.8270384561,2.2275013053,0.0013950049
48.8319323467,2.2275013053,0.0013716605
48.8368262373,2.2275013053,0.0015697997
48.8417201279,2.2275013053,0.0015808067
48.8466140185,2.2275013053,0.0012768545
48.8515079091,2.2275013053,0.00085675635
48.8564017997,2.2275013053,0.00097174523
48.8612956903,2.2275013053,0.00097613485
48.8661895809,2.2275013053,0.0009408889
48.8710834715,2.2275013053,0.0007296186
48.8759773621,2.2275013053,0.000664894
48.8808712527,2.2275013053,0.00036597357
48.8857651433,2.2275013053,0.00011314163
48.8906590339,2.2275013053,8.953573e-05
48.8955529245,2.2275013053,5.7946727e-05
48.9004468151,2.2275013053,8.641136e-05
48.9053407057,2.2275013053,7.237854e-05
48.9102345963,2.2275013053,3.9097325e-05
48.9151284869,2.2275013053,4.267882e-05
48.9200223775,2.2275013053,4.192092e-05
48.9249162681,2.2275013053,2.9731851e-05
48.9298101587,2.2275013053,3.0043444e-05
48.9347040493,2.2275013053,2.7159913e-05
48.9395979399,2.2275013053,2.7159913e-05
48.9444918305,2.2275013053,2.7159913e-05
48.9493857211,2.2275013053,2.1484808e-05
48.9542796117,2.2275013053,1.9710244e-06
48.9591735023,2.2275013053,1.9710244e-06
48.9640673929,2.2275013053,1.9710244e-06
48.9689612835,2.2275013053,1.9710244e-06
48.9738551741,2.2275013053,1.9710244e-06
48.9787490647,2.2275013053,1.9710244e-06
48.7389484253,2.2323951959,6.700747e-05
48.7438423159,2.2323951959,6.700747e-05
48.7487362065,2.2323951959,6.700747e-05
48.7536300971,2.2323951959,6.700747e-05
48.7585239877,2.2323951959,6.700747e-05
48.7634178783,2.2323951959,6.700747e-05
48.7683117689,2.2323951959,6.5607084e-05
48.7732056595,2.2323951959,6.9261885e-05
48.7780995501,2.2323951959,6.9261885e-05
48.7829934407,2.2323951959,7.2374816e-05
48.7878873313,2.2323951959,7.821591e-05
48.7927812219,2.2323951959,8.538788e-05
48.7976751125,2.2323951959,8.622238e-05
48.8025690031,2.2323951959,0.00010520104
48.8074628937,2.2323951959,0.00022747942
48.8123567843,2.2323951959,0.00029211826
48.8172506749,2.2323951959,0.00047822364
48.8221445655,2.2323951959,0.00097315456
48.8270384561,2.2323951959,0.0013950049
48.8319323467,2.2323951959,0.0013716605
48.8368262373,2.2323951959,0.0015697997
48.8417201279,2.2323951959,0.0015808067
48.8466140185,2.2323951959,0.0012768545
48.8515079091,2.2323951959,0.00085675635
48.8564017997,2.2323951959,0.00097174523
48.8612956903,2.2323951959,0.00097613485
48.8661895809,2.2323951959,0.0009408889
48.8710834715,2.2323951959,0.0007296186
48.8759773621,2.2323951959,0.000664894
48.8808712527,2.2323951959,0.00036597357
48.8857651433,2.2323951959,0.00011314163
48.8906590339,2.2323951959,8.953573e-05
48.8955529245,2.2323951959,5.7946727e-05
48.9004468151,2.2323951959,8.641136e-05
48.9053407057,2.2323951959,7.237854e-05
48.9102345963,2.2323951959,3.9097325e-05
48.9151284869,2.2323951959,4.267882e-05
48.9200223775,2.2323951959,4.192092e-05
48.9249162681,2.2323951959,2.9731851e-05
48.9298101587,2.2323951959,3.0043444e-05
48.9347040493,2.2323951959,2.7159913e-05
48.9395979399,2.2323951959,2.7159913e-05
48.9444918305,2.2323951959,2.7159913e-05
48.9493857211,2.2323951959,2.1484808e-05
48.9542796117,2.2323951959,1.9710244e-06
48.9591735023,2.2323951959,1.9710244e-06
48.9640673929,2.2323951959,1.9710244e-06
48.9689612835,2.2323951959,1.9710244e-06
48.9738551741,2.2323951959,1.9710244e-06
48.9787490647,2.2323951959,1.9710244e-06
48.7389484253,2.2372890865,6.632375e-05
48.7438423159,2.2372890865,6.632375e-05
48.7487362065,2.2372890865,6.632375e-05
48.7536300971,2.2372890865,6.632375e-05
48.7585239877,2.2372890865,6.632375e-05
48.7634178783,2.2372890865,6.632375e-05
48.7683117689,2.2372890865,6.492339e-05
48.7732056595,2.2372890865,6.927846e-05
48.7780995501,2.2372890865,6.927846e-05
48.7829934407,2.2372890865,7.239139e-05
48.7878873313,2.2372890865,7.8232486e-05
48.7927812219,2.2372890865,8.5404456e-05
48.7976751125,2.2372890865,8.623896e-05
48.8025690031,2.2372890865,0.00010521763
48.8074628937,2.2372890865,0.00022749604
48.8123567843,2.2372890865,0.00029760427
48.8172506749,2.2372890865,0.0004962152
48.8221445655,2.2372890865,0.000991146
48.8270384561,2.2372890865,0.0014322826
48.8319323467,2.2372890865,0.0014089382
48.8368262373,2.2372890865,0.0016070773
48.8417201279,2.2372890865,0.0016180843
48.8466140185,2.2372890865,0.0013141321
48.8515079091,2.2372890865,0.00086577755
48.8564017997,2.2372890865,0.0009807665
48.8612956903,2.2372890865,0.0009851562
48.8661895809,2.2372890865,0.0009499099
48.8710834715,2.2372890865,0.0007387358
48.8759773621,2.2372890865,0.0006834995
48.8808712527,2.2372890865,0.00038457895
48.8857651433,2.2372890865,0.00011924172
48.8906590339,2.2372890865,9.563579e-05
48.8955529245,2.2372890865,6.4046784e-05
48.9004468151,2.2372890865,9.251138e-05
48.9053407057,2.2372890865,7.847853e-05
48.9102345963,2.2372890865,4.5197357e-05
48.9151284869,2.2372890865,4.8778846e-05
48.9200223775,2.2372890865,4.802096e-05
48.9249162681,2.2372890865,3.5831876e-05
48.9298101587,2.2372890865,3.614347e-05
48.9347040493,2.2372890865,3.3259934e-05
48.9395979399,2.2372890865,3.3259934e-05
48.9444918305,2.2372890865,3.3259934e-05
48.9493857211,2.2372890865,2.7584829e-05
48.9542796117,2.2372890865,7.984819e-06
48.9591735023,2.2372890865,7.984819e-06
48.9640673929,2.2372890865,7.984819e-06
48.9689612835,2.2372890865,7.984819e-06
48.9738551741,2.2372890865,7.984819e-06
48.9787490647,2.2372890865,7.984819e-06
48.7389484253,2.2421829771,7.4e-05
48.7438423159,2.2421829771,7.4e-05
48.7487362065,2.2421829771,7.4e-05
48.7536300971,2.2421829771,7.4e-05
48.7585239877,2.2421829771,7.4e-05
48.7634178783,2.2421829771,7.4e-05
48.7683117689,2.2421829771,7.259963e-05
48.7732056595,2.2421829771,7.695471e-05
48.7780995501,2.2421829771,7.695471e-05
48.7829934407,2.2421829771,8.006763e-05
48.7878873313,2.2421829771,8.590872e-05
48.7927812219,2.2421829771,9.308072e-05
48.7976751125,2.2421829771,9.39152e-05
48.8025690031,2.2421829771,0.0001128939
48.8074628937,2.2421829771,0.00023517238
48.8123567843,2.2421829771,0.00029943264
48.8172506749,2.2421829771,0.00055506534
48.8221445655,2.2421829771,0.0011409882
48.8270384561,2.2421829771,0.0016620472
48.8319323467,2.2421829771,0.001638703
48.8368262373,2.2421829771,0.0018368419
48.8417201279,2.2421829771,0.0018478488
48.8466140185,2.2421829771,0.0015438966
48.8515079091,2.2421829771,0.0009847225
48.8564017997,2.2421829771,0.00094003824
48.8612956903,2.2421829771,0.0009444279
48.8661895809,2.2421829771,0.00090918154
48.8710834715,2.2421829771,0.0008014432
48.8759773621,2.2421829771,0.00074777374
48.8808712527,2.2421829771,0.00044885318
48.8857651433,2.2421829771,0.00017554138
48.8906590339,2.2421829771,0.00011233707
48.8955529245,2.2421829771,7.671337e-05
48.9004468151,2.2421829771,0.000105178005
48.9053407057,2.2421829771,8.394861e-05
48.9102345963,2.2421829771,5.0667404e-05
48.9151284869,2.2421829771,5.424892e-05
48.9200223775,2.2421829771,5.349098e-05
48.9249162681,2.2421829771,4.1301948e-05
48.9298101587,2.2421829771,3.699066e-05
48.9347040493,2.2421829771,3.4107125e-05
48.9395979399,2.2421829771,3.4107125e-05
48.9444918305,2.2421829771,3.2225533e-05
48.9493857211,2.2421829771,2.6550428e-05
48.9542796117,2.2421829771,6.9504213e-06
48.9591735023,2.2421829771,6.9504213e-06
48.9640673929,2.2421829771,6.9504213e-06
48.9689612835,2.2421829771,6.9504213e-06
48.9738551741,2.2421829771,6.9504213e-06
48.9787490647,2.2421829771,6.9504213e-06
48.7389484253,2.2470768677,8.741954e-05
48.7438423159,2.2470768677,8.741954e-05
48.7487362065,2.2470768677,8.741954e-05
48.7536300971,2.2470768677,8.741954e-05
48.7585239877,2.2470768677,8.741954e-05
48.7634178783,2.2470768677,8.741954e-05
48.7683117689,2.2470768677,8.601916e-05
48.7732056595,2.2470768677,9.037424e-05
48.7780995501,2.2470768677,0.00010018402
48.7829934407,2.2470768677,0.00010329695
48.7878873313,2.2470768677,0.000109138055
48.7927812219,2.2470768677,0.000116310024
48.7976751125,2.2470768677,0.00012376519
48.8025690031,2.2470768677,0.00014611104
48.8074628937,2.2470768677,0.00026740783
48.8123567843,2.2470768677,0.0003656276
48.8172506749,2.2470768677,0.00066363055
48.8221445655,2.2470768677,0.0013449488
48.8270384561,2.2470768677,0.0018963019
48.8319323467,2.2470768677,0.0019238156
48.8368262373,2.2470768677,0.0021489637
48.8417201279,2.2470768677,0.0021599706
48.8466140185,2.2470768677,0.001849264
48.8515079091,2.2470768677,0.0012223521
48.8564017997,2.2470768677,0.0011277337
48.8612956903,2.2470768677,0.0011055184
48.8661895809,2.2470768677,0.0010702723
48.8710834715,2.2470768677,0.0009665258
48.8759773621,2.2470768677,0.0009075242
48.8808712527,2.2470768677,0.0005887062
48.8857651433,2.2470768677,0.0002503749
48.8906590339,2.2470768677,0.00014941994
48.8955529245,2.2470768677,9.806938e-05
48.9004468151,2.2470768677,0.00012653398
48.9053407057,2.2470768677,0.00010270002
48.9102345963,2.2470768677,6.9418784e-05
48.9151284869,2.2470768677,7.300027e-05
48.9200223775,2.2470768677,7.224235e-05
48.9249162681,2.2470768677,6.005329e-05
48.9298101587,2.2470768677,5.1750107e-05
48.9347040493,2.2470768677,4.629963e-05
48.9395979399,2.2470768677,4.629963e-05
48.9444918305,2.2470768677,4.3830518e-05
48.9493857211,2.2470768677,3.8155395e-05
48.9542796117,2.2470768677,1.85554e-05
48.9591735023,2.2470768677,1.85554e-05
48.9640673929,2.2470768677,1.85554e-05
48.9689612835,2.2470768677,1.85554e-05
48.9738551741,2.2470768677,1.85554e-05
48.9787490647,2.2470768677,1.85554e-05
48.7389484253,2.2519707583,9.726181e-05
48.7438423159,2.2519707583,9.726181e-05
48.7487362065,2.2519707583,9.726181e-05
48.7536300971,2.2519707583,9.726181e-05
48.7585239877,2.2519707583,9.726181e-05
48.7634178783,2.2519707583,9.726181e-05
48.7683117689,2.2519707583,9.586143e-05
48.7732056595,2.2519707583,0.000100216515
48.7780995501,2.2519707583,0.00011268423
48.7829934407,2.2519707583,0.00011579718
48.7878873313,2.2519707583,0.00012163822
48.7927812219,2.2519707583,0.00012881024
48.7976751125,2.2519707583,0.00014048477
48.8025690031,2.2519707583,0.00016283058
48.8074628937,2.2519707583,0.0002841274
48.8123567843,2.2519707583,0.00038234712
48.8172506749,2.2519707583,0.00070038665
48.8221445655,2.2519707583,0.0013824455
48.8270384561,2.2519707583,0.0020945042
48.8319323467,2.2519707583,0.0021220178
48.8368262373,2.2519707583,0.002347165
48.8417201279,2.2519707583,0.0023581714
48.8466140185,2.2519707583,0.002047466
48.8515079091,2.2519707583,0.0014159812
48.8564017997,2.2519707583,0.0012186854
48.8612956903,2.2519707583,0.0011582652
48.8661895809,2.2519707583,0.0011230193
48.8710834715,2.2519707583,0.0010192727
48.8759773621,2.2519707583,0.0009191703
48.8808712527,2.2519707583,0.00060035253
48.8857651433,2.2519707583,0.00025784894
48.8906590339,2.2519707583,0.00014947145
48.8955529245,2.2519707583,9.986017e-05
48.9004468151,2.2519707583,0.00012832477
48.9053407057,2.2519707583,0.000105350286
48.9102345963,2.2519707583,7.2069066e-05
48.9151284869,2.2519707583,7.565054e-05
48.9200223775,2.2519707583,7.489259e-05
48.9249162681,2.2519707583,6.270354e-05
48.9298101587,2.2519707583,5.440034e-05
48.9347040493,2.2519707583,4.894989e-05
48.9395979399,2.2519707583,4.894989e-05
48.9444918305,2.2519707583,4.648077e-05
48.9493857211,2.2519707583,4.0805648e-05
48.9542796117,2.2519707583,2.1205658e-05
48.9591735023,2.2519707583,2.1205658e-05
48.9640673929,2.2519707583,2.1205658e-05
48.9689612835,2.2519707583,2.1205658e-05
48.9738551741,2.2519707583,2.1205658e-05
48.9787490647,2.2519707583,2.1205658e-05
48.7389484253,2.2568646489,9.726181e-05
48.7438423159,2.2568646489,9.726181e-05
48.7487362065,2.2568646489,9.726181e-05
48.7536300971,2.2568646489,9.726181e-05
48.7585239877,2.2568646489,9.726181e-05
48.7634178783,2.2568646489,9.726181e-05
48.7683117689,2.2568646489,9.586143e-05
48.7732056595,2.2568646489,0.000100216515
48.7780995501,2.2568646489,0.00011268423
48.7829934407,2.2568646489,0.00011579718
48.7878873313,2.2568646489,0.00012163822
48.7927812219,2.2568646489,0.00012881024
48.7976751125,2.2568646489,0.00014048477
48.8025690031,2.2568646489,0.00016283058
48.8074628937,2.2568646489,0.0002841274
48.8123567843,2.2568646489,0.00038234712
48.8172506749,2.2568646489,0.00077407423
48.8221445655,2.2568646489,0.0014855741
48.8270384561,2.2568646489,0.0024379
48.8319323467,2.2568646489,0.002465414
48.8368262373,2.2568646489,0.0026905604
48.8417201279,2.2568646489,0.0026567269
48.8466140185,2.2568646489,0.002346022
48.8515079091,2.2568646489,0.0017145367
48.8564017997,2.2568646489,0.0015172409
48.8612956903,2.2568646489,0.0014568208
48.8661895809,2.2568646489,0.0014215747
48.8710834715,2.2568646489,0.0011399646
48.8759773621,2.2568646489,0.0010104214
48.8808712527,2.2568646489,0.00066275673
48.8857651433,2.2568646489,0.00032025314
48.8906590339,2.2568646489,0.00021187565
48.8955529245,2.2568646489,9.986017e-05
48.9004468151,2.2568646489,0.00012832477
48.9053407057,2.2568646489,0.000105350286
48.9102345963,2.2568646489,7.2069066e-05
48.9151284869,2.2568646489,7.565054e-05
48.9200223775,2.2568646489,7.489259e-05
48.9249162681,2.2568646489,6.270354e-05
48.9298101587,2.2568646489,5.440034e-05
48.9347040493,2.2568646489,4.894989e-05
48.9395979399,2.2568646489,4.894989e-05
48.9444918305,2.2568646489,4.648077e-05
48.9493857211,2.2568646489,4.0805648e-05
48.9542796117,2.2568646489,2.1205658e-05
48.9591735023,2.2568646489,2.1205658e-05
48.9640673929,2.2568646489,2.1205658e-05
48.9689612835,2.2568646489,2.1205658e-05
48.9738551741,2.2568646489,2.1205658e-05
48.9787490647,2.2568646489,2.1205658e-05
48.7389484253,2.2617585395,0.00011317463
48.7438423159,2.2617585395,0.00011317463
48.7487362065,2.2617585395,0.00011317463
48.7536300971,2.2617585395,0.00011317463
48.7585239877,2.2617585395,0.00011317463
48.7634178783,2.2617585395,0.00011317463
48.7683117689,2.2617585395,0.00011177425
48.7732056595,2.2617585395,0.00011612935
48.7780995501,2.2617585395,0.00012859702
48.7829934407,2.2617585395,0.00013170994
48.7878873313,2.2617585395,0.00013755108
48.7927812219,2.2617585395,0.00014472308
48.7976751125,2.2617585395,0.00015639758
48.8025690031,2.2617585395,0.00017874339
48.8074628937,2.2617585395,0.00030004026
48.8123567843,2.2617585395,0.00039826
48.8172506749,2.2617585395,0.000789987
48.8221445655,2.2617585395,0.0015978285
48.8270384561,2.2617585395,0.0025892274
48.8319323467,2.2617585395,0.0026167415
48.8368262373,2.2617585395,0.0028418882
48.8417201279,2.2617585395,0.0028080547
48.8466140185,2.2617585395,0.0024556876
48.8515079091,2.2617585395,0.0018242018
48.8564017997,2.2617585395,0.001626906
48.8612956903,2.2617585395,0.0015664856
48.8661895809,2.2617585395,0.0015312687
48.8710834715,2.2617585395,0.0012517106
48.8759773621,2.2617585395,0.0011221675
48.8808712527,2.2617585395,0.000749159
48.8857651433,2.2617585395,0.00037859054
48.8906590339,2.2617585395,0.00026303023
48.8955529245,2.2617585395,0.00015101492
48.9004468151,2.2617585395,0.00015000919
48.9053407057,2.2617585395,0.00012703471
48.9102345963,2.2617585395,9.375343e-05
48.9151284869,2.2617585395,9.7334945e-05
48.9200223775,2.2617585395,9.657701e-05
48.9249162681,2.2617585395,8.438796e-05
48.9298101587,2.2617585395,7.608477e-05
48.9347040493,2.2617585395,7.0634276e-05
48.9395979399,2.2617585395,7.0634276e-05
48.9444918305,2.2617585395,6.712859e-05
48.9493857211,2.2617585395,6.0299946e-05
48.9542796117,2.2617585395,4.0699964e-05
48.9591735023,2.2617585395,4.0699964e-05
48.9640673929,2.2617585395,4.0699964e-05
48.9689612835,2.2617585395,4.0699964e-05
48.9738551741,2.2617585395,4.0699964e-05
48.9787490647,2.2617585395,4.0699964e-05
48.7389484253,2.2666524301,0.00012718064
48.7438423159,2.2666524301,0.00012718064
48.7487362065,2.2666524301,0.00012718064
48.7536300971,2.2666524301,0.00012718064
48.7585239877,2.2666524301,0.00012718064
48.7634178783,2.2666524301,0.00012718064
48.7683117689,2.2666524301,0.00012578025
48.7732056595,2.2666524301,0.00013013533
48.7780995501,2.2666524301,0.00014260304
48.7829934407,2.2666524301,0.00014571595
48.7878873313,2.2666524301,0.00015155706
48.7927812219,2.2666524301,0.00015872906
48.7976751125,2.2666524301,0.00017040357
48.8025690031,2.2666524301,0.00019274937
48.8074628937,2.2666524301,0.00031404625
48.8123567843,2.2666524301,0.0004269066
48.8172506749,2.2666524301,0.0008363569
48.8221445655,2.2666524301,0.0017401344
48.8270384561,2.2666524301,0.0030359367
48.8319323467,2.2666524301,0.0030634508
48.8368262373,2.2666524301,0.0032885976
48.8417201279,2.2666524301,0.0032547645
48.8466140185,2.2666524301,0.0028810245
48.8515079091,2.2666524301,0.0022495396
48.8564017997,2.2666524301,0.0020522438
48.8612956903,2.2666524301,0.001985947
48.8661895809,2.2666524301,0.0019672397
48.8710834715,2.2666524301,0.0014335244
48.8759773621,2.2666524301,0.0012862578
48.8808712527,2.2666524301,0.00090714765
48.8857651433,2.2666524301,0.0004298187
48.8906590339,2.2666524301,0.000304659
48.8955529245,2.2666524301,0.00015802952
48.9004468151,2.2666524301,0.00014709648
48.9053407057,2.2666524301,0.00014100315
48.9102345963,2.2666524301,0.00010772194
48.9151284869,2.2666524301,0.0001013646
48.9200223775,2.2666524301,0.00010060664
48.9249162681,2.2666524301,8.841759e-05
48.9298101587,2.2666524301,8.011437e-05
48.9347040493,2.2666524301,7.466389e-05
48.9395979399,2.2666524301,7.466389e-05
48.9444918305,2.2666524301,7.11582e-05
48.9493857211,2.2666524301,6.4329586e-05
48.9542796117,2.2666524301,4.4729586e-05
48.9591735023,2.2666524301,4.4729586e-05
48.9640673929,2.2666524301,4.4729586e-05
48.9689612835,2.2666524301,4.4729586e-05
48.9738551741,2.2666524301,4.4729586e-05
48.9787490647,2.2666524301,4.4729586e-05
48.7389484253,2.2715463207,0.0001272377
48.7438423159,2.2715463207,0.0001272377
48.7487362065,2.2715463207,0.0001272377
48.7536300971,2.2715463207,0.0001272377
48.7585239877,2.2715463207,0.0001272377
48.7634178783,2.2715463207,0.0001272377
48.7683117689,2.2715463207,0.0001258373
48.7732056595,2.2715463207,0.00013019239
48.7780995501,2.2715463207,0.0001426601
48.7829934407,2.2715463207,0.00014577301
48.7878873313,2.2715463207,0.00015161412
48.7927812219,2.2715463207,0.00015878612
48.7976751125,2.2715463207,0.00017046063
48.8025690031,2.2715463207,0.00019280643
48.8074628937,2.2715463207,0.0003141033
48.8123567843,2.2715463207,0.0004241039
48.8172506749,2.2715463207,0.00094269955
48.8221445655,2.2715463207,0.0018872654
48.8270384561,2.2715463207,0.0031830678
48.8319323467,2.2715463207,0.0032127742
48.8368262373,2.2715463207,0.0034379214
48.8417201279,2.2715463207,0.0034040883
48.8466140185,2.2715463207,0.0030303483
48.8515079091,2.2715463207,0.0023988634
48.8564017997,2.2715463207,0.0022414534
48.8612956903,2.2715463207,0.0021751565
48.8661895809,2.2715463207,0.002156449
48.8710834715,2.2715463207,0.0016537546
48.8759773621,2.2715463207,0.0015463271
48.8808712527,2.2715463207,0.0011672174
48.8857651433,2.2715463207,0.00059086335
48.8906590339,2.2715463207,0.00046570334
48.8955529245,2.2715463207,0.00031261862
48.9004468151,2.2715463207,0.0002932787
48.9053407057,2.2715463207,0.00013820048
48.9102345963,2.2715463207,0.00010491927
48.9151284869,2.2715463207,9.856193e-05
48.9200223775,2.2715463207,9.780397e-05
48.9249162681,2.2715463207,8.561492e-05
48.9298101587,2.2715463207,7.73117e-05
48.9347040493,2.2715463207,7.186122e-05
48.9395979399,2.2715463207,7.186122e-05
48.9444918305,2.2715463207,6.835553e-05
48.9493857211,2.2715463207,6.152692e-05
48.9542796117,2.2715463207,4.1926913e-05
48.9591735023,2.2715463207,4.1926913e-05
48.9640673929,2.2715463207,4.1926913e-05
48.9689612835,2.2715463207,4.1926913e-05
48.9738551741,2.2715463207,4.1926913e-05
48.9787490647,2.2715463207,4.1926913e-05
48.7389484253,2.2764402113,0.0001249216
48.7438423159,2.2764402113,0.0001249216
48.7487362065,2.2764402113,0.0001249216
48.7536300971,2.2764402113,0.0001249216
48.7585239877,2.2764402113,0.0001249216
48.7634178783,2.2764402113,0.0001249216
48.7683117689,2.2764402113,0.00012352121
48.7732056595,2.2764402113,0.0001278763
48.7780995501,2.2764402113,0.000140344
48.7829934407,2.2764402113,0.00014345691
48.7878873313,2.2764402113,0.00014929802
48.7927812219,2.2764402113,0.00015647002
48.7976751125,2.2764402113,0.00016814453
48.8025690031,2.2764402113,0.00019049033
48.8074628937,2.2764402113,0.0003117872
48.8123567843,2.2764402113,0.00044988663
48.8172506749,2.2764402113,0.0011310653
48.8221445655,2.2764402113,0.0020958448
48.8270384561,2.2764402113,0.0033916458
48.8319323467,2.2764402113,0.003423538
48.8368262373,2.2764402113,0.0036619443
48.8417201279,2.2764402113,0.0036390894
48.8466140185,2.2764402113,0.0032654603
48.8515079091,2.2764402113,0.002633975
48.8564017997,2.2764402113,0.0024765653
48.8612956903,2.2764402113,0.0023374178
48.8661895809,2.2764402113,0.0023187099
48.8710834715,2.2764402113,0.0018416967
48.8759773621,2.2764402113,0.0017456991
48.8808712527,2.2764402113,0.0014421112
48.8857651433,2.2764402113,0.0008370121
48.8906590339,2.2764402113,0.0006944492
48.8955529245,2.2764402113,0.0005241654
48.9004468151,2.2764402113,0.0005100183
48.9053407057,2.2764402113,0.00012770032
48.9102345963,2.2764402113,9.441911e-05
48.9151284869,2.2764402113,8.806176e-05
48.9200223775,2.2764402113,8.730381e-05
48.9249162681,2.2764402113,7.511476e-05
48.9298101587,2.2764402113,6.681154e-05
48.9347040493,2.2764402113,6.136106e-05
48.9395979399,2.2764402113,6.136106e-05
48.9444918305,2.2764402113,5.7855385e-05
48.9493857211,2.2764402113,5.102676e-05
48.9542796117,2.2764402113,3.142674e-05
48.9591735023,2.2764402113,3.142674e-05
48.9640673929,2.2764402113,3.142674e-05
48.9689612835,2.2764402113,3.142674e-05
48.9738551741,2.2764402113,3.142674e-05
48.9787490647,2.2764402113,3.142674e-05
48.7389484253,2.2813341019,0.00012250962
48.7438423159,2.2813341019,0.00012250962
48.7487362065,2.2813341019,0.00012250962
48.7536300971,2.2813341019,0.00012250962
48.7585239877,2.2813341019,0.00012250962
48.7634178783,2.2813341019,0.00012250962
48.7683117689,2.2813341019,0.00012749879
48.7732056595,2.2813341019,0.00013185386
48.7780995501,2.2813341019,0.00014432159
48.7829934407,2.2813341019,0.0001474345
48.7878873313,2.2813341019,0.00015327561
48.7927812219,2.2813341019,0.00016044758
48.7976751125,2.2813341019,0.00017212209
48.8025690031,2.2813341019,0.0001944679
48.8074628937,2.2813341019,0.00031576477
48.8123567843,2.2813341019,0.0004538642
48.8172506749,2.2813341019,0.0011350429
48.8221445655,2.2813341019,0.002219132
48.8270384561,2.2813341019,0.0035149334
48.8319323467,2.2813341019,0.0035744486
48.8368262373,2.2813341019,0.0038128544
48.8417201279,2.2813341019,0.0037642405
48.8466140185,2.2813341019,0.0033906114
48.8515079091,2.2813341019,0.002759126
48.8564017997,2.2813341019,0.0026017155
48.8612956903,2.2813341019,0.0024625685
48.8661895809,2.2813341019,0.0024438605
48.8710834715,2.2813341019,0.0019704094
48.8759773621,2.2813341019,0.0018750754
48.8808712527,2.2813341019,0.0015932696
48.8857651433,2.2813341019,0.0009993787
48.8906590339,2.2813341019,0.00078211474
48.8955529245,2.2813341019,0.00061183114
48.9004468151,2.2813341019,0.00051653397
48.9053407057,2.2813341019,0.00012422704
48.9102345963,2.2813341019,9.094583e-05
48.9151284869,2.2813341019,8.4588464e-05
48.9200223775,2.2813341019,8.383053e-05
48.9249162681,2.2813341019,7.164148e-05
48.9298101587,2.2813341019,6.333826e-05
48.9347040493,2.2813341019,5.788779e-05
48.9395979399,2.2813341019,5.788779e-05
48.9444918305,2.2813341019,5.4382108e-05
48.9493857211,2.2813341019,5.102676e-05
48.9542796117,2.2813341019,3.142674e-05
48.9591735023,2.2813341019,3.142674e-05
48.9640673929,2.2813341019,3.142674e-05
48.9689612835,2.2813341019,3.142674e-05
48.9738551741,2.2813341019,3.142674e-05
48.9787490647,2.2813341019,3.142674e-05
48.7389484253,2.2862279925,5.170711e-05
48.7438423159,2.2862279925,5.170711e-05
48.7487362065,2.2862279925,5.170711e-05
48.7536300971,2.2862279925,5.170711e-05
48.7585239877,2.2862279925,5.170711e-05
48.7634178783,2.2862279925,5.170711e-05
48.7683117689,2.2862279925,5.734707e-05
48.7732056595,2.2862279925,6.505586e-05
48.7780995501,2.2862279925,7.752356e-05
48.7829934407,2.2862279925,8.06365e-05
48.7878873313,2.2862279925,8.909738e-05
48.7927812219,2.2862279925,9.939612e-05
48.7976751125,2.2862279925,0.00010781832
48.8025690031,2.2862279925,0.00013016412
48.8074628937,2.2862279925,0.0002596935
48.8123567843,2.2862279925,0.00040430189
48.8172506749,2.2862279925,0.0011360457
48.8221445655,2.2862279925,0.0022201343
48.8270384561,2.2862279925,0.003375332
48.8319323467,2.2862279925,0.0034348478
48.8368262373,2.2862279925,0.0036755884
48.8417201279,2.2862279925,0.0036269745
48.8466140185,2.2862279925,0.0032533454
48.8515079091,2.2862279925,0.0026220696
48.8564017997,2.2862279925,0.0025744727
48.8612956903,2.2862279925,0.0024735304
48.8661895809,2.2862279925,0.002493022
48.8710834715,2.2862279925,0.0020320627
48.8759773621,2.2862279925,0.0019367287
48.8808712527,2.2862279925,0.0017136963
48.8857651433,2.2862279925,0.0011018073
48.8906590339,2.2862279925,0.0008808201
48.8955529245,2.2862279925,0.00066096894
48.9004468151,2.2862279925,0.0004959715
48.9053407057,2.2862279925,0.00012115165
48.9102345963,2.2862279925,8.353662e-05
48.9151284869,2.2862279925,8.5927924e-05
48.9200223775,2.2862279925,8.517e-05
48.9249162681,2.2862279925,7.298094e-05
48.9298101587,2.2862279925,6.467772e-05
48.9347040493,2.2862279925,5.9227237e-05
48.9395979399,2.2862279925,5.304687e-05
48.9444918305,2.2862279925,4.954119e-05
48.9493857211,2.2862279925,4.618581e-05
48.9542796117,2.2862279925,2.436782e-05
48.9591735023,2.2862279925,2.436782e-05
48.9640673929,2.2862279925,2.436782e-05
48.9689612835,2.2862279925,2.436782e-05
48.9738551741,2.2862279925,2.436782e-05
48.9787490647,2.2862279925,2.436782e-05
48.7389484253,2.2911218831,5.2335374e-05
48.7438423159,2.2911218831,5.2335374e-05
48.7487362065,2.2911218831,5.2335374e-05
48.7536300971,2.2911218831,5.2335374e-05
48.7585239877,2.2911218831,5.2335374e-05
48.7634178783,2.2911218831,5.2335374e-05
48.7683117689,2.2911218831,5.797535e-05
48.7732056595,2.2911218831,6.568412e-05
48.7780995501,2.2911218831,7.815184e-05
48.7829934407,2.2911218831,8.126476e-05
48.7878873313,2.2911218831,9.118995e-05
48.7927812219,2.2911218831,0.00010148873
48.7976751125,2.2911218831,0.000109910914
48.8025690031,2.2911218831,0.00013225671
48.8074628937,2.2911218831,0.00026178607
48.8123567843,2.2911218831,0.0004053778
48.8172506749,2.2911218831,0.0011371216
48.8221445655,2.2911218831,0.00222121
48.8270384561,2.2911218831,0.0033522772
48.8319323467,2.2911218831,0.003411793
48.8368262373,2.2911218831,0.0036525335
48.8417201279,2.2911218831,0.0035746081
48.8466140185,2.2911218831,0.003200979
48.8515079091,2.2911218831,0.0025990147
48.8564017997,2.2911218831,0.0025514178
48.8612956903,2.2911218831,0.0024770806
48.8661895809,2.2911218831,0.0024965722
48.8710834715,2.2911218831,0.002035613
48.8759773621,2.2911218831,0.0019402794
48.8808712527,2.2911218831,0.001690144
48.8857651433,2.2911218831,0.0011076336
48.8906590339,2.2911218831,0.00088664604
48.8955529245,2.2911218831,0.00066679507
48.9004468151,2.2911218831,0.00049417204
48.9053407057,2.2911218831,0.00016118545
48.9102345963,2.2911218831,0.00011075147
48.9151284869,2.2911218831,9.692232e-05
48.9200223775,2.2911218831,9.616434e-05
48.9249162681,2.2911218831,8.397526e-05
48.9298101587,2.2911218831,6.9441216e-05
48.9347040493,2.2911218831,6.399072e-05
48.9395979399,2.2911218831,5.781034e-05
48.9444918305,2.2911218831,5.4304663e-05
48.9493857211,2.2911218831,5.0949322e-05
48.9542796117,2.2911218831,2.91313e-05
48.9591735023,2.2911218831,2.91313e-05
48.9640673929,2.2911218831,2.91313e-05
48.9689612835,2.2911218831,2.91313e-05
48.9738551741,2.2911218831,2.91313e-05
48.9787490647,2.2911218831,2.91313e-05
48.7389484253,2.2960157737,3.9169026e-05
48.7438423159,2.2960157737,3.9169026e-05
48.7487362065,2.2960157737,3.9169026e-05
48.7536300971,2.2960157737,3.9169026e-05
48.7585239877,2.2960157737,3.9169026e-05
48.7634178783,2.2960157737,3.9169026e-05
48.7683117689,2.2960157737,4.480901e-05
48.7732056595,2.2960157737,5.251779e-05
48.7780995501,2.2960157737,6.4985485e-05
48.7829934407,2.2960157737,7.002885e-05
48.7878873313,2.2960157737,7.995403e-05
48.7927812219,2.2960157737,9.025279e-05
48.7976751125,2.2960157737,9.867499e-05
48.8025690031,2.2960157737,0.0001210208
48.8074628937,2.2960157737,0.00025055013
48.8123567843,2.2960157737,0.00042798245
48.8172506749,2.2960157737,0.001179494
48.8221445655,2.2960157737,0.002263582
48.8270384561,2.2960157737,0.0033391109
48.8319323467,2.2960157737,0.003398626
48.8368262373,2.2960157737,0.0036393672
48.8417201279,2.2960157737,0.0035614418
48.8466140185,2.2960157737,0.0031878126
48.8515079091,2.2960157737,0.0025858483
48.8564017997,2.2960157737,0.0025382515
48.8612956903,2.2960157737,0.0024639142
48.8661895809,2.2960157737,0.0024834059
48.8710834715,2.2960157737,0.002028686
48.8759773621,2.2960157737,0.0019333526
48.8808712527,2.2960157737,0.0016832174
48.8857651433,2.2960157737,0.0011970733
48.8906590339,2.2960157737,0.0009860911
48.8955529245,2.2960157737,0.0007932716
48.9004468151,2.2960157737,0.0006345193
48.9053407057,2.2960157737,0.00027501964
48.9102345963,2.2960157737,0.000114880335
48.9151284869,2.2960157737,9.162737e-05
48.9200223775,2.2960157737,9.0869435e-05
48.9249162681,2.2960157737,7.3770236e-05
48.9298101587,2.2960157737,5.9236158e-05
48.9347040493,2.2960157737,5.3785694e-05
48.9395979399,2.2960157737,4.760532e-05
48.9444918305,2.2960157737,4.4099626e-05
48.9493857211,2.2960157737,4.0744253e-05
48.9542796117,2.2960157737,1.8926274e-05
48.9591735023,2.2960157737,1.8926274e-05
48.9640673929,2.2960157737,1.8926274e-05
48.9689612835,2.2960157737,1.8926274e-05
48.9738551741,2.2960157737,1.8926274e-05
48.9787490647,2.2960157737,1.8926274e-05
48.7389484253,2.3009096643,3.821559e-05
48.7438423159,2.3009096643,3.821559e-05
48.7487362065,2.3009096643,3.821559e-05
48.7536300971,2.3009096643,3.821559e-05
48.7585239877,2.3009096643,3.821559e-05
48.7634178783,2.3009096643,3.821559e-05
48.7683117689,2.3009096643,4.3855573e-05
48.7732056595,2.3009096643,5.1564355e-05
48.7780995501,2.3009096643,6.403205e-05
48.7829934407,2.3009096643,6.90754e-05
48.7878873313,2.3009096643,7.9000565e-05
48.7927812219,2.3009096643,9.680115e-05
48.7976751125,2.3009096643,0.000105223335
48.8025690031,2.3009096643,0.00012756916
48.8074628937,2.3009096643,0.00026139375
48.8123567843,2.3009096643,0.00049839943
48.8172506749,2.3009096643,0.0012708068
48.8221445655,2.3009096643,0.0023486982
48.8270384561,2.3009096643,0.003371671
48.8319323467,2.3009096643,0.0034524873
48.8368262373,2.3009096643,0.003693228
48.8417201279,2.3009096643,0.0036153025
48.8466140185,2.3009096643,0.0032416733
48.8515079091,2.3009096643,0.0026218602
48.8564017997,2.3009096643,0.0025742634
48.8612956903,2.3009096643,0.0024999257
48.8661895809,2.3009096643,0.0025194178
48.8710834715,2.3009096643,0.0020646984
48.8759773621,2.3009096643,0.0019482786
48.8808712527,2.3009096643,0.0017269568
48.8857651433,2.3009096643,0.0012408129
48.8906590339,2.3009096643,0.0010587968
48.8955529245,2.3009096643,0.00087544677
48.9004468151,2.3009096643,0.0006989678
48.9053407057,2.3009096643,0.00035467776
48.9102345963,2.3009096643,0.00014728247
48.9151284869,2.3009096643,9.261759e-05
48.9200223775,2.3009096643,9.185963e-05
48.9249162681,2.3009096643,7.476043e-05
48.9298101587,2.3009096643,5.56955e-05
48.9347040493,2.3009096643,5.024504e-05
48.9395979399,2.3009096643,4.4064636e-05
48.9444918305,2.3009096643,4.055894e-05
48.9493857211,2.3009096643,3.720359e-05
48.9542796117,2.3009096643,1.5385585e-05
48.9591735023,2.3009096643,1.5385585e-05
48.9640673929,2.3009096643,1.5385585e-05
48.9689612835,2.3009096643,1.5385585e-05
48.9738551741,2.3009096643,1.5385585e-05
48.9787490647,2.3009096643,1.5385585e-05
48.7389484253,2.3058035549,4.281714e-05
48.7438423159,2.3058035549,4.281714e-05
48.7487362065,2.3058035549,4.281714e-05
48.7536300971,2.3058035549,4.281714e-05
48.7585239877,2.3058035549,4.281714e-05
48.7634178783,2.3058035549,4.281714e-05
48.7683117689,2.3058035549,4.8457125e-05
48.7732056595,2.3058035549,5.6165904e-05
48.7780995501,2.3058035549,6.86336e-05
48.7829934407,2.3058035549,7.3676965e-05
48.7878873313,2.3058035549,8.360212e-05
48.7927812219,2.3058035549,0.00010140271
48.7976751125,2.3058035549,0.000118848824
48.8025690031,2.3058035549,0.0001411947
48.8074628937,2.3058035549,0.0002860667
48.8123567843,2.3058035549,0.00051530724
48.8172506749,2.3058035549,0.0013043042
48.8221445655,2.3058035549,0.0023932795
48.8270384561,2.3058035549,0.0034147275
48.8319323467,2.3058035549,0.0034955433
48.8368262373,2.3058035549,0.003742283
48.8417201279,2.3058035549,0.0036643576
48.8466140185,2.3058035549,0.0032739404
48.8515079091,2.3058035549,0.0026246086
48.8564017997,2.3058035549,0.0025770112
48.8612956903,2.3058035549,0.002502674
48.8661895809,2.3058035549,0.0025516853
48.8710834715,2.3058035549,0.002107159
48.8759773621,2.3058035549,0.0019907383
48.8808712527,2.3058035549,0.0017694173
48.8857651433,2.3058035549,0.0013912205
48.8906590339,2.3058035549,0.0012155308
48.8955529245,2.3058035549,0.0009993294
48.9004468151,2.3058035549,0.0007934466
48.9053407057,2.3058035549,0.00043195297
48.9102345963,2.3058035549,0.00015123004
48.9151284869,2.3058035549,9.656519e-05
48.9200223775,2.3058035549,8.471756e-05
48.9249162681,2.3058035549,6.761836e-05
48.9298101587,2.3058035549,4.8553426e-05
48.9347040493,2.3058035549,4.3102973e-05
48.9395979399,2.3058035549,3.692257e-05
48.9444918305,2.3058035549,3.341687e-05
48.9493857211,2.3058035549,3.0061517e-05
48.9542796117,2.3058035549,8.243506e-06
48.9591735023,2.3058035549,8.243506e-06
48.9640673929,2.3058035549,8.243506e-06
48.9689612835,2.3058035549,8.243506e-06
48.9738551741,2.3058035549,8.243506e-06
48.9787490647,2.3058035549,8.243506e-06
48.7389484253,2.3106974455,3.276665e-05
48.7438423159,2.3106974455,3.276665e-05
48.7487362065,2.3106974455,3.276665e-05
48.7536300971,2.3106974455,3.276665e-05
48.7585239877,2.3106974455,3.276665e-05
48.7634178783,2.3106974455,3.276665e-05
48.7683117689,2.3106974455,3.8406622e-05
48.7732056595,2.3106974455,4.6115398e-05
48.7780995501,2.3106974455,5.8583086e-05
48.7829934407,2.3106974455,6.362646e-05
48.7878873313,2.3106974455,8.264517e-05
48.7927812219,2.3106974455,0.00010044574
48.7976751125,2.3106974455,0.000117891876
48.8025690031,2.3106974455,0.00015442526
48.8074628937,2.3106974455,0.00029929724
48.8123567843,2.3106974455,0.0005076016
48.8172506749,2.3106974455,0.0013805191
48.8221445655,2.3106974455,0.0024540094
48.8270384561,2.3106974455,0.003475458
48.8319323467,2.3106974455,0.003556274
48.8368262373,2.3106974455,0.0039148056
48.8417201279,2.3106974455,0.0038613875
48.8466140185,2.3106974455,0.00343811
48.8515079091,2.3106974455,0.0027237928
48.8564017997,2.3106974455,0.0026761955
48.8612956903,2.3106974455,0.0025892286
48.8661895809,2.3106974455,0.0026382394
48.8710834715,2.3106974455,0.0022050124
48.8759773621,2.3106974455,0.0020979072
48.8808712527,2.3106974455,0.0019459217
48.8857651433,2.3106974455,0.0015685313
48.8906590339,2.3106974455,0.0012438747
48.8955529245,2.3106974455,0.0010276734
48.9004468151,2.3106974455,0.0008168405
48.9053407057,2.3106974455,0.00041984257
48.9102345963,2.3106974455,0.00017054538
48.9151284869,2.3106974455,0.00011588052
48.9200223775,2.3106974455,0.000100157944
48.9249162681,2.3106974455,8.3058716e-05
48.9298101587,2.3106974455,6.399377e-05
48.9347040493,2.3106974455,5.2553532e-05
48.9395979399,2.3106974455,4.6373152e-05
48.9444918305,2.3106974455,4.2867465e-05
48.9493857211,2.3106974455,3.9512106e-05
48.9542796117,2.3106974455,1.7694101e-05
48.9591735023,2.3106974455,1.7694101e-05
48.9640673929,2.3106974455,1.7694101e-05
48.9689612835,2.3106974455,1.7694101e-05
48.9738551741,2.3106974455,1.7694101e-05
48.9787490647,2.3106974455,1.7694101e-05
48.7389484253,2.3155913361,2.7416725e-05
48.7438423159,2.3155913361,2.7416725e-05
48.7487362065,2.3155913361,2.7416725e-05
48.7536300971,2.3155913361,2.7416725e-05
48.7585239877,2.3155913361,2.7416725e-05
48.7634178783,2.3155913361,2.7416725e-05
48.7683117689,2.3155913361,3.3056698e-05
48.7732056595,2.3155913361,4.0765488e-05
48.7780995501,2.3155913361,5.323319e-05
48.7829934407,2.3155913361,5.8276517e-05
48.7878873313,2.3155913361,7.729525e-05
48.7927812219,2.3155913361,9.509585e-05
48.7976751125,2.3155913361,0.00011254197
48.8025690031,2.3155913361,0.00017482588
48.8074628937,2.3155913361,0.00034557926
48.8123567843,2.3155913361,0.00059444475
48.8172506749,2.3155913361,0.0014349339
48.8221445655,2.3155913361,0.0024290234
48.8270384561,2.3155913361,0.0027634322
48.8319323467,2.3155913361,0.0029106797
48.8368262373,2.3155913361,0.0033386706
48.8417201279,2.3155913361,0.0033313702
48.8466140185,2.3155913361,0.0029176013
48.8515079091,2.3155913361,0.0020355133
48.8564017997,2.3155913361,0.0019842929
48.8612956903,2.3155913361,0.0018472367
48.8661895809,2.3155913361,0.001896248
48.8710834715,2.3155913361,0.0019870526
48.8759773621,2.3155913361,0.0019949751
48.8808712527,2.3155913361,0.0019901714
48.8857651433,2.3155913361,0.0016653065
48.8906590339,2.3155913361,0.0010794485
48.8955529245,2.3155913361,0.000863247
48.9004468151,2.3155913361,0.0007567766
48.9053407057,2.3155913361,0.0004658246
48.9102345963,2.3155913361,0.00019964986
48.9151284869,2.3155913361,0.00012970234
48.9200223775,2.3155913361,0.00010031891
48.9249162681,2.3155913361,8.321971e-05
48.9298101587,2.3155913361,6.415475e-05
48.9347040493,2.3155913361,5.2714506e-05
48.9395979399,2.3155913361,4.653412e-05
48.9444918305,2.3155913361,4.3028434e-05
48.9493857211,2.3155913361,3.967308e-05
48.9542796117,2.3155913361,1.7855073e-05
48.9591735023,2.3155913361,1.7855073e-05
48.9640673929,2.3155913361,1.7855073e-05
48.9689612835,2.3155913361,1.7855073e-05
48.9738551741,2.3155913361,1.7855073e-05
48.9787490647,2.3155913361,1.7855073e-05
48.7389484253,2.3204852267,6.645479e-05
48.7438423159,2.3204852267,6.645479e-05
48.7487362065,2.3204852267,6.645479e-05
48.7536300971,2.3204852267,6.645479e-05
48.7585239877,2.3204852267,6.645479e-05
48.7634178783,2.3204852267,6.645479e-05
48.7683117689,2.3204852267,7.209479e-05
48.7732056595,2.3204852267,7.980355e-05
48.7780995501,2.3204852267,9.2271264e-05
48.7829934407,2.3204852267,9.731463e-05
48.7878873313,2.3204852267,0.00011633331
48.7927812219,2.3204852267,0.00013413392
48.7976751125,2.3204852267,0.00015158004
48.8025690031,2.3204852267,0.00023678402
48.8074628937,2.3204852267,0.00038350615
48.8123567843,2.3204852267,0.00077795883
48.8172506749,2.3204852267,0.0016085494
48.8221445655,2.3204852267,0.0025476764
48.8270384561,2.3204852267,0.0026649474
48.8319323467,2.3204852267,0.002673372
48.8368262373,2.3204852267,0.0031013628
48.8417201279,2.3204852267,0.0030940624
48.8466140185,2.3204852267,0.0026802935
48.8515079091,2.3204852267,0.0017857928
48.8564017997,2.3204852267,0.0017296944
48.8612956903,2.3204852267,0.001592638
48.8661895809,2.3204852267,0.0016695531
48.8710834715,2.3204852267,0.0019272
48.8759773621,2.3204852267,0.002024065
48.8808712527,2.3204852267,0.0017661438
48.8857651433,2.3204852267,0.0014108014
48.8906590339,2.3204852267,0.00073148066
48.8955529245,2.3204852267,0.00068467454
48.9004468151,2.3204852267,0.0007098455
48.9053407057,2.3204852267,0.00046821625
48.9102345963,2.3204852267,0.00020204144
48.9151284869,2.3204852267,0.00013209389
48.9200223775,2.3204852267,0.00010271047
48.9249162681,2.3204852267,8.561126e-05
48.9298101587,2.3204852267,6.654633e-05
48.9347040493,2.3204852267,5.5106055e-05
48.9395979399,2.3204852267,4.8925685e-05
48.9444918305,2.3204852267,4.5419998e-05
48.9493857211,2.3204852267,4.5931876e-05
48.9542796117,2.3204852267,2.4113879e-05
48.9591735023,2.3204852267,2.4113879e-05
48.9640673929,2.3204852267,2.4113879e-05
48.9689612835,2.3204852267,2.4113879e-05
48.9738551741,2.3204852267,2.4113879e-05
48.9787490647,2.3204852267,2.4113879e-05
48.7389484253,2.3253791173,6.46088e-05
48.7438423159,2.3253791173,6.46088e-05
48.7487362065,2.3253791173,6.46088e-05
48.7536300971,2.3253791173,6.46088e-05
48.7585239877,2.3253791173,6.46088e-05
48.7634178783,2.3253791173,6.46088e-05
48.7683117689,2.3253791173,6.386578e-05
48.7732056595,2.3253791173,6.9378264e-05
48.7780995501,2.3253791173,8.184594e-05
48.7829934407,2.3253791173,8.688931e-05
48.7878873313,2.3253791173,0.000105908046
48.7927812219,2.3253791173,0.00012370864
48.7976751125,2.3253791173,0.00014461005
48.8025690031,2.3253791173,0.00024166607
48.8074628937,2.3253791173,0.0003142497
48.8123567843,2.3253791173,0.0006993834
48.8172506749,2.3253791173,0.0014965178
48.8221445655,2.3253791173,0.002175645
48.8270384561,2.3253791173,0.0022801189
48.8319323467,2.3253791173,0.0022540207
48.8368262373,2.3253791173,0.0026820116
48.8417201279,2.3253791173,0.0026747112
48.8466140185,2.3253791173,0.002352915
48.8515079091,2.3253791173,0.0016766741
48.8564017997,2.3253791173,0.0016490803
48.8612956903,2.3253791173,0.0015294214
48.8661895809,2.3253791173,0.0016545515
48.8710834715,2.3253791173,0.0019121983
48.8759773621,2.3253791173,0.0020436181
48.8808712527,2.3253791173,0.0017891197
48.8857651433,2.3253791173,0.0011760043
48.8906590339,2.3253791173,0.00058068935
48.8955529245,2.3253791173,0.0006178709
48.9004468151,2.3253791173,0.0006120896
48.9053407057,2.3253791173,0.00041968926
48.9102345963,2.3253791173,0.00015503721
48.9151284869,2.3253791173,8.7702545e-05
48.9200223775,2.3253791173,5.831916e-05
48.9249162681,2.3253791173,4.121996e-05
48.9298101587,2.3253791173,2.215503e-05
48.9347040493,2.3253791173,1.0714762e-05
48.9395979399,2.3253791173,4.5343786e-06
48.9444918305,2.3253791173,1.0286914e-06
48.9493857211,2.3253791173,-1.2167342e-05
48.9542796117,2.3253791173,-1.5386673e-05
48.9591735023,2.3253791173,-1.5386673e-05
48.9640673929,2.3253791173,-1.5386673e-05
48.9689612835,2.3253791173,-1.5386673e-05
48.9738551741,2.3253791173,-1.5386673e-05
48.9787490647,2.3253791173,-1.5386673e-05
48.7389484253,2.3302730079,8.2931976e-05
48.7438423159,2.3302730079,8.2931976e-05
48.7487362065,2.3302730079,8.2931976e-05
48.7536300971,2.3302730079,8.2931976e-05
48.7585239877,2.3302730079,8.2931976e-05
48.7634178783,2.3302730079,8.2931976e-05
48.7683117689,2.3302730079,8.2188926e-05
48.7732056595,2.3302730079,8.770141e-05
48.7780995501,2.3302730079,0.0001001691
48.7829934407,2.3302730079,0.000105212435
48.7878873313,2.3302730079,0.00012423117
48.7927812219,2.3302730079,0.00014203177
48.7976751125,2.3302730079,0.00016293318
48.8025690031,2.3302730079,0.00027730005
48.8074628937,2.3302730079,0.00038407076
48.8123567843,2.3302730079,0.0008072355
48.8172506749,2.3302730079,0.0015623167
48.8221445655,2.3302730079,0.0021508443
48.8270384561,2.3302730079,0.0021634928
48.8319323467,2.3302730079,0.0021373944
48.8368262373,2.3302730079,0.0025653855
48.8417201279,2.3302730079,0.0024756005
48.8466140185,2.3302730079,0.002153804
48.8515079091,2.3302730079,0.0015702638
48.8564017997,2.3302730079,0.0015426697
48.8612956903,2.3302730079,0.0014230108
48.8661895809,2.3302730079,0.0015481409
48.8710834715,2.3302730079,0.0018057877
48.8759773621,2.3302730079,0.0019372079
48.8808712527,2.3302730079,0.0017257769
48.8857651433,2.3302730079,0.0011331155
48.8906590339,2.3302730079,0.00054436404
48.8955529245,2.3302730079,0.00048391713
48.9004468151,2.3302730079,0.00052041427
48.9053407057,2.3302730079,0.00032684454
48.9102345963,2.3302730079,0.00012619785
48.9151284869,2.3302730079,5.8863214e-05
48.9200223775,2.3302730079,2.947981e-05
48.9249162681,2.3302730079,1.2380618e-05
48.9298101587,2.3302730079,-6.6843313e-06
48.9347040493,2.3302730079,-1.8124589e-05
48.9395979399,2.3302730079,-2.313546e-05
48.9444918305,2.3302730079,-2.6641146e-05
48.9493857211,2.3302730079,-3.9837178e-05
48.9542796117,2.3302730079,-4.3056516e-05
48.9591735023,2.3302730079,-4.3056516e-05
48.9640673929,2.3302730079,-4.3056516e-05
48.9689612835,2.3302730079,-4.3056516e-05
48.9738551741,2.3302730079,-4.3056516e-05
48.9787490647,2.3302730079,-4.3056516e-05
48.7389484253,2.3351668985000003,9.535387e-05
48.7438423159,2.3351668985000003,9.535387e-05
48.7487362065,2.3351668985000003,9.535387e-05
48.7536300971,2.3351668985000003,9.535387e-05
48.7585239877,2.3351668985000003,9.535387e-05
48.7634178783,2.3351668985000003,9.535387e-05
48.7683117689,2.3351668985000003,9.4610834e-05
48.7732056595,2.3351668985000003,0.00010012335
48.7780995501,2.3351668985000003,0.00011259103
48.7829934407,2.3351668985000003,0.00011763439
48.7878873313,2.3351668985000003,0.00013665309
48.7927812219,2.3351668985000003,0.0001544537
48.7976751125,2.3351668985000003,0.00018564439
48.8025690031,2.3351668985000003,0.00030001116
48.8074628937,2.3351668985000003,0.00048708203
48.8123567843,2.3351668985000003,0.00095405604
48.8172506749,2.3351668985000003,0.0015099217
48.8221445655,2.3351668985000003,0.0019704776
48.8270384561,2.3351668985000003,0.0019831264
48.8319323467,2.3351668985000003,0.0019253385
48.8368262373,2.3351668985000003,0.0022406494
48.8417201279,2.3351668985000003,0.0020931335
48.8466140185,2.3351668985000003,0.0019032793
48.8515079091,2.3351668985000003,0.0014803334
48.8564017997,2.3351668985000003,0.0014527398
48.8612956903,2.3351668985000003,0.0013330809
48.8661895809,2.3351668985000003,0.0014582105
48.8710834715,2.3351668985000003,0.0015793236
48.8759773621,2.3351668985000003,0.0014365163
48.8808712527,2.3351668985000003,0.0014385649
48.8857651433,2.3351668985000003,0.00084590254
48.8906590339,2.3351668985000003,0.00036891233
48.8955529245,2.3351668985000003,0.0003661945
48.9004468151,2.3351668985000003,0.00047230875
48.9053407057,2.3351668985000003,0.00028270163
48.9102345963,2.3351668985000003,0.0001287802
48.9151284869,2.3351668985000003,8.233654e-05
48.9200223775,2.3351668985000003,5.2953113e-05
48.9249162681,2.3351668985000003,3.620416e-05
48.9298101587,2.3351668985000003,1.317668e-05
48.9347040493,2.3351668985000003,1.7364274e-06
48.9395979399,2.3351668985000003,-3.2744397e-06
48.9444918305,2.3351668985000003,-6.7801247e-06
48.9493857211,2.3351668985000003,-1.9976158e-05
48.9542796117,2.3351668985000003,-2.3195496e-05
48.9591735023,2.3351668985000003,-2.3195496e-05
48.9640673929,2.3351668985000003,-2.3195496e-05
48.9689612835,2.3351668985000003,-2.3195496e-05
48.9738551741,2.3351668985000003,-2.3195496e-05
48.9787490647,2.3351668985000003,-2.3195496e-05
48.7389484253,2.3400607891000003,0.00011616029
48.7438423159,2.3400607891000003,0.00011616029
48.7487362065,2.3400607891000003,0.00011616029
48.7536300971,2.3400607891000003,0.00011616029
48.7585239877,2.3400607891000003,0.00011616029
48.7634178783,2.3400607891000003,0.00011616029
48.7683117689,2.3400607891000003,0.00011541726
48.7732056595,2.3400607891000003,0.000120929755
48.7780995501,2.3400607891000003,0.00013339747
48.7829934407,2.3400607891000003,0.00013844084
48.7878873313,2.3400607891000003,0.00015745952
48.7927812219,2.3400607891000003,0.00017526015
48.7976751125,2.3400607891000003,0.00021692691
48.8025690031,2.3400607891000003,0.0003312936
48.8074628937,2.3400607891000003,0.00051836454
48.8123567843,2.3400607891000003,0.0009832587
48.8172506749,2.3400607891000003,0.0014881426
48.8221445655,2.3400607891000003,0.0018391542
48.8270384561,2.3400607891000003,0.0018518021
48.8319323467,2.3400607891000003,0.0017940146
48.8368262373,2.3400607891000003,0.0019345211
48.8417201279,2.3400607891000003,0.0017870044
48.8466140185,2.3400607891000003,0.0016388133
48.8515079091,2.3400607891000003,0.0014675367
48.8564017997,2.3400607891000003,0.0014399431
48.8612956903,2.3400607891000003,0.0013202842
48.8661895809,2.3400607891000003,0.0014127038
48.8710834715,2.3400607891000003,0.0014540867
48.8759773621,2.3400607891000003,0.0013112791
48.8808712527,2.3400607891000003,0.0013930581
48.8857651433,2.3400607891000003,0.0007728306
48.8906590339,2.3400607891000003,0.00029584064
48.8955529245,2.3400607891000003,0.00029312275
48.9004468151,2.3400607891000003,0.00042870722
48.9053407057,2.3400607891000003,0.00028825446
48.9102345963,2.3400607891000003,0.00011919821
48.9151284869,2.3400607891000003,7.275455e-05
48.9200223775,2.3400607891000003,4.337111e-05
48.9249162681,2.3400607891000003,2.0028192e-05
48.9298101587,2.3400607891000003,-2.9992716e-06
48.9347040493,2.3400607891000003,-1.4439541e-05
48.9395979399,2.3400607891000003,-1.9450403e-05
48.9444918305,2.3400607891000003,-2.2956088e-05
48.9493857211,2.3400607891000003,-3.6152116e-05
48.9542796117,2.3400607891000003,-3.9371454e-05
48.9591735023,2.3400607891000003,-3.9371454e-05
48.9640673929,2.3400607891000003,-3.9371454e-05
48.9689612835,2.3400607891000003,-3.9371454e-05
48.9738551741,2.3400607891000003,-3.9371454e-05
48.9787490647,2.3400607891000003,-3.9371454e-05
48.7389484253,2.3449546797000003,2.7609103e-05
48.7438423159,2.3449546797000003,2.7609103e-05
48.7487362065,2.3449546797000003,2.7609103e-05
48.7536300971,2.3449546797000003,2.7609103e-05
48.7585239877,2.3449546797000003,2.7609103e-05
48.7634178783,2.3449546797000003,2.7609103e-05
48.7683117689,2.3449546797000003,2.6866064e-05
48.7732056595,2.3449546797000003,3.237856e-05
48.7780995501,2.3449546797000003,4.4846256e-05
48.7829934407,2.3449546797000003,4.9889626e-05
48.7878873313,2.3449546797000003,6.890831e-05
48.7927812219,2.3449546797000003,8.67089e-05
48.7976751125,2.3449546797000003,0.00012837556
48.8025690031,2.3449546797000003,0.0002427423
48.8074628937,2.3449546797000003,0.00042981334
48.8123567843,2.3449546797000003,0.0008514855
48.8172506749,2.3449546797000003,0.0012144663
48.8221445655,2.3449546797000003,0.0014344119
48.8270384561,2.3449546797000003,0.001457198
48.8319323467,2.3449546797000003,0.0013994108
48.8368262373,2.3449546797000003,0.001601216
48.8417201279,2.3449546797000003,0.0013887907
48.8466140185,2.3449546797000003,0.0013662127
48.8515079091,2.3449546797000003,0.0012953377
48.8564017997,2.3449546797000003,0.0012731149
48.8612956903,2.3449546797000003,0.001153456
48.8661895809,2.3449546797000003,0.001239282
48.8710834715,2.3449546797000003,0.0012806643
48.8759773621,2.3449546797000003,0.0012098774
48.8808712527,2.3449546797000003,0.0012916558
48.8857651433,2.3449546797000003,0.0007082768
48.8906590339,2.3449546797000003,0.00029254064
48.8955529245,2.3449546797000003,0.0003072518
48.9004468151,2.3449546797000003,0.00044765437
48.9053407057,2.3449546797000003,0.0002873106
48.9102345963,2.3449546797000003,0.0001182544
48.9151284869,2.3449546797000003,6.306214e-05
48.9200223775,2.3449546797000003,3.3678687e-05
48.9249162681,2.3449546797000003,1.0335797e-05
48.9298101587,2.3449546797000003,-1.2691692e-05
48.9347040493,2.3449546797000003,-2.0201249e-05
48.9395979399,2.3449546797000003,-2.5212108e-05
48.9444918305,2.3449546797000003,-3.0280642e-05
48.9493857211,2.3449546797000003,-4.347668e-05
48.9542796117,2.3449546797000003,-4.6696015e-05
48.9591735023,2.3449546797000003,-4.6696015e-05
48.9640673929,2.3449546797000003,-4.6696015e-05
48.9689612835,2.3449546797000003,-4.6696015e-05
48.9738551741,2.3449546797000003,-4.6696015e-05
48.9787490647,2.3449546797000003,-4.6696015e-05
48.7389484253,2.3498485703,2.336173e-05
48.7438423159,2.3498485703,2.336173e-05
48.7487362065,2.3498485703,2.336173e-05
48.7536300971,2.3498485703,2.336173e-05
48.7585239877,2.3498485703,2.336173e-05
48.7634178783,2.3498485703,2.336173e-05
48.7683117689,2.3498485703,2.2618684e-05
48.7732056595,2.3498485703,2.81312e-05
48.7780995501,2.3498485703,4.059887e-05
48.7829934407,2.3498485703,4.5642228e-05
48.7878873313,2.3498485703,6.4660955e-05
48.7927812219,2.3498485703,8.246154e-05
48.7976751125,2.3498485703,0.0001241282
48.8025690031,2.3498485703,0.00023849502
48.8074628937,2.3498485703,0.000425566
48.8123567843,2.3498485703,0.0008267937
48.8172506749,2.3498485703,0.0011476184
48.8221445655,2.3498485703,0.0013151817
48.8270384561,2.3498485703,0.0013458022
48.8319323467,2.3498485703,0.00126634
48.8368262373,2.3498485703,0.0014681455
48.8417201279,2.3498485703,0.0013138958
48.8466140185,2.3498485703,0.0013231805
48.8515079091,2.3498485703,0.0013772314
48.8564017997,2.3498485703,0.0013550089
48.8612956903,2.3498485703,0.0013467205
48.8661895809,2.3498485703,0.0014325458
48.8710834715,2.3498485703,0.0014649786
48.8759773621,2.3498485703,0.0013791037
48.8808712527,2.3498485703,0.0014859602
48.8857651433,2.3498485703,0.0008416114
48.8906590339,2.3498485703,0.00034083734
48.8955529245,2.3498485703,0.00028384945
48.9004468151,2.3498485703,0.0003860594
48.9053407057,2.3498485703,0.00026292854
48.9102345963,2.3498485703,0.000102688806
48.9151284869,2.3498485703,4.1497467e-05
48.9200223775,2.3498485703,-1.1112276e-06
48.9249162681,2.3498485703,-2.4454155e-05
48.9298101587,2.3498485703,-4.7481637e-05
48.9347040493,2.3498485703,-5.4991197e-05
48.9395979399,2.3498485703,-6.285162e-05
48.9444918305,2.3498485703,-7.110579e-05
48.9493857211,2.3498485703,-8.430182e-05
48.9542796117,2.3498485703,-8.752117e-05
48.9591735023,2.3498485703,-8.752117e-05
48.9640673929,2.3498485703,-8.752117e-05
48.9689612835,2.3498485703,-8.752117e-05
48.9738551741,2.3498485703,-8.752117e-05
48.9787490647,2.3498485703,-8.752117e-05
48.7389484253,2.3547424609,-1.0727044e-05
48.7438423159,2.3547424609,-1.0727044e-05
48.7487362065,2.3547424609,-1.0727044e-05
48.7536300971,2.3547424609,-1.0727044e-05
48.7585239877,2.3547424609,-1.0727044e-05
48.7634178783,2.3547424609,-1.0727044e-05
48.7683117689,2.3547424609,-1.1470098e-05
48.7732056595,2.3547424609,-8.353616e-06
48.7780995501,2.3547424609,4.114109e-06
48.7829934407,2.3547424609,9.157469e-06
48.7878873313,2.3547424609,2.817617e-05
48.7927812219,2.3547424609,4.5976736e-05
48.7976751125,2.3547424609,8.76434e-05
48.8025690031,2.3547424609,0.00020201011
48.8074628937,2.3547424609,0.00036106748
48.8123567843,2.3547424609,0.0007166984
48.8172506749,2.3547424609,0.0008641453
48.8221445655,2.3547424609,0.0010399601
48.8270384561,2.3547424609,0.0010800712
48.8319323467,2.3547424609,0.0010548527
48.8368262373,2.3547424609,0.0012584699
48.8417201279,2.3547424609,0.0011042204
48.8466140185,2.3547424609,0.0011135053
48.8515079091,2.3547424609,0.0011629576
48.8564017997,2.3547424609,0.0011407349
48.8612956903,2.3547424609,0.0011324465
48.8661895809,2.3547424609,0.0012761597
48.8710834715,2.3547424609,0.0014099382
48.8759773621,2.3547424609,0.0016726373
48.8808712527,2.3547424609,0.0017251046
48.8857651433,2.3547424609,0.001020442
48.8906590339,2.3547424609,0.0005565987
48.8955529245,2.3547424609,0.0003985341
48.9004468151,2.3547424609,0.00044931966
48.9053407057,2.3547424609,0.00031879032
48.9102345963,2.3547424609,0.00012336181
48.9151284869,2.3547424609,6.217048e-05
48.9200223775,2.3547424609,2.1088425e-05
48.9249162681,2.3547424609,-2.2545123e-06
48.9298101587,2.3547424609,-2.5281966e-05
48.9347040493,2.3547424609,-3.2791544e-05
48.9395979399,2.3547424609,-4.0651987e-05
48.9444918305,2.3547424609,-4.8777863e-05
48.9493857211,2.3547424609,-6.19739e-05
48.9542796117,2.3547424609,-6.519324e-05
48.9591735023,2.3547424609,-6.519324e-05
48.9640673929,2.3547424609,-6.519324e-05
48.9689612835,2.3547424609,-6.519324e-05
48.9738551741,2.3547424609,-6.519324e-05
48.9787490647,2.3547424609,-6.519324e-05
48.7389484253,2.3596363515,9.394e-07
48.7438423159,2.3596363515,9.394e-07
48.7487362065,2.3596363515,9.394e-07
48.7536300971,2.3596363515,9.394e-07
48.7585239877,2.3596363515,9.394e-07
48.7634178783,2.3596363515,9.394e-07
48.7683117689,2.3596363515,1.9634103e-07
48.7732056595,2.3596363515,3.312833e-06
48.7780995501,2.3596363515,1.5780546e-05
48.7829934407,2.3596363515,2.0823902e-05
48.7878873313,2.3596363515,3.984261e-05
48.7927812219,2.3596363515,5.7643174e-05
48.7976751125,2.3596363515,9.930979e-05
48.8025690031,2.3596363515,0.00021367666
48.8074628937,2.3596363515,0.00037273386
48.8123567843,2.3596363515,0.0007283649
48.8172506749,2.3596363515,0.00090524356
48.8221445655,2.3596363515,0.0010810584
48.8270384561,2.3596363515,0.0012083953
48.8319323467,2.3596363515,0.0011831769
48.8368262373,2.3596363515,0.001386794
48.8417201279,2.3596363515,0.0012325445
48.8466140185,2.3596363515,0.0012418292
48.8515079091,2.3596363515,0.0012618494
48.8564017997,2.3596363515,0.0011827701
48.8612956903,2.3596363515,0.0011744817
48.8661895809,2.3596363515,0.0013181953
48.8710834715,2.3596363515,0.001451974
48.8759773621,2.3596363515,0.0017146728
48.8808712527,2.3596363515,0.0017671403
48.8857651433,2.3596363515,0.0010321084
48.8906590339,2.3596363515,0.0005682652
48.8955529245,2.3596363515,0.00041020065
48.9004468151,2.3596363515,0.0004609861
48.9053407057,2.3596363515,0.00032386283
48.9102345963,2.3596363515,0.0001284343
48.9151284869,2.3596363515,6.7242945e-05
48.9200223775,2.3596363515,2.6160931e-05
48.9249162681,2.3596363515,9.411935e-06
48.9298101587,2.3596363515,-1.3615543e-05
48.9347040493,2.3596363515,-2.112511e-05
48.9395979399,2.3596363515,-2.8985542e-05
48.9444918305,2.3596363515,-3.7111426e-05
48.9493857211,2.3596363515,-5.0307473e-05
48.9542796117,2.3596363515,-5.3526815e-05
48.9591735023,2.3596363515,-5.3526815e-05
48.9640673929,2.3596363515,-5.3526815e-05
48.9689612835,2.3596363515,-5.3526815e-05
48.9738551741,2.3596363515,-5.3526815e-05
48.9787490647,2.3596363515,-5.3526815e-05
48.7389484253,2.3645302421,2.5285553e-05
48.7438423159,2.3645302421,2.5285553e-05
48.7487362065,2.3645302421,2.5285553e-05
48.7536300971,2.3645302421,2.5285553e-05
48.7585239877,2.3645302421,2.5285553e-05
48.7634178783,2.3645302421,2.5285553e-05
48.7683117689,2.3645302421,3.5155288e-05
48.7732056595,2.3645302421,3.827177e-05
48.7780995501,2.3645302421,5.0739483e-05
48.7829934407,2.3645302421,5.578285e-05
48.7878873313,2.3645302421,7.480154e-05
48.7927812219,2.3645302421,9.260211e-05
48.7976751125,2.3645302421,0.00013426873
48.8025690031,2.3645302421,0.00024863554
48.8074628937,2.3645302421,0.00039791825
48.8123567843,2.3645302421,0.00075354916
48.8172506749,2.3645302421,0.0009186944
48.8221445655,2.3645302421,0.0011523016
48.8270384561,2.3645302421,0.0012863622
48.8319323467,2.3645302421,0.0012611437
48.8368262373,2.3645302421,0.0019477552
48.8417201279,2.3645302421,0.0019697081
48.8466140185,2.3645302421,0.0019789934
48.8515079091,2.3645302421,0.0012363621
48.8564017997,2.3645302421,0.0011572826
48.8612956903,2.3645302421,0.001136371
48.8661895809,2.3645302421,0.0012379623
48.8710834715,2.3645302421,0.0013712377
48.8759773621,2.3645302421,0.0016049832
48.8808712527,2.3645302421,0.0016614329
48.8857651433,2.3645302421,0.0009623187
48.8906590339,2.3645302421,0.0005866169
48.8955529245,2.3645302421,0.00042855242
48.9004468151,2.3645302421,0.00043218187
48.9053407057,2.3645302421,0.00027411815
48.9102345963,2.3645302421,8.683947e-05
48.9151284869,2.3645302421,3.0491557e-05
48.9200223775,2.3645302421,-1.0590474e-05
48.9249162681,2.3645302421,-2.7339456e-05
48.9298101587,2.3645302421,-4.5723886e-05
48.9347040493,2.3645302421,-5.3233452e-05
48.9395979399,2.3645302421,-6.109387e-05
48.9444918305,2.3645302421,-6.921977e-05
48.9493857211,2.3645302421,-7.306503e-05
48.9542796117,2.3645302421,-7.628438e-05
48.9591735023,2.3645302421,-7.628438e-05
48.9640673929,2.3645302421,-7.628438e-05
48.9689612835,2.3645302421,-7.628438e-05
48.9738551741,2.3645302421,-7.628438e-05
48.9787490647,2.3645302421,-7.628438e-05
48.7389484253,2.3694241327,5.9453934e-05
48.7438423159,2.3694241327,5.9453934e-05
48.7487362065,2.3694241327,5.9453934e-05
48.7536300971,2.3694241327,5.9453934e-05
48.7585239877,2.3694241327,5.9453934e-05
48.7634178783,2.3694241327,5.9453934e-05
48.7683117689,2.3694241327,6.932365e-05
48.7732056595,2.3694241327,7.244013e-05
48.7780995501,2.3694241327,8.490785e-05
48.7829934407,2.3694241327,8.995122e-05
48.7878873313,2.3694241327,0.00010896992
48.7927812219,2.3694241327,0.0001267705
48.7976751125,2.3694241327,0.0001684371
48.8025690031,2.3694241327,0.0002695412
48.8074628937,2.3694241327,0.00039406796
48.8123567843,2.3694241327,0.00070305745
48.8172506749,2.3694241327,0.0009047678
48.8221445655,2.3694241327,0.0011383747
48.8270384561,2.3694241327,0.0013540809
48.8319323467,2.3694241327,0.0014336334
48.8368262373,2.3694241327,0.0023493813
48.8417201279,2.3694241327,0.0027683082
48.8466140185,2.3694241327,0.0027642034
48.8515079091,2.3694241327,0.0013210874
48.8564017997,2.3694241327,0.0010123956
48.8612956903,2.3694241327,0.0008999391
48.8661895809,2.3694241327,0.00087783346
48.8710834715,2.3694241327,0.0009089468
48.8759773621,2.3694241327,0.0007286158
48.8808712527,2.3694241327,0.0010024977
48.8857651433,2.3694241327,0.0009026848
48.8906590339,2.3694241327,0.00068599486
48.8955529245,2.3694241327,0.00052793033
48.9004468151,2.3694241327,0.0005155519
48.9053407057,2.3694241327,0.00034355864
48.9102345963,2.3694241327,0.00014980648
48.9151284869,2.3694241327,9.345846e-05
48.9200223775,2.3694241327,5.2376403e-05
48.9249162681,2.3694241327,3.5627425e-05
48.9298101587,2.3694241327,1.7243014e-05
48.9347040493,2.3694241327,9.733464e-06
48.9395979399,2.3694241327,1.8730418e-06
48.9444918305,2.3694241327,-6.252846e-06
48.9493857211,2.3694241327,-1.0098113e-05
48.9542796117,2.3694241327,-1.3317457e-05
48.9591735023,2.3694241327,-1.3317457e-05
48.9640673929,2.3694241327,-1.3317457e-05
48.9689612835,2.3694241327,-1.3317457e-05
48.9738551741,2.3694241327,-1.3317457e-05
48.9787490647,2.3694241327,-1.3317457e-05
48.7389484253,2.3743180233,2.7465583e-05
48.7438423159,2.3743180233,2.7465583e-05
48.7487362065,2.3743180233,2.7465583e-05
48.7536300971,2.3743180233,2.7465583e-05
48.7585239877,2.3743180233,2.7465583e-05
48.7634178783,2.3743180233,2.7465583e-05
48.7683117689,2.3743180233,3.0903975e-05
48.7732056595,2.3743180233,3.4020457e-05
48.7780995501,2.3743180233,4.648816e-05
48.7829934407,2.3743180233,5.1531515e-05
48.7878873313,2.3743180233,7.055021e-05
48.7927812219,2.3743180233,8.835079e-05
48.7976751125,2.3743180233,0.00013001742
48.8025690031,2.3743180233,0.0001944033
48.8074628937,2.3743180233,0.00029295444
48.8123567843,2.3743180233,0.00039090234
48.8172506749,2.3743180233,0.0007145293
48.8221445655,2.3743180233,0.0011749514
48.8270384561,2.3743180233,0.0014035705
48.8319323467,2.3743180233,0.0014796059
48.8368262373,2.3743180233,0.0023953542
48.8417201279,2.3743180233,0.002814281
48.8466140185,2.3743180233,0.0027147406
48.8515079091,2.3743180233,0.0012716245
48.8564017997,2.3743180233,0.00096293335
48.8612956903,2.3743180233,0.000850476
48.8661895809,2.3743180233,0.0007645702
48.8710834715,2.3743180233,0.00075942464
48.8759773621,2.3743180233,0.0006149228
48.8808712527,2.3743180233,0.0008888047
48.8857651433,2.3743180233,0.0008651455
48.8906590339,2.3743180233,0.0006484554
48.8955529245,2.3743180233,0.00045456173
48.9004468151,2.3743180233,0.0004886929
48.9053407057,2.3743180233,0.00033861972
48.9102345963,2.3743180233,0.00014486759
48.9151284869,2.3743180233,8.8519555e-05
48.9200223775,2.3743180233,4.743754e-05
48.9249162681,2.3743180233,3.068855e-05
48.9298101587,2.3743180233,1.2304155e-05
48.9347040493,2.3743180233,4.7945878e-06
48.9395979399,2.3743180233,-3.0658477e-06
48.9444918305,2.3743180233,-1.1191741e-05
48.9493857211,2.3743180233,-1.5036984e-05
48.9542796117,2.3743180233,-1.8256329e-05
48.9591735023,2.3743180233,-1.8256329e-05
48.9640673929,2.3743180233,-1.8256329e-05
48.9689612835,2.3743180233,-1.8256329e-05
48.9738551741,2.3743180233,-1.8256329e-05
48.9787490647,2.3743180233,-1.8256329e-05
48.7389484253,2.3792119139,1.78468e-05
48.7438423159,2.3792119139,1.78468e-05
48.7487362065,2.3792119139,1.78468e-05
48.7536300971,2.3792119139,1.78468e-05
48.7585239877,2.3792119139,1.78468e-05
48.7634178783,2.3792119139,1.78468e-05
48.7683117689,2.3792119139,2.1285188e-05
48.7732056595,2.3792119139,2.2485016e-05
48.7780995501,2.3792119139,3.4952733e-05
48.7829934407,2.3792119139,3.9996085e-05
48.7878873313,2.3792119139,5.1748717e-05
48.7927812219,2.3792119139,6.954929e-05
48.7976751125,2.3792119139,0.0001065057
48.8025690031,2.3792119139,0.00016191923
48.8074628937,2.3792119139,0.00017137344
48.8123567843,2.3792119139,0.00026122358
48.8172506749,2.3792119139,0.0005867005
48.8221445655,2.3792119139,0.0010772228
48.8270384561,2.3792119139,0.0013269502
48.8319323467,2.3792119139,0.0014495398
48.8368262373,2.3792119139,0.002365288
48.8417201279,2.3792119139,0.002784215
48.8466140185,2.3792119139,0.0026846745
48.8515079091,2.3792119139,0.0011381715
48.8564017997,2.3792119139,0.00067225884
48.8612956903,2.3792119139,0.0005598018
48.8661895809,2.3792119139,0.00043569595
48.8710834715,2.3792119139,0.0004367863
48.8759773621,2.3792119139,0.0002922843
48.8808712527,2.3792119139,0.00056616636
48.8857651433,2.3792119139,0.0006425746
48.8906590339,2.3792119139,0.00047470335
48.8955529245,2.3792119139,0.00036415958
48.9004468151,2.3792119139,0.0004609341
48.9053407057,2.3792119139,0.00028951632
48.9102345963,2.3792119139,9.576399e-05
48.9151284869,2.3792119139,3.9416096e-05
48.9200223775,2.3792119139,-1.6659362e-06
48.9249162681,2.3792119139,-1.8414934e-05
48.9298101587,2.3792119139,-3.679936e-05
48.9347040493,2.3792119139,-4.4308923e-05
48.9395979399,2.3792119139,-5.2169373e-05
48.9444918305,2.3792119139,-5.873239e-05
48.9493857211,2.3792119139,-6.2577645e-05
48.9542796117,2.3792119139,-6.5797e-05
48.9591735023,2.3792119139,-6.5797e-05
48.9640673929,2.3792119139,-6.5797e-05
48.9689612835,2.3792119139,-6.5797e-05
48.9738551741,2.3792119139,-6.5797e-05
48.9787490647,2.3792119139,-6.5797e-05
48.7389484253,2.3841058045,1.0882345e-05
48.7438423159,2.3841058045,1.0882345e-05
48.7487362065,2.3841058045,1.0882345e-05
48.7536300971,2.3841058045,1.0882345e-05
48.7585239877,2.3841058045,1.0882345e-05
48.7634178783,2.3841058045,1.0882345e-05
48.7683117689,2.3841058045,1.432073e-05
48.7732056595,2.3841058045,1.5520558e-05
48.7780995501,2.3841058045,2.7988277e-05
48.7829934407,2.3841058045,3.3031625e-05
48.7878873313,2.3841058045,4.4784283e-05
48.7927812219,2.3841058045,6.258485e-05
48.7976751125,2.3841058045,9.954127e-05
48.8025690031,2.3841058045,0.00015016673
48.8074628937,2.3841058045,0.00015962093
48.8123567843,2.3841058045,0.00023722768
48.8172506749,2.3841058045,0.0003825919
48.8221445655,2.3841058045,0.00082515477
48.8270384561,2.3841058045,0.00127824
48.8319323467,2.3841058045,0.0014085711
48.8368262373,2.3841058045,0.002141912
48.8417201279,2.3841058045,0.002229798
48.8466140185,2.3841058045,0.0021302574
48.8515079091,2.3841058045,0.00096407457
48.8564017997,2.3841058045,0.00029586832
48.8612956903,2.3841058045,0.00012532248
48.8661895809,2.3841058045,4.8013262e-05
48.8710834715,2.3841058045,0.00018146345
48.8759773621,2.3841058045,2.747296e-05
48.8808712527,2.3841058045,0.00022911557
48.8857651433,2.3841058045,0.0004675729
48.8906590339,2.3841058045,0.00048221232
48.8955529245,2.3841058045,0.00038085095
48.9004468151,2.3841058045,0.0003698591
48.9053407057,2.3841058045,0.00027424959
48.9102345963,2.3841058045,8.0497135e-05
48.9151284869,2.3841058045,2.4149287e-05
48.9200223775,2.3841058045,-4.0269415e-06
48.9249162681,2.3841058045,-2.0775928e-05
48.9298101587,2.3841058045,-3.916034e-05
48.9347040493,2.3841058045,-4.6669913e-05
48.9395979399,2.3841058045,-5.1680756e-05
48.9444918305,2.3841058045,-5.5058204e-05
48.9493857211,2.3841058045,-5.890349e-05
48.9542796117,2.3841058045,-6.2122825e-05
48.9591735023,2.3841058045,-6.2122825e-05
48.9640673929,2.3841058045,-6.2122825e-05
48.9689612835,2.3841058045,-6.2122825e-05
48.9738551741,2.3841058045,-6.2122825e-05
48.9787490647,2.3841058045,-6.2122825e-05
48.7389484253,2.3889996951,-2.0689371e-05
48.7438423159,2.3889996951,-2.0689371e-05
48.7487362065,2.3889996951,-2.0689371e-05
48.7536300971,2.3889996951,-2.0689371e-05
48.7585239877,2.3889996951,-2.0689371e-05
48.7634178783,2.3889996951,-2.0689371e-05
48.7683117689,2.3889996951,-1.7250983e-05
48.7732056595,2.3889996951,-1.6051148e-05
48.7780995501,2.3889996951,-3.583453e-06
48.7829934407,2.3889996951,1.4599095e-06
48.7878873313,2.3889996951,1.05927675e-05
48.7927812219,2.3889996951,2.8393373e-05
48.7976751125,2.3889996951,5.626756e-05
48.8025690031,2.3889996951,0.00010689297
48.8074628937,2.3889996951,0.00011634716
48.8123567843,2.3889996951,0.00018419072
48.8172506749,2.3889996951,0.0002639796
48.8221445655,2.3889996951,0.0006250178
48.8270384561,2.3889996951,0.0011832061
48.8319323467,2.3889996951,0.0012471053
48.8368262373,2.3889996951,0.0015929828
48.8417201279,2.3889996951,0.0015698072
48.8466140185,2.3889996951,0.0015134022
48.8515079091,2.3889996951,0.0006844556
48.8564017997,2.3889996951,0.00018157797
48.8612956903,2.3889996951,-1.4646869e-05
48.8661895809,2.3889996951,-4.216165e-05
48.8710834715,2.3889996951,7.99326e-05
48.8759773621,2.3889996951,1.3660006e-05
48.8808712527,2.3889996951,0.00016648213
48.8857651433,2.3889996951,0.00021803776
48.8906590339,2.3889996951,0.00040744068
48.8955529245,2.3889996951,0.00030608004
48.9004468151,2.3889996951,0.0002546277
48.9053407057,2.3889996951,0.00024585833
48.9102345963,2.3889996951,5.2105825e-05
48.9151284869,2.3889996951,-4.2420324e-06
48.9200223775,2.3889996951,-3.2418273e-05
48.9249162681,2.3889996951,-4.916726e-05
48.9298101587,2.3889996951,-6.755171e-05
48.9347040493,2.3889996951,-7.899199e-05
48.9395979399,2.3889996951,-8.124394e-05
48.9444918305,2.3889996951,-8.462139e-05
48.9493857211,2.3889996951,-8.8466644e-05
48.9542796117,2.3889996951,-9.168597e-05
48.9591735023,2.3889996951,-9.168597e-05
48.9640673929,2.3889996951,-9.168597e-05
48.9689612835,2.3889996951,-9.168597e-05
48.9738551741,2.3889996951,-9.168597e-05
48.9787490647,2.3889996951,-9.168597e-05
48.7389484253,2.3938935857,-2.7567863e-05
48.7438423159,2.3938935857,-2.7567863e-05
48.7487362065,2.3938935857,-2.7567863e-05
48.7536300971,2.3938935857,-2.7567863e-05
48.7585239877,2.3938935857,-2.7567863e-05
48.7634178783,2.3938935857,-2.7567863e-05
48.7683117689,2.3938935857,-2.4129473e-05
48.7732056595,2.3938935857,-2.2929642e-05
48.7780995501,2.3938935857,-1.0461958e-05
48.7829934407,2.3938935857,-5.418596e-06
48.7878873313,2.3938935857,3.714276e-06
48.7927812219,2.3938935857,1.838807e-05
48.7976751125,2.3938935857,3.7831574e-05
48.8025690031,2.3938935857,8.845698e-05
48.8074628937,2.3938935857,8.967874e-05
48.8123567843,2.3938935857,0.00012897041
48.8172506749,2.3938935857,0.00021618872
48.8221445655,2.3938935857,0.0006057787
48.8270384561,2.3938935857,0.0010681149
48.8319323467,2.3938935857,0.0010659785
48.8368262373,2.3938935857,0.0010875128
48.8417201279,2.3938935857,0.0010503383
48.8466140185,2.3938935857,0.0009939333
48.8515079091,2.3938935857,0.00062097004
48.8564017997,2.3938935857,0.00018760236
48.8612956903,2.3938935857,-4.9775343e-05
48.8661895809,2.3938935857,-7.729014e-05
48.8710834715,2.3938935857,3.2312928e-05
48.8759773621,2.3938935857,3.345453e-05
48.8808712527,2.3938935857,0.00012323537
48.8857651433,2.3938935857,0.00014917682
48.8906590339,2.3938935857,0.00032860285
48.8955529245,2.3938935857,0.00024378776
48.9004468151,2.3938935857,0.00031955913
48.9053407057,2.3938935857,0.0002654399
48.9102345963,2.3938935857,7.168754e-05
48.9151284869,2.3938935857,-9.808099e-08
48.9200223775,2.3938935857,-2.8274322e-05
48.9249162681,2.3938935857,-4.502329e-05
48.9298101587,2.3938935857,-5.8876867e-05
48.9347040493,2.3938935857,-7.031714e-05
48.9395979399,2.3938935857,-7.031714e-05
48.9444918305,2.3938935857,-7.3694566e-05
48.9493857211,2.3938935857,-7.753982e-05
48.9542796117,2.3938935857,-8.075918e-05
48.9591735023,2.3938935857,-8.075918e-05
48.9640673929,2.3938935857,-8.075918e-05
48.9689612835,2.3938935857,-8.075918e-05
48.9738551741,2.3938935857,-8.075918e-05
48.9787490647,2.3938935857,-8.075918e-05
48.7389484253,2.3987874763,-5.289185e-05
48.7438423159,2.3987874763,-5.289185e-05
48.7487362065,2.3987874763,-5.289185e-05
48.7536300971,2.3987874763,-5.289185e-05
48.7585239877,2.3987874763,-5.289185e-05
48.7634178783,2.3987874763,-5.289185e-05
48.7683117689,2.3987874763,-4.9453458e-05
48.7732056595,2.3987874763,-4.8253634e-05
48.7780995501,2.3987874763,-3.5785924e-05
48.7829934407,2.3987874763,-3.0742565e-05
48.7878873313,2.3987874763,-2.1609694e-05
48.7927812219,2.3987874763,-6.9359144e-06
48.7976751125,2.3987874763,1.2507605e-05
48.8025690031,2.3987874763,6.313303e-05
48.8074628937,2.3987874763,6.435476e-05
48.8123567843,2.3987874763,0.000117470496
48.8172506749,2.3987874763,0.00020468887
48.8221445655,2.3987874763,0.000643267
48.8270384561,2.3987874763,0.0011298751
48.8319323467,2.3987874763,0.0010816905
48.8368262373,2.3987874763,0.0011032248
48.8417201279,2.3987874763,0.0010660501
48.8466140185,2.3987874763,0.0010096452
48.8515079091,2.3987874763,0.0007505603
48.8564017997,2.3987874763,0.00032335904
48.8612956903,2.3987874763,8.5980995e-05
48.8661895809,2.3987874763,3.3904365e-05
48.8710834715,2.3987874763,0.00014652018
48.8759773621,2.3987874763,0.00017199479
48.8808712527,2.3987874763,0.000258763
48.8857651433,2.3987874763,0.00028393767
48.8906590339,2.3987874763,0.00031406715
48.8955529245,2.3987874763,0.0002736402
48.9004468151,2.3987874763,0.00037995822
48.9053407057,2.3987874763,0.00025634732
48.9102345963,2.3987874763,8.3262166e-05
48.9151284869,2.3987874763,1.8777771e-05
48.9200223775,2.3987874763,5.852484e-07
48.9249162681,2.3987874763,-1.1253621e-05
48.9298101587,2.3987874763,-2.5107145e-05
48.9347040493,2.3987874763,-3.654745e-05
48.9395979399,2.3987874763,-3.654745e-05
48.9444918305,2.3987874763,-3.9924893e-05
48.9493857211,2.3987874763,-4.3770135e-05
48.9542796117,2.3987874763,-4.6989477e-05
48.9591735023,2.3987874763,-4.6989477e-05
48.9640673929,2.3987874763,-4.6989477e-05
48.9689612835,2.3987874763,-4.6989477e-05
48.9738551741,2.3987874763,-4.6989477e-05
48.9787490647,2.3987874763,-4.6989477e-05
48.7389484253,2.4036813669,-5.905369e-05
48.7438423159,2.4036813669,-5.905369e-05
48.7487362065,2.4036813669,-5.905369e-05
48.7536300971,2.4036813669,-5.905369e-05
48.7585239877,2.4036813669,-5.905369e-05
48.7634178783,2.4036813669,-5.905369e-05
48.7683117689,2.4036813669,-5.5615303e-05
48.7732056595,2.4036813669,-5.441547e-05
48.7780995501,2.4036813669,-4.194777e-05
48.7829934407,2.4036813669,-3.6904417e-05
48.7878873313,2.4036813669,-2.7771543e-05
48.7927812219,2.4036813669,-1.3097752e-05
48.7976751125,2.4036813669,6.3457574e-06
48.8025690031,2.4036813669,5.697119e-05
48.8074628937,2.4036813669,4.528526e-05
48.8123567843,2.4036813669,9.8400975e-05
48.8172506749,2.4036813669,0.00018561931
48.8221445655,2.4036813669,0.0005116248
48.8270384561,2.4036813669,0.00092508877
48.8319323467,2.4036813669,0.0009061096
48.8368262373,2.4036813669,0.0009267842
48.8417201279,2.4036813669,0.0008676554
48.8466140185,2.4036813669,0.0008112501
48.8515079091,2.4036813669,0.00060400524
48.8564017997,2.4036813669,0.0001768033
48.8612956903,2.4036813669,-6.0574366e-05
48.8661895809,2.4036813669,-0.00010139497
48.8710834715,2.4036813669,3.565044e-05
48.8759773621,2.4036813669,6.112509e-05
48.8808712527,2.4036813669,0.00010583828
48.8857651433,2.4036813669,0.00015396299
48.8906590339,2.4036813669,0.00015488714
48.8955529245,2.4036813669,0.00017250294
48.9004468151,2.4036813669,0.0003131406
48.9053407057,2.4036813669,0.00017398599
48.9102345963,2.4036813669,4.3543743e-05
48.9151284869,2.4036813669,1.32742125e-05
48.9200223775,2.4036813669,-1.0433339e-06
48.9249162681,2.4036813669,-1.28822e-05
48.9298101587,2.4036813669,-2.6735719e-05
48.9347040493,2.4036813669,-3.2367872e-05
48.9395979399,2.4036813669,-3.2367872e-05
48.9444918305,2.4036813669,-3.574533e-05
48.9493857211,2.4036813669,-3.9590606e-05
48.9542796117,2.4036813669,-4.2809956e-05
48.9591735023,2.4036813669,-4.2809956e-05
48.9640673929,2.4036813669,-4.2809956e-05
48.9689612835,2.4036813669,-4.2809956e-05
48.9738551741,2.4036813669,-4.2809956e-05
48.9787490647,2.4036813669,-4.2809956e-05
48.7389484253,2.4085752575,-4.078062e-05
48.7438423159,2.4085752575,-4.078062e-05
48.7487362065,2.4085752575,-4.078062e-05
48.7536300971,2.4085752575,-4.078062e-05
48.7585239877,2.4085752575,-4.078062e-05
48.7634178783,2.4085752575,-4.078062e-05
48.7683117689,2.4085752575,-3.734224e-05
48.7732056595,2.4085752575,-3.653862e-05
48.7780995501,2.4085752575,-2.4070912e-05
48.7829934407,2.4085752575,-1.9027564e-05
48.7878873313,2.4085752575,-9.894687e-06
48.7927812219,2.4085752575,4.7791127e-06
48.7976751125,2.4085752575,2.4222627e-05
48.8025690031,2.4085752575,7.484804e-05
48.8074628937,2.4085752575,6.31621e-05
48.8123567843,2.4085752575,8.216339e-05
48.8172506749,2.4085752575,0.00012338173
48.8221445655,2.4085752575,0.0003217016
48.8270384561,2.4085752575,0.0006422049
48.8319323467,2.4085752575,0.00062322593
48.8368262373,2.4085752575,0.0006678681
48.8417201279,2.4085752575,0.0006188861
48.8466140185,2.4085752575,0.00056248077
48.8515079091,2.4085752575,0.0003554074
48.8564017997,2.4085752575,0.00014106135
48.8612956903,2.4085752575,-7.745617e-05
48.8661895809,2.4085752575,-0.00011827676
48.8710834715,2.4085752575,1.876862e-05
48.8759773621,2.4085752575,2.4408972e-05
48.8808712527,2.4085752575,2.0693416e-05
48.8857651433,2.4085752575,-4.8797096e-06
48.8906590339,2.4085752575,-3.955537e-06
48.8955529245,2.4085752575,1.3660253e-05
48.9004468151,2.4085752575,0.00021900807
48.9053407057,2.4085752575,0.00010768789
48.9102345963,2.4085752575,3.7558097e-05
48.9151284869,2.4085752575,7.288565e-06
48.9200223775,2.4085752575,-7.0289775e-06
48.9249162681,2.4085752575,-1.8867848e-05
48.9298101587,2.4085752575,-3.2721375e-05
48.9347040493,2.4085752575,-3.835352e-05
48.9395979399,2.4085752575,-3.835352e-05
48.9444918305,2.4085752575,-4.1730975e-05
48.9493857211,2.4085752575,-4.5576253e-05
48.9542796117,2.4085752575,-4.879561e-05
48.9591735023,2.4085752575,-4.879561e-05
48.9640673929,2.4085752575,-4.879561e-05
48.9689612835,2.4085752575,-4.879561e-05
48.9738551741,2.4085752575,-4.879561e-05
48.9787490647,2.4085752575,-4.879561e-05
48.7389484253,2.4134691481,-2.9377305e-05
48.7438423159,2.4134691481,-2.9377305e-05
48.7487362065,2.4134691481,-2.9377305e-05
48.7536300971,2.4134691481,-2.9377305e-05
48.7585239877,2.4134691481,-2.9377305e-05
48.7634178783,2.4134691481,-2.9377305e-05
48.7683117689,2.4134691481,-2.5938909e-05
48.7732056595,2.4134691481,-2.5135294e-05
48.7780995501,2.4134691481,-1.2667589e-05
48.7829934407,2.4134691481,-7.6242245e-06
48.7878873313,2.4134691481,1.5086289e-06
48.7927812219,2.4134691481,1.618245e-05
48.7976751125,2.4134691481,3.5625955e-05
48.8025690031,2.4134691481,8.625134e-05
48.8074628937,2.4134691481,7.66059e-05
48.8123567843,2.4134691481,0.00015941425
48.8172506749,2.4134691481,0.00020847144
48.8221445655,2.4134691481,0.00033002725
48.8270384561,2.4134691481,0.0005418727
48.8319323467,2.4134691481,0.00052289374
48.8368262373,2.4134691481,0.0005675359
48.8417201279,2.4134691481,0.00051855424
48.8466140185,2.4134691481,0.00046214895
48.8515079091,2.4134691481,0.00026790594
48.8564017997,2.4134691481,0.00010454213
48.8612956903,2.4134691481,-1.6310987e-05
48.8661895809,2.4134691481,-5.71316e-05
48.8710834715,2.4134691481,7.181392e-05
48.8759773621,2.4134691481,7.623598e-05
48.8808712527,2.4134691481,4.117006e-05
48.8857651433,2.4134691481,1.3671827e-05
48.8906590339,2.4134691481,1.45959575e-05
48.8955529245,2.4134691481,3.221171e-05
48.9004468151,2.4134691481,0.00017207366
48.9053407057,2.4134691481,0.0001259288
48.9102345963,2.4134691481,7.3666764e-05
48.9151284869,2.4134691481,4.3397256e-05
48.9200223775,2.4134691481,2.9079703e-05
48.9249162681,2.4134691481,1.7240838e-05
48.9298101587,2.4134691481,3.3873278e-06
48.9347040493,2.4134691481,-2.244821e-06
48.9395979399,2.4134691481,-2.244821e-06
48.9444918305,2.4134691481,-5.622276e-06
48.9493857211,2.4134691481,-9.467521e-06
48.9542796117,2.4134691481,-1.0468869e-05
48.9591735023,2.4134691481,-1.0468869e-05
48.9640673929,2.4134691481,-1.0468869e-05
48.9689612835,2.4134691481,-1.0468869e-05
48.9738551741,2.4134691481,-1.0468869e-05
48.9787490647,2.4134691481,-1.0468869e-05
48.7389484253,2.4183630387,-4.22521e-05
48.7438423159,2.4183630387,-4.22521e-05
48.7487362065,2.4183630387,-4.22521e-05
48.7536300971,2.4183630387,-4.22521e-05
48.7585239877,2.4183630387,-4.22521e-05
48.7634178783,2.4183630387,-4.22521e-05
48.7683117689,2.4183630387,-3.88137e-05
48.7732056595,2.4183630387,-3.8010094e-05
48.7780995501,2.4183630387,-3.5352165e-05
48.7829934407,2.4183630387,-3.0308784e-05
48.7878873313,2.4183630387,-2.1175934e-05
48.7927812219,2.4183630387,-6.5021554e-06
48.7976751125,2.4183630387,1.2941369e-05
48.8025690031,2.4183630387,6.3566804e-05
48.8074628937,2.4183630387,5.3629345e-05
48.8123567843,2.4183630387,0.00011392986
48.8172506749,2.4183630387,0.00019852149
48.8221445655,2.4183630387,0.00018178752
48.8270384561,2.4183630387,0.00017720369
48.8319323467,2.4183630387,0.00011145341
48.8368262373,2.4183630387,0.00016444227
48.8417201279,2.4183630387,0.0001374146
48.8466140185,2.4183630387,8.1009275e-05
48.8515079091,2.4183630387,7.909875e-05
48.8564017997,2.4183630387,6.933891e-05
48.8612956903,2.4183630387,-3.1690157e-05
48.8661895809,2.4183630387,-7.2510804e-05
48.8710834715,2.4183630387,-8.763415e-06
48.8759773621,2.4183630387,-1.5967715e-05
48.8808712527,2.4183630387,-4.927369e-05
48.8857651433,2.4183630387,9.891936e-06
48.8906590339,2.4183630387,7.716008e-06
48.8955529245,2.4183630387,3.075105e-05
48.9004468151,2.4183630387,0.000114020106
48.9053407057,2.4183630387,9.834459e-05
48.9102345963,2.4183630387,4.6082692e-05
48.9151284869,2.4183630387,2.1191938e-05
48.9200223775,2.4183630387,6.8743752e-06
48.9249162681,2.4183630387,-4.9644646e-06
48.9298101587,2.4183630387,-1.148761e-05
48.9347040493,2.4183630387,-1.7119763e-05
48.9395979399,2.4183630387,-1.7119763e-05
48.9444918305,2.4183630387,-1.8743855e-05
48.9493857211,2.4183630387,-2.0650927e-05
48.9542796117,2.4183630387,-2.1652273e-05
48.9591735023,2.4183630387,-2.1652273e-05
48.9640673929,2.4183630387,-2.1652273e-05
48.9689612835,2.4183630387,-2.1652273e-05
48.9738551741,2.4183630387,-2.1652273e-05
48.9787490647,2.4183630387,-2.1652273e-05
48.7389484253,2.4232569293,-6.7719644e-05
48.7438423159,2.4232569293,-6.7719644e-05
48.7487362065,2.4232569293,-6.7719644e-05
48.7536300971,2.4232569293,-6.7719644e-05
48.7585239877,2.4232569293,-6.7719644e-05
48.7634178783,2.4232569293,-6.7719644e-05
48.7683117689,2.4232569293,-6.428126e-05
48.7732056595,2.4232569293,-6.3477644e-05
48.7780995501,2.4232569293,-6.0819697e-05
48.7829934407,2.4232569293,-5.5776338e-05
48.7878873313,2.4232569293,-4.6643458e-05
48.7927812219,2.4232569293,-3.196968e-05
48.7976751125,2.4232569293,-1.2526172e-05
48.8025690031,2.4232569293,3.8099268e-05
48.8074628937,2.4232569293,2.8161803e-05
48.8123567843,2.4232569293,8.396941e-05
48.8172506749,2.4232569293,0.0001034054
48.8221445655,2.4232569293,8.718319e-05
48.8270384561,2.4232569293,4.2560776e-05
48.8319323467,2.4232569293,-7.447557e-05
48.8368262373,2.4232569293,-2.6114483e-05
48.8417201279,2.4232569293,-5.314213e-05
48.8466140185,2.4232569293,-9.964686e-05
48.8515079091,2.4232569293,-8.824502e-06
48.8564017997,2.4232569293,-1.6138876e-05
48.8612956903,2.4232569293,-0.0001122846
48.8661895809,2.4232569293,-0.00019576009
48.8710834715,2.4232569293,-0.0001308919
48.8759773621,2.4232569293,-0.00013697124
48.8808712527,2.4232569293,-8.176328e-05
48.8857651433,2.4232569293,-1.2445115e-05
48.8906590339,2.4232569293,-1.4621045e-05
48.8955529245,2.4232569293,1.9982028e-05
48.9004468151,2.4232569293,8.02915e-05
48.9053407057,2.4232569293,9.040025e-05
48.9102345963,2.4232569293,3.8138354e-05
48.9151284869,2.4232569293,1.3247588e-05
48.9200223775,2.4232569293,-1.0699682e-06
48.9249162681,2.4232569293,-1.290881e-05
48.9298101587,2.4232569293,-1.9431942e-05
48.9347040493,2.4232569293,-2.2497154e-05
48.9395979399,2.4232569293,-2.2497154e-05
48.9444918305,2.4232569293,-2.412126e-05
48.9493857211,2.4232569293,-2.6028321e-05
48.9542796117,2.4232569293,-2.7029668e-05
48.9591735023,2.4232569293,-2.7029668e-05
48.9640673929,2.4232569293,-2.7029668e-05
48.9689612835,2.4232569293,-2.7029668e-05
48.9738551741,2.4232569293,-2.7029668e-05
48.9787490647,2.4232569293,-2.7029668e-05
48.7389484253,2.4281508199,-8.087577e-05
48.7438423159,2.4281508199,-8.087577e-05
48.7487362065,2.4281508199,-8.087577e-05
48.7536300971,2.4281508199,-8.087577e-05
48.7585239877,2.4281508199,-8.087577e-05
48.7634178783,2.4281508199,-8.087577e-05
48.7683117689,2.4281508199,-7.743738e-05
48.7732056595,2.4281508199,-7.6633776e-05
48.7780995501,2.4281508199,-7.397585e-05
48.7829934407,2.4281508199,-6.8932466e-05
48.7878873313,2.4281508199,-5.9799593e-05
48.7927812219,2.4281508199,-4.51258e-05
48.7976751125,2.4281508199,-2.9137562e-05
48.8025690031,2.4281508199,2.1487876e-05
48.8074628937,2.4281508199,1.15504035e-05
48.8123567843,2.4281508199,6.018194e-07
48.8172506749,2.4281508199,2.8925419e-05
48.8221445655,2.4281508199,1.2703153e-05
48.8270384561,2.4281508199,-5.637943e-05
48.8319323467,2.4281508199,-0.00019381348
48.8368262373,2.4281508199,-0.00013622375
48.8417201279,2.4281508199,-0.00015114532
48.8466140185,2.4281508199,-0.00019765004
48.8515079091,2.4281508199,-6.742171e-05
48.8564017997,2.4281508199,-6.900264e-05
48.8612956903,2.4281508199,-0.00016514839
48.8661895809,2.4281508199,-0.00022804293
48.8710834715,2.4281508199,-0.00013922404
48.8759773621,2.4281508199,-0.00014530339
48.8808712527,2.4281508199,-9.0095404e-05
48.8857651433,2.4281508199,-2.1779376e-06
48.8906590339,2.4281508199,-1.7731113e-06
48.8955529245,2.4281508199,3.9364255e-05
48.9004468151,2.4281508199,5.3162308e-05
48.9053407057,2.4281508199,0.000102596896
48.9102345963,2.4281508199,4.859263e-05
48.9151284869,2.4281508199,2.3701885e-05
48.9200223775,2.4281508199,7.857684e-06
48.9249162681,2.4281508199,-3.9811684e-06
48.9298101587,2.4281508199,-1.0504303e-05
48.9347040493,2.4281508199,-1.3569496e-05
48.9395979399,2.4281508199,-1.3569496e-05
48.9444918305,2.4281508199,-1.5193592e-05
48.9493857211,2.4281508199,-1.710067e-05
48.9542796117,2.4281508199,-1.8102013e-05
48.9591735023,2.4281508199,-1.8102013e-05
48.9640673929,2.4281508199,-1.8102013e-05
48.9689612835,2.4281508199,-1.8102013e-05
48.9738551741,2.4281508199,-1.8102013e-05
48.9787490647,2.4281508199,-1.8102013e-05
48.7389484253,2.4330447105,-8.2173035e-05
48.7438423159,2.4330447105,-8.2173035e-05
48.7487362065,2.4330447105,-8.2173035e-05
48.7536300971,2.4330447105,-8.2173035e-05
48.7585239877,2.4330447105,-8.2173035e-05
48.7634178783,2.4330447105,-8.2173035e-05
48.7683117689,2.4330447105,-7.873463e-05
48.7732056595,2.4330447105,-7.793103e-05
48.7780995501,2.4330447105,-7.527309e-05
48.7829934407,2.4330447105,-7.0229726e-05
48.7878873313,2.4330447105,-6.109686e-05
48.7927812219,2.4330447105,-4.642307e-05
48.7976751125,2.4330447105,-3.0434825e-05
48.8025690031,2.4330447105,5.5048667e-06
48.8074628937,2.4330447105,-4.432596e-06
48.8123567843,2.4330447105,-1.5381189e-05
48.8172506749,2.4330447105,1.2942417e-05
48.8221445655,2.4330447105,-3.279867e-06
48.8270384561,2.4330447105,-7.637206e-05
48.8319323467,2.4330447105,-0.00021380617
48.8368262373,2.4330447105,-0.00015621635
48.8417201279,2.4330447105,-0.00017113792
48.8466140185,2.4330447105,-0.00021764258
48.8515079091,2.4330447105,-0.0001118428
48.8564017997,2.4330447105,-0.00011342375
48.8612956903,2.4330447105,-0.00020956944
48.8661895809,2.4330447105,-0.00025780252
48.8710834715,2.4330447105,-0.0001591678
48.8759773621,2.4330447105,-0.00016524715
48.8808712527,2.4330447105,-0.000110039175
48.8857651433,2.4330447105,-2.212169e-05
48.8906590339,2.4330447105,-1.2117524e-05
48.8955529245,2.4330447105,2.9019848e-05
48.9004468151,2.4330447105,4.808014e-05
48.9053407057,2.4330447105,0.00010688936
48.9102345963,2.4330447105,5.2885094e-05
48.9151284869,2.4330447105,2.7994363e-05
48.9200223775,2.4330447105,1.2150152e-05
48.9249162681,2.4330447105,3.112989e-07
48.9298101587,2.4330447105,-6.211837e-06
48.9347040493,2.4330447105,-9.277034e-06
48.9395979399,2.4330447105,-9.277034e-06
48.9444918305,2.4330447105,-1.0901124e-05
48.9493857211,2.4330447105,-1.28082e-05
48.9542796117,2.4330447105,-1.3809543e-05
48.9591735023,2.4330447105,-1.3809543e-05
48.9640673929,2.4330447105,-1.3809543e-05
48.9689612835,2.4330447105,-1.3809543e-05
48.9738551741,2.4330447105,-1.3809543e-05
48.9787490647,2.4330447105,-1.3809543e-05
48.7389484253,2.4379386011,-8.061979e-05
48.7438423159,2.4379386011,-8.061979e-05
48.7487362065,2.4379386011,-8.061979e-05
48.7536300971,2.4379386011,-8.061979e-05
48.7585239877,2.4379386011,-8.061979e-05
48.7634178783,2.4379386011,-8.061979e-05
48.7683117689,2.4379386011,-7.718139e-05
48.7732056595,2.4379386011,-7.6377786e-05
48.7780995501,2.4379386011,-7.371985e-05
48.7829934407,2.4379386011,-6.867648e-05
48.7878873313,2.4379386011,-5.9543618e-05
48.7927812219,2.4379386011,-4.486983e-05
48.7976751125,2.4379386011,-2.8881594e-05
48.8025690031,2.4379386011,7.0581045e-06
48.8074628937,2.4379386011,-2.8793575e-06
48.8123567843,2.4379386011,-3.0141964e-05
48.8172506749,2.4379386011,-3.2989701e-06
48.8221445655,2.4379386011,-3.657356e-05
48.8270384561,2.4379386011,-0.000109665765
48.8319323467,2.4379386011,-0.00024709984
48.8368262373,2.4379386011,-0.00018951006
48.8417201279,2.4379386011,-0.00020443162
48.8466140185,2.4379386011,-0.0002255716
48.8515079091,2.4379386011,-0.000119771845
48.8564017997,2.4379386011,-0.00010503875
48.8612956903,2.4379386011,-0.00020118445
48.8661895809,2.4379386011,-0.00024941756
48.8710834715,2.4379386011,-0.00015078281
48.8759773621,2.4379386011,-0.00015686217
48.8808712527,2.4379386011,-0.00010165419
48.8857651433,2.4379386011,-2.212169e-05
48.8906590339,2.4379386011,-1.2117524e-05
48.8955529245,2.4379386011,2.9019848e-05
48.9004468151,2.4379386011,4.808014e-05
48.9053407057,2.4379386011,0.00010688936
48.9102345963,2.4379386011,5.2885094e-05
48.9151284869,2.4379386011,2.7994363e-05
48.9200223775,2.4379386011,1.2150152e-05
48.9249162681,2.4379386011,3.112989e-07
48.9298101587,2.4379386011,-6.211837e-06
48.9347040493,2.4379386011,-9.277034e-06
48.9395979399,2.4379386011,-9.277034e-06
48.9444918305,2.4379386011,-1.0901124e-05
48.9493857211,2.4379386011,-1.28082e-05
48.9542796117,2.4379386011,-1.3809543e-05
48.9591735023,2.4379386011,-1.3809543e-05
48.9640673929,2.4379386011,-1.3809543e-05
48.9689612835,2.4379386011,-1.3809543e-05
48.9738551741,2.4379386011,-1.3809543e-05
48.9787490647,2.4379386011,-1.3809543e-05
48.7389484253,2.4428324917,-8.061979e-05
48.7438423159,2.4428324917,-8.061979e-05
48.7487362065,2.4428324917,-8.061979e-05
48.7536300971,2.4428324917,-8.061979e-05
48.7585239877,2.4428324917,-8.061979e-05
48.7634178783,2.4428324917,-8.061979e-05
48.7683117689,2.4428324917,-7.718139e-05
48.7732056595,2.4428324917,-7.6377786e-05
48.7780995501,2.4428324917,-7.371985e-05
48.7829934407,2.4428324917,-6.867648e-05
48.7878873313,2.4428324917,-5.9543618e-05
48.7927812219,2.4428324917,-4.486983e-05
48.7976751125,2.4428324917,-2.2943463e-05
48.8025690031,2.4428324917,1.299623e-05
48.8074628937,2.4428324917,3.058757e-06
48.8123567843,2.4428324917,-3.0389638e-05
48.8172506749,2.4428324917,-3.5467092e-06
48.8221445655,2.4428324917,-3.657356e-05
48.8270384561,2.4428324917,-0.000109665765
48.8319323467,2.4428324917,-0.00026013164
48.8368262373,2.4428324917,-0.00020254188
48.8417201279,2.4428324917,-0.00021746338
48.8466140185,2.4428324917,-0.00023860339
48.8515079091,2.4428324917,-0.0001328036
48.8564017997,2.4428324917,-0.00011807055
48.8612956903,2.4428324917,-0.00021023015
48.8661895809,2.4428324917,-0.0002584633
48.8710834715,2.4428324917,-0.00015982855
48.8759773621,2.4428324917,-0.00016590787
48.8808712527,2.4428324917,-0.00011069989
48.8857651433,2.4428324917,-2.212169e-05
48.8906590339,2.4428324917,-1.2117524e-05
48.8955529245,2.4428324917,2.9019848e-05
48.9004468151,2.4428324917,4.808014e-05
48.9053407057,2.4428324917,0.00010688936
48.9102345963,2.4428324917,5.2885094e-05
48.9151284869,2.4428324917,2.7994363e-05
48.9200223775,2.4428324917,1.2150152e-05
48.9249162681,2.4428324917,3.112989e-07
48.9298101587,2.4428324917,-6.211837e-06
48.9347040493,2.4428324917,-9.277034e-06
48.9395979399,2.4428324917,-9.277034e-06
48.9444918305,2.4428324917,-1.0901124e-05
48.9493857211,2.4428324917,-1.28082e-05
48.9542796117,2.4428324917,-1.3809543e-05
48.9591735023,2.4428324917,-1.3809543e-05
48.9640673929,2.4428324917,-1.3809543e-05
48.9689612835,2.4428324917,-1.3809543e-05
48.9738551741,2.4428324917,-1.3809543e-05
48.9787490647,2.4428324917,-1.3809543e-05
48.7389484253,2.4477263823,-8.061979e-05
48.7438423159,2.4477263823,-8.061979e-05
48.7487362065,2.4477263823,-8.061979e-05
48.7536300971,2.4477263823,-8.061979e-05
48.7585239877,2.4477263823,-8.061979e-05
48.7634178783,2.4477263823,-8.061979e-05
48.7683117689,2.4477263823,-7.718139e-05
48.7732056595,2.4477263823,-7.6377786e-05
48.7780995501,2.4477263823,-7.371985e-05
48.7829934407,2.4477263823,-6.867648e-05
48.7878873313,2.4477263823,-5.9543618e-05
48.7927812219,2.4477263823,-4.486983e-05
48.7976751125,2.4477263823,-2.2943463e-05
48.8025690031,2.4477263823,1.299623e-05
48.8074628937,2.4477263823,2.172637e-05
48.8123567843,2.4477263823,0.0001632865
48.8172506749,2.4477263823,0.00016494369
48.8221445655,2.4477263823,-1.889177e-05
48.8270384561,2.4477263823,-0.000109665765
48.8319323467,2.4477263823,-0.00023084291
48.8368262373,2.4477263823,-0.00022334393
48.8417201279,2.4477263823,-0.00023826555
48.8466140185,2.4477263823,-0.00027293232
48.8515079091,2.4477263823,-0.00016713253
48.8564017997,2.4477263823,-0.0001523995
48.8612956903,2.4477263823,-0.00024455902
48.8661895809,2.4477263823,-0.00028537956
48.8710834715,2.4477263823,-0.00018674493
48.8759773621,2.4477263823,-0.00019282429
48.8808712527,2.4477263823,-0.00013761628
48.8857651433,2.4477263823,-2.8236005e-05
48.8906590339,2.4477263823,-1.823184e-05
48.8955529245,2.4477263823,2.9019848e-05
48.9004468151,2.4477263823,4.808014e-05
48.9053407057,2.4477263823,0.00010688936
48.9102345963,2.4477263823,5.2885094e-05
48.9151284869,2.4477263823,2.7994363e-05
48.9200223775,2.4477263823,1.2150152e-05
48.9249162681,2.4477263823,3.112989e-07
48.9298101587,2.4477263823,-6.211837e-06
48.9347040493,2.4477263823,-9.277034e-06
48.9395979399,2.4477263823,-9.277034e-06
48.9444918305,2.4477263823,-1.0901124e-05
48.9493857211,2.4477263823,-1.28082e-05
48.9542796117,2.4477263823,-1.3809543e-05
48.9591735023,2.4477263823,-1.3809543e-05
48.9640673929,2.4477263823,-1.3809543e-05
48.9689612835,2.4477263823,-1.3809543e-05
48.9738551741,2.4477263823,-1.3809543e-05
48.9787490647,2.4477263823,-1.3809543e-05
48.7389484253,2.4526202729,-8.8688554e-05
48.7438423159,2.4526202729,-8.8688554e-05
48.7487362065,2.4526202729,-8.8688554e-05
48.7536300971,2.4526202729,-8.8688554e-05
48.7585239877,2.4526202729,-8.8688554e-05
48.7634178783,2.4526202729,-8.8688554e-05
48.7683117689,2.4526202729,-8.5250154e-05
48.7732056595,2.4526202729,-8.444654e-05
48.7780995501,2.4526202729,-8.178862e-05
48.7829934407,2.4526202729,-7.6745244e-05
48.7878873313,2.4526202729,-6.761238e-05
48.7927812219,2.4526202729,-5.2938598e-05
48.7976751125,2.4526202729,-3.101223e-05
48.8025690031,2.4526202729,4.9274713e-06
48.8074628937,2.4526202729,2.6930084e-05
48.8123567843,2.4526202729,0.00027621296
48.8172506749,2.4526202729,0.00031531503
48.8221445655,2.4526202729,5.7198663e-06
48.8270384561,2.4526202729,-0.0001661536
48.8319323467,2.4526202729,-0.00040842692
48.8368262373,2.4526202729,-0.00040584066
48.8417201279,2.4526202729,-0.00040564992
48.8466140185,2.4526202729,-0.0004403168
48.8515079091,2.4526202729,-0.00024437514
48.8564017997,2.4526202729,-0.00018213596
48.8612956903,2.4526202729,-0.00026275957
48.8661895809,2.4526202729,-0.00030358013
48.8710834715,2.4526202729,-0.00020551283
48.8759773621,2.4526202729,-0.00019636963
48.8808712527,2.4526202729,-0.00014116165
48.8857651433,2.4526202729,-3.178137e-05
48.8906590339,2.4526202729,-2.9173054e-05
48.8955529245,2.4526202729,1.8078626e-05
48.9004468151,2.4526202729,4.250559e-05
48.9053407057,2.4526202729,0.000101314814
48.9102345963,2.4526202729,4.7310554e-05
48.9151284869,2.4526202729,2.2419816e-05
48.9200223775,2.4526202729,6.575615e-06
48.9249162681,2.4526202729,-5.2632377e-06
48.9298101587,2.4526202729,-1.1786368e-05
48.9347040493,2.4526202729,-1.48515655e-05
48.9395979399,2.4526202729,-1.48515655e-05
48.9444918305,2.4526202729,-1.647566e-05
48.9493857211,2.4526202729,-1.8382747e-05
48.9542796117,2.4526202729,-1.9384086e-05
48.9591735023,2.4526202729,-1.9384086e-05
48.9640673929,2.4526202729,-1.9384086e-05
48.9689612835,2.4526202729,-1.9384086e-05
48.9738551741,2.4526202729,-1.9384086e-05
48.9787490647,2.4526202729,-1.9384086e-05
48.7389484253,2.4575141635,-8.8844085e-05
48.7438423159,2.4575141635,-8.8844085e-05
48.7487362065,2.4575141635,-8.8844085e-05
48.7536300971,2.4575141635,-8.8844085e-05
48.7585239877,2.4575141635,-8.8844085e-05
48.7634178783,2.4575141635,-8.8844085e-05
48.7683117689,2.4575141635,-8.54057e-05
48.7732056595,2.4575141635,-8.4602085e-05
48.7780995501,2.4575141635,-8.194416e-05
48.7829934407,2.4575141635,-7.690079e-05
48.7878873313,2.4575141635,-6.776793e-05
48.7927812219,2.4575141635,-5.3094143e-05
48.7976751125,2.4575141635,-3.1167776e-05
48.8025690031,2.4575141635,4.7719277e-06
48.8074628937,2.4575141635,2.6774538e-05
48.8123567843,2.4575141635,0.00027605743
48.8172506749,2.4575141635,0.0010364641
48.8221445655,2.4575141635,0.0010232985
48.8270384561,2.4575141635,0.0005317175
48.8319323467,2.4575141635,-0.00038834923
48.8368262373,2.4575141635,-0.0003857631
48.8417201279,2.4575141635,-0.00040564992
48.8466140185,2.4575141635,-0.0004403168
48.8515079091,2.4575141635,-0.00024437514
48.8564017997,2.4575141635,-0.00018213596
48.8612956903,2.4575141635,-0.00026275957
48.8661895809,2.4575141635,-0.00030358013
48.8710834715,2.4575141635,-0.00020551283
48.8759773621,2.4575141635,-0.00019636963
48.8808712527,2.4575141635,-0.00014116165
48.8857651433,2.4575141635,-3.178137e-05
48.8906590339,2.4575141635,-2.9173054e-05
48.8955529245,2.4575141635,1.8078626e-05
48.9004468151,2.4575141635,4.250559e-05
48.9053407057,2.4575141635,0.000101314814
48.9102345963,2.4575141635,4.7310554e-05
48.9151284869,2.4575141635,2.2419816e-05
48.9200223775,2.4575141635,6.575615e-06
48.9249162681,2.4575141635,-5.2632377e-06
48.9298101587,2.4575141635,-1.1786368e-05
48.9347040493,2.4575141635,-1.48515655e-05
48.9395979399,2.4575141635,-1.48515655e-05
48.9444918305,2.4575141635,-1.647566e-05
48.9493857211,2.4575141635,-1.8382747e-05
48.9542796117,2.4575141635,-1.9384086e-05
48.9591735023,2.4575141635,-1.9384086e-05
48.9640673929,2.4575141635,-1.9384086e-05
48.9689612835,2.4575141635,-1.9384086e-05
48.9738551741,2.4575141635,-1.9384086e-05
48.9787490647,2.4575141635,-1.9384086e-05
48.7389484253,2.4624080541,-8.757078e-05
48.7438423159,2.4624080541,-8.757078e-05
48.7487362065,2.4624080541,-8.757078e-05
48.7536300971,2.4624080541,-8.757078e-05
48.7585239877,2.4624080541,-8.757078e-05
48.7634178783,2.4624080541,-8.757078e-05
48.7683117689,2.4624080541,-8.413239e-05
48.7732056595,2.4624080541,-8.332878e-05
48.7780995501,2.4624080541,-8.0670856e-05
48.7829934407,2.4624080541,-7.562748e-05
48.7878873313,2.4624080541,-6.649461e-05
48.7927812219,2.4624080541,-5.8365204e-05
48.7976751125,2.4624080541,-3.6438825e-05
48.8025690031,2.4624080541,-4.9913365e-07
48.8074628937,2.4624080541,8.231009e-06
48.8123567843,2.4624080541,0.00025751392
48.8172506749,2.4624080541,0.0010364641
48.8221445655,2.4624080541,0.0011447477
48.8270384561,2.4624080541,0.0007173221
48.8319323467,2.4624080541,-0.00021179306
48.8368262373,2.4624080541,-0.00037093557
48.8417201279,2.4624080541,-0.0003908224
48.8466140185,2.4624080541,-0.00043134962
48.8515079091,2.4624080541,-0.00024437514
48.8564017997,2.4624080541,-0.00018213596
48.8612956903,2.4624080541,-0.00026275957
48.8661895809,2.4624080541,-0.00030358013
48.8710834715,2.4624080541,-0.00020551283
48.8759773621,2.4624080541,-0.00019636963
48.8808712527,2.4624080541,-0.00014116165
48.8857651433,2.4624080541,-3.178137e-05
48.8906590339,2.4624080541,-2.9173054e-05
48.8955529245,2.4624080541,1.8078626e-05
48.9004468151,2.4624080541,4.250559e-05
48.9053407057,2.4624080541,0.000101314814
48.9102345963,2.4624080541,4.7310554e-05
48.9151284869,2.4624080541,2.2419816e-05
48.9200223775,2.4624080541,6.575615e-06
48.9249162681,2.4624080541,-5.2632377e-06
48.9298101587,2.4624080541,-1.1786368e-05
48.9347040493,2.4624080541,-1.48515655e-05
48.9395979399,2.4624080541,-1.48515655e-05
48.9444918305,2.4624080541,-1.647566e-05
48.9493857211,2.4624080541,-1.8382747e-05
48.9542796117,2.4624080541,-1.9384086e-05
48.9591735023,2.4624080541,-1.9384086e-05
48.9640673929,2.4624080541,-1.9384086e-05
48.9689612835,2.4624080541,-1.9384086e-05
48.9738551741,2.4624080541,-1.9384086e-05
48.9787490647,2.4624080541,-1.9384086e-05
48.7389484253,2.4673019447,-8.297666e-05
48.7438423159,2.4673019447,-8.297666e-05
48.7487362065,2.4673019447,-8.297666e-05
48.7536300971,2.4673019447,-8.297666e-05
48.7585239877,2.4673019447,-8.297666e-05
48.7634178783,2.4673019447,-8.297666e-05
48.7683117689,2.4673019447,-7.953827e-05
48.7732056595,2.4673019447,-8.05918e-05
48.7780995501,2.4673019447,-7.793388e-05
48.7829934407,2.4673019447,-7.289051e-05
48.7878873313,2.4673019447,-6.375765e-05
48.7927812219,2.4673019447,-5.5628225e-05
48.7976751125,2.4673019447,-3.3701872e-05
48.8025690031,2.4673019447,-2.3406408e-05
48.8074628937,2.4673019447,-4.662042e-05
48.8123567843,2.4673019447,0.00010233383
48.8172506749,2.4673019447,0.0008676256
48.8221445655,2.4673019447,0.0009759093
48.8270384561,2.4673019447,0.0005891473
48.8319323467,2.4673019447,-0.00033996775
48.8368262373,2.4673019447,-0.00048010919
48.8417201279,2.4673019447,-0.0004819764
48.8466140185,2.4673019447,-0.00052250375
48.8515079091,2.4673019447,-0.00027711762
48.8564017997,2.4673019447,-0.00018336986
48.8612956903,2.4673019447,-0.00026399345
48.8661895809,2.4673019447,-0.000321352
48.8710834715,2.4673019447,-0.00022703737
48.8759773621,2.4673019447,-0.0002178941
48.8808712527,2.4673019447,-0.00015658446
48.8857651433,2.4673019447,-4.720415e-05
48.8906590339,2.4673019447,-5.5372642e-05
48.8955529245,2.4673019447,-8.120951e-06
48.9004468151,2.4673019447,2.6233276e-05
48.9053407057,2.4673019447,8.504248e-05
48.9102345963,2.4673019447,3.1038246e-05
48.9151284869,2.4673019447,6.147493e-06
48.9200223775,2.4673019447,-9.696705e-06
48.9249162681,2.4673019447,-1.8418154e-05
48.9298101587,2.4673019447,-1.9402827e-05
48.9347040493,2.4673019447,-2.2468035e-05
48.9395979399,2.4673019447,-2.2468035e-05
48.9444918305,2.4673019447,-2.3055562e-05
48.9493857211,2.4673019447,-2.3809118e-05
48.9542796117,2.4673019447,-2.3561379e-05
48.9591735023,2.4673019447,-2.3561379e-05
48.9640673929,2.4673019447,-2.3561379e-05
48.9689612835,2.4673019447,-2.3561379e-05
48.9738551741,2.4673019447,-2.3561379e-05
48.9787490647,2.4673019447,-2.3561379e-05
