LATITUDE,LONGITUDE,probability
48.7389484253,2.2275013053,-1.002414e-05
48.7438423159,2.2275013053,-1.002414e-05
48.7487362065,2.2275013053,-1.002414e-05
48.7536300971,2.2275013053,-1.002414e-05
48.7585239877,2.2275013053,-1.002414e-05
48.7634178783,2.2275013053,-1.002414e-05
48.7683117689,2.2275013053,-1.19507085e-05
48.7732056595,2.2275013053,-7.0761553e-06
48.7780995501,2.2275013053,-7.0761553e-06
48.7829934407,2.2275013053,-3.963226e-06
48.7878873313,2.2275013053,1.8778727e-06
48.7927812219,2.2275013053,1.2515687e-05
48.7976751125,2.2275013053,2.4609612e-05
48.8025690031,2.2275013053,3.1812095e-05
48.8074628937,2.2275013053,2.4566069e-05
48.8123567843,2.2275013053,3.7708464e-06
48.8172506749,2.2275013053,-0.00023221821
48.8221445655,2.2275013053,-0.00037946942
48.8270384561,2.2275013053,-0.00027486385
48.8319323467,2.2275013053,-0.00020060636
48.8368262373,2.2275013053,-7.73999e-05
48.8417201279,2.2275013053,3.793291e-06
48.8466140185,2.2275013053,6.226124e-05
48.8515079091,2.2275013053,4.6366018e-05
48.8564017997,2.2275013053,6.7500565e-05
48.8612956903,2.2275013053,4.941631e-05
48.8661895809,2.2275013053,7.74078e-05
48.8710834715,2.2275013053,0.0002957501
48.8759773621,2.2275013053,0.00035485323
48.8808712527,2.2275013053,0.00015668914
48.8857651433,2.2275013053,0.000353895
48.8906590339,2.2275013053,0.00030543408
48.8955529245,2.2275013053,0.00028249508
48.9004468151,2.2275013053,0.0001961827
48.9053407057,2.2275013053,4.587682e-05
48.9102345963,2.2275013053,3.896245e-05
48.9151284869,2.2275013053,2.0353536e-05
48.9200223775,2.2275013053,2.4072906e-05
48.9249162681,2.2275013053,7.529701e-06
48.9298101587,2.2275013053,3.849369e-06
48.9347040493,2.2275013053,9.658341e-07
48.9395979399,2.2275013053,9.658341e-07
48.9444918305,2.2275013053,9.658341e-07
48.9493857211,2.2275013053,-2.2007996e-06
48.9542796117,2.2275013053,-2.2007996e-06
48.9591735023,2.2275013053,-2.2007996e-06
48.9640673929,2.2275013053,-2.2007996e-06
48.9689612835,2.2275013053,-2.2007996e-06
48.9738551741,2.2275013053,-2.2007996e-06
48.9787490647,2.2275013053,-2.2007996e-06
48.7389484253,2.2323951959,-1.002414e-05
48.7438423159,2.2323951959,-1.002414e-05
48.7487362065,2.2323951959,-1.002414e-05
48.7536300971,2.2323951959,-1.002414e-05
48.7585239877,2.2323951959,-1.002414e-05
48.7634178783,2.2323951959,-1.002414e-05
48.7683117689,2.2323951959,-1.19507085e-05
48.7732056595,2.2323951959,-7.0761553e-06
48.7780995501,2.2323951959,-7.0761553e-06
48.7829934407,2.2323951959,-3.963226e-06
48.7878873313,2.2323951959,1.8778727e-06
48.7927812219,2.2323951959,1.2515687e-05
48.7976751125,2.2323951959,2.4609612e-05
48.8025690031,2.2323951959,3.1812095e-05
48.8074628937,2.2323951959,2.4566069e-05
48.8123567843,2.2323951959,3.7708464e-06
48.8172506749,2.2323951959,-0.00023221821
48.8221445655,2.2323951959,-0.00037946942
48.8270384561,2.2323951959,-0.00027486385
48.8319323467,2.2323951959,-0.00020060636
48.8368262373,2.2323951959,-7.73999e-05
48.8417201279,2.2323951959,3.793291e-06
48.8466140185,2.2323951959,6.226124e-05
48.8515079091,2.2323951959,4.6366018e-05
48.8564017997,2.2323951959,6.7500565e-05
48.8612956903,2.2323951959,4.941631e-05
48.8661895809,2.2323951959,7.74078e-05
48.8710834715,2.2323951959,0.0002957501
48.8759773621,2.2323951959,0.00035485323
48.8808712527,2.2323951959,0.00015668914
48.8857651433,2.2323951959,0.000353895
48.8906590339,2.2323951959,0.00030543408
48.8955529245,2.2323951959,0.00028249508
48.9004468151,2.2323951959,0.0001961827
48.9053407057,2.2323951959,4.587682e-05
48.9102345963,2.2323951959,3.896245e-05
48.9151284869,2.2323951959,2.0353536e-05
48.9200223775,2.2323951959,2.4072906e-05
48.9249162681,2.2323951959,7.529701e-06
48.9298101587,2.2323951959,3.849369e-06
48.9347040493,2.2323951959,9.658341e-07
48.9395979399,2.2323951959,9.658341e-07
48.9444918305,2.2323951959,9.658341e-07
48.9493857211,2.2323951959,-2.2007996e-06
48.9542796117,2.2323951959,-2.2007996e-06
48.9591735023,2.2323951959,-2.2007996e-06
48.9640673929,2.2323951959,-2.2007996e-06
48.9689612835,2.2323951959,-2.2007996e-06
48.9738551741,2.2323951959,-2.2007996e-06
48.9787490647,2.2323951959,-2.2007996e-06
48.7389484253,2.2372890865,-1.0315511e-05
48.7438423159,2.2372890865,-1.0315511e-05
48.7487362065,2.2372890865,-1.0315511e-05
48.7536300971,2.2372890865,-1.0315511e-05
48.7585239877,2.2372890865,-1.0315511e-05
48.7634178783,2.2372890865,-1.0315511e-05
48.7683117689,2.2372890865,-1.22420815e-05
48.7732056595,2.2372890865,-1.5972257e-05
48.7780995501,2.2372890865,-1.5972257e-05
48.7829934407,2.2372890865,-1.285933e-05
48.7878873313,2.2372890865,-7.018226e-06
48.7927812219,2.2372890865,3.6195866e-06
48.7976751125,2.2372890865,1.5713527e-05
48.8025690031,2.2372890865,2.2915987e-05
48.8074628937,2.2372890865,1.5669984e-05
48.8123567843,2.2372890865,-5.125252e-06
48.8172506749,2.2372890865,-0.00024111432
48.8221445655,2.2372890865,-0.00038029114
48.8270384561,2.2372890865,-0.00027568554
48.8319323467,2.2372890865,-0.00020142808
48.8368262373,2.2372890865,-7.822159e-05
48.8417201279,2.2372890865,2.9716098e-06
48.8466140185,2.2372890865,6.1439554e-05
48.8515079091,2.2372890865,4.5879082e-05
48.8564017997,2.2372890865,6.701363e-05
48.8612956903,2.2372890865,4.8929374e-05
48.8661895809,2.2372890865,7.692089e-05
48.8710834715,2.2372890865,0.0003034416
48.8759773621,2.2372890865,0.0003621637
48.8808712527,2.2372890865,0.00016399965
48.8857651433,2.2372890865,0.0003612055
48.8906590339,2.2372890865,0.00031274455
48.8955529245,2.2372890865,0.0002898055
48.9004468151,2.2372890865,0.00020349317
48.9053407057,2.2372890865,5.3187297e-05
48.9102345963,2.2372890865,4.6272922e-05
48.9151284869,2.2372890865,2.766402e-05
48.9200223775,2.2372890865,3.1383384e-05
48.9249162681,2.2372890865,1.4840175e-05
48.9298101587,2.2372890865,1.1159848e-05
48.9347040493,2.2372890865,8.2763145e-06
48.9395979399,2.2372890865,8.2763145e-06
48.9444918305,2.2372890865,8.2763145e-06
48.9493857211,2.2372890865,5.109685e-06
48.9542796117,2.2372890865,-3.0590347e-06
48.9591735023,2.2372890865,-3.0590347e-06
48.9640673929,2.2372890865,-3.0590347e-06
48.9689612835,2.2372890865,-3.0590347e-06
48.9738551741,2.2372890865,-3.0590347e-06
48.9787490647,2.2372890865,-3.0590347e-06
48.7389484253,2.2421829771,-1.2925155e-05
48.7438423159,2.2421829771,-1.2925155e-05
48.7487362065,2.2421829771,-1.2925155e-05
48.7536300971,2.2421829771,-1.2925155e-05
48.7585239877,2.2421829771,-1.2925155e-05
48.7634178783,2.2421829771,-1.2925155e-05
48.7683117689,2.2421829771,-1.485172e-05
48.7732056595,2.2421829771,-1.85819e-05
48.7780995501,2.2421829771,-1.85819e-05
48.7829934407,2.2421829771,-1.5468968e-05
48.7878873313,2.2421829771,-9.627867e-06
48.7927812219,2.2421829771,1.0099455e-06
48.7976751125,2.2421829771,1.3103882e-05
48.8025690031,2.2421829771,2.0306352e-05
48.8074628937,2.2421829771,1.3060343e-05
48.8123567843,2.2421829771,-7.734895e-06
48.8172506749,2.2421829771,-0.00024321422
48.8221445655,2.2421829771,-0.0003598736
48.8270384561,2.2421829771,-0.0002920678
48.8319323467,2.2421829771,-0.00021781035
48.8368262373,2.2421829771,-9.46039e-05
48.8417201279,2.2421829771,-1.3410651e-05
48.8466140185,2.2421829771,4.5057313e-05
48.8515079091,2.2421829771,7.517748e-05
48.8564017997,2.2421829771,7.825353e-05
48.8612956903,2.2421829771,8.0805454e-05
48.8661895809,2.2421829771,0.000108797016
48.8710834715,2.2421829771,0.00033926347
48.8759773621,2.2421829771,0.00039955234
48.8808712527,2.2421829771,0.00020138822
48.8857651433,2.2421829771,0.0003906194
48.8906590339,2.2421829771,0.00034215846
48.8955529245,2.2421829771,0.0003192195
48.9004468151,2.2421829771,0.0002231026
48.9053407057,2.2421829771,6.560021e-05
48.9102345963,2.2421829771,5.8685862e-05
48.9151284869,2.2421829771,4.0076935e-05
48.9200223775,2.2421829771,4.3796317e-05
48.9249162681,2.2421829771,2.7253107e-05
48.9298101587,2.2421829771,1.8949897e-05
48.9347040493,2.2421829771,1.6066362e-05
48.9395979399,2.2421829771,1.6066362e-05
48.9444918305,2.2421829771,1.37513425e-05
48.9493857211,2.2421829771,1.0584713e-05
48.9542796117,2.2421829771,2.4159963e-06
48.9591735023,2.2421829771,2.4159963e-06
48.9640673929,2.2421829771,2.4159963e-06
48.9689612835,2.2421829771,2.4159963e-06
48.9738551741,2.2421829771,2.4159963e-06
48.9787490647,2.2421829771,2.4159963e-06
48.7389484253,2.2470768677,-7.2392106e-07
48.7438423159,2.2470768677,-7.2392106e-07
48.7487362065,2.2470768677,-7.2392106e-07
48.7536300971,2.2470768677,-7.2392106e-07
48.7585239877,2.2470768677,-7.2392106e-07
48.7634178783,2.2470768677,-7.2392106e-07
48.7683117689,2.2470768677,-2.650488e-06
48.7732056595,2.2470768677,-6.3806665e-06
48.7780995501,2.2470768677,-9.455111e-06
48.7829934407,2.2470768677,-6.342183e-06
48.7878873313,2.2470768677,-5.010812e-07
48.7927812219,2.2470768677,1.0136737e-05
48.7976751125,2.2470768677,2.2230668e-05
48.8025690031,2.2470768677,2.8731707e-05
48.8074628937,2.2470768677,2.3907463e-05
48.8123567843,2.2470768677,-2.1940175e-05
48.8172506749,2.2470768677,-0.00027653412
48.8221445655,2.2470768677,-0.00039434127
48.8270384561,2.2470768677,-0.0003042136
48.8319323467,2.2470768677,-0.00015771062
48.8368262373,2.2470768677,-4.5383662e-05
48.8417201279,2.2470768677,4.50905e-05
48.8466140185,2.2470768677,8.005875e-05
48.8515079091,2.2470768677,0.00013201627
48.8564017997,2.2470768677,8.515862e-05
48.8612956903,2.2470768677,8.771059e-05
48.8661895809,2.2470768677,0.000115702176
48.8710834715,2.2470768677,0.00034616847
48.8759773621,2.2470768677,0.00043015397
48.8808712527,2.2470768677,0.00022560653
48.8857651433,2.2470768677,0.00046403607
48.8906590339,2.2470768677,0.00041299025
48.8955529245,2.2470768677,0.00039005137
48.9004468151,2.2470768677,0.0002939345
48.9053407057,2.2470768677,8.2314335e-05
48.9102345963,2.2470768677,7.539995e-05
48.9151284869,2.2470768677,5.6791047e-05
48.9200223775,2.2470768677,5.7107023e-05
48.9249162681,2.2470768677,4.0563813e-05
48.9298101587,2.2470768677,3.226061e-05
48.9347040493,2.2470768677,2.6810136e-05
48.9395979399,2.2470768677,2.6810136e-05
48.9444918305,2.2470768677,2.3907585e-05
48.9493857211,2.2470768677,2.0740956e-05
48.9542796117,2.2470768677,1.2572241e-05
48.9591735023,2.2470768677,1.2572241e-05
48.9640673929,2.2470768677,1.2572241e-05
48.9689612835,2.2470768677,1.2572241e-05
48.9738551741,2.2470768677,1.2572241e-05
48.9787490647,2.2470768677,1.2572241e-05
48.7389484253,2.2519707583,-2.963567e-07
48.7438423159,2.2519707583,-2.963567e-07
48.7487362065,2.2519707583,-2.963567e-07
48.7536300971,2.2519707583,-2.963567e-07
48.7585239877,2.2519707583,-2.963567e-07
48.7634178783,2.2519707583,-2.963567e-07
48.7683117689,2.2519707583,-2.2229258e-06
48.7732056595,2.2519707583,-5.953101e-06
48.7780995501,2.2519707583,-9.271282e-06
48.7829934407,2.2519707583,-6.1583523e-06
48.7878873313,2.2519707583,-3.172487e-07
48.7927812219,2.2519707583,1.0320571e-05
48.7976751125,2.2519707583,2.1828078e-05
48.8025690031,2.2519707583,2.8329121e-05
48.8074628937,2.2519707583,2.3504877e-05
48.8123567843,2.2519707583,-2.2342758e-05
48.8172506749,2.2519707583,-0.0002144124
48.8221445655,2.2519707583,-0.00031011365
48.8270384561,2.2519707583,-0.00021278807
48.8319323467,2.2519707583,-6.628497e-05
48.8368262373,2.2519707583,4.604196e-05
48.8417201279,2.2519707583,0.00013651613
48.8466140185,2.2519707583,0.00017148447
48.8515079091,2.2519707583,0.00021887031
48.8564017997,2.2519707583,0.00017201266
48.8612956903,2.2519707583,0.00017456463
48.8661895809,2.2519707583,0.00020255617
48.8710834715,2.2519707583,0.00043302233
48.8759773621,2.2519707583,0.00046194077
48.8808712527,2.2519707583,0.00025739337
48.8857651433,2.2519707583,0.00054784067
48.8906590339,2.2519707583,0.0004848432
48.8955529245,2.2519707583,0.00045204742
48.9004468151,2.2519707583,0.00035593042
48.9053407057,2.2519707583,0.000111301226
48.9102345963,2.2519707583,7.55935e-05
48.9151284869,2.2519707583,5.6984598e-05
48.9200223775,2.2519707583,5.7300564e-05
48.9249162681,2.2519707583,4.075736e-05
48.9298101587,2.2519707583,3.245415e-05
48.9347040493,2.2519707583,2.700368e-05
48.9395979399,2.2519707583,2.700368e-05
48.9444918305,2.2519707583,2.410113e-05
48.9493857211,2.2519707583,2.0934502e-05
48.9542796117,2.2519707583,1.2765789e-05
48.9591735023,2.2519707583,1.2765789e-05
48.9640673929,2.2519707583,1.2765789e-05
48.9689612835,2.2519707583,1.2765789e-05
48.9738551741,2.2519707583,1.2765789e-05
48.9787490647,2.2519707583,1.2765789e-05
48.7389484253,2.2568646489,-2.963567e-07
48.7438423159,2.2568646489,-2.963567e-07
48.7487362065,2.2568646489,-2.963567e-07
48.7536300971,2.2568646489,-2.963567e-07
48.7585239877,2.2568646489,-2.963567e-07
48.7634178783,2.2568646489,-2.963567e-07
48.7683117689,2.2568646489,-2.2229258e-06
48.7732056595,2.2568646489,-5.953101e-06
48.7780995501,2.2568646489,-9.271282e-06
48.7829934407,2.2568646489,-6.1583523e-06
48.7878873313,2.2568646489,-3.172487e-07
48.7927812219,2.2568646489,1.0320571e-05
48.7976751125,2.2568646489,2.1828078e-05
48.8025690031,2.2568646489,2.8329121e-05
48.8074628937,2.2568646489,2.3504877e-05
48.8123567843,2.2568646489,-2.2342758e-05
48.8172506749,2.2568646489,-0.00018556564
48.8221445655,2.2568646489,-0.00025182575
48.8270384561,2.2568646489,-0.00017485532
48.8319323467,2.2568646489,-2.8352248e-05
48.8368262373,2.2568646489,8.397465e-05
48.8417201279,2.2568646489,0.0001744489
48.8466140185,2.2568646489,0.00020941721
48.8515079091,2.2568646489,0.0002568031
48.8564017997,2.2568646489,0.00020994534
48.8612956903,2.2568646489,0.00021249737
48.8661895809,2.2568646489,0.00024048884
48.8710834715,2.2568646489,0.0004709551
48.8759773621,2.2568646489,0.00047043234
48.8808712527,2.2568646489,0.00023703826
48.8857651433,2.2568646489,0.00052748574
48.8906590339,2.2568646489,0.0004644882
48.8955529245,2.2568646489,0.00045204742
48.9004468151,2.2568646489,0.00035593042
48.9053407057,2.2568646489,0.000111301226
48.9102345963,2.2568646489,7.55935e-05
48.9151284869,2.2568646489,5.6984598e-05
48.9200223775,2.2568646489,5.7300564e-05
48.9249162681,2.2568646489,4.075736e-05
48.9298101587,2.2568646489,3.245415e-05
48.9347040493,2.2568646489,2.700368e-05
48.9395979399,2.2568646489,2.700368e-05
48.9444918305,2.2568646489,2.410113e-05
48.9493857211,2.2568646489,2.0934502e-05
48.9542796117,2.2568646489,1.2765789e-05
48.9591735023,2.2568646489,1.2765789e-05
48.9640673929,2.2568646489,1.2765789e-05
48.9689612835,2.2568646489,1.2765789e-05
48.9738551741,2.2568646489,1.2765789e-05
48.9787490647,2.2568646489,1.2765789e-05
48.7389484253,2.2617585395,1.8983234e-05
48.7438423159,2.2617585395,1.8983234e-05
48.7487362065,2.2617585395,1.8983234e-05
48.7536300971,2.2617585395,1.8983234e-05
48.7585239877,2.2617585395,1.8983234e-05
48.7634178783,2.2617585395,1.8983234e-05
48.7683117689,2.2617585395,1.7056665e-05
48.7732056595,2.2617585395,1.33264975e-05
48.7780995501,2.2617585395,1.000832e-05
48.7829934407,2.2617585395,1.312125e-05
48.7878873313,2.2617585395,1.896234e-05
48.7927812219,2.2617585395,2.9600173e-05
48.7976751125,2.2617585395,4.110769e-05
48.8025690031,2.2617585395,4.7608733e-05
48.8074628937,2.2617585395,4.2784483e-05
48.8123567843,2.2617585395,-3.063155e-06
48.8172506749,2.2617585395,-0.00016628609
48.8221445655,2.2617585395,-0.00022545415
48.8270384561,2.2617585395,-0.00012313985
48.8319323467,2.2617585395,2.3363164e-05
48.8368262373,2.2617585395,0.0001356901
48.8417201279,2.2617585395,0.00022616437
48.8466140185,2.2617585395,0.00026113278
48.8515079091,2.2617585395,0.00030851862
48.8564017997,2.2617585395,0.00026166084
48.8612956903,2.2617585395,0.00026421284
48.8661895809,2.2617585395,0.0002980572
48.8710834715,2.2617585395,0.000530575
48.8759773621,2.2617585395,0.0005300523
48.8808712527,2.2617585395,0.0002713144
48.8857651433,2.2617585395,0.000561762
48.8906590339,2.2617585395,0.0004987644
48.8955529245,2.2617585395,0.00048632352
48.9004468151,2.2617585395,0.00039020658
48.9053407057,2.2617585395,0.00014557743
48.9102345963,2.2617585395,0.00010986971
48.9151284869,2.2617585395,9.126078e-05
48.9200223775,2.2617585395,9.157676e-05
48.9249162681,2.2617585395,7.5033546e-05
48.9298101587,2.2617585395,6.6730354e-05
48.9347040493,2.2617585395,6.127989e-05
48.9395979399,2.2617585395,6.127989e-05
48.9444918305,2.2617585395,5.734074e-05
48.9493857211,2.2617585395,5.3020594e-05
48.9542796117,2.2617585395,4.4851884e-05
48.9591735023,2.2617585395,4.4851884e-05
48.9640673929,2.2617585395,4.4851884e-05
48.9689612835,2.2617585395,4.4851884e-05
48.9738551741,2.2617585395,4.4851884e-05
48.9787490647,2.2617585395,4.4851884e-05
48.7389484253,2.2666524301,1.1012804e-05
48.7438423159,2.2666524301,1.1012804e-05
48.7487362065,2.2666524301,1.1012804e-05
48.7536300971,2.2666524301,1.1012804e-05
48.7585239877,2.2666524301,1.1012804e-05
48.7634178783,2.2666524301,1.1012804e-05
48.7683117689,2.2666524301,9.086236e-06
48.7732056595,2.2666524301,5.3560602e-06
48.7780995501,2.2666524301,2.037883e-06
48.7829934407,2.2666524301,5.150809e-06
48.7878873313,2.2666524301,1.0991911e-05
48.7927812219,2.2666524301,2.1629725e-05
48.7976751125,2.2666524301,3.3137243e-05
48.8025690031,2.2666524301,3.963829e-05
48.8074628937,2.2666524301,4.174218e-05
48.8123567843,2.2666524301,-4.1054636e-06
48.8172506749,2.2666524301,-0.00016732836
48.8221445655,2.2666524301,-0.00020000756
48.8270384561,2.2666524301,-5.2103205e-05
48.8319323467,2.2666524301,9.439964e-05
48.8368262373,2.2666524301,0.00020672676
48.8417201279,2.2666524301,0.00029720113
48.8466140185,2.2666524301,0.0003321694
48.8515079091,2.2666524301,0.000379555
48.8564017997,2.2666524301,0.00033269747
48.8612956903,2.2666524301,0.00033524947
48.8661895809,2.2666524301,0.00036711042
48.8710834715,2.2666524301,0.00059962773
48.8759773621,2.2666524301,0.00059910514
48.8808712527,2.2666524301,0.00035275813
48.8857651433,2.2666524301,0.0005893891
48.8906590339,2.2666524301,0.00052639155
48.8955529245,2.2666524301,0.00048109982
48.9004468151,2.2666524301,0.0003750555
48.9053407057,2.2666524301,0.00014730751
48.9102345963,2.2666524301,0.000111599766
48.9151284869,2.2666524301,9.2990835e-05
48.9200223775,2.2666524301,9.3306815e-05
48.9249162681,2.2666524301,7.6763616e-05
48.9298101587,2.2666524301,6.846041e-05
48.9347040493,2.2666524301,6.3009924e-05
48.9395979399,2.2666524301,6.3009924e-05
48.9444918305,2.2666524301,5.9070808e-05
48.9493857211,2.2666524301,5.4750664e-05
48.9542796117,2.2666524301,4.6581947e-05
48.9591735023,2.2666524301,4.6581947e-05
48.9640673929,2.2666524301,4.6581947e-05
48.9689612835,2.2666524301,4.6581947e-05
48.9738551741,2.2666524301,4.6581947e-05
48.9787490647,2.2666524301,4.6581947e-05
48.7389484253,2.2715463207,1.1012804e-05
48.7438423159,2.2715463207,1.1012804e-05
48.7487362065,2.2715463207,1.1012804e-05
48.7536300971,2.2715463207,1.1012804e-05
48.7585239877,2.2715463207,1.1012804e-05
48.7634178783,2.2715463207,1.1012804e-05
48.7683117689,2.2715463207,9.086236e-06
48.7732056595,2.2715463207,5.3560602e-06
48.7780995501,2.2715463207,2.037883e-06
48.7829934407,2.2715463207,5.150809e-06
48.7878873313,2.2715463207,1.0991911e-05
48.7927812219,2.2715463207,2.1629725e-05
48.7976751125,2.2715463207,3.3137243e-05
48.8025690031,2.2715463207,3.963829e-05
48.8074628937,2.2715463207,4.174218e-05
48.8123567843,2.2715463207,-4.1054636e-06
48.8172506749,2.2715463207,-0.00018395662
48.8221445655,2.2715463207,-0.000184221
48.8270384561,2.2715463207,-3.6316633e-05
48.8319323467,2.2715463207,0.00013106783
48.8368262373,2.2715463207,0.00024339494
48.8417201279,2.2715463207,0.0003338693
48.8466140185,2.2715463207,0.0003688376
48.8515079091,2.2715463207,0.00041622316
48.8564017997,2.2715463207,0.00040925146
48.8612956903,2.2715463207,0.0004118035
48.8661895809,2.2715463207,0.0004436644
48.8710834715,2.2715463207,0.0007072029
48.8759773621,2.2715463207,0.0007676554
48.8808712527,2.2715463207,0.00052130804
48.8857651433,2.2715463207,0.00066615053
48.8906590339,2.2715463207,0.0006031531
48.8955529245,2.2715463207,0.00054098613
48.9004468151,2.2715463207,0.00042653474
48.9053407057,2.2715463207,0.0001544399
48.9102345963,2.2715463207,0.00011873214
48.9151284869,2.2715463207,9.2990835e-05
48.9200223775,2.2715463207,9.3306815e-05
48.9249162681,2.2715463207,7.6763616e-05
48.9298101587,2.2715463207,6.846041e-05
48.9347040493,2.2715463207,6.3009924e-05
48.9395979399,2.2715463207,6.3009924e-05
48.9444918305,2.2715463207,5.9070808e-05
48.9493857211,2.2715463207,5.4750664e-05
48.9542796117,2.2715463207,4.6581947e-05
48.9591735023,2.2715463207,4.6581947e-05
48.9640673929,2.2715463207,4.6581947e-05
48.9689612835,2.2715463207,4.6581947e-05
48.9738551741,2.2715463207,4.6581947e-05
48.9787490647,2.2715463207,4.6581947e-05
48.7389484253,2.2764402113,1.3741462e-05
48.7438423159,2.2764402113,1.3741462e-05
48.7487362065,2.2764402113,1.3741462e-05
48.7536300971,2.2764402113,1.3741462e-05
48.7585239877,2.2764402113,1.3741462e-05
48.7634178783,2.2764402113,1.3741462e-05
48.7683117689,2.2764402113,1.1814897e-05
48.7732056595,2.2764402113,8.0847185e-06
48.7780995501,2.2764402113,4.7665403e-06
48.7829934407,2.2764402113,7.879471e-06
48.7878873313,2.2764402113,1.3720576e-05
48.7927812219,2.2764402113,2.4358387e-05
48.7976751125,2.2764402113,3.586591e-05
48.8025690031,2.2764402113,4.236694e-05
48.8074628937,2.2764402113,4.447084e-05
48.8123567843,2.2764402113,-1.8264296e-05
48.8172506749,2.2764402113,-0.00022988116
48.8221445655,2.2764402113,-0.00017190333
48.8270384561,2.2764402113,-2.361222e-05
48.8319323467,2.2764402113,0.00014703136
48.8368262373,2.2764402113,0.00023087805
48.8417201279,2.2764402113,0.0003382283
48.8466140185,2.2764402113,0.00037319664
48.8515079091,2.2764402113,0.00042058216
48.8564017997,2.2764402113,0.0004365573
48.8612956903,2.2764402113,0.0004746089
48.8661895809,2.2764402113,0.0005043101
48.8710834715,2.2764402113,0.0007973645
48.8759773621,2.2764402113,0.00085781707
48.8808712527,2.2764402113,0.0006345274
48.8857651433,2.2764402113,0.00074953376
48.8906590339,2.2764402113,0.0006865362
48.8955529245,2.2764402113,0.0006195763
48.9004468151,2.2764402113,0.00045831877
48.9053407057,2.2764402113,0.00015996763
48.9102345963,2.2764402113,0.0001242599
48.9151284869,2.2764402113,9.851859e-05
48.9200223775,2.2764402113,9.883457e-05
48.9249162681,2.2764402113,8.229136e-05
48.9298101587,2.2764402113,7.3988165e-05
48.9347040493,2.2764402113,6.853766e-05
48.9395979399,2.2764402113,6.853766e-05
48.9444918305,2.2764402113,6.459855e-05
48.9493857211,2.2764402113,6.0278406e-05
48.9542796117,2.2764402113,5.2109688e-05
48.9591735023,2.2764402113,5.2109688e-05
48.9640673929,2.2764402113,5.2109688e-05
48.9689612835,2.2764402113,5.2109688e-05
48.9738551741,2.2764402113,5.2109688e-05
48.9787490647,2.2764402113,5.2109688e-05
48.7389484253,2.2813341019,1.2695667e-05
48.7438423159,2.2813341019,1.2695667e-05
48.7487362065,2.2813341019,1.2695667e-05
48.7536300971,2.2813341019,1.2695667e-05
48.7585239877,2.2813341019,1.2695667e-05
48.7634178783,2.2813341019,1.2695667e-05
48.7683117689,2.2813341019,3.7249406e-06
48.7732056595,2.2813341019,-5.2383484e-09
48.7780995501,2.2813341019,-3.3234137e-06
48.7829934407,2.2813341019,-2.1048402e-07
48.7878873313,2.2813341019,5.6306185e-06
48.7927812219,2.2813341019,1.626844e-05
48.7976751125,2.2813341019,2.7775945e-05
48.8025690031,2.2813341019,3.4276993e-05
48.8074628937,2.2813341019,3.6380883e-05
48.8123567843,2.2813341019,-2.6354255e-05
48.8172506749,2.2813341019,-0.00023797112
48.8221445655,2.2813341019,-0.00018599127
48.8270384561,2.2813341019,-3.770025e-05
48.8319323467,2.2813341019,0.00013400048
48.8368262373,2.2813341019,0.00021784725
48.8417201279,2.2813341019,0.0003015317
48.8466140185,2.2813341019,0.00036016587
48.8515079091,2.2813341019,0.0004075514
48.8564017997,2.2813341019,0.00042352648
48.8612956903,2.2813341019,0.00046157814
48.8661895809,2.2813341019,0.00049127935
48.8710834715,2.2813341019,0.0007878962
48.8759773621,2.2813341019,0.0008874869
48.8808712527,2.2813341019,0.00066419726
48.8857651433,2.2813341019,0.0007904117
48.8906590339,2.2813341019,0.00069844385
48.8955529245,2.2813341019,0.00063148374
48.9004468151,2.2813341019,0.00046865336
48.9053407057,2.2813341019,0.00016031346
48.9102345963,2.2813341019,0.00012460572
48.9151284869,2.2813341019,9.886442e-05
48.9200223775,2.2813341019,9.91804e-05
48.9249162681,2.2813341019,8.263718e-05
48.9298101587,2.2813341019,7.433399e-05
48.9347040493,2.2813341019,6.8883484e-05
48.9395979399,2.2813341019,6.8883484e-05
48.9444918305,2.2813341019,6.4944375e-05
48.9493857211,2.2813341019,6.0278406e-05
48.9542796117,2.2813341019,5.2109688e-05
48.9591735023,2.2813341019,5.2109688e-05
48.9640673929,2.2813341019,5.2109688e-05
48.9689612835,2.2813341019,5.2109688e-05
48.9738551741,2.2813341019,5.2109688e-05
48.9787490647,2.2813341019,5.2109688e-05
48.7389484253,2.2862279925,1.4964748e-05
48.7438423159,2.2862279925,1.4964748e-05
48.7487362065,2.2862279925,1.4964748e-05
48.7536300971,2.2862279925,1.4964748e-05
48.7585239877,2.2862279925,1.4964748e-05
48.7634178783,2.2862279925,1.4964748e-05
48.7683117689,2.2862279925,7.1735217e-06
48.7732056595,2.2862279925,4.9663417e-06
48.7780995501,2.2862279925,1.6481735e-06
48.7829934407,2.2862279925,4.761098e-06
48.7878873313,2.2862279925,1.3221966e-05
48.7927812219,2.2862279925,2.6986572e-05
48.7976751125,2.2862279925,3.5721358e-05
48.8025690031,2.2862279925,5.399861e-05
48.8074628937,2.2862279925,7.235477e-05
48.8123567843,2.2862279925,1.6128632e-05
48.8172506749,2.2862279925,-0.00020294129
48.8221445655,2.2862279925,-0.00015096144
48.8270384561,2.2862279925,2.4853218e-05
48.8319323467,2.2862279925,0.0001965542
48.8368262373,2.2862279925,0.00028040097
48.8417201279,2.2862279925,0.0003640853
48.8466140185,2.2862279925,0.0004227193
48.8515079091,2.2862279925,0.00047741935
48.8564017997,2.2862279925,0.0004933945
48.8612956903,2.2862279925,0.0005747333
48.8661895809,2.2862279925,0.000642635
48.8710834715,2.2862279925,0.00095174334
48.8759773621,2.2862279925,0.0010513343
48.8808712527,2.2862279925,0.0008566787
48.8857651433,2.2862279925,0.0010045914
48.8906590339,2.2862279925,0.0008850999
48.8955529245,2.2862279925,0.00076857285
48.9004468151,2.2862279925,0.00051521795
48.9053407057,2.2862279925,0.00021107848
48.9102345963,2.2862279925,0.00017103681
48.9151284869,2.2862279925,0.00014480833
48.9200223775,2.2862279925,0.00012667393
48.9249162681,2.2862279925,0.000107336076
48.9298101587,2.2862279925,9.9032884e-05
48.9347040493,2.2862279925,9.028398e-05
48.9395979399,2.2862279925,8.410358e-05
48.9444918305,2.2862279925,8.016449e-05
48.9493857211,2.2862279925,7.549851e-05
48.9542796117,2.2862279925,6.5111795e-05
48.9591735023,2.2862279925,6.5111795e-05
48.9640673929,2.2862279925,6.5111795e-05
48.9689612835,2.2862279925,6.5111795e-05
48.9738551741,2.2862279925,6.5111795e-05
48.9787490647,2.2862279925,6.5111795e-05
48.7389484253,2.2911218831,3.011798e-05
48.7438423159,2.2911218831,3.011798e-05
48.7487362065,2.2911218831,3.011798e-05
48.7536300971,2.2911218831,3.011798e-05
48.7585239877,2.2911218831,3.011798e-05
48.7634178783,2.2911218831,3.011798e-05
48.7683117689,2.2911218831,2.2326754e-05
48.7732056595,2.2911218831,2.0119582e-05
48.7780995501,2.2911218831,1.6801407e-05
48.7829934407,2.2911218831,1.991433e-05
48.7878873313,2.2911218831,2.8375192e-05
48.7927812219,2.2911218831,4.2139807e-05
48.7976751125,2.2911218831,7.342471e-05
48.8025690031,2.2911218831,9.170196e-05
48.8074628937,2.2911218831,0.00011005812
48.8123567843,2.2911218831,5.383199e-05
48.8172506749,2.2911218831,-0.00016523794
48.8221445655,2.2911218831,-0.000113258044
48.8270384561,2.2911218831,6.25565e-05
48.8319323467,2.2911218831,0.0002233142
48.8368262373,2.2911218831,0.00026604737
48.8417201279,2.2911218831,0.00036001788
48.8466140185,2.2911218831,0.00041865188
48.8515079091,2.2911218831,0.00051278004
48.8564017997,2.2911218831,0.00052875513
48.8612956903,2.2911218831,0.00062865746
48.8661895809,2.2911218831,0.0006965591
48.8710834715,2.2911218831,0.0010056675
48.8759773621,2.2911218831,0.0011052586
48.8808712527,2.2911218831,0.00091211055
48.8857651433,2.2911218831,0.0011465602
48.8906590339,2.2911218831,0.001027068
48.8955529245,2.2911218831,0.0008858134
48.9004468151,2.2911218831,0.00061060075
48.9053407057,2.2911218831,0.0002647167
48.9102345963,2.2911218831,0.0002118563
48.9151284869,2.2911218831,0.00016940717
48.9200223775,2.2911218831,0.00015127278
48.9249162681,2.2911218831,0.00013193491
48.9298101587,2.2911218831,0.00011740086
48.9347040493,2.2911218831,0.000107354375
48.9395979399,2.2911218831,0.00010117399
48.9444918305,2.2911218831,9.723487e-05
48.9493857211,2.2911218831,9.256889e-05
48.9542796117,2.2911218831,8.218221e-05
48.9591735023,2.2911218831,8.218221e-05
48.9640673929,2.2911218831,8.218221e-05
48.9689612835,2.2911218831,8.218221e-05
48.9738551741,2.2911218831,8.218221e-05
48.9787490647,2.2911218831,8.218221e-05
48.7389484253,2.2960157737,3.7473557e-05
48.7438423159,2.2960157737,3.7473557e-05
48.7487362065,2.2960157737,3.7473557e-05
48.7536300971,2.2960157737,3.7473557e-05
48.7585239877,2.2960157737,3.7473557e-05
48.7634178783,2.2960157737,3.7473557e-05
48.7683117689,2.2960157737,2.9682318e-05
48.7732056595,2.2960157737,2.7475146e-05
48.7780995501,2.2960157737,2.4156978e-05
48.7829934407,2.2960157737,2.9200322e-05
48.7878873313,2.2960157737,3.7661193e-05
48.7927812219,2.2960157737,5.1425814e-05
48.7976751125,2.2960157737,8.439634e-05
48.8025690031,2.2960157737,0.00010267358
48.8074628937,2.2960157737,0.00012102973
48.8123567843,2.2960157737,4.4220524e-05
48.8172506749,2.2960157737,-0.00011520838
48.8221445655,2.2960157737,-6.322848e-05
48.8270384561,2.2960157737,0.000103655024
48.8319323467,2.2960157737,0.00026441278
48.8368262373,2.2960157737,0.000307146
48.8417201279,2.2960157737,0.00040111633
48.8466140185,2.2960157737,0.00045975033
48.8515079091,2.2960157737,0.00055387855
48.8564017997,2.2960157737,0.0005698537
48.8612956903,2.2960157737,0.00066975603
48.8661895809,2.2960157737,0.00080967275
48.8710834715,2.2960157737,0.0011755341
48.8759773621,2.2960157737,0.0012751248
48.8808712527,2.2960157737,0.0010279146
48.8857651433,2.2960157737,0.0013380599
48.8906590339,2.2960157737,0.0012285734
48.8955529245,2.2960157737,0.0011217644
48.9004468151,2.2960157737,0.00082185905
48.9053407057,2.2960157737,0.0003774799
48.9102345963,2.2960157737,0.0002309327
48.9151284869,2.2960157737,0.0001790598
48.9200223775,2.2960157737,0.00016092544
48.9249162681,2.2960157737,0.00013572728
48.9298101587,2.2960157737,0.0001211932
48.9347040493,2.2960157737,0.000111146735
48.9395979399,2.2960157737,0.00010496633
48.9444918305,2.2960157737,0.00010102723
48.9493857211,2.2960157737,9.636125e-05
48.9542796117,2.2960157737,8.597454e-05
48.9591735023,2.2960157737,8.597454e-05
48.9640673929,2.2960157737,8.597454e-05
48.9689612835,2.2960157737,8.597454e-05
48.9738551741,2.2960157737,8.597454e-05
48.9787490647,2.2960157737,8.597454e-05
48.7389484253,2.3009096643,7.188274e-05
48.7438423159,2.3009096643,7.188274e-05
48.7487362065,2.3009096643,7.188274e-05
48.7536300971,2.3009096643,7.188274e-05
48.7585239877,2.3009096643,7.188274e-05
48.7634178783,2.3009096643,7.188274e-05
48.7683117689,2.3009096643,6.409151e-05
48.7732056595,2.3009096643,6.188433e-05
48.7780995501,2.3009096643,5.8566155e-05
48.7829934407,2.3009096643,6.3609514e-05
48.7878873313,2.3009096643,7.207038e-05
48.7927812219,2.3009096643,9.3336814e-05
48.7976751125,2.3009096643,0.00012630735
48.8025690031,2.3009096643,0.00014458456
48.8074628937,2.3009096643,0.00016723598
48.8123567843,2.3009096643,0.00010517826
48.8172506749,2.3009096643,-3.6062112e-05
48.8221445655,2.3009096643,3.9623425e-05
48.8270384561,2.3009096643,0.00019877289
48.8319323467,2.3009096643,0.0003595306
48.8368262373,2.3009096643,0.00040226377
48.8417201279,2.3009096643,0.00049864606
48.8466140185,2.3009096643,0.00055728003
48.8515079091,2.3009096643,0.0006335595
48.8564017997,2.3009096643,0.00064953463
48.8612956903,2.3009096643,0.00075621
48.8661895809,2.3009096643,0.0009189598
48.8710834715,2.3009096643,0.0012848208
48.8759773621,2.3009096643,0.0013844116
48.8808712527,2.3009096643,0.0011660155
48.8857651433,2.3009096643,0.001446904
48.8906590339,2.3009096643,0.0013864577
48.8955529245,2.3009096643,0.0013216509
48.9004468151,2.3009096643,0.0009987495
48.9053407057,2.3009096643,0.0005915139
48.9102345963,2.3009096643,0.00032559634
48.9151284869,2.3009096643,0.00021900225
48.9200223775,2.3009096643,0.00020086789
48.9249162681,2.3009096643,0.0001756697
48.9298101587,2.3009096643,0.00015660474
48.9347040493,2.3009096643,0.00014655828
48.9395979399,2.3009096643,0.0001403779
48.9444918305,2.3009096643,0.00013643879
48.9493857211,2.3009096643,0.0001317728
48.9542796117,2.3009096643,0.00012138607
48.9591735023,2.3009096643,0.00012138607
48.9640673929,2.3009096643,0.00012138607
48.9689612835,2.3009096643,0.00012138607
48.9738551741,2.3009096643,0.00012138607
48.9787490647,2.3009096643,0.00012138607
48.7389484253,2.3058035549,0.00012827756
48.7438423159,2.3058035549,0.00012827756
48.7487362065,2.3058035549,0.00012827756
48.7536300971,2.3058035549,0.00012827756
48.7585239877,2.3058035549,0.00012827756
48.7634178783,2.3058035549,0.00012827756
48.7683117689,2.3058035549,0.00012048636
48.7732056595,2.3058035549,0.00011827919
48.7780995501,2.3058035549,0.000114961025
48.7829934407,2.3058035549,0.00012000437
48.7878873313,2.3058035549,0.00012846522
48.7927812219,2.3058035549,0.00014973166
48.7976751125,2.3058035549,0.0001917261
48.8025690031,2.3058035549,0.00021000333
48.8074628937,2.3058035549,0.00024370225
48.8123567843,2.3058035549,0.00017387945
48.8172506749,2.3058035549,4.9228576e-05
48.8221445655,2.3058035549,0.00019992059
48.8270384561,2.3058035549,0.00035772478
48.8319323467,2.3058035549,0.0005143537
48.8368262373,2.3058035549,0.00063731417
48.8417201279,2.3058035549,0.0007700772
48.8466140185,2.3058035549,0.00082871126
48.8515079091,2.3058035549,0.0008754719
48.8564017997,2.3058035549,0.0008914471
48.8612956903,2.3058035549,0.0009981225
48.8661895809,2.3058035549,0.001190391
48.8710834715,2.3058035549,0.0015562525
48.8759773621,2.3058035549,0.0016558428
48.8808712527,2.3058035549,0.0014374469
48.8857651433,2.3058035549,0.001730872
48.8906590339,2.3058035549,0.0016870106
48.8955529245,2.3058035549,0.0015996575
48.9004468151,2.3058035549,0.0012679688
48.9053407057,2.3058035549,0.000837201
48.9102345963,2.3058035549,0.0005034965
48.9151284869,2.3058035549,0.00031667526
48.9200223775,2.3058035549,0.00028190363
48.9249162681,2.3058035549,0.00025670548
48.9298101587,2.3058035549,0.00023764052
48.9347040493,2.3058035549,0.00022759405
48.9395979399,2.3058035549,0.00022141365
48.9444918305,2.3058035549,0.00021747453
48.9493857211,2.3058035549,0.00021280855
48.9542796117,2.3058035549,0.00020242183
48.9591735023,2.3058035549,0.00020242183
48.9640673929,2.3058035549,0.00020242183
48.9689612835,2.3058035549,0.00020242183
48.9738551741,2.3058035549,0.00020242183
48.9787490647,2.3058035549,0.00020242183
48.7389484253,2.3106974455,0.00016757737
48.7438423159,2.3106974455,0.00016757737
48.7487362065,2.3106974455,0.00016757737
48.7536300971,2.3106974455,0.00016757737
48.7585239877,2.3106974455,0.00016757737
48.7634178783,2.3106974455,0.00016757737
48.7683117689,2.3106974455,0.00015978613
48.7732056595,2.3106974455,0.00015757895
48.7780995501,2.3106974455,0.00015426076
48.7829934407,2.3106974455,0.00015930414
48.7878873313,2.3106974455,0.00017685855
48.7927812219,2.3106974455,0.00019812492
48.7976751125,2.3106974455,0.00024011944
48.8025690031,2.3106974455,0.00027258424
48.8074628937,2.3106974455,0.00029302345
48.8123567843,2.3106974455,0.0001860342
48.8172506749,2.3106974455,0.00022960683
48.8221445655,2.3106974455,0.00037807392
48.8270384561,2.3106974455,0.0005743414
48.8319323467,2.3106974455,0.0007309705
48.8368262373,2.3106974455,0.0009657227
48.8417201279,2.3106974455,0.0010984854
48.8466140185,2.3106974455,0.0011571194
48.8515079091,2.3106974455,0.0011975063
48.8564017997,2.3106974455,0.0012134818
48.8612956903,2.3106974455,0.0013265315
48.8661895809,2.3106974455,0.0015188003
48.8710834715,2.3106974455,0.001884661
48.8759773621,2.3106974455,0.0019842514
48.8808712527,2.3106974455,0.0017775669
48.8857651433,2.3106974455,0.0021259733
48.8906590339,2.3106974455,0.0019331445
48.8955529245,2.3106974455,0.0018457916
48.9004468151,2.3106974455,0.0015091527
48.9053407057,2.3106974455,0.00087670743
48.9102345963,2.3106974455,0.00055527955
48.9151284869,2.3106974455,0.0003459181
48.9200223775,2.3106974455,0.0003048598
48.9249162681,2.3106974455,0.0002796616
48.9298101587,2.3106974455,0.0002605966
48.9347040493,2.3106974455,0.0002445604
48.9395979399,2.3106974455,0.00023837999
48.9444918305,2.3106974455,0.00023444087
48.9493857211,2.3106974455,0.00022977489
48.9542796117,2.3106974455,0.00021938817
48.9591735023,2.3106974455,0.00021938817
48.9640673929,2.3106974455,0.00021938817
48.9689612835,2.3106974455,0.00021938817
48.9738551741,2.3106974455,0.00021938817
48.9787490647,2.3106974455,0.00021938817
48.7389484253,2.3155913361,0.0001780149
48.7438423159,2.3155913361,0.0001780149
48.7487362065,2.3155913361,0.0001780149
48.7536300971,2.3155913361,0.0001780149
48.7585239877,2.3155913361,0.0001780149
48.7634178783,2.3155913361,0.0001780149
48.7683117689,2.3155913361,0.00017022366
48.7732056595,2.3155913361,0.00016801649
48.7780995501,2.3155913361,0.0001646983
48.7829934407,2.3155913361,0.00016974167
48.7878873313,2.3155913361,0.00018729606
48.7927812219,2.3155913361,0.00020856243
48.7976751125,2.3155913361,0.00025055697
48.8025690031,2.3155913361,0.00030877214
48.8074628937,2.3155913361,0.00035509307
48.8123567843,2.3155913361,0.0002701092
48.8172506749,2.3155913361,0.00049907446
48.8221445655,2.3155913361,0.0006950713
48.8270384561,2.3155913361,0.00081590295
48.8319323467,2.3155913361,0.0010389631
48.8368262373,2.3155913361,0.0013431751
48.8417201279,2.3155913361,0.0015595505
48.8466140185,2.3155913361,0.0016181846
48.8515079091,2.3155913361,0.0016111041
48.8564017997,2.3155913361,0.0016270794
48.8612956903,2.3155913361,0.0017401291
48.8661895809,2.3155913361,0.0019323983
48.8710834715,2.3155913361,0.0023904492
48.8759773621,2.3155913361,0.0025056337
48.8808712527,2.3155913361,0.0022968715
48.8857651433,2.3155913361,0.0025532723
48.8906590339,2.3155913361,0.0021061245
48.8955529245,2.3155913361,0.0020169972
48.9004468151,2.3155913361,0.0016679277
48.9053407057,2.3155913361,0.0008794418
48.9102345963,2.3155913361,0.0005411363
48.9151284869,2.3155913361,0.00033177485
48.9200223775,2.3155913361,0.00029071656
48.9249162681,2.3155913361,0.00026551835
48.9298101587,2.3155913361,0.00024645336
48.9347040493,2.3155913361,0.0002304171
48.9395979399,2.3155913361,0.0002242367
48.9444918305,2.3155913361,0.00022029762
48.9493857211,2.3155913361,0.00021563163
48.9542796117,2.3155913361,0.00020524491
48.9591735023,2.3155913361,0.00020524491
48.9640673929,2.3155913361,0.00020524491
48.9689612835,2.3155913361,0.00020524491
48.9738551741,2.3155913361,0.00020524491
48.9787490647,2.3155913361,0.00020524491
48.7389484253,2.3204852267,0.00018243094
48.7438423159,2.3204852267,0.00018243094
48.7487362065,2.3204852267,0.00018243094
48.7536300971,2.3204852267,0.00018243094
48.7585239877,2.3204852267,0.00018243094
48.7634178783,2.3204852267,0.00018243094
48.7683117689,2.3204852267,0.0001746397
48.7732056595,2.3204852267,0.00017243253
48.7780995501,2.3204852267,0.00016911434
48.7829934407,2.3204852267,0.00017415771
48.7878873313,2.3204852267,0.0001917121
48.7927812219,2.3204852267,0.00021297847
48.7976751125,2.3204852267,0.000254973
48.8025690031,2.3204852267,0.00033610823
48.8074628937,2.3204852267,0.00040587943
48.8123567843,2.3204852267,0.00046648277
48.8172506749,2.3204852267,0.0006699585
48.8221445655,2.3204852267,0.001059058
48.8270384561,2.3204852267,0.0012663198
48.8319323467,2.3204852267,0.0016000943
48.8368262373,2.3204852267,0.0019043066
48.8417201279,2.3204852267,0.0021206818
48.8466140185,2.3204852267,0.0021793162
48.8515079091,2.3204852267,0.0022061698
48.8564017997,2.3204852267,0.002211964
48.8612956903,2.3204852267,0.0023250135
48.8661895809,2.3204852267,0.0025827035
48.8710834715,2.3204852267,0.0030391805
48.8759773621,2.3204852267,0.0033372499
48.8808712527,2.3204852267,0.002970534
48.8857651433,2.3204852267,0.0029001962
48.8906590339,2.3204852267,0.002318634
48.8955529245,2.3204852267,0.0020165495
48.9004468151,2.3204852267,0.001647444
48.9053407057,2.3204852267,0.00088587694
48.9102345963,2.3204852267,0.00054757146
48.9151284869,2.3204852267,0.00033821003
48.9200223775,2.3204852267,0.00029715174
48.9249162681,2.3204852267,0.00027195353
48.9298101587,2.3204852267,0.00025288854
48.9347040493,2.3204852267,0.00023685227
48.9395979399,2.3204852267,0.00023067187
48.9444918305,2.3204852267,0.00022673275
48.9493857211,2.3204852267,0.00022206677
48.9542796117,2.3204852267,0.00021168005
48.9591735023,2.3204852267,0.00021168005
48.9640673929,2.3204852267,0.00021168005
48.9689612835,2.3204852267,0.00021168005
48.9738551741,2.3204852267,0.00021168005
48.9787490647,2.3204852267,0.00021168005
48.7389484253,2.3253791173,0.00016991475
48.7438423159,2.3253791173,0.00016991475
48.7487362065,2.3253791173,0.00016991475
48.7536300971,2.3253791173,0.00016991475
48.7585239877,2.3253791173,0.00016991475
48.7634178783,2.3253791173,0.00016991475
48.7683117689,2.3253791173,0.00017558436
48.7732056595,2.3253791173,0.00016852461
48.7780995501,2.3253791173,0.00016520642
48.7829934407,2.3253791173,0.0001702498
48.7878873313,2.3253791173,0.00018780415
48.7927812219,2.3253791173,0.00020907058
48.7976751125,2.3253791173,0.00025106512
48.8025690031,2.3253791173,0.00034405253
48.8074628937,2.3253791173,0.00039256323
48.8123567843,2.3253791173,0.0006218576
48.8172506749,2.3253791173,0.0009491351
48.8221445655,2.3253791173,0.0012933995
48.8270384561,2.3253791173,0.0014374045
48.8319323467,2.3253791173,0.0017949305
48.8368262373,2.3253791173,0.0020991615
48.8417201279,2.3253791173,0.0023155375
48.8466140185,2.3253791173,0.0023815485
48.8515079091,2.3253791173,0.0027837483
48.8564017997,2.3253791173,0.0028073853
48.8612956903,2.3253791173,0.0029709495
48.8661895809,2.3253791173,0.0032286395
48.8710834715,2.3253791173,0.0036558134
48.8759773621,2.3253791173,0.0038575232
48.8808712527,2.3253791173,0.0033639066
48.8857651433,2.3253791173,0.0028584057
48.8906590339,2.3253791173,0.0022768439
48.8955529245,2.3253791173,0.0020426847
48.9004468151,2.3253791173,0.001737429
48.9053407057,2.3253791173,0.0008809923
48.9102345963,2.3253791173,0.00053889304
48.9151284869,2.3253791173,0.00028473418
48.9200223775,2.3253791173,0.00024554378
48.9249162681,2.3253791173,0.0002203456
48.9298101587,2.3253791173,0.00020128067
48.9347040493,2.3253791173,0.00018524443
48.9395979399,2.3253791173,0.00017906402
48.9444918305,2.3253791173,0.00017308592
48.9493857211,2.3253791173,0.00017166074
48.9542796117,2.3253791173,0.00015917027
48.9591735023,2.3253791173,0.00015917027
48.9640673929,2.3253791173,0.00015917027
48.9689612835,2.3253791173,0.00015917027
48.9738551741,2.3253791173,0.00015917027
48.9787490647,2.3253791173,0.00015917027
48.7389484253,2.3302730079,0.00017263093
48.7438423159,2.3302730079,0.00017263093
48.7487362065,2.3302730079,0.00017263093
48.7536300971,2.3302730079,0.00017263093
48.7585239877,2.3302730079,0.00017263093
48.7634178783,2.3302730079,0.00017263093
48.7683117689,2.3302730079,0.00017830056
48.7732056595,2.3302730079,0.00017124084
48.7780995501,2.3302730079,0.00016792268
48.7829934407,2.3302730079,0.000172966
48.7878873313,2.3302730079,0.00019052038
48.7927812219,2.3302730079,0.00021178681
48.7976751125,2.3302730079,0.00025378139
48.8025690031,2.3302730079,0.00036407946
48.8074628937,2.3302730079,0.00044581195
48.8123567843,2.3302730079,0.0006996028
48.8172506749,2.3302730079,0.0009793597
48.8221445655,2.3302730079,0.0012907104
48.8270384561,2.3302730079,0.0014103169
48.8319323467,2.3302730079,0.0017678429
48.8368262373,2.3302730079,0.002072074
48.8417201279,2.3302730079,0.0022971956
48.8466140185,2.3302730079,0.0023632066
48.8515079091,2.3302730079,0.0027923053
48.8564017997,2.3302730079,0.0028078132
48.8612956903,2.3302730079,0.0029713775
48.8661895809,2.3302730079,0.0032290674
48.8710834715,2.3302730079,0.003642718
48.8759773621,2.3302730079,0.003844428
48.8808712527,2.3302730079,0.0033106438
48.8857651433,2.3302730079,0.0027300862
48.8906590339,2.3302730079,0.0021676654
48.8955529245,2.3302730079,0.0020391278
48.9004468151,2.3302730079,0.0017387914
48.9053407057,2.3302730079,0.0009024056
48.9102345963,2.3302730079,0.00056030654
48.9151284869,2.3302730079,0.00030614767
48.9200223775,2.3302730079,0.00025726107
48.9249162681,2.3302730079,0.0002259448
48.9298101587,2.3302730079,0.00020687983
48.9347040493,2.3302730079,0.00019084357
48.9395979399,2.3302730079,0.00017722341
48.9444918305,2.3302730079,0.00017124531
48.9493857211,2.3302730079,0.00016982012
48.9542796117,2.3302730079,0.00015732966
48.9591735023,2.3302730079,0.00015732966
48.9640673929,2.3302730079,0.00015732966
48.9689612835,2.3302730079,0.00015732966
48.9738551741,2.3302730079,0.00015732966
48.9787490647,2.3302730079,0.00015732966
48.7389484253,2.3351668985000003,0.0001553978
48.7438423159,2.3351668985000003,0.0001553978
48.7487362065,2.3351668985000003,0.0001553978
48.7536300971,2.3351668985000003,0.0001553978
48.7585239877,2.3351668985000003,0.0001553978
48.7634178783,2.3351668985000003,0.0001553978
48.7683117689,2.3351668985000003,0.00016106744
48.7732056595,2.3351668985000003,0.00015400766
48.7780995501,2.3351668985000003,0.0001506895
48.7829934407,2.3351668985000003,0.00015573285
48.7878873313,2.3351668985000003,0.00017328726
48.7927812219,2.3351668985000003,0.0001945537
48.7976751125,2.3351668985000003,0.00024683753
48.8025690031,2.3351668985000003,0.00035713552
48.8074628937,2.3351668985000003,0.0004911546
48.8123567843,2.3351668985000003,0.0008387619
48.8172506749,2.3351668985000003,0.00096022076
48.8221445655,2.3351668985000003,0.0012634894
48.8270384561,2.3351668985000003,0.0013838931
48.8319323467,2.3351668985000003,0.0017321146
48.8368262373,2.3351668985000003,0.00203144
48.8417201279,2.3351668985000003,0.0022959493
48.8466140185,2.3351668985000003,0.0023382944
48.8515079091,2.3351668985000003,0.0028003033
48.8564017997,2.3351668985000003,0.0029212793
48.8612956903,2.3351668985000003,0.003084844
48.8661895809,2.3351668985000003,0.003340676
48.8710834715,2.3351668985000003,0.0034501436
48.8759773621,2.3351668985000003,0.0032633939
48.8808712527,2.3351668985000003,0.0029430897
48.8857651433,2.3351668985000003,0.0024343468
48.8906590339,2.3351668985000003,0.002015124
48.8955529245,2.3351668985000003,0.0019672266
48.9004468151,2.3351668985000003,0.0017516454
48.9053407057,2.3351668985000003,0.000919222
48.9102345963,2.3351668985000003,0.0005607703
48.9151284869,2.3351668985000003,0.00030661136
48.9200223775,2.3351668985000003,0.00025772475
48.9249162681,2.3351668985000003,0.00022640849
48.9298101587,2.3351668985000003,0.00020338102
48.9347040493,2.3351668985000003,0.00018734475
48.9395979399,2.3351668985000003,0.00017372462
48.9444918305,2.3351668985000003,0.00016774649
48.9493857211,2.3351668985000003,0.0001663213
48.9542796117,2.3351668985000003,0.00015383084
48.9591735023,2.3351668985000003,0.00015383084
48.9640673929,2.3351668985000003,0.00015383084
48.9689612835,2.3351668985000003,0.00015383084
48.9738551741,2.3351668985000003,0.00015383084
48.9787490647,2.3351668985000003,0.00015383084
48.7389484253,2.3400607891000003,0.00012007117
48.7438423159,2.3400607891000003,0.00012007117
48.7487362065,2.3400607891000003,0.00012007117
48.7536300971,2.3400607891000003,0.00012007117
48.7585239877,2.3400607891000003,0.00012007117
48.7634178783,2.3400607891000003,0.00012007117
48.7683117689,2.3400607891000003,0.00012574081
48.7732056595,2.3400607891000003,0.000118681026
48.7780995501,2.3400607891000003,0.000115362855
48.7829934407,2.3400607891000003,0.000120406214
48.7878873313,2.3400607891000003,0.00013796067
48.7927812219,2.3400607891000003,0.00015922707
48.7976751125,2.3400607891000003,0.00022198686
48.8025690031,2.3400607891000003,0.00033228486
48.8074628937,2.3400607891000003,0.0004663039
48.8123567843,2.3400607891000003,0.00081391126
48.8172506749,2.3400607891000003,0.0009244174
48.8221445655,2.3400607891000003,0.0012110969
48.8270384561,2.3400607891000003,0.0013315006
48.8319323467,2.3400607891000003,0.0016797221
48.8368262373,2.3400607891000003,0.0018742644
48.8417201279,2.3400607891000003,0.002138772
48.8466140185,2.3400607891000003,0.0021811172
48.8515079091,2.3400607891000003,0.0028247745
48.8564017997,2.3400607891000003,0.002945751
48.8612956903,2.3400607891000003,0.0031093152
48.8661895809,2.3400607891000003,0.0033278249
48.8710834715,2.3400607891000003,0.0033634494
48.8759773621,2.3400607891000003,0.0031766996
48.8808712527,2.3400607891000003,0.0028843263
48.8857651433,2.3400607891000003,0.0023849965
48.8906590339,2.3400607891000003,0.0019657742
48.8955529245,2.3400607891000003,0.001917877
48.9004468151,2.3400607891000003,0.0017022956
48.9053407057,2.3400607891000003,0.00089439144
48.9102345963,2.3400607891000003,0.00052742515
48.9151284869,2.3400607891000003,0.00027326623
48.9200223775,2.3400607891000003,0.00022437959
48.9249162681,2.3400607891000003,0.0001864694
48.9298101587,2.3400607891000003,0.00016344193
48.9347040493,2.3400607891000003,0.00014740569
48.9395979399,2.3400607891000003,0.00013378545
48.9444918305,2.3400607891000003,0.00012780732
48.9493857211,2.3400607891000003,0.0001263821
48.9542796117,2.3400607891000003,0.00011389163
48.9591735023,2.3400607891000003,0.00011389163
48.9640673929,2.3400607891000003,0.00011389163
48.9689612835,2.3400607891000003,0.00011389163
48.9738551741,2.3400607891000003,0.00011389163
48.9787490647,2.3400607891000003,0.00011389163
48.7389484253,2.3449546797000003,0.00014376106
48.7438423159,2.3449546797000003,0.00014376106
48.7487362065,2.3449546797000003,0.00014376106
48.7536300971,2.3449546797000003,0.00014376106
48.7585239877,2.3449546797000003,0.00014376106
48.7634178783,2.3449546797000003,0.00014376106
48.7683117689,2.3449546797000003,0.00014943066
48.7732056595,2.3449546797000003,0.00014237092
48.7780995501,2.3449546797000003,0.00013905276
48.7829934407,2.3449546797000003,0.00014409608
48.7878873313,2.3449546797000003,0.00016165049
48.7927812219,2.3449546797000003,0.00018291692
48.7976751125,2.3449546797000003,0.00024567675
48.8025690031,2.3449546797000003,0.00035597463
48.8074628937,2.3449546797000003,0.0004899938
48.8123567843,2.3449546797000003,0.00081114436
48.8172506749,2.3449546797000003,0.00090346194
48.8221445655,2.3449546797000003,0.0011273883
48.8270384561,2.3449546797000003,0.001247792
48.8319323467,2.3449546797000003,0.0015960137
48.8368262373,2.3449546797000003,0.0017905559
48.8417201279,2.3449546797000003,0.0020029068
48.8466140185,2.3449546797000003,0.0021021445
48.8515079091,2.3449546797000003,0.0028604055
48.8564017997,2.3449546797000003,0.002981382
48.8612956903,2.3449546797000003,0.0031449462
48.8661895809,2.3449546797000003,0.0033340284
48.8710834715,2.3449546797000003,0.003369653
48.8759773621,2.3449546797000003,0.0031829032
48.8808712527,2.3449546797000003,0.0028905298
48.8857651433,2.3449546797000003,0.0023778235
48.8906590339,2.3449546797000003,0.001958601
48.8955529245,2.3449546797000003,0.001942161
48.9004468151,2.3449546797000003,0.0019673563
48.9053407057,2.3449546797000003,0.0012065126
48.9102345963,2.3449546797000003,0.00055539294
48.9151284869,2.3449546797000003,0.00030123396
48.9200223775,2.3449546797000003,0.00022773116
48.9249162681,2.3449546797000003,0.00018982097
48.9298101587,2.3449546797000003,0.00016029319
48.9347040493,2.3449546797000003,0.0001451812
48.9395979399,2.3449546797000003,0.00013156096
48.9444918305,2.3449546797000003,0.00012401996
48.9493857211,2.3449546797000003,0.00012259478
48.9542796117,2.3449546797000003,0.00011010429
48.9591735023,2.3449546797000003,0.00011010429
48.9640673929,2.3449546797000003,0.00011010429
48.9689612835,2.3449546797000003,0.00011010429
48.9738551741,2.3449546797000003,0.00011010429
48.9787490647,2.3449546797000003,0.00011010429
48.7389484253,2.3498485703,8.721293e-05
48.7438423159,2.3498485703,8.721293e-05
48.7487362065,2.3498485703,8.721293e-05
48.7536300971,2.3498485703,8.721293e-05
48.7585239877,2.3498485703,8.721293e-05
48.7634178783,2.3498485703,8.721293e-05
48.7683117689,2.3498485703,9.2882576e-05
48.7732056595,2.3498485703,8.58228e-05
48.7780995501,2.3498485703,8.250461e-05
48.7829934407,2.3498485703,8.7548e-05
48.7878873313,2.3498485703,0.0001051024
48.7927812219,2.3498485703,0.00012636883
48.7976751125,2.3498485703,0.00018912858
48.8025690031,2.3498485703,0.00029942673
48.8074628937,2.3498485703,0.00041678915
48.8123567843,2.3498485703,0.00070319505
48.8172506749,2.3498485703,0.0007868168
48.8221445655,2.3498485703,0.0009735618
48.8270384561,2.3498485703,0.0010738884
48.8319323467,2.3498485703,0.0014143585
48.8368262373,2.3498485703,0.001608901
48.8417201279,2.3498485703,0.0018206732
48.8466140185,2.3498485703,0.0019199111
48.8515079091,2.3498485703,0.002791607
48.8564017997,2.3498485703,0.0029276425
48.8612956903,2.3498485703,0.003235405
48.8661895809,2.3498485703,0.0034244873
48.8710834715,2.3498485703,0.0034322345
48.8759773621,2.3498485703,0.0032454848
48.8808712527,2.3498485703,0.0030117405
48.8857651433,2.3498485703,0.0029452196
48.8906590339,2.3498485703,0.0024340355
48.8955529245,2.3498485703,0.0027676013
48.9004468151,2.3498485703,0.0027109704
48.9053407057,2.3498485703,0.0017571478
48.9102345963,2.3498485703,0.00067692256
48.9151284869,2.3498485703,0.00033619022
48.9200223775,2.3498485703,0.00024948808
48.9249162681,2.3498485703,0.00016322511
48.9298101587,2.3498485703,0.00013369726
48.9347040493,2.3498485703,0.00011858525
48.9395979399,2.3498485703,0.00010211541
48.9444918305,2.3498485703,8.948884e-05
48.9493857211,2.3498485703,8.5871776e-05
48.9542796117,2.3498485703,7.082747e-05
48.9591735023,2.3498485703,7.082747e-05
48.9640673929,2.3498485703,7.082747e-05
48.9689612835,2.3498485703,7.082747e-05
48.9738551741,2.3498485703,7.082747e-05
48.9787490647,2.3498485703,7.082747e-05
48.7389484253,2.3547424609,1.9184783e-05
48.7438423159,2.3547424609,1.9184783e-05
48.7487362065,2.3547424609,1.9184783e-05
48.7536300971,2.3547424609,1.9184783e-05
48.7585239877,2.3547424609,1.9184783e-05
48.7634178783,2.3547424609,1.9184783e-05
48.7683117689,2.3547424609,2.485442e-05
48.7732056595,2.3547424609,1.779466e-05
48.7780995501,2.3547424609,1.4476485e-05
48.7829934407,2.3547424609,1.9519837e-05
48.7878873313,2.3547424609,3.707427e-05
48.7927812219,2.3547424609,5.834067e-05
48.7976751125,2.3547424609,0.00012110041
48.8025690031,2.3547424609,0.00023139859
48.8074628937,2.3547424609,0.00035039877
48.8123567843,2.3547424609,0.0005696326
48.8172506749,2.3547424609,0.0007097612
48.8221445655,2.3547424609,0.0009445176
48.8270384561,2.3547424609,0.0010319307
48.8319323467,2.3547424609,0.0013119321
48.8368262373,2.3547424609,0.0014872558
48.8417201279,2.3547424609,0.0016626483
48.8466140185,2.3547424609,0.0017618858
48.8515079091,2.3547424609,0.0026335835
48.8564017997,2.3547424609,0.0026344417
48.8612956903,2.3547424609,0.0028989173
48.8661895809,2.3547424609,0.0031512517
48.8710834715,2.3547424609,0.0033230323
48.8759773621,2.3547424609,0.0034930122
48.8808712527,2.3547424609,0.0032762366
48.8857651433,2.3547424609,0.0032097157
48.8906590339,2.3547424609,0.0026956375
48.8955529245,2.3547424609,0.0029261054
48.9004468151,2.3547424609,0.0027752954
48.9053407057,2.3547424609,0.0017736136
48.9102345963,2.3547424609,0.0006564571
48.9151284869,2.3547424609,0.00031572502
48.9200223775,2.3547424609,0.00022902297
48.9249162681,2.3547424609,0.00014275988
48.9298101587,2.3547424609,0.00011323194
48.9347040493,2.3547424609,9.811992e-05
48.9395979399,2.3547424609,8.165018e-05
48.9444918305,2.3547424609,6.632154e-05
48.9493857211,2.3547424609,4.5661363e-05
48.9542796117,2.3547424609,3.0617095e-05
48.9591735023,2.3547424609,3.0617095e-05
48.9640673929,2.3547424609,3.0617095e-05
48.9689612835,2.3547424609,3.0617095e-05
48.9738551741,2.3547424609,3.0617095e-05
48.9787490647,2.3547424609,3.0617095e-05
48.7389484253,2.3596363515,1.1351984e-05
48.7438423159,2.3596363515,1.1351984e-05
48.7487362065,2.3596363515,1.1351984e-05
48.7536300971,2.3596363515,1.1351984e-05
48.7585239877,2.3596363515,1.1351984e-05
48.7634178783,2.3596363515,1.1351984e-05
48.7683117689,2.3596363515,1.7021623e-05
48.7732056595,2.3596363515,9.961863e-06
48.7780995501,2.3596363515,6.6436855e-06
48.7829934407,2.3596363515,1.1687036e-05
48.7878873313,2.3596363515,2.9241459e-05
48.7927812219,2.3596363515,5.050787e-05
48.7976751125,2.3596363515,0.000113267604
48.8025690031,2.3596363515,0.00022356579
48.8074628937,2.3596363515,0.00034256594
48.8123567843,2.3596363515,0.00056179985
48.8172506749,2.3596363515,0.00070192845
48.8221445655,2.3596363515,0.0009170846
48.8270384561,2.3596363515,0.0010044976
48.8319323467,2.3596363515,0.0012844993
48.8368262373,2.3596363515,0.0014598228
48.8417201279,2.3596363515,0.0016352152
48.8466140185,2.3596363515,0.001734453
48.8515079091,2.3596363515,0.0026061505
48.8564017997,2.3596363515,0.0026070087
48.8612956903,2.3596363515,0.0028714843
48.8661895809,2.3596363515,0.0031238187
48.8710834715,2.3596363515,0.0032955993
48.8759773621,2.3596363515,0.0034894145
48.8808712527,2.3596363515,0.003272639
48.8857651433,2.3596363515,0.003206118
48.8906590339,2.3596363515,0.0026920398
48.8955529245,2.3596363515,0.0029225077
48.9004468151,2.3596363515,0.0027698956
48.9053407057,2.3596363515,0.0017111622
48.9102345963,2.3596363515,0.0006036033
48.9151284869,2.3596363515,0.00026287127
48.9200223775,2.3596363515,0.00017616915
48.9249162681,2.3596363515,0.00014485294
48.9298101587,2.3596363515,0.000115325
48.9347040493,2.3596363515,0.000100212965
48.9395979399,2.3596363515,8.374324e-05
48.9444918305,2.3596363515,6.8414556e-05
48.9493857211,2.3596363515,4.77544e-05
48.9542796117,2.3596363515,3.2710133e-05
48.9591735023,2.3596363515,3.2710133e-05
48.9640673929,2.3596363515,3.2710133e-05
48.9689612835,2.3596363515,3.2710133e-05
48.9738551741,2.3596363515,3.2710133e-05
48.9787490647,2.3596363515,3.2710133e-05
48.7389484253,2.3645302421,4.222575e-05
48.7438423159,2.3645302421,4.222575e-05
48.7487362065,2.3645302421,4.222575e-05
48.7536300971,2.3645302421,4.222575e-05
48.7585239877,2.3645302421,4.222575e-05
48.7634178783,2.3645302421,4.222575e-05
48.7683117689,2.3645302421,4.7895395e-05
48.7732056595,2.3645302421,4.083562e-05
48.7780995501,2.3645302421,3.7517442e-05
48.7829934407,2.3645302421,4.25608e-05
48.7878873313,2.3645302421,6.0115213e-05
48.7927812219,2.3645302421,8.1381644e-05
48.7976751125,2.3645302421,0.00014414139
48.8025690031,2.3645302421,0.00025443966
48.8074628937,2.3645302421,0.00037343972
48.8123567843,2.3645302421,0.0005903513
48.8172506749,2.3645302421,0.0007310367
48.8221445655,2.3645302421,0.0010298932
48.8270384561,2.3645302421,0.0011425721
48.8319323467,2.3645302421,0.0014225738
48.8368262373,2.3645302421,0.0019063336
48.8417201279,2.3645302421,0.002192471
48.8466140185,2.3645302421,0.0022917092
48.8515079091,2.3645302421,0.0027685831
48.8564017997,2.3645302421,0.0027518808
48.8612956903,2.3645302421,0.0027361042
48.8661895809,2.3645302421,0.0029567298
48.8710834715,2.3645302421,0.003096182
48.8759773621,2.3645302421,0.003289997
48.8808712527,2.3645302421,0.0031186515
48.8857651433,2.3645302421,0.0030833993
48.8906590339,2.3645302421,0.0026643858
48.8955529245,2.3645302421,0.002878543
48.9004468151,2.3645302421,0.0026527978
48.9053407057,2.3645302421,0.0015779152
48.9102345963,2.3645302421,0.00047933072
48.9151284869,2.3645302421,0.00016598217
48.9200223775,2.3645302421,9.568215e-05
48.9249162681,2.3645302421,6.436594e-05
48.9298101587,2.3645302421,3.9481223e-05
48.9347040493,2.3645302421,2.4369238e-05
48.9395979399,2.3645302421,7.899486e-06
48.9444918305,2.3645302421,-7.4291647e-06
48.9493857211,2.3645302421,4.120052e-06
48.9542796117,2.3645302421,-1.0924227e-05
48.9591735023,2.3645302421,-1.0924227e-05
48.9640673929,2.3645302421,-1.0924227e-05
48.9689612835,2.3645302421,-1.0924227e-05
48.9738551741,2.3645302421,-1.0924227e-05
48.9787490647,2.3645302421,-1.0924227e-05
48.7389484253,2.3694241327,2.5047075e-05
48.7438423159,2.3694241327,2.5047075e-05
48.7487362065,2.3694241327,2.5047075e-05
48.7536300971,2.3694241327,2.5047075e-05
48.7585239877,2.3694241327,2.5047075e-05
48.7634178783,2.3694241327,2.5047075e-05
48.7683117689,2.3694241327,3.0716717e-05
48.7732056595,2.3694241327,2.365697e-05
48.7780995501,2.3694241327,2.0338786e-05
48.7829934407,2.3694241327,2.5382136e-05
48.7878873313,2.3694241327,4.2936546e-05
48.7927812219,2.3694241327,6.420297e-05
48.7976751125,2.3694241327,0.00010441263
48.8025690031,2.3694241327,0.00020144804
48.8074628937,2.3694241327,0.0002956922
48.8123567843,2.3694241327,0.0005299071
48.8172506749,2.3694241327,0.0007170253
48.8221445655,2.3694241327,0.0010107629
48.8270384561,2.3694241327,0.0012069775
48.8319323467,2.3694241327,0.0015645036
48.8368262373,2.3694241327,0.002094323
48.8417201279,2.3694241327,0.002460881
48.8466140185,2.3694241327,0.0025276516
48.8515079091,2.3694241327,0.002473077
48.8564017997,2.3694241327,0.0022962724
48.8612956903,2.3694241327,0.0021473651
48.8661895809,2.3694241327,0.0022681346
48.8710834715,2.3694241327,0.002262741
48.8759773621,2.3694241327,0.002202533
48.8808712527,2.3694241327,0.002391529
48.8857651433,2.3694241327,0.002861513
48.8906590339,2.3694241327,0.0024903566
48.8955529245,2.3694241327,0.002704504
48.9004468151,2.3694241327,0.0024330635
48.9053407057,2.3694241327,0.0013442511
48.9102345963,2.3694241327,0.00032177343
48.9151284869,2.3694241327,0.00012530718
48.9200223775,2.3694241327,5.500727e-05
48.9249162681,2.3694241327,2.3691075e-05
48.9298101587,2.3694241327,-1.1936285e-06
48.9347040493,2.3694241327,-1.630562e-05
48.9395979399,2.3694241327,-3.277534e-05
48.9444918305,2.3694241327,-4.8104033e-05
48.9493857211,2.3694241327,-3.6554782e-05
48.9542796117,2.3694241327,-5.15991e-05
48.9591735023,2.3694241327,-5.15991e-05
48.9640673929,2.3694241327,-5.15991e-05
48.9689612835,2.3694241327,-5.15991e-05
48.9738551741,2.3694241327,-5.15991e-05
48.9787490647,2.3694241327,-5.15991e-05
48.7389484253,2.3743180233,5.8327598e-05
48.7438423159,2.3743180233,5.8327598e-05
48.7487362065,2.3743180233,5.8327598e-05
48.7536300971,2.3743180233,5.8327598e-05
48.7585239877,2.3743180233,5.8327598e-05
48.7634178783,2.3743180233,5.8327598e-05
48.7683117689,2.3743180233,6.454271e-05
48.7732056595,2.3743180233,5.7482954e-05
48.7780995501,2.3743180233,5.4164775e-05
48.7829934407,2.3743180233,5.920812e-05
48.7878873313,2.3743180233,7.6762546e-05
48.7927812219,2.3743180233,9.802897e-05
48.7976751125,2.3743180233,0.00013823854
48.8025690031,2.3743180233,0.00019855588
48.8074628937,2.3743180233,0.0002668246
48.8123567843,2.3743180233,0.00025987325
48.8172506749,2.3743180233,0.0005712165
48.8221445655,2.3743180233,0.0010524521
48.8270384561,2.3743180233,0.0012126155
48.8319323467,2.3743180233,0.0015666243
48.8368262373,2.3743180233,0.0020964441
48.8417201279,2.3743180233,0.0024459918
48.8466140185,2.3743180233,0.00246265
48.8515079091,2.3743180233,0.0024051385
48.8564017997,2.3743180233,0.0022084957
48.8612956903,2.3743180233,0.0020595884
48.8661895809,2.3743180233,0.0021262963
48.8710834715,2.3743180233,0.0020765178
48.8759773621,2.3743180233,0.0020163092
48.8808712527,2.3743180233,0.0022901034
48.8857651433,2.3743180233,0.002794625
48.8906590339,2.3743180233,0.002423468
48.8955529245,2.3743180233,0.0027174375
48.9004468151,2.3743180233,0.002445997
48.9053407057,2.3743180233,0.0013571846
48.9102345963,2.3743180233,0.00033470718
48.9151284869,2.3743180233,0.00013824094
48.9200223775,2.3743180233,6.7941e-05
48.9249162681,2.3743180233,3.662481e-05
48.9298101587,2.3743180233,1.17401e-05
48.9347040493,2.3743180233,-3.37189e-06
48.9395979399,2.3743180233,-1.9841618e-05
48.9444918305,2.3743180233,-3.5170287e-05
48.9493857211,2.3743180233,-2.3621056e-05
48.9542796117,2.3743180233,-3.866534e-05
48.9591735023,2.3743180233,-3.866534e-05
48.9640673929,2.3743180233,-3.866534e-05
48.9689612835,2.3743180233,-3.866534e-05
48.9738551741,2.3743180233,-3.866534e-05
48.9787490647,2.3743180233,-3.866534e-05
48.7389484253,2.3792119139,7.0753675e-05
48.7438423159,2.3792119139,7.0753675e-05
48.7487362065,2.3792119139,7.0753675e-05
48.7536300971,2.3792119139,7.0753675e-05
48.7585239877,2.3792119139,7.0753675e-05
48.7634178783,2.3792119139,7.0753675e-05
48.7683117689,2.3792119139,7.69688e-05
48.7732056595,2.3792119139,7.084011e-05
48.7780995501,2.3792119139,6.752193e-05
48.7829934407,2.3792119139,7.2565286e-05
48.7878873313,2.3792119139,8.431794e-05
48.7927812219,2.3792119139,0.00010558439
48.7976751125,2.3792119139,0.00014108374
48.8025690031,2.3792119139,0.0001924286
48.8074628937,2.3792119139,0.00020097899
48.8123567843,2.3792119139,0.00020827031
48.8172506749,2.3792119139,0.00055018725
48.8221445655,2.3792119139,0.0010714879
48.8270384561,2.3792119139,0.001324736
48.8319323467,2.3792119139,0.0017313762
48.8368262373,2.3792119139,0.0022372273
48.8417201279,2.3792119139,0.002576489
48.8466140185,2.3792119139,0.002593147
48.8515079091,2.3792119139,0.0024322488
48.8564017997,2.3792119139,0.0020215278
48.8612956903,2.3792119139,0.0018381967
48.8661895809,2.3792119139,0.001829187
48.8710834715,2.3792119139,0.0017537487
48.8759773621,2.3792119139,0.0016935404
48.8808712527,2.3792119139,0.0019913027
48.8857651433,2.3792119139,0.002596215
48.8906590339,2.3792119139,0.002250817
48.8955529245,2.3792119139,0.0026874794
48.9004468151,2.3792119139,0.0024786824
48.9053407057,2.3792119139,0.0013580987
48.9102345963,2.3792119139,0.00033715036
48.9151284869,2.3792119139,0.00014068418
48.9200223775,2.3792119139,8.7892855e-05
48.9249162681,2.3792119139,5.657673e-05
48.9298101587,2.3792119139,3.1692023e-05
48.9347040493,2.3792119139,1.7877608e-05
48.9395979399,2.3792119139,1.4078865e-06
48.9444918305,2.3792119139,-1.2357943e-05
48.9493857211,2.3792119139,-8.087121e-07
48.9542796117,2.3792119139,-1.5852997e-05
48.9591735023,2.3792119139,-1.5852997e-05
48.9640673929,2.3792119139,-1.5852997e-05
48.9689612835,2.3792119139,-1.5852997e-05
48.9738551741,2.3792119139,-1.5852997e-05
48.9787490647,2.3792119139,-1.5852997e-05
48.7389484253,2.3841058045,8.5169566e-05
48.7438423159,2.3841058045,8.5169566e-05
48.7487362065,2.3841058045,8.5169566e-05
48.7536300971,2.3841058045,8.5169566e-05
48.7585239877,2.3841058045,8.5169566e-05
48.7634178783,2.3841058045,8.5169566e-05
48.7683117689,2.3841058045,9.364728e-05
48.7732056595,2.3841058045,8.7518594e-05
48.7780995501,2.3841058045,8.42004e-05
48.7829934407,2.3841058045,8.924377e-05
48.7878873313,2.3841058045,0.00010099639
48.7927812219,2.3841058045,0.00012226282
48.7976751125,2.3841058045,0.00015776219
48.8025690031,2.3841058045,0.00020431903
48.8074628937,2.3841058045,0.00021286936
48.8123567843,2.3841058045,0.00021980892
48.8172506749,2.3841058045,0.00038581938
48.8221445655,2.3841058045,0.0008470158
48.8270384561,2.3841058045,0.001303623
48.8319323467,2.3841058045,0.0017150152
48.8368262373,2.3841058045,0.0021394475
48.8417201279,2.3841058045,0.0024687352
48.8466140185,2.3841058045,0.0024853933
48.8515079091,2.3841058045,0.00228651
48.8564017997,2.3841058045,0.0016734953
48.8612956903,2.3841058045,0.0014288476
48.8661895809,2.3841058045,0.0014159539
48.8710834715,2.3841058045,0.0013782437
48.8759773621,2.3841058045,0.0013049353
48.8808712527,2.3841058045,0.0015304579
48.8857651433,2.3841058045,0.0020440666
48.8906590339,2.3841058045,0.0019315954
48.8955529245,2.3841058045,0.0024123574
48.9004468151,2.3841058045,0.0022923558
48.9053407057,2.3841058045,0.001383239
48.9102345963,2.3841058045,0.00035821786
48.9151284869,2.3841058045,0.00016175171
48.9200223775,2.3841058045,0.000108960376
48.9249162681,2.3841058045,7.764421e-05
48.9298101587,2.3841058045,5.275951e-05
48.9347040493,2.3841058045,3.894511e-05
48.9395979399,2.3841058045,2.5324933e-05
48.9444918305,2.3841058045,1.47446935e-05
48.9493857211,2.3841058045,2.6293932e-05
48.9542796117,2.3841058045,1.3353425e-05
48.9591735023,2.3841058045,1.3353425e-05
48.9640673929,2.3841058045,1.3353425e-05
48.9689612835,2.3841058045,1.3353425e-05
48.9738551741,2.3841058045,1.3353425e-05
48.9787490647,2.3841058045,1.3353425e-05
48.7389484253,2.3889996951,8.752662e-05
48.7438423159,2.3889996951,8.752662e-05
48.7487362065,2.3889996951,8.752662e-05
48.7536300971,2.3889996951,8.752662e-05
48.7585239877,2.3889996951,8.752662e-05
48.7634178783,2.3889996951,8.752662e-05
48.7683117689,2.3889996951,9.600433e-05
48.7732056595,2.3889996951,8.987565e-05
48.7780995501,2.3889996951,8.655748e-05
48.7829934407,2.3889996951,9.1600836e-05
48.7878873313,2.3889996951,0.000100733705
48.7927812219,2.3889996951,0.00012200012
48.7976751125,2.3889996951,0.0001467316
48.8025690031,2.3889996951,0.00019328845
48.8074628937,2.3889996951,0.00020183875
48.8123567843,2.3889996951,0.00019301116
48.8172506749,2.3889996951,0.00023559052
48.8221445655,2.3889996951,0.0006152622
48.8270384561,2.3889996951,0.001172449
48.8319323467,2.3889996951,0.001517409
48.8368262373,2.3889996951,0.0016805388
48.8417201279,2.3889996951,0.0019067931
48.8466140185,2.3889996951,0.0019665868
48.8515079091,2.3889996951,0.0020668388
48.8564017997,2.3889996951,0.0016139267
48.8612956903,2.3889996951,0.0012935101
48.8661895809,2.3889996951,0.0013304107
48.8710834715,2.3889996951,0.0013917115
48.8759773621,2.3889996951,0.0013785794
48.8808712527,2.3889996951,0.0014574177
48.8857651433,2.3889996951,0.0017336013
48.8906590339,2.3889996951,0.001823436
48.8955529245,2.3889996951,0.0023041975
48.9004468151,2.3889996951,0.0022014042
48.9053407057,2.3889996951,0.0013789166
48.9102345963,2.3889996951,0.00035389536
48.9151284869,2.3889996951,0.00015742924
48.9200223775,2.3889996951,0.00010463791
48.9249162681,2.3889996951,7.427193e-05
48.9298101587,2.3889996951,4.9387225e-05
48.9347040493,2.3889996951,3.7946957e-05
48.9395979399,2.3889996951,2.7085687e-05
48.9444918305,2.3889996951,1.6505468e-05
48.9493857211,2.3889996951,2.8054697e-05
48.9542796117,2.3889996951,1.5114194e-05
48.9591735023,2.3889996951,1.5114194e-05
48.9640673929,2.3889996951,1.5114194e-05
48.9689612835,2.3889996951,1.5114194e-05
48.9738551741,2.3889996951,1.5114194e-05
48.9787490647,2.3889996951,1.5114194e-05
48.7389484253,2.3938935857,9.122037e-05
48.7438423159,2.3938935857,9.122037e-05
48.7487362065,2.3938935857,9.122037e-05
48.7536300971,2.3938935857,9.122037e-05
48.7585239877,2.3938935857,9.122037e-05
48.7634178783,2.3938935857,9.122037e-05
48.7683117689,2.3938935857,9.969807e-05
48.7732056595,2.3938935857,9.356938e-05
48.7780995501,2.3938935857,9.025121e-05
48.7829934407,2.3938935857,9.529457e-05
48.7878873313,2.3938935857,0.000104427425
48.7927812219,2.3938935857,0.00012256701
48.7976751125,2.3938935857,0.00013886784
48.8025690031,2.3938935857,0.00018542475
48.8074628937,2.3938935857,0.00015979129
48.8123567843,2.3938935857,0.00012241199
48.8172506749,2.3938935857,0.0001164331
48.8221445655,2.3938935857,0.0005246564
48.8270384561,2.3938935857,0.0009859911
48.8319323467,2.3938935857,0.0012649155
48.8368262373,2.3938935857,0.0013104157
48.8417201279,2.3938935857,0.0015366698
48.8466140185,2.3938935857,0.0015992151
48.8515079091,2.3938935857,0.001763423
48.8564017997,2.3938935857,0.0013085934
48.8612956903,2.3938935857,0.0011545264
48.8661895809,2.3938935857,0.0011982261
48.8710834715,2.3938935857,0.001247036
48.8759773621,2.3938935857,0.001315553
48.8808712527,2.3938935857,0.0013127422
48.8857651433,2.3938935857,0.0015401492
48.8906590339,2.3938935857,0.0015999327
48.8955529245,2.3938935857,0.002080695
48.9004468151,2.3938935857,0.0019828368
48.9053407057,2.3938935857,0.0013541265
48.9102345963,2.3938935857,0.00031429282
48.9151284869,2.3938935857,0.00014728916
48.9200223775,2.3938935857,9.4497904e-05
48.9249162681,2.3938935857,6.692656e-05
48.9298101587,2.3938935857,5.3073047e-05
48.9347040493,2.3938935857,4.1632782e-05
48.9395979399,2.3938935857,4.1632782e-05
48.9444918305,2.3938935857,3.1052547e-05
48.9493857211,2.3938935857,4.2601787e-05
48.9542796117,2.3938935857,2.9661274e-05
48.9591735023,2.3938935857,2.9661274e-05
48.9640673929,2.3938935857,2.9661274e-05
48.9689612835,2.3938935857,2.9661274e-05
48.9738551741,2.3938935857,2.9661274e-05
48.9787490647,2.3938935857,2.9661274e-05
48.7389484253,2.3987874763,4.267024e-05
48.7438423159,2.3987874763,4.267024e-05
48.7487362065,2.3987874763,4.267024e-05
48.7536300971,2.3987874763,4.267024e-05
48.7585239877,2.3987874763,4.267024e-05
48.7634178783,2.3987874763,4.267024e-05
48.7683117689,2.3987874763,5.1147916e-05
48.7732056595,2.3987874763,4.5019253e-05
48.7780995501,2.3987874763,4.170108e-05
48.7829934407,2.3987874763,4.6744433e-05
48.7878873313,2.3987874763,5.5877295e-05
48.7927812219,2.3987874763,7.401693e-05
48.7976751125,2.3987874763,9.03178e-05
48.8025690031,2.3987874763,0.00013687463
48.8074628937,2.3987874763,0.0001112412
48.8123567843,2.3987874763,9.359893e-05
48.8172506749,2.3987874763,8.7620014e-05
48.8221445655,2.3987874763,0.00049584324
48.8270384561,2.3987874763,0.000957178
48.8319323467,2.3987874763,0.0011355608
48.8368262373,2.3987874763,0.0011810608
48.8417201279,2.3987874763,0.0014073149
48.8466140185,2.3987874763,0.0014698602
48.8515079091,2.3987874763,0.0016446996
48.8564017997,2.3987874763,0.0011898701
48.8612956903,2.3987874763,0.0010448517
48.8661895809,2.3987874763,0.0010885515
48.8710834715,2.3987874763,0.0011793808
48.8759773621,2.3987874763,0.0012276215
48.8808712527,2.3987874763,0.001173743
48.8857651433,2.3987874763,0.0014687007
48.8906590339,2.3987874763,0.0014822843
48.8955529245,2.3987874763,0.0014256325
48.9004468151,2.3987874763,0.0010060228
48.9053407057,2.3987874763,0.00028769881
48.9102345963,2.3987874763,0.00017914288
48.9151284869,2.3987874763,0.00013071253
48.9200223775,2.3987874763,0.00010056006
48.9249162681,2.3987874763,7.789884e-05
48.9298101587,2.3987874763,6.404534e-05
48.9347040493,2.3987874763,5.2605083e-05
48.9395979399,2.3987874763,5.2605083e-05
48.9444918305,2.3987874763,4.202484e-05
48.9493857211,2.3987874763,5.3574073e-05
48.9542796117,2.3987874763,4.0633557e-05
48.9591735023,2.3987874763,4.0633557e-05
48.9640673929,2.3987874763,4.0633557e-05
48.9689612835,2.3987874763,4.0633557e-05
48.9738551741,2.3987874763,4.0633557e-05
48.9787490647,2.3987874763,4.0633557e-05
48.7389484253,2.4036813669,3.58041e-05
48.7438423159,2.4036813669,3.58041e-05
48.7487362065,2.4036813669,3.58041e-05
48.7536300971,2.4036813669,3.58041e-05
48.7585239877,2.4036813669,3.58041e-05
48.7634178783,2.4036813669,3.58041e-05
48.7683117689,2.4036813669,4.4281784e-05
48.7732056595,2.4036813669,3.8153114e-05
48.7780995501,2.4036813669,3.4834935e-05
48.7829934407,2.4036813669,3.987831e-05
48.7878873313,2.4036813669,4.901115e-05
48.7927812219,2.4036813669,6.715079e-05
48.7976751125,2.4036813669,8.345167e-05
48.8025690031,2.4036813669,0.0001300085
48.8074628937,2.4036813669,0.00010437505
48.8123567843,2.4036813669,8.673281e-05
48.8172506749,2.4036813669,8.0753896e-05
48.8221445655,2.4036813669,0.00040334888
48.8270384561,2.4036813669,0.00088753464
48.8319323467,2.4036813669,0.0010659172
48.8368262373,2.4036813669,0.0011114173
48.8417201279,2.4036813669,0.0013376714
48.8466140185,2.4036813669,0.0014002167
48.8515079091,2.4036813669,0.0016038879
48.8564017997,2.4036813669,0.0011032323
48.8612956903,2.4036813669,0.00095821294
48.8661895809,2.4036813669,0.0010019126
48.8710834715,2.4036813669,0.001117172
48.8759773621,2.4036813669,0.0011654133
48.8808712527,2.4036813669,0.0010337575
48.8857651433,2.4036813669,0.001300677
48.8906590339,2.4036813669,0.0013142606
48.8955529245,2.4036813669,0.0012147572
48.9004468151,2.4036813669,0.0008746053
48.9053407057,2.4036813669,0.00013878928
48.9102345963,2.4036813669,0.0001286464
48.9151284869,2.4036813669,0.00011694138
48.9200223775,2.4036813669,9.30757e-05
48.9249162681,2.4036813669,7.04145e-05
48.9298101587,2.4036813669,5.6560995e-05
48.9347040493,2.4036813669,5.092886e-05
48.9395979399,2.4036813669,5.092886e-05
48.9444918305,2.4036813669,4.0348612e-05
48.9493857211,2.4036813669,5.189785e-05
48.9542796117,2.4036813669,3.8957336e-05
48.9591735023,2.4036813669,3.8957336e-05
48.9640673929,2.4036813669,3.8957336e-05
48.9689612835,2.4036813669,3.8957336e-05
48.9738551741,2.4036813669,3.8957336e-05
48.9787490647,2.4036813669,3.8957336e-05
48.7389484253,2.4085752575,4.714207e-05
48.7438423159,2.4085752575,4.714207e-05
48.7487362065,2.4085752575,4.714207e-05
48.7536300971,2.4085752575,4.714207e-05
48.7585239877,2.4085752575,4.714207e-05
48.7634178783,2.4085752575,4.714207e-05
48.7683117689,2.4085752575,5.5619756e-05
48.7732056595,2.4085752575,4.9094866e-05
48.7780995501,2.4085752575,4.5776695e-05
48.7829934407,2.4085752575,5.0820054e-05
48.7878873313,2.4085752575,5.995291e-05
48.7927812219,2.4085752575,7.8092555e-05
48.7976751125,2.4085752575,9.439342e-05
48.8025690031,2.4085752575,0.00014095026
48.8074628937,2.4085752575,0.000115316805
48.8123567843,2.4085752575,9.7674565e-05
48.8172506749,2.4085752575,3.571385e-05
48.8221445655,2.4085752575,0.00029431406
48.8270384561,2.4085752575,0.00067280134
48.8319323467,2.4085752575,0.0008511845
48.8368262373,2.4085752575,0.00089668436
48.8417201279,2.4085752575,0.0011229384
48.8466140185,2.4085752575,0.0011854836
48.8515079091,2.4085752575,0.0013800691
48.8564017997,2.4085752575,0.0010771791
48.8612956903,2.4085752575,0.00095101976
48.8661895809,2.4085752575,0.0009947197
48.8710834715,2.4085752575,0.001109979
48.8759773621,2.4085752575,0.00115822
48.8808712527,2.4085752575,0.00091783993
48.8857651433,2.4085752575,0.001114648
48.8906590339,2.4085752575,0.0011282319
48.8955529245,2.4085752575,0.0010287276
48.9004468151,2.4085752575,0.0007396717
48.9053407057,2.4085752575,0.000128177
48.9102345963,2.4085752575,0.00013958816
48.9151284869,2.4085752575,0.00012788313
48.9200223775,2.4085752575,0.000104017454
48.9249162681,2.4085752575,8.135625e-05
48.9298101587,2.4085752575,6.7502755e-05
48.9347040493,2.4085752575,6.1870625e-05
48.9395979399,2.4085752575,6.1870625e-05
48.9444918305,2.4085752575,5.1290368e-05
48.9493857211,2.4085752575,6.283961e-05
48.9542796117,2.4085752575,4.9899092e-05
48.9591735023,2.4085752575,4.9899092e-05
48.9640673929,2.4085752575,4.9899092e-05
48.9689612835,2.4085752575,4.9899092e-05
48.9738551741,2.4085752575,4.9899092e-05
48.9787490647,2.4085752575,4.9899092e-05
48.7389484253,2.4134691481,4.9164162e-05
48.7438423159,2.4134691481,4.9164162e-05
48.7487362065,2.4134691481,4.9164162e-05
48.7536300971,2.4134691481,4.9164162e-05
48.7585239877,2.4134691481,4.9164162e-05
48.7634178783,2.4134691481,4.9164162e-05
48.7683117689,2.4134691481,5.7641846e-05
48.7732056595,2.4134691481,5.1116956e-05
48.7780995501,2.4134691481,4.7798792e-05
48.7829934407,2.4134691481,5.2842144e-05
48.7878873313,2.4134691481,6.197499e-05
48.7927812219,2.4134691481,8.011463e-05
48.7976751125,2.4134691481,9.64155e-05
48.8025690031,2.4134691481,0.00014297233
48.8074628937,2.4134691481,0.00011733888
48.8123567843,2.4134691481,9.801757e-05
48.8172506749,2.4134691481,2.207795e-05
48.8221445655,2.4134691481,0.00019155286
48.8270384561,2.4134691481,0.00042325654
48.8319323467,2.4134691481,0.00060163974
48.8368262373,2.4134691481,0.00064713985
48.8417201279,2.4134691481,0.0008385095
48.8466140185,2.4134691481,0.0009010545
48.8515079091,2.4134691481,0.0010987264
48.8564017997,2.4134691481,0.0009097671
48.8612956903,2.4134691481,0.0009144138
48.8661895809,2.4134691481,0.0009581132
48.8710834715,2.4134691481,0.0010465189
48.8759773621,2.4134691481,0.0010947599
48.8808712527,2.4134691481,0.0007811926
48.8857651433,2.4134691481,0.0010126336
48.8906590339,2.4134691481,0.0010262172
48.8955529245,2.4134691481,0.0009267137
48.9004468151,2.4134691481,0.0006376577
48.9053407057,2.4134691481,0.00010441256
48.9102345963,2.4134691481,0.0001336916
48.9151284869,2.4134691481,0.000121986624
48.9200223775,2.4134691481,9.812093e-05
48.9249162681,2.4134691481,7.545973e-05
48.9298101587,2.4134691481,6.160623e-05
48.9347040493,2.4134691481,5.597408e-05
48.9395979399,2.4134691481,5.597408e-05
48.9444918305,2.4134691481,4.5393837e-05
48.9493857211,2.4134691481,5.694307e-05
48.9542796117,2.4134691481,4.6220564e-05
48.9591735023,2.4134691481,4.6220564e-05
48.9640673929,2.4134691481,4.6220564e-05
48.9689612835,2.4134691481,4.6220564e-05
48.9738551741,2.4134691481,4.6220564e-05
48.9787490647,2.4134691481,4.6220564e-05
48.7389484253,2.4183630387,1.6985143e-05
48.7438423159,2.4183630387,1.6985143e-05
48.7487362065,2.4183630387,1.6985143e-05
48.7536300971,2.4183630387,1.6985143e-05
48.7585239877,2.4183630387,1.6985143e-05
48.7634178783,2.4183630387,1.6985143e-05
48.7683117689,2.4183630387,2.546285e-05
48.7732056595,2.4183630387,1.8937946e-05
48.7780995501,2.4183630387,1.8694212e-05
48.7829934407,2.4183630387,2.3737588e-05
48.7878873313,2.4183630387,3.287045e-05
48.7927812219,2.4183630387,5.101008e-05
48.7976751125,2.4183630387,6.731093e-05
48.8025690031,2.4183630387,0.00011386777
48.8074628937,2.4183630387,6.8824476e-05
48.8123567843,2.4183630387,4.9503098e-05
48.8172506749,2.4183630387,-4.6069756e-05
48.8221445655,2.4183630387,-6.5194436e-05
48.8270384561,2.4183630387,-2.3166916e-05
48.8319323467,2.4183630387,0.00014675166
48.8368262373,2.4183630387,0.00018419762
48.8417201279,2.4183630387,0.00035385648
48.8466140185,2.4183630387,0.0004164016
48.8515079091,2.4183630387,0.0006896613
48.8564017997,2.4183630387,0.00076967553
48.8612956903,2.4183630387,0.0007977596
48.8661895809,2.4183630387,0.0008061051
48.8710834715,2.4183630387,0.0008373956
48.8759773621,2.4183630387,0.0008856367
48.8808712527,2.4183630387,0.0005720698
48.8857651433,2.4183630387,0.0008567427
48.8906590339,2.4183630387,0.00085985573
48.8955529245,2.4183630387,0.0007448751
48.9004468151,2.4183630387,0.00053032424
48.9053407057,2.4183630387,5.11088e-05
48.9102345963,2.4183630387,9.754428e-05
48.9151284869,2.4183630387,9.121811e-05
48.9200223775,2.4183630387,6.7352456e-05
48.9249162681,2.4183630387,4.4691238e-05
48.9298101587,2.4183630387,3.81681e-05
48.9347040493,2.4183630387,3.253594e-05
48.9395979399,2.4183630387,3.253594e-05
48.9444918305,2.4183630387,2.9011815e-05
48.9493857211,2.4183630387,2.8766794e-05
48.9542796117,2.4183630387,2.059808e-05
48.9591735023,2.4183630387,2.059808e-05
48.9640673929,2.4183630387,2.059808e-05
48.9689612835,2.4183630387,2.059808e-05
48.9738551741,2.4183630387,2.059808e-05
48.9787490647,2.4183630387,2.059808e-05
48.7389484253,2.4232569293,1.4814815e-05
48.7438423159,2.4232569293,1.4814815e-05
48.7487362065,2.4232569293,1.4814815e-05
48.7536300971,2.4232569293,1.4814815e-05
48.7585239877,2.4232569293,1.4814815e-05
48.7634178783,2.4232569293,1.4814815e-05
48.7683117689,2.4232569293,2.3292514e-05
48.7732056595,2.4232569293,1.6767617e-05
48.7780995501,2.4232569293,1.6523883e-05
48.7829934407,2.4232569293,2.1567239e-05
48.7878873313,2.4232569293,3.070011e-05
48.7927812219,2.4232569293,4.8839735e-05
48.7976751125,2.4232569293,6.5140586e-05
48.8025690031,2.4232569293,0.000111697445
48.8074628937,2.4232569293,4.3901862e-05
48.8123567843,2.4232569293,2.4580444e-05
48.8172506749,2.4232569293,-6.7995956e-05
48.8221445655,2.4232569293,-0.00018767072
48.8270384561,2.4232569293,-0.00017176199
48.8319323467,2.4232569293,-3.274741e-05
48.8368262373,2.4232569293,4.1223197e-05
48.8417201279,2.4232569293,0.0001902128
48.8466140185,2.4232569293,0.00023162189
48.8515079091,2.4232569293,0.00042576325
48.8564017997,2.4232569293,0.00038803695
48.8612956903,2.4232569293,0.00039717148
48.8661895809,2.4232569293,0.00036286208
48.8710834715,2.4232569293,0.0004028537
48.8759773621,2.4232569293,0.00045109488
48.8808712527,2.4232569293,0.00037278642
48.8857651433,2.4232569293,0.0006822041
48.8906590339,2.4232569293,0.0006853171
48.8955529245,2.4232569293,0.0006485563
48.9004468151,2.4232569293,0.0004476355
48.9053407057,2.4232569293,5.8809797e-05
48.9102345963,2.4232569293,8.453529e-05
48.9151284869,2.4232569293,7.820912e-05
48.9200223775,2.4232569293,5.434345e-05
48.9249162681,2.4232569293,3.1682222e-05
48.9298101587,2.4232569293,2.5159079e-05
48.9347040493,2.4232569293,2.2093876e-05
48.9395979399,2.4232569293,2.2093876e-05
48.9444918305,2.4232569293,1.856976e-05
48.9493857211,2.4232569293,1.832474e-05
48.9542796117,2.4232569293,1.0156022e-05
48.9591735023,2.4232569293,1.0156022e-05
48.9640673929,2.4232569293,1.0156022e-05
48.9689612835,2.4232569293,1.0156022e-05
48.9738551741,2.4232569293,1.0156022e-05
48.9787490647,2.4232569293,1.0156022e-05
48.7389484253,2.4281508199,1.6453694e-05
48.7438423159,2.4281508199,1.6453694e-05
48.7487362065,2.4281508199,1.6453694e-05
48.7536300971,2.4281508199,1.6453694e-05
48.7585239877,2.4281508199,1.6453694e-05
48.7634178783,2.4281508199,1.6453694e-05
48.7683117689,2.4281508199,2.4931403e-05
48.7732056595,2.4281508199,1.8406497e-05
48.7780995501,2.4281508199,1.8162764e-05
48.7829934407,2.4281508199,2.3206123e-05
48.7878873313,2.4281508199,3.2338998e-05
48.7927812219,2.4281508199,5.047863e-05
48.7976751125,2.4281508199,6.677948e-05
48.8025690031,2.4281508199,0.00011333634
48.8074628937,2.4281508199,9.192405e-05
48.8123567843,2.4281508199,2.1603888e-05
48.8172506749,2.4281508199,-5.4096607e-05
48.8221445655,2.4281508199,-0.00018065565
48.8270384561,2.4281508199,-0.00020140893
48.8319323467,2.4281508199,-7.765597e-05
48.8368262373,2.4281508199,1.0066233e-05
48.8417201279,2.4281508199,0.00014217978
48.8466140185,2.4281508199,0.00018358888
48.8515079091,2.4281508199,0.0003139514
48.8564017997,2.4281508199,0.00027820736
48.8612956903,2.4281508199,0.00021215195
48.8661895809,2.4281508199,0.00019842351
48.8710834715,2.4281508199,0.00026236585
48.8759773621,2.4281508199,0.0003106069
48.8808712527,2.4281508199,0.00021295217
48.8857651433,2.4281508199,0.00054368185
48.8906590339,2.4281508199,0.00056626205
48.8955529245,2.4281508199,0.00053603546
48.9004468151,2.4281508199,0.0003870521
48.9053407057,2.4281508199,4.9105736e-05
48.9102345963,2.4281508199,7.483125e-05
48.9151284869,2.4281508199,6.850506e-05
48.9200223775,2.4281508199,4.4639408e-05
48.9249162681,2.4281508199,2.1978152e-05
48.9298101587,2.4281508199,1.545502e-05
48.9347040493,2.4281508199,1.2389817e-05
48.9395979399,2.4281508199,1.2389817e-05
48.9444918305,2.4281508199,8.865702e-06
48.9493857211,2.4281508199,8.620676e-06
48.9542796117,2.4281508199,4.5195998e-07
48.9591735023,2.4281508199,4.5195998e-07
48.9640673929,2.4281508199,4.5195998e-07
48.9689612835,2.4281508199,4.5195998e-07
48.9738551741,2.4281508199,4.5195998e-07
48.9787490647,2.4281508199,4.5195998e-07
48.7389484253,2.4330447105,3.2269168e-06
48.7438423159,2.4330447105,3.2269168e-06
48.7487362065,2.4330447105,3.2269168e-06
48.7536300971,2.4330447105,3.2269168e-06
48.7585239877,2.4330447105,3.2269168e-06
48.7634178783,2.4330447105,3.2269168e-06
48.7683117689,2.4330447105,1.17046075e-05
48.7732056595,2.4330447105,5.1797188e-06
48.7780995501,2.4330447105,4.935985e-06
48.7829934407,2.4330447105,9.979347e-06
48.7878873313,2.4330447105,1.9112214e-05
48.7927812219,2.4330447105,3.7251855e-05
48.7976751125,2.4330447105,5.3552692e-05
48.8025690031,2.4330447105,9.850797e-05
48.8074628937,2.4330447105,5.9078495e-05
48.8123567843,2.4330447105,-5.5662847e-05
48.8172506749,2.4330447105,-0.00013136337
48.8221445655,2.4330447105,-0.00025792245
48.8270384561,2.4330447105,-0.00027867578
48.8319323467,2.4330447105,-0.00015492276
48.8368262373,2.4330447105,-6.720052e-05
48.8417201279,2.4330447105,7.9889935e-05
48.8466140185,2.4330447105,0.000121299105
48.8515079091,2.4330447105,0.00023592146
48.8564017997,2.4330447105,0.00020017757
48.8612956903,2.4330447105,0.00013412215
48.8661895809,2.4330447105,0.00013505506
48.8710834715,2.4330447105,0.00021694897
48.8759773621,2.4330447105,0.00026519006
48.8808712527,2.4330447105,0.0001675352
48.8857651433,2.4330447105,0.0004982651
48.8906590339,2.4330447105,0.00052084506
48.8955529245,2.4330447105,0.0004987267
48.9004468151,2.4330447105,0.00035500556
48.9053407057,2.4330447105,4.445099e-05
48.9102345963,2.4330447105,7.0176495e-05
48.9151284869,2.4330447105,6.385032e-05
48.9200223775,2.4330447105,3.998465e-05
48.9249162681,2.4330447105,1.7323397e-05
48.9298101587,2.4330447105,1.080026e-05
48.9347040493,2.4330447105,7.735059e-06
48.9395979399,2.4330447105,7.735059e-06
48.9444918305,2.4330447105,4.210943e-06
48.9493857211,2.4330447105,3.96592e-06
48.9542796117,2.4330447105,-4.2027996e-06
48.9591735023,2.4330447105,-4.2027996e-06
48.9640673929,2.4330447105,-4.2027996e-06
48.9689612835,2.4330447105,-4.2027996e-06
48.9738551741,2.4330447105,-4.2027996e-06
48.9787490647,2.4330447105,-4.2027996e-06
48.7389484253,2.4379386011,3.2995504e-06
48.7438423159,2.4379386011,3.2995504e-06
48.7487362065,2.4379386011,3.2995504e-06
48.7536300971,2.4379386011,3.2995504e-06
48.7585239877,2.4379386011,3.2995504e-06
48.7634178783,2.4379386011,3.2995504e-06
48.7683117689,2.4379386011,1.17772415e-05
48.7732056595,2.4379386011,5.2523524e-06
48.7780995501,2.4379386011,5.0086187e-06
48.7829934407,2.4379386011,1.0051981e-05
48.7878873313,2.4379386011,1.9184847e-05
48.7927812219,2.4379386011,3.7324487e-05
48.7976751125,2.4379386011,5.3625325e-05
48.8025690031,2.4379386011,9.8580604e-05
48.8074628937,2.4379386011,5.915113e-05
48.8123567843,2.4379386011,2.7480277e-05
48.8172506749,2.4379386011,-4.8220256e-05
48.8221445655,2.4379386011,-0.00017485196
48.8270384561,2.4379386011,-0.00019560532
48.8319323467,2.4379386011,-7.1852286e-05
48.8368262373,2.4379386011,1.5869977e-05
48.8417201279,2.4379386011,7.9889935e-05
48.8466140185,2.4379386011,0.000117093514
48.8515079091,2.4379386011,0.00023171587
48.8564017997,2.4379386011,0.00019597198
48.8612956903,2.4379386011,0.00012991656
48.8661895809,2.4379386011,0.00013084947
48.8710834715,2.4379386011,0.00021274338
48.8759773621,2.4379386011,0.0002609845
48.8808712527,2.4379386011,0.0001633296
48.8857651433,2.4379386011,0.0004940595
48.8906590339,2.4379386011,0.00052084506
48.8955529245,2.4379386011,0.0004987267
48.9004468151,2.4379386011,0.00035500556
48.9053407057,2.4379386011,4.382098e-05
48.9102345963,2.4379386011,6.954649e-05
48.9151284869,2.4379386011,6.322032e-05
48.9200223775,2.4379386011,3.935465e-05
48.9249162681,2.4379386011,1.6693395e-05
48.9298101587,2.4379386011,1.0170258e-05
48.9347040493,2.4379386011,7.105057e-06
48.9395979399,2.4379386011,7.105057e-06
48.9444918305,2.4379386011,3.580942e-06
48.9493857211,2.4379386011,3.335918e-06
48.9542796117,2.4379386011,-4.832801e-06
48.9591735023,2.4379386011,-4.832801e-06
48.9640673929,2.4379386011,-4.832801e-06
48.9689612835,2.4379386011,-4.832801e-06
48.9738551741,2.4379386011,-4.832801e-06
48.9787490647,2.4379386011,-4.832801e-06
48.7389484253,2.4428324917,1.27069525e-05
48.7438423159,2.4428324917,1.27069525e-05
48.7487362065,2.4428324917,1.27069525e-05
48.7536300971,2.4428324917,1.27069525e-05
48.7585239877,2.4428324917,1.27069525e-05
48.7634178783,2.4428324917,1.27069525e-05
48.7683117689,2.4428324917,2.1184642e-05
48.7732056595,2.4428324917,1.4659754e-05
48.7780995501,2.4428324917,1.441602e-05
48.7829934407,2.4428324917,1.945938e-05
48.7878873313,2.4428324917,2.859224e-05
48.7927812219,2.4428324917,4.6731875e-05
48.7976751125,2.4428324917,6.303274e-05
48.8025690031,2.4428324917,0.00010798801
48.8074628937,2.4428324917,6.8558555e-05
48.8123567843,2.4428324917,3.876518e-05
48.8172506749,2.4428324917,-3.6935333e-05
48.8221445655,2.4428324917,-0.0001653371
48.8270384561,2.4428324917,-0.00018609044
48.8319323467,2.4428324917,-0.00010088789
48.8368262373,2.4428324917,-1.3165644e-05
48.8417201279,2.4428324917,4.1339452e-05
48.8466140185,2.4428324917,7.854296e-05
48.8515079091,2.4428324917,0.00019316537
48.8564017997,2.4428324917,0.00015742148
48.8612956903,2.4428324917,0.00012616142
48.8661895809,2.4428324917,0.00012709436
48.8710834715,2.4428324917,0.00020898832
48.8759773621,2.4428324917,0.0002572294
48.8808712527,2.4428324917,0.00015957448
48.8857651433,2.4428324917,0.0004940595
48.8906590339,2.4428324917,0.00052084506
48.8955529245,2.4428324917,0.0004987267
48.9004468151,2.4428324917,0.00035500556
48.9053407057,2.4428324917,4.382098e-05
48.9102345963,2.4428324917,6.954649e-05
48.9151284869,2.4428324917,6.322032e-05
48.9200223775,2.4428324917,3.935465e-05
48.9249162681,2.4428324917,1.6693395e-05
48.9298101587,2.4428324917,1.0170258e-05
48.9347040493,2.4428324917,7.105057e-06
48.9395979399,2.4428324917,7.105057e-06
48.9444918305,2.4428324917,3.580942e-06
48.9493857211,2.4428324917,3.335918e-06
48.9542796117,2.4428324917,-4.832801e-06
48.9591735023,2.4428324917,-4.832801e-06
48.9640673929,2.4428324917,-4.832801e-06
48.9689612835,2.4428324917,-4.832801e-06
48.9738551741,2.4428324917,-4.832801e-06
48.9787490647,2.4428324917,-4.832801e-06
48.7389484253,2.4477263823,1.2203773e-05
48.7438423159,2.4477263823,1.2203773e-05
48.7487362065,2.4477263823,1.2203773e-05
48.7536300971,2.4477263823,1.2203773e-05
48.7585239877,2.4477263823,1.2203773e-05
48.7634178783,2.4477263823,1.2203773e-05
48.7683117689,2.4477263823,2.0681466e-05
48.7732056595,2.4477263823,1.4156574e-05
48.7780995501,2.4477263823,1.3912841e-05
48.7829934407,2.4477263823,1.8956207e-05
48.7878873313,2.4477263823,2.8089067e-05
48.7927812219,2.4477263823,4.622869e-05
48.7976751125,2.4477263823,6.252957e-05
48.8025690031,2.4477263823,0.00010748483
48.8074628937,2.4477263823,6.805538e-05
48.8123567843,2.4477263823,0.00022738393
48.8172506749,2.4477263823,0.00012649785
48.8221445655,2.4477263823,-0.00015271278
48.8270384561,2.4477263823,-0.00018659362
48.8319323467,2.4477263823,-0.00011467341
48.8368262373,2.4477263823,-7.7042e-05
48.8417201279,2.4477263823,-2.2536862e-05
48.8466140185,2.4477263823,1.1398017e-06
48.8515079091,2.4477263823,0.000115762276
48.8564017997,2.4477263823,8.001833e-05
48.8612956903,2.4477263823,4.875831e-05
48.8661895809,2.4477263823,5.710376e-05
48.8710834715,2.4477263823,0.00013899773
48.8759773621,2.4477263823,0.00018723891
48.8808712527,2.4477263823,9.166152e-05
48.8857651433,2.4477263823,0.0004895196
48.8906590339,2.4477263823,0.0005163052
48.8955529245,2.4477263823,0.00050030113
48.9004468151,2.4477263823,0.00035657999
48.9053407057,2.4477263823,4.5395394e-05
48.9102345963,2.4477263823,7.112091e-05
48.9151284869,2.4477263823,6.479473e-05
48.9200223775,2.4477263823,4.0929062e-05
48.9249162681,2.4477263823,1.8267803e-05
48.9298101587,2.4477263823,1.1744668e-05
48.9347040493,2.4477263823,8.679467e-06
48.9395979399,2.4477263823,8.679467e-06
48.9444918305,2.4477263823,5.1553534e-06
48.9493857211,2.4477263823,4.91033e-06
48.9542796117,2.4477263823,-3.2583914e-06
48.9591735023,2.4477263823,-3.2583914e-06
48.9640673929,2.4477263823,-3.2583914e-06
48.9689612835,2.4477263823,-3.2583914e-06
48.9738551741,2.4477263823,-3.2583914e-06
48.9787490647,2.4477263823,-3.2583914e-06
48.7389484253,2.4526202729,1.7363333e-05
48.7438423159,2.4526202729,1.7363333e-05
48.7487362065,2.4526202729,1.7363333e-05
48.7536300971,2.4526202729,1.7363333e-05
48.7585239877,2.4526202729,1.7363333e-05
48.7634178783,2.4526202729,1.7363333e-05
48.7683117689,2.4526202729,2.5841036e-05
48.7732056595,2.4526202729,1.9316134e-05
48.7780995501,2.4526202729,1.9072397e-05
48.7829934407,2.4526202729,2.4115765e-05
48.7878873313,2.4526202729,3.3248634e-05
48.7927812219,2.4526202729,5.138826e-05
48.7976751125,2.4526202729,6.768913e-05
48.8025690031,2.4526202729,0.00011264439
48.8074628937,2.4526202729,9.217189e-05
48.8123567843,2.4526202729,0.0004153897
48.8172506749,2.4526202729,0.00037714635
48.8221445655,2.4526202729,-4.840085e-05
48.8270384561,2.4526202729,-0.00016323988
48.8319323467,2.4526202729,-0.0002648566
48.8368262373,2.4526202729,-0.00022997065
48.8417201279,2.4526202729,-0.00021032088
48.8466140185,2.4526202729,-0.00018664419
48.8515079091,2.4526202729,-6.7304563e-06
48.8564017997,2.4526202729,-1.6724993e-05
48.8612956903,2.4526202729,-4.798503e-05
48.8661895809,2.4526202729,-3.9639577e-05
48.8710834715,2.4526202729,3.9146707e-05
48.8759773621,2.4526202729,8.738785e-05
48.8808712527,2.4526202729,-8.1895e-06
48.8857651433,2.4526202729,0.00038791448
48.8906590339,2.4526202729,0.0004114698
48.8955529245,2.4526202729,0.00039546564
48.9004468151,2.4526202729,0.00030767565
48.9053407057,2.4526202729,1.4550827e-05
48.9102345963,2.4526202729,4.0276358e-05
48.9151284869,2.4526202729,4.9614424e-05
48.9200223775,2.4526202729,2.5748759e-05
48.9249162681,2.4526202729,6.927711e-06
48.9298101587,2.4526202729,4.045728e-07
48.9347040493,2.4526202729,-2.660628e-06
48.9395979399,2.4526202729,-2.660628e-06
48.9444918305,2.4526202729,-6.184745e-06
48.9493857211,2.4526202729,-6.42977e-06
48.9542796117,2.4526202729,-1.4598484e-05
48.9591735023,2.4526202729,-1.4598484e-05
48.9640673929,2.4526202729,-1.4598484e-05
48.9689612835,2.4526202729,-1.4598484e-05
48.9738551741,2.4526202729,-1.4598484e-05
48.9787490647,2.4526202729,-1.4598484e-05
48.7389484253,2.4575141635,1.8048273e-05
48.7438423159,2.4575141635,1.8048273e-05
48.7487362065,2.4575141635,1.8048273e-05
48.7536300971,2.4575141635,1.8048273e-05
48.7585239877,2.4575141635,1.8048273e-05
48.7634178783,2.4575141635,1.8048273e-05
48.7683117689,2.4575141635,2.6525977e-05
48.7732056595,2.4575141635,2.0001076e-05
48.7780995501,2.4575141635,1.9757337e-05
48.7829934407,2.4575141635,2.4800709e-05
48.7878873313,2.4575141635,3.3933564e-05
48.7927812219,2.4575141635,5.2073203e-05
48.7976751125,2.4575141635,6.8374065e-05
48.8025690031,2.4575141635,0.00011332934
48.8074628937,2.4575141635,9.2856826e-05
48.8123567843,2.4575141635,0.0004162594
48.8172506749,2.4575141635,0.0010993206
48.8221445655,2.4575141635,0.00097020285
48.8270384561,2.4575141635,0.00053565606
48.8319323467,2.4575141635,-0.00024375378
48.8368262373,2.4575141635,-0.00020886784
48.8417201279,2.4575141635,-0.0002092957
48.8466140185,2.4575141635,-0.000185619
48.8515079091,2.4575141635,-5.705274e-06
48.8564017997,2.4575141635,-1.5699809e-05
48.8612956903,2.4575141635,-4.695985e-05
48.8661895809,2.4575141635,-3.8614395e-05
48.8710834715,2.4575141635,4.017189e-05
48.8759773621,2.4575141635,8.8413035e-05
48.8808712527,2.4575141635,-7.164318e-06
48.8857651433,2.4575141635,0.00038893966
48.8906590339,2.4575141635,0.000412495
48.8955529245,2.4575141635,0.00039594842
48.9004468151,2.4575141635,0.00030815843
48.9053407057,2.4575141635,1.5033597e-05
48.9102345963,2.4575141635,4.075913e-05
48.9151284869,2.4575141635,5.0097195e-05
48.9200223775,2.4575141635,2.623153e-05
48.9249162681,2.4575141635,7.410482e-06
48.9298101587,2.4575141635,8.873435e-07
48.9347040493,2.4575141635,-2.1778574e-06
48.9395979399,2.4575141635,-2.1778574e-06
48.9444918305,2.4575141635,-5.7019743e-06
48.9493857211,2.4575141635,-5.9469994e-06
48.9542796117,2.4575141635,-1.4115713e-05
48.9591735023,2.4575141635,-1.4115713e-05
48.9640673929,2.4575141635,-1.4115713e-05
48.9689612835,2.4575141635,-1.4115713e-05
48.9738551741,2.4575141635,-1.4115713e-05
48.9787490647,2.4575141635,-1.4115713e-05
48.7389484253,2.4624080541,1.6338121e-05
48.7438423159,2.4624080541,1.6338121e-05
48.7487362065,2.4624080541,1.6338121e-05
48.7536300971,2.4624080541,1.6338121e-05
48.7585239877,2.4624080541,1.6338121e-05
48.7634178783,2.4624080541,1.6338121e-05
48.7683117689,2.4624080541,2.4815825e-05
48.7732056595,2.4624080541,1.8290919e-05
48.7780995501,2.4624080541,1.8047182e-05
48.7829934407,2.4624080541,2.3090557e-05
48.7878873313,2.4624080541,3.222342e-05
48.7927812219,2.4624080541,4.3818698e-05
48.7976751125,2.4624080541,6.0119517e-05
48.8025690031,2.4624080541,0.000105074796
48.8074628937,2.4624080541,7.132984e-05
48.8123567843,2.4624080541,0.0003947324
48.8172506749,2.4624080541,0.0010993206
48.8221445655,2.4624080541,0.0010721105
48.8270384561,2.4624080541,0.0007017194
48.8319323467,2.4624080541,-8.673876e-05
48.8368262373,2.4624080541,-0.00021358156
48.8417201279,2.4624080541,-0.00021400939
48.8466140185,2.4624080541,-0.00019619313
48.8515079091,2.4624080541,-5.705274e-06
48.8564017997,2.4624080541,-1.5699809e-05
48.8612956903,2.4624080541,-4.695985e-05
48.8661895809,2.4624080541,-3.8614395e-05
48.8710834715,2.4624080541,4.017189e-05
48.8759773621,2.4624080541,8.8413035e-05
48.8808712527,2.4624080541,-7.164318e-06
48.8857651433,2.4624080541,0.00038893966
48.8906590339,2.4624080541,0.000412495
48.8955529245,2.4624080541,0.00039594842
48.9004468151,2.4624080541,0.00030815843
48.9053407057,2.4624080541,1.5033597e-05
48.9102345963,2.4624080541,4.075913e-05
48.9151284869,2.4624080541,5.0097195e-05
48.9200223775,2.4624080541,2.623153e-05
48.9249162681,2.4624080541,7.410482e-06
48.9298101587,2.4624080541,8.873435e-07
48.9347040493,2.4624080541,-2.1778574e-06
48.9395979399,2.4624080541,-2.1778574e-06
48.9444918305,2.4624080541,-5.7019743e-06
48.9493857211,2.4624080541,-5.9469994e-06
48.9542796117,2.4624080541,-1.4115713e-05
48.9591735023,2.4624080541,-1.4115713e-05
48.9640673929,2.4624080541,-1.4115713e-05
48.9689612835,2.4624080541,-1.4115713e-05
48.9738551741,2.4624080541,-1.4115713e-05
48.9787490647,2.4624080541,-1.4115713e-05
48.7389484253,2.4673019447,9.028638e-06
48.7438423159,2.4673019447,9.028638e-06
48.7487362065,2.4673019447,9.028638e-06
48.7536300971,2.4673019447,9.028638e-06
48.7585239877,2.4673019447,9.028638e-06
48.7634178783,2.4673019447,9.028638e-06
48.7683117689,2.4673019447,1.7506341e-05
48.7732056595,2.4673019447,1.8429311e-05
48.7780995501,2.4673019447,1.818557e-05
48.7829934407,2.4673019447,2.3228942e-05
48.7878873313,2.4673019447,3.2361808e-05
48.7927812219,2.4673019447,3.875818e-05
48.7976751125,2.4673019447,4.2334494e-05
48.8025690031,2.4673019447,5.1824256e-05
48.8074628937,2.4673019447,-7.081778e-05
48.8123567843,2.4673019447,0.00010275893
48.8172506749,2.4673019447,0.000794066
48.8221445655,2.4673019447,0.00092039385
48.8270384561,2.4673019447,0.00058910856
48.8319323467,2.4673019447,-0.0001993496
48.8368262373,2.4673019447,-0.00030719108
48.8417201279,2.4673019447,-0.00038224194
48.8466140185,2.4673019447,-0.00036442568
48.8515079091,2.4673019447,-8.149638e-05
48.8564017997,2.4673019447,-3.7288803e-05
48.8612956903,2.4673019447,-6.854882e-05
48.8661895809,2.4673019447,-6.407282e-05
48.8710834715,2.4673019447,5.718667e-06
48.8759773621,2.4673019447,5.395982e-05
48.8808712527,2.4673019447,-5.400801e-05
48.8857651433,2.4673019447,0.00034209588
48.8906590339,2.4673019447,0.0003656512
48.8955529245,2.4673019447,0.00035238324
48.9004468151,2.4673019447,0.0002745205
48.9053407057,2.4673019447,-1.8604293e-05
48.9102345963,2.4673019447,7.121248e-06
48.9151284869,2.4673019447,1.6459322e-05
48.9200223775,2.4673019447,-7.406355e-06
48.9249162681,2.4673019447,-2.3109991e-05
48.9298101587,2.4673019447,-2.4094665e-05
48.9347040493,2.4673019447,-2.715987e-05
48.9395979399,2.4673019447,-2.715987e-05
48.9444918305,2.4673019447,-2.7747392e-05
48.9493857211,2.4673019447,-2.4646954e-05
48.9542796117,2.4673019447,-2.4646954e-05
48.9591735023,2.4673019447,-2.4646954e-05
48.9640673929,2.4673019447,-2.4646954e-05
48.9689612835,2.4673019447,-2.4646954e-05
48.9738551741,2.4673019447,-2.4646954e-05
48.9787490647,2.4673019447,-2.4646954e-05
