LATITUDE,LONGITUDE,probability
48.7389484253,2.2275013053,6.943899e-06
48.7438423159,2.2275013053,6.943899e-06
48.7487362065,2.2275013053,6.943899e-06
48.7536300971,2.2275013053,6.943899e-06
48.7585239877,2.2275013053,6.943899e-06
48.7634178783,2.2275013053,6.943899e-06
48.7683117689,2.2275013053,1.2369348e-05
48.7732056595,2.2275013053,-8.414736e-08
48.7780995501,2.2275013053,-8.414736e-08
48.7829934407,2.2275013053,3.0287815e-06
48.7878873313,2.2275013053,8.86988e-06
48.7927812219,2.2275013053,1.9507697e-05
48.7976751125,2.2275013053,4.3717173e-05
48.8025690031,2.2275013053,4.198161e-05
48.8074628937,2.2275013053,7.9134035e-05
48.8123567843,2.2275013053,5.500438e-05
48.8172506749,2.2275013053,-0.00010512
48.8221445655,2.2275013053,-9.5733936e-05
48.8270384561,2.2275013053,5.129428e-05
48.8319323467,2.2275013053,0.000112838825
48.8368262373,2.2275013053,0.000109738176
48.8417201279,2.2275013053,0.00039599775
48.8466140185,2.2275013053,0.0003900165
48.8515079091,2.2275013053,0.00043636406
48.8564017997,2.2275013053,0.0004599464
48.8612956903,2.2275013053,0.0004604489
48.8661895809,2.2275013053,0.0004576919
48.8710834715,2.2275013053,0.00044103747
48.8759773621,2.2275013053,0.0003438014
48.8808712527,2.2275013053,0.0002520596
48.8857651433,2.2275013053,0.00022096946
48.8906590339,2.2275013053,0.00023916451
48.8955529245,2.2275013053,0.00019262213
48.9004468151,2.2275013053,-4.403004e-05
48.9053407057,2.2275013053,3.841413e-05
48.9102345963,2.2275013053,6.854555e-05
48.9151284869,2.2275013053,6.332998e-05
48.9200223775,2.2275013053,3.3564465e-05
48.9249162681,2.2275013053,2.3382801e-05
48.9298101587,2.2275013053,1.9702476e-05
48.9347040493,2.2275013053,1.6818938e-05
48.9395979399,2.2275013053,1.6818938e-05
48.9444918305,2.2275013053,1.6818938e-05
48.9493857211,2.2275013053,2.6216148e-05
48.9542796117,2.2275013053,2.7221526e-05
48.9591735023,2.2275013053,2.7221526e-05
48.9640673929,2.2275013053,2.7221526e-05
48.9689612835,2.2275013053,2.7221526e-05
48.9738551741,2.2275013053,2.7221526e-05
48.9787490647,2.2275013053,2.7221526e-05
48.7389484253,2.2323951959,6.943899e-06
48.7438423159,2.2323951959,6.943899e-06
48.7487362065,2.2323951959,6.943899e-06
48.7536300971,2.2323951959,6.943899e-06
48.7585239877,2.2323951959,6.943899e-06
48.7634178783,2.2323951959,6.943899e-06
48.7683117689,2.2323951959,1.2369348e-05
48.7732056595,2.2323951959,-8.414736e-08
48.7780995501,2.2323951959,-8.414736e-08
48.7829934407,2.2323951959,3.0287815e-06
48.7878873313,2.2323951959,8.86988e-06
48.7927812219,2.2323951959,1.9507697e-05
48.7976751125,2.2323951959,4.3717173e-05
48.8025690031,2.2323951959,4.198161e-05
48.8074628937,2.2323951959,7.9134035e-05
48.8123567843,2.2323951959,5.500438e-05
48.8172506749,2.2323951959,-0.00010512
48.8221445655,2.2323951959,-9.5733936e-05
48.8270384561,2.2323951959,5.129428e-05
48.8319323467,2.2323951959,0.000112838825
48.8368262373,2.2323951959,0.000109738176
48.8417201279,2.2323951959,0.00039599775
48.8466140185,2.2323951959,0.0003900165
48.8515079091,2.2323951959,0.00043636406
48.8564017997,2.2323951959,0.0004599464
48.8612956903,2.2323951959,0.0004604489
48.8661895809,2.2323951959,0.0004576919
48.8710834715,2.2323951959,0.00044103747
48.8759773621,2.2323951959,0.0003438014
48.8808712527,2.2323951959,0.0002520596
48.8857651433,2.2323951959,0.00022096946
48.8906590339,2.2323951959,0.00023916451
48.8955529245,2.2323951959,0.00019262213
48.9004468151,2.2323951959,-4.403004e-05
48.9053407057,2.2323951959,3.841413e-05
48.9102345963,2.2323951959,6.854555e-05
48.9151284869,2.2323951959,6.332998e-05
48.9200223775,2.2323951959,3.3564465e-05
48.9249162681,2.2323951959,2.3382801e-05
48.9298101587,2.2323951959,1.9702476e-05
48.9347040493,2.2323951959,1.6818938e-05
48.9395979399,2.2323951959,1.6818938e-05
48.9444918305,2.2323951959,1.6818938e-05
48.9493857211,2.2323951959,2.6216148e-05
48.9542796117,2.2323951959,2.7221526e-05
48.9591735023,2.2323951959,2.7221526e-05
48.9640673929,2.2323951959,2.7221526e-05
48.9689612835,2.2323951959,2.7221526e-05
48.9738551741,2.2323951959,2.7221526e-05
48.9787490647,2.2323951959,2.7221526e-05
48.7389484253,2.2372890865,6.3396087e-06
48.7438423159,2.2372890865,6.3396087e-06
48.7487362065,2.2372890865,6.3396087e-06
48.7536300971,2.2372890865,6.3396087e-06
48.7585239877,2.2372890865,6.3396087e-06
48.7634178783,2.2372890865,6.3396087e-06
48.7683117689,2.2372890865,1.1765054e-05
48.7732056595,2.2372890865,1.18407115e-08
48.7780995501,2.2372890865,1.18407115e-08
48.7829934407,2.2372890865,3.1247687e-06
48.7878873313,2.2372890865,8.965868e-06
48.7927812219,2.2372890865,1.9603689e-05
48.7976751125,2.2372890865,4.3813157e-05
48.8025690031,2.2372890865,4.2077594e-05
48.8074628937,2.2372890865,7.923002e-05
48.8123567843,2.2372890865,5.5100365e-05
48.8172506749,2.2372890865,-0.00010502401
48.8221445655,2.2372890865,-0.000101401165
48.8270384561,2.2372890865,6.491324e-05
48.8319323467,2.2372890865,0.00012645786
48.8368262373,2.2372890865,0.0001233572
48.8417201279,2.2372890865,0.0004189137
48.8466140185,2.2372890865,0.00041293245
48.8515079091,2.2372890865,0.00043929592
48.8564017997,2.2372890865,0.00046287826
48.8612956903,2.2372890865,0.0004633807
48.8661895809,2.2372890865,0.00045277324
48.8710834715,2.2372890865,0.0004419682
48.8759773621,2.2372890865,0.00034473214
48.8808712527,2.2372890865,0.00025299034
48.8857651433,2.2372890865,0.00023119486
48.8906590339,2.2372890865,0.00024938988
48.8955529245,2.2372890865,0.00020284747
48.9004468151,2.2372890865,-3.3804714e-05
48.9053407057,2.2372890865,4.8639464e-05
48.9102345963,2.2372890865,7.877089e-05
48.9151284869,2.2372890865,5.5568078e-05
48.9200223775,2.2372890865,2.5802545e-05
48.9249162681,2.2372890865,1.5620883e-05
48.9298101587,2.2372890865,1.194055e-05
48.9347040493,2.2372890865,9.057023e-06
48.9395979399,2.2372890865,9.057023e-06
48.9444918305,2.2372890865,9.057023e-06
48.9493857211,2.2372890865,1.8454231e-05
48.9542796117,2.2372890865,1.9373356e-05
48.9591735023,2.2372890865,1.9373356e-05
48.9640673929,2.2372890865,1.9373356e-05
48.9689612835,2.2372890865,1.9373356e-05
48.9738551741,2.2372890865,1.9373356e-05
48.9787490647,2.2372890865,1.9373356e-05
48.7389484253,2.2421829771,1.397013e-05
48.7438423159,2.2421829771,1.397013e-05
48.7487362065,2.2421829771,1.397013e-05
48.7536300971,2.2421829771,1.397013e-05
48.7585239877,2.2421829771,1.397013e-05
48.7634178783,2.2421829771,1.397013e-05
48.7683117689,2.2421829771,1.9395575e-05
48.7732056595,2.2421829771,7.642362e-06
48.7780995501,2.2421829771,7.642362e-06
48.7829934407,2.2421829771,1.075529e-05
48.7878873313,2.2421829771,1.659638e-05
48.7927812219,2.2421829771,2.7234222e-05
48.7976751125,2.2421829771,5.144368e-05
48.8025690031,2.2421829771,4.9708116e-05
48.8074628937,2.2421829771,8.686054e-05
48.8123567843,2.2421829771,2.6592888e-05
48.8172506749,2.2421829771,-0.00013047898
48.8221445655,2.2421829771,-0.000110187655
48.8270384561,2.2421829771,0.00012832647
48.8319323467,2.2421829771,0.00018987106
48.8368262373,2.2421829771,0.00018677031
48.8417201279,2.2421829771,0.00048232704
48.8466140185,2.2421829771,0.0004763459
48.8515079091,2.2421829771,0.00048032863
48.8564017997,2.2421829771,0.0004865078
48.8612956903,2.2421829771,0.00048701026
48.8661895809,2.2421829771,0.00047640284
48.8710834715,2.2421829771,0.00046954333
48.8759773621,2.2421829771,0.0003738741
48.8808712527,2.2421829771,0.0002821323
48.8857651433,2.2421829771,0.0002603369
48.8906590339,2.2421829771,0.00027876202
48.8955529245,2.2421829771,0.00023221952
48.9004468151,2.2421829771,-4.4326425e-06
48.9053407057,2.2421829771,7.081502e-05
48.9102345963,2.2421829771,0.00010094647
48.9151284869,2.2421829771,7.7743614e-05
48.9200223775,2.2421829771,4.7978087e-05
48.9249162681,2.2421829771,3.7796446e-05
48.9298101587,2.2421829771,2.9493242e-05
48.9347040493,2.2421829771,2.6609712e-05
48.9395979399,2.2421829771,2.6609712e-05
48.9444918305,2.2421829771,2.4728119e-05
48.9493857211,2.2421829771,3.4125325e-05
48.9542796117,2.2421829771,3.5044446e-05
48.9591735023,2.2421829771,3.5044446e-05
48.9640673929,2.2421829771,3.5044446e-05
48.9689612835,2.2421829771,3.5044446e-05
48.9738551741,2.2421829771,3.5044446e-05
48.9787490647,2.2421829771,3.5044446e-05
48.7389484253,2.2470768677,1.2768423e-05
48.7438423159,2.2470768677,1.2768423e-05
48.7487362065,2.2470768677,1.2768423e-05
48.7536300971,2.2470768677,1.2768423e-05
48.7585239877,2.2470768677,1.2768423e-05
48.7634178783,2.2470768677,1.2768423e-05
48.7683117689,2.2470768677,1.819387e-05
48.7732056595,2.2470768677,6.440658e-06
48.7780995501,2.2470768677,6.440658e-06
48.7829934407,2.2470768677,9.553589e-06
48.7878873313,2.2470768677,1.5394682e-05
48.7927812219,2.2470768677,2.6032507e-05
48.7976751125,2.2470768677,5.0241975e-05
48.8025690031,2.2470768677,5.6333563e-05
48.8074628937,2.2470768677,9.934925e-05
48.8123567843,2.2470768677,2.6251013e-05
48.8172506749,2.2470768677,-0.00018080127
48.8221445655,2.2470768677,-0.00021175419
48.8270384561,2.2470768677,5.219865e-05
48.8319323467,2.2470768677,0.00018598874
48.8368262373,2.2470768677,0.0002241901
48.8417201279,2.2470768677,0.0005197468
48.8466140185,2.2470768677,0.0005137656
48.8515079091,2.2470768677,0.00047838784
48.8564017997,2.2470768677,0.0004346331
48.8612956903,2.2470768677,0.00040853053
48.8661895809,2.2470768677,0.00039792317
48.8710834715,2.2470768677,0.0003910638
48.8759773621,2.2470768677,0.00031302962
48.8808712527,2.2470768677,0.00020087571
48.8857651433,2.2470768677,0.0001449654
48.8906590339,2.2470768677,0.00014810471
48.8955529245,2.2470768677,0.00014476587
48.9004468151,2.2470768677,-9.347208e-05
48.9053407057,2.2470768677,6.2791485e-05
48.9102345963,2.2470768677,9.292294e-05
48.9151284869,2.2470768677,7.090368e-05
48.9200223775,2.2470768677,4.0228137e-05
48.9249162681,2.2470768677,3.0046484e-05
48.9298101587,2.2470768677,2.1743273e-05
48.9347040493,2.2470768677,1.8859746e-05
48.9395979399,2.2470768677,1.8859746e-05
48.9444918305,2.2470768677,1.6978154e-05
48.9493857211,2.2470768677,2.6375368e-05
48.9542796117,2.2470768677,2.7294489e-05
48.9591735023,2.2470768677,2.7294489e-05
48.9640673929,2.2470768677,2.7294489e-05
48.9689612835,2.2470768677,2.7294489e-05
48.9738551741,2.2470768677,2.7294489e-05
48.9787490647,2.2470768677,2.7294489e-05
48.7389484253,2.2519707583,8.518358e-06
48.7438423159,2.2519707583,8.518358e-06
48.7487362065,2.2519707583,8.518358e-06
48.7536300971,2.2519707583,8.518358e-06
48.7585239877,2.2519707583,8.518358e-06
48.7634178783,2.2519707583,8.518358e-06
48.7683117689,2.2519707583,1.3943802e-05
48.7732056595,2.2519707583,2.1905898e-06
48.7780995501,2.2519707583,4.8485304e-06
48.7829934407,2.2519707583,7.961462e-06
48.7878873313,2.2519707583,1.3802553e-05
48.7927812219,2.2519707583,2.4440382e-05
48.7976751125,2.2519707583,5.28692e-05
48.8025690031,2.2519707583,5.896078e-05
48.8074628937,2.2519707583,0.000101976446
48.8123567843,2.2519707583,2.8878256e-05
48.8172506749,2.2519707583,-0.00010366126
48.8221445655,2.2519707583,-0.00013661441
48.8270384561,2.2519707583,0.0001958906
48.8319323467,2.2519707583,0.00032968077
48.8368262373,2.2519707583,0.00036788217
48.8417201279,2.2519707583,0.00066343887
48.8466140185,2.2519707583,0.00058508466
48.8515079091,2.2519707583,0.0005497068
48.8564017997,2.2519707583,0.0005059524
48.8612956903,2.2519707583,0.0004416447
48.8661895809,2.2519707583,0.00043103728
48.8710834715,2.2519707583,0.0004241779
48.8759773621,2.2519707583,0.00030504307
48.8808712527,2.2519707583,0.0001928891
48.8857651433,2.2519707583,0.00012904516
48.8906590339,2.2519707583,0.00013218448
48.8955529245,2.2519707583,0.00011898867
48.9004468151,2.2519707583,-9.8321405e-05
48.9053407057,2.2519707583,5.794217e-05
48.9102345963,2.2519707583,8.8073626e-05
48.9151284869,2.2519707583,6.605436e-05
48.9200223775,2.2519707583,3.5378813e-05
48.9249162681,2.2519707583,2.5197156e-05
48.9298101587,2.2519707583,1.6893946e-05
48.9347040493,2.2519707583,1.4010415e-05
48.9395979399,2.2519707583,1.4010415e-05
48.9444918305,2.2519707583,1.2128823e-05
48.9493857211,2.2519707583,2.1526035e-05
48.9542796117,2.2519707583,2.2445156e-05
48.9591735023,2.2519707583,2.2445156e-05
48.9640673929,2.2519707583,2.2445156e-05
48.9689612835,2.2519707583,2.2445156e-05
48.9738551741,2.2519707583,2.2445156e-05
48.9787490647,2.2519707583,2.2445156e-05
48.7389484253,2.2568646489,5.817075e-06
48.7438423159,2.2568646489,5.817075e-06
48.7487362065,2.2568646489,5.817075e-06
48.7536300971,2.2568646489,5.817075e-06
48.7585239877,2.2568646489,5.817075e-06
48.7634178783,2.2568646489,5.817075e-06
48.7683117689,2.2568646489,1.12425205e-05
48.7732056595,2.2568646489,-5.106913e-07
48.7780995501,2.2568646489,2.1472488e-06
48.7829934407,2.2568646489,5.2601777e-06
48.7878873313,2.2568646489,1.1101272e-05
48.7927812219,2.2568646489,2.1739095e-05
48.7976751125,2.2568646489,5.016792e-05
48.8025690031,2.2568646489,5.62595e-05
48.8074628937,2.2568646489,9.927518e-05
48.8123567843,2.2568646489,2.6176966e-05
48.8172506749,2.2568646489,-7.751574e-05
48.8221445655,2.2568646489,-8.1027894e-05
48.8270384561,2.2568646489,0.00027907052
48.8319323467,2.2568646489,0.00041286057
48.8368262373,2.2568646489,0.00045106225
48.8417201279,2.2568646489,0.0007466187
48.8466140185,2.2568646489,0.0006682645
48.8515079091,2.2568646489,0.0006328866
48.8564017997,2.2568646489,0.00058913213
48.8612956903,2.2568646489,0.0005248247
48.8661895809,2.2568646489,0.0005142172
48.8710834715,2.2568646489,0.0005073579
48.8759773621,2.2568646489,0.00035878166
48.8808712527,2.2568646489,0.00021778108
48.8857651433,2.2568646489,0.00015393709
48.8906590339,2.2568646489,0.0001570764
48.8955529245,2.2568646489,0.00011628741
48.9004468151,2.2568646489,-0.00010102268
48.9053407057,2.2568646489,5.52409e-05
48.9102345963,2.2568646489,8.537234e-05
48.9151284869,2.2568646489,6.335306e-05
48.9200223775,2.2568646489,3.267754e-05
48.9249162681,2.2568646489,2.2495877e-05
48.9298101587,2.2568646489,1.4192663e-05
48.9347040493,2.2568646489,1.1309132e-05
48.9395979399,2.2568646489,1.1309132e-05
48.9444918305,2.2568646489,9.42754e-06
48.9493857211,2.2568646489,1.8824749e-05
48.9542796117,2.2568646489,1.9743877e-05
48.9591735023,2.2568646489,1.9743877e-05
48.9640673929,2.2568646489,1.9743877e-05
48.9689612835,2.2568646489,1.9743877e-05
48.9738551741,2.2568646489,1.9743877e-05
48.9787490647,2.2568646489,1.9743877e-05
48.7389484253,2.2617585395,3.7482391e-06
48.7438423159,2.2617585395,3.7482391e-06
48.7487362065,2.2617585395,3.7482391e-06
48.7536300971,2.2617585395,3.7482391e-06
48.7585239877,2.2617585395,3.7482391e-06
48.7634178783,2.2617585395,3.7482391e-06
48.7683117689,2.2617585395,9.173686e-06
48.7732056595,2.2617585395,-2.579528e-06
48.7780995501,2.2617585395,7.841027e-08
48.7829934407,2.2617585395,3.1913382e-06
48.7878873313,2.2617585395,9.032439e-06
48.7927812219,2.2617585395,1.967026e-05
48.7976751125,2.2617585395,4.8099097e-05
48.8025690031,2.2617585395,5.4190667e-05
48.8074628937,2.2617585395,9.7206335e-05
48.8123567843,2.2617585395,2.4108127e-05
48.8172506749,2.2617585395,-7.958457e-05
48.8221445655,2.2617585395,-0.00010401206
48.8270384561,2.2617585395,0.00028143014
48.8319323467,2.2617585395,0.0004420527
48.8368262373,2.2617585395,0.00048025415
48.8417201279,2.2617585395,0.0007758106
48.8466140185,2.2617585395,0.0006974564
48.8515079091,2.2617585395,0.00066207856
48.8564017997,2.2617585395,0.0006183241
48.8612956903,2.2617585395,0.0005540166
48.8661895809,2.2617585395,0.00054343825
48.8710834715,2.2617585395,0.00051179825
48.8759773621,2.2617585395,0.00036322227
48.8808712527,2.2617585395,0.00019687778
48.8857651433,2.2617585395,0.00013303387
48.8906590339,2.2617585395,0.00013617316
48.8955529245,2.2617585395,9.5384166e-05
48.9004468151,2.2617585395,-0.00012192591
48.9053407057,2.2617585395,5.5252993e-05
48.9102345963,2.2617585395,8.5384425e-05
48.9151284869,2.2617585395,6.336515e-05
48.9200223775,2.2617585395,3.2689633e-05
48.9249162681,2.2617585395,2.250797e-05
48.9298101587,2.2617585395,1.4204756e-05
48.9347040493,2.2617585395,1.13212245e-05
48.9395979399,2.2617585395,1.13212245e-05
48.9444918305,2.2617585395,8.40306e-06
48.9493857211,2.2617585395,1.6646749e-05
48.9542796117,2.2617585395,1.7565873e-05
48.9591735023,2.2617585395,1.7565873e-05
48.9640673929,2.2617585395,1.7565873e-05
48.9689612835,2.2617585395,1.7565873e-05
48.9738551741,2.2617585395,1.7565873e-05
48.9787490647,2.2617585395,1.7565873e-05
48.7389484253,2.2666524301,-7.8094945e-06
48.7438423159,2.2666524301,-7.8094945e-06
48.7487362065,2.2666524301,-7.8094945e-06
48.7536300971,2.2666524301,-7.8094945e-06
48.7585239877,2.2666524301,-7.8094945e-06
48.7634178783,2.2666524301,-7.8094945e-06
48.7683117689,2.2666524301,-2.3840466e-06
48.7732056595,2.2666524301,-1.4137258e-05
48.7780995501,2.2666524301,-1.14793165e-05
48.7829934407,2.2666524301,-8.366391e-06
48.7878873313,2.2666524301,-2.525293e-06
48.7927812219,2.2666524301,8.112529e-06
48.7976751125,2.2666524301,3.6541347e-05
48.8025690031,2.2666524301,4.2632924e-05
48.8074628937,2.2666524301,8.564859e-05
48.8123567843,2.2666524301,1.2550399e-05
48.8172506749,2.2666524301,-0.00010566157
48.8221445655,2.2666524301,-5.034583e-05
48.8270384561,2.2666524301,0.00036944257
48.8319323467,2.2666524301,0.00053006504
48.8368262373,2.2666524301,0.0005682665
48.8417201279,2.2666524301,0.0008638233
48.8466140185,2.2666524301,0.0007854689
48.8515079091,2.2666524301,0.00075009104
48.8564017997,2.2666524301,0.0007036932
48.8612956903,2.2666524301,0.0006361069
48.8661895809,2.2666524301,0.0006255285
48.8710834715,2.2666524301,0.00059700746
48.8759773621,2.2666524301,0.00044843144
48.8808712527,2.2666524301,0.00028208687
48.8857651433,2.2666524301,0.00013774724
48.8906590339,2.2666524301,0.00014088655
48.8955529245,2.2666524301,6.575127e-05
48.9004468151,2.2666524301,-0.0001515588
48.9053407057,2.2666524301,4.2501244e-05
48.9102345963,2.2666524301,7.263268e-05
48.9151284869,2.2666524301,5.061343e-05
48.9200223775,2.2666524301,1.9937886e-05
48.9249162681,2.2666524301,9.756224e-06
48.9298101587,2.2666524301,1.4530217e-06
48.9347040493,2.2666524301,-1.4305178e-06
48.9395979399,2.2666524301,-1.4305178e-06
48.9444918305,2.2666524301,-4.348679e-06
48.9493857211,2.2666524301,3.8950143e-06
48.9542796117,2.2666524301,4.8141387e-06
48.9591735023,2.2666524301,4.8141387e-06
48.9640673929,2.2666524301,4.8141387e-06
48.9689612835,2.2666524301,4.8141387e-06
48.9738551741,2.2666524301,4.8141387e-06
48.9787490647,2.2666524301,4.8141387e-06
48.7389484253,2.2715463207,-7.770541e-06
48.7438423159,2.2715463207,-7.770541e-06
48.7487362065,2.2715463207,-7.770541e-06
48.7536300971,2.2715463207,-7.770541e-06
48.7585239877,2.2715463207,-7.770541e-06
48.7634178783,2.2715463207,-7.770541e-06
48.7683117689,2.2715463207,-2.345092e-06
48.7732056595,2.2715463207,-1.4098307e-05
48.7780995501,2.2715463207,-1.1440365e-05
48.7829934407,2.2715463207,-8.327439e-06
48.7878873313,2.2715463207,-2.4863402e-06
48.7927812219,2.2715463207,8.151477e-06
48.7976751125,2.2715463207,3.6580303e-05
48.8025690031,2.2715463207,4.160272e-05
48.8074628937,2.2715463207,8.461839e-05
48.8123567843,2.2715463207,8.660458e-06
48.8172506749,2.2715463207,-5.1328574e-05
48.8221445655,2.2715463207,2.5244377e-05
48.8270384561,2.2715463207,0.00044503267
48.8319323467,2.2715463207,0.0005816123
48.8368262373,2.2715463207,0.00061981386
48.8417201279,2.2715463207,0.00091537024
48.8466140185,2.2715463207,0.00083701615
48.8515079091,2.2715463207,0.00080163823
48.8564017997,2.2715463207,0.00079512654
48.8612956903,2.2715463207,0.00072754006
48.8661895809,2.2715463207,0.0007169617
48.8710834715,2.2715463207,0.0007194614
48.8759773621,2.2715463207,0.0006318604
48.8808712527,2.2715463207,0.00046551597
48.8857651433,2.2715463207,0.00024838725
48.8906590339,2.2715463207,0.00025152654
48.8955529245,2.2715463207,0.00018017631
48.9004468151,2.2715463207,-5.103189e-05
48.9053407057,2.2715463207,-5.956565e-06
48.9102345963,2.2715463207,2.4174878e-05
48.9151284869,2.2715463207,2.1556136e-06
48.9200223775,2.2715463207,-2.851994e-05
48.9249162681,2.2715463207,-3.8701593e-05
48.9298101587,2.2715463207,-4.7004803e-05
48.9347040493,2.2715463207,-4.9888327e-05
48.9395979399,2.2715463207,-4.9888327e-05
48.9444918305,2.2715463207,-5.2806492e-05
48.9493857211,2.2715463207,-4.4562817e-05
48.9542796117,2.2715463207,-4.3643686e-05
48.9591735023,2.2715463207,-4.3643686e-05
48.9640673929,2.2715463207,-4.3643686e-05
48.9689612835,2.2715463207,-4.3643686e-05
48.9738551741,2.2715463207,-4.3643686e-05
48.9787490647,2.2715463207,-4.3643686e-05
48.7389484253,2.2764402113,-4.8739053e-06
48.7438423159,2.2764402113,-4.8739053e-06
48.7487362065,2.2764402113,-4.8739053e-06
48.7536300971,2.2764402113,-4.8739053e-06
48.7585239877,2.2764402113,-4.8739053e-06
48.7634178783,2.2764402113,-4.8739053e-06
48.7683117689,2.2764402113,5.5154214e-07
48.7732056595,2.2764402113,-1.120167e-05
48.7780995501,2.2764402113,-8.54373e-06
48.7829934407,2.2764402113,-5.4308052e-06
48.7878873313,2.2764402113,4.1029398e-07
48.7927812219,2.2764402113,1.1048115e-05
48.7976751125,2.2764402113,3.9476934e-05
48.8025690031,2.2764402113,4.4499353e-05
48.8074628937,2.2764402113,8.751503e-05
48.8123567843,2.2764402113,-8.636534e-06
48.8172506749,2.2764402113,-4.169592e-05
48.8221445655,2.2764402113,2.4806262e-05
48.8270384561,2.2764402113,0.00044459454
48.8319323467,2.2764402113,0.00058336026
48.8368262373,2.2764402113,0.0006115832
48.8417201279,2.2764402113,0.00092865404
48.8466140185,2.2764402113,0.0008504113
48.8515079091,2.2764402113,0.000877663
48.8564017997,2.2764402113,0.00087115134
48.8612956903,2.2764402113,0.0008290591
48.8661895809,2.2764402113,0.00081848074
48.8710834715,2.2764402113,0.00084666075
48.8759773621,2.2764402113,0.00075735897
48.8808712527,2.2764402113,0.00061942474
48.8857651433,2.2764402113,0.00037604166
48.8906590339,2.2764402113,0.00037607385
48.8955529245,2.2764402113,0.0003047237
48.9004468151,2.2764402113,2.0956715e-05
48.9053407057,2.2764402113,-4.7441004e-05
48.9102345963,2.2764402113,3.134249e-05
48.9151284869,2.2764402113,9.323227e-06
48.9200223775,2.2764402113,-2.1352327e-05
48.9249162681,2.2764402113,-3.1533986e-05
48.9298101587,2.2764402113,-3.9837192e-05
48.9347040493,2.2764402113,-4.272072e-05
48.9395979399,2.2764402113,-4.272072e-05
48.9444918305,2.2764402113,-4.563888e-05
48.9493857211,2.2764402113,-3.7395206e-05
48.9542796117,2.2764402113,-3.6476074e-05
48.9591735023,2.2764402113,-3.6476074e-05
48.9640673929,2.2764402113,-3.6476074e-05
48.9689612835,2.2764402113,-3.6476074e-05
48.9738551741,2.2764402113,-3.6476074e-05
48.9787490647,2.2764402113,-3.6476074e-05
48.7389484253,2.2813341019,-2.9473144e-06
48.7438423159,2.2813341019,-2.9473144e-06
48.7487362065,2.2813341019,-2.9473144e-06
48.7536300971,2.2813341019,-2.9473144e-06
48.7585239877,2.2813341019,-2.9473144e-06
48.7634178783,2.2813341019,-2.9473144e-06
48.7683117689,2.2813341019,1.6486722e-06
48.7732056595,2.2813341019,-1.0104533e-05
48.7780995501,2.2813341019,-7.4465984e-06
48.7829934407,2.2813341019,-4.3336763e-06
48.7878873313,2.2813341019,1.5074258e-06
48.7927812219,2.2813341019,1.2145245e-05
48.7976751125,2.2813341019,4.0574076e-05
48.8025690031,2.2813341019,4.559648e-05
48.8074628937,2.2813341019,8.861214e-05
48.8123567843,2.2813341019,-7.5394105e-06
48.8172506749,2.2813341019,-4.0598803e-05
48.8221445655,2.2813341019,8.5280466e-05
48.8270384561,2.2813341019,0.0005070323
48.8319323467,2.2813341019,0.00065892446
48.8368262373,2.2813341019,0.0006871474
48.8417201279,2.2813341019,0.001004218
48.8466140185,2.2813341019,0.00092597486
48.8515079091,2.2813341019,0.00095322664
48.8564017997,2.2813341019,0.0009467152
48.8612956903,2.2813341019,0.0009046233
48.8661895809,2.2813341019,0.00089404493
48.8710834715,2.2813341019,0.00092222495
48.8759773621,2.2813341019,0.0008636256
48.8808712527,2.2813341019,0.00064312184
48.8857651433,2.2813341019,0.00039093613
48.8906590339,2.2813341019,0.00031626775
48.8955529245,2.2813341019,0.00024491764
48.9004468151,2.2813341019,-6.0067057e-05
48.9053407057,2.2813341019,-4.4380526e-05
48.9102345963,2.2813341019,3.440297e-05
48.9151284869,2.2813341019,1.2383713e-05
48.9200223775,2.2813341019,-1.8291834e-05
48.9249162681,2.2813341019,-2.8473502e-05
48.9298101587,2.2813341019,-3.6776713e-05
48.9347040493,2.2813341019,-3.9660234e-05
48.9395979399,2.2813341019,-3.9660234e-05
48.9444918305,2.2813341019,-4.2578402e-05
48.9493857211,2.2813341019,-3.4334706e-05
48.9542796117,2.2813341019,-3.3415585e-05
48.9591735023,2.2813341019,-3.3415585e-05
48.9640673929,2.2813341019,-3.3415585e-05
48.9689612835,2.2813341019,-3.3415585e-05
48.9738551741,2.2813341019,-3.3415585e-05
48.9787490647,2.2813341019,-3.3415585e-05
48.7389484253,2.2862279925,-4.086896e-06
48.7438423159,2.2862279925,-4.086896e-06
48.7487362065,2.2862279925,-4.086896e-06
48.7536300971,2.2862279925,-4.086896e-06
48.7585239877,2.2862279925,-4.086896e-06
48.7634178783,2.2862279925,-4.086896e-06
48.7683117689,2.2862279925,1.9444853e-06
48.7732056595,2.2862279925,-1.04406645e-05
48.7780995501,2.2862279925,-7.782728e-06
48.7829934407,2.2862279925,-4.6698e-06
48.7878873313,2.2862279925,3.7910631e-06
48.7927812219,2.2862279925,1.7555687e-05
48.7976751125,2.2862279925,4.273216e-05
48.8025690031,2.2862279925,4.7754573e-05
48.8074628937,2.2862279925,4.4353965e-05
48.8123567843,2.2862279925,-4.3180575e-05
48.8172506749,2.2862279925,-9.866884e-05
48.8221445655,2.2862279925,-1.9524452e-05
48.8270384561,2.2862279925,0.00034127076
48.8319323467,2.2862279925,0.00049316284
48.8368262373,2.2862279925,0.00052138587
48.8417201279,2.2862279925,0.0008384575
48.8466140185,2.2862279925,0.000760214
48.8515079091,2.2862279925,0.00076315756
48.8564017997,2.2862279925,0.00076788
48.8612956903,2.2862279925,0.0007639925
48.8661895809,2.2862279925,0.00083364674
48.8710834715,2.2862279925,0.0009782211
48.8759773621,2.2862279925,0.0009196217
48.8808712527,2.2862279925,0.0006695804
48.8857651433,2.2862279925,0.0003768704
48.8906590339,2.2862279925,0.00029149064
48.8955529245,2.2862279925,0.000195092
48.9004468151,2.2862279925,-0.000112621135
48.9053407057,2.2862279925,-9.4030846e-05
48.9102345963,2.2862279925,2.9479781e-05
48.9151284869,2.2862279925,1.6209182e-05
48.9200223775,2.2862279925,-1.616031e-05
48.9249162681,2.2862279925,-2.6341973e-05
48.9298101587,2.2862279925,-3.4645174e-05
48.9347040493,2.2862279925,-3.75287e-05
48.9395979399,2.2862279925,-4.3709108e-05
48.9444918305,2.2862279925,-4.662726e-05
48.9493857211,2.2862279925,-3.8383587e-05
48.9542796117,2.2862279925,-3.9682454e-05
48.9591735023,2.2862279925,-3.9682454e-05
48.9640673929,2.2862279925,-3.9682454e-05
48.9689612835,2.2862279925,-3.9682454e-05
48.9738551741,2.2862279925,-3.9682454e-05
48.9787490647,2.2862279925,-3.9682454e-05
48.7389484253,2.2911218831,-3.638354e-05
48.7438423159,2.2911218831,-3.638354e-05
48.7487362065,2.2911218831,-3.638354e-05
48.7536300971,2.2911218831,-3.638354e-05
48.7585239877,2.2911218831,-3.638354e-05
48.7634178783,2.2911218831,-3.638354e-05
48.7683117689,2.2911218831,-3.0352145e-05
48.7732056595,2.2911218831,-4.2737298e-05
48.7780995501,2.2911218831,-4.007937e-05
48.7829934407,2.2911218831,-3.6966445e-05
48.7878873313,2.2911218831,-2.7041267e-05
48.7927812219,2.2911218831,-1.32766545e-05
48.7976751125,2.2911218831,1.1899827e-05
48.8025690031,2.2911218831,1.6922273e-05
48.8074628937,2.2911218831,1.3521638e-05
48.8123567843,2.2911218831,-5.723589e-05
48.8172506749,2.2911218831,-0.00011272415
48.8221445655,2.2911218831,-3.3579756e-05
48.8270384561,2.2911218831,0.00030474644
48.8319323467,2.2911218831,0.0004566385
48.8368262373,2.2911218831,0.0004848613
48.8417201279,2.2911218831,0.0007726219
48.8466140185,2.2911218831,0.0006943784
48.8515079091,2.2911218831,0.0007266332
48.8564017997,2.2911218831,0.0007313556
48.8612956903,2.2911218831,0.0007540734
48.8661895809,2.2911218831,0.0008237276
48.8710834715,2.2911218831,0.0009683019
48.8759773621,2.2911218831,0.00090970256
48.8808712527,2.2911218831,0.0006111799
48.8857651433,2.2911218831,0.0003358993
48.8906590339,2.2911218831,0.00026275605
48.8955529245,2.2911218831,0.00016635741
48.9004468151,2.2911218831,-0.00013409875
48.9053407057,2.2911218831,-0.00012212266
48.9102345963,2.2911218831,3.7050413e-05
48.9151284869,2.2911218831,7.5593193e-06
48.9200223775,2.2911218831,-2.4810171e-05
48.9249162681,2.2911218831,-3.4991823e-05
48.9298101587,2.2911218831,-4.952588e-05
48.9347040493,2.2911218831,-5.240943e-05
48.9395979399,2.2911218831,-5.858981e-05
48.9444918305,2.2911218831,-6.150798e-05
48.9493857211,2.2911218831,-5.3264288e-05
48.9542796117,2.2911218831,-5.4563163e-05
48.9591735023,2.2911218831,-5.4563163e-05
48.9640673929,2.2911218831,-5.4563163e-05
48.9689612835,2.2911218831,-5.4563163e-05
48.9738551741,2.2911218831,-5.4563163e-05
48.9787490647,2.2911218831,-5.4563163e-05
48.7389484253,2.2960157737,-5.4399854e-05
48.7438423159,2.2960157737,-5.4399854e-05
48.7487362065,2.2960157737,-5.4399854e-05
48.7536300971,2.2960157737,-5.4399854e-05
48.7585239877,2.2960157737,-5.4399854e-05
48.7634178783,2.2960157737,-5.4399854e-05
48.7683117689,2.2960157737,-4.8368474e-05
48.7732056595,2.2960157737,-6.0753642e-05
48.7780995501,2.2960157737,-5.8095706e-05
48.7829934407,2.2960157737,-5.305235e-05
48.7878873313,2.2960157737,-4.312718e-05
48.7927812219,2.2960157737,-2.9362564e-05
48.7976751125,2.2960157737,-4.186091e-06
48.8025690031,2.2960157737,8.363404e-07
48.8074628937,2.2960157737,-2.5642844e-06
48.8123567843,2.2960157737,-8.1711616e-05
48.8172506749,2.2960157737,-0.00010291316
48.8221445655,2.2960157737,-3.9897317e-05
48.8270384561,2.2960157737,0.00024153985
48.8319323467,2.2960157737,0.00039343166
48.8368262373,2.2960157737,0.00042165475
48.8417201279,2.2960157737,0.0006029738
48.8466140185,2.2960157737,0.0005247303
48.8515079091,2.2960157737,0.0005569851
48.8564017997,2.2960157737,0.0005617076
48.8612956903,2.2960157737,0.00058442535
48.8661895809,2.2960157737,0.0006994878
48.8710834715,2.2960157737,0.00086234533
48.8759773621,2.2960157737,0.000803746
48.8808712527,2.2960157737,0.00042860903
48.8857651433,2.2960157737,0.00021194431
48.8906590339,2.2960157737,0.00014880594
48.8955529245,2.2960157737,0.00016950426
48.9004468151,2.2960157737,2.9100202e-05
48.9053407057,2.2960157737,8.533545e-05
48.9102345963,2.2960157737,2.213451e-05
48.9151284869,2.2960157737,-1.6780341e-05
48.9200223775,2.2960157737,-4.9149836e-05
48.9249162681,2.2960157737,-6.42416e-05
48.9298101587,2.2960157737,-7.877568e-05
48.9347040493,2.2960157737,-8.1659215e-05
48.9395979399,2.2960157737,-8.783962e-05
48.9444918305,2.2960157737,-9.075777e-05
48.9493857211,2.2960157737,-8.251408e-05
48.9542796117,2.2960157737,-8.381295e-05
48.9591735023,2.2960157737,-8.381295e-05
48.9640673929,2.2960157737,-8.381295e-05
48.9689612835,2.2960157737,-8.381295e-05
48.9738551741,2.2960157737,-8.381295e-05
48.9787490647,2.2960157737,-8.381295e-05
48.7389484253,2.3009096643,-7.3005605e-05
48.7438423159,2.3009096643,-7.3005605e-05
48.7487362065,2.3009096643,-7.3005605e-05
48.7536300971,2.3009096643,-7.3005605e-05
48.7585239877,2.3009096643,-7.3005605e-05
48.7634178783,2.3009096643,-7.3005605e-05
48.7683117689,2.3009096643,-6.697422e-05
48.7732056595,2.3009096643,-7.9359364e-05
48.7780995501,2.3009096643,-7.670142e-05
48.7829934407,2.3009096643,-7.165809e-05
48.7878873313,2.3009096643,-6.173291e-05
48.7927812219,2.3009096643,-4.0466486e-05
48.7976751125,2.3009096643,-1.5290016e-05
48.8025690031,2.3009096643,-1.0267582e-05
48.8074628937,2.3009096643,-9.372967e-06
48.8123567843,2.3009096643,-7.991466e-05
48.8172506749,2.3009096643,-0.00015352436
48.8221445655,2.3009096643,-0.00012493452
48.8270384561,2.3009096643,0.000116518175
48.8319323467,2.3009096643,0.00023033415
48.8368262373,2.3009096643,0.00025855706
48.8417201279,2.3009096643,0.00047428336
48.8466140185,2.3009096643,0.00039604
48.8515079091,2.3009096643,0.00044578378
48.8564017997,2.3009096643,0.00047052355
48.8612956903,2.3009096643,0.0004932413
48.8661895809,2.3009096643,0.00062784745
48.8710834715,2.3009096643,0.00087136176
48.8759773621,2.3009096643,0.0008127624
48.8808712527,2.3009096643,0.00045169448
48.8857651433,2.3009096643,0.00022474932
48.8906590339,2.3009096643,0.0002742685
48.8955529245,2.3009096643,0.0003379689
48.9004468151,2.3009096643,0.00027475646
48.9053407057,2.3009096643,0.00023786085
48.9102345963,2.3009096643,8.5626394e-05
48.9151284869,2.3009096643,-1.8233022e-05
48.9200223775,2.3009096643,-5.0602495e-05
48.9249162681,2.3009096643,-6.569428e-05
48.9298101587,2.3009096643,-8.4759246e-05
48.9347040493,2.3009096643,-8.764277e-05
48.9395979399,2.3009096643,-9.382318e-05
48.9444918305,2.3009096643,-9.6741336e-05
48.9493857211,2.3009096643,-8.8497654e-05
48.9542796117,2.3009096643,-8.979652e-05
48.9591735023,2.3009096643,-8.979652e-05
48.9640673929,2.3009096643,-8.979652e-05
48.9689612835,2.3009096643,-8.979652e-05
48.9738551741,2.3009096643,-8.979652e-05
48.9787490647,2.3009096643,-8.979652e-05
48.7389484253,2.3058035549,-7.523629e-05
48.7438423159,2.3058035549,-7.523629e-05
48.7487362065,2.3058035549,-7.523629e-05
48.7536300971,2.3058035549,-7.523629e-05
48.7585239877,2.3058035549,-7.523629e-05
48.7634178783,2.3058035549,-7.523629e-05
48.7683117689,2.3058035549,-6.9204914e-05
48.7732056595,2.3058035549,-8.159005e-05
48.7780995501,2.3058035549,-7.8932106e-05
48.7829934407,2.3058035549,-7.3888776e-05
48.7878873313,2.3058035549,-6.39636e-05
48.7927812219,2.3058035549,-4.269717e-05
48.7976751125,2.3058035549,-8.4967705e-06
48.8025690031,2.3058035549,-3.4743239e-06
48.8074628937,2.3058035549,8.46773e-06
48.8123567843,2.3058035549,-6.983899e-05
48.8172506749,2.3058035549,-0.00012685932
48.8221445655,2.3058035549,-9.933035e-05
48.8270384561,2.3058035549,0.00015073552
48.8319323467,2.3058035549,0.00026455146
48.8368262373,2.3058035549,0.0002987736
48.8417201279,2.3058035549,0.0005144999
48.8466140185,2.3058035549,0.00043625638
48.8515079091,2.3058035549,0.0005004828
48.8564017997,2.3058035549,0.00052522245
48.8612956903,2.3058035549,0.0005479402
48.8661895809,2.3058035549,0.0006825464
48.8710834715,2.3058035549,0.0008969232
48.8759773621,2.3058035549,0.00081330363
48.8808712527,2.3058035549,0.0004522358
48.8857651433,2.3058035549,0.0003385329
48.8906590339,2.3058035549,0.0003943786
48.8955529245,2.3058035549,0.0004502478
48.9004468151,2.3058035549,0.00038703525
48.9053407057,2.3058035549,0.0003329362
48.9102345963,2.3058035549,9.443227e-05
48.9151284869,2.3058035549,-9.427158e-06
48.9200223775,2.3058035549,-5.2886266e-05
48.9249162681,2.3058035549,-6.797804e-05
48.9298101587,2.3058035549,-8.7043016e-05
48.9347040493,2.3058035549,-8.992654e-05
48.9395979399,2.3058035549,-9.610695e-05
48.9444918305,2.3058035549,-9.902511e-05
48.9493857211,2.3058035549,-9.0781425e-05
48.9542796117,2.3058035549,-9.208029e-05
48.9591735023,2.3058035549,-9.208029e-05
48.9640673929,2.3058035549,-9.208029e-05
48.9689612835,2.3058035549,-9.208029e-05
48.9738551741,2.3058035549,-9.208029e-05
48.9787490647,2.3058035549,-9.208029e-05
48.7389484253,2.3106974455,-7.928804e-05
48.7438423159,2.3106974455,-7.928804e-05
48.7487362065,2.3106974455,-7.928804e-05
48.7536300971,2.3106974455,-7.928804e-05
48.7585239877,2.3106974455,-7.928804e-05
48.7634178783,2.3106974455,-7.928804e-05
48.7683117689,2.3106974455,-7.3256655e-05
48.7732056595,2.3106974455,-8.56418e-05
48.7780995501,2.3106974455,-8.2983854e-05
48.7829934407,2.3106974455,-7.794052e-05
48.7878873313,2.3106974455,-5.8921818e-05
48.7927812219,2.3106974455,-3.7655383e-05
48.7976751125,2.3106974455,-3.4549662e-06
48.8025690031,2.3106974455,1.5754978e-05
48.8074628937,2.3106974455,2.7697066e-05
48.8123567843,2.3106974455,-7.2859846e-05
48.8172506749,2.3106974455,-4.1575197e-05
48.8221445655,2.3106974455,1.0190411e-06
48.8270384561,2.3106974455,0.00027463186
48.8319323467,2.3106974455,0.00038844818
48.8368262373,2.3106974455,0.00046539324
48.8417201279,2.3106974455,0.0006811196
48.8466140185,2.3106974455,0.0005705952
48.8515079091,2.3106974455,0.00070389063
48.8564017997,2.3106974455,0.0007286302
48.8612956903,2.3106974455,0.0007328421
48.8661895809,2.3106974455,0.0008674484
48.8710834715,2.3106974455,0.0010958953
48.8759773621,2.3106974455,0.0010437102
48.8808712527,2.3106974455,0.0005842948
48.8857651433,2.3106974455,0.0004713981
48.8906590339,2.3106974455,0.00041265556
48.8955529245,2.3106974455,0.0004685247
48.9004468151,2.3106974455,0.0004070213
48.9053407057,2.3106974455,0.00034285162
48.9102345963,2.3106974455,0.0001142125
48.9151284869,2.3106974455,1.035304e-05
48.9200223775,2.3106974455,-3.698106e-05
48.9249162681,2.3106974455,-5.207282e-05
48.9298101587,2.3106974455,-7.113781e-05
48.9347040493,2.3106974455,-8.001111e-05
48.9395979399,2.3106974455,-8.61915e-05
48.9444918305,2.3106974455,-8.910967e-05
48.9493857211,2.3106974455,-8.086599e-05
48.9542796117,2.3106974455,-8.216484e-05
48.9591735023,2.3106974455,-8.216484e-05
48.9640673929,2.3106974455,-8.216484e-05
48.9689612835,2.3106974455,-8.216484e-05
48.9738551741,2.3106974455,-8.216484e-05
48.9787490647,2.3106974455,-8.216484e-05
48.7389484253,2.3155913361,-8.391816e-05
48.7438423159,2.3155913361,-8.391816e-05
48.7487362065,2.3155913361,-8.391816e-05
48.7536300971,2.3155913361,-8.391816e-05
48.7585239877,2.3155913361,-8.391816e-05
48.7634178783,2.3155913361,-8.391816e-05
48.7683117689,2.3155913361,-7.788677e-05
48.7732056595,2.3155913361,-9.0271904e-05
48.7780995501,2.3155913361,-8.761395e-05
48.7829934407,2.3155913361,-8.257058e-05
48.7878873313,2.3155913361,-6.355188e-05
48.7927812219,2.3155913361,-4.2285465e-05
48.7976751125,2.3155913361,-8.085062e-06
48.8025690031,2.3155913361,3.6875375e-05
48.8074628937,2.3155913361,7.4699004e-05
48.8123567843,2.3155913361,-4.360089e-05
48.8172506749,2.3155913361,-7.545309e-05
48.8221445655,2.3155913361,-8.722753e-05
48.8270384561,2.3155913361,8.5680826e-05
48.8319323467,2.3155913361,0.00026592854
48.8368262373,2.3155913361,0.0005065415
48.8417201279,2.3155913361,0.00074598246
48.8466140185,2.3155913361,0.0006354581
48.8515079091,2.3155913361,0.0007687536
48.8564017997,2.3155913361,0.00081927044
48.8612956903,2.3155913361,0.00082348235
48.8661895809,2.3155913361,0.0010169168
48.8710834715,2.3155913361,0.0012660174
48.8759773621,2.3155913361,0.0012345611
48.8808712527,2.3155913361,0.00078041357
48.8857651433,2.3155913361,0.0006060882
48.8906590339,2.3155913361,0.0003390075
48.8955529245,2.3155913361,0.00039487676
48.9004468151,2.3155913361,0.0003333733
48.9053407057,2.3155913361,0.00029579195
48.9102345963,2.3155913361,0.00012297684
48.9151284869,2.3155913361,1.9117346e-05
48.9200223775,2.3155913361,-2.8216746e-05
48.9249162681,2.3155913361,-4.3308522e-05
48.9298101587,2.3155913361,-6.237349e-05
48.9347040493,2.3155913361,-7.12468e-05
48.9395979399,2.3155913361,-7.742719e-05
48.9444918305,2.3155913361,-8.0345344e-05
48.9493857211,2.3155913361,-7.2101684e-05
48.9542796117,2.3155913361,-7.340055e-05
48.9591735023,2.3155913361,-7.340055e-05
48.9640673929,2.3155913361,-7.340055e-05
48.9689612835,2.3155913361,-7.340055e-05
48.9738551741,2.3155913361,-7.340055e-05
48.9787490647,2.3155913361,-7.340055e-05
48.7389484253,2.3204852267,-0.000116295385
48.7438423159,2.3204852267,-0.000116295385
48.7487362065,2.3204852267,-0.000116295385
48.7536300971,2.3204852267,-0.000116295385
48.7585239877,2.3204852267,-0.000116295385
48.7634178783,2.3204852267,-0.000116295385
48.7683117689,2.3204852267,-0.000110263994
48.7732056595,2.3204852267,-0.00012264911
48.7780995501,2.3204852267,-0.000119991186
48.7829934407,2.3204852267,-0.00011494782
48.7878873313,2.3204852267,-9.592914e-05
48.7927812219,2.3204852267,-7.466269e-05
48.7976751125,2.3204852267,-4.0462295e-05
48.8025690031,2.3204852267,2.7418184e-05
48.8074628937,2.3204852267,0.000107900174
48.8123567843,2.3204852267,-2.5826834e-05
48.8172506749,2.3204852267,-9.890574e-05
48.8221445655,2.3204852267,5.536166e-05
48.8270384561,2.3204852267,0.00032406658
48.8319323467,2.3204852267,0.0007546267
48.8368262373,2.3204852267,0.0009982025
48.8417201279,2.3204852267,0.0012261451
48.8466140185,2.3204852267,0.001115621
48.8515079091,2.3204852267,0.0012489161
48.8564017997,2.3204852267,0.0012846227
48.8612956903,2.3204852267,0.0012888348
48.8661895809,2.3204852267,0.0015251386
48.8710834715,2.3204852267,0.0019651793
48.8759773621,2.3204852267,0.00212326
48.8808712527,2.3204852267,0.0013127349
48.8857651433,2.3204852267,0.0006935727
48.8906590339,2.3204852267,0.000269452
48.8955529245,2.3204852267,0.00023484143
48.9004468151,2.3204852267,0.00020200021
48.9053407057,2.3204852267,0.00026877125
48.9102345963,2.3204852267,9.5956115e-05
48.9151284869,2.3204852267,-7.903375e-06
48.9200223775,2.3204852267,-5.5237466e-05
48.9249162681,2.3204852267,-7.0329246e-05
48.9298101587,2.3204852267,-8.9394205e-05
48.9347040493,2.3204852267,-9.82675e-05
48.9395979399,2.3204852267,-0.0001044479
48.9444918305,2.3204852267,-0.00010736607
48.9493857211,2.3204852267,-9.912239e-05
48.9542796117,2.3204852267,-0.00010042125
48.9591735023,2.3204852267,-0.00010042125
48.9640673929,2.3204852267,-0.00010042125
48.9689612835,2.3204852267,-0.00010042125
48.9738551741,2.3204852267,-0.00010042125
48.9787490647,2.3204852267,-0.00010042125
48.7389484253,2.3253791173,-0.00013893867
48.7438423159,2.3253791173,-0.00013893867
48.7487362065,2.3253791173,-0.00013893867
48.7536300971,2.3253791173,-0.00013893867
48.7585239877,2.3253791173,-0.00013893867
48.7634178783,2.3253791173,-0.00013893867
48.7683117689,2.3253791173,-0.00013990822
48.7732056595,2.3253791173,-0.0001471968
48.7780995501,2.3253791173,-0.00014453886
48.7829934407,2.3253791173,-0.0001394955
48.7878873313,2.3253791173,-0.000120476754
48.7927812219,2.3253791173,-9.921037e-05
48.7976751125,2.3253791173,-6.5009954e-05
48.8025690031,2.3253791173,1.4722655e-05
48.8074628937,2.3253791173,9.520464e-05
48.8123567843,2.3253791173,6.530905e-05
48.8172506749,2.3253791173,-2.1605867e-06
48.8221445655,2.3253791173,0.000114922645
48.8270384561,2.3253791173,0.0003547004
48.8319323467,2.3253791173,0.0009446782
48.8368262373,2.3253791173,0.001176208
48.8417201279,2.3253791173,0.0014041506
48.8466140185,2.3253791173,0.0012936265
48.8515079091,2.3253791173,0.0014982948
48.8564017997,2.3253791173,0.0015340013
48.8612956903,2.3253791173,0.001555611
48.8661895809,2.3253791173,0.0018007025
48.8710834715,2.3253791173,0.0022866556
48.8759773621,2.3253791173,0.0024447364
48.8808712527,2.3253791173,0.0016342109
48.8857651433,2.3253791173,0.0007220274
48.8906590339,2.3253791173,0.00029790658
48.8955529245,2.3253791173,0.00031052268
48.9004468151,2.3253791173,0.00026619536
48.9053407057,2.3253791173,0.00035931938
48.9102345963,2.3253791173,0.00015939388
48.9151284869,2.3253791173,-2.3791195e-06
48.9200223775,2.3253791173,-4.9713195e-05
48.9249162681,2.3253791173,-6.4804975e-05
48.9298101587,2.3253791173,-8.3869934e-05
48.9347040493,2.3253791173,-9.274327e-05
48.9395979399,2.3253791173,-9.892366e-05
48.9444918305,2.3253791173,-0.00010184181
48.9493857211,2.3253791173,-0.0001037427
48.9542796117,2.3253791173,-0.00010704223
48.9591735023,2.3253791173,-0.00010704223
48.9640673929,2.3253791173,-0.00010704223
48.9689612835,2.3253791173,-0.00010704223
48.9738551741,2.3253791173,-0.00010704223
48.9787490647,2.3253791173,-0.00010704223
48.7389484253,2.3302730079,-0.00012568936
48.7438423159,2.3302730079,-0.00012568936
48.7487362065,2.3302730079,-0.00012568936
48.7536300971,2.3302730079,-0.00012568936
48.7585239877,2.3302730079,-0.00012568936
48.7634178783,2.3302730079,-0.00012568936
48.7683117689,2.3302730079,-0.00012665892
48.7732056595,2.3302730079,-0.00013394753
48.7780995501,2.3302730079,-0.00013128959
48.7829934407,2.3302730079,-0.0001262462
48.7878873313,2.3302730079,-0.00010722746
48.7927812219,2.3302730079,-8.5961066e-05
48.7976751125,2.3302730079,-5.1760664e-05
48.8025690031,2.3302730079,3.483871e-05
48.8074628937,2.3302730079,0.00014950796
48.8123567843,2.3302730079,0.00015764334
48.8172506749,2.3302730079,6.762214e-05
48.8221445655,2.3302730079,0.00015179146
48.8270384561,2.3302730079,0.00032730398
48.8319323467,2.3302730079,0.00091728196
48.8368262373,2.3302730079,0.0011488113
48.8417201279,2.3302730079,0.001272426
48.8466140185,2.3302730079,0.0011619019
48.8515079091,2.3302730079,0.0015527101
48.8564017997,2.3302730079,0.0015867803
48.8612956903,2.3302730079,0.00160839
48.8661895809,2.3302730079,0.0018645175
48.8710834715,2.3302730079,0.0023504703
48.8759773621,2.3302730079,0.002508551
48.8808712527,2.3302730079,0.0016617802
48.8857651433,2.3302730079,0.0007078261
48.8906590339,2.3302730079,0.0002757382
48.8955529245,2.3302730079,0.00035642635
48.9004468151,2.3302730079,0.00031620744
48.9053407057,2.3302730079,0.00039393053
48.9102345963,2.3302730079,0.00019400516
48.9151284869,2.3302730079,3.223214e-05
48.9200223775,2.3302730079,-1.5101934e-05
48.9249162681,2.3302730079,-3.0193723e-05
48.9298101587,2.3302730079,-4.925868e-05
48.9347040493,2.3302730079,-5.8132002e-05
48.9395979399,2.3302730079,-6.48125e-05
48.9444918305,2.3302730079,-6.773066e-05
48.9493857211,2.3302730079,-6.9631526e-05
48.9542796117,2.3302730079,-7.293106e-05
48.9591735023,2.3302730079,-7.293106e-05
48.9640673929,2.3302730079,-7.293106e-05
48.9689612835,2.3302730079,-7.293106e-05
48.9738551741,2.3302730079,-7.293106e-05
48.9787490647,2.3302730079,-7.293106e-05
48.7389484253,2.3351668985000003,-0.00010488456
48.7438423159,2.3351668985000003,-0.00010488456
48.7487362065,2.3351668985000003,-0.00010488456
48.7536300971,2.3351668985000003,-0.00010488456
48.7585239877,2.3351668985000003,-0.00010488456
48.7634178783,2.3351668985000003,-0.00010488456
48.7683117689,2.3351668985000003,-0.000105854124
48.7732056595,2.3351668985000003,-0.00011314268
48.7780995501,2.3351668985000003,-0.00011048475
48.7829934407,2.3351668985000003,-0.00010544137
48.7878873313,2.3351668985000003,-8.642268e-05
48.7927812219,2.3351668985000003,-6.515626e-05
48.7976751125,2.3351668985000003,-2.9097237e-05
48.8025690031,2.3351668985000003,5.7502133e-05
48.8074628937,2.3351668985000003,0.00025984712
48.8123567843,2.3351668985000003,0.00036593172
48.8172506749,2.3351668985000003,0.00016186523
48.8221445655,2.3351668985000003,0.00018465279
48.8270384561,2.3351668985000003,0.00036016523
48.8319323467,2.3351668985000003,0.000918454
48.8368262373,2.3351668985000003,0.0011450793
48.8417201279,2.3351668985000003,0.0012224617
48.8466140185,2.3351668985000003,0.0011217546
48.8515079091,2.3351668985000003,0.001598852
48.8564017997,2.3351668985000003,0.0016166979
48.8612956903,2.3351668985000003,0.0016383076
48.8661895809,2.3351668985000003,0.0018944348
48.8710834715,2.3351668985000003,0.0022911876
48.8759773621,2.3351668985000003,0.0021750408
48.8808712527,2.3351668985000003,0.0014628387
48.8857651433,2.3351668985000003,0.0005278384
48.8906590339,2.3351668985000003,0.00014660739
48.8955529245,2.3351668985000003,0.00030591554
48.9004468151,2.3351668985000003,0.0003675409
48.9053407057,2.3351668985000003,0.00043772292
48.9102345963,2.3351668985000003,0.0002377975
48.9151284869,2.3351668985000003,7.602454e-05
48.9200223775,2.3351668985000003,2.8690443e-05
48.9249162681,2.3351668985000003,1.359867e-05
48.9298101587,2.3351668985000003,-9.428822e-06
48.9347040493,2.3351668985000003,-1.8302146e-05
48.9395979399,2.3351668985000003,-2.498264e-05
48.9444918305,2.3351668985000003,-2.7900802e-05
48.9493857211,2.3351668985000003,-2.9801686e-05
48.9542796117,2.3351668985000003,-3.3101212e-05
48.9591735023,2.3351668985000003,-3.3101212e-05
48.9640673929,2.3351668985000003,-3.3101212e-05
48.9689612835,2.3351668985000003,-3.3101212e-05
48.9738551741,2.3351668985000003,-3.3101212e-05
48.9787490647,2.3351668985000003,-3.3101212e-05
48.7389484253,2.3400607891000003,-0.00014071171
48.7438423159,2.3400607891000003,-0.00014071171
48.7487362065,2.3400607891000003,-0.00014071171
48.7536300971,2.3400607891000003,-0.00014071171
48.7585239877,2.3400607891000003,-0.00014071171
48.7634178783,2.3400607891000003,-0.00014071171
48.7683117689,2.3400607891000003,-0.00014168127
48.7732056595,2.3400607891000003,-0.00014896986
48.7780995501,2.3400607891000003,-0.0001463119
48.7829934407,2.3400607891000003,-0.00014126855
48.7878873313,2.3400607891000003,-0.00012224985
48.7927812219,2.3400607891000003,-0.00010098342
48.7976751125,2.3400607891000003,-6.3530686e-05
48.8025690031,2.3400607891000003,2.413786e-05
48.8074628937,2.3400607891000003,0.00022648287
48.8123567843,2.3400607891000003,0.00035300147
48.8172506749,2.3400607891000003,0.0001859266
48.8221445655,2.3400607891000003,0.00023065512
48.8270384561,2.3400607891000003,0.000396745
48.8319323467,2.3400607891000003,0.000980994
48.8368262373,2.3400607891000003,0.0011372215
48.8417201279,2.3400607891000003,0.0012582522
48.8466140185,2.3400607891000003,0.0011575451
48.8515079091,2.3400607891000003,0.0017943576
48.8564017997,2.3400607891000003,0.0018148468
48.8612956903,2.3400607891000003,0.0018364567
48.8661895809,2.3400607891000003,0.0020921694
48.8710834715,2.3400607891000003,0.0023632795
48.8759773621,2.3400607891000003,0.0022247115
48.8808712527,2.3400607891000003,0.0015922397
48.8857651433,2.3400607891000003,0.0006963136
48.8906590339,2.3400607891000003,0.0002516434
48.8955529245,2.3400607891000003,0.0003677479
48.9004468151,2.3400607891000003,0.0003679157
48.9053407057,2.3400607891000003,0.00046321467
48.9102345963,2.3400607891000003,0.00024536406
48.9151284869,2.3400607891000003,8.2407496e-05
48.9200223775,2.3400607891000003,3.507341e-05
48.9249162681,2.3400607891000003,5.9334225e-06
48.9298101587,2.3400607891000003,-1.7094098e-05
48.9347040493,2.3400607891000003,-2.5967405e-05
48.9395979399,2.3400607891000003,-3.2647895e-05
48.9444918305,2.3400607891000003,-3.5566056e-05
48.9493857211,2.3400607891000003,-3.7466936e-05
48.9542796117,2.3400607891000003,-4.0766467e-05
48.9591735023,2.3400607891000003,-4.0766467e-05
48.9640673929,2.3400607891000003,-4.0766467e-05
48.9689612835,2.3400607891000003,-4.0766467e-05
48.9738551741,2.3400607891000003,-4.0766467e-05
48.9787490647,2.3400607891000003,-4.0766467e-05
48.7389484253,2.3449546797000003,-0.00014041956
48.7438423159,2.3449546797000003,-0.00014041956
48.7487362065,2.3449546797000003,-0.00014041956
48.7536300971,2.3449546797000003,-0.00014041956
48.7585239877,2.3449546797000003,-0.00014041956
48.7634178783,2.3449546797000003,-0.00014041956
48.7683117689,2.3449546797000003,-0.00014138913
48.7732056595,2.3449546797000003,-0.00014867766
48.7780995501,2.3449546797000003,-0.00014601975
48.7829934407,2.3449546797000003,-0.00014097641
48.7878873313,2.3449546797000003,-0.000121957746
48.7927812219,2.3449546797000003,-0.0001006913
48.7976751125,2.3449546797000003,-6.323856e-05
48.8025690031,2.3449546797000003,2.4430004e-05
48.8074628937,2.3449546797000003,0.00022677498
48.8123567843,2.3449546797000003,0.00038297367
48.8172506749,2.3449546797000003,0.00045990883
48.8221445655,2.3449546797000003,0.0002784745
48.8270384561,2.3449546797000003,0.00036165043
48.8319323467,2.3449546797000003,0.00095172203
48.8368262373,2.3449546797000003,0.0011079494
48.8417201279,2.3449546797000003,0.0013808642
48.8466140185,2.3449546797000003,0.0014154741
48.8515079091,2.3449546797000003,0.0023289428
48.8564017997,2.3449546797000003,0.0025665658
48.8612956903,2.3449546797000003,0.002588175
48.8661895809,2.3449546797000003,0.0028372935
48.8710834715,2.3449546797000003,0.0030840698
48.8759773621,2.3449546797000003,0.0029455018
48.8808712527,2.3449546797000003,0.0023130286
48.8857651433,2.3449546797000003,0.0015071782
48.8906590339,2.3449546797000003,0.0009860937
48.8955529245,2.3449546797000003,0.0008875183
48.9004468151,2.3449546797000003,0.00090052746
48.9053407057,2.3449546797000003,0.0006365456
48.9102345963,2.3449546797000003,0.00032325886
48.9151284869,2.3449546797000003,0.00013661661
48.9200223775,2.3449546797000003,7.1872775e-05
48.9249162681,2.3449546797000003,3.7107395e-05
48.9298101587,2.3449546797000003,1.4079898e-05
48.9347040493,2.3449546797000003,1.1137553e-06
48.9395979399,2.3449546797000003,-5.566723e-06
48.9444918305,2.3449546797000003,-1.0047727e-05
48.9493857211,2.3449546797000003,-1.1948597e-05
48.9542796117,2.3449546797000003,-1.5248153e-05
48.9591735023,2.3449546797000003,-1.5248153e-05
48.9640673929,2.3449546797000003,-1.5248153e-05
48.9689612835,2.3449546797000003,-1.5248153e-05
48.9738551741,2.3449546797000003,-1.5248153e-05
48.9787490647,2.3449546797000003,-1.5248153e-05
48.7389484253,2.3498485703,-0.00015279908
48.7438423159,2.3498485703,-0.00015279908
48.7487362065,2.3498485703,-0.00015279908
48.7536300971,2.3498485703,-0.00015279908
48.7585239877,2.3498485703,-0.00015279908
48.7634178783,2.3498485703,-0.00015279908
48.7683117689,2.3498485703,-0.00015376865
48.7732056595,2.3498485703,-0.00016105718
48.7780995501,2.3498485703,-0.00015839924
48.7829934407,2.3498485703,-0.00015335593
48.7878873313,2.3498485703,-0.00013433721
48.7927812219,2.3498485703,-0.000113070826
48.7976751125,2.3498485703,-7.5618074e-05
48.8025690031,2.3498485703,1.2050501e-05
48.8074628937,2.3498485703,0.00021439552
48.8123567843,2.3498485703,0.00036247325
48.8172506749,2.3498485703,0.00040498667
48.8221445655,2.3498485703,0.00022355239
48.8270384561,2.3498485703,0.00029708937
48.8319323467,2.3498485703,0.0009018961
48.8368262373,2.3498485703,0.001138462
48.8417201279,2.3498485703,0.0014603754
48.8466140185,2.3498485703,0.0014949851
48.8515079091,2.3498485703,0.0024774247
48.8564017997,2.3498485703,0.0027150472
48.8612956903,2.3498485703,0.0027823183
48.8661895809,2.3498485703,0.0030392872
48.8710834715,2.3498485703,0.0032860634
48.8759773621,2.3498485703,0.0031231623
48.8808712527,2.3498485703,0.0024526296
48.8857651433,2.3498485703,0.0020654437
48.8906590339,2.3498485703,0.0014996574
48.8955529245,2.3498485703,0.0012505427
48.9004468151,2.3498485703,0.0011247036
48.9053407057,2.3498485703,0.00057510845
48.9102345963,2.3498485703,0.00030430628
48.9151284869,2.3498485703,0.00011166486
48.9200223775,2.3498485703,4.7569247e-05
48.9249162681,2.3498485703,1.2803874e-05
48.9298101587,2.3498485703,-1.02236345e-05
48.9347040493,2.3498485703,-2.318977e-05
48.9395979399,2.3498485703,-3.271981e-05
48.9444918305,2.3498485703,-4.0386407e-05
48.9493857211,2.3498485703,-4.2287287e-05
48.9542796117,2.3498485703,-4.5586818e-05
48.9591735023,2.3498485703,-4.5586818e-05
48.9640673929,2.3498485703,-4.5586818e-05
48.9689612835,2.3498485703,-4.5586818e-05
48.9738551741,2.3498485703,-4.5586818e-05
48.9787490647,2.3498485703,-4.5586818e-05
48.7389484253,2.3547424609,-7.7471e-05
48.7438423159,2.3547424609,-7.7471e-05
48.7487362065,2.3547424609,-7.7471e-05
48.7536300971,2.3547424609,-7.7471e-05
48.7585239877,2.3547424609,-7.7471e-05
48.7634178783,2.3547424609,-7.7471e-05
48.7683117689,2.3547424609,-7.844057e-05
48.7732056595,2.3547424609,-8.572914e-05
48.7780995501,2.3547424609,-8.30712e-05
48.7829934407,2.3547424609,-7.802783e-05
48.7878873313,2.3547424609,-5.900911e-05
48.7927812219,2.3547424609,-3.7742702e-05
48.7976751125,2.3547424609,-2.8993577e-07
48.8025690031,2.3547424609,8.820014e-05
48.8074628937,2.3547424609,0.00026253128
48.8123567843,2.3547424609,0.00036628626
48.8172506749,2.3547424609,0.00044191052
48.8221445655,2.3547424609,0.00032024758
48.8270384561,2.3547424609,0.0004355526
48.8319323467,2.3547424609,0.0010428897
48.8368262373,2.3547424609,0.0013633405
48.8417201279,2.3547424609,0.0017680727
48.8466140185,2.3547424609,0.0018026824
48.8515079091,2.3547424609,0.0027851223
48.8564017997,2.3547424609,0.0030066262
48.8612956903,2.3547424609,0.0030738967
48.8661895809,2.3547424609,0.003289757
48.8710834715,2.3547424609,0.003688634
48.8759773621,2.3547424609,0.004148342
48.8808712527,2.3547424609,0.003507913
48.8857651433,2.3547424609,0.0028057566
48.8906590339,2.3547424609,0.0021574018
48.8955529245,2.3547424609,0.00180721
48.9004468151,2.3547424609,0.0016510945
48.9053407057,2.3547424609,0.0008789647
48.9102345963,2.3547424609,0.00050104054
48.9151284869,2.3547424609,0.0003083991
48.9200223775,2.3547424609,0.00024430346
48.9249162681,2.3547424609,0.00020604953
48.9298101587,2.3547424609,0.00018302203
48.9347040493,2.3547424609,0.00017005582
48.9395979399,2.3547424609,0.00016052577
48.9444918305,2.3547424609,0.00014083242
48.9493857211,2.3547424609,0.000113341666
48.9542796117,2.3547424609,0.00011004215
48.9591735023,2.3547424609,0.00011004215
48.9640673929,2.3547424609,0.00011004215
48.9689612835,2.3547424609,0.00011004215
48.9738551741,2.3547424609,0.00011004215
48.9787490647,2.3547424609,0.00011004215
48.7389484253,2.3596363515,-4.721581e-05
48.7438423159,2.3596363515,-4.721581e-05
48.7487362065,2.3596363515,-4.721581e-05
48.7536300971,2.3596363515,-4.721581e-05
48.7585239877,2.3596363515,-4.721581e-05
48.7634178783,2.3596363515,-4.721581e-05
48.7683117689,2.3596363515,-4.8185375e-05
48.7732056595,2.3596363515,-5.5473927e-05
48.7780995501,2.3596363515,-5.2816005e-05
48.7829934407,2.3596363515,-4.777263e-05
48.7878873313,2.3596363515,-2.8753906e-05
48.7927812219,2.3596363515,-7.4874843e-06
48.7976751125,2.3596363515,2.9965251e-05
48.8025690031,2.3596363515,0.00011845535
48.8074628937,2.3596363515,0.00029278648
48.8123567843,2.3596363515,0.00041719465
48.8172506749,2.3596363515,0.00049678667
48.8221445655,2.3596363515,0.0003973626
48.8270384561,2.3596363515,0.0004138059
48.8319323467,2.3596363515,0.0010211428
48.8368262373,2.3596363515,0.0013857288
48.8417201279,2.3596363515,0.0018543635
48.8466140185,2.3596363515,0.0018889732
48.8515079091,2.3596363515,0.0028714135
48.8564017997,2.3596363515,0.0030464379
48.8612956903,2.3596363515,0.0031104947
48.8661895809,2.3596363515,0.0033263548
48.8710834715,2.3596363515,0.0037045784
48.8759773621,2.3596363515,0.004164287
48.8808712527,2.3596363515,0.003548226
48.8857651433,2.3596363515,0.0029412527
48.8906590339,2.3596363515,0.0022928976
48.8955529245,2.3596363515,0.0019427061
48.9004468151,2.3596363515,0.0017424554
48.9053407057,2.3596363515,0.00087776413
48.9102345963,2.3596363515,0.0004998399
48.9151284869,2.3596363515,0.00030719856
48.9200223775,2.3596363515,0.00024310293
48.9249162681,2.3596363515,0.00021144288
48.9298101587,2.3596363515,0.00018841539
48.9347040493,2.3596363515,0.00017544923
48.9395979399,2.3596363515,0.0001659191
48.9444918305,2.3596363515,0.00014622575
48.9493857211,2.3596363515,0.00011873499
48.9542796117,2.3596363515,0.00011543548
48.9591735023,2.3596363515,0.00011543548
48.9640673929,2.3596363515,0.00011543548
48.9689612835,2.3596363515,0.00011543548
48.9738551741,2.3596363515,0.00011543548
48.9787490647,2.3596363515,0.00011543548
48.7389484253,2.3645302421,-2.093911e-05
48.7438423159,2.3645302421,-2.093911e-05
48.7487362065,2.3645302421,-2.093911e-05
48.7536300971,2.3645302421,-2.093911e-05
48.7585239877,2.3645302421,-2.093911e-05
48.7634178783,2.3645302421,-2.093911e-05
48.7683117689,2.3645302421,-1.1295908e-05
48.7732056595,2.3645302421,-1.8584464e-05
48.7780995501,2.3645302421,-1.5926527e-05
48.7829934407,2.3645302421,-1.0883165e-05
48.7878873313,2.3645302421,8.1355665e-06
48.7927812219,2.3645302421,2.9401983e-05
48.7976751125,2.3645302421,6.685472e-05
48.8025690031,2.3645302421,0.0001553448
48.8074628937,2.3645302421,0.00032967597
48.8123567843,2.3645302421,0.000454084
48.8172506749,2.3645302421,0.00053367607
48.8221445655,2.3645302421,0.0004642442
48.8270384561,2.3645302421,0.0005923578
48.8319323467,2.3645302421,0.0011996949
48.8368262373,2.3645302421,0.0019222212
48.8417201279,2.3645302421,0.0027408777
48.8466140185,2.3645302421,0.0027754875
48.8515079091,2.3645302421,0.0029749395
48.8564017997,2.3645302421,0.003149964
48.8612956903,2.3645302421,0.0031460868
48.8661895809,2.3645302421,0.0033973074
48.8710834715,2.3645302421,0.0035377068
48.8759773621,2.3645302421,0.0040035876
48.8808712527,2.3645302421,0.00355964
48.8857651433,2.3645302421,0.0029543482
48.8906590339,2.3645302421,0.002316519
48.8955529245,2.3645302421,0.001958219
48.9004468151,2.3645302421,0.0017184726
48.9053407057,2.3645302421,0.0008307997
48.9102345963,2.3645302421,0.00046984348
48.9151284869,2.3645302421,0.0002772022
48.9200223775,2.3645302421,0.0002131066
48.9249162681,2.3645302421,0.00018144658
48.9298101587,2.3645302421,0.00016306207
48.9347040493,2.3645302421,0.00015009593
48.9395979399,2.3645302421,0.00014056588
48.9444918305,2.3645302421,0.00012087248
48.9493857211,2.3645302421,0.000102732534
48.9542796117,2.3645302421,9.9433e-05
48.9591735023,2.3645302421,9.9433e-05
48.9640673929,2.3645302421,9.9433e-05
48.9689612835,2.3645302421,9.9433e-05
48.9738551741,2.3645302421,9.9433e-05
48.9787490647,2.3645302421,9.9433e-05
48.7389484253,2.3694241327,1.01073965e-07
48.7438423159,2.3694241327,1.01073965e-07
48.7487362065,2.3694241327,1.01073965e-07
48.7536300971,2.3694241327,1.01073965e-07
48.7585239877,2.3694241327,1.01073965e-07
48.7634178783,2.3694241327,1.01073965e-07
48.7683117689,2.3694241327,9.744286e-06
48.7732056595,2.3694241327,2.4557257e-06
48.7780995501,2.3694241327,5.113669e-06
48.7829934407,2.3694241327,1.0157022e-05
48.7878873313,2.3694241327,2.9175759e-05
48.7927812219,2.3694241327,5.0442184e-05
48.7976751125,2.3694241327,8.789491e-05
48.8025690031,2.3694241327,0.00016312224
48.8074628937,2.3694241327,0.00031269755
48.8123567843,2.3694241327,0.00041719445
48.8172506749,2.3694241327,0.0008029135
48.8221445655,2.3694241327,0.00085167
48.8270384561,2.3694241327,0.0011889706
48.8319323467,2.3694241327,0.0018471408
48.8368262373,2.3694241327,0.002656278
48.8417201279,2.3694241327,0.003483995
48.8466140185,2.3694241327,0.0036994289
48.8515079091,2.3694241327,0.003894833
48.8564017997,2.3694241327,0.0037153391
48.8612956903,2.3694241327,0.0035451872
48.8661895809,2.3694241327,0.0037597702
48.8710834715,2.3694241327,0.0037502786
48.8759773621,2.3694241327,0.003914716
48.8808712527,2.3694241327,0.0036507302
48.8857651433,2.3694241327,0.0032021909
48.8906590339,2.3694241327,0.0024779958
48.8955529245,2.3694241327,0.0021196958
48.9004468151,2.3694241327,0.0018291936
48.9053407057,2.3694241327,0.0009052913
48.9102345963,2.3694241327,0.00053786143
48.9151284869,2.3694241327,0.0003452203
48.9200223775,2.3694241327,0.00028112464
48.9249162681,2.3694241327,0.00024946462
48.9298101587,2.3694241327,0.00023108016
48.9347040493,2.3694241327,0.00021811403
48.9395979399,2.3694241327,0.00020858395
48.9444918305,2.3694241327,0.00018889055
48.9493857211,2.3694241327,0.00017075057
48.9542796117,2.3694241327,0.00016745104
48.9591735023,2.3694241327,0.00016745104
48.9640673929,2.3694241327,0.00016745104
48.9689612835,2.3694241327,0.00016745104
48.9738551741,2.3694241327,0.00016745104
48.9787490647,2.3694241327,0.00016745104
48.7389484253,2.3743180233,1.5390146e-05
48.7438423159,2.3743180233,1.5390146e-05
48.7487362065,2.3743180233,1.5390146e-05
48.7536300971,2.3743180233,1.5390146e-05
48.7585239877,2.3743180233,1.5390146e-05
48.7634178783,2.3743180233,1.5390146e-05
48.7683117689,2.3743180233,2.5862812e-05
48.7732056595,2.3743180233,1.8574254e-05
48.7780995501,2.3743180233,2.1232196e-05
48.7829934407,2.3743180233,2.6275551e-05
48.7878873313,2.3743180233,4.5294284e-05
48.7927812219,2.3743180233,6.656073e-05
48.7976751125,2.3743180233,0.00010401343
48.8025690031,2.3743180233,0.00014252264
48.8074628937,2.3743180233,0.00026612225
48.8123567843,2.3743180233,0.00023785929
48.8172506749,2.3743180233,0.0007617276
48.8221445655,2.3743180233,0.0009569258
48.8270384561,2.3743180233,0.0013570375
48.8319323467,2.3743180233,0.0020116915
48.8368262373,2.3743180233,0.002820828
48.8417201279,2.3743180233,0.0039252737
48.8466140185,2.3743180233,0.0040712203
48.8515079091,2.3743180233,0.004266624
48.8564017997,2.3743180233,0.0040871305
48.8612956903,2.3743180233,0.0039169774
48.8661895809,2.3743180233,0.0041271215
48.8710834715,2.3743180233,0.004067972
48.8759773621,2.3743180233,0.003788256
48.8808712527,2.3743180233,0.0035242701
48.8857651433,2.3743180233,0.0032146573
48.8906590339,2.3743180233,0.0024904623
48.8955529245,2.3743180233,0.0021452971
48.9004468151,2.3743180233,0.0018547951
48.9053407057,2.3743180233,0.00093089294
48.9102345963,2.3743180233,0.0005634631
48.9151284869,2.3743180233,0.00037082183
48.9200223775,2.3743180233,0.00030672623
48.9249162681,2.3743180233,0.0002750662
48.9298101587,2.3743180233,0.0002566818
48.9347040493,2.3743180233,0.00024371565
48.9395979399,2.3743180233,0.00023418557
48.9444918305,2.3743180233,0.0002144922
48.9493857211,2.3743180233,0.00019635216
48.9542796117,2.3743180233,0.00019305263
48.9591735023,2.3743180233,0.00019305263
48.9640673929,2.3743180233,0.00019305263
48.9689612835,2.3743180233,0.00019305263
48.9738551741,2.3743180233,0.00019305263
48.9787490647,2.3743180233,0.00019305263
48.7389484253,2.3792119139,8.645705e-05
48.7438423159,2.3792119139,8.645705e-05
48.7487362065,2.3792119139,8.645705e-05
48.7536300971,2.3792119139,8.645705e-05
48.7585239877,2.3792119139,8.645705e-05
48.7634178783,2.3792119139,8.645705e-05
48.7683117689,2.3792119139,9.69297e-05
48.7732056595,2.3792119139,0.000113312926
48.7780995501,2.3792119139,0.00011597087
48.7829934407,2.3792119139,0.0001210142
48.7878873313,2.3792119139,0.00013276681
48.7927812219,2.3792119139,0.00015403326
48.7976751125,2.3792119139,0.00018677585
48.8025690031,2.3792119139,0.00021631272
48.8074628937,2.3792119139,0.00028019398
48.8123567843,2.3792119139,0.0002327553
48.8172506749,2.3792119139,0.0008288712
48.8221445655,2.3792119139,0.0010541701
48.8270384561,2.3792119139,0.001521687
48.8319323467,2.3792119139,0.0022156262
48.8368262373,2.3792119139,0.0030247634
48.8417201279,2.3792119139,0.0039518643
48.8466140185,2.3792119139,0.0040978105
48.8515079091,2.3792119139,0.0042431084
48.8564017997,2.3792119139,0.004027961
48.8612956903,2.3792119139,0.0038578084
48.8661895809,2.3792119139,0.003950202
48.8710834715,2.3792119139,0.0038653912
48.8759773621,2.3792119139,0.0035856776
48.8808712527,2.3792119139,0.003357704
48.8857651433,2.3792119139,0.0031374015
48.8906590339,2.3792119139,0.0024106787
48.8955529245,2.3792119139,0.0021287648
48.9004468151,2.3792119139,0.0018299989
48.9053407057,2.3792119139,0.00090609683
48.9102345963,2.3792119139,0.00053866697
48.9151284869,2.3792119139,0.00034602583
48.9200223775,2.3792119139,0.00028193017
48.9249162681,2.3792119139,0.00025027015
48.9298101587,2.3792119139,0.00023188573
48.9347040493,2.3792119139,0.00021891957
48.9395979399,2.3792119139,0.00020938946
48.9444918305,2.3792119139,0.0001912589
48.9493857211,2.3792119139,0.00017311893
48.9542796117,2.3792119139,0.0001698194
48.9591735023,2.3792119139,0.0001698194
48.9640673929,2.3792119139,0.0001698194
48.9689612835,2.3792119139,0.0001698194
48.9738551741,2.3792119139,0.0001698194
48.9787490647,2.3792119139,0.0001698194
48.7389484253,2.3841058045,0.00013471651
48.7438423159,2.3841058045,0.00013471651
48.7487362065,2.3841058045,0.00013471651
48.7536300971,2.3841058045,0.00013471651
48.7585239877,2.3841058045,0.00013471651
48.7634178783,2.3841058045,0.00013471651
48.7683117689,2.3841058045,0.00014518916
48.7732056595,2.3841058045,0.00016157243
48.7780995501,2.3841058045,0.00016423035
48.7829934407,2.3841058045,0.00016927376
48.7878873313,2.3841058045,0.00018102644
48.7927812219,2.3841058045,0.00020229284
48.7976751125,2.3841058045,0.0002350354
48.8025690031,2.3841058045,0.00025978414
48.8074628937,2.3841058045,0.00032366524
48.8123567843,2.3841058045,0.00032622446
48.8172506749,2.3841058045,0.0007048432
48.8221445655,2.3841058045,0.0009708743
48.8270384561,2.3841058045,0.0016417502
48.8319323467,2.3841058045,0.0023356904
48.8368262373,2.3841058045,0.003092154
48.8417201279,2.3841058045,0.0043740324
48.8466140185,2.3841058045,0.004804294
48.8515079091,2.3841058045,0.0050230958
48.8564017997,2.3841058045,0.0047669103
48.8612956903,2.3841058045,0.00455143
48.8661895809,2.3841058045,0.004637842
48.8710834715,2.3841058045,0.0047772205
48.8759773621,2.3841058045,0.0041646566
48.8808712527,2.3841058045,0.0031178554
48.8857651433,2.3841058045,0.002811847
48.8906590339,2.3841058045,0.002318052
48.8955529245,2.3841058045,0.0020142128
48.9004468151,2.3841058045,0.0017619416
48.9053407057,2.3841058045,0.00088847673
48.9102345963,2.3841058045,0.0005210468
48.9151284869,2.3841058045,0.0003284056
48.9200223775,2.3841058045,0.0002614131
48.9249162681,2.3841058045,0.00022975307
48.9298101587,2.3841058045,0.00021136868
48.9347040493,2.3841058045,0.00019840254
48.9395979399,2.3841058045,0.00019172205
48.9444918305,2.3841058045,0.00017677706
48.9493857211,2.3841058045,0.00015863705
48.9542796117,2.3841058045,0.00015533749
48.9591735023,2.3841058045,0.00015533749
48.9640673929,2.3841058045,0.00015533749
48.9689612835,2.3841058045,0.00015533749
48.9738551741,2.3841058045,0.00015533749
48.9787490647,2.3841058045,0.00015533749
48.7389484253,2.3889996951,0.00017055633
48.7438423159,2.3889996951,0.00017055633
48.7487362065,2.3889996951,0.00017055633
48.7536300971,2.3889996951,0.00017055633
48.7585239877,2.3889996951,0.00017055633
48.7634178783,2.3889996951,0.00017055633
48.7683117689,2.3889996951,0.00018102903
48.7732056595,2.3889996951,0.00019741227
48.7780995501,2.3889996951,0.00020007021
48.7829934407,2.3889996951,0.00020511355
48.7878873313,2.3889996951,0.00021424642
48.7927812219,2.3889996951,0.00023551285
48.7976751125,2.3889996951,0.00026825536
48.8025690031,2.3889996951,0.00029300404
48.8074628937,2.3889996951,0.00035688528
48.8123567843,2.3889996951,0.0003496812
48.8172506749,2.3889996951,0.000536208
48.8221445655,2.3889996951,0.0007780491
48.8270384561,2.3889996951,0.001549505
48.8319323467,2.3889996951,0.0021770126
48.8368262373,2.3889996951,0.0027786163
48.8417201279,2.3889996951,0.004366262
48.8466140185,2.3889996951,0.0047992975
48.8515079091,2.3889996951,0.005324117
48.8564017997,2.3889996951,0.0052398317
48.8612956903,2.3889996951,0.0049570757
48.8661895809,2.3889996951,0.0050434875
48.8710834715,2.3889996951,0.005778559
48.8759773621,2.3889996951,0.0048849946
48.8808712527,2.3889996951,0.0032425022
48.8857651433,2.3889996951,0.002620594
48.8906590339,2.3889996951,0.0023015626
48.8955529245,2.3889996951,0.0019977225
48.9004468151,2.3889996951,0.0017044421
48.9053407057,2.3889996951,0.0009178173
48.9102345963,2.3889996951,0.0005503874
48.9151284869,2.3889996951,0.00035774606
48.9200223775,2.3889996951,0.00029075367
48.9249162681,2.3889996951,0.00025909368
48.9298101587,2.3889996951,0.00024070924
48.9347040493,2.3889996951,0.00023183592
48.9395979399,2.3889996951,0.00022791435
48.9444918305,2.3889996951,0.00021296939
48.9493857211,2.3889996951,0.00019482944
48.9542796117,2.3889996951,0.00019152988
48.9591735023,2.3889996951,0.00019152988
48.9640673929,2.3889996951,0.00019152988
48.9689612835,2.3889996951,0.00019152988
48.9738551741,2.3889996951,0.00019152988
48.9787490647,2.3889996951,0.00019152988
48.7389484253,2.3938935857,0.00019922626
48.7438423159,2.3938935857,0.00019922626
48.7487362065,2.3938935857,0.00019922626
48.7536300971,2.3938935857,0.00019922626
48.7585239877,2.3938935857,0.00019922626
48.7634178783,2.3938935857,0.00019922626
48.7683117689,2.3938935857,0.00020472388
48.7732056595,2.3938935857,0.00022110716
48.7780995501,2.3938935857,0.00022376509
48.7829934407,2.3938935857,0.00022880844
48.7878873313,2.3938935857,0.0002379413
48.7927812219,2.3938935857,0.00025608094
48.7976751125,2.3938935857,0.0002888234
48.8025690031,2.3938935857,0.00031357215
48.8074628937,2.3938935857,0.00042386964
48.8123567843,2.3938935857,0.0003881137
48.8172506749,2.3938935857,0.00036072265
48.8221445655,2.3938935857,0.0007853131
48.8270384561,2.3938935857,0.001544417
48.8319323467,2.3938935857,0.0021058894
48.8368262373,2.3938935857,0.0026238402
48.8417201279,2.3938935857,0.0042114854
48.8466140185,2.3938935857,0.0046445215
48.8515079091,2.3938935857,0.0050922087
48.8564017997,2.3938935857,0.004989421
48.8612956903,2.3938935857,0.0047523645
48.8661895809,2.3938935857,0.0048387763
48.8710834715,2.3938935857,0.005506708
48.8759773621,2.3938935857,0.00468143
48.8808712527,2.3938935857,0.0030875881
48.8857651433,2.3938935857,0.0025246213
48.8906590339,2.3938935857,0.0020949747
48.8955529245,2.3938935857,0.0017911346
48.9004468151,2.3938935857,0.0014988343
48.9053407057,2.3938935857,0.000891633
48.9102345963,2.3938935857,0.0004755512
48.9151284869,2.3938935857,0.00032799848
48.9200223775,2.3938935857,0.00026100612
48.9249162681,2.3938935857,0.00022934611
48.9298101587,2.3938935857,0.00021549258
48.9347040493,2.3938935857,0.00020661925
48.9395979399,2.3938935857,0.00020661925
48.9444918305,2.3938935857,0.00019167429
48.9493857211,2.3938935857,0.00017353431
48.9542796117,2.3938935857,0.00017023478
48.9591735023,2.3938935857,0.00017023478
48.9640673929,2.3938935857,0.00017023478
48.9689612835,2.3938935857,0.00017023478
48.9738551741,2.3938935857,0.00017023478
48.9787490647,2.3938935857,0.00017023478
48.7389484253,2.3987874763,0.00015860835
48.7438423159,2.3987874763,0.00015860835
48.7487362065,2.3987874763,0.00015860835
48.7536300971,2.3987874763,0.00015860835
48.7585239877,2.3987874763,0.00015860835
48.7634178783,2.3987874763,0.00015860835
48.7683117689,2.3987874763,0.0001627301
48.7732056595,2.3987874763,0.00017911334
48.7780995501,2.3987874763,0.00018177128
48.7829934407,2.3987874763,0.00018681462
48.7878873313,2.3987874763,0.00019594749
48.7927812219,2.3987874763,0.00021408715
48.7976751125,2.3987874763,0.00024682964
48.8025690031,2.3987874763,0.00027157838
48.8074628937,2.3987874763,0.00038187584
48.8123567843,2.3987874763,0.00032421498
48.8172506749,2.3987874763,0.00027590463
48.8221445655,2.3987874763,0.00073453196
48.8270384561,2.3987874763,0.0014936359
48.8319323467,2.3987874763,0.0020192224
48.8368262373,2.3987874763,0.0025371737
48.8417201279,2.3987874763,0.0046207434
48.8466140185,2.3987874763,0.004975664
48.8515079091,2.3987874763,0.00542964
48.8564017997,2.3987874763,0.0053679594
48.8612956903,2.3987874763,0.0051309047
48.8661895809,2.3987874763,0.005217316
48.8710834715,2.3987874763,0.005885248
48.8759773621,2.3987874763,0.0050843023
48.8808712527,2.3987874763,0.003490462
48.8857651433,2.3987874763,0.0024818117
48.8906590339,2.3987874763,0.0020224832
48.8955529245,2.3987874763,0.0015545372
48.9004468151,2.3987874763,0.0011246983
48.9053407057,2.3987874763,0.00042528796
48.9102345963,2.3987874763,0.00036190797
48.9151284869,2.3987874763,0.00027608016
48.9200223775,2.3987874763,0.00021907149
48.9249162681,2.3987874763,0.00019232159
48.9298101587,2.3987874763,0.00017846806
48.9347040493,2.3987874763,0.00016959474
48.9395979399,2.3987874763,0.00016959474
48.9444918305,2.3987874763,0.0001546498
48.9493857211,2.3987874763,0.00013650981
48.9542796117,2.3987874763,0.00013458617
48.9591735023,2.3987874763,0.00013458617
48.9640673929,2.3987874763,0.00013458617
48.9689612835,2.3987874763,0.00013458617
48.9738551741,2.3987874763,0.00013458617
48.9787490647,2.3987874763,0.00013458617
48.7389484253,2.4036813669,0.00013889467
48.7438423159,2.4036813669,0.00013889467
48.7487362065,2.4036813669,0.00013889467
48.7536300971,2.4036813669,0.00013889467
48.7585239877,2.4036813669,0.00013889467
48.7634178783,2.4036813669,0.00013889467
48.7683117689,2.4036813669,0.00014301643
48.7732056595,2.4036813669,0.00015939964
48.7780995501,2.4036813669,0.00016205756
48.7829934407,2.4036813669,0.00016710091
48.7878873313,2.4036813669,0.00017623378
48.7927812219,2.4036813669,0.00019437344
48.7976751125,2.4036813669,0.00022711595
48.8025690031,2.4036813669,0.00025186464
48.8074628937,2.4036813669,0.00036216213
48.8123567843,2.4036813669,0.00030498792
48.8172506749,2.4036813669,0.0002566775
48.8221445655,2.4036813669,0.0008678929
48.8270384561,2.4036813669,0.0017015225
48.8319323467,2.4036813669,0.0022011504
48.8368262373,2.4036813669,0.002694798
48.8417201279,2.4036813669,0.004778368
48.8466140185,2.4036813669,0.005133288
48.8515079091,2.4036813669,0.005587264
48.8564017997,2.4036813669,0.005525585
48.8612956903,2.4036813669,0.0052885283
48.8661895809,2.4036813669,0.0053548957
48.8710834715,2.4036813669,0.0060228286
48.8759773621,2.4036813669,0.0052443035
48.8808712527,2.4036813669,0.003583996
48.8857651433,2.4036813669,0.0023374509
48.8906590339,2.4036813669,0.0018781229
48.8955529245,2.4036813669,0.0012633055
48.9004468151,2.4036813669,0.00074253906
48.9053407057,2.4036813669,0.0001673203
48.9102345963,2.4036813669,0.00026892076
48.9151284869,2.4036813669,0.00021730798
48.9200223775,2.4036813669,0.00017155256
48.9249162681,2.4036813669,0.00014480266
48.9298101587,2.4036813669,0.00013094913
48.9347040493,2.4036813669,0.00012788393
48.9395979399,2.4036813669,0.00012788393
48.9444918305,2.4036813669,0.00011293899
48.9493857211,2.4036813669,9.4798976e-05
48.9542796117,2.4036813669,9.28753e-05
48.9591735023,2.4036813669,9.28753e-05
48.9640673929,2.4036813669,9.28753e-05
48.9689612835,2.4036813669,9.28753e-05
48.9738551741,2.4036813669,9.28753e-05
48.9787490647,2.4036813669,9.28753e-05
48.7389484253,2.4085752575,0.00010628602
48.7438423159,2.4085752575,0.00010628602
48.7487362065,2.4085752575,0.00010628602
48.7536300971,2.4085752575,0.00010628602
48.7585239877,2.4085752575,0.00010628602
48.7634178783,2.4085752575,0.00010628602
48.7683117689,2.4085752575,0.00011040778
48.7732056595,2.4085752575,0.00012679104
48.7780995501,2.4085752575,0.000129449
48.7829934407,2.4085752575,0.00013449237
48.7878873313,2.4085752575,0.00014362526
48.7927812219,2.4085752575,0.00016176487
48.7976751125,2.4085752575,0.0001945074
48.8025690031,2.4085752575,0.00021925618
48.8074628937,2.4085752575,0.0003204155
48.8123567843,2.4085752575,0.0002632413
48.8172506749,2.4085752575,0.00022755591
48.8221445655,2.4085752575,0.0008270731
48.8270384561,2.4085752575,0.0015410782
48.8319323467,2.4085752575,0.002040705
48.8368262373,2.4085752575,0.0024978053
48.8417201279,2.4085752575,0.0044506146
48.8466140185,2.4085752575,0.004805535
48.8515079091,2.4085752575,0.0052596843
48.8564017997,2.4085752575,0.005222734
48.8612956903,2.4085752575,0.0050045378
48.8661895809,2.4085752575,0.0050782394
48.8710834715,2.4085752575,0.0057600983
48.8759773621,2.4085752575,0.004972121
48.8808712527,2.4085752575,0.003263385
48.8857651433,2.4085752575,0.001979775
48.8906590339,2.4085752575,0.0015204462
48.8955529245,2.4085752575,0.00090562925
48.9004468151,2.4085752575,0.00040416443
48.9053407057,2.4085752575,9.27875e-05
48.9102345963,2.4085752575,0.00021594217
48.9151284869,2.4085752575,0.00016432932
48.9200223775,2.4085752575,0.000118573815
48.9249162681,2.4085752575,9.744926e-05
48.9298101587,2.4085752575,8.3595674e-05
48.9347040493,2.4085752575,8.05305e-05
48.9395979399,2.4085752575,8.05305e-05
48.9444918305,2.4085752575,6.558554e-05
48.9493857211,2.4085752575,4.744555e-05
48.9542796117,2.4085752575,4.5521887e-05
48.9591735023,2.4085752575,4.5521887e-05
48.9640673929,2.4085752575,4.5521887e-05
48.9689612835,2.4085752575,4.5521887e-05
48.9738551741,2.4085752575,4.5521887e-05
48.9787490647,2.4085752575,4.5521887e-05
48.7389484253,2.4134691481,8.694722e-06
48.7438423159,2.4134691481,8.694722e-06
48.7487362065,2.4134691481,8.694722e-06
48.7536300971,2.4134691481,8.694722e-06
48.7585239877,2.4134691481,8.694722e-06
48.7634178783,2.4134691481,8.694722e-06
48.7683117689,2.4134691481,1.2816475e-05
48.7732056595,2.4134691481,2.9199722e-05
48.7780995501,2.4134691481,3.1857657e-05
48.7829934407,2.4134691481,3.6901016e-05
48.7878873313,2.4134691481,4.6033878e-05
48.7927812219,2.4134691481,6.417353e-05
48.7976751125,2.4134691481,9.6916076e-05
48.8025690031,2.4134691481,0.00012166488
48.8074628937,2.4134691481,0.00022282418
48.8123567843,2.4134691481,0.00016486054
48.8172506749,2.4134691481,9.25376e-05
48.8221445655,2.4134691481,0.00064554956
48.8270384561,2.4134691481,0.001212771
48.8319323467,2.4134691481,0.001677677
48.8368262373,2.4134691481,0.0020761474
48.8417201279,2.4134691481,0.0039299703
48.8466140185,2.4134691481,0.0042848913
48.8515079091,2.4134691481,0.0045705317
48.8564017997,2.4134691481,0.0043962942
48.8612956903,2.4134691481,0.004232586
48.8661895809,2.4134691481,0.0043062875
48.8710834715,2.4134691481,0.0042838184
48.8759773621,2.4134691481,0.0034952497
48.8808712527,2.4134691481,0.0026318233
48.8857651433,2.4134691481,0.0014283741
48.8906590339,2.4134691481,0.0010778959
48.8955529245,2.4134691481,0.0007340041
48.9004468151,2.4134691481,0.0002566994
48.9053407057,2.4134691481,0.00017334324
48.9102345963,2.4134691481,0.000164497
48.9151284869,2.4134691481,0.00011288412
48.9200223775,2.4134691481,6.712854e-05
48.9249162681,2.4134691481,4.6004036e-05
48.9298101587,2.4134691481,3.2150496e-05
48.9347040493,2.4134691481,2.9085299e-05
48.9395979399,2.4134691481,2.9085299e-05
48.9444918305,2.4134691481,1.4140354e-05
48.9493857211,2.4134691481,-3.999628e-06
48.9542796117,2.4134691481,-3.7052873e-06
48.9591735023,2.4134691481,-3.7052873e-06
48.9640673929,2.4134691481,-3.7052873e-06
48.9689612835,2.4134691481,-3.7052873e-06
48.9738551741,2.4134691481,-3.7052873e-06
48.9787490647,2.4134691481,-3.7052873e-06
48.7389484253,2.4183630387,2.6776164e-05
48.7438423159,2.4183630387,2.6776164e-05
48.7487362065,2.4183630387,2.6776164e-05
48.7536300971,2.4183630387,2.6776164e-05
48.7585239877,2.4183630387,2.6776164e-05
48.7634178783,2.4183630387,2.6776164e-05
48.7683117689,2.4183630387,3.0897914e-05
48.7732056595,2.4183630387,4.728116e-05
48.7780995501,2.4183630387,4.9939117e-05
48.7829934407,2.4183630387,5.498247e-05
48.7878873313,2.4183630387,6.411535e-05
48.7927812219,2.4183630387,8.225499e-05
48.7976751125,2.4183630387,0.00011499753
48.8025690031,2.4183630387,0.00013974632
48.8074628937,2.4183630387,0.00023361975
48.8123567843,2.4183630387,0.0002841507
48.8172506749,2.4183630387,0.00016795249
48.8221445655,2.4183630387,0.00051217416
48.8270384561,2.4183630387,0.0008114748
48.8319323467,2.4183630387,0.00114436
48.8368262373,2.4183630387,0.0013790983
48.8417201279,2.4183630387,0.0022571029
48.8466140185,2.4183630387,0.002319296
48.8515079091,2.4183630387,0.0026898542
48.8564017997,2.4183630387,0.0026191433
48.8612956903,2.4183630387,0.0024752596
48.8661895809,2.4183630387,0.0025489612
48.8710834715,2.4183630387,0.0024676775
48.8759773621,2.4183630387,0.0022616894
48.8808712527,2.4183630387,0.0020120726
48.8857651433,2.4183630387,0.0009227339
48.8906590339,2.4183630387,0.0006615978
48.8955529245,2.4183630387,0.00046176193
48.9004468151,2.4183630387,0.00024603464
48.9053407057,2.4183630387,0.0001487986
48.9102345963,2.4183630387,0.00013995238
48.9151284869,2.4183630387,8.833942e-05
48.9200223775,2.4183630387,4.25839e-05
48.9249162681,2.4183630387,2.6109694e-05
48.9298101587,2.4183630387,1.9586558e-05
48.9347040493,2.4183630387,1.6521357e-05
48.9395979399,2.4183630387,1.6521357e-05
48.9444918305,2.4183630387,1.5484784e-05
48.9493857211,2.4183630387,1.4535766e-05
48.9542796117,2.4183630387,1.4830115e-05
48.9591735023,2.4183630387,1.4830115e-05
48.9640673929,2.4183630387,1.4830115e-05
48.9689612835,2.4183630387,1.4830115e-05
48.9738551741,2.4183630387,1.4830115e-05
48.9787490647,2.4183630387,1.4830115e-05
48.7389484253,2.4232569293,3.2379423e-05
48.7438423159,2.4232569293,3.2379423e-05
48.7487362065,2.4232569293,3.2379423e-05
48.7536300971,2.4232569293,3.2379423e-05
48.7585239877,2.4232569293,3.2379423e-05
48.7634178783,2.4232569293,3.2379423e-05
48.7683117689,2.4232569293,3.6501173e-05
48.7732056595,2.4232569293,5.2884418e-05
48.7780995501,2.4232569293,5.5542354e-05
48.7829934407,2.4232569293,6.05857e-05
48.7878873313,2.4232569293,6.971859e-05
48.7927812219,2.4232569293,8.785823e-05
48.7976751125,2.4232569293,0.00012060078
48.8025690031,2.4232569293,0.00014534955
48.8074628937,2.4232569293,0.00023922301
48.8123567843,2.4232569293,0.00028064745
48.8172506749,2.4232569293,0.000107659966
48.8221445655,2.4232569293,0.00025306773
48.8270384561,2.4232569293,0.00037391784
48.8319323467,2.4232569293,0.0005591063
48.8368262373,2.4232569293,0.00078921666
48.8417201279,2.4232569293,0.0011712961
48.8466140185,2.4232569293,0.0012334896
48.8515079091,2.4232569293,0.0016686806
48.8564017997,2.4232569293,0.0016004154
48.8612956903,2.4232569293,0.0014758249
48.8661895809,2.4232569293,0.0015068715
48.8710834715,2.4232569293,0.0014136904
48.8759773621,2.4232569293,0.0012077031
48.8808712527,2.4232569293,0.0012034188
48.8857651433,2.4232569293,0.0007387933
48.8906590339,2.4232569293,0.00049791695
48.8955529245,2.4232569293,0.0004155082
48.9004468151,2.4232569293,0.00030923146
48.9053407057,2.4232569293,0.00014922267
48.9102345963,2.4232569293,0.00014037643
48.9151284869,2.4232569293,8.876348e-05
48.9200223775,2.4232569293,4.300795e-05
48.9249162681,2.4232569293,2.733028e-05
48.9298101587,2.4232569293,2.0807143e-05
48.9347040493,2.4232569293,1.7741946e-05
48.9395979399,2.4232569293,1.7741946e-05
48.9444918305,2.4232569293,1.6705373e-05
48.9493857211,2.4232569293,1.5756355e-05
48.9542796117,2.4232569293,1.6050697e-05
48.9591735023,2.4232569293,1.6050697e-05
48.9640673929,2.4232569293,1.6050697e-05
48.9689612835,2.4232569293,1.6050697e-05
48.9738551741,2.4232569293,1.6050697e-05
48.9787490647,2.4232569293,1.6050697e-05
48.7389484253,2.4281508199,1.900308e-05
48.7438423159,2.4281508199,1.900308e-05
48.7487362065,2.4281508199,1.900308e-05
48.7536300971,2.4281508199,1.900308e-05
48.7585239877,2.4281508199,1.900308e-05
48.7634178783,2.4281508199,1.900308e-05
48.7683117689,2.4281508199,2.312483e-05
48.7732056595,2.4281508199,3.950807e-05
48.7780995501,2.4281508199,4.2166015e-05
48.7829934407,2.4281508199,4.7209374e-05
48.7878873313,2.4281508199,5.6342236e-05
48.7927812219,2.4281508199,7.44819e-05
48.7976751125,2.4281508199,0.00010722444
48.8025690031,2.4281508199,0.00013197327
48.8074628937,2.4281508199,0.00022584671
48.8123567843,2.4281508199,0.00024331188
48.8172506749,2.4281508199,8.627724e-05
48.8221445655,2.4281508199,0.000231685
48.8270384561,2.4281508199,0.00030436917
48.8319323467,2.4281508199,0.0004742962
48.8368262373,2.4281508199,0.0006381548
48.8417201279,2.4281508199,0.0008978447
48.8466140185,2.4281508199,0.00095955585
48.8515079091,2.4281508199,0.0013490847
48.8564017997,2.4281508199,0.0012925845
48.8612956903,2.4281508199,0.0011679939
48.8661895809,2.4281508199,0.0012196216
48.8710834715,2.4281508199,0.0011503911
48.8759773621,2.4281508199,0.0009444034
48.8808712527,2.4281508199,0.00094011927
48.8857651433,2.4281508199,0.0006056232
48.8906590339,2.4281508199,0.0003938066
48.8955529245,2.4281508199,0.00031793214
48.9004468151,2.4281508199,0.00023476913
48.9053407057,2.4281508199,0.00012462954
48.9102345963,2.4281508199,0.00011578331
48.9151284869,2.4281508199,8.215767e-05
48.9200223775,2.4281508199,3.6402143e-05
48.9249162681,2.4281508199,2.0724488e-05
48.9298101587,2.4281508199,1.4201341e-05
48.9347040493,2.4281508199,1.11361405e-05
48.9395979399,2.4281508199,1.11361405e-05
48.9444918305,2.4281508199,1.0099571e-05
48.9493857211,2.4281508199,9.150557e-06
48.9542796117,2.4281508199,9.444902e-06
48.9591735023,2.4281508199,9.444902e-06
48.9640673929,2.4281508199,9.444902e-06
48.9689612835,2.4281508199,9.444902e-06
48.9738551741,2.4281508199,9.444902e-06
48.9787490647,2.4281508199,9.444902e-06
48.7389484253,2.4330447105,8.911926e-06
48.7438423159,2.4330447105,8.911926e-06
48.7487362065,2.4330447105,8.911926e-06
48.7536300971,2.4330447105,8.911926e-06
48.7585239877,2.4330447105,8.911926e-06
48.7634178783,2.4330447105,8.911926e-06
48.7683117689,2.4330447105,1.3033674e-05
48.7732056595,2.4330447105,2.9416911e-05
48.7780995501,2.4330447105,3.207486e-05
48.7829934407,2.4330447105,3.7118218e-05
48.7878873313,2.4330447105,4.6251072e-05
48.7927812219,2.4330447105,6.439074e-05
48.7976751125,2.4330447105,9.7133285e-05
48.8025690031,2.4330447105,0.00012028052
48.8074628937,2.4330447105,0.000214154
48.8123567843,2.4330447105,0.00023161914
48.8172506749,2.4330447105,7.458451e-05
48.8221445655,2.4330447105,0.00021999229
48.8270384561,2.4330447105,0.00029267644
48.8319323467,2.4330447105,0.00046260352
48.8368262373,2.4330447105,0.00062646205
48.8417201279,2.4330447105,0.0008861519
48.8466140185,2.4330447105,0.0009478631
48.8515079091,2.4330447105,0.0012982776
48.8564017997,2.4330447105,0.0012417773
48.8612956903,2.4330447105,0.0011204656
48.8661895809,2.4330447105,0.0011867548
48.8710834715,2.4330447105,0.0011273401
48.8759773621,2.4330447105,0.00092135253
48.8808712527,2.4330447105,0.0009170685
48.8857651433,2.4330447105,0.00058257236
48.8906590339,2.4330447105,0.00037075576
48.8955529245,2.4330447105,0.0003029896
48.9004468151,2.4330447105,0.00022508876
48.9053407057,2.4330447105,0.00012432378
48.9102345963,2.4330447105,0.000115477575
48.9151284869,2.4330447105,8.185192e-05
48.9200223775,2.4330447105,3.6096386e-05
48.9249162681,2.4330447105,2.041873e-05
48.9298101587,2.4330447105,1.3895587e-05
48.9347040493,2.4330447105,1.0830382e-05
48.9395979399,2.4330447105,1.0830382e-05
48.9444918305,2.4330447105,9.793813e-06
48.9493857211,2.4330447105,8.844795e-06
48.9542796117,2.4330447105,9.139144e-06
48.9591735023,2.4330447105,9.139144e-06
48.9640673929,2.4330447105,9.139144e-06
48.9689612835,2.4330447105,9.139144e-06
48.9738551741,2.4330447105,9.139144e-06
48.9787490647,2.4330447105,9.139144e-06
48.7389484253,2.4379386011,-9.437522e-06
48.7438423159,2.4379386011,-9.437522e-06
48.7487362065,2.4379386011,-9.437522e-06
48.7536300971,2.4379386011,-9.437522e-06
48.7585239877,2.4379386011,-9.437522e-06
48.7634178783,2.4379386011,-9.437522e-06
48.7683117689,2.4379386011,-5.315779e-06
48.7732056595,2.4379386011,1.1067465e-05
48.7780995501,2.4379386011,1.372541e-05
48.7829934407,2.4379386011,1.8768775e-05
48.7878873313,2.4379386011,2.7901628e-05
48.7927812219,2.4379386011,4.6041256e-05
48.7976751125,2.4379386011,7.878383e-05
48.8025690031,2.4379386011,0.00010193102
48.8074628937,2.4379386011,0.00017317275
48.8123567843,2.4379386011,0.00017029571
48.8172506749,2.4379386011,1.3261017e-05
48.8221445655,2.4379386011,0.00015455643
48.8270384561,2.4379386011,0.00022724067
48.8319323467,2.4379386011,0.00039716772
48.8368262373,2.4379386011,0.000561026
48.8417201279,2.4379386011,0.000820716
48.8466140185,2.4379386011,0.00088242715
48.8515079091,2.4379386011,0.0012328419
48.8564017997,2.4379386011,0.0011988033
48.8612956903,2.4379386011,0.0010774917
48.8661895809,2.4379386011,0.0011437808
48.8710834715,2.4379386011,0.0010843661
48.8759773621,2.4379386011,0.0008783784
48.8808712527,2.4379386011,0.0008740944
48.8857651433,2.4379386011,0.0005395984
48.8906590339,2.4379386011,0.0003277818
48.8955529245,2.4379386011,0.00027501167
48.9004468151,2.4379386011,0.00019711081
48.9053407057,2.4379386011,9.634579e-05
48.9102345963,2.4379386011,8.749955e-05
48.9151284869,2.4379386011,6.881106e-05
48.9200223775,2.4379386011,3.844526e-05
48.9249162681,2.4379386011,2.2767592e-05
48.9298101587,2.4379386011,1.624446e-05
48.9347040493,2.4379386011,1.3179254e-05
48.9395979399,2.4379386011,1.3179254e-05
48.9444918305,2.4379386011,1.2142681e-05
48.9493857211,2.4379386011,1.1193663e-05
48.9542796117,2.4379386011,1.1488012e-05
48.9591735023,2.4379386011,1.1488012e-05
48.9640673929,2.4379386011,1.1488012e-05
48.9689612835,2.4379386011,1.1488012e-05
48.9738551741,2.4379386011,1.1488012e-05
48.9787490647,2.4379386011,1.1488012e-05
48.7389484253,2.4428324917,-3.4011919e-06
48.7438423159,2.4428324917,-3.4011919e-06
48.7487362065,2.4428324917,-3.4011919e-06
48.7536300971,2.4428324917,-3.4011919e-06
48.7585239877,2.4428324917,-3.4011919e-06
48.7634178783,2.4428324917,-3.4011919e-06
48.7683117689,2.4428324917,7.2056184e-07
48.7732056595,2.4428324917,1.710381e-05
48.7780995501,2.4428324917,1.9761748e-05
48.7829934407,2.4428324917,2.4805115e-05
48.7878873313,2.4428324917,3.3937977e-05
48.7927812219,2.4428324917,5.2077594e-05
48.7976751125,2.4428324917,8.482016e-05
48.8025690031,2.4428324917,0.00010796736
48.8074628937,2.4428324917,0.00023406872
48.8123567843,2.4428324917,0.00021017905
48.8172506749,2.4428324917,5.3144366e-05
48.8221445655,2.4428324917,0.00013354374
48.8270384561,2.4428324917,0.00020622795
48.8319323467,2.4428324917,0.00037216893
48.8368262373,2.4428324917,0.00053602736
48.8417201279,2.4428324917,0.00079571723
48.8466140185,2.4428324917,0.0007062476
48.8515079091,2.4428324917,0.0010566626
48.8564017997,2.4428324917,0.001022624
48.8612956903,2.4428324917,0.00090529793
48.8661895809,2.4428324917,0.0009715873
48.8710834715,2.4428324917,0.0009121724
48.8759773621,2.4428324917,0.000706185
48.8808712527,2.4428324917,0.000701901
48.8857651433,2.4428324917,0.00036740492
48.8906590339,2.4428324917,0.00031356918
48.8955529245,2.4428324917,0.00028181184
48.9004468151,2.4428324917,0.00020391095
48.9053407057,2.4428324917,0.00010314596
48.9102345963,2.4428324917,9.429971e-05
48.9151284869,2.4428324917,7.561123e-05
48.9200223775,2.4428324917,4.5245408e-05
48.9249162681,2.4428324917,2.9567746e-05
48.9298101587,2.4428324917,2.304461e-05
48.9347040493,2.4428324917,1.9979409e-05
48.9395979399,2.4428324917,1.9979409e-05
48.9444918305,2.4428324917,1.894284e-05
48.9493857211,2.4428324917,1.7993818e-05
48.9542796117,2.4428324917,1.828816e-05
48.9591735023,2.4428324917,1.828816e-05
48.9640673929,2.4428324917,1.828816e-05
48.9689612835,2.4428324917,1.828816e-05
48.9738551741,2.4428324917,1.828816e-05
48.9787490647,2.4428324917,1.828816e-05
48.7389484253,2.4477263823,-3.4011919e-06
48.7438423159,2.4477263823,-3.4011919e-06
48.7487362065,2.4477263823,-3.4011919e-06
48.7536300971,2.4477263823,-3.4011919e-06
48.7585239877,2.4477263823,-3.4011919e-06
48.7634178783,2.4477263823,-3.4011919e-06
48.7683117689,2.4477263823,7.2056184e-07
48.7732056595,2.4477263823,1.710381e-05
48.7780995501,2.4477263823,1.9761748e-05
48.7829934407,2.4477263823,2.4805115e-05
48.7878873313,2.4477263823,3.3937977e-05
48.7927812219,2.4477263823,5.2077594e-05
48.7976751125,2.4477263823,8.482016e-05
48.8025690031,2.4477263823,0.00010796736
48.8074628937,2.4477263823,0.0002527363
48.8123567843,2.4477263823,0.00031464413
48.8172506749,2.4477263823,0.00016097375
48.8221445655,2.4477263823,0.00016533885
48.8270384561,2.4477263823,0.00020622795
48.8319323467,2.4477263823,0.00035088076
48.8368262373,2.4477263823,0.00048353814
48.8417201279,2.4477263823,0.000743228
48.8466140185,2.4477263823,0.0006402317
48.8515079091,2.4477263823,0.0009906463
48.8564017997,2.4477263823,0.00095660804
48.8612956903,2.4477263823,0.0008392819
48.8661895809,2.4477263823,0.00091298367
48.8710834715,2.4477263823,0.0008535689
48.8759773621,2.4477263823,0.0006475814
48.8808712527,2.4477263823,0.0006432974
48.8857651433,2.4477263823,0.00036129061
48.8906590339,2.4477263823,0.00030745487
48.8955529245,2.4477263823,0.00028181184
48.9004468151,2.4477263823,0.00020391095
48.9053407057,2.4477263823,0.00010314596
48.9102345963,2.4477263823,9.429971e-05
48.9151284869,2.4477263823,7.561123e-05
48.9200223775,2.4477263823,4.5245408e-05
48.9249162681,2.4477263823,2.9567746e-05
48.9298101587,2.4477263823,2.304461e-05
48.9347040493,2.4477263823,1.9979409e-05
48.9395979399,2.4477263823,1.9979409e-05
48.9444918305,2.4477263823,1.894284e-05
48.9493857211,2.4477263823,1.7993818e-05
48.9542796117,2.4477263823,1.828816e-05
48.9591735023,2.4477263823,1.828816e-05
48.9640673929,2.4477263823,1.828816e-05
48.9689612835,2.4477263823,1.828816e-05
48.9738551741,2.4477263823,1.828816e-05
48.9787490647,2.4477263823,1.828816e-05
48.7389484253,2.4526202729,-9.943542e-06
48.7438423159,2.4526202729,-9.943542e-06
48.7487362065,2.4526202729,-9.943542e-06
48.7536300971,2.4526202729,-9.943542e-06
48.7585239877,2.4526202729,-9.943542e-06
48.7634178783,2.4526202729,-9.943542e-06
48.7683117689,2.4526202729,-5.821804e-06
48.7732056595,2.4526202729,1.0561442e-05
48.7780995501,2.4526202729,1.3219398e-05
48.7829934407,2.4526202729,1.826275e-05
48.7878873313,2.4526202729,2.739561e-05
48.7927812219,2.4526202729,4.553525e-05
48.7976751125,2.4526202729,7.827779e-05
48.8025690031,2.4526202729,0.00010142503
48.8074628937,2.4526202729,0.00043432464
48.8123567843,2.4526202729,0.00076737866
48.8172506749,2.4526202729,0.0008960668
48.8221445655,2.4526202729,0.0009233298
48.8270384561,2.4526202729,0.00076511776
48.8319323467,2.4526202729,0.0008006089
48.8368262373,2.4526202729,0.0005974124
48.8417201279,2.4526202729,0.00085164123
48.8466140185,2.4526202729,0.0005737867
48.8515079091,2.4526202729,0.00094089715
48.8564017997,2.4526202729,0.000917309
48.8612956903,2.4526202729,0.00079998304
48.8661895809,2.4526202729,0.00087368494
48.8710834715,2.4526202729,0.0008111513
48.8759773621,2.4526202729,0.00060933497
48.8808712527,2.4526202729,0.00059500104
48.8857651433,2.4526202729,0.00031299432
48.8906590339,2.4526202729,0.00025592835
48.8955529245,2.4526202729,0.0002287143
48.9004468151,2.4526202729,0.00018704265
48.9053407057,2.4526202729,9.0340625e-05
48.9102345963,2.4526202729,8.149437e-05
48.9151284869,2.4526202729,6.280589e-05
48.9200223775,2.4526202729,3.2440068e-05
48.9249162681,2.4526202729,1.6762402e-05
48.9298101587,2.4526202729,1.02392705e-05
48.9347040493,2.4526202729,7.174055e-06
48.9395979399,2.4526202729,7.174055e-06
48.9444918305,2.4526202729,6.1374894e-06
48.9493857211,2.4526202729,5.1884717e-06
48.9542796117,2.4526202729,5.4828133e-06
48.9591735023,2.4526202729,5.4828133e-06
48.9640673929,2.4526202729,5.4828133e-06
48.9689612835,2.4526202729,5.4828133e-06
48.9738551741,2.4526202729,5.4828133e-06
48.9787490647,2.4526202729,5.4828133e-06
48.7389484253,2.4575141635,-1.324933e-05
48.7438423159,2.4575141635,-1.324933e-05
48.7487362065,2.4575141635,-1.324933e-05
48.7536300971,2.4575141635,-1.324933e-05
48.7585239877,2.4575141635,-1.324933e-05
48.7634178783,2.4575141635,-1.324933e-05
48.7683117689,2.4575141635,-9.127584e-06
48.7732056595,2.4575141635,7.255653e-06
48.7780995501,2.4575141635,9.913612e-06
48.7829934407,2.4575141635,1.4956976e-05
48.7878873313,2.4575141635,2.4089826e-05
48.7927812219,2.4575141635,4.2229483e-05
48.7976751125,2.4575141635,7.497202e-05
48.8025690031,2.4575141635,9.811925e-05
48.8074628937,2.4575141635,0.00043101888
48.8123567843,2.4575141635,0.00086432387
48.8172506749,2.4575141635,0.0017006362
48.8221445655,2.4575141635,0.0017218089
48.8270384561,2.4575141635,0.0015650507
48.8319323467,2.4575141635,0.0009177872
48.8368262373,2.4575141635,0.0006327267
48.8417201279,2.4575141635,0.00086687785
48.8466140185,2.4575141635,0.0005688059
48.8515079091,2.4575141635,0.0009359164
48.8564017997,2.4575141635,0.00091232825
48.8612956903,2.4575141635,0.00079500227
48.8661895809,2.4575141635,0.00086870417
48.8710834715,2.4575141635,0.0008061705
48.8759773621,2.4575141635,0.0005993974
48.8808712527,2.4575141635,0.0005850635
48.8857651433,2.4575141635,0.00030305676
48.8906590339,2.4575141635,0.00024599087
48.8955529245,2.4575141635,0.00021877674
48.9004468151,2.4575141635,0.00018521213
48.9053407057,2.4575141635,8.851011e-05
48.9102345963,2.4575141635,7.9663856e-05
48.9151284869,2.4575141635,6.0975377e-05
48.9200223775,2.4575141635,3.0609554e-05
48.9249162681,2.4575141635,1.6762402e-05
48.9298101587,2.4575141635,1.02392705e-05
48.9347040493,2.4575141635,7.174055e-06
48.9395979399,2.4575141635,7.174055e-06
48.9444918305,2.4575141635,6.1374894e-06
48.9493857211,2.4575141635,5.1884717e-06
48.9542796117,2.4575141635,5.4828133e-06
48.9591735023,2.4575141635,5.4828133e-06
48.9640673929,2.4575141635,5.4828133e-06
48.9689612835,2.4575141635,5.4828133e-06
48.9738551741,2.4575141635,5.4828133e-06
48.9787490647,2.4575141635,5.4828133e-06
48.7389484253,2.4624080541,-1.4959478e-05
48.7438423159,2.4624080541,-1.4959478e-05
48.7487362065,2.4624080541,-1.4959478e-05
48.7536300971,2.4624080541,-1.4959478e-05
48.7585239877,2.4624080541,-1.4959478e-05
48.7634178783,2.4624080541,-1.4959478e-05
48.7683117689,2.4624080541,-1.0837728e-05
48.7732056595,2.4624080541,5.545501e-06
48.7780995501,2.4624080541,8.20346e-06
48.7829934407,2.4624080541,1.3246825e-05
48.7878873313,2.4624080541,2.2379676e-05
48.7927812219,2.4624080541,3.3974953e-05
48.7976751125,2.4624080541,6.671751e-05
48.8025690031,2.4624080541,8.9864705e-05
48.8074628937,2.4624080541,0.0004094919
48.8123567843,2.4624080541,0.00084279693
48.8172506749,2.4624080541,0.0017006362
48.8221445655,2.4624080541,0.0022146006
48.8270384561,2.4624080541,0.0021120966
48.8319323467,2.4624080541,0.0013747086
48.8368262373,2.4624080541,0.0007941381
48.8417201279,2.4624080541,0.0008718048
48.8466140185,2.4624080541,0.000577773
48.8515079091,2.4624080541,0.0009359164
48.8564017997,2.4624080541,0.00091232825
48.8612956903,2.4624080541,0.00079500227
48.8661895809,2.4624080541,0.00086870417
48.8710834715,2.4624080541,0.0008061705
48.8759773621,2.4624080541,0.0005993974
48.8808712527,2.4624080541,0.0005850635
48.8857651433,2.4624080541,0.00030305676
48.8906590339,2.4624080541,0.00024599087
48.8955529245,2.4624080541,0.00021877674
48.9004468151,2.4624080541,0.00018521213
48.9053407057,2.4624080541,8.851011e-05
48.9102345963,2.4624080541,7.9663856e-05
48.9151284869,2.4624080541,6.0975377e-05
48.9200223775,2.4624080541,3.0609554e-05
48.9249162681,2.4624080541,1.6762402e-05
48.9298101587,2.4624080541,1.02392705e-05
48.9347040493,2.4624080541,7.174055e-06
48.9395979399,2.4624080541,7.174055e-06
48.9444918305,2.4624080541,6.1374894e-06
48.9493857211,2.4624080541,5.1884717e-06
48.9542796117,2.4624080541,5.4828133e-06
48.9591735023,2.4624080541,5.4828133e-06
48.9640673929,2.4624080541,5.4828133e-06
48.9689612835,2.4624080541,5.4828133e-06
48.9738551741,2.4624080541,5.4828133e-06
48.9787490647,2.4624080541,5.4828133e-06
48.7389484253,2.4673019447,-1.1822944e-05
48.7438423159,2.4673019447,-1.1822944e-05
48.7487362065,2.4673019447,-1.1822944e-05
48.7536300971,2.4673019447,-1.1822944e-05
48.7585239877,2.4673019447,-1.1822944e-05
48.7634178783,2.4673019447,-1.1822944e-05
48.7683117689,2.4673019447,-7.701198e-06
48.7732056595,2.4673019447,9.570216e-06
48.7780995501,2.4673019447,1.2228165e-05
48.7829934407,2.4673019447,1.7271523e-05
48.7878873313,2.4673019447,2.6404381e-05
48.7927812219,2.4673019447,3.2800745e-05
48.7976751125,2.4673019447,5.2818796e-05
48.8025690031,2.4673019447,4.9278762e-05
48.8074628937,2.4673019447,0.0003218751
48.8123567843,2.4673019447,0.0005975241
48.8172506749,2.4673019447,0.0017259545
48.8221445655,2.4673019447,0.0023339563
48.8270384561,2.4673019447,0.0022314528
48.8319323467,2.4673019447,0.0014884634
48.8368262373,2.4673019447,0.001008758
48.8417201279,2.4673019447,0.00072776945
48.8466140185,2.4673019447,0.00043373756
48.8515079091,2.4673019447,0.0008603774
48.8564017997,2.4673019447,0.00085266214
48.8612956903,2.4673019447,0.0007353363
48.8661895809,2.4673019447,0.000809009
48.8710834715,2.4673019447,0.00078862614
48.8759773621,2.4673019447,0.00057323166
48.8808712527,2.4673019447,0.00055889774
48.8857651433,2.4673019447,0.00028657293
48.8906590339,2.4673019447,0.000229507
48.8955529245,2.4673019447,0.00021357449
48.9004468151,2.4673019447,0.00018000987
48.9053407057,2.4673019447,8.3307845e-05
48.9102345963,2.4673019447,8.0228e-05
48.9151284869,2.4673019447,6.153951e-05
48.9200223775,2.4673019447,3.11737e-05
48.9249162681,2.4673019447,1.8613442e-05
48.9298101587,2.4673019447,1.7628772e-05
48.9347040493,2.4673019447,1.4563562e-05
48.9395979399,2.4673019447,1.4563562e-05
48.9444918305,2.4673019447,1.4563562e-05
48.9493857211,2.4673019447,1.4768068e-05
48.9542796117,2.4673019447,1.5148658e-05
48.9591735023,2.4673019447,1.5148658e-05
48.9640673929,2.4673019447,1.5148658e-05
48.9689612835,2.4673019447,1.5148658e-05
48.9738551741,2.4673019447,1.5148658e-05
48.9787490647,2.4673019447,1.5148658e-05
