LATITUDE,LONGITUDE,probability
48.7389484253,2.2275013053,4.9923587e-05
48.7438423159,2.2275013053,4.9923587e-05
48.7487362065,2.2275013053,4.9923587e-05
48.7536300971,2.2275013053,4.9923587e-05
48.7585239877,2.2275013053,4.9923587e-05
48.7634178783,2.2275013053,4.9923587e-05
48.7683117689,2.2275013053,5.8108304e-05
48.7732056595,2.2275013053,5.474623e-05
48.7780995501,2.2275013053,5.4833214e-05
48.7829934407,2.2275013053,5.5927896e-05
48.7878873313,2.2275013053,6.0323728e-05
48.7927812219,2.2275013053,7.096155e-05
48.7976751125,2.2275013053,7.71217e-05
48.8025690031,2.2275013053,8.090256e-05
48.8074628937,2.2275013053,3.3328004e-05
48.8123567843,2.2275013053,2.8768136e-05
48.8172506749,2.2275013053,-4.433311e-05
48.8221445655,2.2275013053,-0.000105228595
48.8270384561,2.2275013053,-8.89235e-05
48.8319323467,2.2275013053,-4.5197714e-05
48.8368262373,2.2275013053,-8.8601766e-05
48.8417201279,2.2275013053,-8.337115e-05
48.8466140185,2.2275013053,-0.000118040014
48.8515079091,2.2275013053,4.9811635e-05
48.8564017997,2.2275013053,8.339847e-05
48.8612956903,2.2275013053,0.00010244291
48.8661895809,2.2275013053,0.00014260094
48.8710834715,2.2275013053,0.00026169364
48.8759773621,2.2275013053,0.00034523237
48.8808712527,2.2275013053,0.00024351507
48.8857651433,2.2275013053,0.00018601258
48.8906590339,2.2275013053,3.6325815e-05
48.8955529245,2.2275013053,1.860318e-05
48.9004468151,2.2275013053,5.5817913e-05
48.9053407057,2.2275013053,5.6832792e-05
48.9102345963,2.2275013053,7.098458e-05
48.9151284869,2.2275013053,7.442602e-05
48.9200223775,2.2275013053,5.962452e-05
48.9249162681,2.2275013053,4.9442857e-05
48.9298101587,2.2275013053,4.5762525e-05
48.9347040493,2.2275013053,4.2878997e-05
48.9395979399,2.2275013053,4.2878997e-05
48.9444918305,2.2275013053,4.2878997e-05
48.9493857211,2.2275013053,5.2276202e-05
48.9542796117,2.2275013053,5.4945016e-05
48.9591735023,2.2275013053,5.4945016e-05
48.9640673929,2.2275013053,5.4945016e-05
48.9689612835,2.2275013053,5.4945016e-05
48.9738551741,2.2275013053,5.4945016e-05
48.9787490647,2.2275013053,5.4945016e-05
48.7389484253,2.2323951959,4.9923587e-05
48.7438423159,2.2323951959,4.9923587e-05
48.7487362065,2.2323951959,4.9923587e-05
48.7536300971,2.2323951959,4.9923587e-05
48.7585239877,2.2323951959,4.9923587e-05
48.7634178783,2.2323951959,4.9923587e-05
48.7683117689,2.2323951959,5.8108304e-05
48.7732056595,2.2323951959,5.474623e-05
48.7780995501,2.2323951959,5.4833214e-05
48.7829934407,2.2323951959,5.5927896e-05
48.7878873313,2.2323951959,6.0323728e-05
48.7927812219,2.2323951959,7.096155e-05
48.7976751125,2.2323951959,7.71217e-05
48.8025690031,2.2323951959,8.090256e-05
48.8074628937,2.2323951959,3.3328004e-05
48.8123567843,2.2323951959,2.8768136e-05
48.8172506749,2.2323951959,-4.433311e-05
48.8221445655,2.2323951959,-0.000105228595
48.8270384561,2.2323951959,-8.89235e-05
48.8319323467,2.2323951959,-4.5197714e-05
48.8368262373,2.2323951959,-8.8601766e-05
48.8417201279,2.2323951959,-8.337115e-05
48.8466140185,2.2323951959,-0.000118040014
48.8515079091,2.2323951959,4.9811635e-05
48.8564017997,2.2323951959,8.339847e-05
48.8612956903,2.2323951959,0.00010244291
48.8661895809,2.2323951959,0.00014260094
48.8710834715,2.2323951959,0.00026169364
48.8759773621,2.2323951959,0.00034523237
48.8808712527,2.2323951959,0.00024351507
48.8857651433,2.2323951959,0.00018601258
48.8906590339,2.2323951959,3.6325815e-05
48.8955529245,2.2323951959,1.860318e-05
48.9004468151,2.2323951959,5.5817913e-05
48.9053407057,2.2323951959,5.6832792e-05
48.9102345963,2.2323951959,7.098458e-05
48.9151284869,2.2323951959,7.442602e-05
48.9200223775,2.2323951959,5.962452e-05
48.9249162681,2.2323951959,4.9442857e-05
48.9298101587,2.2323951959,4.5762525e-05
48.9347040493,2.2323951959,4.2878997e-05
48.9395979399,2.2323951959,4.2878997e-05
48.9444918305,2.2323951959,4.2878997e-05
48.9493857211,2.2323951959,5.2276202e-05
48.9542796117,2.2323951959,5.4945016e-05
48.9591735023,2.2323951959,5.4945016e-05
48.9640673929,2.2323951959,5.4945016e-05
48.9689612835,2.2323951959,5.4945016e-05
48.9738551741,2.2323951959,5.4945016e-05
48.9787490647,2.2323951959,5.4945016e-05
48.7389484253,2.2372890865,4.8917263e-05
48.7438423159,2.2372890865,4.8917263e-05
48.7487362065,2.2372890865,4.8917263e-05
48.7536300971,2.2372890865,4.8917263e-05
48.7585239877,2.2372890865,4.8917263e-05
48.7634178783,2.2372890865,4.8917263e-05
48.7683117689,2.2372890865,5.710198e-05
48.7732056595,2.2372890865,5.444019e-05
48.7780995501,2.2372890865,5.4527172e-05
48.7829934407,2.2372890865,5.5621862e-05
48.7878873313,2.2372890865,6.0017686e-05
48.7927812219,2.2372890865,7.065552e-05
48.7976751125,2.2372890865,7.681566e-05
48.8025690031,2.2372890865,8.0596525e-05
48.8074628937,2.2372890865,3.302197e-05
48.8123567843,2.2372890865,2.8462095e-05
48.8172506749,2.2372890865,-4.463915e-05
48.8221445655,2.2372890865,-0.00010553462
48.8270384561,2.2372890865,-6.994338e-05
48.8319323467,2.2372890865,-2.6217547e-05
48.8368262373,2.2372890865,-6.962163e-05
48.8417201279,2.2372890865,-5.5094042e-05
48.8466140185,2.2372890865,-8.9762936e-05
48.8515079091,2.2372890865,5.8104655e-05
48.8564017997,2.2372890865,9.169147e-05
48.8612956903,2.2372890865,0.00011073593
48.8661895809,2.2372890865,0.00015089397
48.8710834715,2.2372890865,0.00027008264
48.8759773621,2.2372890865,0.00035362138
48.8808712527,2.2372890865,0.000251904
48.8857651433,2.2372890865,0.00017752349
48.8906590339,2.2372890865,2.783673e-05
48.8955529245,2.2372890865,1.0114093e-05
48.9004468151,2.2372890865,4.7328813e-05
48.9053407057,2.2372890865,5.622351e-05
48.9102345963,2.2372890865,7.037529e-05
48.9151284869,2.2372890865,7.381673e-05
48.9200223775,2.2372890865,5.9015238e-05
48.9249162681,2.2372890865,4.8833575e-05
48.9298101587,2.2372890865,4.5153243e-05
48.9347040493,2.2372890865,4.2269723e-05
48.9395979399,2.2372890865,4.2269723e-05
48.9444918305,2.2372890865,4.2269723e-05
48.9493857211,2.2372890865,5.1666928e-05
48.9542796117,2.2372890865,5.4249485e-05
48.9591735023,2.2372890865,5.4249485e-05
48.9640673929,2.2372890865,5.4249485e-05
48.9689612835,2.2372890865,5.4249485e-05
48.9738551741,2.2372890865,5.4249485e-05
48.9787490647,2.2372890865,5.4249485e-05
48.7389484253,2.2421829771,3.3141514e-05
48.7438423159,2.2421829771,3.3141514e-05
48.7487362065,2.2421829771,3.3141514e-05
48.7536300971,2.2421829771,3.3141514e-05
48.7585239877,2.2421829771,3.3141514e-05
48.7634178783,2.2421829771,3.3141514e-05
48.7683117689,2.2421829771,4.1326242e-05
48.7732056595,2.2421829771,3.8664442e-05
48.7780995501,2.2421829771,3.8751426e-05
48.7829934407,2.2421829771,3.9846116e-05
48.7878873313,2.2421829771,4.4241937e-05
48.7927812219,2.2421829771,5.4879758e-05
48.7976751125,2.2421829771,6.103991e-05
48.8025690031,2.2421829771,6.482077e-05
48.8074628937,2.2421829771,1.7246213e-05
48.8123567843,2.2421829771,1.2686359e-05
48.8172506749,2.2421829771,-3.7621347e-05
48.8221445655,2.2421829771,-5.3269792e-05
48.8270384561,2.2421829771,5.0680064e-05
48.8319323467,2.2421829771,9.44059e-05
48.8368262373,2.2421829771,5.1001833e-05
48.8417201279,2.2421829771,6.5529355e-05
48.8466140185,2.2421829771,3.086045e-05
48.8515079091,2.2421829771,9.816077e-05
48.8564017997,2.2421829771,8.271434e-05
48.8612956903,2.2421829771,0.00010175879
48.8661895809,2.2421829771,0.00014191683
48.8710834715,2.2421829771,0.0002650511
48.8759773621,2.2421829771,0.0003501567
48.8808712527,2.2421829771,0.00024843932
48.8857651433,2.2421829771,0.00016608402
48.8906590339,2.2421829771,1.6397298e-05
48.8955529245,2.2421829771,4.9035334e-06
48.9004468151,2.2421829771,4.2118252e-05
48.9053407057,2.2421829771,4.3816475e-05
48.9102345963,2.2421829771,6.8123016e-05
48.9151284869,2.2421829771,7.156447e-05
48.9200223775,2.2421829771,5.676295e-05
48.9249162681,2.2421829771,4.658129e-05
48.9298101587,2.2421829771,3.8278096e-05
48.9347040493,2.2421829771,3.539456e-05
48.9395979399,2.2421829771,3.539456e-05
48.9444918305,2.2421829771,3.351297e-05
48.9493857211,2.2421829771,4.2910182e-05
48.9542796117,2.2421829771,4.549274e-05
48.9591735023,2.2421829771,4.549274e-05
48.9640673929,2.2421829771,4.549274e-05
48.9689612835,2.2421829771,4.549274e-05
48.9738551741,2.2421829771,4.549274e-05
48.9787490647,2.2421829771,4.549274e-05
48.7389484253,2.2470768677,3.0177285e-05
48.7438423159,2.2470768677,3.0177285e-05
48.7487362065,2.2470768677,3.0177285e-05
48.7536300971,2.2470768677,3.0177285e-05
48.7585239877,2.2470768677,3.0177285e-05
48.7634178783,2.2470768677,3.0177285e-05
48.7683117689,2.2470768677,3.8362006e-05
48.7732056595,2.2470768677,3.5700217e-05
48.7780995501,2.2470768677,4.5596953e-05
48.7829934407,2.2470768677,4.6691635e-05
48.7878873313,2.2470768677,5.108747e-05
48.7927812219,2.2470768677,6.1725295e-05
48.7976751125,2.2470768677,7.4506104e-05
48.8025690031,2.2470768677,9.018273e-05
48.8074628937,2.2470768677,4.847138e-05
48.8123567843,2.2470768677,4.1421798e-05
48.8172506749,2.2470768677,-3.213716e-05
48.8221445655,2.2470768677,-8.509041e-05
48.8270384561,2.2470768677,2.6181582e-05
48.8319323467,2.2470768677,0.00012076539
48.8368262373,2.2470768677,0.00011866345
48.8417201279,2.2470768677,0.00013319097
48.8466140185,2.2470768677,9.17686e-05
48.8515079091,2.2470768677,0.00010855544
48.8564017997,2.2470768677,4.317524e-05
48.8612956903,2.2470768677,3.5614547e-05
48.8661895809,2.2470768677,7.577264e-05
48.8710834715,2.2470768677,0.00019890688
48.8759773621,2.2470768677,0.0002828875
48.8808712527,2.2470768677,0.00016531323
48.8857651433,2.2470768677,7.471148e-05
48.8906590339,2.2470768677,-9.348367e-05
48.8955529245,2.2470768677,-5.5935572e-05
48.9004468151,2.2470768677,-2.0306581e-05
48.9053407057,2.2470768677,3.5679546e-05
48.9102345963,2.2470768677,5.9986083e-05
48.9151284869,2.2470768677,6.461112e-05
48.9200223775,2.2470768677,4.8899605e-05
48.9249162681,2.2470768677,3.8717943e-05
48.9298101587,2.2470768677,3.0414736e-05
48.9347040493,2.2470768677,2.7531205e-05
48.9395979399,2.2470768677,2.7531205e-05
48.9444918305,2.2470768677,2.5649613e-05
48.9493857211,2.2470768677,3.504682e-05
48.9542796117,2.2470768677,3.7629386e-05
48.9591735023,2.2470768677,3.7629386e-05
48.9640673929,2.2470768677,3.7629386e-05
48.9689612835,2.2470768677,3.7629386e-05
48.9738551741,2.2470768677,3.7629386e-05
48.9787490647,2.2470768677,3.7629386e-05
48.7389484253,2.2519707583,3.4795234e-05
48.7438423159,2.2519707583,3.4795234e-05
48.7487362065,2.2519707583,3.4795234e-05
48.7536300971,2.2519707583,3.4795234e-05
48.7585239877,2.2519707583,3.4795234e-05
48.7634178783,2.2519707583,3.4795234e-05
48.7683117689,2.2519707583,4.297996e-05
48.7732056595,2.2519707583,4.0318166e-05
48.7780995501,2.2519707583,5.021491e-05
48.7829934407,2.2519707583,5.13096e-05
48.7878873313,2.2519707583,5.5705426e-05
48.7927812219,2.2519707583,6.634326e-05
48.7976751125,2.2519707583,7.912407e-05
48.8025690031,2.2519707583,9.4800685e-05
48.8074628937,2.2519707583,5.308935e-05
48.8123567843,2.2519707583,4.2114578e-05
48.8172506749,2.2519707583,1.1077942e-05
48.8221445655,2.2519707583,-1.9970239e-05
48.8270384561,2.2519707583,0.00025067956
48.8319323467,2.2519707583,0.0003452635
48.8368262373,2.2519707583,0.0003431615
48.8417201279,2.2519707583,0.000357689
48.8466140185,2.2519707583,0.00030773922
48.8515079091,2.2519707583,0.00031995415
48.8564017997,2.2519707583,0.0001518966
48.8612956903,2.2519707583,0.00010613102
48.8661895809,2.2519707583,0.00014628908
48.8710834715,2.2519707583,0.0002694233
48.8759773621,2.2519707583,0.0003123032
48.8808712527,2.2519707583,0.000194729
48.8857651433,2.2519707583,7.999594e-05
48.8906590339,2.2519707583,-9.031125e-05
48.8955529245,2.2519707583,-6.26202e-05
48.9004468151,2.2519707583,-6.06328e-06
48.9053407057,2.2519707583,3.729842e-05
48.9102345963,2.2519707583,6.160499e-05
48.9151284869,2.2519707583,6.6230015e-05
48.9200223775,2.2519707583,5.0518476e-05
48.9249162681,2.2519707583,4.033682e-05
48.9298101587,2.2519707583,3.2033615e-05
48.9347040493,2.2519707583,2.9150084e-05
48.9395979399,2.2519707583,2.9150084e-05
48.9444918305,2.2519707583,2.7268488e-05
48.9493857211,2.2519707583,3.66657e-05
48.9542796117,2.2519707583,3.9248258e-05
48.9591735023,2.2519707583,3.9248258e-05
48.9640673929,2.2519707583,3.9248258e-05
48.9689612835,2.2519707583,3.9248258e-05
48.9738551741,2.2519707583,3.9248258e-05
48.9787490647,2.2519707583,3.9248258e-05
48.7389484253,2.2568646489,3.4004468e-05
48.7438423159,2.2568646489,3.4004468e-05
48.7487362065,2.2568646489,3.4004468e-05
48.7536300971,2.2568646489,3.4004468e-05
48.7585239877,2.2568646489,3.4004468e-05
48.7634178783,2.2568646489,3.4004468e-05
48.7683117689,2.2568646489,4.2189193e-05
48.7732056595,2.2568646489,3.9527396e-05
48.7780995501,2.2568646489,4.9424136e-05
48.7829934407,2.2568646489,5.0518825e-05
48.7878873313,2.2568646489,5.491466e-05
48.7927812219,2.2568646489,6.555249e-05
48.7976751125,2.2568646489,7.83333e-05
48.8025690031,2.2568646489,9.400992e-05
48.8074628937,2.2568646489,5.2298583e-05
48.8123567843,2.2568646489,4.1323805e-05
48.8172506749,2.2568646489,3.913401e-05
48.8221445655,2.2568646489,5.5799548e-05
48.8270384561,2.2568646489,0.00034081907
48.8319323467,2.2568646489,0.00043540297
48.8368262373,2.2568646489,0.000433301
48.8417201279,2.2568646489,0.0004478285
48.8466140185,2.2568646489,0.00039787873
48.8515079091,2.2568646489,0.0004100936
48.8564017997,2.2568646489,0.00024203605
48.8612956903,2.2568646489,0.00019627048
48.8661895809,2.2568646489,0.00023642856
48.8710834715,2.2568646489,0.00035956272
48.8759773621,2.2568646489,0.0003730015
48.8808712527,2.2568646489,0.00022658044
48.8857651433,2.2568646489,0.00011184746
48.8906590339,2.2568646489,-5.8459722e-05
48.8955529245,2.2568646489,-4.513822e-05
48.9004468151,2.2568646489,-6.8540458e-06
48.9053407057,2.2568646489,3.6507652e-05
48.9102345963,2.2568646489,6.0814218e-05
48.9151284869,2.2568646489,6.543924e-05
48.9200223775,2.2568646489,4.9727703e-05
48.9249162681,2.2568646489,3.9546056e-05
48.9298101587,2.2568646489,3.1242846e-05
48.9347040493,2.2568646489,2.8359314e-05
48.9395979399,2.2568646489,2.8359314e-05
48.9444918305,2.2568646489,2.6477719e-05
48.9493857211,2.2568646489,3.5874928e-05
48.9542796117,2.2568646489,3.8457492e-05
48.9591735023,2.2568646489,3.8457492e-05
48.9640673929,2.2568646489,3.8457492e-05
48.9689612835,2.2568646489,3.8457492e-05
48.9738551741,2.2568646489,3.8457492e-05
48.9787490647,2.2568646489,3.8457492e-05
48.7389484253,2.2617585395,2.0908963e-05
48.7438423159,2.2617585395,2.0908963e-05
48.7487362065,2.2617585395,2.0908963e-05
48.7536300971,2.2617585395,2.0908963e-05
48.7585239877,2.2617585395,2.0908963e-05
48.7634178783,2.2617585395,2.0908963e-05
48.7683117689,2.2617585395,2.9093688e-05
48.7732056595,2.2617585395,2.6431895e-05
48.7780995501,2.2617585395,3.632864e-05
48.7829934407,2.2617585395,3.7423328e-05
48.7878873313,2.2617585395,4.1819145e-05
48.7927812219,2.2617585395,5.245698e-05
48.7976751125,2.2617585395,6.523778e-05
48.8025690031,2.2617585395,8.091442e-05
48.8074628937,2.2617585395,3.9203074e-05
48.8123567843,2.2617585395,2.8228296e-05
48.8172506749,2.2617585395,2.6038486e-05
48.8221445655,2.2617585395,2.1788697e-05
48.8270384561,2.2617585395,0.0003596349
48.8319323467,2.2617585395,0.00045421877
48.8368262373,2.2617585395,0.0004521168
48.8417201279,2.2617585395,0.0004666443
48.8466140185,2.2617585395,0.00041669453
48.8515079091,2.2617585395,0.00042890946
48.8564017997,2.2617585395,0.00026085187
48.8612956903,2.2617585395,0.0002150864
48.8661895809,2.2617585395,0.0002580425
48.8710834715,2.2617585395,0.0003832284
48.8759773621,2.2617585395,0.00039666714
48.8808712527,2.2617585395,0.00020000293
48.8857651433,2.2617585395,8.526996e-05
48.8906590339,2.2617585395,-8.503729e-05
48.8955529245,2.2617585395,-7.171582e-05
48.9004468151,2.2617585395,-3.3431646e-05
48.9053407057,2.2617585395,3.0845433e-05
48.9102345963,2.2617585395,5.5151995e-05
48.9151284869,2.2617585395,5.9777023e-05
48.9200223775,2.2617585395,4.4065495e-05
48.9249162681,2.2617585395,3.3883833e-05
48.9298101587,2.2617585395,2.5580626e-05
48.9347040493,2.2617585395,2.2697095e-05
48.9395979399,2.2617585395,2.2697095e-05
48.9444918305,2.2617585395,1.9778934e-05
48.9493857211,2.2617585395,2.8022616e-05
48.9542796117,2.2617585395,3.0605184e-05
48.9591735023,2.2617585395,3.0605184e-05
48.9640673929,2.2617585395,3.0605184e-05
48.9689612835,2.2617585395,3.0605184e-05
48.9738551741,2.2617585395,3.0605184e-05
48.9787490647,2.2617585395,3.0605184e-05
48.7389484253,2.2666524301,2.6064823e-05
48.7438423159,2.2666524301,2.6064823e-05
48.7487362065,2.2666524301,2.6064823e-05
48.7536300971,2.2666524301,2.6064823e-05
48.7585239877,2.2666524301,2.6064823e-05
48.7634178783,2.2666524301,2.6064823e-05
48.7683117689,2.2666524301,3.4249548e-05
48.7732056595,2.2666524301,3.1587755e-05
48.7780995501,2.2666524301,4.1484487e-05
48.7829934407,2.2666524301,4.2579184e-05
48.7878873313,2.2666524301,4.6975012e-05
48.7927812219,2.2666524301,5.761284e-05
48.7976751125,2.2666524301,7.039365e-05
48.8025690031,2.2666524301,8.6070286e-05
48.8074628937,2.2666524301,4.435894e-05
48.8123567843,2.2666524301,3.3384164e-05
48.8172506749,2.2666524301,3.4398403e-05
48.8221445655,2.2666524301,0.00011524711
48.8270384561,2.2666524301,0.00052079663
48.8319323467,2.2666524301,0.0006153803
48.8368262373,2.2666524301,0.0006132784
48.8417201279,2.2666524301,0.00062780606
48.8466140185,2.2666524301,0.0005564838
48.8515079091,2.2666524301,0.0005686989
48.8564017997,2.2666524301,0.0004151296
48.8612956903,2.2666524301,0.00036348758
48.8661895809,2.2666524301,0.00040446036
48.8710834715,2.2666524301,0.0005296463
48.8759773621,2.2666524301,0.0005253618
48.8808712527,2.2666524301,0.00032843155
48.8857651433,2.2666524301,0.000121578545
48.8906590339,2.2666524301,-4.872861e-05
48.8955529245,2.2666524301,-0.000108618035
48.9004468151,2.2666524301,-7.033391e-05
48.9053407057,2.2666524301,1.3442025e-05
48.9102345963,2.2666524301,3.77486e-05
48.9151284869,2.2666524301,4.237362e-05
48.9200223775,2.2666524301,2.6662085e-05
48.9249162681,2.2666524301,1.6480426e-05
48.9298101587,2.2666524301,8.17722e-06
48.9347040493,2.2666524301,5.2936884e-06
48.9395979399,2.2666524301,5.2936884e-06
48.9444918305,2.2666524301,2.3755285e-06
48.9493857211,2.2666524301,1.0619209e-05
48.9542796117,2.2666524301,1.3201771e-05
48.9591735023,2.2666524301,1.3201771e-05
48.9640673929,2.2666524301,1.3201771e-05
48.9689612835,2.2666524301,1.3201771e-05
48.9738551741,2.2666524301,1.3201771e-05
48.9787490647,2.2666524301,1.3201771e-05
48.7389484253,2.2715463207,5.801994e-06
48.7438423159,2.2715463207,5.801994e-06
48.7487362065,2.2715463207,5.801994e-06
48.7536300971,2.2715463207,5.801994e-06
48.7585239877,2.2715463207,5.801994e-06
48.7634178783,2.2715463207,5.801994e-06
48.7683117689,2.2715463207,1.3986716e-05
48.7732056595,2.2715463207,1.1324919e-05
48.7780995501,2.2715463207,2.1221662e-05
48.7829934407,2.2715463207,2.2316352e-05
48.7878873313,2.2715463207,2.6712176e-05
48.7927812219,2.2715463207,3.7350004e-05
48.7976751125,2.2715463207,5.0130817e-05
48.8025690031,2.2715463207,6.4738306e-05
48.8074628937,2.2715463207,2.3026943e-05
48.8123567843,2.2715463207,9.192434e-06
48.8172506749,2.2715463207,8.9565576e-05
48.8221445655,2.2715463207,0.00018695128
48.8270384561,2.2715463207,0.00061867724
48.8319323467,2.2715463207,0.0007154537
48.8368262373,2.2715463207,0.0007133518
48.8417201279,2.2715463207,0.00072787947
48.8466140185,2.2715463207,0.0006565572
48.8515079091,2.2715463207,0.0006687723
48.8564017997,2.2715463207,0.0005676189
48.8612956903,2.2715463207,0.0005159768
48.8661895809,2.2715463207,0.00055694964
48.8710834715,2.2715463207,0.000713156
48.8759773621,2.2715463207,0.00074871053
48.8808712527,2.2715463207,0.0005517805
48.8857651433,2.2715463207,0.00023337321
48.8906590339,2.2715463207,6.306608e-05
48.8955529245,2.2715463207,-3.760641e-05
48.9004468151,2.2715463207,3.606769e-05
48.9053407057,2.2715463207,-1.0749708e-05
48.9102345963,2.2715463207,1.3556865e-05
48.9151284869,2.2715463207,1.8181887e-05
48.9200223775,2.2715463207,2.4703534e-06
48.9249162681,2.2715463207,-7.711302e-06
48.9298101587,2.2715463207,-1.6014508e-05
48.9347040493,2.2715463207,-1.8898041e-05
48.9395979399,2.2715463207,-1.8898041e-05
48.9444918305,2.2715463207,-2.1816202e-05
48.9493857211,2.2715463207,-1.357252e-05
48.9542796117,2.2715463207,-1.0989958e-05
48.9591735023,2.2715463207,-1.0989958e-05
48.9640673929,2.2715463207,-1.0989958e-05
48.9689612835,2.2715463207,-1.0989958e-05
48.9738551741,2.2715463207,-1.0989958e-05
48.9787490647,2.2715463207,-1.0989958e-05
48.7389484253,2.2764402113,-1.5006094e-06
48.7438423159,2.2764402113,-1.5006094e-06
48.7487362065,2.2764402113,-1.5006094e-06
48.7536300971,2.2764402113,-1.5006094e-06
48.7585239877,2.2764402113,-1.5006094e-06
48.7634178783,2.2764402113,-1.5006094e-06
48.7683117689,2.2764402113,6.684113e-06
48.7732056595,2.2764402113,4.022318e-06
48.7780995501,2.2764402113,1.3919061e-05
48.7829934407,2.2764402113,1.501375e-05
48.7878873313,2.2764402113,1.9409574e-05
48.7927812219,2.2764402113,3.004741e-05
48.7976751125,2.2764402113,4.282822e-05
48.8025690031,2.2764402113,5.743569e-05
48.8074628937,2.2764402113,1.5724343e-05
48.8123567843,2.2764402113,-2.4188088e-05
48.8172506749,2.2764402113,9.7219105e-05
48.8221445655,2.2764402113,0.0002506216
48.8270384561,2.2764402113,0.00068234757
48.8319323467,2.2764402113,0.000801373
48.8368262373,2.2764402113,0.0008021239
48.8417201279,2.2764402113,0.00085536164
48.8466140185,2.2764402113,0.0007948682
48.8515079091,2.2764402113,0.0008070833
48.8564017997,2.2764402113,0.0007059298
48.8612956903,2.2764402113,0.00064015953
48.8661895809,2.2764402113,0.00068113237
48.8710834715,2.2764402113,0.0008630193
48.8759773621,2.2764402113,0.00089687295
48.8808712527,2.2764402113,0.0007283532
48.8857651433,2.2764402113,0.00035263298
48.8906590339,2.2764402113,0.00017921865
48.8955529245,2.2764402113,7.8546225e-05
48.9004468151,2.2764402113,9.966143e-05
48.9053407057,2.2764402113,-6.674354e-05
48.9102345963,2.2764402113,6.2151194e-06
48.9151284869,2.2764402113,1.084014e-05
48.9200223775,2.2764402113,-4.871393e-06
48.9249162681,2.2764402113,-1.5053049e-05
48.9298101587,2.2764402113,-2.3356253e-05
48.9347040493,2.2764402113,-2.6239784e-05
48.9395979399,2.2764402113,-2.6239784e-05
48.9444918305,2.2764402113,-2.9157945e-05
48.9493857211,2.2764402113,-2.0914264e-05
48.9542796117,2.2764402113,-1.8331702e-05
48.9591735023,2.2764402113,-1.8331702e-05
48.9640673929,2.2764402113,-1.8331702e-05
48.9689612835,2.2764402113,-1.8331702e-05
48.9738551741,2.2764402113,-1.8331702e-05
48.9787490647,2.2764402113,-1.8331702e-05
48.7389484253,2.2813341019,-2.6345056e-06
48.7438423159,2.2813341019,-2.6345056e-06
48.7487362065,2.2813341019,-2.6345056e-06
48.7536300971,2.2813341019,-2.6345056e-06
48.7585239877,2.2813341019,-2.6345056e-06
48.7634178783,2.2813341019,-2.6345056e-06
48.7683117689,2.2813341019,4.720758e-06
48.7732056595,2.2813341019,2.05896e-06
48.7780995501,2.2813341019,1.1955701e-05
48.7829934407,2.2813341019,1.3050394e-05
48.7878873313,2.2813341019,1.7446222e-05
48.7927812219,2.2813341019,2.8084058e-05
48.7976751125,2.2813341019,4.0864863e-05
48.8025690031,2.2813341019,5.547234e-05
48.8074628937,2.2813341019,1.3760985e-05
48.8123567843,2.2813341019,-2.6151443e-05
48.8172506749,2.2813341019,9.525576e-05
48.8221445655,2.2813341019,0.00030803547
48.8270384561,2.2813341019,0.0007417248
48.8319323467,2.2813341019,0.0008964976
48.8368262373,2.2813341019,0.0008972485
48.8417201279,2.2813341019,0.0009504862
48.8466140185,2.2813341019,0.0008899928
48.8515079091,2.2813341019,0.00090220786
48.8564017997,2.2813341019,0.0008010544
48.8612956903,2.2813341019,0.0007352841
48.8661895809,2.2813341019,0.00077625696
48.8710834715,2.2813341019,0.0009581439
48.8759773621,2.2813341019,0.0010226998
48.8808712527,2.2813341019,0.0007716107
48.8857651433,2.2813341019,0.00037597062
48.8906590339,2.2813341019,0.00012785566
48.8955529245,2.2813341019,2.7183218e-05
48.9004468151,2.2813341019,2.7080801e-05
48.9053407057,2.2813341019,-6.674354e-05
48.9102345963,2.2813341019,6.2151194e-06
48.9151284869,2.2813341019,1.084014e-05
48.9200223775,2.2813341019,-4.871393e-06
48.9249162681,2.2813341019,-1.5053049e-05
48.9298101587,2.2813341019,-2.3356253e-05
48.9347040493,2.2813341019,-2.6239784e-05
48.9395979399,2.2813341019,-2.6239784e-05
48.9444918305,2.2813341019,-2.9157945e-05
48.9493857211,2.2813341019,-2.0914264e-05
48.9542796117,2.2813341019,-1.8331702e-05
48.9591735023,2.2813341019,-1.8331702e-05
48.9640673929,2.2813341019,-1.8331702e-05
48.9689612835,2.2813341019,-1.8331702e-05
48.9738551741,2.2813341019,-1.8331702e-05
48.9787490647,2.2813341019,-1.8331702e-05
48.7389484253,2.2862279925,-2.629077e-05
48.7438423159,2.2862279925,-2.629077e-05
48.7487362065,2.2862279925,-2.629077e-05
48.7536300971,2.2862279925,-2.629077e-05
48.7585239877,2.2862279925,-2.629077e-05
48.7634178783,2.2862279925,-2.629077e-05
48.7683117689,2.2862279925,-1.7500108e-05
48.7732056595,2.2862279925,-2.079384e-05
48.7780995501,2.2862279925,-9.2897735e-06
48.7829934407,2.2862279925,-8.1950875e-06
48.7878873313,2.2862279925,-1.1794991e-06
48.7927812219,2.2862279925,1.2585087e-05
48.7976751125,2.2862279925,2.2515076e-05
48.8025690031,2.2862279925,3.7122547e-05
48.8074628937,2.2862279925,3.6436563e-06
48.8123567843,2.2862279925,-2.9040193e-05
48.8172506749,2.2862279925,5.64496e-05
48.8221445655,2.2862279925,0.0002224945
48.8270384561,2.2862279925,0.0005103863
48.8319323467,2.2862279925,0.0006651589
48.8368262373,2.2862279925,0.0006659098
48.8417201279,2.2862279925,0.0007191475
48.8466140185,2.2862279925,0.0006586541
48.8515079091,2.2862279925,0.00067107956
48.8564017997,2.2862279925,0.00070018653
48.8612956903,2.2862279925,0.00071197806
48.8661895809,2.2862279925,0.0008331833
48.8710834715,2.2862279925,0.0010648661
48.8759773621,2.2862279925,0.0011294223
48.8808712527,2.2862279925,0.0008848038
48.8857651433,2.2862279925,0.00045987358
48.8906590339,2.2862279925,0.00017780854
48.8955529245,2.2862279925,2.7569087e-05
48.9004468151,2.2862279925,2.4738241e-05
48.9053407057,2.2862279925,-0.00011942043
48.9102345963,2.2862279925,-1.7346866e-06
48.9151284869,2.2862279925,1.1639015e-05
48.9200223775,2.2862279925,-4.0725213e-06
48.9249162681,2.2862279925,-1.4254172e-05
48.9298101587,2.2862279925,-2.2557375e-05
48.9347040493,2.2862279925,-2.5440899e-05
48.9395979399,2.2862279925,-2.8687675e-05
48.9444918305,2.2862279925,-3.160584e-05
48.9493857211,2.2862279925,-2.3362161e-05
48.9542796117,2.2862279925,-2.2997592e-05
48.9591735023,2.2862279925,-2.2997592e-05
48.9640673929,2.2862279925,-2.2997592e-05
48.9689612835,2.2862279925,-2.2997592e-05
48.9738551741,2.2862279925,-2.2997592e-05
48.9787490647,2.2862279925,-2.2997592e-05
48.7389484253,2.2911218831,-4.4957415e-05
48.7438423159,2.2911218831,-4.4957415e-05
48.7487362065,2.2911218831,-4.4957415e-05
48.7536300971,2.2911218831,-4.4957415e-05
48.7585239877,2.2911218831,-4.4957415e-05
48.7634178783,2.2911218831,-4.4957415e-05
48.7683117689,2.2911218831,-3.6166763e-05
48.7732056595,2.2911218831,-3.946049e-05
48.7780995501,2.2911218831,-2.7956423e-05
48.7829934407,2.2911218831,-2.686173e-05
48.7878873313,2.2911218831,-1.8381837e-05
48.7927812219,2.2911218831,-4.6172327e-06
48.7976751125,2.2911218831,5.3127205e-06
48.8025690031,2.2911218831,1.9920193e-05
48.8074628937,2.2911218831,-1.3558683e-05
48.8123567843,2.2911218831,-2.9465516e-05
48.8172506749,2.2911218831,5.6024262e-05
48.8221445655,2.2911218831,0.00022206911
48.8270384561,2.2911218831,0.0004858302
48.8319323467,2.2911218831,0.00064060284
48.8368262373,2.2911218831,0.0006413537
48.8417201279,2.2911218831,0.00069459144
48.8466140185,2.2911218831,0.000634098
48.8515079091,2.2911218831,0.0006465235
48.8564017997,2.2911218831,0.0006949254
48.8612956903,2.2911218831,0.000733322
48.8661895809,2.2911218831,0.00085452734
48.8710834715,2.2911218831,0.0010862101
48.8759773621,2.2911218831,0.0011507666
48.8808712527,2.2911218831,0.0008576665
48.8857651433,2.2911218831,0.00047334813
48.8906590339,2.2911218831,0.00019128318
48.8955529245,2.2911218831,4.1043535e-05
48.9004468151,2.2911218831,3.058717e-05
48.9053407057,2.2911218831,-0.0001308379
48.9102345963,2.2911218831,2.7857564e-05
48.9151284869,2.2911218831,2.5010773e-05
48.9200223775,2.2911218831,9.299243e-06
48.9249162681,2.2911218831,-8.8241643e-07
48.9298101587,2.2911218831,-1.0111605e-05
48.9347040493,2.2911218831,-1.2995139e-05
48.9395979399,2.2911218831,-1.6241915e-05
48.9444918305,2.2911218831,-1.9160077e-05
48.9493857211,2.2911218831,-1.0916395e-05
48.9542796117,2.2911218831,-1.0551833e-05
48.9591735023,2.2911218831,-1.0551833e-05
48.9640673929,2.2911218831,-1.0551833e-05
48.9689612835,2.2911218831,-1.0551833e-05
48.9738551741,2.2911218831,-1.0551833e-05
48.9787490647,2.2911218831,-1.0551833e-05
48.7389484253,2.2960157737,-7.7607234e-05
48.7438423159,2.2960157737,-7.7607234e-05
48.7487362065,2.2960157737,-7.7607234e-05
48.7536300971,2.2960157737,-7.7607234e-05
48.7585239877,2.2960157737,-7.7607234e-05
48.7634178783,2.2960157737,-7.7607234e-05
48.7683117689,2.2960157737,-6.881656e-05
48.7732056595,2.2960157737,-7.2110306e-05
48.7780995501,2.2960157737,-6.060626e-05
48.7829934407,2.2960157737,-5.7581135e-05
48.7878873313,2.2960157737,-4.9101247e-05
48.7927812219,2.2960157737,-3.5336652e-05
48.7976751125,2.2960157737,-2.5406684e-05
48.8025690031,2.2960157737,-1.0799233e-05
48.8074628937,2.2960157737,-4.427809e-05
48.8123567843,2.2960157737,-6.857474e-05
48.8172506749,2.2960157737,5.1201736e-05
48.8221445655,2.2960157737,0.00021724663
48.8270384561,2.2960157737,0.0004676997
48.8319323467,2.2960157737,0.00057166023
48.8368262373,2.2960157737,0.00057241105
48.8417201279,2.2960157737,0.0006256487
48.8466140185,2.2960157737,0.00056515535
48.8515079091,2.2960157737,0.0005775808
48.8564017997,2.2960157737,0.00062598276
48.8612956903,2.2960157737,0.00066437933
48.8661895809,2.2960157737,0.0007898841
48.8710834715,2.2960157737,0.0010278064
48.8759773621,2.2960157737,0.0010923627
48.8808712527,2.2960157737,0.0007572222
48.8857651433,2.2960157737,0.00035876053
48.8906590339,2.2960157737,8.6700515e-05
48.8955529245,2.2960157737,5.663117e-05
48.9004468151,2.2960157737,0.00011395066
48.9053407057,2.2960157737,9.002046e-06
48.9102345963,2.2960157737,1.5960602e-05
48.9151284869,2.2960157737,3.690013e-06
48.9200223775,2.2960157737,-1.2021509e-05
48.9249162681,2.2960157737,-2.2194974e-05
48.9298101587,2.2960157737,-3.1424162e-05
48.9347040493,2.2960157737,-3.4307697e-05
48.9395979399,2.2960157737,-3.755449e-05
48.9444918305,2.2960157737,-4.0472652e-05
48.9493857211,2.2960157737,-3.2228952e-05
48.9542796117,2.2960157737,-3.1864383e-05
48.9591735023,2.2960157737,-3.1864383e-05
48.9640673929,2.2960157737,-3.1864383e-05
48.9689612835,2.2960157737,-3.1864383e-05
48.9738551741,2.2960157737,-3.1864383e-05
48.9787490647,2.2960157737,-3.1864383e-05
48.7389484253,2.3009096643,-8.458907e-05
48.7438423159,2.3009096643,-8.458907e-05
48.7487362065,2.3009096643,-8.458907e-05
48.7536300971,2.3009096643,-8.458907e-05
48.7585239877,2.3009096643,-8.458907e-05
48.7634178783,2.3009096643,-8.458907e-05
48.7683117689,2.3009096643,-7.579842e-05
48.7732056595,2.3009096643,-7.909214e-05
48.7780995501,2.3009096643,-6.7588066e-05
48.7829934407,2.3009096643,-6.4562955e-05
48.7878873313,2.3009096643,-5.6083067e-05
48.7927812219,2.3009096643,-3.9828625e-05
48.7976751125,2.3009096643,-2.9898669e-05
48.8025690031,2.3009096643,-1.5291216e-05
48.8074628937,2.3009096643,-4.877009e-05
48.8123567843,2.3009096643,-5.515387e-05
48.8172506749,2.3009096643,6.4622676e-05
48.8221445655,2.3009096643,0.00023327439
48.8270384561,2.3009096643,0.00044374279
48.8319323467,2.3009096643,0.0005477032
48.8368262373,2.3009096643,0.00054845423
48.8417201279,2.3009096643,0.00060169195
48.8466140185,2.3009096643,0.0005411988
48.8515079091,2.3009096643,0.0005536239
48.8564017997,2.3009096643,0.00060202583
48.8612956903,2.3009096643,0.00062034174
48.8661895809,2.3009096643,0.0007458464
48.8710834715,2.3009096643,0.001027313
48.8759773621,2.3009096643,0.0010918691
48.8808712527,2.3009096643,0.0007707975
48.8857651433,2.3009096643,0.00037233596
48.8906590339,2.3009096643,0.00014932282
48.8955529245,2.3009096643,0.00016225564
48.9004468151,2.3009096643,0.00029676658
48.9053407057,2.3009096643,0.0001600229
48.9102345963,2.3009096643,7.794796e-05
48.9151284869,2.3009096643,7.328067e-07
48.9200223775,2.3009096643,-1.4978712e-05
48.9249162681,2.3009096643,-2.5152178e-05
48.9298101587,2.3009096643,-3.4557394e-05
48.9347040493,2.3009096643,-3.744095e-05
48.9395979399,2.3009096643,-4.0687723e-05
48.9444918305,2.3009096643,-4.3605884e-05
48.9493857211,2.3009096643,-3.536218e-05
48.9542796117,2.3009096643,-3.499761e-05
48.9591735023,2.3009096643,-3.499761e-05
48.9640673929,2.3009096643,-3.499761e-05
48.9689612835,2.3009096643,-3.499761e-05
48.9738551741,2.3009096643,-3.499761e-05
48.9787490647,2.3009096643,-3.499761e-05
48.7389484253,2.3058035549,-9.0634436e-05
48.7438423159,2.3058035549,-9.0634436e-05
48.7487362065,2.3058035549,-9.0634436e-05
48.7536300971,2.3058035549,-9.0634436e-05
48.7585239877,2.3058035549,-9.0634436e-05
48.7634178783,2.3058035549,-9.0634436e-05
48.7683117689,2.3058035549,-8.184378e-05
48.7732056595,2.3058035549,-8.513751e-05
48.7780995501,2.3058035549,-7.363343e-05
48.7829934407,2.3058035549,-7.060832e-05
48.7878873313,2.3058035549,-6.212844e-05
48.7927812219,2.3058035549,-4.5873992e-05
48.7976751125,2.3058035549,-2.6920115e-05
48.8025690031,2.3058035549,-1.2312661e-05
48.8074628937,2.3058035549,-3.4744065e-05
48.8123567843,2.3058035549,-4.8892914e-05
48.8172506749,2.3058035549,8.747306e-05
48.8221445655,2.3058035549,0.00024659358
48.8270384561,2.3058035549,0.000506064
48.8319323467,2.3058035549,0.00061002484
48.8368262373,2.3058035549,0.000616775
48.8417201279,2.3058035549,0.0006700127
48.8466140185,2.3058035549,0.0005927313
48.8515079091,2.3058035549,0.00055914046
48.8564017997,2.3058035549,0.00060754246
48.8612956903,2.3058035549,0.0006258584
48.8661895809,2.3058035549,0.0007973791
48.8710834715,2.3058035549,0.0010928751
48.8759773621,2.3058035549,0.0012034398
48.8808712527,2.3058035549,0.00088618253
48.8857651433,2.3058035549,0.00055691006
48.8906590339,2.3058035549,0.0003402233
48.8955529245,2.3058035549,0.00023390705
48.9004468151,2.3058035549,0.00035962914
48.9053407057,2.3058035549,0.00020568194
48.9102345963,2.3058035549,8.9037596e-05
48.9151284869,2.3058035549,1.182246e-05
48.9200223775,2.3058035549,-1.4978712e-05
48.9249162681,2.3058035549,-2.5152178e-05
48.9298101587,2.3058035549,-3.4557394e-05
48.9347040493,2.3058035549,-3.744095e-05
48.9395979399,2.3058035549,-4.0687723e-05
48.9444918305,2.3058035549,-4.3605884e-05
48.9493857211,2.3058035549,-3.536218e-05
48.9542796117,2.3058035549,-3.499761e-05
48.9591735023,2.3058035549,-3.499761e-05
48.9640673929,2.3058035549,-3.499761e-05
48.9689612835,2.3058035549,-3.499761e-05
48.9738551741,2.3058035549,-3.499761e-05
48.9787490647,2.3058035549,-3.499761e-05
48.7389484253,2.3106974455,-0.00010071685
48.7438423159,2.3106974455,-0.00010071685
48.7487362065,2.3106974455,-0.00010071685
48.7536300971,2.3106974455,-0.00010071685
48.7585239877,2.3106974455,-0.00010071685
48.7634178783,2.3106974455,-0.00010071685
48.7683117689,2.3106974455,-9.192619e-05
48.7732056595,2.3106974455,-9.5219926e-05
48.7780995501,2.3106974455,-8.371586e-05
48.7829934407,2.3106974455,-8.069075e-05
48.7878873313,2.3106974455,-7.221084e-05
48.7927812219,2.3106974455,-5.5956396e-05
48.7976751125,2.3106974455,-3.7002537e-05
48.8025690031,2.3106974455,-8.207584e-06
48.8074628937,2.3106974455,-3.063893e-05
48.8123567843,2.3106974455,-4.3490756e-05
48.8172506749,2.3106974455,0.00015205902
48.8221445655,2.3106974455,0.00020618034
48.8270384561,2.3106974455,0.00042063117
48.8319323467,2.3106974455,0.0005245918
48.8368262373,2.3106974455,0.0005928429
48.8417201279,2.3106974455,0.00066781533
48.8466140185,2.3106974455,0.0005576739
48.8515079091,2.3106974455,0.0005281661
48.8564017997,2.3106974455,0.00057656807
48.8612956903,2.3106974455,0.00060271804
48.8661895809,2.3106974455,0.000774239
48.8710834715,2.3106974455,0.0011025947
48.8759773621,2.3106974455,0.0012051258
48.8808712527,2.3106974455,0.00095720566
48.8857651433,2.3106974455,0.00060927804
48.8906590339,2.3106974455,0.00032381655
48.8955529245,2.3106974455,0.00021273343
48.9004468151,2.3106974455,0.0003335057
48.9053407057,2.3106974455,0.00019918942
48.9102345963,2.3106974455,9.240981e-05
48.9151284869,2.3106974455,1.5194705e-05
48.9200223775,2.3106974455,-1.5481435e-05
48.9249162681,2.3106974455,-2.565491e-05
48.9298101587,2.3106974455,-3.5060126e-05
48.9347040493,2.3106974455,-4.393346e-05
48.9395979399,2.3106974455,-4.7180234e-05
48.9444918305,2.3106974455,-5.0098395e-05
48.9493857211,2.3106974455,-4.1854706e-05
48.9542796117,2.3106974455,-4.1490137e-05
48.9591735023,2.3106974455,-4.1490137e-05
48.9640673929,2.3106974455,-4.1490137e-05
48.9689612835,2.3106974455,-4.1490137e-05
48.9738551741,2.3106974455,-4.1490137e-05
48.9787490647,2.3106974455,-4.1490137e-05
48.7389484253,2.3155913361,-9.734306e-05
48.7438423159,2.3155913361,-9.734306e-05
48.7487362065,2.3155913361,-9.734306e-05
48.7536300971,2.3155913361,-9.734306e-05
48.7585239877,2.3155913361,-9.734306e-05
48.7634178783,2.3155913361,-9.734306e-05
48.7683117689,2.3155913361,-8.8552406e-05
48.7732056595,2.3155913361,-9.184613e-05
48.7780995501,2.3155913361,-8.0342084e-05
48.7829934407,2.3155913361,-7.731696e-05
48.7878873313,2.3155913361,-6.8837064e-05
48.7927812219,2.3155913361,-5.2582596e-05
48.7976751125,2.3155913361,-3.362874e-05
48.8025690031,2.3155913361,1.2692443e-05
48.8074628937,2.3155913361,1.445512e-05
48.8123567843,2.3155913361,-4.055192e-06
48.8172506749,2.3155913361,0.00031488304
48.8221445655,2.3155913361,0.00030270693
48.8270384561,2.3155913361,0.00039638972
48.8319323467,2.3155913361,0.00056678214
48.8368262373,2.3155913361,0.0008171811
48.8417201279,2.3155913361,0.00089215365
48.8466140185,2.3155913361,0.00075150543
48.8515079091,2.3155913361,0.0007219978
48.8564017997,2.3155913361,0.00073479937
48.8612956903,2.3155913361,0.00076094945
48.8661895809,2.3155913361,0.0009792025
48.8710834715,2.3155913361,0.0013075582
48.8759773621,2.3155913361,0.0014403842
48.8808712527,2.3155913361,0.0011924638
48.8857651433,2.3155913361,0.00084376207
48.8906590339,2.3155913361,0.00037672985
48.8955529245,2.3155913361,0.00026564667
48.9004468151,2.3155913361,0.00038641883
48.9053407057,2.3155913361,0.00021578412
48.9102345963,2.3155913361,9.212698e-05
48.9151284869,2.3155913361,1.4911865e-05
48.9200223775,2.3155913361,-1.5764273e-05
48.9249162681,2.3155913361,-2.5937745e-05
48.9298101587,2.3155913361,-3.5342982e-05
48.9347040493,2.3155913361,-4.4216304e-05
48.9395979399,2.3155913361,-4.7463076e-05
48.9444918305,2.3155913361,-5.0381237e-05
48.9493857211,2.3155913361,-4.2137555e-05
48.9542796117,2.3155913361,-4.1772986e-05
48.9591735023,2.3155913361,-4.1772986e-05
48.9640673929,2.3155913361,-4.1772986e-05
48.9689612835,2.3155913361,-4.1772986e-05
48.9738551741,2.3155913361,-4.1772986e-05
48.9787490647,2.3155913361,-4.1772986e-05
48.7389484253,2.3204852267,-0.00013416221
48.7438423159,2.3204852267,-0.00013416221
48.7487362065,2.3204852267,-0.00013416221
48.7536300971,2.3204852267,-0.00013416221
48.7585239877,2.3204852267,-0.00013416221
48.7634178783,2.3204852267,-0.00013416221
48.7683117689,2.3204852267,-0.00012537153
48.7732056595,2.3204852267,-0.00012866528
48.7780995501,2.3204852267,-0.000117161246
48.7829934407,2.3204852267,-0.00011413612
48.7878873313,2.3204852267,-0.000105656225
48.7927812219,2.3204852267,-8.940175e-05
48.7976751125,2.3204852267,-7.044789e-05
48.8025690031,2.3204852267,-7.4572745e-06
48.8074628937,2.3204852267,3.151884e-05
48.8123567843,2.3204852267,3.0177443e-05
48.8172506749,2.3204852267,0.00032964948
48.8221445655,2.3204852267,0.00056940515
48.8270384561,2.3204852267,0.0007664035
48.8319323467,2.3204852267,0.0012763777
48.8368262373,2.3204852267,0.0015297391
48.8417201279,2.3204852267,0.0017628119
48.8466140185,2.3204852267,0.001622164
48.8515079091,2.3204852267,0.0016279118
48.8564017997,2.3204852267,0.0016543596
48.8612956903,2.3204852267,0.0016985473
48.8661895809,2.3204852267,0.0020546564
48.8710834715,2.3204852267,0.0028778643
48.8759773621,2.3204852267,0.0034264377
48.8808712527,2.3204852267,0.0023791634
48.8857651433,2.3204852267,0.0014601821
48.8906590339,2.3204852267,0.0007217194
48.8955529245,2.3204852267,0.00035925783
48.9004468151,2.3204852267,0.0003660719
48.9053407057,2.3204852267,0.00019543715
48.9102345963,2.3204852267,7.178001e-05
48.9151284869,2.3204852267,-5.4351012e-06
48.9200223775,2.3204852267,-3.6111236e-05
48.9249162681,2.3204852267,-4.628473e-05
48.9298101587,2.3204852267,-5.5689954e-05
48.9347040493,2.3204852267,-6.456327e-05
48.9395979399,2.3204852267,-6.7810055e-05
48.9444918305,2.3204852267,-7.072821e-05
48.9493857211,2.3204852267,-6.248451e-05
48.9542796117,2.3204852267,-6.211994e-05
48.9591735023,2.3204852267,-6.211994e-05
48.9640673929,2.3204852267,-6.211994e-05
48.9689612835,2.3204852267,-6.211994e-05
48.9738551741,2.3204852267,-6.211994e-05
48.9787490647,2.3204852267,-6.211994e-05
48.7389484253,2.3253791173,-0.0001309949
48.7438423159,2.3253791173,-0.0001309949
48.7487362065,2.3253791173,-0.0001309949
48.7536300971,2.3253791173,-0.0001309949
48.7585239877,2.3253791173,-0.0001309949
48.7634178783,2.3253791173,-0.0001309949
48.7683117689,2.3253791173,-0.00013211845
48.7732056595,2.3253791173,-0.00013485683
48.7780995501,2.3253791173,-0.00012335277
48.7829934407,2.3253791173,-0.00012032766
48.7878873313,2.3253791173,-0.00011184777
48.7927812219,2.3253791173,-9.559331e-05
48.7976751125,2.3253791173,-7.663944e-05
48.8025690031,2.3253791173,-1.3648843e-05
48.8074628937,2.3253791173,2.532728e-05
48.8123567843,2.3253791173,4.7228295e-05
48.8172506749,2.3253791173,0.00035029126
48.8221445655,2.3253791173,0.0005645049
48.8270384561,2.3253791173,0.00076612376
48.8319323467,2.3253791173,0.0013592031
48.8368262373,2.3253791173,0.0016125651
48.8417201279,2.3253791173,0.0018456406
48.8466140185,2.3253791173,0.0017049919
48.8515079091,2.3253791173,0.0018451541
48.8564017997,2.3253791173,0.0018875087
48.8612956903,2.3253791173,0.001954697
48.8661895809,2.3253791173,0.0023108032
48.8710834715,2.3253791173,0.0031799239
48.8759773621,2.3253791173,0.0037284973
48.8808712527,2.3253791173,0.0026812227
48.8857651433,2.3253791173,0.0013739972
48.8906590339,2.3253791173,0.00067876244
48.8955529245,2.3253791173,0.00038223632
48.9004468151,2.3253791173,0.00040999724
48.9053407057,2.3253791173,0.00026288253
48.9102345963,2.3253791173,0.00013922525
48.9151284869,2.3253791173,1.7844516e-06
48.9200223775,2.3253791173,-2.8891689e-05
48.9249162681,2.3253791173,-3.906517e-05
48.9298101587,2.3253791173,-4.8470385e-05
48.9347040493,2.3253791173,-5.7343706e-05
48.9395979399,2.3253791173,-6.059047e-05
48.9444918305,2.3253791173,-6.350864e-05
48.9493857211,2.3253791173,-6.540951e-05
48.9542796117,2.3253791173,-6.5802575e-05
48.9591735023,2.3253791173,-6.5802575e-05
48.9640673929,2.3253791173,-6.5802575e-05
48.9689612835,2.3253791173,-6.5802575e-05
48.9738551741,2.3253791173,-6.5802575e-05
48.9787490647,2.3253791173,-6.5802575e-05
48.7389484253,2.3302730079,-9.976347e-05
48.7438423159,2.3302730079,-9.976347e-05
48.7487362065,2.3302730079,-9.976347e-05
48.7536300971,2.3302730079,-9.976347e-05
48.7585239877,2.3302730079,-9.976347e-05
48.7634178783,2.3302730079,-9.976347e-05
48.7683117689,2.3302730079,-0.00010088701
48.7732056595,2.3302730079,-0.0001036254
48.7780995501,2.3302730079,-9.212134e-05
48.7829934407,2.3302730079,-8.909622e-05
48.7878873313,2.3302730079,-8.061632e-05
48.7927812219,2.3302730079,-6.436186e-05
48.7976751125,2.3302730079,-3.816172e-05
48.8025690031,2.3302730079,2.4828883e-05
48.8074628937,2.3302730079,9.4120776e-05
48.8123567843,2.3302730079,0.00013631965
48.8172506749,2.3302730079,0.00039818176
48.8221445655,2.3302730079,0.00056998135
48.8270384561,2.3302730079,0.0006689329
48.8319323467,2.3302730079,0.0012234993
48.8368262373,2.3302730079,0.0014768613
48.8417201279,2.3302730079,0.0015659875
48.8466140185,2.3302730079,0.0014253396
48.8515079091,2.3302730079,0.0016769507
48.8564017997,2.3302730079,0.0017111762
48.8612956903,2.3302730079,0.0017783648
48.8661895809,2.3302730079,0.0021344707
48.8710834715,2.3302730079,0.0030035914
48.8759773621,2.3302730079,0.0035426107
48.8808712527,2.3302730079,0.002464366
48.8857651433,2.3302730079,0.0011784802
48.8906590339,2.3302730079,0.00047809875
48.8955529245,2.3302730079,0.00038672326
48.9004468151,2.3302730079,0.0004316275
48.9053407057,2.3302730079,0.00031769107
48.9102345963,2.3302730079,0.00016074454
48.9151284869,2.3302730079,2.330371e-05
48.9200223775,2.3302730079,-7.3724377e-06
48.9249162681,2.3302730079,-1.7545914e-05
48.9298101587,2.3302730079,-2.6951126e-05
48.9347040493,2.3302730079,-3.582445e-05
48.9395979399,2.3302730079,-4.250493e-05
48.9444918305,2.3302730079,-4.542309e-05
48.9493857211,2.3302730079,-4.7323963e-05
48.9542796117,2.3302730079,-4.771704e-05
48.9591735023,2.3302730079,-4.771704e-05
48.9640673929,2.3302730079,-4.771704e-05
48.9689612835,2.3302730079,-4.771704e-05
48.9738551741,2.3302730079,-4.771704e-05
48.9787490647,2.3302730079,-4.771704e-05
48.7389484253,2.3351668985000003,-6.833341e-05
48.7438423159,2.3351668985000003,-6.833341e-05
48.7487362065,2.3351668985000003,-6.833341e-05
48.7536300971,2.3351668985000003,-6.833341e-05
48.7585239877,2.3351668985000003,-6.833341e-05
48.7634178783,2.3351668985000003,-6.833341e-05
48.7683117689,2.3351668985000003,-6.945697e-05
48.7732056595,2.3351668985000003,-7.2195355e-05
48.7780995501,2.3351668985000003,-6.069128e-05
48.7829934407,2.3351668985000003,-5.7666166e-05
48.7878873313,2.3351668985000003,-4.918628e-05
48.7927812219,2.3351668985000003,-3.2931825e-05
48.7976751125,2.3351668985000003,-4.873091e-06
48.8025690031,2.3351668985000003,5.8117534e-05
48.8074628937,2.3351668985000003,0.0001554231
48.8123567843,2.3351668985000003,0.00026295386
48.8172506749,2.3351668985000003,0.00044993247
48.8221445655,2.3351668985000003,0.00060387014
48.8270384561,2.3351668985000003,0.0007028219
48.8319323467,2.3351668985000003,0.0012256993
48.8368262373,2.3351668985000003,0.0014110637
48.8417201279,2.3351668985000003,0.0014181181
48.8466140185,2.3351668985000003,0.0013413411
48.8515079091,2.3351668985000003,0.0017315862
48.8564017997,2.3351668985000003,0.0017658116
48.8612956903,2.3351668985000003,0.001786521
48.8661895809,2.3351668985000003,0.0021426273
48.8710834715,2.3351668985000003,0.0028178643
48.8759773621,2.3351668985000003,0.0029175535
48.8808712527,2.3351668985000003,0.002249036
48.8857651433,2.3351668985000003,0.0009542377
48.8906590339,2.3351668985000003,0.0003345305
48.8955529245,2.3351668985000003,0.00032576275
48.9004468151,2.3351668985000003,0.00045542195
48.9053407057,2.3351668985000003,0.0003507529
48.9102345963,2.3351668985000003,0.00020271813
48.9151284869,2.3351668985000003,6.527734e-05
48.9200223775,2.3351668985000003,3.4601217e-05
48.9249162681,2.3351668985000003,2.4427733e-05
48.9298101587,2.3351668985000003,5.755106e-06
48.9347040493,2.3351668985000003,-3.1182112e-06
48.9395979399,2.3351668985000003,-9.798693e-06
48.9444918305,2.3351668985000003,-1.2716853e-05
48.9493857211,2.3351668985000003,-1.4617726e-05
48.9542796117,2.3351668985000003,-1.5010795e-05
48.9591735023,2.3351668985000003,-1.5010795e-05
48.9640673929,2.3351668985000003,-1.5010795e-05
48.9689612835,2.3351668985000003,-1.5010795e-05
48.9738551741,2.3351668985000003,-1.5010795e-05
48.9787490647,2.3351668985000003,-1.5010795e-05
48.7389484253,2.3400607891000003,-8.0953054e-05
48.7438423159,2.3400607891000003,-8.0953054e-05
48.7487362065,2.3400607891000003,-8.0953054e-05
48.7536300971,2.3400607891000003,-8.0953054e-05
48.7585239877,2.3400607891000003,-8.0953054e-05
48.7634178783,2.3400607891000003,-8.0953054e-05
48.7683117689,2.3400607891000003,-8.207661e-05
48.7732056595,2.3400607891000003,-8.481499e-05
48.7780995501,2.3400607891000003,-7.331092e-05
48.7829934407,2.3400607891000003,-7.02858e-05
48.7878873313,2.3400607891000003,-6.180589e-05
48.7927812219,2.3400607891000003,-4.5551453e-05
48.7976751125,2.3400607891000003,-1.6098968e-05
48.8025690031,2.3400607891000003,4.7960817e-05
48.8074628937,2.3400607891000003,0.00017024382
48.8123567843,2.3400607891000003,0.0002982087
48.8172506749,2.3400607891000003,0.0005248488
48.8221445655,2.3400607891000003,0.0007175134
48.8270384561,2.3400607891000003,0.0008346416
48.8319323467,2.3400607891000003,0.0013575193
48.8368262373,2.3400607891000003,0.0014499023
48.8417201279,2.3400607891000003,0.0014643335
48.8466140185,2.3400607891000003,0.0013875564
48.8515079091,2.3400607891000003,0.001985316
48.8564017997,2.3400607891000003,0.002025083
48.8612956903,2.3400607891000003,0.0020457928
48.8661895809,2.3400607891000003,0.0023691892
48.8710834715,2.3400607891000003,0.002916091
48.8759773621,2.3400607891000003,0.0030052308
48.8808712527,2.3400607891000003,0.002416443
48.8857651433,2.3400607891000003,0.0011607194
48.8906590339,2.3400607891000003,0.00048992806
48.8955529245,2.3400607891000003,0.00043795654
48.9004468151,2.3400607891000003,0.00046981717
48.9053407057,2.3400607891000003,0.00039518345
48.9102345963,2.3400607891000003,0.00022922341
48.9151284869,2.3400607891000003,9.0599024e-05
48.9200223775,2.3400607891000003,5.99229e-05
48.9249162681,2.3400607891000003,3.078291e-05
48.9298101587,2.3400607891000003,1.2110273e-05
48.9347040493,2.3400607891000003,3.2369614e-06
48.9395979399,2.3400607891000003,-3.4435316e-06
48.9444918305,2.3400607891000003,-6.3616953e-06
48.9493857211,2.3400607891000003,-8.262568e-06
48.9542796117,2.3400607891000003,-8.655637e-06
48.9591735023,2.3400607891000003,-8.655637e-06
48.9640673929,2.3400607891000003,-8.655637e-06
48.9689612835,2.3400607891000003,-8.655637e-06
48.9738551741,2.3400607891000003,-8.655637e-06
48.9787490647,2.3400607891000003,-8.655637e-06
48.7389484253,2.3449546797000003,-7.486248e-05
48.7438423159,2.3449546797000003,-7.486248e-05
48.7487362065,2.3449546797000003,-7.486248e-05
48.7536300971,2.3449546797000003,-7.486248e-05
48.7585239877,2.3449546797000003,-7.486248e-05
48.7634178783,2.3449546797000003,-7.486248e-05
48.7683117689,2.3449546797000003,-7.598603e-05
48.7732056595,2.3449546797000003,-7.8724406e-05
48.7780995501,2.3449546797000003,-6.722034e-05
48.7829934407,2.3449546797000003,-6.419522e-05
48.7878873313,2.3449546797000003,-5.5715333e-05
48.7927812219,2.3449546797000003,-3.9460876e-05
48.7976751125,2.3449546797000003,-1.0008386e-05
48.8025690031,2.3449546797000003,5.4051412e-05
48.8074628937,2.3449546797000003,0.00017633439
48.8123567843,2.3449546797000003,0.0003339794
48.8172506749,2.3449546797000003,0.0005479525
48.8221445655,2.3449546797000003,0.00075314194
48.8270384561,2.3449546797000003,0.0009526401
48.8319323467,2.3449546797000003,0.0014593279
48.8368262373,2.3449546797000003,0.0015517112
48.8417201279,2.3449546797000003,0.0015806068
48.8466140185,2.3449546797000003,0.0016185201
48.8515079091,2.3449546797000003,0.00228419
48.8564017997,2.3449546797000003,0.0022636193
48.8612956903,2.3449546797000003,0.0022843292
48.8661895809,2.3449546797000003,0.0026077256
48.8710834715,2.3449546797000003,0.002999699
48.8759773621,2.3449546797000003,0.003127698
48.8808712527,2.3449546797000003,0.0025389108
48.8857651433,2.3449546797000003,0.0013460575
48.8906590339,2.3449546797000003,0.0006691196
48.8955529245,2.3449546797000003,0.0006772091
48.9004468151,2.3449546797000003,0.000706773
48.9053407057,2.3449546797000003,0.00043996467
48.9102345963,2.3449546797000003,0.0002441153
48.9151284869,2.3449546797000003,9.674223e-05
48.9200223775,2.3449546797000003,6.4046064e-05
48.9249162681,2.3449546797000003,2.9280702e-05
48.9298101587,2.3449546797000003,6.2532126e-06
48.9347040493,2.3449546797000003,-6.712926e-06
48.9395979399,2.3449546797000003,-1.3393419e-05
48.9444918305,2.3449546797000003,-1.7874423e-05
48.9493857211,2.3449546797000003,-1.9775292e-05
48.9542796117,2.3449546797000003,-2.0168362e-05
48.9591735023,2.3449546797000003,-2.0168362e-05
48.9640673929,2.3449546797000003,-2.0168362e-05
48.9689612835,2.3449546797000003,-2.0168362e-05
48.9738551741,2.3449546797000003,-2.0168362e-05
48.9787490647,2.3449546797000003,-2.0168362e-05
48.7389484253,2.3498485703,-7.318307e-05
48.7438423159,2.3498485703,-7.318307e-05
48.7487362065,2.3498485703,-7.318307e-05
48.7536300971,2.3498485703,-7.318307e-05
48.7585239877,2.3498485703,-7.318307e-05
48.7634178783,2.3498485703,-7.318307e-05
48.7683117689,2.3498485703,-7.4306605e-05
48.7732056595,2.3498485703,-7.7045e-05
48.7780995501,2.3498485703,-6.554093e-05
48.7829934407,2.3498485703,-6.2515806e-05
48.7878873313,2.3498485703,-5.403592e-05
48.7927812219,2.3498485703,-3.7781465e-05
48.7976751125,2.3498485703,-8.328986e-06
48.8025690031,2.3498485703,5.5730812e-05
48.8074628937,2.3498485703,0.00017801378
48.8123567843,2.3498485703,0.00033565878
48.8172506749,2.3498485703,0.0005291343
48.8221445655,2.3498485703,0.00073432375
48.8270384561,2.3498485703,0.0009241829
48.8319323467,2.3498485703,0.001478828
48.8368262373,2.3498485703,0.0015712108
48.8417201279,2.3498485703,0.0016957109
48.8466140185,2.3498485703,0.0017336245
48.8515079091,2.3498485703,0.0030230074
48.8564017997,2.3498485703,0.0030024368
48.8612956903,2.3498485703,0.0032099232
48.8661895809,2.3498485703,0.0035333196
48.8710834715,2.3498485703,0.003925293
48.8759773621,2.3498485703,0.0039819437
48.8808712527,2.3498485703,0.0033648713
48.8857651433,2.3498485703,0.00258629
48.8906590339,2.3498485703,0.0016711658
48.8955529245,2.3498485703,0.0010684337
48.9004468151,2.3498485703,0.0010012585
48.9053407057,2.3498485703,0.00041413092
48.9102345963,2.3498485703,0.000260766
48.9151284869,2.3498485703,0.00010739389
48.9200223775,2.3498485703,5.9543145e-05
48.9249162681,2.3498485703,2.4777759e-05
48.9298101587,2.3498485703,1.7502664e-06
48.9347040493,2.3498485703,-1.12158905e-05
48.9395979399,2.3498485703,-2.0745914e-05
48.9444918305,2.3498485703,-2.8412507e-05
48.9493857211,2.3498485703,-3.031338e-05
48.9542796117,2.3498485703,-3.070646e-05
48.9591735023,2.3498485703,-3.070646e-05
48.9640673929,2.3498485703,-3.070646e-05
48.9689612835,2.3498485703,-3.070646e-05
48.9738551741,2.3498485703,-3.070646e-05
48.9787490647,2.3498485703,-3.070646e-05
48.7389484253,2.3547424609,-3.5892364e-05
48.7438423159,2.3547424609,-3.5892364e-05
48.7487362065,2.3547424609,-3.5892364e-05
48.7536300971,2.3547424609,-3.5892364e-05
48.7585239877,2.3547424609,-3.5892364e-05
48.7634178783,2.3547424609,-3.5892364e-05
48.7683117689,2.3547424609,-3.7015907e-05
48.7732056595,2.3547424609,-3.9754297e-05
48.7780995501,2.3547424609,-2.8250242e-05
48.7829934407,2.3547424609,-2.5225117e-05
48.7878873313,2.3547424609,-1.6745225e-05
48.7927812219,2.3547424609,-4.9076993e-07
48.7976751125,2.3547424609,2.8961711e-05
48.8025690031,2.3547424609,9.3842966e-05
48.8074628937,2.3547424609,0.00018879365
48.8123567843,2.3547424609,0.00032238095
48.8172506749,2.3547424609,0.0007147094
48.8221445655,2.3547424609,0.0009993112
48.8270384561,2.3547424609,0.0013155959
48.8319323467,2.3547424609,0.0018321581
48.8368262373,2.3547424609,0.0020084248
48.8417201279,2.3547424609,0.0022157452
48.8466140185,2.3547424609,0.0022536586
48.8515079091,2.3547424609,0.0035384414
48.8564017997,2.3547424609,0.0035178708
48.8612956903,2.3547424609,0.003686
48.8661895809,2.3547424609,0.0040672827
48.8710834715,2.3547424609,0.0046429355
48.8759773621,2.3547424609,0.0052852253
48.8808712527,2.3547424609,0.004592501
48.8857651433,2.3547424609,0.0034989493
48.8906590339,2.3547424609,0.0024853228
48.8955529245,2.3547424609,0.0017807123
48.9004468151,2.3547424609,0.0014936614
48.9053407057,2.3547424609,0.00070060155
48.9102345963,2.3547424609,0.00042644652
48.9151284869,2.3547424609,0.0002730743
48.9200223775,2.3547424609,0.00022522357
48.9249162681,2.3547424609,0.00018696963
48.9298101587,2.3547424609,0.00016394215
48.9347040493,2.3547424609,0.00015097602
48.9395979399,2.3547424609,0.00014144595
48.9444918305,2.3547424609,0.00012175257
48.9493857211,2.3547424609,9.4261806e-05
48.9542796117,2.3547424609,9.386873e-05
48.9591735023,2.3547424609,9.386873e-05
48.9640673929,2.3547424609,9.386873e-05
48.9689612835,2.3547424609,9.386873e-05
48.9738551741,2.3547424609,9.386873e-05
48.9787490647,2.3547424609,9.386873e-05
48.7389484253,2.3596363515,-8.5832025e-06
48.7438423159,2.3596363515,-8.5832025e-06
48.7487362065,2.3596363515,-8.5832025e-06
48.7536300971,2.3596363515,-8.5832025e-06
48.7585239877,2.3596363515,-8.5832025e-06
48.7634178783,2.3596363515,-8.5832025e-06
48.7683117689,2.3596363515,-9.706749e-06
48.7732056595,2.3596363515,-1.24451335e-05
48.7780995501,2.3596363515,-9.4106804e-07
48.7829934407,2.3596363515,2.0840496e-06
48.7878873313,2.3596363515,1.056394e-05
48.7927812219,2.3596363515,2.6818389e-05
48.7976751125,2.3596363515,5.62709e-05
48.8025690031,2.3596363515,0.00012115212
48.8074628937,2.3596363515,0.00021610282
48.8123567843,2.3596363515,0.00036791616
48.8172506749,2.3596363515,0.00080827036
48.8221445655,2.3596363515,0.0011479768
48.8270384561,2.3596363515,0.0015514874
48.8319323467,2.3596363515,0.00206805
48.8368262373,2.3596363515,0.002288452
48.8417201279,2.3596363515,0.0025596747
48.8466140185,2.3596363515,0.002597588
48.8515079091,2.3596363515,0.0038529383
48.8564017997,2.3596363515,0.0037290326
48.8612956903,2.3596363515,0.0038939475
48.8661895809,2.3596363515,0.004275231
48.8710834715,2.3596363515,0.0048780343
48.8759773621,2.3596363515,0.005520324
48.8808712527,2.3596363515,0.0048275995
48.8857651433,2.3596363515,0.0037036778
48.8906590339,2.3596363515,0.002690051
48.8955529245,2.3596363515,0.0019486207
48.9004468151,2.3596363515,0.0016174347
48.9053407057,2.3596363515,0.0007538783
48.9102345963,2.3596363515,0.0004695684
48.9151284869,2.3596363515,0.00031619624
48.9200223775,2.3596363515,0.00026834552
48.9249162681,2.3596363515,0.0002366855
48.9298101587,2.3596363515,0.000213658
48.9347040493,2.3596363515,0.0002006919
48.9395979399,2.3596363515,0.00019116187
48.9444918305,2.3596363515,0.0001714685
48.9493857211,2.3596363515,0.00014397771
48.9542796117,2.3596363515,0.00014358465
48.9591735023,2.3596363515,0.00014358465
48.9640673929,2.3596363515,0.00014358465
48.9689612835,2.3596363515,0.00014358465
48.9738551741,2.3596363515,0.00014358465
48.9787490647,2.3596363515,0.00014358465
48.7389484253,2.3645302421,-1.9700852e-05
48.7438423159,2.3645302421,-1.9700852e-05
48.7487362065,2.3645302421,-1.9700852e-05
48.7536300971,2.3645302421,-1.9700852e-05
48.7585239877,2.3645302421,-1.9700852e-05
48.7634178783,2.3645302421,-1.9700852e-05
48.7683117689,2.3645302421,-1.02116255e-05
48.7732056595,2.3645302421,-1.2950013e-05
48.7780995501,2.3645302421,-1.4459388e-06
48.7829934407,2.3645302421,1.579177e-06
48.7878873313,2.3645302421,1.0059055e-05
48.7927812219,2.3645302421,2.6313512e-05
48.7976751125,2.3645302421,5.5766024e-05
48.8025690031,2.3645302421,0.000120647244
48.8074628937,2.3645302421,0.00021559792
48.8123567843,2.3645302421,0.0003674113
48.8172506749,2.3645302421,0.0008077656
48.8221445655,2.3645302421,0.0011846855
48.8270384561,2.3645302421,0.001595288
48.8319323467,2.3645302421,0.0021302467
48.8368262373,2.3645302421,0.0032574753
48.8417201279,2.3645302421,0.0044814507
48.8466140185,2.3645302421,0.0045193643
48.8515079091,2.3645302421,0.0038550168
48.8564017997,2.3645302421,0.0036838944
48.8612956903,2.3645302421,0.0036472846
48.8661895809,2.3645302421,0.003983955
48.8710834715,2.3645302421,0.0042035603
48.8759773621,2.3645302421,0.00484585
48.8808712527,2.3645302421,0.0044826986
48.8857651433,2.3645302421,0.0034227532
48.8906590339,2.3645302421,0.0025469256
48.8955529245,2.3645302421,0.0018054941
48.9004468151,2.3645302421,0.0014743083
48.9053407057,2.3645302421,0.00065754884
48.9102345963,2.3645302421,0.0003940327
48.9151284869,2.3645302421,0.00024066064
48.9200223775,2.3645302421,0.0001928099
48.9249162681,2.3645302421,0.0001611499
48.9298101587,2.3645302421,0.0001427655
48.9347040493,2.3645302421,0.00012979931
48.9395979399,2.3645302421,0.00012026927
48.9444918305,2.3645302421,0.000100575846
48.9493857211,2.3645302421,8.243588e-05
48.9542796117,2.3645302421,8.20428e-05
48.9591735023,2.3645302421,8.20428e-05
48.9640673929,2.3645302421,8.20428e-05
48.9689612835,2.3645302421,8.20428e-05
48.9738551741,2.3645302421,8.20428e-05
48.9787490647,2.3645302421,8.20428e-05
48.7389484253,2.3694241327,-4.5622866e-05
48.7438423159,2.3694241327,-4.5622866e-05
48.7487362065,2.3694241327,-4.5622866e-05
48.7536300971,2.3694241327,-4.5622866e-05
48.7585239877,2.3694241327,-4.5622866e-05
48.7634178783,2.3694241327,-4.5622866e-05
48.7683117689,2.3694241327,-3.6133642e-05
48.7732056595,2.3694241327,-3.8872022e-05
48.7780995501,2.3694241327,-2.7367965e-05
48.7829934407,2.3694241327,-2.4342837e-05
48.7878873313,2.3694241327,-1.5862935e-05
48.7927812219,2.3694241327,3.9150154e-07
48.7976751125,2.3694241327,2.9843992e-05
48.8025690031,2.3694241327,9.472522e-05
48.8074628937,2.3694241327,0.0003256494
48.8123567843,2.3694241327,0.0005410184
48.8172506749,2.3694241327,0.0010176138
48.8221445655,2.3694241327,0.0015097577
48.8270384561,2.3694241327,0.0020800754
48.8319323467,2.3694241327,0.0026865809
48.8368262373,2.3694241327,0.0047692196
48.8417201279,2.3694241327,0.0075807245
48.8466140185,2.3694241327,0.0068994383
48.8515079091,2.3694241327,0.0035199972
48.8564017997,2.3694241327,0.003110816
48.8612956903,2.3694241327,0.0029090121
48.8661895809,2.3694241327,0.0030743172
48.8710834715,2.3694241327,0.002985693
48.8759773621,2.3694241327,0.0032466247
48.8808712527,2.3694241327,0.003151509
48.8857651433,2.3694241327,0.0024783353
48.8906590339,2.3694241327,0.0019188811
48.8955529245,2.3694241327,0.0017248136
48.9004468151,2.3694241327,0.0014795007
48.9053407057,2.3694241327,0.000662741
48.9102345963,2.3694241327,0.00039275113
48.9151284869,2.3694241327,0.00023937911
48.9200223775,2.3694241327,0.0001915284
48.9249162681,2.3694241327,0.0001598684
48.9298101587,2.3694241327,0.00014148398
48.9347040493,2.3694241327,0.00012851777
48.9395979399,2.3694241327,0.000118987715
48.9444918305,2.3694241327,9.929429e-05
48.9493857211,2.3694241327,8.115432e-05
48.9542796117,2.3694241327,8.0761245e-05
48.9591735023,2.3694241327,8.0761245e-05
48.9640673929,2.3694241327,8.0761245e-05
48.9689612835,2.3694241327,8.0761245e-05
48.9738551741,2.3694241327,8.0761245e-05
48.9787490647,2.3694241327,8.0761245e-05
48.7389484253,2.3743180233,-3.9326856e-05
48.7438423159,2.3743180233,-3.9326856e-05
48.7487362065,2.3743180233,-3.9326856e-05
48.7536300971,2.3743180233,-3.9326856e-05
48.7585239877,2.3743180233,-3.9326856e-05
48.7634178783,2.3743180233,-3.9326856e-05
48.7683117689,2.3743180233,-2.9008177e-05
48.7732056595,2.3743180233,-3.1746556e-05
48.7780995501,2.3743180233,-2.0242493e-05
48.7829934407,2.3743180233,-1.7217368e-05
48.7878873313,2.3743180233,-8.737465e-06
48.7927812219,2.3743180233,7.5169646e-06
48.7976751125,2.3743180233,3.696946e-05
48.8025690031,2.3743180233,7.960753e-05
48.8074628937,2.3743180233,0.00026866957
48.8123567843,2.3743180233,0.00033293228
48.8172506749,2.3743180233,0.0009535107
48.8221445655,2.3743180233,0.0015920965
48.8270384561,2.3743180233,0.0021753274
48.8319323467,2.3743180233,0.0027783157
48.8368262373,2.3743180233,0.004860954
48.8417201279,2.3743180233,0.007949194
48.8466140185,2.3743180233,0.007205168
48.8515079091,2.3743180233,0.0038257258
48.8564017997,2.3743180233,0.0034165445
48.8612956903,2.3743180233,0.0032147407
48.8661895809,2.3743180233,0.0033800458
48.8710834715,2.3743180233,0.0032103413
48.8759773621,2.3743180233,0.0029405197
48.8808712527,2.3743180233,0.002845404
48.8857651433,2.3743180233,0.0024607917
48.8906590339,2.3743180233,0.0019013373
48.8955529245,2.3743180233,0.00170727
48.9004468151,2.3743180233,0.0014619571
48.9053407057,2.3743180233,0.0006451975
48.9102345963,2.3743180233,0.0003752075
48.9151284869,2.3743180233,0.00022183554
48.9200223775,2.3743180233,0.00017398482
48.9249162681,2.3743180233,0.00014232483
48.9298101587,2.3743180233,0.00012394032
48.9347040493,2.3743180233,0.00011097418
48.9395979399,2.3743180233,0.0001014441
48.9444918305,2.3743180233,8.1750746e-05
48.9493857211,2.3743180233,6.36108e-05
48.9542796117,2.3743180233,6.321773e-05
48.9591735023,2.3743180233,6.321773e-05
48.9640673929,2.3743180233,6.321773e-05
48.9689612835,2.3743180233,6.321773e-05
48.9738551741,2.3743180233,6.321773e-05
48.9787490647,2.3743180233,6.321773e-05
48.7389484253,2.3792119139,6.191119e-05
48.7438423159,2.3792119139,6.191119e-05
48.7487362065,2.3792119139,6.191119e-05
48.7536300971,2.3792119139,6.191119e-05
48.7585239877,2.3792119139,6.191119e-05
48.7634178783,2.3792119139,6.191119e-05
48.7683117689,2.3792119139,7.2229865e-05
48.7732056595,2.3792119139,9.316328e-05
48.7780995501,2.3792119139,0.00010466737
48.7829934407,2.3792119139,0.00010769243
48.7878873313,2.3792119139,0.00011470801
48.7927812219,2.3792119139,0.0001309625
48.7976751125,2.3792119139,0.00015570477
48.8025690031,2.3792119139,0.0001893705
48.8074628937,2.3792119139,0.00034692016
48.8123567843,2.3792119139,0.00038360356
48.8172506749,2.3792119139,0.0010508255
48.8221445655,2.3792119139,0.0016506641
48.8270384561,2.3792119139,0.0022380028
48.8319323467,2.3792119139,0.002887545
48.8368262373,2.3792119139,0.0049701845
48.8417201279,2.3792119139,0.007914209
48.8466140185,2.3792119139,0.0071701836
48.8515079091,2.3792119139,0.003687355
48.8564017997,2.3792119139,0.0030898869
48.8612956903,2.3792119139,0.002888083
48.8661895809,2.3792119139,0.0029200423
48.8710834715,2.3792119139,0.0027246773
48.8759773621,2.3792119139,0.0024548557
48.8808712527,2.3792119139,0.0023381314
48.8857651433,2.3792119139,0.0020073552
48.8906590339,2.3792119139,0.0015040712
48.8955529245,2.3792119139,0.0016020648
48.9004468151,2.3792119139,0.0014748021
48.9053407057,2.3792119139,0.0006583485
48.9102345963,2.3792119139,0.00038835855
48.9151284869,2.3792119139,0.00023498651
48.9200223775,2.3792119139,0.0001871358
48.9249162681,2.3792119139,0.00015547583
48.9298101587,2.3792119139,0.00013709137
48.9347040493,2.3792119139,0.00012412517
48.9395979399,2.3792119139,0.00011459512
48.9444918305,2.3792119139,9.646455e-05
48.9493857211,2.3792119139,7.83246e-05
48.9542796117,2.3792119139,7.793154e-05
48.9591735023,2.3792119139,7.793154e-05
48.9640673929,2.3792119139,7.793154e-05
48.9689612835,2.3792119139,7.793154e-05
48.9738551741,2.3792119139,7.793154e-05
48.9787490647,2.3792119139,7.793154e-05
48.7389484253,2.3841058045,7.394625e-05
48.7438423159,2.3841058045,7.394625e-05
48.7487362065,2.3841058045,7.394625e-05
48.7536300971,2.3841058045,7.394625e-05
48.7585239877,2.3841058045,7.394625e-05
48.7634178783,2.3841058045,7.394625e-05
48.7683117689,2.3841058045,8.4264924e-05
48.7732056595,2.3841058045,0.00010519833
48.7780995501,2.3841058045,0.000116702395
48.7829934407,2.3841058045,0.000119727534
48.7878873313,2.3841058045,0.00012674312
48.7927812219,2.3841058045,0.00014299758
48.7976751125,2.3841058045,0.00016773988
48.8025690031,2.3841058045,0.00020140562
48.8074628937,2.3841058045,0.0003589552
48.8123567843,2.3841058045,0.0003956386
48.8172506749,2.3841058045,0.0008970248
48.8221445655,2.3841058045,0.0014473813
48.8270384561,2.3841058045,0.0021976887
48.8319323467,2.3841058045,0.0028857444
48.8368262373,2.3841058045,0.0042176475
48.8417201279,2.3841058045,0.0052138777
48.8466140185,2.3841058045,0.004469856
48.8515079091,2.3841058045,0.0032220029
48.8564017997,2.3841058045,0.0024222415
48.8612956903,2.3841058045,0.002160555
48.8661895809,2.3841058045,0.002192514
48.8710834715,2.3841058045,0.0019840754
48.8759773621,2.3841058045,0.0017142534
48.8808712527,2.3841058045,0.0015760914
48.8857651433,2.3841058045,0.0011023895
48.8906590339,2.3841058045,0.00092152687
48.8955529245,2.3841058045,0.0011189982
48.9004468151,2.3841058045,0.0010751629
48.9053407057,2.3841058045,0.0006508139
48.9102345963,2.3841058045,0.00038082406
48.9151284869,2.3841058045,0.00022745204
48.9200223775,2.3841058045,0.00019250718
48.9249162681,2.3841058045,0.00016084718
48.9298101587,2.3841058045,0.00014246283
48.9347040493,2.3841058045,0.00012949662
48.9395979399,2.3841058045,0.00012281607
48.9444918305,2.3841058045,0.000107871114
48.9493857211,2.3841058045,8.973112e-05
48.9542796117,2.3841058045,8.933806e-05
48.9591735023,2.3841058045,8.933806e-05
48.9640673929,2.3841058045,8.933806e-05
48.9689612835,2.3841058045,8.933806e-05
48.9738551741,2.3841058045,8.933806e-05
48.9787490647,2.3841058045,8.933806e-05
48.7389484253,2.3889996951,0.00012013692
48.7438423159,2.3889996951,0.00012013692
48.7487362065,2.3889996951,0.00012013692
48.7536300971,2.3889996951,0.00012013692
48.7585239877,2.3889996951,0.00012013692
48.7634178783,2.3889996951,0.00012013692
48.7683117689,2.3889996951,0.00013045564
48.7732056595,2.3889996951,0.00015138906
48.7780995501,2.3889996951,0.0001628931
48.7829934407,2.3889996951,0.00016591825
48.7878873313,2.3889996951,0.00017031406
48.7927812219,2.3889996951,0.00018656852
48.7976751125,2.3889996951,0.00021131097
48.8025690031,2.3889996951,0.0002449766
48.8074628937,2.3889996951,0.0004025262
48.8123567843,2.3889996951,0.00042944602
48.8172506749,2.3889996951,0.0007545704
48.8221445655,2.3889996951,0.0012234017
48.8270384561,2.3889996951,0.0020742894
48.8319323467,2.3889996951,0.0027467252
48.8368262373,2.3889996951,0.0035696938
48.8417201279,2.3889996951,0.003854612
48.8466140185,2.3889996951,0.003817758
48.8515079091,2.3889996951,0.0028620115
48.8564017997,2.3889996951,0.0021348326
48.8612956903,2.3889996951,0.0018447882
48.8661895809,2.3889996951,0.001926543
48.8710834715,2.3889996951,0.0018084756
48.8759773621,2.3889996951,0.0015386544
48.8808712527,2.3889996951,0.0013101202
48.8857651433,2.3889996951,0.00089604367
48.8906590339,2.3889996951,0.00088937546
48.8955529245,2.3889996951,0.0010868468
48.9004468151,2.3889996951,0.0010900599
48.9053407057,2.3889996951,0.00071117387
48.9102345963,2.3889996951,0.00042039028
48.9151284869,2.3889996951,0.0002670181
48.9200223775,2.3889996951,0.00023207336
48.9249162681,2.3889996951,0.00020041334
48.9298101587,2.3889996951,0.00018202895
48.9347040493,2.3889996951,0.00017315563
48.9395979399,2.3889996951,0.00016923403
48.9444918305,2.3889996951,0.00015428916
48.9493857211,2.3889996951,0.00013614913
48.9542796117,2.3889996951,0.00013575607
48.9591735023,2.3889996951,0.00013575607
48.9640673929,2.3889996951,0.00013575607
48.9689612835,2.3889996951,0.00013575607
48.9738551741,2.3889996951,0.00013575607
48.9787490647,2.3889996951,0.00013575607
48.7389484253,2.3938935857,0.0001237442
48.7438423159,2.3938935857,0.0001237442
48.7487362065,2.3938935857,0.0001237442
48.7536300971,2.3938935857,0.0001237442
48.7585239877,2.3938935857,0.0001237442
48.7634178783,2.3938935857,0.0001237442
48.7683117689,2.3938935857,0.0001340629
48.7732056595,2.3938935857,0.00015499632
48.7780995501,2.3938935857,0.00016650037
48.7829934407,2.3938935857,0.0001695255
48.7878873313,2.3938935857,0.00017392132
48.7927812219,2.3938935857,0.00018704901
48.7976751125,2.3938935857,0.0002117914
48.8025690031,2.3938935857,0.0002454571
48.8074628937,2.3938935857,0.00039477414
48.8123567843,2.3938935857,0.0003931424
48.8172506749,2.3938935857,0.0005737884
48.8221445655,2.3938935857,0.0010711715
48.8270384561,2.3938935857,0.0017782247
48.8319323467,2.3938935857,0.0023928327
48.8368262373,2.3938935857,0.002855687
48.8417201279,2.3938935857,0.0031406053
48.8466140185,2.3938935857,0.0031037515
48.8515079091,2.3938935857,0.0025816387
48.8564017997,2.3938935857,0.0019239697
48.8612956903,2.3938935857,0.0016829978
48.8661895809,2.3938935857,0.0017647522
48.8710834715,2.3938935857,0.0016341947
48.8759773621,2.3938935857,0.0013643733
48.8808712527,2.3938935857,0.0011844914
48.8857651433,2.3938935857,0.0007637283
48.8906590339,2.3938935857,0.0008248432
48.8955529245,2.3938935857,0.0010223149
48.9004468151,2.3938935857,0.0010081823
48.9053407057,2.3938935857,0.0007051361
48.9102345963,2.3938935857,0.00038559193
48.9151284869,2.3938935857,0.00027730849
48.9200223775,2.3938935857,0.00024236379
48.9249162681,2.3938935857,0.00021070377
48.9298101587,2.3938935857,0.00019685026
48.9347040493,2.3938935857,0.00018797694
48.9395979399,2.3938935857,0.00018797694
48.9444918305,2.3938935857,0.00017303201
48.9493857211,2.3938935857,0.0001548921
48.9542796117,2.3938935857,0.00015449902
48.9591735023,2.3938935857,0.00015449902
48.9640673929,2.3938935857,0.00015449902
48.9689612835,2.3938935857,0.00015449902
48.9738551741,2.3938935857,0.00015449902
48.9787490647,2.3938935857,0.00015449902
48.7389484253,2.3987874763,0.00012726586
48.7438423159,2.3987874763,0.00012726586
48.7487362065,2.3987874763,0.00012726586
48.7536300971,2.3987874763,0.00012726586
48.7585239877,2.3987874763,0.00012726586
48.7634178783,2.3987874763,0.00012726586
48.7683117689,2.3987874763,0.00013758455
48.7732056595,2.3987874763,0.00015851797
48.7780995501,2.3987874763,0.00017002202
48.7829934407,2.3987874763,0.00017304713
48.7878873313,2.3987874763,0.00017744297
48.7927812219,2.3987874763,0.00019057063
48.7976751125,2.3987874763,0.00021531302
48.8025690031,2.3987874763,0.0002489788
48.8074628937,2.3987874763,0.00039829587
48.8123567843,2.3987874763,0.00039666402
48.8172506749,2.3987874763,0.0005773099
48.8221445655,2.3987874763,0.0010306151
48.8270384561,2.3987874763,0.0017605633
48.8319323467,2.3987874763,0.0020667878
48.8368262373,2.3987874763,0.0025296418
48.8417201279,2.3987874763,0.0028119974
48.8466140185,2.3987874763,0.0027751436
48.8515079091,2.3987874763,0.002349386
48.8564017997,2.3987874763,0.0017660033
48.8612956903,2.3987874763,0.0015250333
48.8661895809,2.3987874763,0.0016067874
48.8710834715,2.3987874763,0.0014762302
48.8759773621,2.3987874763,0.0012307421
48.8808712527,2.3987874763,0.0010508599
48.8857651433,2.3987874763,0.00088535366
48.8906590339,2.3987874763,0.0008084059
48.8955529245,2.3987874763,0.00081824826
48.9004468151,2.3987874763,0.0006665774
48.9053407057,2.3987874763,0.00024280617
48.9102345963,2.3987874763,0.00029062733
48.9151284869,2.3987874763,0.00024406893
48.9200223775,2.3987874763,0.00021910778
48.9249162681,2.3987874763,0.00019235787
48.9298101587,2.3987874763,0.00017850433
48.9347040493,2.3987874763,0.00016963104
48.9395979399,2.3987874763,0.00016963104
48.9444918305,2.3987874763,0.00015468612
48.9493857211,2.3987874763,0.00013654612
48.9542796117,2.3987874763,0.00013615309
48.9591735023,2.3987874763,0.00013615309
48.9640673929,2.3987874763,0.00013615309
48.9689612835,2.3987874763,0.00013615309
48.9738551741,2.3987874763,0.00013615309
48.9787490647,2.3987874763,0.00013615309
48.7389484253,2.4036813669,0.00010989379
48.7438423159,2.4036813669,0.00010989379
48.7487362065,2.4036813669,0.00010989379
48.7536300971,2.4036813669,0.00010989379
48.7585239877,2.4036813669,0.00010989379
48.7634178783,2.4036813669,0.00010989379
48.7683117689,2.4036813669,0.00012021248
48.7732056595,2.4036813669,0.00014114591
48.7780995501,2.4036813669,0.00015264995
48.7829934407,2.4036813669,0.00015567506
48.7878873313,2.4036813669,0.00016007091
48.7927812219,2.4036813669,0.00017319857
48.7976751125,2.4036813669,0.00019794093
48.8025690031,2.4036813669,0.00023160675
48.8074628937,2.4036813669,0.0003809238
48.8123567843,2.4036813669,0.00037424848
48.8172506749,2.4036813669,0.00055489433
48.8221445655,2.4036813669,0.0010279494
48.8270384561,2.4036813669,0.0017735278
48.8319323467,2.4036813669,0.0021089576
48.8368262373,2.4036813669,0.0025475095
48.8417201279,2.4036813669,0.0028121043
48.8466140185,2.4036813669,0.0027752505
48.8515079091,2.4036813669,0.0023494929
48.8564017997,2.4036813669,0.0018485868
48.8612956903,2.4036813669,0.0016076167
48.8661895809,2.4036813669,0.0016893708
48.8710834715,2.4036813669,0.0015832431
48.8759773621,2.4036813669,0.001337755
48.8808712527,2.4036813669,0.0010669773
48.8857651433,2.4036813669,0.0009494661
48.8906590339,2.4036813669,0.0008433128
48.8955529245,2.4036813669,0.00080192165
48.9004468151,2.4036813669,0.0005646537
48.9053407057,2.4036813669,0.0001253385
48.9102345963,2.4036813669,0.00021580272
48.9151284869,2.4036813669,0.00020345919
48.9200223775,2.4036813669,0.00018237297
48.9249162681,2.4036813669,0.00015562306
48.9298101587,2.4036813669,0.00014176955
48.9347040493,2.4036813669,0.00013870436
48.9395979399,2.4036813669,0.00013870436
48.9444918305,2.4036813669,0.00012375944
48.9493857211,2.4036813669,0.0001056194
48.9542796117,2.4036813669,0.00010522634
48.9591735023,2.4036813669,0.00010522634
48.9640673929,2.4036813669,0.00010522634
48.9689612835,2.4036813669,0.00010522634
48.9738551741,2.4036813669,0.00010522634
48.9787490647,2.4036813669,0.00010522634
48.7389484253,2.4085752575,6.5342276e-05
48.7438423159,2.4085752575,6.5342276e-05
48.7487362065,2.4085752575,6.5342276e-05
48.7536300971,2.4085752575,6.5342276e-05
48.7585239877,2.4085752575,6.5342276e-05
48.7634178783,2.4085752575,6.5342276e-05
48.7683117689,2.4085752575,7.5661e-05
48.7732056595,2.4085752575,9.659438e-05
48.7780995501,2.4085752575,0.000108098415
48.7829934407,2.4085752575,0.00011112354
48.7878873313,2.4085752575,0.00011551938
48.7927812219,2.4085752575,0.00012864705
48.7976751125,2.4085752575,0.00015338935
48.8025690031,2.4085752575,0.00018705506
48.8074628937,2.4085752575,0.0003363723
48.8123567843,2.4085752575,0.0003296971
48.8172506749,2.4085752575,0.00047817
48.8221445655,2.4085752575,0.0009437656
48.8270384561,2.4085752575,0.0015393932
48.8319323467,2.4085752575,0.0018976049
48.8368262373,2.4085752575,0.0022996103
48.8417201279,2.4085752575,0.0025343176
48.8466140185,2.4085752575,0.0024974637
48.8515079091,2.4085752575,0.002071878
48.8564017997,2.4085752575,0.0017254107
48.8612956903,2.4085752575,0.0015033009
48.8661895809,2.4085752575,0.0015622717
48.8710834715,2.4085752575,0.0014561443
48.8759773621,2.4085752575,0.0011908216
48.8808712527,2.4085752575,0.00087161566
48.8857651433,2.4085752575,0.0007541047
48.8906590339,2.4085752575,0.00064795127
48.8955529245,2.4085752575,0.00060655986
48.9004468151,2.4085752575,0.00031768566
48.9053407057,2.4085752575,4.6345547e-05
48.9102345963,2.4085752575,0.00015836385
48.9151284869,2.4085752575,0.00014602029
48.9200223775,2.4085752575,0.0001249341
48.9249162681,2.4085752575,0.00010380948
48.9298101587,2.4085752575,8.995597e-05
48.9347040493,2.4085752575,8.689078e-05
48.9395979399,2.4085752575,8.689078e-05
48.9444918305,2.4085752575,7.194583e-05
48.9493857211,2.4085752575,5.380585e-05
48.9542796117,2.4085752575,5.341278e-05
48.9591735023,2.4085752575,5.341278e-05
48.9640673929,2.4085752575,5.341278e-05
48.9689612835,2.4085752575,5.341278e-05
48.9738551741,2.4085752575,5.341278e-05
48.9787490647,2.4085752575,5.341278e-05
48.7389484253,2.4134691481,-3.3520995e-05
48.7438423159,2.4134691481,-3.3520995e-05
48.7487362065,2.4134691481,-3.3520995e-05
48.7536300971,2.4134691481,-3.3520995e-05
48.7585239877,2.4134691481,-3.3520995e-05
48.7634178783,2.4134691481,-3.3520995e-05
48.7683117689,2.4134691481,-2.3202316e-05
48.7732056595,2.4134691481,-2.2689028e-06
48.7780995501,2.4134691481,9.235148e-06
48.7829934407,2.4134691481,1.226027e-05
48.7878873313,2.4134691481,1.665609e-05
48.7927812219,2.4134691481,2.9783772e-05
48.7976751125,2.4134691481,5.4526052e-05
48.8025690031,2.4134691481,8.819175e-05
48.8074628937,2.4134691481,0.00023750895
48.8123567843,2.4134691481,0.00022915474
48.8172506749,2.4134691481,0.00034099034
48.8221445655,2.4134691481,0.00076008105
48.8270384561,2.4134691481,0.0012089241
48.8319323467,2.4134691481,0.0015324154
48.8368262373,2.4134691481,0.0018757893
48.8417201279,2.4134691481,0.002046396
48.8466140185,2.4134691481,0.0020095422
48.8515079091,2.4134691481,0.0015839705
48.8564017997,2.4134691481,0.0012800529
48.8612956903,2.4134691481,0.0011411976
48.8661895809,2.4134691481,0.0012001683
48.8710834715,2.4134691481,0.0010940408
48.8759773621,2.4134691481,0.00082812685
48.8808712527,2.4134691481,0.00064990204
48.8857651433,2.4134691481,0.0005446191
48.8906590339,2.4134691481,0.00053392025
48.8955529245,2.4134691481,0.00049874093
48.9004468151,2.4134691481,0.00023402722
48.9053407057,2.4134691481,0.00011871765
48.9102345963,2.4134691481,9.873502e-05
48.9151284869,2.4134691481,8.639146e-05
48.9200223775,2.4134691481,6.530524e-05
48.9249162681,2.4134691481,4.4180746e-05
48.9298101587,2.4134691481,3.0327235e-05
48.9347040493,2.4134691481,2.7262031e-05
48.9395979399,2.4134691481,2.7262031e-05
48.9444918305,2.4134691481,1.2317086e-05
48.9493857211,2.4134691481,-5.8229007e-06
48.9542796117,2.4134691481,-3.9979745e-06
48.9591735023,2.4134691481,-3.9979745e-06
48.9640673929,2.4134691481,-3.9979745e-06
48.9689612835,2.4134691481,-3.9979745e-06
48.9738551741,2.4134691481,-3.9979745e-06
48.9787490647,2.4134691481,-3.9979745e-06
48.7389484253,2.4183630387,-3.8673603e-05
48.7438423159,2.4183630387,-3.8673603e-05
48.7487362065,2.4183630387,-3.8673603e-05
48.7536300971,2.4183630387,-3.8673603e-05
48.7585239877,2.4183630387,-3.8673603e-05
48.7634178783,2.4183630387,-3.8673603e-05
48.7683117689,2.4183630387,-2.8354923e-05
48.7732056595,2.4183630387,-7.4215045e-06
48.7780995501,2.4183630387,-7.3345223e-06
48.7829934407,2.4183630387,-4.309404e-06
48.7878873313,2.4183630387,8.642587e-08
48.7927812219,2.4183630387,1.3214088e-05
48.7976751125,2.4183630387,3.7956375e-05
48.8025690031,2.4183630387,7.162208e-05
48.8074628937,2.4183630387,0.00021056921
48.8123567843,2.4183630387,0.00022512727
48.8172506749,2.4183630387,0.00025250638
48.8221445655,2.4183630387,0.0004300778
48.8270384561,2.4183630387,0.00063412916
48.8319323467,2.4183630387,0.00084413495
48.8368262373,2.4183630387,0.0010444962
48.8417201279,2.4183630387,0.0012399314
48.8466140185,2.4183630387,0.0012030782
48.8515079091,2.4183630387,0.0009072457
48.8564017997,2.4183630387,0.00088707934
48.8612956903,2.4183630387,0.00076275715
48.8661895809,2.4183630387,0.00082172756
48.8710834715,2.4183630387,0.00068648823
48.8759773621,2.4183630387,0.0004205746
48.8808712527,2.4183630387,0.00028928192
48.8857651433,2.4183630387,0.0002746349
48.8906590339,2.4183630387,0.00027555588
48.8955529245,2.4183630387,0.000273939
48.9004468151,2.4183630387,0.00018827389
48.9053407057,2.4183630387,6.363957e-05
48.9102345963,2.4183630387,4.3656964e-05
48.9151284869,2.4183630387,3.1313397e-05
48.9200223775,2.4183630387,1.02271615e-05
48.9249162681,2.4183630387,-6.2470144e-06
48.9298101587,2.4183630387,-1.2770154e-05
48.9347040493,2.4183630387,-1.583535e-05
48.9395979399,2.4183630387,-1.583535e-05
48.9444918305,2.4183630387,-1.6871916e-05
48.9493857211,2.4183630387,-1.7820934e-05
48.9542796117,2.4183630387,-1.5996007e-05
48.9591735023,2.4183630387,-1.5996007e-05
48.9640673929,2.4183630387,-1.5996007e-05
48.9689612835,2.4183630387,-1.5996007e-05
48.9738551741,2.4183630387,-1.5996007e-05
48.9787490647,2.4183630387,-1.5996007e-05
48.7389484253,2.4232569293,-3.152758e-05
48.7438423159,2.4232569293,-3.152758e-05
48.7487362065,2.4232569293,-3.152758e-05
48.7536300971,2.4232569293,-3.152758e-05
48.7585239877,2.4232569293,-3.152758e-05
48.7634178783,2.4232569293,-3.152758e-05
48.7683117689,2.4232569293,-2.1208893e-05
48.7732056595,2.4232569293,-2.7546753e-07
48.7780995501,2.4232569293,-1.8848527e-07
48.7829934407,2.4232569293,2.836629e-06
48.7878873313,2.4232569293,7.232459e-06
48.7927812219,2.4232569293,2.0360123e-05
48.7976751125,2.4232569293,4.5102413e-05
48.8025690031,2.4232569293,7.8768106e-05
48.8074628937,2.4232569293,0.00021771523
48.8123567843,2.4232569293,0.00017807627
48.8172506749,2.4232569293,0.00013492984
48.8221445655,2.4232569293,0.000113686605
48.8270384561,2.4232569293,0.00016563237
48.8319323467,2.4232569293,0.0002481163
48.8368262373,2.4232569293,0.000448478
48.8417201279,2.4232569293,0.0006439137
48.8466140185,2.4232569293,0.0006169607
48.8515079091,2.4232569293,0.00044367093
48.8564017997,2.4232569293,0.0004259498
48.8612956903,2.4232569293,0.00032092075
48.8661895809,2.4232569293,0.00033723647
48.8710834715,2.4232569293,0.00021589456
48.8759773621,2.4232569293,-4.889419e-05
48.8808712527,2.4232569293,-5.4352454e-06
48.8857651433,2.4232569293,3.7018566e-05
48.8906590339,2.4232569293,5.819936e-05
48.8955529245,2.4232569293,0.00016297348
48.9004468151,2.4232569293,0.00017457503
48.9053407057,2.4232569293,5.674017e-05
48.9102345963,2.4232569293,3.6757538e-05
48.9151284869,2.4232569293,2.441397e-05
48.9200223775,2.4232569293,3.3277356e-06
48.9249162681,2.4232569293,-1.2349929e-05
48.9298101587,2.4232569293,-1.8873063e-05
48.9347040493,2.4232569293,-2.1938264e-05
48.9395979399,2.4232569293,-2.1938264e-05
48.9444918305,2.4232569293,-2.2974837e-05
48.9493857211,2.4232569293,-2.392385e-05
48.9542796117,2.4232569293,-2.2098928e-05
48.9591735023,2.4232569293,-2.2098928e-05
48.9640673929,2.4232569293,-2.2098928e-05
48.9689612835,2.4232569293,-2.2098928e-05
48.9738551741,2.4232569293,-2.2098928e-05
48.9787490647,2.4232569293,-2.2098928e-05
48.7389484253,2.4281508199,-3.840905e-05
48.7438423159,2.4281508199,-3.840905e-05
48.7487362065,2.4281508199,-3.840905e-05
48.7536300971,2.4281508199,-3.840905e-05
48.7585239877,2.4281508199,-3.840905e-05
48.7634178783,2.4281508199,-3.840905e-05
48.7683117689,2.4281508199,-2.809037e-05
48.7732056595,2.4281508199,-7.156946e-06
48.7780995501,2.4281508199,-7.069964e-06
48.7829934407,2.4281508199,-4.044836e-06
48.7878873313,2.4281508199,3.509906e-07
48.7927812219,2.4281508199,1.3478641e-05
48.7976751125,2.4281508199,3.8220936e-05
48.8025690031,2.4281508199,7.1886636e-05
48.8074628937,2.4281508199,0.00021083381
48.8123567843,2.4281508199,0.00013578733
48.8172506749,2.4281508199,9.2640934e-05
48.8221445655,2.4281508199,7.139771e-05
48.8270384561,2.4281508199,5.5695466e-05
48.8319323467,2.4281508199,0.00011778131
48.8368262373,2.4281508199,0.00031132397
48.8417201279,2.4281508199,0.00048128155
48.8466140185,2.4281508199,0.0004543288
48.8515079091,2.4281508199,0.00022261143
48.8564017997,2.4281508199,0.00024510047
48.8612956903,2.4281508199,0.00014007151
48.8661895809,2.4281508199,0.0001769681
48.8710834715,2.4281508199,7.957707e-05
48.8759773621,2.4281508199,-0.00018521161
48.8808712527,2.4281508199,-0.00014175261
48.8857651433,2.4281508199,-6.439453e-05
48.8906590339,2.4281508199,-1.41538485e-05
48.8955529245,2.4281508199,9.715442e-05
48.9004468151,2.4281508199,0.00013186975
48.9053407057,2.4281508199,5.5718836e-05
48.9102345963,2.4281508199,3.5736204e-05
48.9151284869,2.4281508199,2.339263e-05
48.9200223775,2.4281508199,2.306399e-06
48.9249162681,2.4281508199,-1.337127e-05
48.9298101587,2.4281508199,-1.9894407e-05
48.9347040493,2.4281508199,-2.29596e-05
48.9395979399,2.4281508199,-2.29596e-05
48.9444918305,2.4281508199,-2.399617e-05
48.9493857211,2.4281508199,-2.4945191e-05
48.9542796117,2.4281508199,-2.3120265e-05
48.9591735023,2.4281508199,-2.3120265e-05
48.9640673929,2.4281508199,-2.3120265e-05
48.9689612835,2.4281508199,-2.3120265e-05
48.9738551741,2.4281508199,-2.3120265e-05
48.9787490647,2.4281508199,-2.3120265e-05
48.7389484253,2.4330447105,-3.960745e-05
48.7438423159,2.4330447105,-3.960745e-05
48.7487362065,2.4330447105,-3.960745e-05
48.7536300971,2.4330447105,-3.960745e-05
48.7585239877,2.4330447105,-3.960745e-05
48.7634178783,2.4330447105,-3.960745e-05
48.7683117689,2.4330447105,-2.9288763e-05
48.7732056595,2.4330447105,-8.355351e-06
48.7780995501,2.4330447105,-8.268369e-06
48.7829934407,2.4330447105,-5.243238e-06
48.7878873313,2.4330447105,-8.4741407e-07
48.7927812219,2.4330447105,1.2280251e-05
48.7976751125,2.4330447105,3.7022543e-05
48.8025690031,2.4330447105,7.0688235e-05
48.8074628937,2.4330447105,0.00020963534
48.8123567843,2.4330447105,0.00013458898
48.8172506749,2.4330447105,9.1442555e-05
48.8221445655,2.4330447105,7.0199334e-05
48.8270384561,2.4330447105,5.4497057e-05
48.8319323467,2.4330447105,0.00011658291
48.8368262373,2.4330447105,0.0003101256
48.8417201279,2.4330447105,0.00048008334
48.8466140185,2.4330447105,0.00045313043
48.8515079091,2.4330447105,0.00018229893
48.8564017997,2.4330447105,0.0002047879
48.8612956903,2.4330447105,9.9759e-05
48.8661895809,2.4330447105,0.00015131694
48.8710834715,2.4330447105,6.374182e-05
48.8759773621,2.4330447105,-0.00020104692
48.8808712527,2.4330447105,-0.00015758789
48.8857651433,2.4330447105,-8.022984e-05
48.8906590339,2.4330447105,-2.9989122e-05
48.8955529245,2.4330447105,8.131916e-05
48.9004468151,2.4330447105,0.00012129668
48.9053407057,2.4330447105,5.4520442e-05
48.9102345963,2.4330447105,3.4537803e-05
48.9151284869,2.4330447105,2.2194225e-05
48.9200223775,2.4330447105,1.1080033e-06
48.9249162681,2.4330447105,-1.4569668e-05
48.9298101587,2.4330447105,-2.1092801e-05
48.9347040493,2.4330447105,-2.4158006e-05
48.9395979399,2.4330447105,-2.4158006e-05
48.9444918305,2.4330447105,-2.5194578e-05
48.9493857211,2.4330447105,-2.6143593e-05
48.9542796117,2.4330447105,-2.431867e-05
48.9591735023,2.4330447105,-2.431867e-05
48.9640673929,2.4330447105,-2.431867e-05
48.9689612835,2.4330447105,-2.431867e-05
48.9738551741,2.4330447105,-2.431867e-05
48.9787490647,2.4330447105,-2.431867e-05
48.7389484253,2.4379386011,-3.8126844e-05
48.7438423159,2.4379386011,-3.8126844e-05
48.7487362065,2.4379386011,-3.8126844e-05
48.7536300971,2.4379386011,-3.8126844e-05
48.7585239877,2.4379386011,-3.8126844e-05
48.7634178783,2.4379386011,-3.8126844e-05
48.7683117689,2.4379386011,-2.780816e-05
48.7732056595,2.4379386011,-6.874746e-06
48.7780995501,2.4379386011,-6.7877636e-06
48.7829934407,2.4379386011,-3.7626323e-06
48.7878873313,2.4379386011,6.3319135e-07
48.7927812219,2.4379386011,1.3760856e-05
48.7976751125,2.4379386011,3.850315e-05
48.8025690031,2.4379386011,7.216884e-05
48.8074628937,2.4379386011,0.00021111594
48.8123567843,2.4379386011,0.00013606958
48.8172506749,2.4379386011,9.1442555e-05
48.8221445655,2.4379386011,7.0199334e-05
48.8270384561,2.4379386011,5.4497057e-05
48.8319323467,2.4379386011,0.00011658291
48.8368262373,2.4379386011,0.0003101256
48.8417201279,2.4379386011,0.00048008334
48.8466140185,2.4379386011,0.00045313043
48.8515079091,2.4379386011,0.00018229893
48.8564017997,2.4379386011,0.0002047879
48.8612956903,2.4379386011,9.9759e-05
48.8661895809,2.4379386011,0.00015131694
48.8710834715,2.4379386011,6.374182e-05
48.8759773621,2.4379386011,-0.00020104692
48.8808712527,2.4379386011,-0.00015758789
48.8857651433,2.4379386011,-8.022984e-05
48.8906590339,2.4379386011,-2.9989122e-05
48.8955529245,2.4379386011,8.131916e-05
48.9004468151,2.4379386011,0.00012129668
48.9053407057,2.4379386011,5.4520442e-05
48.9102345963,2.4379386011,3.4537803e-05
48.9151284869,2.4379386011,2.2194225e-05
48.9200223775,2.4379386011,1.1080033e-06
48.9249162681,2.4379386011,-1.4569668e-05
48.9298101587,2.4379386011,-2.1092801e-05
48.9347040493,2.4379386011,-2.4158006e-05
48.9395979399,2.4379386011,-2.4158006e-05
48.9444918305,2.4379386011,-2.5194578e-05
48.9493857211,2.4379386011,-2.6143593e-05
48.9542796117,2.4379386011,-2.431867e-05
48.9591735023,2.4379386011,-2.431867e-05
48.9640673929,2.4379386011,-2.431867e-05
48.9689612835,2.4379386011,-2.431867e-05
48.9738551741,2.4379386011,-2.431867e-05
48.9787490647,2.4379386011,-2.431867e-05
48.7389484253,2.4428324917,-3.6766833e-05
48.7438423159,2.4428324917,-3.6766833e-05
48.7487362065,2.4428324917,-3.6766833e-05
48.7536300971,2.4428324917,-3.6766833e-05
48.7585239877,2.4428324917,-3.6766833e-05
48.7634178783,2.4428324917,-3.6766833e-05
48.7683117689,2.4428324917,-2.6448153e-05
48.7732056595,2.4428324917,-5.5147348e-06
48.7780995501,2.4428324917,-2.060938e-06
48.7829934407,2.4428324917,9.641919e-07
48.7878873313,2.4428324917,5.360016e-06
48.7927812219,2.4428324917,1.8487677e-05
48.7976751125,2.4428324917,3.558223e-05
48.8025690031,2.4428324917,6.9247915e-05
48.8074628937,2.4428324917,0.00022205863
48.8123567843,2.4428324917,0.00014701221
48.8172506749,2.4428324917,9.90184e-05
48.8221445655,2.4428324917,6.93878e-05
48.8270384561,2.4428324917,5.3685555e-05
48.8319323467,2.4428324917,0.00010273963
48.8368262373,2.4428324917,0.00029628223
48.8417201279,2.4428324917,0.0004807678
48.8466140185,2.4428324917,0.00045381507
48.8515079091,2.4428324917,0.00018298351
48.8564017997,2.4428324917,0.00020547253
48.8612956903,2.4428324917,0.00010972027
48.8661895809,2.4428324917,0.00016127825
48.8710834715,2.4428324917,7.3703115e-05
48.8759773621,2.4428324917,-0.00019108564
48.8808712527,2.4428324917,-0.0001476266
48.8857651433,2.4428324917,-6.651343e-05
48.8906590339,2.4428324917,-1.627273e-05
48.8955529245,2.4428324917,8.004659e-05
48.9004468151,2.4428324917,0.0001200241
48.9053407057,2.4428324917,5.3247877e-05
48.9102345963,2.4428324917,3.3265245e-05
48.9151284869,2.4428324917,2.0921663e-05
48.9200223775,2.4428324917,-1.6455806e-07
48.9249162681,2.4428324917,-1.5842226e-05
48.9298101587,2.4428324917,-2.2365366e-05
48.9347040493,2.4428324917,-2.5430567e-05
48.9395979399,2.4428324917,-2.5430567e-05
48.9444918305,2.4428324917,-2.646714e-05
48.9493857211,2.4428324917,-2.741615e-05
48.9542796117,2.4428324917,-2.5591231e-05
48.9591735023,2.4428324917,-2.5591231e-05
48.9640673929,2.4428324917,-2.5591231e-05
48.9689612835,2.4428324917,-2.5591231e-05
48.9738551741,2.4428324917,-2.5591231e-05
48.9787490647,2.4428324917,-2.5591231e-05
48.7389484253,2.4477263823,-2.1859727e-05
48.7438423159,2.4477263823,-2.1859727e-05
48.7487362065,2.4477263823,-2.1859727e-05
48.7536300971,2.4477263823,-2.1859727e-05
48.7585239877,2.4477263823,-2.1859727e-05
48.7634178783,2.4477263823,-2.1859727e-05
48.7683117689,2.4477263823,-1.1541045e-05
48.7732056595,2.4477263823,9.39238e-06
48.7780995501,2.4477263823,1.2846173e-05
48.7829934407,2.4477263823,1.5871294e-05
48.7878873313,2.4477263823,2.0267122e-05
48.7927812219,2.4477263823,3.3394786e-05
48.7976751125,2.4477263823,5.0489343e-05
48.8025690031,2.4477263823,8.415503e-05
48.8074628937,2.4477263823,0.0002556334
48.8123567843,2.4477263823,0.00020475898
48.8172506749,2.4477263823,0.00016012922
48.8221445655,2.4477263823,0.000116090014
48.8270384561,2.4477263823,6.8592635e-05
48.8319323467,2.4477263823,0.0001424179
48.8368262373,2.4477263823,0.00028586976
48.8417201279,2.4477263823,0.00047035533
48.8466140185,2.4477263823,0.0004298757
48.8515079091,2.4477263823,0.0001590443
48.8564017997,2.4477263823,0.00018153318
48.8612956903,2.4477263823,8.578099e-05
48.8661895809,2.4477263823,0.00014475147
48.8710834715,2.4477263823,5.7176316e-05
48.8759773621,2.4477263823,-0.0002076124
48.8808712527,2.4477263823,-0.00017906055
48.8857651433,2.4477263823,-7.26277e-05
48.8906590339,2.4477263823,-2.2387005e-05
48.8955529245,2.4477263823,8.004659e-05
48.9004468151,2.4477263823,0.0001200241
48.9053407057,2.4477263823,5.3247877e-05
48.9102345963,2.4477263823,3.3265245e-05
48.9151284869,2.4477263823,2.0921663e-05
48.9200223775,2.4477263823,-1.6455806e-07
48.9249162681,2.4477263823,-1.5842226e-05
48.9298101587,2.4477263823,-2.2365366e-05
48.9347040493,2.4477263823,-2.5430567e-05
48.9395979399,2.4477263823,-2.5430567e-05
48.9444918305,2.4477263823,-2.646714e-05
48.9493857211,2.4477263823,-2.741615e-05
48.9542796117,2.4477263823,-2.5591231e-05
48.9591735023,2.4477263823,-2.5591231e-05
48.9640673929,2.4477263823,-2.5591231e-05
48.9689612835,2.4477263823,-2.5591231e-05
48.9738551741,2.4477263823,-2.5591231e-05
48.9787490647,2.4477263823,-2.5591231e-05
48.7389484253,2.4526202729,-3.0957523e-05
48.7438423159,2.4526202729,-3.0957523e-05
48.7487362065,2.4526202729,-3.0957523e-05
48.7536300971,2.4526202729,-3.0957523e-05
48.7585239877,2.4526202729,-3.0957523e-05
48.7634178783,2.4526202729,-3.0957523e-05
48.7683117689,2.4526202729,-2.0638836e-05
48.7732056595,2.4526202729,2.9459102e-07
48.7780995501,2.4526202729,3.7483837e-06
48.7829934407,2.4526202729,6.773508e-06
48.7878873313,2.4526202729,1.1169331e-05
48.7927812219,2.4526202729,2.429698e-05
48.7976751125,2.4526202729,4.1391533e-05
48.8025690031,2.4526202729,7.505724e-05
48.8074628937,2.4526202729,0.00025980806
48.8123567843,2.4526202729,0.0003035087
48.8172506749,2.4526202729,0.00019756902
48.8221445655,2.4526202729,0.00020781529
48.8270384561,2.4526202729,0.00010100599
48.8319323467,2.4526202729,0.00015795082
48.8368262373,2.4526202729,0.00021602938
48.8417201279,2.4526202729,0.00041174333
48.8466140185,2.4526202729,0.0003712637
48.8515079091,2.4526202729,0.00013763619
48.8564017997,2.4526202729,0.00017626649
48.8612956903,2.4526202729,8.0514284e-05
48.8661895809,2.4526202729,0.00013948478
48.8710834715,2.4526202729,5.190963e-05
48.8759773621,2.4526202729,-0.00023236005
48.8808712527,2.4526202729,-0.00020380823
48.8857651433,2.4526202729,-9.7375414e-05
48.8906590339,2.4526202729,-5.484559e-05
48.8955529245,2.4526202729,4.6017165e-05
48.9004468151,2.4526202729,9.731886e-05
48.9053407057,2.4526202729,3.054263e-05
48.9102345963,2.4526202729,1.0559989e-05
48.9151284869,2.4526202729,-1.7835818e-06
48.9200223775,2.4526202729,-2.2869812e-05
48.9249162681,2.4526202729,-3.8547485e-05
48.9298101587,2.4526202729,-4.5070614e-05
48.9347040493,2.4526202729,-4.8135815e-05
48.9395979399,2.4526202729,-4.8135815e-05
48.9444918305,2.4526202729,-4.9172384e-05
48.9493857211,2.4526202729,-5.01214e-05
48.9542796117,2.4526202729,-4.8296475e-05
48.9591735023,2.4526202729,-4.8296475e-05
48.9640673929,2.4526202729,-4.8296475e-05
48.9689612835,2.4526202729,-4.8296475e-05
48.9738551741,2.4526202729,-4.8296475e-05
48.9787490647,2.4526202729,-4.8296475e-05
48.7389484253,2.4575141635,-3.1113064e-05
48.7438423159,2.4575141635,-3.1113064e-05
48.7487362065,2.4575141635,-3.1113064e-05
48.7536300971,2.4575141635,-3.1113064e-05
48.7585239877,2.4575141635,-3.1113064e-05
48.7634178783,2.4575141635,-3.1113064e-05
48.7683117689,2.4575141635,-2.0794378e-05
48.7732056595,2.4575141635,1.390456e-07
48.7780995501,2.4575141635,3.5928401e-06
48.7829934407,2.4575141635,6.61797e-06
48.7878873313,2.4575141635,1.1013793e-05
48.7927812219,2.4575141635,2.4141435e-05
48.7976751125,2.4575141635,4.1235988e-05
48.8025690031,2.4575141635,7.49017e-05
48.8074628937,2.4575141635,0.00025965253
48.8123567843,2.4575141635,0.00030335318
48.8172506749,2.4575141635,0.00025750653
48.8221445655,2.4575141635,0.0002616631
48.8270384561,2.4575141635,0.00015630742
48.8319323467,2.4575141635,0.00017802857
48.8368262373,2.4575141635,0.00023610707
48.8417201279,2.4575141635,0.00041174333
48.8466140185,2.4575141635,0.0003712637
48.8515079091,2.4575141635,0.00013763619
48.8564017997,2.4575141635,0.00017626649
48.8612956903,2.4575141635,8.0514284e-05
48.8661895809,2.4575141635,0.00013948478
48.8710834715,2.4575141635,5.190963e-05
48.8759773621,2.4575141635,-0.00023236005
48.8808712527,2.4575141635,-0.00020380823
48.8857651433,2.4575141635,-9.7375414e-05
48.8906590339,2.4575141635,-5.484559e-05
48.8955529245,2.4575141635,4.6017165e-05
48.9004468151,2.4575141635,9.731886e-05
48.9053407057,2.4575141635,3.054263e-05
48.9102345963,2.4575141635,1.0559989e-05
48.9151284869,2.4575141635,-1.7835818e-06
48.9200223775,2.4575141635,-2.2869812e-05
48.9249162681,2.4575141635,-3.8547485e-05
48.9298101587,2.4575141635,-4.5070614e-05
48.9347040493,2.4575141635,-4.8135815e-05
48.9395979399,2.4575141635,-4.8135815e-05
48.9444918305,2.4575141635,-4.9172384e-05
48.9493857211,2.4575141635,-5.01214e-05
48.9542796117,2.4575141635,-4.8296475e-05
48.9591735023,2.4575141635,-4.8296475e-05
48.9640673929,2.4575141635,-4.8296475e-05
48.9689612835,2.4575141635,-4.8296475e-05
48.9738551741,2.4575141635,-4.8296475e-05
48.9787490647,2.4575141635,-4.8296475e-05
48.7389484253,2.4624080541,-3.0408568e-05
48.7438423159,2.4624080541,-3.0408568e-05
48.7487362065,2.4624080541,-3.0408568e-05
48.7536300971,2.4624080541,-3.0408568e-05
48.7585239877,2.4624080541,-3.0408568e-05
48.7634178783,2.4624080541,-3.0408568e-05
48.7683117689,2.4624080541,-2.0089883e-05
48.7732056595,2.4624080541,8.435401e-07
48.7780995501,2.4624080541,8.435401e-07
48.7829934407,2.4624080541,3.8686726e-06
48.7878873313,2.4624080541,8.264491e-06
48.7927812219,2.4624080541,1.48477775e-05
48.7976751125,2.4624080541,3.1942316e-05
48.8025690031,2.4624080541,6.560804e-05
48.8074628937,2.4624080541,0.0002370864
48.8123567843,2.4624080541,0.0002807871
48.8172506749,2.4624080541,0.0002599212
48.8221445655,2.4624080541,0.00038552706
48.8270384561,2.4624080541,0.00034432675
48.8319323467,2.4624080541,0.00027592407
48.8368262373,2.4624080541,0.0002533492
48.8417201279,2.4624080541,0.0004289855
48.8466140185,2.4624080541,0.00038264555
48.8515079091,2.4624080541,0.00014005083
48.8564017997,2.4624080541,0.00017868113
48.8612956903,2.4624080541,8.2928935e-05
48.8661895809,2.4624080541,0.00014189942
48.8710834715,2.4624080541,5.4324275e-05
48.8759773621,2.4624080541,-0.0002299454
48.8808712527,2.4624080541,-0.00020139359
48.8857651433,2.4624080541,-9.4960764e-05
48.8906590339,2.4624080541,-5.2430943e-05
48.8955529245,2.4624080541,4.843181e-05
48.9004468151,2.4624080541,9.973351e-05
48.9053407057,2.4624080541,3.2957276e-05
48.9102345963,2.4624080541,1.2974637e-05
48.9151284869,2.4624080541,6.3106575e-07
48.9200223775,2.4624080541,-2.0455163e-05
48.9249162681,2.4624080541,-3.613284e-05
48.9298101587,2.4624080541,-4.2655967e-05
48.9347040493,2.4624080541,-4.5721168e-05
48.9395979399,2.4624080541,-4.5721168e-05
48.9444918305,2.4624080541,-4.6757737e-05
48.9493857211,2.4624080541,-4.7706755e-05
48.9542796117,2.4624080541,-4.588183e-05
48.9591735023,2.4624080541,-4.588183e-05
48.9640673929,2.4624080541,-4.588183e-05
48.9689612835,2.4624080541,-4.588183e-05
48.9738551741,2.4624080541,-4.588183e-05
48.9787490647,2.4624080541,-4.588183e-05
48.7389484253,2.4673019447,-2.2485005e-05
48.7438423159,2.4673019447,-2.2485005e-05
48.7487362065,2.4673019447,-2.2485005e-05
48.7536300971,2.4673019447,-2.2485005e-05
48.7585239877,2.4673019447,-2.2485005e-05
48.7634178783,2.4673019447,-2.2485005e-05
48.7683117689,2.4673019447,-1.2166316e-05
48.7732056595,2.4673019447,8.066818e-06
48.7780995501,2.4673019447,8.066818e-06
48.7829934407,2.4673019447,1.1091943e-05
48.7878873313,2.4673019447,1.5487763e-05
48.7927812219,2.4673019447,1.6872153e-05
48.7976751125,2.4673019447,1.7781567e-05
48.8025690031,2.4673019447,2.3158504e-05
48.8074628937,2.4673019447,0.00012589412
48.8123567843,2.4673019447,7.364399e-05
48.8172506749,2.4673019447,3.9119714e-05
48.8221445655,2.4673019447,0.00025300056
48.8270384561,2.4673019447,0.00022737203
48.8319323467,2.4673019447,0.00015896927
48.8368262373,2.4673019447,0.00015539561
48.8417201279,2.4673019447,0.00036236882
48.8466140185,2.4673019447,0.00031602886
48.8515079091,2.4673019447,0.00011756574
48.8564017997,2.4673019447,0.00018898593
48.8612956903,2.4673019447,9.323374e-05
48.8661895809,2.4673019447,0.00015138954
48.8710834715,2.4673019447,6.0061702e-05
48.8759773621,2.4673019447,-0.00022420796
48.8808712527,2.4673019447,-0.00019539014
48.8857651433,2.4673019447,-8.895734e-05
48.8906590339,2.4673019447,-5.720433e-05
48.8955529245,2.4673019447,4.3658434e-05
48.9004468151,2.4673019447,9.4960145e-05
48.9053407057,2.4673019447,2.5454747e-05
48.9102345963,2.4673019447,5.4721218e-06
48.9151284869,2.4673019447,-6.871464e-06
48.9200223775,2.4673019447,-2.795769e-05
48.9249162681,2.4673019447,-4.0517956e-05
48.9298101587,2.4673019447,-4.1502626e-05
48.9347040493,2.4673019447,-4.4567827e-05
48.9395979399,2.4673019447,-4.4567827e-05
48.9444918305,2.4673019447,-4.4567827e-05
48.9493857211,2.4673019447,-4.436332e-05
48.9542796117,2.4673019447,-4.4115583e-05
48.9591735023,2.4673019447,-4.4115583e-05
48.9640673929,2.4673019447,-4.4115583e-05
48.9689612835,2.4673019447,-4.4115583e-05
48.9738551741,2.4673019447,-4.4115583e-05
48.9787490647,2.4673019447,-4.4115583e-05
