LATITUDE,LONGITUDE,probability
48.7389484253,2.2275013053,-6.84192e-05
48.7438423159,2.2275013053,-6.84192e-05
48.7487362065,2.2275013053,-6.84192e-05
48.7536300971,2.2275013053,-6.84192e-05
48.7585239877,2.2275013053,-6.84192e-05
48.7634178783,2.2275013053,-6.84192e-05
48.7683117689,2.2275013053,-6.785889e-05
48.7732056595,2.2275013053,-8.1925544e-05
48.7780995501,2.2275013053,-8.183857e-05
48.7829934407,2.2275013053,-7.8291756e-05
48.7878873313,2.2275013053,-7.389593e-05
48.7927812219,2.2275013053,-6.145431e-05
48.7976751125,2.2275013053,-5.577377e-05
48.8025690031,2.2275013053,-4.4150467e-05
48.8074628937,2.2275013053,-7.396297e-05
48.8123567843,2.2275013053,-6.722158e-05
48.8172506749,2.2275013053,-7.4984186e-05
48.8221445655,2.2275013053,-9.27007e-05
48.8270384561,2.2275013053,-4.7676884e-05
48.8319323467,2.2275013053,-1.2253677e-05
48.8368262373,2.2275013053,4.006886e-05
48.8417201279,2.2275013053,0.00013476939
48.8466140185,2.2275013053,8.719509e-05
48.8515079091,2.2275013053,2.8921284e-05
48.8564017997,2.2275013053,-4.524868e-05
48.8612956903,2.2275013053,-3.4784665e-05
48.8661895809,2.2275013053,-2.901245e-05
48.8710834715,2.2275013053,-0.00010672027
48.8759773621,2.2275013053,-0.0001638977
48.8808712527,2.2275013053,-0.00026534282
48.8857651433,2.2275013053,-0.00027416993
48.8906590339,2.2275013053,-0.00026533238
48.8955529245,2.2275013053,-0.00016055502
48.9004468151,2.2275013053,-7.145398e-05
48.9053407057,2.2275013053,1.7942177e-05
48.9102345963,2.2275013053,2.0291382e-05
48.9151284869,2.2275013053,-1.6677893e-06
48.9200223775,2.2275013053,-3.7336126e-06
48.9249162681,2.2275013053,-1.6489854e-05
48.9298101587,2.2275013053,-1.6178252e-05
48.9347040493,2.2275013053,-1.906179e-05
48.9395979399,2.2275013053,-1.906179e-05
48.9444918305,2.2275013053,-1.906179e-05
48.9493857211,2.2275013053,-2.1207157e-05
48.9542796117,2.2275013053,-2.0994055e-05
48.9591735023,2.2275013053,-2.0994055e-05
48.9640673929,2.2275013053,-2.0994055e-05
48.9689612835,2.2275013053,-2.0994055e-05
48.9738551741,2.2275013053,-2.0994055e-05
48.9787490647,2.2275013053,-2.0994055e-05
48.7389484253,2.2323951959,-6.84192e-05
48.7438423159,2.2323951959,-6.84192e-05
48.7487362065,2.2323951959,-6.84192e-05
48.7536300971,2.2323951959,-6.84192e-05
48.7585239877,2.2323951959,-6.84192e-05
48.7634178783,2.2323951959,-6.84192e-05
48.7683117689,2.2323951959,-6.785889e-05
48.7732056595,2.2323951959,-8.1925544e-05
48.7780995501,2.2323951959,-8.183857e-05
48.7829934407,2.2323951959,-7.8291756e-05
48.7878873313,2.2323951959,-7.389593e-05
48.7927812219,2.2323951959,-6.145431e-05
48.7976751125,2.2323951959,-5.577377e-05
48.8025690031,2.2323951959,-4.4150467e-05
48.8074628937,2.2323951959,-7.396297e-05
48.8123567843,2.2323951959,-6.722158e-05
48.8172506749,2.2323951959,-7.4984186e-05
48.8221445655,2.2323951959,-9.27007e-05
48.8270384561,2.2323951959,-4.7676884e-05
48.8319323467,2.2323951959,-1.2253677e-05
48.8368262373,2.2323951959,4.006886e-05
48.8417201279,2.2323951959,0.00013476939
48.8466140185,2.2323951959,8.719509e-05
48.8515079091,2.2323951959,2.8921284e-05
48.8564017997,2.2323951959,-4.524868e-05
48.8612956903,2.2323951959,-3.4784665e-05
48.8661895809,2.2323951959,-2.901245e-05
48.8710834715,2.2323951959,-0.00010672027
48.8759773621,2.2323951959,-0.0001638977
48.8808712527,2.2323951959,-0.00026534282
48.8857651433,2.2323951959,-0.00027416993
48.8906590339,2.2323951959,-0.00026533238
48.8955529245,2.2323951959,-0.00016055502
48.9004468151,2.2323951959,-7.145398e-05
48.9053407057,2.2323951959,1.7942177e-05
48.9102345963,2.2323951959,2.0291382e-05
48.9151284869,2.2323951959,-1.6677893e-06
48.9200223775,2.2323951959,-3.7336126e-06
48.9249162681,2.2323951959,-1.6489854e-05
48.9298101587,2.2323951959,-1.6178252e-05
48.9347040493,2.2323951959,-1.906179e-05
48.9395979399,2.2323951959,-1.906179e-05
48.9444918305,2.2323951959,-1.906179e-05
48.9493857211,2.2323951959,-2.1207157e-05
48.9542796117,2.2323951959,-2.0994055e-05
48.9591735023,2.2323951959,-2.0994055e-05
48.9640673929,2.2323951959,-2.0994055e-05
48.9689612835,2.2323951959,-2.0994055e-05
48.9738551741,2.2323951959,-2.0994055e-05
48.9787490647,2.2323951959,-2.0994055e-05
48.7389484253,2.2372890865,-6.743319e-05
48.7438423159,2.2372890865,-6.743319e-05
48.7487362065,2.2372890865,-6.743319e-05
48.7536300971,2.2372890865,-6.743319e-05
48.7585239877,2.2372890865,-6.743319e-05
48.7634178783,2.2372890865,-6.743319e-05
48.7683117689,2.2372890865,-6.687289e-05
48.7732056595,2.2372890865,-8.093955e-05
48.7780995501,2.2372890865,-8.085256e-05
48.7829934407,2.2372890865,-7.730576e-05
48.7878873313,2.2372890865,-7.2909934e-05
48.7927812219,2.2372890865,-6.046832e-05
48.7976751125,2.2372890865,-5.4787775e-05
48.8025690031,2.2372890865,-4.3164466e-05
48.8074628937,2.2372890865,-7.2976974e-05
48.8123567843,2.2372890865,-6.62356e-05
48.8172506749,2.2372890865,-7.399819e-05
48.8221445655,2.2372890865,-9.1714704e-05
48.8270384561,2.2372890865,-4.669089e-05
48.8319323467,2.2372890865,-1.126769e-05
48.8368262373,2.2372890865,4.105484e-05
48.8417201279,2.2372890865,0.0001357554
48.8466140185,2.2372890865,8.818107e-05
48.8515079091,2.2372890865,2.163734e-05
48.8564017997,2.2372890865,-5.2532647e-05
48.8612956903,2.2372890865,-4.2068634e-05
48.8661895809,2.2372890865,-3.6296402e-05
48.8710834715,2.2372890865,-0.00012529084
48.8759773621,2.2372890865,-0.0001729799
48.8808712527,2.2372890865,-0.00027442508
48.8857651433,2.2372890865,-0.00027403727
48.8906590339,2.2372890865,-0.0002651997
48.8955529245,2.2372890865,-0.00016042234
48.9004468151,2.2372890865,-7.1321294e-05
48.9053407057,2.2372890865,1.8074858e-05
48.9102345963,2.2372890865,2.0424062e-05
48.9151284869,2.2372890865,-1.5351086e-06
48.9200223775,2.2372890865,-3.6009353e-06
48.9249162681,2.2372890865,-1.6357173e-05
48.9298101587,2.2372890865,-1.6045571e-05
48.9347040493,2.2372890865,-1.8929113e-05
48.9395979399,2.2372890865,-1.8929113e-05
48.9444918305,2.2372890865,-1.8929113e-05
48.9493857211,2.2372890865,-2.107448e-05
48.9542796117,2.2372890865,-2.044966e-05
48.9591735023,2.2372890865,-2.044966e-05
48.9640673929,2.2372890865,-2.044966e-05
48.9689612835,2.2372890865,-2.044966e-05
48.9738551741,2.2372890865,-2.044966e-05
48.9787490647,2.2372890865,-2.044966e-05
48.7389484253,2.2421829771,-7.1829585e-05
48.7438423159,2.2421829771,-7.1829585e-05
48.7487362065,2.2421829771,-7.1829585e-05
48.7536300971,2.2421829771,-7.1829585e-05
48.7585239877,2.2421829771,-7.1829585e-05
48.7634178783,2.2421829771,-7.1829585e-05
48.7683117689,2.2421829771,-7.126929e-05
48.7732056595,2.2421829771,-8.5335945e-05
48.7780995501,2.2421829771,-8.5248954e-05
48.7829934407,2.2421829771,-8.170216e-05
48.7878873313,2.2421829771,-7.7306344e-05
48.7927812219,2.2421829771,-6.486471e-05
48.7976751125,2.2421829771,-5.918417e-05
48.8025690031,2.2421829771,-4.7560858e-05
48.8074628937,2.2421829771,-7.7373385e-05
48.8123567843,2.2421829771,-7.647989e-05
48.8172506749,2.2421829771,-7.837561e-05
48.8221445655,2.2421829771,-4.23061e-05
48.8270384561,2.2421829771,3.1244e-05
48.8319323467,2.2421829771,6.6667206e-05
48.8368262373,2.2421829771,0.00011898972
48.8417201279,2.2421829771,0.0002136904
48.8466140185,2.2421829771,0.00016611602
48.8515079091,2.2421829771,3.987622e-05
48.8564017997,2.2421829771,-5.2352254e-05
48.8612956903,2.2421829771,-3.0482279e-05
48.8661895809,2.2421829771,-2.471006e-05
48.8710834715,2.2421829771,-0.00010975888
48.8759773621,2.2421829771,-0.0001558811
48.8808712527,2.2421829771,-0.0002573263
48.8857651433,2.2421829771,-0.00026491316
48.8906590339,2.2421829771,-0.00025630192
48.8955529245,2.2421829771,-0.00016263414
48.9004468151,2.2421829771,-8.333757e-05
48.9053407057,2.2421829771,-1.1379059e-06
48.9102345963,2.2421829771,1.2113001e-06
48.9151284869,2.2421829771,-2.0747886e-05
48.9200223775,2.2421829771,-2.2813714e-05
48.9249162681,2.2421829771,-3.5569934e-05
48.9298101587,2.2421829771,-3.9881215e-05
48.9347040493,2.2421829771,-4.2764757e-05
48.9395979399,2.2421829771,-4.2764757e-05
48.9444918305,2.2421829771,-2.17751e-05
48.9493857211,2.2421829771,-2.392047e-05
48.9542796117,2.2421829771,-2.3295648e-05
48.9591735023,2.2421829771,-2.3295648e-05
48.9640673929,2.2421829771,-2.3295648e-05
48.9689612835,2.2421829771,-2.3295648e-05
48.9738551741,2.2421829771,-2.3295648e-05
48.9787490647,2.2421829771,-2.3295648e-05
48.7389484253,2.2470768677,-8.4556006e-05
48.7438423159,2.2470768677,-8.4556006e-05
48.7487362065,2.2470768677,-8.4556006e-05
48.7536300971,2.2470768677,-8.4556006e-05
48.7585239877,2.2470768677,-8.4556006e-05
48.7634178783,2.2470768677,-8.4556006e-05
48.7683117689,2.2470768677,-8.39957e-05
48.7732056595,2.2470768677,-9.806234e-05
48.7780995501,2.2470768677,-0.0001010498
48.7829934407,2.2470768677,-9.750299e-05
48.7878873313,2.2470768677,-9.310716e-05
48.7927812219,2.2470768677,-8.0665566e-05
48.7976751125,2.2470768677,-6.836435e-05
48.8025690031,2.2470768677,-4.8092385e-05
48.8074628937,2.2470768677,-6.450091e-05
48.8123567843,2.2470768677,-6.3607455e-05
48.8172506749,2.2470768677,7.6817705e-06
48.8221445655,2.2470768677,3.5226898e-05
48.8270384561,2.2470768677,0.00011590044
48.8319323467,2.2470768677,0.00017085354
48.8368262373,2.2470768677,0.00021229664
48.8417201279,2.2470768677,0.00030699716
48.8466140185,2.2470768677,0.0002594229
48.8515079091,2.2470768677,0.0001313093
48.8564017997,2.2470768677,-1.08529875e-05
48.8612956903,2.2470768677,-2.8422382e-06
48.8661895809,2.2470768677,2.9300768e-06
48.8710834715,2.2470768677,-7.812682e-05
48.8759773621,2.2470768677,-0.00012424914
48.8808712527,2.2470768677,-0.00022256699
48.8857651433,2.2470768677,-0.0002342787
48.8906590339,2.2470768677,-0.0002485846
48.8955529245,2.2470768677,-0.00015491682
48.9004468151,2.2470768677,-7.211698e-05
48.9053407057,2.2470768677,7.954035e-06
48.9102345963,2.2470768677,1.0303236e-05
48.9151284869,2.2470768677,-1.1655933e-05
48.9200223775,2.2470768677,-1.7125167e-05
48.9249162681,2.2470768677,-2.9881401e-05
48.9298101587,2.2470768677,-3.8184608e-05
48.9347040493,2.2470768677,-4.1068142e-05
48.9395979399,2.2470768677,-4.1068142e-05
48.9444918305,2.2470768677,-2.007849e-05
48.9493857211,2.2470768677,-2.2223856e-05
48.9542796117,2.2470768677,-2.1599026e-05
48.9591735023,2.2470768677,-2.1599026e-05
48.9640673929,2.2470768677,-2.1599026e-05
48.9689612835,2.2470768677,-2.1599026e-05
48.9738551741,2.2470768677,-2.1599026e-05
48.9787490647,2.2470768677,-2.1599026e-05
48.7389484253,2.2519707583,-7.3787705e-05
48.7438423159,2.2519707583,-7.3787705e-05
48.7487362065,2.2519707583,-7.3787705e-05
48.7536300971,2.2519707583,-7.3787705e-05
48.7585239877,2.2519707583,-7.3787705e-05
48.7634178783,2.2519707583,-7.3787705e-05
48.7683117689,2.2519707583,-7.32274e-05
48.7732056595,2.2519707583,-8.729405e-05
48.7780995501,2.2519707583,-9.02815e-05
48.7829934407,2.2519707583,-8.6734704e-05
48.7878873313,2.2519707583,-8.233889e-05
48.7927812219,2.2519707583,-6.9897265e-05
48.7976751125,2.2519707583,-5.759606e-05
48.8025690031,2.2519707583,-3.7324095e-05
48.8074628937,2.2519707583,-5.373263e-05
48.8123567843,2.2519707583,-5.283914e-05
48.8172506749,2.2519707583,9.526349e-05
48.8221445655,2.2519707583,0.00014095817
48.8270384561,2.2519707583,0.00024770648
48.8319323467,2.2519707583,0.0003026595
48.8368262373,2.2519707583,0.00034410253
48.8417201279,2.2519707583,0.00043880308
48.8466140185,2.2519707583,0.00039122885
48.8515079091,2.2519707583,0.00025854356
48.8564017997,2.2519707583,0.000116381285
48.8612956903,2.2519707583,8.618728e-05
48.8661895809,2.2519707583,9.195953e-05
48.8710834715,2.2519707583,1.0902633e-05
48.8759773621,2.2519707583,-7.632047e-05
48.8808712527,2.2519707583,-0.00017463828
48.8857651433,2.2519707583,-0.0002465522
48.8906590339,2.2519707583,-0.00026828054
48.8955529245,2.2519707583,-0.00018446975
48.9004468151,2.2519707583,-7.6328884e-05
48.9053407057,2.2519707583,6.38934e-06
48.9102345963,2.2519707583,8.738532e-06
48.9151284869,2.2519707583,-1.3220635e-05
48.9200223775,2.2519707583,-1.8689872e-05
48.9249162681,2.2519707583,-3.1446085e-05
48.9298101587,2.2519707583,-3.9749302e-05
48.9347040493,2.2519707583,-4.2632844e-05
48.9395979399,2.2519707583,-4.2632844e-05
48.9444918305,2.2519707583,-2.164319e-05
48.9493857211,2.2519707583,-2.3788556e-05
48.9542796117,2.2519707583,-2.3163728e-05
48.9591735023,2.2519707583,-2.3163728e-05
48.9640673929,2.2519707583,-2.3163728e-05
48.9689612835,2.2519707583,-2.3163728e-05
48.9738551741,2.2519707583,-2.3163728e-05
48.9787490647,2.2519707583,-2.3163728e-05
48.7389484253,2.2568646489,-7.3787705e-05
48.7438423159,2.2568646489,-7.3787705e-05
48.7487362065,2.2568646489,-7.3787705e-05
48.7536300971,2.2568646489,-7.3787705e-05
48.7585239877,2.2568646489,-7.3787705e-05
48.7634178783,2.2568646489,-7.3787705e-05
48.7683117689,2.2568646489,-7.32274e-05
48.7732056595,2.2568646489,-8.729405e-05
48.7780995501,2.2568646489,-9.02815e-05
48.7829934407,2.2568646489,-8.6734704e-05
48.7878873313,2.2568646489,-8.233889e-05
48.7927812219,2.2568646489,-6.9897265e-05
48.7976751125,2.2568646489,-5.759606e-05
48.8025690031,2.2568646489,-3.7324095e-05
48.8074628937,2.2568646489,-5.373263e-05
48.8123567843,2.2568646489,-5.283914e-05
48.8172506749,2.2568646489,0.00012411023
48.8221445655,2.2568646489,0.0002175188
48.8270384561,2.2568646489,0.00033121594
48.8319323467,2.2568646489,0.00038616898
48.8368262373,2.2568646489,0.00042761187
48.8417201279,2.2568646489,0.0005223124
48.8466140185,2.2568646489,0.00047473822
48.8515079091,2.2568646489,0.00034205298
48.8564017997,2.2568646489,0.00019989088
48.8612956903,2.2568646489,0.00016969678
48.8661895809,2.2568646489,0.00017546906
48.8710834715,2.2568646489,9.4412026e-05
48.8759773621,2.2568646489,-2.2252121e-05
48.8808712527,2.2568646489,-0.00014941672
48.8857651433,2.2568646489,-0.00022133064
48.8906590339,2.2568646489,-0.00024305904
48.8955529245,2.2568646489,-0.00016619715
48.9004468151,2.2568646489,-7.6328884e-05
48.9053407057,2.2568646489,6.38934e-06
48.9102345963,2.2568646489,8.738532e-06
48.9151284869,2.2568646489,-1.3220635e-05
48.9200223775,2.2568646489,-1.8689872e-05
48.9249162681,2.2568646489,-3.1446085e-05
48.9298101587,2.2568646489,-3.9749302e-05
48.9347040493,2.2568646489,-4.2632844e-05
48.9395979399,2.2568646489,-4.2632844e-05
48.9444918305,2.2568646489,-2.164319e-05
48.9493857211,2.2568646489,-2.3788556e-05
48.9542796117,2.2568646489,-2.3163728e-05
48.9591735023,2.2568646489,-2.3163728e-05
48.9640673929,2.2568646489,-2.3163728e-05
48.9689612835,2.2568646489,-2.3163728e-05
48.9738551741,2.2568646489,-2.3163728e-05
48.9787490647,2.2568646489,-2.3163728e-05
48.7389484253,2.2617585395,-7.6137185e-05
48.7438423159,2.2617585395,-7.6137185e-05
48.7487362065,2.2617585395,-7.6137185e-05
48.7536300971,2.2617585395,-7.6137185e-05
48.7585239877,2.2617585395,-7.6137185e-05
48.7634178783,2.2617585395,-7.6137185e-05
48.7683117689,2.2617585395,-7.557688e-05
48.7732056595,2.2617585395,-8.964353e-05
48.7780995501,2.2617585395,-9.263098e-05
48.7829934407,2.2617585395,-8.908417e-05
48.7878873313,2.2617585395,-8.4688356e-05
48.7927812219,2.2617585395,-7.2246745e-05
48.7976751125,2.2617585395,-5.9945527e-05
48.8025690031,2.2617585395,-3.9673563e-05
48.8074628937,2.2617585395,-5.60821e-05
48.8123567843,2.2617585395,-5.5188604e-05
48.8172506749,2.2617585395,0.000121760786
48.8221445655,2.2617585395,0.00021516933
48.8270384561,2.2617585395,0.0003816932
48.8319323467,2.2617585395,0.000436646
48.8368262373,2.2617585395,0.0004780893
48.8417201279,2.2617585395,0.00057278987
48.8466140185,2.2617585395,0.0005252155
48.8515079091,2.2617585395,0.00039253055
48.8564017997,2.2617585395,0.0002503681
48.8612956903,2.2617585395,0.00022017403
48.8661895809,2.2617585395,0.0002186113
48.8710834715,2.2617585395,0.00013128464
48.8759773621,2.2617585395,1.4620302e-05
48.8808712527,2.2617585395,-0.00016278737
48.8857651433,2.2617585395,-0.00023470134
48.8906590339,2.2617585395,-0.0002564298
48.8955529245,2.2617585395,-0.00017956787
48.9004468151,2.2617585395,-8.969958e-05
48.9053407057,2.2617585395,9.683049e-08
48.9102345963,2.2617585395,2.4460264e-06
48.9151284869,2.2617585395,-1.9513145e-05
48.9200223775,2.2617585395,-2.498237e-05
48.9249162681,2.2617585395,-3.77386e-05
48.9298101587,2.2617585395,-4.6041798e-05
48.9347040493,2.2617585395,-4.892534e-05
48.9395979399,2.2617585395,-4.892534e-05
48.9444918305,2.2617585395,-2.2821952e-05
48.9493857211,2.2617585395,-1.9712066e-05
48.9542796117,2.2617585395,-1.9087236e-05
48.9591735023,2.2617585395,-1.9087236e-05
48.9640673929,2.2617585395,-1.9087236e-05
48.9689612835,2.2617585395,-1.9087236e-05
48.9738551741,2.2617585395,-1.9087236e-05
48.9787490647,2.2617585395,-1.9087236e-05
48.7389484253,2.2666524301,-7.059848e-05
48.7438423159,2.2666524301,-7.059848e-05
48.7487362065,2.2666524301,-7.059848e-05
48.7536300971,2.2666524301,-7.059848e-05
48.7585239877,2.2666524301,-7.059848e-05
48.7634178783,2.2666524301,-7.059848e-05
48.7683117689,2.2666524301,-7.003817e-05
48.7732056595,2.2666524301,-8.4104824e-05
48.7780995501,2.2666524301,-8.70923e-05
48.7829934407,2.2666524301,-8.354549e-05
48.7878873313,2.2666524301,-7.9149664e-05
48.7927812219,2.2666524301,-6.670804e-05
48.7976751125,2.2666524301,-5.4406835e-05
48.8025690031,2.2666524301,-3.413487e-05
48.8074628937,2.2666524301,-5.0543415e-05
48.8123567843,2.2666524301,-4.9649912e-05
48.8172506749,2.2666524301,0.00012729951
48.8221445655,2.2666524301,0.00025946024
48.8270384561,2.2666524301,0.00046899004
48.8319323467,2.2666524301,0.00052394316
48.8368262373,2.2666524301,0.00056538626
48.8417201279,2.2666524301,0.00066008687
48.8466140185,2.2666524301,0.0005911401
48.8515079091,2.2666524301,0.0004584548
48.8564017997,2.2666524301,0.00033342495
48.8612956903,2.2666524301,0.0002973541
48.8661895809,2.2666524301,0.0003095728
48.8710834715,2.2666524301,0.00022224613
48.8759773621,2.2666524301,0.00010558197
48.8808712527,2.2666524301,-9.058412e-05
48.8857651433,2.2666524301,-0.00020827152
48.8906590339,2.2666524301,-0.00022999995
48.8955529245,2.2666524301,-0.00020165197
48.9004468151,2.2666524301,-0.00011178375
48.9053407057,2.2666524301,-2.488556e-06
48.9102345963,2.2666524301,-1.3936165e-07
48.9151284869,2.2666524301,-2.2098537e-05
48.9200223775,2.2666524301,-2.756776e-05
48.9249162681,2.2666524301,-4.032398e-05
48.9298101587,2.2666524301,-4.8627186e-05
48.9347040493,2.2666524301,-5.1510728e-05
48.9395979399,2.2666524301,-5.1510728e-05
48.9444918305,2.2666524301,-2.5407331e-05
48.9493857211,2.2666524301,-2.2297452e-05
48.9542796117,2.2666524301,-2.1672626e-05
48.9591735023,2.2666524301,-2.1672626e-05
48.9640673929,2.2666524301,-2.1672626e-05
48.9689612835,2.2666524301,-2.1672626e-05
48.9738551741,2.2666524301,-2.1672626e-05
48.9787490647,2.2666524301,-2.1672626e-05
48.7389484253,2.2715463207,-6.968149e-05
48.7438423159,2.2715463207,-6.968149e-05
48.7487362065,2.2715463207,-6.968149e-05
48.7536300971,2.2715463207,-6.968149e-05
48.7585239877,2.2715463207,-6.968149e-05
48.7634178783,2.2715463207,-6.968149e-05
48.7683117689,2.2715463207,-6.91212e-05
48.7732056595,2.2715463207,-8.318785e-05
48.7780995501,2.2715463207,-8.6175314e-05
48.7829934407,2.2715463207,-8.262852e-05
48.7878873313,2.2715463207,-7.823269e-05
48.7927812219,2.2715463207,-6.5791064e-05
48.7976751125,2.2715463207,-5.3489857e-05
48.8025690031,2.2715463207,-3.3217893e-05
48.8074628937,2.2715463207,-4.9626437e-05
48.8123567843,2.2715463207,-5.1592666e-05
48.8172506749,2.2715463207,0.00010872855
48.8221445655,2.2715463207,0.00028650163
48.8270384561,2.2715463207,0.0004960313
48.8319323467,2.2715463207,0.00057186605
48.8368262373,2.2715463207,0.00061330915
48.8417201279,2.2715463207,0.00070800976
48.8466140185,2.2715463207,0.000639063
48.8515079091,2.2715463207,0.00050637766
48.8564017997,2.2715463207,0.00043376323
48.8612956903,2.2715463207,0.00039769284
48.8661895809,2.2715463207,0.00040991124
48.8710834715,2.2715463207,0.00035360552
48.8759773621,2.2715463207,0.00029791656
48.8808712527,2.2715463207,0.00010175025
48.8857651433,2.2715463207,-0.000120255056
48.8906590339,2.2715463207,-0.00014198346
48.8955529245,2.2715463207,-0.00013051083
48.9004468151,2.2715463207,-6.9379705e-05
48.9053407057,2.2715463207,-4.431312e-06
48.9102345963,2.2715463207,-2.0821192e-06
48.9151284869,2.2715463207,-2.4041292e-05
48.9200223775,2.2715463207,-2.9510516e-05
48.9249162681,2.2715463207,-4.226674e-05
48.9298101587,2.2715463207,-5.056994e-05
48.9347040493,2.2715463207,-5.345349e-05
48.9395979399,2.2715463207,-5.345349e-05
48.9444918305,2.2715463207,-2.7350088e-05
48.9493857211,2.2715463207,-2.4240207e-05
48.9542796117,2.2715463207,-2.3615383e-05
48.9591735023,2.2715463207,-2.3615383e-05
48.9640673929,2.2715463207,-2.3615383e-05
48.9689612835,2.2715463207,-2.3615383e-05
48.9738551741,2.2715463207,-2.3615383e-05
48.9787490647,2.2715463207,-2.3615383e-05
48.7389484253,2.2764402113,-5.0311664e-05
48.7438423159,2.2764402113,-5.0311664e-05
48.7487362065,2.2764402113,-5.0311664e-05
48.7536300971,2.2764402113,-5.0311664e-05
48.7585239877,2.2764402113,-5.0311664e-05
48.7634178783,2.2764402113,-5.0311664e-05
48.7683117689,2.2764402113,-4.975136e-05
48.7732056595,2.2764402113,-6.381801e-05
48.7780995501,2.2764402113,-6.680548e-05
48.7829934407,2.2764402113,-6.3258674e-05
48.7878873313,2.2764402113,-5.8862846e-05
48.7927812219,2.2764402113,-4.6421228e-05
48.7976751125,2.2764402113,-3.412e-05
48.8025690031,2.2764402113,-1.384805e-05
48.8074628937,2.2764402113,-3.0256584e-05
48.8123567843,2.2764402113,-3.2405478e-05
48.8172506749,2.2764402113,0.00012088793
48.8221445655,2.2764402113,0.000361735
48.8270384561,2.2764402113,0.0005830167
48.8319323467,2.2764402113,0.0006728592
48.8368262373,2.2764402113,0.00072943704
48.8417201279,2.2764402113,0.00085253984
48.8466140185,2.2764402113,0.0007835931
48.8515079091,2.2764402113,0.00065090775
48.8564017997,2.2764402113,0.0005615684
48.8612956903,2.2764402113,0.00047567982
48.8661895809,2.2764402113,0.00048789845
48.8710834715,2.2764402113,0.00046401893
48.8759773621,2.2764402113,0.00040832974
48.8808712527,2.2764402113,0.00024877433
48.8857651433,2.2764402113,-3.1444535e-05
48.8906590339,2.2764402113,-5.3173015e-05
48.8955529245,2.2764402113,-4.348026e-05
48.9004468151,2.2764402113,-2.2673315e-05
48.9053407057,2.2764402113,-4.1833755e-06
48.9102345963,2.2764402113,-1.8341764e-06
48.9151284869,2.2764402113,-2.3793351e-05
48.9200223775,2.2764402113,-2.9262575e-05
48.9249162681,2.2764402113,-4.2018797e-05
48.9298101587,2.2764402113,-5.0322004e-05
48.9347040493,2.2764402113,-5.3205546e-05
48.9395979399,2.2764402113,-5.3205546e-05
48.9444918305,2.2764402113,-2.7102147e-05
48.9493857211,2.2764402113,-2.3992267e-05
48.9542796117,2.2764402113,-2.336744e-05
48.9591735023,2.2764402113,-2.336744e-05
48.9640673929,2.2764402113,-2.336744e-05
48.9689612835,2.2764402113,-2.336744e-05
48.9738551741,2.2764402113,-2.336744e-05
48.9787490647,2.2764402113,-2.336744e-05
48.7389484253,2.2813341019,-5.135746e-05
48.7438423159,2.2813341019,-5.135746e-05
48.7487362065,2.2813341019,-5.135746e-05
48.7536300971,2.2813341019,-5.135746e-05
48.7585239877,2.2813341019,-5.135746e-05
48.7634178783,2.2813341019,-5.135746e-05
48.7683117689,2.2813341019,-4.975136e-05
48.7732056595,2.2813341019,-6.381801e-05
48.7780995501,2.2813341019,-6.680548e-05
48.7829934407,2.2813341019,-6.3258674e-05
48.7878873313,2.2813341019,-5.8862846e-05
48.7927812219,2.2813341019,-4.6421228e-05
48.7976751125,2.2813341019,-3.412e-05
48.8025690031,2.2813341019,-1.384805e-05
48.8074628937,2.2813341019,-3.0256584e-05
48.8123567843,2.2813341019,-3.2405478e-05
48.8172506749,2.2813341019,0.00012088793
48.8221445655,2.2813341019,0.00035573693
48.8270384561,2.2813341019,0.00055824453
48.8319323467,2.2813341019,0.000671765
48.8368262373,2.2813341019,0.00072834286
48.8417201279,2.2813341019,0.0008542032
48.8466140185,2.2813341019,0.00078525644
48.8515079091,2.2813341019,0.0006525711
48.8564017997,2.2813341019,0.00056323176
48.8612956903,2.2813341019,0.00047734316
48.8661895809,2.2813341019,0.00048956176
48.8710834715,2.2813341019,0.00046924464
48.8759773621,2.2813341019,0.00044425798
48.8808712527,2.2813341019,0.00028470237
48.8857651433,2.2813341019,-6.9293e-06
48.8906590339,2.2813341019,-4.2991775e-05
48.8955529245,2.2813341019,-3.3299042e-05
48.9004468151,2.2813341019,-1.40648535e-05
48.9053407057,2.2813341019,-5.5637893e-06
48.9102345963,2.2813341019,-3.2145874e-06
48.9151284869,2.2813341019,-2.517376e-05
48.9200223775,2.2813341019,-3.064299e-05
48.9249162681,2.2813341019,-4.3399206e-05
48.9298101587,2.2813341019,-5.1702413e-05
48.9347040493,2.2813341019,-5.458597e-05
48.9395979399,2.2813341019,-5.458597e-05
48.9444918305,2.2813341019,-2.8482562e-05
48.9493857211,2.2813341019,-2.5372678e-05
48.9542796117,2.2813341019,-2.4747851e-05
48.9591735023,2.2813341019,-2.4747851e-05
48.9640673929,2.2813341019,-2.4747851e-05
48.9689612835,2.2813341019,-2.4747851e-05
48.9738551741,2.2813341019,-2.4747851e-05
48.9787490647,2.2813341019,-2.4747851e-05
48.7389484253,2.2862279925,-4.447473e-05
48.7438423159,2.2862279925,-4.447473e-05
48.7487362065,2.2862279925,-4.447473e-05
48.7536300971,2.2862279925,-4.447473e-05
48.7585239877,2.2862279925,-4.447473e-05
48.7634178783,2.2862279925,-4.447473e-05
48.7683117689,2.2862279925,-4.168914e-05
48.7732056595,2.2862279925,-5.4232798e-05
48.7780995501,2.2862279925,-5.7220255e-05
48.7829934407,2.2862279925,-5.3673444e-05
48.7878873313,2.2862279925,-4.6282097e-05
48.7927812219,2.2862279925,-3.071366e-05
48.7976751125,2.2862279925,-2.1185193e-05
48.8025690031,2.2862279925,-9.132525e-07
48.8074628937,2.2862279925,-3.4383388e-06
48.8123567843,2.2862279925,9.217606e-07
48.8172506749,2.2862279925,0.00013838641
48.8221445655,2.2862279925,0.00037323538
48.8270384561,2.2862279925,0.000535414
48.8319323467,2.2862279925,0.00061395456
48.8368262373,2.2862279925,0.0006705324
48.8417201279,2.2862279925,0.00079639273
48.8466140185,2.2862279925,0.000727446
48.8515079091,2.2862279925,0.00059497094
48.8564017997,2.2862279925,0.0005056317
48.8612956903,2.2862279925,0.00054059207
48.8661895809,2.2862279925,0.0005580979
48.8710834715,2.2862279925,0.000550272
48.8759773621,2.2862279925,0.00052528514
48.8808712527,2.2862279925,0.00039436386
48.8857651433,2.2862279925,8.4665015e-05
48.8906590339,2.2862279925,4.5018623e-05
48.8955529245,2.2862279925,5.0407394e-05
48.9004468151,2.2862279925,2.4575911e-05
48.9053407057,2.2862279925,2.2620286e-05
48.9102345963,2.2862279925,2.0635653e-05
48.9151284869,2.2862279925,-1.3235033e-06
48.9200223775,2.2862279925,-1.6867236e-05
48.9249162681,2.2862279925,-3.241812e-05
48.9298101587,2.2862279925,-4.0721312e-05
48.9347040493,2.2862279925,-4.2530406e-05
48.9395979399,2.2862279925,-4.5777193e-05
48.9444918305,2.2862279925,-1.9673795e-05
48.9493857211,2.2862279925,-1.6563896e-05
48.9542796117,2.2862279925,-1.8157065e-05
48.9591735023,2.2862279925,-1.8157065e-05
48.9640673929,2.2862279925,-1.8157065e-05
48.9689612835,2.2862279925,-1.8157065e-05
48.9738551741,2.2862279925,-1.8157065e-05
48.9787490647,2.2862279925,-1.8157065e-05
48.7389484253,2.2911218831,-5.5966513e-05
48.7438423159,2.2911218831,-5.5966513e-05
48.7487362065,2.2911218831,-5.5966513e-05
48.7536300971,2.2911218831,-5.5966513e-05
48.7585239877,2.2911218831,-5.5966513e-05
48.7634178783,2.2911218831,-5.5966513e-05
48.7683117689,2.2911218831,-5.3180924e-05
48.7732056595,2.2911218831,-6.572458e-05
48.7780995501,2.2911218831,-6.871204e-05
48.7829934407,2.2911218831,-6.516523e-05
48.7878873313,2.2911218831,-5.6309564e-05
48.7927812219,2.2911218831,-4.0741143e-05
48.7976751125,2.2911218831,-3.121267e-05
48.8025690031,2.2911218831,-1.0940723e-05
48.8074628937,2.2911218831,-1.3465828e-05
48.8123567843,2.2911218831,-1.012237e-05
48.8172506749,2.2911218831,0.00012734224
48.8221445655,2.2911218831,0.0003621912
48.8270384561,2.2911218831,0.0005002391
48.8319323467,2.2911218831,0.00057877967
48.8368262373,2.2911218831,0.0006353575
48.8417201279,2.2911218831,0.00076121785
48.8466140185,2.2911218831,0.0006922711
48.8515079091,2.2911218831,0.00055979606
48.8564017997,2.2911218831,0.00047045687
48.8612956903,2.2911218831,0.0005320223
48.8661895809,2.2911218831,0.00054952817
48.8710834715,2.2911218831,0.00054170226
48.8759773621,2.2911218831,0.0005167154
48.8808712527,2.2911218831,0.00038579412
48.8857651433,2.2911218831,9.296195e-05
48.8906590339,2.2911218831,5.3315478e-05
48.8955529245,2.2911218831,5.8704303e-05
48.9004468151,2.2911218831,2.524711e-05
48.9053407057,2.2911218831,3.9881827e-05
48.9102345963,2.2911218831,3.0425555e-05
48.9151284869,2.2911218831,-7.754092e-06
48.9200223775,2.2911218831,-2.3297822e-05
48.9249162681,2.2911218831,-3.8848706e-05
48.9298101587,2.2911218831,-4.807788e-05
48.9347040493,2.2911218831,-4.9886974e-05
48.9395979399,2.2911218831,-5.3133746e-05
48.9444918305,2.2911218831,-2.7030354e-05
48.9493857211,2.2911218831,-2.3920462e-05
48.9542796117,2.2911218831,-2.5513631e-05
48.9591735023,2.2911218831,-2.5513631e-05
48.9640673929,2.2911218831,-2.5513631e-05
48.9689612835,2.2911218831,-2.5513631e-05
48.9738551741,2.2911218831,-2.5513631e-05
48.9787490647,2.2911218831,-2.5513631e-05
48.7389484253,2.2960157737,-4.435593e-05
48.7438423159,2.2960157737,-4.435593e-05
48.7487362065,2.2960157737,-4.435593e-05
48.7536300971,2.2960157737,-4.435593e-05
48.7585239877,2.2960157737,-4.435593e-05
48.7634178783,2.2960157737,-4.435593e-05
48.7683117689,2.2960157737,-4.1570347e-05
48.7732056595,2.2960157737,-5.4113978e-05
48.7780995501,2.2960157737,-5.710145e-05
48.7829934407,2.2960157737,-4.5071938e-05
48.7878873313,2.2960157737,-3.6216272e-05
48.7927812219,2.2960157737,-2.0647878e-05
48.7976751125,2.2960157737,-1.1119419e-05
48.8025690031,2.2960157737,9.152534e-06
48.8074628937,2.2960157737,6.6274283e-06
48.8123567843,2.2960157737,-9.348179e-06
48.8172506749,2.2960157737,0.00013068967
48.8221445655,2.2960157737,0.00036553878
48.8270384561,2.2960157737,0.0004946555
48.8319323467,2.2960157737,0.0005731961
48.8368262373,2.2960157737,0.00065277197
48.8417201279,2.2960157737,0.0007689267
48.8466140185,2.2960157737,0.00069997995
48.8515079091,2.2960157737,0.0005675049
48.8564017997,2.2960157737,0.00047816557
48.8612956903,2.2960157737,0.0005397312
48.8661895809,2.2960157737,0.00053417945
48.8710834715,2.2960157737,0.00053259317
48.8759773621,2.2960157737,0.0005076064
48.8808712527,2.2960157737,0.00037668506
48.8857651433,2.2960157737,0.00017989418
48.8906590339,2.2960157737,0.0001502526
48.8955529245,2.2960157737,0.00013086054
48.9004468151,2.2960157737,4.3956246e-05
48.9053407057,2.2960157737,2.699663e-05
48.9102345963,2.2960157737,3.067122e-05
48.9151284869,2.2960157737,-1.6932192e-05
48.9200223775,2.2960157737,-3.2475924e-05
48.9249162681,2.2960157737,-4.8018617e-05
48.9298101587,2.2960157737,-5.7247813e-05
48.9347040493,2.2960157737,-5.9056907e-05
48.9395979399,2.2960157737,-6.2303676e-05
48.9444918305,2.2960157737,-3.620028e-05
48.9493857211,2.2960157737,-3.3090382e-05
48.9542796117,2.2960157737,-3.4683548e-05
48.9591735023,2.2960157737,-3.4683548e-05
48.9640673929,2.2960157737,-3.4683548e-05
48.9689612835,2.2960157737,-3.4683548e-05
48.9738551741,2.2960157737,-3.4683548e-05
48.9787490647,2.2960157737,-3.4683548e-05
48.7389484253,2.3009096643,-2.6226622e-05
48.7438423159,2.3009096643,-2.6226622e-05
48.7487362065,2.3009096643,-2.6226622e-05
48.7536300971,2.3009096643,-2.6226622e-05
48.7585239877,2.3009096643,-2.6226622e-05
48.7634178783,2.3009096643,-2.6226622e-05
48.7683117689,2.3009096643,-2.344104e-05
48.7732056595,2.3009096643,-3.5984674e-05
48.7780995501,2.3009096643,-3.8972154e-05
48.7829934407,2.3009096643,-2.6942638e-05
48.7878873313,2.3009096643,-1.4441313e-05
48.7927812219,2.3009096643,3.6169226e-06
48.7976751125,2.3009096643,1.3145382e-05
48.8025690031,2.3009096643,3.3417313e-05
48.8074628937,2.3009096643,3.6715694e-05
48.8123567843,2.3009096643,5.5389213e-05
48.8172506749,2.3009096643,0.00019542701
48.8221445655,2.3009096643,0.00043027592
48.8270384561,2.3009096643,0.0005644638
48.8319323467,2.3009096643,0.0006430043
48.8368262373,2.3009096643,0.00069787353
48.8417201279,2.3009096643,0.00081402826
48.8466140185,2.3009096643,0.0007450815
48.8515079091,2.3009096643,0.00061260647
48.8564017997,2.3009096643,0.00052326714
48.8612956903,2.3009096643,0.00058483274
48.8661895809,2.3009096643,0.000579281
48.8710834715,2.3009096643,0.00057769474
48.8759773621,2.3009096643,0.000552708
48.8808712527,2.3009096643,0.0004447766
48.8857651433,2.3009096643,0.00019929606
48.8906590339,2.3009096643,0.00022918165
48.8955529245,2.3009096643,0.00019930107
48.9004468151,2.3009096643,0.00011093044
48.9053407057,2.3009096643,7.436451e-05
48.9102345963,2.3009096643,6.798802e-05
48.9151284869,2.3009096643,5.5409105e-06
48.9200223775,2.3009096643,-1.0002834e-05
48.9249162681,2.3009096643,-2.5545512e-05
48.9298101587,2.3009096643,-3.4950735e-05
48.9347040493,2.3009096643,-3.6759848e-05
48.9395979399,2.3009096643,-4.0006613e-05
48.9444918305,2.3009096643,-1.3903191e-05
48.9493857211,2.3009096643,-1.0793316e-05
48.9542796117,2.3009096643,-1.2386481e-05
48.9591735023,2.3009096643,-1.2386481e-05
48.9640673929,2.3009096643,-1.2386481e-05
48.9689612835,2.3009096643,-1.2386481e-05
48.9738551741,2.3009096643,-1.2386481e-05
48.9787490647,2.3009096643,-1.2386481e-05
48.7389484253,2.3058035549,-4.6419726e-05
48.7438423159,2.3058035549,-4.6419726e-05
48.7487362065,2.3058035549,-4.6419726e-05
48.7536300971,2.3058035549,-4.6419726e-05
48.7585239877,2.3058035549,-4.6419726e-05
48.7634178783,2.3058035549,-4.6419726e-05
48.7683117689,2.3058035549,-4.3634147e-05
48.7732056595,2.3058035549,-5.6177774e-05
48.7780995501,2.3058035549,-5.9165246e-05
48.7829934407,2.3058035549,-4.7135738e-05
48.7878873313,2.3058035549,-3.4634417e-05
48.7927812219,2.3058035549,-1.6576181e-05
48.7976751125,2.3058035549,1.9762142e-06
48.8025690031,2.3058035549,2.224816e-05
48.8074628937,2.3058035549,6.274474e-05
48.8123567843,2.3058035549,7.365313e-05
48.8172506749,2.3058035549,0.00023028042
48.8221445655,2.3058035549,0.0005430463
48.8270384561,2.3058035549,0.00065529137
48.8319323467,2.3058035549,0.00073383196
48.8368262373,2.3058035549,0.0008475463
48.8417201279,2.3058035549,0.00096370105
48.8466140185,2.3058035549,0.00089475425
48.8515079091,2.3058035549,0.00076227926
48.8564017997,2.3058035549,0.00071924104
48.8612956903,2.3058035549,0.00071721466
48.8661895809,2.3058035549,0.000710417
48.8710834715,2.3058035549,0.0006874954
48.8759773621,2.3058035549,0.0006625086
48.8808712527,2.3058035549,0.0005198527
48.8857651433,2.3058035549,0.00026079584
48.8906590339,2.3058035549,0.00034628873
48.8955529245,2.3058035549,0.00026545176
48.9004468151,2.3058035549,0.00016829264
48.9053407057,2.3058035549,0.00017575531
48.9102345963,2.3058035549,8.347811e-05
48.9151284869,2.3058035549,2.103098e-05
48.9200223775,2.3058035549,-1.1149859e-05
48.9249162681,2.3058035549,-2.6692542e-05
48.9298101587,2.3058035549,-3.609777e-05
48.9347040493,2.3058035549,-3.8670998e-05
48.9395979399,2.3058035549,-4.1917792e-05
48.9444918305,2.3058035549,-1.581437e-05
48.9493857211,2.3058035549,-1.270449e-05
48.9542796117,2.3058035549,-1.42976605e-05
48.9591735023,2.3058035549,-1.42976605e-05
48.9640673929,2.3058035549,-1.42976605e-05
48.9689612835,2.3058035549,-1.42976605e-05
48.9738551741,2.3058035549,-1.42976605e-05
48.9787490647,2.3058035549,-1.42976605e-05
48.7389484253,2.3106974455,-4.811008e-05
48.7438423159,2.3106974455,-4.811008e-05
48.7487362065,2.3106974455,-4.811008e-05
48.7536300971,2.3106974455,-4.811008e-05
48.7585239877,2.3106974455,-4.811008e-05
48.7634178783,2.3106974455,-4.811008e-05
48.7683117689,2.3106974455,-4.532449e-05
48.7732056595,2.3106974455,-5.7868132e-05
48.7780995501,2.3106974455,-6.085561e-05
48.7829934407,2.3106974455,-4.88261e-05
48.7878873313,2.3106974455,-3.6324767e-05
48.7927812219,2.3106974455,-1.8266535e-05
48.7976751125,2.3106974455,2.85871e-07
48.8025690031,2.3106974455,3.474532e-05
48.8074628937,2.3106974455,7.524191e-05
48.8123567843,2.3106974455,8.744736e-05
48.8172506749,2.3106974455,0.00042139183
48.8221445655,2.3106974455,0.0007186729
48.8270384561,2.3106974455,0.00083091843
48.8319323467,2.3106974455,0.0009798707
48.8368262373,2.3106974455,0.0012053763
48.8417201279,2.3106974455,0.0013238045
48.8466140185,2.3106974455,0.0012548579
48.8515079091,2.3106974455,0.0010252804
48.8564017997,2.3106974455,0.000982242
48.8612956903,2.3106974455,0.0009860919
48.8661895809,2.3106974455,0.0009792943
48.8710834715,2.3106974455,0.00095637236
48.8759773621,2.3106974455,0.0009313858
48.8808712527,2.3106974455,0.0007930812
48.8857651433,2.3106974455,0.00053356274
48.8906590339,2.3106974455,0.0004967799
48.8955529245,2.3106974455,0.00041594278
48.9004468151,2.3106974455,0.00031383368
48.9053407057,2.3106974455,0.0001811544
48.9102345963,2.3106974455,0.000101153826
48.9151284869,2.3106974455,3.870666e-05
48.9200223775,2.3106974455,2.390275e-07
48.9249162681,2.3106974455,-1.5303656e-05
48.9298101587,2.3106974455,-2.4708883e-05
48.9347040493,2.3106974455,-3.32719e-05
48.9395979399,2.3106974455,-3.651869e-05
48.9444918305,2.3106974455,-1.0415282e-05
48.9493857211,2.3106974455,-7.305393e-06
48.9542796117,2.3106974455,-8.898567e-06
48.9591735023,2.3106974455,-8.898567e-06
48.9640673929,2.3106974455,-8.898567e-06
48.9689612835,2.3106974455,-8.898567e-06
48.9738551741,2.3106974455,-8.898567e-06
48.9787490647,2.3106974455,-8.898567e-06
48.7389484253,2.3155913361,-9.243142e-05
48.7438423159,2.3155913361,-9.243142e-05
48.7487362065,2.3155913361,-9.243142e-05
48.7536300971,2.3155913361,-9.243142e-05
48.7585239877,2.3155913361,-9.243142e-05
48.7634178783,2.3155913361,-9.243142e-05
48.7683117689,2.3155913361,-8.964584e-05
48.7732056595,2.3155913361,-0.000102189486
48.7780995501,2.3155913361,-0.000105176936
48.7829934407,2.3155913361,-9.314745e-05
48.7878873313,2.3155913361,-8.064612e-05
48.7927812219,2.3155913361,-6.258787e-05
48.7976751125,2.3155913361,-4.4035478e-05
48.8025690031,2.3155913361,7.950197e-06
48.8074628937,2.3155913361,7.264089e-05
48.8123567843,2.3155913361,0.00013531905
48.8172506749,2.3155913361,0.00064022996
48.8221445655,2.3155913361,0.0010153563
48.8270384561,2.3155913361,0.0010885259
48.8319323467,2.3155913361,0.0013367706
48.8368262373,2.3155913361,0.0016317363
48.8417201279,2.3155913361,0.0017863805
48.8466140185,2.3155913361,0.0017265131
48.8515079091,2.3155913361,0.0015093654
48.8564017997,2.3155913361,0.0014663272
48.8612956903,2.3155913361,0.0014173511
48.8661895809,2.3155913361,0.0014105535
48.8710834715,2.3155913361,0.0015274055
48.8759773621,2.3155913361,0.0015024188
48.8808712527,2.3155913361,0.0013620364
48.8857651433,2.3155913361,0.0009892844
48.8906590339,2.3155913361,0.00062028976
48.8955529245,2.3155913361,0.00050421146
48.9004468151,2.3155913361,0.00044016194
48.9053407057,2.3155913361,0.0001698434
48.9102345963,2.3155913361,7.2965195e-05
48.9151284869,2.3155913361,4.760707e-06
48.9200223775,2.3155913361,-3.370691e-05
48.9249162681,2.3155913361,-4.9249615e-05
48.9298101587,2.3155913361,-5.8654838e-05
48.9347040493,2.3155913361,-6.721788e-05
48.9395979399,2.3155913361,-7.0464645e-05
48.9444918305,2.3155913361,-4.436122e-05
48.9493857211,2.3155913361,-4.1251336e-05
48.9542796117,2.3155913361,-4.2844502e-05
48.9591735023,2.3155913361,-4.2844502e-05
48.9640673929,2.3155913361,-4.2844502e-05
48.9689612835,2.3155913361,-4.2844502e-05
48.9738551741,2.3155913361,-4.2844502e-05
48.9787490647,2.3155913361,-4.2844502e-05
48.7389484253,2.3204852267,-9.9222336e-05
48.7438423159,2.3204852267,-9.9222336e-05
48.7487362065,2.3204852267,-9.9222336e-05
48.7536300971,2.3204852267,-9.9222336e-05
48.7585239877,2.3204852267,-9.9222336e-05
48.7634178783,2.3204852267,-9.9222336e-05
48.7683117689,2.3204852267,-9.6436735e-05
48.7732056595,2.3204852267,-0.0001089804
48.7780995501,2.3204852267,-0.00011196785
48.7829934407,2.3204852267,-9.993835e-05
48.7878873313,2.3204852267,-8.743703e-05
48.7927812219,2.3204852267,-6.937879e-05
48.7976751125,2.3204852267,-5.082639e-05
48.8025690031,2.3204852267,1.7828706e-05
48.8074628937,2.3204852267,0.00012517764
48.8123567843,2.3204852267,0.00041379145
48.8172506749,2.3204852267,0.0008774745
48.8221445655,2.3204852267,0.0013717902
48.8270384561,2.3204852267,0.0015092599
48.8319323467,2.3204852267,0.0019084208
48.8368262373,2.3204852267,0.0022033867
48.8417201279,2.3204852267,0.0024992472
48.8466140185,2.3204852267,0.00243938
48.8515079091,2.3204852267,0.0022574863
48.8564017997,2.3204852267,0.002214448
48.8612956903,2.3204852267,0.002124202
48.8661895809,2.3204852267,0.0022080345
48.8710834715,2.3204852267,0.0027106695
48.8759773621,2.3204852267,0.003140481
48.8808712527,2.3204852267,0.0022771799
48.8857651433,2.3204852267,0.001546485
48.8906590339,2.3204852267,0.0009332363
48.8955529245,2.3204852267,0.00051463826
48.9004468151,2.3204852267,0.00039153823
48.9053407057,2.3204852267,0.00015382768
48.9102345963,2.3204852267,5.6949462e-05
48.9151284869,2.3204852267,-1.1255028e-05
48.9200223775,2.3204852267,-4.972266e-05
48.9249162681,2.3204852267,-6.526536e-05
48.9298101587,2.3204852267,-7.4670585e-05
48.9347040493,2.3204852267,-8.3233615e-05
48.9395979399,2.3204852267,-8.648037e-05
48.9444918305,2.3204852267,-6.037697e-05
48.9493857211,2.3204852267,-5.726708e-05
48.9542796117,2.3204852267,-5.8860252e-05
48.9591735023,2.3204852267,-5.8860252e-05
48.9640673929,2.3204852267,-5.8860252e-05
48.9689612835,2.3204852267,-5.8860252e-05
48.9738551741,2.3204852267,-5.8860252e-05
48.9787490647,2.3204852267,-5.8860252e-05
48.7389484253,2.3253791173,-8.1088176e-05
48.7438423159,2.3253791173,-8.1088176e-05
48.7487362065,2.3253791173,-8.1088176e-05
48.7536300971,2.3253791173,-8.1088176e-05
48.7585239877,2.3253791173,-8.1088176e-05
48.7634178783,2.3253791173,-8.1088176e-05
48.7683117689,2.3253791173,-0.00010230296
48.7732056595,2.3253791173,-0.00011711758
48.7780995501,2.3253791173,-0.00012010505
48.7829934407,2.3253791173,-0.00010807556
48.7878873313,2.3253791173,-9.557423e-05
48.7927812219,2.3253791173,-7.7516e-05
48.7976751125,2.3253791173,-5.8963604e-05
48.8025690031,2.3253791173,9.691479e-06
48.8074628937,2.3253791173,0.00012351014
48.8123567843,2.3253791173,0.00067618705
48.8172506749,2.3253791173,0.0011441339
48.8221445655,2.3253791173,0.0014194896
48.8270384561,2.3253791173,0.0014989283
48.8319323467,2.3253791173,0.001864522
48.8368262373,2.3253791173,0.0021436862
48.8417201279,2.3253791173,0.0024489125
48.8466140185,2.3253791173,0.002394478
48.8515079091,2.3253791173,0.0024220035
48.8564017997,2.3253791173,0.0024825437
48.8612956903,2.3253791173,0.0024285223
48.8661895809,2.3253791173,0.0025123553
48.8710834715,2.3253791173,0.0031008737
48.8759773621,2.3253791173,0.003530685
48.8808712527,2.3253791173,0.0025997346
48.8857651433,2.3253791173,0.00157684
48.8906590339,2.3253791173,0.00096359104
48.8955529245,2.3253791173,0.0005423364
48.9004468151,2.3253791173,0.00035663066
48.9053407057,2.3253791173,0.0001357325
48.9102345963,2.3253791173,4.7525453e-05
48.9151284869,2.3253791173,-3.276426e-05
48.9200223775,2.3253791173,-7.1231916e-05
48.9249162681,2.3253791173,-8.6774606e-05
48.9298101587,2.3253791173,-9.6179836e-05
48.9347040493,2.3253791173,-0.00010474284
48.9395979399,2.3253791173,-0.00010798962
48.9444918305,2.3253791173,-8.3925224e-05
48.9493857211,2.3253791173,-7.798359e-05
48.9542796117,2.3253791173,-6.837908e-05
48.9591735023,2.3253791173,-6.837908e-05
48.9640673929,2.3253791173,-6.837908e-05
48.9689612835,2.3253791173,-6.837908e-05
48.9738551741,2.3253791173,-6.837908e-05
48.9787490647,2.3253791173,-6.837908e-05
48.7389484253,2.3302730079,-9.347942e-05
48.7438423159,2.3302730079,-9.347942e-05
48.7487362065,2.3302730079,-9.347942e-05
48.7536300971,2.3302730079,-9.347942e-05
48.7585239877,2.3302730079,-9.347942e-05
48.7634178783,2.3302730079,-9.347942e-05
48.7683117689,2.3302730079,-0.00011469421
48.7732056595,2.3302730079,-0.00012950882
48.7780995501,2.3302730079,-0.00013249626
48.7829934407,2.3302730079,-0.00012046681
48.7878873313,2.3302730079,-0.00010796549
48.7927812219,2.3302730079,-8.990725e-05
48.7976751125,2.3302730079,-7.135484e-05
48.8025690031,2.3302730079,-2.6997361e-06
48.8074628937,2.3302730079,0.00014053693
48.8123567843,2.3302730079,0.00073511637
48.8172506749,2.3302730079,0.0010865662
48.8221445655,2.3302730079,0.0013459123
48.8270384561,2.3302730079,0.0014226994
48.8319323467,2.3302730079,0.0017882931
48.8368262373,2.3302730079,0.0020765457
48.8417201279,2.3302730079,0.0023419799
48.8466140185,2.3302730079,0.0022875455
48.8515079091,2.3302730079,0.0023796773
48.8564017997,2.3302730079,0.0024402174
48.8612956903,2.3302730079,0.002386196
48.8661895809,2.3302730079,0.002470029
48.8710834715,2.3302730079,0.003040776
48.8759773621,2.3302730079,0.0033822486
48.8808712527,2.3302730079,0.002425697
48.8857651433,2.3302730079,0.001409236
48.8906590339,2.3302730079,0.00086224556
48.8955529245,2.3302730079,0.00043328348
48.9004468151,2.3302730079,0.00028914685
48.9053407057,2.3302730079,0.00013480411
48.9102345963,2.3302730079,5.358915e-05
48.9151284869,2.3302730079,-2.6700616e-05
48.9200223775,2.3302730079,-7.486448e-05
48.9249162681,2.3302730079,-9.652521e-05
48.9298101587,2.3302730079,-0.000105930434
48.9347040493,2.3302730079,-0.00011449345
48.9395979399,2.3302730079,-0.00012067384
48.9444918305,2.3302730079,-9.660945e-05
48.9493857211,2.3302730079,-9.066779e-05
48.9542796117,2.3302730079,-8.1063314e-05
48.9591735023,2.3302730079,-8.1063314e-05
48.9640673929,2.3302730079,-8.1063314e-05
48.9689612835,2.3302730079,-8.1063314e-05
48.9738551741,2.3302730079,-8.1063314e-05
48.9787490647,2.3302730079,-8.1063314e-05
48.7389484253,2.3351668985000003,-0.00011122976
48.7438423159,2.3351668985000003,-0.00011122976
48.7487362065,2.3351668985000003,-0.00011122976
48.7536300971,2.3351668985000003,-0.00011122976
48.7585239877,2.3351668985000003,-0.00011122976
48.7634178783,2.3351668985000003,-0.00011122976
48.7683117689,2.3351668985000003,-0.00013244456
48.7732056595,2.3351668985000003,-0.00014725918
48.7780995501,2.3351668985000003,-0.00015024663
48.7829934407,2.3351668985000003,-0.00012931992
48.7878873313,2.3351668985000003,-0.0001168186
48.7927812219,2.3351668985000003,-9.876037e-05
48.7976751125,2.3351668985000003,-6.991871e-05
48.8025690031,2.3351668985000003,1.4562478e-05
48.8074628937,2.3351668985000003,0.00015779922
48.8123567843,2.3351668985000003,0.000830499
48.8172506749,2.3351668985000003,0.0014365268
48.8221445655,2.3351668985000003,0.0016877902
48.8270384561,2.3351668985000003,0.0017579582
48.8319323467,2.3351668985000003,0.0017708541
48.8368262373,2.3351668985000003,0.0019911092
48.8417201279,2.3351668985000003,0.002173679
48.8466140185,2.3351668985000003,0.002183116
48.8515079091,2.3351668985000003,0.002387895
48.8564017997,2.3351668985000003,0.0025503256
48.8612956903,2.3351668985000003,0.002467383
48.8661895809,2.3351668985000003,0.0025404997
48.8710834715,2.3351668985000003,0.0026310296
48.8759773621,2.3351668985000003,0.0024923356
48.8808712527,2.3351668985000003,0.0020598974
48.8857651433,2.3351668985000003,0.0011701079
48.8906590339,2.3351668985000003,0.0006701603
48.8955529245,2.3351668985000003,0.0003198182
48.9004468151,2.3351668985000003,0.00027995306
48.9053407057,2.3351668985000003,0.0001348778
48.9102345963,2.3351668985000003,5.3662767e-05
48.9151284869,2.3351668985000003,-2.6626973e-05
48.9200223775,2.3351668985000003,-7.479085e-05
48.9249162681,2.3351668985000003,-9.645158e-05
48.9298101587,2.3351668985000003,-0.0001151242
48.9347040493,2.3351668985000003,-0.00012368723
48.9395979399,2.3351668985000003,-0.00012986762
48.9444918305,2.3351668985000003,-0.00010580322
48.9493857211,2.3351668985000003,-9.986157e-05
48.9542796117,2.3351668985000003,-9.0257075e-05
48.9591735023,2.3351668985000003,-9.0257075e-05
48.9640673929,2.3351668985000003,-9.0257075e-05
48.9689612835,2.3351668985000003,-9.0257075e-05
48.9738551741,2.3351668985000003,-9.0257075e-05
48.9787490647,2.3351668985000003,-9.0257075e-05
48.7389484253,2.3400607891000003,-9.673648e-05
48.7438423159,2.3400607891000003,-9.673648e-05
48.7487362065,2.3400607891000003,-9.673648e-05
48.7536300971,2.3400607891000003,-9.673648e-05
48.7585239877,2.3400607891000003,-9.673648e-05
48.7634178783,2.3400607891000003,-9.673648e-05
48.7683117689,2.3400607891000003,-0.0001179513
48.7732056595,2.3400607891000003,-0.00013166436
48.7780995501,2.3400607891000003,-0.00013465183
48.7829934407,2.3400607891000003,-0.00011372509
48.7878873313,2.3400607891000003,-0.000101223755
48.7927812219,2.3400607891000003,-8.316555e-05
48.7976751125,2.3400607891000003,-4.384791e-05
48.8025690031,2.3400607891000003,4.0633277e-05
48.8074628937,2.3400607891000003,0.00018419765
48.8123567843,2.3400607891000003,0.00087806163
48.8172506749,2.3400607891000003,0.0016065646
48.8221445655,2.3400607891000003,0.0018591406
48.8270384561,2.3400607891000003,0.0019017154
48.8319323467,2.3400607891000003,0.0017811835
48.8368262373,2.3400607891000003,0.0018654912
48.8417201279,2.3400607891000003,0.002048061
48.8466140185,2.3400607891000003,0.0020574976
48.8515079091,2.3400607891000003,0.0024210229
48.8564017997,2.3400607891000003,0.0025863517
48.8612956903,2.3400607891000003,0.002503409
48.8661895809,2.3400607891000003,0.0025719134
48.8710834715,2.3400607891000003,0.0026052136
48.8759773621,2.3400607891000003,0.00246652
48.8808712527,2.3400607891000003,0.002019903
48.8857651433,2.3400607891000003,0.0011765026
48.8906590339,2.3400607891000003,0.00067655515
48.8955529245,2.3400607891000003,0.0003262132
48.9004468151,2.3400607891000003,0.000286348
48.9053407057,2.3400607891000003,0.00017071012
48.9102345963,2.3400607891000003,7.156995e-05
48.9151284869,2.3400607891000003,-8.719784e-06
48.9200223775,2.3400607891000003,-5.688363e-05
48.9249162681,2.3400607891000003,-9.005663e-05
48.9298101587,2.3400607891000003,-0.00010872927
48.9347040493,2.3400607891000003,-0.000117292315
48.9395979399,2.3400607891000003,-0.0001234727
48.9444918305,2.3400607891000003,-9.940829e-05
48.9493857211,2.3400607891000003,-9.346664e-05
48.9542796117,2.3400607891000003,-8.386215e-05
48.9591735023,2.3400607891000003,-8.386215e-05
48.9640673929,2.3400607891000003,-8.386215e-05
48.9689612835,2.3400607891000003,-8.386215e-05
48.9738551741,2.3400607891000003,-8.386215e-05
48.9787490647,2.3400607891000003,-8.386215e-05
48.7389484253,2.3449546797000003,-7.817171e-05
48.7438423159,2.3449546797000003,-7.817171e-05
48.7487362065,2.3449546797000003,-7.817171e-05
48.7536300971,2.3449546797000003,-7.817171e-05
48.7585239877,2.3449546797000003,-7.817171e-05
48.7634178783,2.3449546797000003,-7.817171e-05
48.7683117689,2.3449546797000003,-9.93865e-05
48.7732056595,2.3449546797000003,-0.00011309957
48.7780995501,2.3449546797000003,-0.00011608704
48.7829934407,2.3449546797000003,-9.516031e-05
48.7878873313,2.3449546797000003,-8.265899e-05
48.7927812219,2.3449546797000003,-6.460076e-05
48.7976751125,2.3449546797000003,-2.5283145e-05
48.8025690031,2.3449546797000003,5.9198057e-05
48.8074628937,2.3449546797000003,0.00020817158
48.8123567843,2.3449546797000003,0.0008960909
48.8172506749,2.3449546797000003,0.0015632947
48.8221445655,2.3449546797000003,0.001709301
48.8270384561,2.3449546797000003,0.0017267889
48.8319323467,2.3449546797000003,0.0015863851
48.8368262373,2.3449546797000003,0.0017319912
48.8417201279,2.3449546797000003,0.0018624042
48.8466140185,2.3449546797000003,0.001969746
48.8515079091,2.3449546797000003,0.002444975
48.8564017997,2.3449546797000003,0.002610304
48.8612956903,2.3449546797000003,0.0025273613
48.8661895809,2.3449546797000003,0.002590898
48.8710834715,2.3449546797000003,0.002624198
48.8759773621,2.3449546797000003,0.0024855046
48.8808712527,2.3449546797000003,0.0020298336
48.8857651433,2.3449546797000003,0.001223869
48.8906590339,2.3449546797000003,0.0006938253
48.8955529245,2.3449546797000003,0.0004171682
48.9004468151,2.3449546797000003,0.00038075144
48.9053407057,2.3449546797000003,0.000304372
48.9102345963,2.3449546797000003,0.0001466239
48.9151284869,2.3449546797000003,6.6334185e-05
48.9200223775,2.3449546797000003,-1.1855129e-05
48.9249162681,2.3449546797000003,-4.502809e-05
48.9298101587,2.3449546797000003,-7.455589e-05
48.9347040493,2.3449546797000003,-8.65675e-05
48.9395979399,2.3449546797000003,-9.2747905e-05
48.9444918305,2.3449546797000003,-7.024633e-05
48.9493857211,2.3449546797000003,-6.430468e-05
48.9542796117,2.3449546797000003,-5.470018e-05
48.9591735023,2.3449546797000003,-5.470018e-05
48.9640673929,2.3449546797000003,-5.470018e-05
48.9689612835,2.3449546797000003,-5.470018e-05
48.9738551741,2.3449546797000003,-5.470018e-05
48.9787490647,2.3449546797000003,-5.470018e-05
48.7389484253,2.3498485703,-1.3687964e-05
48.7438423159,2.3498485703,-1.3687964e-05
48.7487362065,2.3498485703,-1.3687964e-05
48.7536300971,2.3498485703,-1.3687964e-05
48.7585239877,2.3498485703,-1.3687964e-05
48.7634178783,2.3498485703,-1.3687964e-05
48.7683117689,2.3498485703,-3.3732715e-05
48.7732056595,2.3498485703,-4.7445785e-05
48.7780995501,2.3498485703,-5.043325e-05
48.7829934407,2.3498485703,-2.9506506e-05
48.7878873313,2.3498485703,-1.7005183e-05
48.7927812219,2.3498485703,1.0530553e-06
48.7976751125,2.3498485703,4.037068e-05
48.8025690031,2.3498485703,0.00013166302
48.8074628937,2.3498485703,0.00032523228
48.8123567843,2.3498485703,0.0009973018
48.8172506749,2.3498485703,0.0018165999
48.8221445655,2.3498485703,0.001916969
48.8270384561,2.3498485703,0.0019143795
48.8319323467,2.3498485703,0.0017662245
48.8368262373,2.3498485703,0.0019118306
48.8417201279,2.3498485703,0.0020339368
48.8466140185,2.3498485703,0.0021439474
48.8515079091,2.3498485703,0.002565563
48.8564017997,2.3498485703,0.0027308918
48.8612956903,2.3498485703,0.0027423163
48.8661895809,2.3498485703,0.002805853
48.8710834715,2.3498485703,0.0028414526
48.8759773621,2.3498485703,0.002702759
48.8808712527,2.3498485703,0.002361623
48.8857651433,2.3498485703,0.0018335358
48.8906590339,2.3498485703,0.0012797276
48.8955529245,2.3498485703,0.0009822205
48.9004468151,2.3498485703,0.0008517065
48.9053407057,2.3498485703,0.00045073166
48.9102345963,2.3498485703,0.00029966803
48.9151284869,2.3498485703,0.00021937847
48.9200223775,2.3498485703,0.00011508391
48.9249162681,2.3498485703,3.3557964e-05
48.9298101587,2.3498485703,4.030169e-06
48.9347040493,2.3498485703,-7.217293e-06
48.9395979399,2.3498485703,-1.6247246e-05
48.9444918305,2.3498485703,1.168702e-06
48.9493857211,2.3498485703,4.918403e-06
48.9542796117,2.3498485703,1.1969099e-05
48.9591735023,2.3498485703,1.1969099e-05
48.9640673929,2.3498485703,1.1969099e-05
48.9689612835,2.3498485703,1.1969099e-05
48.9738551741,2.3498485703,1.1969099e-05
48.9787490647,2.3498485703,1.1969099e-05
48.7389484253,2.3547424609,6.792818e-06
48.7438423159,2.3547424609,6.792818e-06
48.7487362065,2.3547424609,6.792818e-06
48.7536300971,2.3547424609,6.792818e-06
48.7585239877,2.3547424609,6.792818e-06
48.7634178783,2.3547424609,6.792818e-06
48.7683117689,2.3547424609,-1.3251922e-05
48.7732056595,2.3547424609,-2.6964992e-05
48.7780995501,2.3547424609,-2.9952442e-05
48.7829934407,2.3547424609,-9.025704e-06
48.7878873313,2.3547424609,3.4756e-06
48.7927812219,2.3547424609,2.153385e-05
48.7976751125,2.3547424609,6.085151e-05
48.8025690031,2.3547424609,0.0001593024
48.8074628937,2.3547424609,0.00049353734
48.8123567843,2.3547424609,0.0012451751
48.8172506749,2.3547424609,0.0022038426
48.8221445655,2.3547424609,0.002276339
48.8270384561,2.3547424609,0.0022881855
48.8319323467,2.3547424609,0.0020860913
48.8368262373,2.3547424609,0.0022222274
48.8417201279,2.3547424609,0.0023443338
48.8466140185,2.3547424609,0.0024543444
48.8515079091,2.3547424609,0.002824326
48.8564017997,2.3547424609,0.0028363853
48.8612956903,2.3547424609,0.0026996005
48.8661895809,2.3547424609,0.0028307093
48.8710834715,2.3547424609,0.0030155585
48.8759773621,2.3547424609,0.003268807
48.8808712527,2.3547424609,0.002937624
48.8857651433,2.3547424609,0.0024095355
48.8906590339,2.3547424609,0.0018774498
48.8955529245,2.3547424609,0.0014788664
48.9004468151,2.3547424609,0.0010755577
48.9053407057,2.3547424609,0.0005915798
48.9102345963,2.3547424609,0.00038246828
48.9151284869,2.3547424609,0.0003021786
48.9200223775,2.3547424609,0.00019788404
48.9249162681,2.3547424609,0.00011635822
48.9298101587,2.3547424609,8.683043e-05
48.9347040493,2.3547424609,7.558293e-05
48.9395979399,2.3547424609,6.655298e-05
48.9444918305,2.3547424609,8.126682e-05
48.9493857211,2.3547424609,6.797344e-05
48.9542796117,2.3547424609,7.502414e-05
48.9591735023,2.3547424609,7.502414e-05
48.9640673929,2.3547424609,7.502414e-05
48.9689612835,2.3547424609,7.502414e-05
48.9738551741,2.3547424609,7.502414e-05
48.9787490647,2.3547424609,7.502414e-05
48.7389484253,2.3596363515,2.1254707e-05
48.7438423159,2.3596363515,2.1254707e-05
48.7487362065,2.3596363515,2.1254707e-05
48.7536300971,2.3596363515,2.1254707e-05
48.7585239877,2.3596363515,2.1254707e-05
48.7634178783,2.3596363515,2.1254707e-05
48.7683117689,2.3596363515,1.2099613e-06
48.7732056595,2.3596363515,-1.2503109e-05
48.7780995501,2.3596363515,-1.549056e-05
48.7829934407,2.3596363515,5.4361867e-06
48.7878873313,2.3596363515,1.7937486e-05
48.7927812219,2.3596363515,3.5995727e-05
48.7976751125,2.3596363515,7.53134e-05
48.8025690031,2.3596363515,0.00017376427
48.8074628937,2.3596363515,0.00050799927
48.8123567843,2.3596363515,0.0012596371
48.8172506749,2.3596363515,0.0022069672
48.8221445655,2.3596363515,0.0023052162
48.8270384561,2.3596363515,0.002312419
48.8319323467,2.3596363515,0.0020774647
48.8368262373,2.3596363515,0.0022136008
48.8417201279,2.3596363515,0.0023357067
48.8466140185,2.3596363515,0.0024457178
48.8515079091,2.3596363515,0.002768108
48.8564017997,2.3596363515,0.0027801672
48.8612956903,2.3596363515,0.0026433824
48.8661895809,2.3596363515,0.002783443
48.8710834715,2.3596363515,0.0029682922
48.8759773621,2.3596363515,0.0032215407
48.8808712527,2.3596363515,0.0029121442
48.8857651433,2.3596363515,0.0023840556
48.8906590339,2.3596363515,0.0018853772
48.8955529245,2.3596363515,0.0014867936
48.9004468151,2.3596363515,0.001083485
48.9053407057,2.3596363515,0.0005424556
48.9102345963,2.3596363515,0.00033334398
48.9151284869,2.3596363515,0.0002530544
48.9200223775,2.3596363515,0.00014875978
48.9249162681,2.3596363515,0.00012218076
48.9298101587,2.3596363515,9.265295e-05
48.9347040493,2.3596363515,8.140546e-05
48.9395979399,2.3596363515,7.23755e-05
48.9444918305,2.3596363515,8.708934e-05
48.9493857211,2.3596363515,7.379597e-05
48.9542796117,2.3596363515,8.084668e-05
48.9591735023,2.3596363515,8.084668e-05
48.9640673929,2.3596363515,8.084668e-05
48.9689612835,2.3596363515,8.084668e-05
48.9738551741,2.3596363515,8.084668e-05
48.9787490647,2.3596363515,8.084668e-05
48.7389484253,2.3645302421,4.7414076e-05
48.7438423159,2.3645302421,4.7414076e-05
48.7487362065,2.3645302421,4.7414076e-05
48.7536300971,2.3645302421,4.7414076e-05
48.7585239877,2.3645302421,4.7414076e-05
48.7634178783,2.3645302421,4.7414076e-05
48.7683117689,2.3645302421,2.7369339e-05
48.7732056595,2.3645302421,1.3656291e-05
48.7780995501,2.3645302421,1.0668818e-05
48.7829934407,2.3645302421,3.1595555e-05
48.7878873313,2.3645302421,4.4096872e-05
48.7927812219,2.3645302421,6.21551e-05
48.7976751125,2.3645302421,0.00010147276
48.8025690031,2.3645302421,0.00019992366
48.8074628937,2.3645302421,0.0005276889
48.8123567843,2.3645302421,0.0012770043
48.8172506749,2.3645302421,0.0022034284
48.8221445655,2.3645302421,0.0022922144
48.8270384561,2.3645302421,0.0023463112
48.8319323467,2.3645302421,0.002111357
48.8368262373,2.3645302421,0.0025466685
48.8417201279,2.3645302421,0.002881699
48.8466140185,2.3645302421,0.00299171
48.8515079091,2.3645302421,0.002705825
48.8564017997,2.3645302421,0.0026649227
48.8612956903,2.3645302421,0.002441843
48.8661895809,2.3645302421,0.0025621313
48.8710834715,2.3645302421,0.0026011027
48.8759773621,2.3645302421,0.0028543512
48.8808712527,2.3645302421,0.002734725
48.8857651433,2.3645302421,0.0022438017
48.8906590339,2.3645302421,0.0017784648
48.8955529245,2.3645302421,0.0013886549
48.9004468151,2.3645302421,0.0009853467
48.9053407057,2.3645302421,0.00043483044
48.9102345963,2.3645302421,0.00022571906
48.9151284869,2.3645302421,0.0001502729
48.9200223775,2.3645302421,6.2380685e-05
48.9249162681,2.3645302421,3.5801644e-05
48.9298101587,2.3645302421,1.09169005e-05
48.9347040493,2.3645302421,-3.305591e-07
48.9395979399,2.3645302421,-9.360524e-06
48.9444918305,2.3645302421,5.3533245e-06
48.9493857211,2.3645302421,2.4269386e-05
48.9542796117,2.3645302421,3.1320084e-05
48.9591735023,2.3645302421,3.1320084e-05
48.9640673929,2.3645302421,3.1320084e-05
48.9689612835,2.3645302421,3.1320084e-05
48.9738551741,2.3645302421,3.1320084e-05
48.9787490647,2.3645302421,3.1320084e-05
48.7389484253,2.3694241327,-2.686264e-05
48.7438423159,2.3694241327,-2.686264e-05
48.7487362065,2.3694241327,-2.686264e-05
48.7536300971,2.3694241327,-2.686264e-05
48.7585239877,2.3694241327,-2.686264e-05
48.7634178783,2.3694241327,-2.686264e-05
48.7683117689,2.3694241327,-4.6907393e-05
48.7732056595,2.3694241327,-6.062045e-05
48.7780995501,2.3694241327,-6.360791e-05
48.7829934407,2.3694241327,-4.2681182e-05
48.7878873313,2.3694241327,-3.0179866e-05
48.7927812219,2.3694241327,-1.212163e-05
48.7976751125,2.3694241327,2.7196025e-05
48.8025690031,2.3694241327,0.00012564693
48.8074628937,2.3694241327,0.00045054615
48.8123567843,2.3694241327,0.0012039273
48.8172506749,2.3694241327,0.002115715
48.8221445655,2.3694241327,0.0022102478
48.8270384561,2.3694241327,0.0023081813
48.8319323467,2.3694241327,0.0021507517
48.8368262373,2.3694241327,0.0030504267
48.8417201279,2.3694241327,0.0035199316
48.8466140185,2.3694241327,0.0035434212
48.8515079091,2.3694241327,0.0024366959
48.8564017997,2.3694241327,0.0022356913
48.8612956903,2.3694241327,0.0019321484
48.8661895809,2.3694241327,0.0019913176
48.8710834715,2.3694241327,0.0018912249
48.8759773621,2.3694241327,0.0018250888
48.8808712527,2.3694241327,0.0020697122
48.8857651433,2.3694241327,0.0019322813
48.8906590339,2.3694241327,0.0015660964
48.8955529245,2.3694241327,0.0011762868
48.9004468151,2.3694241327,0.0008480345
48.9053407057,2.3694241327,0.00029751804
48.9102345963,2.3694241327,0.00012542488
48.9151284869,2.3694241327,6.292804e-05
48.9200223775,2.3694241327,-2.4964129e-05
48.9249162681,2.3694241327,-5.15432e-05
48.9298101587,2.3694241327,-7.6427925e-05
48.9347040493,2.3694241327,-8.767539e-05
48.9395979399,2.3694241327,-9.6705364e-05
48.9444918305,2.3694241327,-8.19915e-05
48.9493857211,2.3694241327,-6.307542e-05
48.9542796117,2.3694241327,-5.6024717e-05
48.9591735023,2.3694241327,-5.6024717e-05
48.9640673929,2.3694241327,-5.6024717e-05
48.9689612835,2.3694241327,-5.6024717e-05
48.9738551741,2.3694241327,-5.6024717e-05
48.9787490647,2.3694241327,-5.6024717e-05
48.7389484253,2.3743180233,-6.5365246e-05
48.7438423159,2.3743180233,-6.5365246e-05
48.7487362065,2.3743180233,-6.5365246e-05
48.7536300971,2.3743180233,-6.5365246e-05
48.7585239877,2.3743180233,-6.5365246e-05
48.7634178783,2.3743180233,-6.5365246e-05
48.7683117689,2.3743180233,-8.486452e-05
48.7732056595,2.3743180233,-9.857758e-05
48.7780995501,2.3743180233,-0.00010156503
48.7829934407,2.3743180233,-8.063831e-05
48.7878873313,2.3743180233,-6.813699e-05
48.7927812219,2.3743180233,-5.0078765e-05
48.7976751125,2.3743180233,-1.07611295e-05
48.8025690031,2.3743180233,6.107822e-05
48.8074628937,2.3743180233,0.00032574867
48.8123567843,2.3743180233,0.00083057326
48.8172506749,2.3743180233,0.0018318027
48.8221445655,2.3743180233,0.0021409385
48.8270384561,2.3743180233,0.0022517848
48.8319323467,2.3743180233,0.002090838
48.8368262373,2.3743180233,0.003022512
48.8417201279,2.3743180233,0.0034920166
48.8466140185,2.3743180233,0.0034653936
48.8515079091,2.3743180233,0.0023049265
48.8564017997,2.3743180233,0.0020840839
48.8612956903,2.3743180233,0.0019273041
48.8661895809,2.3743180233,0.001986473
48.8710834715,2.3743180233,0.0018419963
48.8759773621,2.3743180233,0.00177586
48.8808712527,2.3743180233,0.0020204836
48.8857651433,2.3743180233,0.0019175903
48.8906590339,2.3743180233,0.0015610653
48.8955529245,2.3743180233,0.001202113
48.9004468151,2.3743180233,0.0008604898
48.9053407057,2.3743180233,0.00030997326
48.9102345963,2.3743180233,0.00013931844
48.9151284869,2.3743180233,7.682151e-05
48.9200223775,2.3743180233,-1.1070647e-05
48.9249162681,2.3743180233,-3.7649716e-05
48.9298101587,2.3743180233,-6.253443e-05
48.9347040493,2.3743180233,-7.378191e-05
48.9395979399,2.3743180233,-8.2811865e-05
48.9444918305,2.3743180233,-6.8098e-05
48.9493857211,2.3743180233,-4.9181934e-05
48.9542796117,2.3743180233,-4.2131225e-05
48.9591735023,2.3743180233,-4.2131225e-05
48.9640673929,2.3743180233,-4.2131225e-05
48.9689612835,2.3743180233,-4.2131225e-05
48.9738551741,2.3743180233,-4.2131225e-05
48.9787490647,2.3743180233,-4.2131225e-05
48.7389484253,2.3792119139,-6.2880914e-05
48.7438423159,2.3792119139,-6.2880914e-05
48.7487362065,2.3792119139,-6.2880914e-05
48.7536300971,2.3792119139,-6.2880914e-05
48.7585239877,2.3792119139,-6.2880914e-05
48.7634178783,2.3792119139,-6.2880914e-05
48.7683117689,2.3792119139,-8.238016e-05
48.7732056595,2.3792119139,-9.5162155e-05
48.7780995501,2.3792119139,-9.814962e-05
48.7829934407,2.3792119139,-7.7222874e-05
48.7878873313,2.3792119139,-6.6185865e-05
48.7927812219,2.3792119139,-4.8127607e-05
48.7976751125,2.3792119139,-1.352014e-05
48.8025690031,2.3792119139,4.9346745e-05
48.8074628937,2.3792119139,0.0003097156
48.8123567843,2.3792119139,0.00071848463
48.8172506749,2.3792119139,0.0017406017
48.8221445655,2.3792119139,0.0021941694
48.8270384561,2.3792119139,0.002393287
48.8319323467,2.3792119139,0.0022788944
48.8368262373,2.3792119139,0.0031866
48.8417201279,2.3792119139,0.0035947103
48.8466140185,2.3792119139,0.0035680872
48.8515079091,2.3792119139,0.0023310625
48.8564017997,2.3792119139,0.001834417
48.8612956903,2.3792119139,0.0016047519
48.8661895809,2.3792119139,0.0015876861
48.8710834715,2.3792119139,0.0014175487
48.8759773621,2.3792119139,0.0013514125
48.8808712527,2.3792119139,0.001620005
48.8857651433,2.3792119139,0.0016246664
48.8906590339,2.3792119139,0.0012909701
48.8955529245,2.3792119139,0.0011281339
48.9004468151,2.3792119139,0.0009045609
48.9053407057,2.3792119139,0.00030092796
48.9102345963,2.3792119139,0.00013027308
48.9151284869,2.3792119139,6.7776244e-05
48.9200223775,2.3792119139,-2.6072457e-06
48.9249162681,2.3792119139,-2.9186309e-05
48.9298101587,2.3792119139,-5.4071028e-05
48.9347040493,2.3792119139,-6.53185e-05
48.9395979399,2.3792119139,-7.4348456e-05
48.9444918305,2.3792119139,-5.807177e-05
48.9493857211,2.3792119139,-3.915569e-05
48.9542796117,2.3792119139,-3.2104996e-05
48.9591735023,2.3792119139,-3.2104996e-05
48.9640673929,2.3792119139,-3.2104996e-05
48.9689612835,2.3792119139,-3.2104996e-05
48.9738551741,2.3792119139,-3.2104996e-05
48.9787490647,2.3792119139,-3.2104996e-05
48.7389484253,2.3841058045,-5.0269664e-05
48.7438423159,2.3841058045,-5.0269664e-05
48.7487362065,2.3841058045,-5.0269664e-05
48.7536300971,2.3841058045,-5.0269664e-05
48.7585239877,2.3841058045,-5.0269664e-05
48.7634178783,2.3841058045,-5.0269664e-05
48.7683117689,2.3841058045,-6.976894e-05
48.7732056595,2.3841058045,-8.255092e-05
48.7780995501,2.3841058045,-8.55384e-05
48.7829934407,2.3841058045,-6.461165e-05
48.7878873313,2.3841058045,-5.357463e-05
48.7927812219,2.3841058045,-3.551638e-05
48.7976751125,2.3841058045,-9.089196e-07
48.8025690031,2.3841058045,6.195798e-05
48.8074628937,2.3841058045,0.00031373076
48.8123567843,2.3841058045,0.00070809113
48.8172506749,2.3841058045,0.0015218222
48.8221445655,2.3841058045,0.001981092
48.8270384561,2.3841058045,0.0023647065
48.8319323467,2.3841058045,0.0022550663
48.8368262373,2.3841058045,0.0028540508
48.8417201279,2.3841058045,0.003114788
48.8466140185,2.3841058045,0.003088165
48.8515079091,2.3841058045,0.0021911962
48.8564017997,2.3841058045,0.0014922573
48.8612956903,2.3841058045,0.0011574746
48.8661895809,2.3841058045,0.0011365247
48.8710834715,2.3841058045,0.0010041156
48.8759773621,2.3841058045,0.00086246425
48.8808712527,2.3841058045,0.0010546873
48.8857651433,2.3841058045,0.0009877054
48.8906590339,2.3841058045,0.0008869374
48.8955529245,2.3841058045,0.00080859
48.9004468151,2.3841058045,0.0006040047
48.9053407057,2.3841058045,0.000284048
48.9102345963,2.3841058045,0.000110841014
48.9151284869,2.3841058045,4.83442e-05
48.9200223775,2.3841058045,-9.133492e-06
48.9249162681,2.3841058045,-3.571253e-05
48.9298101587,2.3841058045,-6.059727e-05
48.9347040493,2.3841058045,-7.184473e-05
48.9395979399,2.3841058045,-7.8025136e-05
48.9444918305,2.3841058045,-5.8562855e-05
48.9493857211,2.3841058045,-3.964677e-05
48.9542796117,2.3841058045,-3.2596075e-05
48.9591735023,2.3841058045,-3.2596075e-05
48.9640673929,2.3841058045,-3.2596075e-05
48.9689612835,2.3841058045,-3.2596075e-05
48.9738551741,2.3841058045,-3.2596075e-05
48.9787490647,2.3841058045,-3.2596075e-05
48.7389484253,2.3889996951,-6.5728914e-06
48.7438423159,2.3889996951,-6.5728914e-06
48.7487362065,2.3889996951,-6.5728914e-06
48.7536300971,2.3889996951,-6.5728914e-06
48.7585239877,2.3889996951,-6.5728914e-06
48.7634178783,2.3889996951,-6.5728914e-06
48.7683117689,2.3889996951,-2.607217e-05
48.7732056595,2.3889996951,-2.2956652e-05
48.7780995501,2.3889996951,-2.5944106e-05
48.7829934407,2.3889996951,-5.0173817e-06
48.7878873313,2.3889996951,3.3998936e-06
48.7927812219,2.3889996951,2.1458121e-05
48.7976751125,2.3889996951,4.698336e-05
48.8025690031,2.3889996951,0.0001098502
48.8074628937,2.3889996951,0.00036162304
48.8123567843,2.3889996951,0.00079267065
48.8172506749,2.3889996951,0.0011420078
48.8221445655,2.3889996951,0.0015790182
48.8270384561,2.3889996951,0.0020632134
48.8319323467,2.3889996951,0.002210991
48.8368262373,2.3889996951,0.0023682746
48.8417201279,2.3889996951,0.0025614344
48.8466140185,2.3889996951,0.0025779465
48.8515079091,2.3889996951,0.0021270763
48.8564017997,2.3889996951,0.0015882405
48.8612956903,2.3889996951,0.0011776892
48.8661895809,2.3889996951,0.0011102888
48.8710834715,2.3889996951,0.0009665237
48.8759773621,2.3889996951,0.0008353118
48.8808712527,2.3889996951,0.00092832977
48.8857651433,2.3889996951,0.00067371887
48.8906590339,2.3889996951,0.000775255
48.8955529245,2.3889996951,0.0006969074
48.9004468151,2.3889996951,0.0005277584
48.9053407057,2.3889996951,0.00029443056
48.9102345963,2.3889996951,0.000121223595
48.9151284869,2.3889996951,5.872679e-05
48.9200223775,2.3889996951,1.2491073e-06
48.9249162681,2.3889996951,-2.532994e-05
48.9298101587,2.3889996951,-5.021467e-05
48.9347040493,2.3889996951,-5.908802e-05
48.9395979399,2.3889996951,-6.2509505e-05
48.9444918305,2.3889996951,-4.3047196e-05
48.9493857211,2.3889996951,-2.4131134e-05
48.9542796117,2.3889996951,-1.7080423e-05
48.9591735023,2.3889996951,-1.7080423e-05
48.9640673929,2.3889996951,-1.7080423e-05
48.9689612835,2.3889996951,-1.7080423e-05
48.9738551741,2.3889996951,-1.7080423e-05
48.9787490647,2.3889996951,-1.7080423e-05
48.7389484253,2.3938935857,7.059522e-06
48.7438423159,2.3938935857,7.059522e-06
48.7487362065,2.3938935857,7.059522e-06
48.7536300971,2.3938935857,7.059522e-06
48.7585239877,2.3938935857,7.059522e-06
48.7634178783,2.3938935857,7.059522e-06
48.7683117689,2.3938935857,-1.2439753e-05
48.7732056595,2.3938935857,-9.324234e-06
48.7780995501,2.3938935857,-1.2311705e-05
48.7829934407,2.3938935857,8.615022e-06
48.7878873313,2.3938935857,1.6656508e-05
48.7927812219,2.3938935857,3.158797e-05
48.7976751125,2.3938935857,4.868249e-05
48.8025690031,2.3938935857,0.00011154936
48.8074628937,2.3938935857,0.00035745857
48.8123567843,2.3938935857,0.0007599543
48.8172506749,2.3938935857,0.0010899327
48.8221445655,2.3938935857,0.0015554952
48.8270384561,2.3938935857,0.001950932
48.8319323467,2.3938935857,0.0020326744
48.8368262373,2.3938935857,0.0022112853
48.8417201279,2.3938935857,0.0024044453
48.8466140185,2.3938935857,0.0024209574
48.8515079091,2.3938935857,0.0019909614
48.8564017997,2.3938935857,0.0014521265
48.8612956903,2.3938935857,0.0010906481
48.8661895809,2.3938935857,0.0010232478
48.8710834715,2.3938935857,0.0008669918
48.8759773621,2.3938935857,0.00079804915
48.8808712527,2.3938935857,0.0008280257
48.8857651433,2.3938935857,0.0006126733
48.8906590339,2.3938935857,0.0006857987
48.8955529245,2.3938935857,0.00060745113
48.9004468151,2.3938935857,0.0004981723
48.9053407057,2.3938935857,0.00027161624
48.9102345963,2.3938935857,0.00011830087
48.9151284869,2.3938935857,5.0242044e-05
48.9200223775,2.3938935857,-7.235651e-06
48.9249162681,2.3938935857,-3.102007e-05
48.9298101587,2.3938935857,-4.487361e-05
48.9347040493,2.3938935857,-5.3746935e-05
48.9395979399,2.3938935857,-5.3746935e-05
48.9444918305,2.3938935857,-3.428464e-05
48.9493857211,2.3938935857,-1.5368576e-05
48.9542796117,2.3938935857,-8.317872e-06
48.9591735023,2.3938935857,-8.317872e-06
48.9640673929,2.3938935857,-8.317872e-06
48.9689612835,2.3938935857,-8.317872e-06
48.9738551741,2.3938935857,-8.317872e-06
48.9787490647,2.3938935857,-8.317872e-06
48.7389484253,2.3987874763,2.1290154e-05
48.7438423159,2.3987874763,2.1290154e-05
48.7487362065,2.3987874763,2.1290154e-05
48.7536300971,2.3987874763,2.1290154e-05
48.7585239877,2.3987874763,2.1290154e-05
48.7634178783,2.3987874763,2.1290154e-05
48.7683117689,2.3987874763,1.0323388e-05
48.7732056595,2.3987874763,1.3438907e-05
48.7780995501,2.3987874763,1.0451452e-05
48.7829934407,2.3987874763,3.137818e-05
48.7878873313,2.3987874763,3.9419658e-05
48.7927812219,2.3987874763,5.435111e-05
48.7976751125,2.3987874763,7.1445626e-05
48.8025690031,2.3987874763,0.00013431249
48.8074628937,2.3987874763,0.0003802217
48.8123567843,2.3987874763,0.00078669074
48.8172506749,2.3987874763,0.0011166693
48.8221445655,2.3987874763,0.0016569934
48.8270384561,2.3987874763,0.0020934658
48.8319323467,2.3987874763,0.002034464
48.8368262373,2.3987874763,0.0022130744
48.8417201279,2.3987874763,0.0024062349
48.8466140185,2.3987874763,0.002422747
48.8515079091,2.3987874763,0.001999204
48.8564017997,2.3987874763,0.0014140683
48.8612956903,2.3987874763,0.0010616381
48.8661895809,2.3987874763,0.0009942376
48.8710834715,2.3987874763,0.0008378915
48.8759773621,2.3987874763,0.0007689487
48.8808712527,2.3987874763,0.0006638804
48.8857651433,2.3987874763,0.0005562807
48.8906590339,2.3987874763,0.0005832066
48.8955529245,2.3987874763,0.0005536346
48.9004468151,2.3987874763,0.0004860622
48.9053407057,2.3987874763,0.00023884873
48.9102345963,2.3987874763,9.706965e-05
48.9151284869,2.3987874763,3.8130405e-05
48.9200223775,2.3987874763,3.291465e-06
48.9249162681,2.3987874763,-1.558284e-05
48.9298101587,2.3987874763,-2.9436349e-05
48.9347040493,2.3987874763,-3.8309678e-05
48.9395979399,2.3987874763,-3.8309678e-05
48.9444918305,2.3987874763,-1.8847395e-05
48.9493857211,2.3987874763,6.867043e-08
48.9542796117,2.3987874763,-1.4131256e-06
48.9591735023,2.3987874763,-1.4131256e-06
48.9640673929,2.3987874763,-1.4131256e-06
48.9689612835,2.3987874763,-1.4131256e-06
48.9738551741,2.3987874763,-1.4131256e-06
48.9787490647,2.3987874763,-1.4131256e-06
48.7389484253,2.4036813669,1.4219694e-05
48.7438423159,2.4036813669,1.4219694e-05
48.7487362065,2.4036813669,1.4219694e-05
48.7536300971,2.4036813669,1.4219694e-05
48.7585239877,2.4036813669,1.4219694e-05
48.7634178783,2.4036813669,1.4219694e-05
48.7683117689,2.4036813669,3.2529301e-06
48.7732056595,2.4036813669,6.368459e-06
48.7780995501,2.4036813669,3.380996e-06
48.7829934407,2.4036813669,2.430771e-05
48.7878873313,2.4036813669,3.23492e-05
48.7927812219,2.4036813669,4.7280653e-05
48.7976751125,2.4036813669,6.4375185e-05
48.8025690031,2.4036813669,0.00012724203
48.8074628937,2.4036813669,0.0003731512
48.8123567843,2.4036813669,0.00079528044
48.8172506749,2.4036813669,0.0011403641
48.8221445655,2.4036813669,0.0015958076
48.8270384561,2.4036813669,0.0019455837
48.8319323467,2.4036813669,0.0018865822
48.8368262373,2.4036813669,0.0020492717
48.8417201279,2.4036813669,0.0022246712
48.8466140185,2.4036813669,0.0022411833
48.8515079091,2.4036813669,0.0018464727
48.8564017997,2.4036813669,0.0012979866
48.8612956903,2.4036813669,0.00094555627
48.8661895809,2.4036813669,0.00087815593
48.8710834715,2.4036813669,0.0007666691
48.8759773621,2.4036813669,0.00069772644
48.8808712527,2.4036813669,0.00054529065
48.8857651433,2.4036813669,0.00036965328
48.8906590339,2.4036813669,0.0003965791
48.8955529245,2.4036813669,0.00037140716
48.9004468151,2.4036813669,0.0003013312
48.9053407057,2.4036813669,0.000110317
48.9102345963,2.4036813669,4.4432454e-05
48.9151284869,2.4036813669,2.221846e-05
48.9200223775,2.4036813669,-6.3336847e-06
48.9249162681,2.4036813669,-2.5207986e-05
48.9298101587,2.4036813669,-3.906151e-05
48.9347040493,2.4036813669,-4.21267e-05
48.9395979399,2.4036813669,-4.21267e-05
48.9444918305,2.4036813669,-2.266442e-05
48.9493857211,2.4036813669,-3.748362e-06
48.9542796117,2.4036813669,-5.230162e-06
48.9591735023,2.4036813669,-5.230162e-06
48.9640673929,2.4036813669,-5.230162e-06
48.9689612835,2.4036813669,-5.230162e-06
48.9738551741,2.4036813669,-5.230162e-06
48.9787490647,2.4036813669,-5.230162e-06
48.7389484253,2.4085752575,1.0034985e-05
48.7438423159,2.4085752575,1.0034985e-05
48.7487362065,2.4085752575,1.0034985e-05
48.7536300971,2.4085752575,1.0034985e-05
48.7585239877,2.4085752575,1.0034985e-05
48.7634178783,2.4085752575,1.0034985e-05
48.7683117689,2.4085752575,-9.317852e-07
48.7732056595,2.4085752575,1.7875248e-06
48.7780995501,2.4085752575,-1.1999334e-06
48.7829934407,2.4085752575,1.9726776e-05
48.7878873313,2.4085752575,2.7768261e-05
48.7927812219,2.4085752575,4.2699718e-05
48.7976751125,2.4085752575,5.9794234e-05
48.8025690031,2.4085752575,0.00012266109
48.8074628937,2.4085752575,0.00036857027
48.8123567843,2.4085752575,0.0007906995
48.8172506749,2.4085752575,0.0012232871
48.8221445655,2.4085752575,0.0015738725
48.8270384561,2.4085752575,0.0018179504
48.8319323467,2.4085752575,0.0017589489
48.8368262373,2.4085752575,0.0019067306
48.8417201279,2.4085752575,0.0020821297
48.8466140185,2.4085752575,0.0020986418
48.8515079091,2.4085752575,0.0016650526
48.8564017997,2.4085752575,0.0012415033
48.8612956903,2.4085752575,0.0009079326
48.8661895809,2.4085752575,0.00084053224
48.8710834715,2.4085752575,0.00072904554
48.8759773621,2.4085752575,0.00066010276
48.8808712527,2.4085752575,0.0003989425
48.8857651433,2.4085752575,0.00018623992
48.8906590339,2.4085752575,0.00021316584
48.8955529245,2.4085752575,0.00018799395
48.9004468151,2.4085752575,0.00018392123
48.9053407057,2.4085752575,8.418213e-05
48.9102345963,2.4085752575,3.9851515e-05
48.9151284869,2.4085752575,1.7637523e-05
48.9200223775,2.4085752575,-1.0914616e-05
48.9249162681,2.4085752575,-2.9788906e-05
48.9298101587,2.4085752575,-4.3642427e-05
48.9347040493,2.4085752575,-4.6707628e-05
48.9395979399,2.4085752575,-4.6707628e-05
48.9444918305,2.4085752575,-2.7245362e-05
48.9493857211,2.4085752575,-8.329293e-06
48.9542796117,2.4085752575,-9.811086e-06
48.9591735023,2.4085752575,-9.811086e-06
48.9640673929,2.4085752575,-9.811086e-06
48.9689612835,2.4085752575,-9.811086e-06
48.9738551741,2.4085752575,-9.811086e-06
48.9787490647,2.4085752575,-9.811086e-06
48.7389484253,2.4134691481,-3.7361613e-06
48.7438423159,2.4134691481,-3.7361613e-06
48.7487362065,2.4134691481,-3.7361613e-06
48.7536300971,2.4134691481,-3.7361613e-06
48.7585239877,2.4134691481,-3.7361613e-06
48.7634178783,2.4134691481,-3.7361613e-06
48.7683117689,2.4134691481,-1.4702932e-05
48.7732056595,2.4134691481,-1.1983623e-05
48.7780995501,2.4134691481,-1.4971084e-05
48.7829934407,2.4134691481,5.9556373e-06
48.7878873313,2.4134691481,1.3997117e-05
48.7927812219,2.4134691481,2.8928562e-05
48.7976751125,2.4134691481,4.60231e-05
48.8025690031,2.4134691481,0.00010888995
48.8074628937,2.4134691481,0.00035479912
48.8123567843,2.4134691481,0.00077692827
48.8172506749,2.4134691481,0.0013247847
48.8221445655,2.4134691481,0.0016290172
48.8270384561,2.4134691481,0.0017263114
48.8319323467,2.4134691481,0.0016673099
48.8368262373,2.4134691481,0.0018150916
48.8417201279,2.4134691481,0.0019866128
48.8466140185,2.4134691481,0.0020031247
48.8515079091,2.4134691481,0.0015716156
48.8564017997,2.4134691481,0.0011418252
48.8612956903,2.4134691481,0.00089628674
48.8661895809,2.4134691481,0.0008288864
48.8710834715,2.4134691481,0.0007173997
48.8759773621,2.4134691481,0.0006478659
48.8808712527,2.4134691481,0.0003135184
48.8857651433,2.4134691481,0.000104694314
48.8906590339,2.4134691481,0.0001316202
48.8955529245,2.4134691481,0.00010644834
48.9004468151,2.4134691481,0.000102375765
48.9053407057,2.4134691481,5.4032207e-05
48.9102345963,2.4134691481,2.75695e-05
48.9151284869,2.4134691481,5.355505e-06
48.9200223775,2.4134691481,-2.3196635e-05
48.9249162681,2.4134691481,-4.2070937e-05
48.9298101587,2.4134691481,-5.592445e-05
48.9347040493,2.4134691481,-5.8989648e-05
48.9395979399,2.4134691481,-5.8989648e-05
48.9444918305,2.4134691481,-3.9527382e-05
48.9493857211,2.4134691481,-2.0611305e-05
48.9542796117,2.4134691481,-1.9875117e-05
48.9591735023,2.4134691481,-1.9875117e-05
48.9640673929,2.4134691481,-1.9875117e-05
48.9689612835,2.4134691481,-1.9875117e-05
48.9738551741,2.4134691481,-1.9875117e-05
48.9787490647,2.4134691481,-1.9875117e-05
48.7389484253,2.4183630387,9.41534e-05
48.7438423159,2.4183630387,9.41534e-05
48.7487362065,2.4183630387,9.41534e-05
48.7536300971,2.4183630387,9.41534e-05
48.7585239877,2.4183630387,9.41534e-05
48.7634178783,2.4183630387,9.41534e-05
48.7683117689,2.4183630387,8.318663e-05
48.7732056595,2.4183630387,8.590596e-05
48.7780995501,2.4183630387,8.599294e-05
48.7829934407,2.4183630387,0.0001069197
48.7878873313,2.4183630387,0.00011496122
48.7927812219,2.4183630387,0.00012989267
48.7976751125,2.4183630387,0.00014698722
48.8025690031,2.4183630387,0.00020985409
48.8074628937,2.4183630387,0.00047035379
48.8123567843,2.4183630387,0.0008924827
48.8172506749,2.4183630387,0.0014213147
48.8221445655,2.4183630387,0.001613696
48.8270384561,2.4183630387,0.0015999298
48.8319323467,2.4183630387,0.0015142731
48.8368262373,2.4183630387,0.0016620548
48.8417201279,2.4183630387,0.0018335759
48.8466140185,2.4183630387,0.0018342196
48.8515079091,2.4183630387,0.0013086566
48.8564017997,2.4183630387,0.0011478392
48.8612956903,2.4183630387,0.0008308014
48.8661895809,2.4183630387,0.00074948743
48.8710834715,2.4183630387,0.0005808862
48.8759773621,2.4183630387,0.0005113523
48.8808712527,2.4183630387,0.00017700509
48.8857651433,2.4183630387,6.8186695e-05
48.8906590339,2.4183630387,7.481086e-05
48.8955529245,2.4183630387,6.130584e-05
48.9004468151,2.4183630387,6.780102e-05
48.9053407057,2.4183630387,7.348728e-05
48.9102345963,2.4183630387,4.7024598e-05
48.9151284869,2.4183630387,3.0189405e-05
48.9200223775,2.4183630387,1.6372214e-06
48.9249162681,2.4183630387,-1.7237051e-05
48.9298101587,2.4183630387,-2.3760187e-05
48.9347040493,2.4183630387,-2.6825393e-05
48.9395979399,2.4183630387,-2.6825393e-05
48.9444918305,2.4183630387,-2.3611678e-05
48.9493857211,2.4183630387,-1.6489876e-05
48.9542796117,2.4183630387,-1.319987e-05
48.9591735023,2.4183630387,-1.319987e-05
48.9640673929,2.4183630387,-1.319987e-05
48.9689612835,2.4183630387,-1.319987e-05
48.9738551741,2.4183630387,-1.319987e-05
48.9787490647,2.4183630387,-1.319987e-05
48.7389484253,2.4232569293,0.00013274894
48.7438423159,2.4232569293,0.00013274894
48.7487362065,2.4232569293,0.00013274894
48.7536300971,2.4232569293,0.00013274894
48.7585239877,2.4232569293,0.00013274894
48.7634178783,2.4232569293,0.00013274894
48.7683117689,2.4232569293,0.0001217822
48.7732056595,2.4232569293,0.0001245015
48.7780995501,2.4232569293,0.00012458849
48.7829934407,2.4232569293,0.00014551525
48.7878873313,2.4232569293,0.00015355679
48.7927812219,2.4232569293,0.00016848823
48.7976751125,2.4232569293,0.00018558277
48.8025690031,2.4232569293,0.00024844965
48.8074628937,2.4232569293,0.0005089495
48.8123567843,2.4232569293,0.0010767491
48.8172506749,2.4232569293,0.0016267304
48.8221445655,2.4232569293,0.0017489713
48.8270384561,2.4232569293,0.0016484739
48.8319323467,2.4232569293,0.0015388948
48.8368262373,2.4232569293,0.0015468536
48.8417201279,2.4232569293,0.0017183747
48.8466140185,2.4232569293,0.0016879815
48.8515079091,2.4232569293,0.0011722259
48.8564017997,2.4232569293,0.0008936676
48.8612956903,2.4232569293,0.0005576804
48.8661895809,2.4232569293,0.0004337117
48.8710834715,2.4232569293,0.00027381154
48.8759773621,2.4232569293,0.00020427782
48.8808712527,2.4232569293,7.477975e-05
48.8857651433,2.4232569293,-1.6275599e-05
48.8906590339,2.4232569293,-9.651379e-06
48.8955529245,2.4232569293,-1.5396217e-06
48.9004468151,2.4232569293,1.8585764e-05
48.9053407057,2.4232569293,0.00011722847
48.9102345963,2.4232569293,9.076578e-05
48.9151284869,2.4232569293,7.39306e-05
48.9200223775,2.4232569293,4.5378445e-05
48.9249162681,2.4232569293,2.6504156e-05
48.9298101587,2.4232569293,1.9981013e-05
48.9347040493,2.4232569293,1.6915821e-05
48.9395979399,2.4232569293,1.6915821e-05
48.9444918305,2.4232569293,2.0129537e-05
48.9493857211,2.4232569293,2.7251346e-05
48.9542796117,2.4232569293,3.0541334e-05
48.9591735023,2.4232569293,3.0541334e-05
48.9640673929,2.4232569293,3.0541334e-05
48.9689612835,2.4232569293,3.0541334e-05
48.9738551741,2.4232569293,3.0541334e-05
48.9787490647,2.4232569293,3.0541334e-05
48.7389484253,2.4281508199,0.00016016062
48.7438423159,2.4281508199,0.00016016062
48.7487362065,2.4281508199,0.00016016062
48.7536300971,2.4281508199,0.00016016062
48.7585239877,2.4281508199,0.00016016062
48.7634178783,2.4281508199,0.00016016062
48.7683117689,2.4281508199,0.00014919379
48.7732056595,2.4281508199,0.00015191312
48.7780995501,2.4281508199,0.0001520001
48.7829934407,2.4281508199,0.00017292686
48.7878873313,2.4281508199,0.00018096833
48.7927812219,2.4281508199,0.00019589979
48.7976751125,2.4281508199,0.00021299433
48.8025690031,2.4281508199,0.00027586104
48.8074628937,2.4281508199,0.00053636107
48.8123567843,2.4281508199,0.0011041601
48.8172506749,2.4281508199,0.0016717542
48.8221445655,2.4281508199,0.0017871108
48.8270384561,2.4281508199,0.0016838401
48.8319323467,2.4281508199,0.0015589995
48.8368262373,2.4281508199,0.0015513267
48.8417201279,2.4281508199,0.0017059719
48.8466140185,2.4281508199,0.0016755788
48.8515079091,2.4281508199,0.0011054071
48.8564017997,2.4281508199,0.000808761
48.8612956903,2.4281508199,0.0004891619
48.8661895809,2.4281508199,0.0003857743
48.8710834715,2.4281508199,0.0002498249
48.8759773621,2.4281508199,0.00018029116
48.8808712527,2.4281508199,1.8817707e-05
48.8857651433,2.4281508199,-5.877434e-05
48.8906590339,2.4281508199,-5.215018e-05
48.8955529245,2.4281508199,-3.750412e-05
48.9004468151,2.4281508199,-2.5730602e-05
48.9053407057,2.4281508199,0.00012379143
48.9102345963,2.4281508199,9.732875e-05
48.9151284869,2.4281508199,8.049355e-05
48.9200223775,2.4281508199,5.1941417e-05
48.9249162681,2.4281508199,3.3067125e-05
48.9298101587,2.4281508199,2.6543985e-05
48.9347040493,2.4281508199,2.3478782e-05
48.9395979399,2.4281508199,2.3478782e-05
48.9444918305,2.4281508199,2.6692505e-05
48.9493857211,2.4281508199,3.3814307e-05
48.9542796117,2.4281508199,3.71043e-05
48.9591735023,2.4281508199,3.71043e-05
48.9640673929,2.4281508199,3.71043e-05
48.9689612835,2.4281508199,3.71043e-05
48.9738551741,2.4281508199,3.71043e-05
48.9787490647,2.4281508199,3.71043e-05
48.7389484253,2.4330447105,0.00015907182
48.7438423159,2.4330447105,0.00015907182
48.7487362065,2.4330447105,0.00015907182
48.7536300971,2.4330447105,0.00015907182
48.7585239877,2.4330447105,0.00015907182
48.7634178783,2.4330447105,0.00015907182
48.7683117689,2.4330447105,0.00014810497
48.7732056595,2.4330447105,0.00015082431
48.7780995501,2.4330447105,0.00015091129
48.7829934407,2.4330447105,0.00017183805
48.7878873313,2.4330447105,0.00017987953
48.7927812219,2.4330447105,0.00019481099
48.7976751125,2.4330447105,0.00021190553
48.8025690031,2.4330447105,0.00027477223
48.8074628937,2.4330447105,0.00053527224
48.8123567843,2.4330447105,0.0011030713
48.8172506749,2.4330447105,0.001676049
48.8221445655,2.4330447105,0.0017914056
48.8270384561,2.4330447105,0.0016881349
48.8319323467,2.4330447105,0.0015632943
48.8368262373,2.4330447105,0.0015556215
48.8417201279,2.4330447105,0.0017102667
48.8466140185,2.4330447105,0.0016798736
48.8515079091,2.4330447105,0.0010624521
48.8564017997,2.4330447105,0.00076580595
48.8612956903,2.4330447105,0.00044620692
48.8661895809,2.4330447105,0.00035748066
48.8710834715,2.4330447105,0.00023948278
48.8759773621,2.4330447105,0.00016994904
48.8808712527,2.4330447105,3.0920191e-06
48.8857651433,2.4330447105,-7.450002e-05
48.8906590339,2.4330447105,-6.787586e-05
48.8955529245,2.4330447105,-5.3229818e-05
48.9004468151,2.4330447105,-3.6194047e-05
48.9053407057,2.4330447105,0.00012270262
48.9102345963,2.4330447105,9.623995e-05
48.9151284869,2.4330447105,7.9404745e-05
48.9200223775,2.4330447105,5.085261e-05
48.9249162681,2.4330447105,3.1978318e-05
48.9298101587,2.4330447105,2.5455178e-05
48.9347040493,2.4330447105,2.2389973e-05
48.9395979399,2.4330447105,2.2389973e-05
48.9444918305,2.4330447105,2.5603696e-05
48.9493857211,2.4330447105,3.27255e-05
48.9542796117,2.4330447105,3.601549e-05
48.9591735023,2.4330447105,3.601549e-05
48.9640673929,2.4330447105,3.601549e-05
48.9689612835,2.4330447105,3.601549e-05
48.9738551741,2.4330447105,3.601549e-05
48.9787490647,2.4330447105,3.601549e-05
48.7389484253,2.4379386011,0.00015907182
48.7438423159,2.4379386011,0.00015907182
48.7487362065,2.4379386011,0.00015907182
48.7536300971,2.4379386011,0.00015907182
48.7585239877,2.4379386011,0.00015907182
48.7634178783,2.4379386011,0.00015907182
48.7683117689,2.4379386011,0.00014810497
48.7732056595,2.4379386011,0.00015082431
48.7780995501,2.4379386011,0.00015091129
48.7829934407,2.4379386011,0.00017183805
48.7878873313,2.4379386011,0.00017987953
48.7927812219,2.4379386011,0.00019481099
48.7976751125,2.4379386011,0.00021190553
48.8025690031,2.4379386011,0.00027477223
48.8074628937,2.4379386011,0.00053527224
48.8123567843,2.4379386011,0.0011065986
48.8172506749,2.4379386011,0.0016795762
48.8221445655,2.4379386011,0.0017949329
48.8270384561,2.4379386011,0.0016916621
48.8319323467,2.4379386011,0.0015668216
48.8368262373,2.4379386011,0.0015591488
48.8417201279,2.4379386011,0.0017102667
48.8466140185,2.4379386011,0.0016798736
48.8515079091,2.4379386011,0.0010624521
48.8564017997,2.4379386011,0.00076580595
48.8612956903,2.4379386011,0.00044620692
48.8661895809,2.4379386011,0.00035748066
48.8710834715,2.4379386011,0.00023948278
48.8759773621,2.4379386011,0.00016994904
48.8808712527,2.4379386011,3.0920191e-06
48.8857651433,2.4379386011,-7.450002e-05
48.8906590339,2.4379386011,-6.787586e-05
48.8955529245,2.4379386011,-5.3229818e-05
48.9004468151,2.4379386011,-3.6194047e-05
48.9053407057,2.4379386011,0.00012270262
48.9102345963,2.4379386011,9.623995e-05
48.9151284869,2.4379386011,7.9404745e-05
48.9200223775,2.4379386011,5.085261e-05
48.9249162681,2.4379386011,3.1978318e-05
48.9298101587,2.4379386011,2.5455178e-05
48.9347040493,2.4379386011,2.2389973e-05
48.9395979399,2.4379386011,2.2389973e-05
48.9444918305,2.4379386011,2.5603696e-05
48.9493857211,2.4379386011,3.27255e-05
48.9542796117,2.4379386011,3.601549e-05
48.9591735023,2.4379386011,3.601549e-05
48.9640673929,2.4379386011,3.601549e-05
48.9689612835,2.4379386011,3.601549e-05
48.9738551741,2.4379386011,3.601549e-05
48.9787490647,2.4379386011,3.601549e-05
48.7389484253,2.4428324917,0.00017721526
48.7438423159,2.4428324917,0.00017721526
48.7487362065,2.4428324917,0.00017721526
48.7536300971,2.4428324917,0.00017721526
48.7585239877,2.4428324917,0.00017721526
48.7634178783,2.4428324917,0.00017721526
48.7683117689,2.4428324917,0.00016624844
48.7732056595,2.4428324917,0.00016896776
48.7780995501,2.4428324917,0.00017242155
48.7829934407,2.4428324917,0.00019334833
48.7878873313,2.4428324917,0.0002013898
48.7927812219,2.4428324917,0.00021632126
48.7976751125,2.4428324917,0.0002334158
48.8025690031,2.4428324917,0.00029628252
48.8074628937,2.4428324917,0.00057064614
48.8123567843,2.4428324917,0.0011438504
48.8172506749,2.4428324917,0.0017134608
48.8221445655,2.4428324917,0.0018131837
48.8270384561,2.4428324917,0.0017099129
48.8319323467,2.4428324917,0.0015555675
48.8368262373,2.4428324917,0.0015478948
48.8417201279,2.4428324917,0.0016916454
48.8466140185,2.4428324917,0.0016612522
48.8515079091,2.4428324917,0.0010438308
48.8564017997,2.4428324917,0.0007471846
48.8612956903,2.4428324917,0.00046238102
48.8661895809,2.4428324917,0.0003736548
48.8710834715,2.4428324917,0.0002556569
48.8759773621,2.4428324917,0.00018612317
48.8808712527,2.4428324917,1.9266143e-05
48.8857651433,2.4428324917,-6.361651e-05
48.8906590339,2.4428324917,-5.6992358e-05
48.8955529245,2.4428324917,-4.234631e-05
48.9004468151,2.4428324917,-2.5310532e-05
48.9053407057,2.4428324917,0.00013358612
48.9102345963,2.4428324917,0.00010712346
48.9151284869,2.4428324917,9.604557e-05
48.9200223775,2.4428324917,6.749344e-05
48.9249162681,2.4428324917,4.8619157e-05
48.9298101587,2.4428324917,4.2096006e-05
48.9347040493,2.4428324917,3.903081e-05
48.9395979399,2.4428324917,3.903081e-05
48.9444918305,2.4428324917,4.2244523e-05
48.9493857211,2.4428324917,4.936634e-05
48.9542796117,2.4428324917,5.265633e-05
48.9591735023,2.4428324917,5.265633e-05
48.9640673929,2.4428324917,5.265633e-05
48.9689612835,2.4428324917,5.265633e-05
48.9738551741,2.4428324917,5.265633e-05
48.9787490647,2.4428324917,5.265633e-05
48.7389484253,2.4477263823,0.00020859357
48.7438423159,2.4477263823,0.00020859357
48.7487362065,2.4477263823,0.00020859357
48.7536300971,2.4477263823,0.00020859357
48.7585239877,2.4477263823,0.00020859357
48.7634178783,2.4477263823,0.00020859357
48.7683117689,2.4477263823,0.00019762675
48.7732056595,2.4477263823,0.00020034607
48.7780995501,2.4477263823,0.00020379986
48.7829934407,2.4477263823,0.00022472664
48.7878873313,2.4477263823,0.00023276811
48.7927812219,2.4477263823,0.00024769956
48.7976751125,2.4477263823,0.0002647941
48.8025690031,2.4477263823,0.00032766085
48.8074628937,2.4477263823,0.0006206921
48.8123567843,2.4477263823,0.0013213924
48.8172506749,2.4477263823,0.0018658175
48.8221445655,2.4477263823,0.0018763572
48.8270384561,2.4477263823,0.0017412913
48.8319323467,2.4477263823,0.0015918538
48.8368262373,2.4477263823,0.0015340904
48.8417201279,2.4477263823,0.001677841
48.8466140185,2.4477263823,0.0016339208
48.8515079091,2.4477263823,0.0010164995
48.8564017997,2.4477263823,0.00071985344
48.8612956903,2.4477263823,0.00043504985
48.8661895809,2.4477263823,0.00035373605
48.8710834715,2.4477263823,0.00023573813
48.8759773621,2.4477263823,0.00016620442
48.8808712527,2.4477263823,1.425039e-06
48.8857651433,2.4477263823,-3.627492e-05
48.8906590339,2.4477263823,-2.965076e-05
48.8955529245,2.4477263823,-8.890404e-06
48.9004468151,2.4477263823,8.145375e-06
48.9053407057,2.4477263823,0.00016704202
48.9102345963,2.4477263823,0.00014057934
48.9151284869,2.4477263823,0.00012950147
48.9200223775,2.4477263823,0.00010094935
48.9249162681,2.4477263823,8.207507e-05
48.9298101587,2.4477263823,7.5551914e-05
48.9347040493,2.4477263823,7.248671e-05
48.9395979399,2.4477263823,7.248671e-05
48.9444918305,2.4477263823,7.570044e-05
48.9493857211,2.4477263823,8.2822255e-05
48.9542796117,2.4477263823,8.6112246e-05
48.9591735023,2.4477263823,8.6112246e-05
48.9640673929,2.4477263823,8.6112246e-05
48.9689612835,2.4477263823,8.6112246e-05
48.9738551741,2.4477263823,8.6112246e-05
48.9787490647,2.4477263823,8.6112246e-05
48.7389484253,2.4526202729,0.00047415184
48.7438423159,2.4526202729,0.00047415184
48.7487362065,2.4526202729,0.00047415184
48.7536300971,2.4526202729,0.00047415184
48.7585239877,2.4526202729,0.00047415184
48.7634178783,2.4526202729,0.00047415184
48.7683117689,2.4526202729,0.00046318502
48.7732056595,2.4526202729,0.00046590433
48.7780995501,2.4526202729,0.0004693581
48.7829934407,2.4526202729,0.00049028493
48.7878873313,2.4526202729,0.0004983264
48.7927812219,2.4526202729,0.00051325787
48.7976751125,2.4526202729,0.0005303524
48.8025690031,2.4526202729,0.00059321907
48.8074628937,2.4526202729,0.0009081189
48.8123567843,2.4526202729,0.0021232772
48.8172506749,2.4526202729,0.0029276581
48.8221445655,2.4526202729,0.0028327247
48.8270384561,2.4526202729,0.0022592389
48.8319323467,2.4526202729,0.0018389454
48.8368262373,2.4526202729,0.0016869687
48.8417201279,2.4526202729,0.0015317494
48.8466140185,2.4526202729,0.0014878293
48.8515079091,2.4526202729,0.0008704075
48.8564017997,2.4526202729,0.0006162464
48.8612956903,2.4526202729,0.00038972884
48.8661895809,2.4526202729,0.00032635033
48.8710834715,2.4526202729,0.00020835245
48.8759773621,2.4526202729,0.00014624525
48.8808712527,2.4526202729,-1.8534174e-05
48.8857651433,2.4526202729,-6.316326e-05
48.8906590339,2.4526202729,-6.393496e-05
48.8955529245,2.4526202729,-4.3174598e-05
48.9004468151,2.4526202729,-2.6138816e-05
48.9053407057,2.4526202729,0.00013275784
48.9102345963,2.4526202729,0.0001062952
48.9151284869,2.4526202729,9.521731e-05
48.9200223775,2.4526202729,7.6958924e-05
48.9249162681,2.4526202729,6.192484e-05
48.9298101587,2.4526202729,5.5401695e-05
48.9347040493,2.4526202729,5.2336494e-05
48.9395979399,2.4526202729,5.2336494e-05
48.9444918305,2.4526202729,5.5550216e-05
48.9493857211,2.4526202729,6.267202e-05
48.9542796117,2.4526202729,6.596201e-05
48.9591735023,2.4526202729,6.596201e-05
48.9640673929,2.4526202729,6.596201e-05
48.9689612835,2.4526202729,6.596201e-05
48.9738551741,2.4526202729,6.596201e-05
48.9787490647,2.4526202729,6.596201e-05
48.7389484253,2.4575141635,0.00047286673
48.7438423159,2.4575141635,0.00047286673
48.7487362065,2.4575141635,0.00047286673
48.7536300971,2.4575141635,0.00047286673
48.7585239877,2.4575141635,0.00047286673
48.7634178783,2.4575141635,0.00047286673
48.7683117689,2.4575141635,0.00046189994
48.7732056595,2.4575141635,0.00046461928
48.7780995501,2.4575141635,0.00046807306
48.7829934407,2.4575141635,0.00048899977
48.7878873313,2.4575141635,0.0004970413
48.7927812219,2.4575141635,0.00051197276
48.7976751125,2.4575141635,0.0005290673
48.8025690031,2.4575141635,0.00059193396
48.8074628937,2.4575141635,0.0009068338
48.8123567843,2.4575141635,0.0022087693
48.8172506749,2.4575141635,0.0043838304
48.8221445655,2.4575141635,0.004593591
48.8270384561,2.4575141635,0.0033029635
48.8319323467,2.4575141635,0.002179664
48.8368262373,2.4575141635,0.0018009596
48.8417201279,2.4575141635,0.0015377498
48.8466140185,2.4575141635,0.0014938297
48.8515079091,2.4575141635,0.0008764078
48.8564017997,2.4575141635,0.0006374739
48.8612956903,2.4575141635,0.0004109563
48.8661895809,2.4575141635,0.00034757782
48.8710834715,2.4575141635,0.00023048557
48.8759773621,2.4575141635,0.00016837836
48.8808712527,2.4575141635,-9.238121e-06
48.8857651433,2.4575141635,-5.386721e-05
48.8906590339,2.4575141635,-5.4638913e-05
48.8955529245,2.4575141635,-3.442096e-05
48.9004468151,2.4575141635,-1.7385186e-05
48.9053407057,2.4575141635,0.00013324061
48.9102345963,2.4575141635,0.000106777974
48.9151284869,2.4575141635,9.570008e-05
48.9200223775,2.4575141635,7.744169e-05
48.9249162681,2.4575141635,6.240761e-05
48.9298101587,2.4575141635,5.5884466e-05
48.9347040493,2.4575141635,5.2819265e-05
48.9395979399,2.4575141635,5.2819265e-05
48.9444918305,2.4575141635,5.6032983e-05
48.9493857211,2.4575141635,6.315479e-05
48.9542796117,2.4575141635,6.644478e-05
48.9591735023,2.4575141635,6.644478e-05
48.9640673929,2.4575141635,6.644478e-05
48.9689612835,2.4575141635,6.644478e-05
48.9738551741,2.4575141635,6.644478e-05
48.9787490647,2.4575141635,6.644478e-05
48.7389484253,2.4624080541,0.00047210476
48.7438423159,2.4624080541,0.00047210476
48.7487362065,2.4624080541,0.00047210476
48.7536300971,2.4624080541,0.00047210476
48.7585239877,2.4624080541,0.00047210476
48.7634178783,2.4624080541,0.00047210476
48.7683117689,2.4624080541,0.00046113797
48.7732056595,2.4624080541,0.0004638573
48.7780995501,2.4624080541,0.0004638573
48.7829934407,2.4624080541,0.00048478402
48.7878873313,2.4624080541,0.0004928256
48.7927812219,2.4624080541,0.00050121266
48.7976751125,2.4624080541,0.0005183072
48.8025690031,2.4624080541,0.0005811739
48.8074628937,2.4624080541,0.00088280125
48.8123567843,2.4624080541,0.0021847368
48.8172506749,2.4624080541,0.004447771
48.8221445655,2.4624080541,0.0047594397
48.8270384561,2.4624080541,0.0035230664
48.8319323467,2.4624080541,0.002390719
48.8368262373,2.4624080541,0.0017872932
48.8417201279,2.4624080541,0.0015240834
48.8466140185,2.4624080541,0.0014842037
48.8515079091,2.4624080541,0.000877356
48.8564017997,2.4624080541,0.0006384221
48.8612956903,2.4624080541,0.00041190448
48.8661895809,2.4624080541,0.000348526
48.8710834715,2.4624080541,0.00023143375
48.8759773621,2.4624080541,0.00016932654
48.8808712527,2.4624080541,-8.289946e-06
48.8857651433,2.4624080541,-5.2919037e-05
48.8906590339,2.4624080541,-5.369074e-05
48.8955529245,2.4624080541,-3.3472785e-05
48.9004468151,2.4624080541,-1.643701e-05
48.9053407057,2.4624080541,0.00013418878
48.9102345963,2.4624080541,0.00010772615
48.9151284869,2.4624080541,9.6648255e-05
48.9200223775,2.4624080541,7.8389865e-05
48.9249162681,2.4624080541,6.335579e-05
48.9298101587,2.4624080541,5.683264e-05
48.9347040493,2.4624080541,5.376744e-05
48.9395979399,2.4624080541,5.376744e-05
48.9444918305,2.4624080541,5.6981156e-05
48.9493857211,2.4624080541,6.410296e-05
48.9542796117,2.4624080541,6.739295e-05
48.9591735023,2.4624080541,6.739295e-05
48.9640673929,2.4624080541,6.739295e-05
48.9689612835,2.4624080541,6.739295e-05
48.9738551741,2.4624080541,6.739295e-05
48.9787490647,2.4624080541,6.739295e-05
48.7389484253,2.4673019447,0.0004928123
48.7438423159,2.4673019447,0.0004928123
48.7487362065,2.4673019447,0.0004928123
48.7536300971,2.4673019447,0.0004928123
48.7585239877,2.4673019447,0.0004928123
48.7634178783,2.4673019447,0.0004928123
48.7683117689,2.4673019447,0.00048184552
48.7732056595,2.4673019447,0.0004857281
48.7780995501,2.4673019447,0.0004857281
48.7829934407,2.4673019447,0.0005066549
48.7878873313,2.4673019447,0.0005146964
48.7927812219,2.4673019447,0.0005178846
48.7976751125,2.4673019447,0.0005222546
48.8025690031,2.4673019447,0.0005763431
48.8074628937,2.4673019447,0.00081439206
48.8123567843,2.4673019447,0.0019628194
48.8172506749,2.4673019447,0.004657714
48.8221445655,2.4673019447,0.005177055
48.8270384561,2.4673019447,0.0039770645
48.8319323467,2.4673019447,0.0028447178
48.8368262373,2.4673019447,0.0021819565
48.8417201279,2.4673019447,0.0014243778
48.8466140185,2.4673019447,0.0013844981
48.8515079091,2.4673019447,0.00080476014
48.8564017997,2.4673019447,0.0006321818
48.8612956903,2.4673019447,0.0004056642
48.8661895809,2.4673019447,0.00033583932
48.8710834715,2.4673019447,0.00023469844
48.8759773621,2.4673019447,0.00017259122
48.8808712527,2.4673019447,1.373285e-05
48.8857651433,2.4673019447,-4.0111117e-05
48.8906590339,2.4673019447,-4.08828e-05
48.8955529245,2.4673019447,-1.7386341e-05
48.9004468151,2.4673019447,-3.5055257e-07
48.9053407057,2.4673019447,0.00014046789
48.9102345963,2.4673019447,0.00011400524
48.9151284869,2.4673019447,0.00010292738
48.9200223775,2.4673019447,8.466898e-05
48.9249162681,2.4673019447,7.275229e-05
48.9298101587,2.4673019447,7.1767616e-05
48.9347040493,2.4673019447,6.870242e-05
48.9395979399,2.4673019447,6.870242e-05
48.9444918305,2.4673019447,6.870242e-05
48.9493857211,2.4673019447,7.2760915e-05
48.9542796117,2.4673019447,7.563918e-05
48.9591735023,2.4673019447,7.563918e-05
48.9640673929,2.4673019447,7.563918e-05
48.9689612835,2.4673019447,7.563918e-05
48.9738551741,2.4673019447,7.563918e-05
48.9787490647,2.4673019447,7.563918e-05
