LATITUDE,LONGITUDE,probability
48.7389484253,2.2275013053,-4.3264743e-05
48.7438423159,2.2275013053,-4.3264743e-05
48.7487362065,2.2275013053,-4.3264743e-05
48.7536300971,2.2275013053,-4.3264743e-05
48.7585239877,2.2275013053,-4.3264743e-05
48.7634178783,2.2275013053,-4.3264743e-05
48.7683117689,2.2275013053,-3.5477595e-05
48.7732056595,2.2275013053,-4.2263648e-05
48.7780995501,2.2275013053,-4.2263648e-05
48.7829934407,2.2275013053,-3.5344554e-05
48.7878873313,2.2275013053,-3.0948726e-05
48.7927812219,2.2275013053,-1.2218363e-05
48.7976751125,2.2275013053,-1.4078057e-06
48.8025690031,2.2275013053,1.0016789e-05
48.8074628937,2.2275013053,-1.3661545e-05
48.8123567843,2.2275013053,-7.879949e-05
48.8172506749,2.2275013053,-0.00015893776
48.8221445655,2.2275013053,-0.0003838349
48.8270384561,2.2275013053,-0.00030214267
48.8319323467,2.2275013053,-0.00022665347
48.8368262373,2.2275013053,-0.00011233112
48.8417201279,2.2275013053,-0.00015222275
48.8466140185,2.2275013053,-0.0001248468
48.8515079091,2.2275013053,-6.379542e-05
48.8564017997,2.2275013053,5.3909556e-05
48.8612956903,2.2275013053,7.96336e-05
48.8661895809,2.2275013053,9.922838e-05
48.8710834715,2.2275013053,0.00023000292
48.8759773621,2.2275013053,0.0002144036
48.8808712527,2.2275013053,-1.9028434e-05
48.8857651433,2.2275013053,1.3617564e-05
48.8906590339,2.2275013053,3.659787e-05
48.8955529245,2.2275013053,3.915358e-05
48.9004468151,2.2275013053,3.9779283e-05
48.9053407057,2.2275013053,-3.000218e-05
48.9102345963,2.2275013053,-5.656076e-06
48.9151284869,2.2275013053,-3.0074802e-05
48.9200223775,2.2275013053,-2.8324741e-05
48.9249162681,2.2275013053,-4.1163457e-05
48.9298101587,2.2275013053,-4.0851857e-05
48.9347040493,2.2275013053,-4.3735385e-05
48.9395979399,2.2275013053,-4.3735385e-05
48.9444918305,2.2275013053,-4.3735385e-05
48.9493857211,2.2275013053,-4.7067264e-05
48.9542796117,2.2275013053,-4.6854166e-05
48.9591735023,2.2275013053,-4.6854166e-05
48.9640673929,2.2275013053,-4.6854166e-05
48.9689612835,2.2275013053,-4.6854166e-05
48.9738551741,2.2275013053,-4.6854166e-05
48.9787490647,2.2275013053,-4.6854166e-05
48.7389484253,2.2323951959,-4.3264743e-05
48.7438423159,2.2323951959,-4.3264743e-05
48.7487362065,2.2323951959,-4.3264743e-05
48.7536300971,2.2323951959,-4.3264743e-05
48.7585239877,2.2323951959,-4.3264743e-05
48.7634178783,2.2323951959,-4.3264743e-05
48.7683117689,2.2323951959,-3.5477595e-05
48.7732056595,2.2323951959,-4.2263648e-05
48.7780995501,2.2323951959,-4.2263648e-05
48.7829934407,2.2323951959,-3.5344554e-05
48.7878873313,2.2323951959,-3.0948726e-05
48.7927812219,2.2323951959,-1.2218363e-05
48.7976751125,2.2323951959,-1.4078057e-06
48.8025690031,2.2323951959,1.0016789e-05
48.8074628937,2.2323951959,-1.3661545e-05
48.8123567843,2.2323951959,-7.879949e-05
48.8172506749,2.2323951959,-0.00015893776
48.8221445655,2.2323951959,-0.0003838349
48.8270384561,2.2323951959,-0.00030214267
48.8319323467,2.2323951959,-0.00022665347
48.8368262373,2.2323951959,-0.00011233112
48.8417201279,2.2323951959,-0.00015222275
48.8466140185,2.2323951959,-0.0001248468
48.8515079091,2.2323951959,-6.379542e-05
48.8564017997,2.2323951959,5.3909556e-05
48.8612956903,2.2323951959,7.96336e-05
48.8661895809,2.2323951959,9.922838e-05
48.8710834715,2.2323951959,0.00023000292
48.8759773621,2.2323951959,0.0002144036
48.8808712527,2.2323951959,-1.9028434e-05
48.8857651433,2.2323951959,1.3617564e-05
48.8906590339,2.2323951959,3.659787e-05
48.8955529245,2.2323951959,3.915358e-05
48.9004468151,2.2323951959,3.9779283e-05
48.9053407057,2.2323951959,-3.000218e-05
48.9102345963,2.2323951959,-5.656076e-06
48.9151284869,2.2323951959,-3.0074802e-05
48.9200223775,2.2323951959,-2.8324741e-05
48.9249162681,2.2323951959,-4.1163457e-05
48.9298101587,2.2323951959,-4.0851857e-05
48.9347040493,2.2323951959,-4.3735385e-05
48.9395979399,2.2323951959,-4.3735385e-05
48.9444918305,2.2323951959,-4.3735385e-05
48.9493857211,2.2323951959,-4.7067264e-05
48.9542796117,2.2323951959,-4.6854166e-05
48.9591735023,2.2323951959,-4.6854166e-05
48.9640673929,2.2323951959,-4.6854166e-05
48.9689612835,2.2323951959,-4.6854166e-05
48.9738551741,2.2323951959,-4.6854166e-05
48.9787490647,2.2323951959,-4.6854166e-05
48.7389484253,2.2372890865,-4.3878725e-05
48.7438423159,2.2372890865,-4.3878725e-05
48.7487362065,2.2372890865,-4.3878725e-05
48.7536300971,2.2372890865,-4.3878725e-05
48.7585239877,2.2372890865,-4.3878725e-05
48.7634178783,2.2372890865,-4.3878725e-05
48.7683117689,2.2372890865,-3.6091584e-05
48.7732056595,2.2372890865,-5.148238e-05
48.7780995501,2.2372890865,-5.148238e-05
48.7829934407,2.2372890865,-4.4563272e-05
48.7878873313,2.2372890865,-4.016743e-05
48.7927812219,2.2372890865,-2.1437068e-05
48.7976751125,2.2372890865,-1.0626514e-05
48.8025690031,2.2372890865,7.9807603e-07
48.8074628937,2.2372890865,-2.2880255e-05
48.8123567843,2.2372890865,-8.80182e-05
48.8172506749,2.2372890865,-0.00016815649
48.8221445655,2.2372890865,-0.0003849792
48.8270384561,2.2372890865,-0.0003032869
48.8319323467,2.2372890865,-0.0002277978
48.8368262373,2.2372890865,-0.00011347541
48.8417201279,2.2372890865,-0.0001675754
48.8466140185,2.2372890865,-0.00014019944
48.8515079091,2.2372890865,-7.0540955e-05
48.8564017997,2.2372890865,4.7164023e-05
48.8612956903,2.2372890865,7.288806e-05
48.8661895809,2.2372890865,9.248284e-05
48.8710834715,2.2372890865,0.00023143581
48.8759773621,2.2372890865,0.0002059671
48.8808712527,2.2372890865,-2.7464966e-05
48.8857651433,2.2372890865,1.1808297e-05
48.8906590339,2.2372890865,3.478861e-05
48.8955529245,2.2372890865,3.734431e-05
48.9004468151,2.2372890865,3.7970014e-05
48.9053407057,2.2372890865,-2.3931641e-05
48.9102345963,2.2372890865,4.1446907e-07
48.9151284869,2.2372890865,-2.4004255e-05
48.9200223775,2.2372890865,-2.2254195e-05
48.9249162681,2.2372890865,-3.5092897e-05
48.9298101587,2.2372890865,-3.4781304e-05
48.9347040493,2.2372890865,-3.7664835e-05
48.9395979399,2.2372890865,-3.7664835e-05
48.9444918305,2.2372890865,-3.7664835e-05
48.9493857211,2.2372890865,-4.099673e-05
48.9542796117,2.2372890865,-4.8952334e-05
48.9591735023,2.2372890865,-4.8952334e-05
48.9640673929,2.2372890865,-4.8952334e-05
48.9689612835,2.2372890865,-4.8952334e-05
48.9738551741,2.2372890865,-4.8952334e-05
48.9787490647,2.2372890865,-4.8952334e-05
48.7389484253,2.2421829771,-4.369837e-05
48.7438423159,2.2421829771,-4.369837e-05
48.7487362065,2.2421829771,-4.369837e-05
48.7536300971,2.2421829771,-4.369837e-05
48.7585239877,2.2421829771,-4.369837e-05
48.7634178783,2.2421829771,-4.369837e-05
48.7683117689,2.2421829771,-3.591122e-05
48.7732056595,2.2421829771,-5.1302024e-05
48.7780995501,2.2421829771,-5.1302024e-05
48.7829934407,2.2421829771,-4.4382894e-05
48.7878873313,2.2421829771,-3.9987066e-05
48.7927812219,2.2421829771,-1.7552195e-05
48.7976751125,2.2421829771,-6.7416336e-06
48.8025690031,2.2421829771,4.6829628e-06
48.8074628937,2.2421829771,-2.4910476e-05
48.8123567843,2.2421829771,-9.004842e-05
48.8172506749,2.2421829771,-0.00017092534
48.8221445655,2.2421829771,-0.00037320526
48.8270384561,2.2421829771,-0.00031372023
48.8319323467,2.2421829771,-0.00023823109
48.8368262373,2.2421829771,-0.0001239087
48.8417201279,2.2421829771,-0.00017800875
48.8466140185,2.2421829771,-0.0001506327
48.8515079091,2.2421829771,-3.5293524e-05
48.8564017997,2.2421829771,7.310605e-05
48.8612956903,2.2421829771,9.883008e-05
48.8661895809,2.2421829771,0.000118424876
48.8710834715,2.2421829771,0.0002613235
48.8759773621,2.2421829771,0.00023742155
48.8808712527,2.2421829771,3.9895535e-06
48.8857651433,2.2421829771,4.3262844e-05
48.8906590339,2.2421829771,6.601688e-05
48.8955529245,2.2421829771,6.857252e-05
48.9004468151,2.2421829771,6.919828e-05
48.9053407057,2.2421829771,1.00123074e-07
48.9102345963,2.2421829771,2.4446248e-05
48.9151284869,2.2421829771,2.7516307e-08
48.9200223775,2.2421829771,1.7775747e-06
48.9249162681,2.2421829771,-1.4765639e-05
48.9298101587,2.2421829771,-1.9076919e-05
48.9347040493,2.2421829771,-2.1960446e-05
48.9395979399,2.2421829771,-2.1960446e-05
48.9444918305,2.2421829771,-2.4275467e-05
48.9493857211,2.2421829771,-2.760735e-05
48.9542796117,2.2421829771,-3.5562967e-05
48.9591735023,2.2421829771,-3.5562967e-05
48.9640673929,2.2421829771,-3.5562967e-05
48.9689612835,2.2421829771,-3.5562967e-05
48.9738551741,2.2421829771,-3.5562967e-05
48.9787490647,2.2421829771,-3.5562967e-05
48.7389484253,2.2470768677,-7.447754e-05
48.7438423159,2.2470768677,-7.447754e-05
48.7487362065,2.2470768677,-7.447754e-05
48.7536300971,2.2470768677,-7.447754e-05
48.7585239877,2.2470768677,-7.447754e-05
48.7634178783,2.2470768677,-7.447754e-05
48.7683117689,2.2470768677,-6.669037e-05
48.7732056595,2.2470768677,-8.208115e-05
48.7780995501,2.2470768677,-8.51556e-05
48.7829934407,2.2470768677,-7.82365e-05
48.7878873313,2.2470768677,-7.3840674e-05
48.7927812219,2.2470768677,-5.1405794e-05
48.7976751125,2.2470768677,-3.397457e-05
48.8025690031,2.2470768677,-2.1545036e-05
48.8074628937,2.2470768677,-5.004199e-05
48.8123567843,2.2470768677,-0.00014023231
48.8172506749,2.2470768677,-0.00024022386
48.8221445655,2.2470768677,-0.00043871466
48.8270384561,2.2470768677,-0.00032835058
48.8319323467,2.2470768677,-0.00021605327
48.8368262373,2.2470768677,-0.00011261033
48.8417201279,2.2470768677,-0.00016671032
48.8466140185,2.2470768677,-0.00013933434
48.8515079091,2.2470768677,-2.8624829e-05
48.8564017997,2.2470768677,6.67076e-05
48.8612956903,2.2470768677,9.243165e-05
48.8661895809,2.2470768677,0.0001120264
48.8710834715,2.2470768677,0.0002589169
48.8759773621,2.2470768677,0.00023102087
48.8808712527,2.2470768677,7.1615796e-07
48.8857651433,2.2470768677,0.000106832646
48.8906590339,2.2470768677,0.00012321731
48.8955529245,2.2470768677,0.00012577302
48.9004468151,2.2470768677,0.00012639872
48.9053407057,2.2470768677,2.6571366e-05
48.9102345963,2.2470768677,5.0917468e-05
48.9151284869,2.2470768677,9.887747e-06
48.9200223775,2.2470768677,1.0727793e-05
48.9249162681,2.2470768677,-5.815415e-06
48.9298101587,2.2470768677,-1.4118625e-05
48.9347040493,2.2470768677,-1.9569094e-05
48.9395979399,2.2470768677,-1.9569094e-05
48.9444918305,2.2470768677,-2.2471637e-05
48.9493857211,2.2470768677,-2.5803516e-05
48.9542796117,2.2470768677,-3.3759126e-05
48.9591735023,2.2470768677,-3.3759126e-05
48.9640673929,2.2470768677,-3.3759126e-05
48.9689612835,2.2470768677,-3.3759126e-05
48.9738551741,2.2470768677,-3.3759126e-05
48.9787490647,2.2470768677,-3.3759126e-05
48.7389484253,2.2519707583,-6.0629038e-05
48.7438423159,2.2519707583,-6.0629038e-05
48.7487362065,2.2519707583,-6.0629038e-05
48.7536300971,2.2519707583,-6.0629038e-05
48.7585239877,2.2519707583,-6.0629038e-05
48.7634178783,2.2519707583,-6.0629038e-05
48.7683117689,2.2519707583,-5.2841893e-05
48.7732056595,2.2519707583,-6.823266e-05
48.7780995501,2.2519707583,-7.1307084e-05
48.7829934407,2.2519707583,-6.438801e-05
48.7878873313,2.2519707583,-5.9992184e-05
48.7927812219,2.2519707583,-3.755728e-05
48.7976751125,2.2519707583,-2.0126072e-05
48.8025690031,2.2519707583,-7.696531e-06
48.8074628937,2.2519707583,-3.6193476e-05
48.8123567843,2.2519707583,-0.0001263838
48.8172506749,2.2519707583,-0.00022247707
48.8221445655,2.2519707583,-0.00039203322
48.8270384561,2.2519707583,-0.00023747559
48.8319323467,2.2519707583,-0.00012517822
48.8368262373,2.2519707583,-2.1735319e-05
48.8417201279,2.2519707583,-7.583538e-05
48.8466140185,2.2519707583,-4.845935e-05
48.8515079091,2.2519707583,5.7678484e-05
48.8564017997,2.2519707583,0.00015301097
48.8612956903,2.2519707583,0.000178735
48.8661895809,2.2519707583,0.00019832977
48.8710834715,2.2519707583,0.00034521995
48.8759773621,2.2519707583,0.000262257
48.8808712527,2.2519707583,3.1952466e-05
48.8857651433,2.2519707583,0.00019008676
48.8906590339,2.2519707583,0.00020116108
48.8955529245,2.2519707583,0.00020371674
48.9004468151,2.2519707583,0.00020434245
48.9053407057,2.2519707583,5.3237574e-05
48.9102345963,2.2519707583,4.8790313e-05
48.9151284869,2.2519707583,7.7605955e-06
48.9200223775,2.2519707583,8.600634e-06
48.9249162681,2.2519707583,-7.942577e-06
48.9298101587,2.2519707583,-1.6245782e-05
48.9347040493,2.2519707583,-2.1696253e-05
48.9395979399,2.2519707583,-2.1696253e-05
48.9444918305,2.2519707583,-2.4598796e-05
48.9493857211,2.2519707583,-2.7930675e-05
48.9542796117,2.2519707583,-3.5886296e-05
48.9591735023,2.2519707583,-3.5886296e-05
48.9640673929,2.2519707583,-3.5886296e-05
48.9689612835,2.2519707583,-3.5886296e-05
48.9738551741,2.2519707583,-3.5886296e-05
48.9787490647,2.2519707583,-3.5886296e-05
48.7389484253,2.2568646489,-6.0629038e-05
48.7438423159,2.2568646489,-6.0629038e-05
48.7487362065,2.2568646489,-6.0629038e-05
48.7536300971,2.2568646489,-6.0629038e-05
48.7585239877,2.2568646489,-6.0629038e-05
48.7634178783,2.2568646489,-6.0629038e-05
48.7683117689,2.2568646489,-5.2841893e-05
48.7732056595,2.2568646489,-6.823266e-05
48.7780995501,2.2568646489,-7.1307084e-05
48.7829934407,2.2568646489,-6.438801e-05
48.7878873313,2.2568646489,-5.9992184e-05
48.7927812219,2.2568646489,-3.755728e-05
48.7976751125,2.2568646489,-2.0126072e-05
48.8025690031,2.2568646489,-7.696531e-06
48.8074628937,2.2568646489,-3.6193476e-05
48.8123567843,2.2568646489,-0.0001263838
48.8172506749,2.2568646489,-0.00019363037
48.8221445655,2.2568646489,-0.00031547257
48.8270384561,2.2568646489,-0.00015396604
48.8319323467,2.2568646489,-4.166881e-05
48.8368262373,2.2568646489,6.1774124e-05
48.8417201279,2.2568646489,7.674039e-06
48.8466140185,2.2568646489,3.505009e-05
48.8515079091,2.2568646489,0.00014118783
48.8564017997,2.2568646489,0.00023652028
48.8612956903,2.2568646489,0.00026224434
48.8661895809,2.2568646489,0.00028183914
48.8710834715,2.2568646489,0.00042872955
48.8759773621,2.2568646489,0.00031632514
48.8808712527,2.2568646489,5.7173966e-05
48.8857651433,2.2568646489,0.0002153084
48.8906590339,2.2568646489,0.00022638263
48.8955529245,2.2568646489,0.0002219895
48.9004468151,2.2568646489,0.00020434245
48.9053407057,2.2568646489,5.3237574e-05
48.9102345963,2.2568646489,4.8790313e-05
48.9151284869,2.2568646489,7.7605955e-06
48.9200223775,2.2568646489,8.600634e-06
48.9249162681,2.2568646489,-7.942577e-06
48.9298101587,2.2568646489,-1.6245782e-05
48.9347040493,2.2568646489,-2.1696253e-05
48.9395979399,2.2568646489,-2.1696253e-05
48.9444918305,2.2568646489,-2.4598796e-05
48.9493857211,2.2568646489,-2.7930675e-05
48.9542796117,2.2568646489,-3.5886296e-05
48.9591735023,2.2568646489,-3.5886296e-05
48.9640673929,2.2568646489,-3.5886296e-05
48.9689612835,2.2568646489,-3.5886296e-05
48.9738551741,2.2568646489,-3.5886296e-05
48.9787490647,2.2568646489,-3.5886296e-05
48.7389484253,2.2617585395,-5.8892067e-05
48.7438423159,2.2617585395,-5.8892067e-05
48.7487362065,2.2617585395,-5.8892067e-05
48.7536300971,2.2617585395,-5.8892067e-05
48.7585239877,2.2617585395,-5.8892067e-05
48.7634178783,2.2617585395,-5.8892067e-05
48.7683117689,2.2617585395,-5.110492e-05
48.7732056595,2.2617585395,-6.649568e-05
48.7780995501,2.2617585395,-6.9570124e-05
48.7829934407,2.2617585395,-6.265104e-05
48.7878873313,2.2617585395,-5.8255227e-05
48.7927812219,2.2617585395,-3.5820307e-05
48.7976751125,2.2617585395,-1.838909e-05
48.8025690031,2.2617585395,-5.9595554e-06
48.8074628937,2.2617585395,-3.44565e-05
48.8123567843,2.2617585395,-0.00012464683
48.8172506749,2.2617585395,-0.0001918934
48.8221445655,2.2617585395,-0.00034480428
48.8270384561,2.2617585395,-0.00013305449
48.8319323467,2.2617585395,-2.0757172e-05
48.8368262373,2.2617585395,7.872602e-05
48.8417201279,2.2617585395,2.4626053e-05
48.8466140185,2.2617585395,3.5234505e-05
48.8515079091,2.2617585395,0.00014137226
48.8564017997,2.2617585395,0.0002367046
48.8612956903,2.2617585395,0.00026242863
48.8661895809,2.2617585395,0.00029064508
48.8710834715,2.2617585395,0.00043958737
48.8759773621,2.2617585395,0.00032718308
48.8808712527,2.2617585395,1.7788547e-05
48.8857651433,2.2617585395,0.00017592295
48.8906590339,2.2617585395,0.0002037648
48.8955529245,2.2617585395,0.00019937169
48.9004468151,2.2617585395,0.00018172458
48.9053407057,2.2617585395,5.8839985e-05
48.9102345963,2.2617585395,5.439274e-05
48.9151284869,2.2617585395,1.3363006e-05
48.9200223775,2.2617585395,1.4203057e-05
48.9249162681,2.2617585395,-2.3401658e-06
48.9298101587,2.2617585395,-1.064337e-05
48.9347040493,2.2617585395,-1.6093849e-05
48.9395979399,2.2617585395,-1.6093849e-05
48.9444918305,2.2617585395,-2.0032958e-05
48.9493857211,2.2617585395,-2.451835e-05
48.9542796117,2.2617585395,-3.2473967e-05
48.9591735023,2.2617585395,-3.2473967e-05
48.9640673929,2.2617585395,-3.2473967e-05
48.9689612835,2.2617585395,-3.2473967e-05
48.9738551741,2.2617585395,-3.2473967e-05
48.9787490647,2.2617585395,-3.2473967e-05
48.7389484253,2.2666524301,-5.924872e-05
48.7438423159,2.2666524301,-5.924872e-05
48.7487362065,2.2666524301,-5.924872e-05
48.7536300971,2.2666524301,-5.924872e-05
48.7585239877,2.2666524301,-5.924872e-05
48.7634178783,2.2666524301,-5.924872e-05
48.7683117689,2.2666524301,-5.1461586e-05
48.7732056595,2.2666524301,-6.6852335e-05
48.7780995501,2.2666524301,-6.992678e-05
48.7829934407,2.2666524301,-6.300769e-05
48.7878873313,2.2666524301,-5.8611873e-05
48.7927812219,2.2666524301,-3.6176974e-05
48.7976751125,2.2666524301,-1.8745764e-05
48.8025690031,2.2666524301,-6.3162192e-06
48.8074628937,2.2666524301,-2.7885026e-05
48.8123567843,2.2666524301,-0.00011807531
48.8172506749,2.2666524301,-0.0001675986
48.8221445655,2.2666524301,-0.0003031298
48.8270384561,2.2666524301,-2.4057319e-05
48.8319323467,2.2666524301,8.8239925e-05
48.8368262373,2.2666524301,0.00018772332
48.8417201279,2.2666524301,0.0001336232
48.8466140185,2.2666524301,0.00014423172
48.8515079091,2.2666524301,0.00025036957
48.8564017997,2.2666524301,0.00036283364
48.8612956903,2.2666524301,0.0003885577
48.8661895809,2.2666524301,0.0004120634
48.8710834715,2.2666524301,0.00056100544
48.8759773621,2.2666524301,0.00043087805
48.8808712527,2.2666524301,0.00013387391
48.8857651433,2.2666524301,0.0002381922
48.8906590339,2.2666524301,0.00026603395
48.8955529245,2.2666524301,0.00018992493
48.9004468151,2.2666524301,0.00016235068
48.9053407057,2.2666524301,5.6235735e-05
48.9102345963,2.2666524301,5.178846e-05
48.9151284869,2.2666524301,1.0758741e-05
48.9200223775,2.2666524301,1.159878e-05
48.9249162681,2.2666524301,-4.9444366e-06
48.9298101587,2.2666524301,-1.3247642e-05
48.9347040493,2.2666524301,-1.8698114e-05
48.9395979399,2.2666524301,-1.8698114e-05
48.9444918305,2.2666524301,-2.2637227e-05
48.9493857211,2.2666524301,-2.7122622e-05
48.9542796117,2.2666524301,-3.5078236e-05
48.9591735023,2.2666524301,-3.5078236e-05
48.9640673929,2.2666524301,-3.5078236e-05
48.9689612835,2.2666524301,-3.5078236e-05
48.9738551741,2.2666524301,-3.5078236e-05
48.9787490647,2.2666524301,-3.5078236e-05
48.7389484253,2.2715463207,-4.231155e-05
48.7438423159,2.2715463207,-4.231155e-05
48.7487362065,2.2715463207,-4.231155e-05
48.7536300971,2.2715463207,-4.231155e-05
48.7585239877,2.2715463207,-4.231155e-05
48.7634178783,2.2715463207,-4.231155e-05
48.7683117689,2.2715463207,-3.4524386e-05
48.7732056595,2.2715463207,-4.9915183e-05
48.7780995501,2.2715463207,-5.298963e-05
48.7829934407,2.2715463207,-4.607053e-05
48.7878873313,2.2715463207,-4.1674703e-05
48.7927812219,2.2715463207,-1.923978e-05
48.7976751125,2.2715463207,-1.8085917e-06
48.8025690031,2.2715463207,1.0620968e-05
48.8074628937,2.2715463207,-1.0947853e-05
48.8123567843,2.2715463207,-0.00010113813
48.8172506749,2.2715463207,-0.00014615373
48.8221445655,2.2715463207,-0.00023607264
48.8270384561,2.2715463207,4.562322e-05
48.8319323467,2.2715463207,0.00018800373
48.8368262373,2.2715463207,0.0002874872
48.8417201279,2.2715463207,0.00023338696
48.8466140185,2.2715463207,0.00024399556
48.8515079091,2.2715463207,0.00035013314
48.8564017997,2.2715463207,0.00046259756
48.8612956903,2.2715463207,0.00048832165
48.8661895809,2.2715463207,0.0005118273
48.8710834715,2.2715463207,0.0006917899
48.8759773621,2.2715463207,0.0006015017
48.8808712527,2.2715463207,0.00030449717
48.8857651433,2.2715463207,0.00034771164
48.8906590339,2.2715463207,0.0003755535
48.8955529245,2.2715463207,0.0002380012
48.9004468151,2.2715463207,0.00018168977
48.9053407057,2.2715463207,7.317289e-05
48.9102345963,2.2715463207,6.872563e-05
48.9151284869,2.2715463207,2.7695927e-05
48.9200223775,2.2715463207,2.8535962e-05
48.9249162681,2.2715463207,1.1992745e-05
48.9298101587,2.2715463207,3.689543e-06
48.9347040493,2.2715463207,-1.7609377e-06
48.9395979399,2.2715463207,-1.7609377e-06
48.9444918305,2.2715463207,-5.700054e-06
48.9493857211,2.2715463207,-1.0185449e-05
48.9542796117,2.2715463207,-1.8141056e-05
48.9591735023,2.2715463207,-1.8141056e-05
48.9640673929,2.2715463207,-1.8141056e-05
48.9689612835,2.2715463207,-1.8141056e-05
48.9738551741,2.2715463207,-1.8141056e-05
48.9787490647,2.2715463207,-1.8141056e-05
48.7389484253,2.2764402113,-4.6420017e-05
48.7438423159,2.2764402113,-4.6420017e-05
48.7487362065,2.2764402113,-4.6420017e-05
48.7536300971,2.2764402113,-4.6420017e-05
48.7585239877,2.2764402113,-4.6420017e-05
48.7634178783,2.2764402113,-4.6420017e-05
48.7683117689,2.2764402113,-3.8632854e-05
48.7732056595,2.2764402113,-5.402365e-05
48.7780995501,2.2764402113,-5.7098096e-05
48.7829934407,2.2764402113,-5.0179e-05
48.7878873313,2.2764402113,-4.578317e-05
48.7927812219,2.2764402113,-2.3348248e-05
48.7976751125,2.2764402113,-5.917062e-06
48.8025690031,2.2764402113,6.512499e-06
48.8074628937,2.2764402113,-1.50563155e-05
48.8123567843,2.2764402113,-9.632656e-05
48.8172506749,2.2764402113,-0.00014836989
48.8221445655,2.2764402113,-0.0001911894
48.8270384561,2.2764402113,0.00010225851
48.8319323467,2.2764402113,0.00026121756
48.8368262373,2.2764402113,0.00037564195
48.8417201279,2.2764402113,0.00034484745
48.8466140185,2.2764402113,0.00035556665
48.8515079091,2.2764402113,0.000461704
48.8564017997,2.2764402113,0.0005605464
48.8612956903,2.2764402113,0.00055680453
48.8661895809,2.2764402113,0.0005803102
48.8710834715,2.2764402113,0.0007859535
48.8759773621,2.2764402113,0.0006939645
48.8808712527,2.2764402113,0.00044597578
48.8857651433,2.2764402113,0.00044728766
48.8906590339,2.2764402113,0.0004751297
48.8955529245,2.2764402113,0.00033579743
48.9004468151,2.2764402113,0.00023916192
48.9053407057,2.2764402113,7.062551e-05
48.9102345963,2.2764402113,6.6178254e-05
48.9151284869,2.2764402113,2.5148545e-05
48.9200223775,2.2764402113,2.5988584e-05
48.9249162681,2.2764402113,9.4453635e-06
48.9298101587,2.2764402113,1.1421635e-06
48.9347040493,2.2764402113,-4.30832e-06
48.9395979399,2.2764402113,-4.30832e-06
48.9444918305,2.2764402113,-8.247436e-06
48.9493857211,2.2764402113,-1.2732835e-05
48.9542796117,2.2764402113,-2.0688438e-05
48.9591735023,2.2764402113,-2.0688438e-05
48.9640673929,2.2764402113,-2.0688438e-05
48.9689612835,2.2764402113,-2.0688438e-05
48.9738551741,2.2764402113,-2.0688438e-05
48.9787490647,2.2764402113,-2.0688438e-05
48.7389484253,2.2813341019,-3.676367e-05
48.7438423159,2.2813341019,-3.676367e-05
48.7487362065,2.2813341019,-3.676367e-05
48.7536300971,2.2813341019,-3.676367e-05
48.7585239877,2.2813341019,-3.676367e-05
48.7634178783,2.2813341019,-3.676367e-05
48.7683117689,2.2813341019,-2.7930719e-05
48.7732056595,2.2813341019,-4.332151e-05
48.7780995501,2.2813341019,-4.639595e-05
48.7829934407,2.2813341019,-3.9476858e-05
48.7878873313,2.2813341019,-3.508103e-05
48.7927812219,2.2813341019,-1.2646133e-05
48.7976751125,2.2813341019,4.785075e-06
48.8025690031,2.2813341019,1.721463e-05
48.8074628937,2.2813341019,-4.354192e-06
48.8123567843,2.2813341019,-8.5624415e-05
48.8172506749,2.2813341019,-0.00014843019
48.8221445655,2.2813341019,-0.00017857537
48.8270384561,2.2813341019,9.333408e-05
48.8319323467,2.2813341019,0.0002759711
48.8368262373,2.2813341019,0.00039039532
48.8417201279,2.2813341019,0.00035960085
48.8466140185,2.2813341019,0.00037032008
48.8515079091,2.2813341019,0.00047645767
48.8564017997,2.2813341019,0.00065754197
48.8612956903,2.2813341019,0.0006538001
48.8661895809,2.2813341019,0.0006773058
48.8710834715,2.2813341019,0.0008865114
48.8759773621,2.2813341019,0.00082522474
48.8808712527,2.2813341019,0.0005772362
48.8857651433,2.2813341019,0.0005666432
48.8906590339,2.2813341019,0.00049650273
48.8955529245,2.2813341019,0.00035717047
48.9004468151,2.2813341019,0.0002589622
48.9053407057,2.2813341019,8.043696e-05
48.9102345963,2.2813341019,7.598972e-05
48.9151284869,2.2813341019,3.496e-05
48.9200223775,2.2813341019,3.580004e-05
48.9249162681,2.2813341019,1.9256817e-05
48.9298101587,2.2813341019,1.0953619e-05
48.9347040493,2.2813341019,5.5031373e-06
48.9395979399,2.2813341019,5.5031373e-06
48.9444918305,2.2813341019,1.5640271e-06
48.9493857211,2.2813341019,-2.9213757e-06
48.9542796117,2.2813341019,-1.0876986e-05
48.9591735023,2.2813341019,-1.0876986e-05
48.9640673929,2.2813341019,-1.0876986e-05
48.9689612835,2.2813341019,-1.0876986e-05
48.9738551741,2.2813341019,-1.0876986e-05
48.9787490647,2.2813341019,-1.0876986e-05
48.7389484253,2.2862279925,-5.4005366e-05
48.7438423159,2.2862279925,-5.4005366e-05
48.7487362065,2.2862279925,-5.4005366e-05
48.7536300971,2.2862279925,-5.4005366e-05
48.7585239877,2.2862279925,-5.4005366e-05
48.7634178783,2.2862279925,-5.4005366e-05
48.7683117689,2.2862279925,-4.452161e-05
48.7732056595,2.2862279925,-5.8954727e-05
48.7780995501,2.2862279925,-6.2029154e-05
48.7829934407,2.2862279925,-5.5110057e-05
48.7878873313,2.2862279925,-4.8094476e-05
48.7927812219,2.2862279925,-2.253277e-05
48.7976751125,2.2862279925,-7.874303e-06
48.8025690031,2.2862279925,4.5552415e-06
48.8074628937,2.2862279925,-7.6130334e-07
48.8123567843,2.2862279925,-7.6828976e-05
48.8172506749,2.2862279925,-0.00014262176
48.8221445655,2.2862279925,-0.00017276694
48.8270384561,2.2862279925,7.251255e-05
48.8319323467,2.2862279925,0.00025514967
48.8368262373,2.2862279925,0.00036957389
48.8417201279,2.2862279925,0.0003387794
48.8466140185,2.2862279925,0.0003494986
48.8515079091,2.2862279925,0.00045584652
48.8564017997,2.2862279925,0.00076346984
48.8612956903,2.2862279925,0.0008423721
48.8661895809,2.2862279925,0.00090407813
48.8710834715,2.2862279925,0.0011257752
48.8759773621,2.2862279925,0.0010644885
48.8808712527,2.2862279925,0.000845134
48.8857651433,2.2862279925,0.00070685445
48.8906590339,2.2862279925,0.000630975
48.8955529245,2.2862279925,0.00044207546
48.9004468151,2.2862279925,0.000298765
48.9053407057,2.2862279925,9.3923285e-05
48.9102345963,2.2862279925,8.514221e-05
48.9151284869,2.2862279925,5.2861156e-05
48.9200223775,2.2862279925,4.36267e-05
48.9249162681,2.2862279925,2.7083488e-05
48.9298101587,2.2862279925,1.878027e-05
48.9347040493,2.2862279925,1.33298e-05
48.9395979399,2.2862279925,1.00830175e-05
48.9444918305,2.2862279925,6.143902e-06
48.9493857211,2.2862279925,1.658505e-06
48.9542796117,2.2862279925,-8.515102e-06
48.9591735023,2.2862279925,-8.515102e-06
48.9640673929,2.2862279925,-8.515102e-06
48.9689612835,2.2862279925,-8.515102e-06
48.9738551741,2.2862279925,-8.515102e-06
48.9787490647,2.2862279925,-8.515102e-06
48.7389484253,2.2911218831,-5.817129e-05
48.7438423159,2.2911218831,-5.817129e-05
48.7487362065,2.2911218831,-5.817129e-05
48.7536300971,2.2911218831,-5.817129e-05
48.7585239877,2.2911218831,-5.817129e-05
48.7634178783,2.2911218831,-5.817129e-05
48.7683117689,2.2911218831,-4.8687554e-05
48.7732056595,2.2911218831,-6.312066e-05
48.7780995501,2.2911218831,-6.619508e-05
48.7829934407,2.2911218831,-5.927602e-05
48.7878873313,2.2911218831,-5.22604e-05
48.7927812219,2.2911218831,-2.669871e-05
48.7976751125,2.2911218831,-1.20402565e-05
48.8025690031,2.2911218831,3.8930204e-07
48.8074628937,2.2911218831,-4.92724e-06
48.8123567843,2.2911218831,-8.099494e-05
48.8172506749,2.2911218831,-0.00014678772
48.8221445655,2.2911218831,-0.00017096646
48.8270384561,2.2911218831,7.431291e-05
48.8319323467,2.2911218831,0.00025695012
48.8368262373,2.2911218831,0.00037137442
48.8417201279,2.2911218831,0.00034057983
48.8466140185,2.2911218831,0.000351299
48.8515079091,2.2911218831,0.000457647
48.8564017997,2.2911218831,0.0007845652
48.8612956903,2.2911218831,0.00086346746
48.8661895809,2.2911218831,0.0009251735
48.8710834715,2.2911218831,0.00116237
48.8759773621,2.2911218831,0.0011010834
48.8808712527,2.2911218831,0.00088172895
48.8857651433,2.2911218831,0.00082998554
48.8906590339,2.2911218831,0.0007481396
48.8955529245,2.2911218831,0.00055924023
48.9004468151,2.2911218831,0.0004083039
48.9053407057,2.2911218831,0.0001387136
48.9102345963,2.2911218831,0.00012246083
48.9151284869,2.2911218831,7.395928e-05
48.9200223775,2.2911218831,6.472482e-05
48.9249162681,2.2911218831,4.8181617e-05
48.9298101587,2.2911218831,3.895243e-05
48.9347040493,2.2911218831,3.350195e-05
48.9395979399,2.2911218831,3.0255165e-05
48.9444918305,2.2911218831,2.6316053e-05
48.9493857211,2.2911218831,2.1830643e-05
48.9542796117,2.2911218831,1.165704e-05
48.9591735023,2.2911218831,1.165704e-05
48.9640673929,2.2911218831,1.165704e-05
48.9689612835,2.2911218831,1.165704e-05
48.9738551741,2.2911218831,1.165704e-05
48.9787490647,2.2911218831,1.165704e-05
48.7389484253,2.2960157737,-1.8450257e-05
48.7438423159,2.2960157737,-1.8450257e-05
48.7487362065,2.2960157737,-1.8450257e-05
48.7536300971,2.2960157737,-1.8450257e-05
48.7585239877,2.2960157737,-1.8450257e-05
48.7634178783,2.2960157737,-1.8450257e-05
48.7683117689,2.2960157737,-8.966539e-06
48.7732056595,2.2960157737,-2.3399642e-05
48.7780995501,2.2960157737,-2.6474083e-05
48.7829934407,2.2960157737,-2.3448958e-05
48.7878873313,2.2960157737,-1.6433349e-05
48.7927812219,2.2960157737,9.1283255e-06
48.7976751125,2.2960157737,2.3786795e-05
48.8025690031,2.2960157737,3.6216337e-05
48.8074628937,2.2960157737,4.9978353e-05
48.8123567843,2.2960157737,-3.3031793e-05
48.8172506749,2.2960157737,-9.625124e-05
48.8221445655,2.2960157737,-0.00013223544
48.8270384561,2.2960157737,0.00010411298
48.8319323467,2.2960157737,0.00024333077
48.8368262373,2.2960157737,0.00035775505
48.8417201279,2.2960157737,0.0003521754
48.8466140185,2.2960157737,0.0003628946
48.8515079091,2.2960157737,0.00046924254
48.8564017997,2.2960157737,0.0007961607
48.8612956903,2.2960157737,0.00087506295
48.8661895809,2.2960157737,0.0009530879
48.8710834715,2.2960157737,0.0012085675
48.8759773621,2.2960157737,0.0011472807
48.8808712527,2.2960157737,0.00092792633
48.8857651433,2.2960157737,0.0008993775
48.8906590339,2.2960157737,0.00081897504
48.8955529245,2.2960157737,0.00066839124
48.9004468151,2.2960157737,0.0004890071
48.9053407057,2.2960157737,0.00023468208
48.9102345963,2.2960157737,0.00012474242
48.9151284869,2.2960157737,7.537871e-05
48.9200223775,2.2960157737,6.614427e-05
48.9249162681,2.2960157737,4.9609225e-05
48.9298101587,2.2960157737,4.0380015e-05
48.9347040493,2.2960157737,3.4929544e-05
48.9395979399,2.2960157737,3.1682765e-05
48.9444918305,2.2960157737,2.7743654e-05
48.9493857211,2.2960157737,2.3258259e-05
48.9542796117,2.2960157737,1.3084651e-05
48.9591735023,2.2960157737,1.3084651e-05
48.9640673929,2.2960157737,1.3084651e-05
48.9689612835,2.2960157737,1.3084651e-05
48.9738551741,2.2960157737,1.3084651e-05
48.9787490647,2.2960157737,1.3084651e-05
48.7389484253,2.3009096643,-2.5439804e-05
48.7438423159,2.3009096643,-2.5439804e-05
48.7487362065,2.3009096643,-2.5439804e-05
48.7536300971,2.3009096643,-2.5439804e-05
48.7585239877,2.3009096643,-2.5439804e-05
48.7634178783,2.3009096643,-2.5439804e-05
48.7683117689,2.3009096643,-1.595608e-05
48.7732056595,2.3009096643,-3.0389176e-05
48.7780995501,2.3009096643,-3.3463617e-05
48.7829934407,2.3009096643,-3.0438492e-05
48.7878873313,2.3009096643,-2.3422896e-05
48.7927812219,2.3009096643,-7.1684617e-06
48.7976751125,2.3009096643,7.4900513e-06
48.8025690031,2.3009096643,1.9919577e-05
48.8074628937,2.3009096643,3.3681565e-05
48.8123567843,2.3009096643,-2.6277976e-05
48.8172506749,2.3009096643,-0.000107498345
48.8221445655,2.3009096643,-0.00014348254
48.8270384561,2.3009096643,9.793672e-05
48.8319323467,2.3009096643,0.00022591106
48.8368262373,2.3009096643,0.00034033542
48.8417201279,2.3009096643,0.00033475566
48.8466140185,2.3009096643,0.00034547487
48.8515079091,2.3009096643,0.0004518228
48.8564017997,2.3009096643,0.0007987581
48.8612956903,2.3009096643,0.0008776604
48.8661895809,2.3009096643,0.0009556852
48.8710834715,2.3009096643,0.0012111652
48.8759773621,2.3009096643,0.0011498784
48.8808712527,2.3009096643,0.0009593373
48.8857651433,2.3009096643,0.0009307886
48.8906590339,2.3009096643,0.000879352
48.8955529245,2.3009096643,0.00076257094
48.9004468151,2.3009096643,0.00056689966
48.9053407057,2.3009096643,0.00038588542
48.9102345963,2.3009096643,0.00015657526
48.9151284869,2.3009096643,7.768609e-05
48.9200223775,2.3009096643,6.845166e-05
48.9249162681,2.3009096643,5.1916624e-05
48.9298101587,2.3009096643,4.251138e-05
48.9347040493,2.3009096643,3.706091e-05
48.9395979399,2.3009096643,3.3814136e-05
48.9444918305,2.3009096643,2.9875022e-05
48.9493857211,2.3009096643,2.5389627e-05
48.9542796117,2.3009096643,1.521602e-05
48.9591735023,2.3009096643,1.521602e-05
48.9640673929,2.3009096643,1.521602e-05
48.9689612835,2.3009096643,1.521602e-05
48.9738551741,2.3009096643,1.521602e-05
48.9787490647,2.3009096643,1.521602e-05
48.7389484253,2.3058035549,-2.1407197e-05
48.7438423159,2.3058035549,-2.1407197e-05
48.7487362065,2.3058035549,-2.1407197e-05
48.7536300971,2.3058035549,-2.1407197e-05
48.7585239877,2.3058035549,-2.1407197e-05
48.7634178783,2.3058035549,-2.1407197e-05
48.7683117689,2.3058035549,-1.1923472e-05
48.7732056595,2.3058035549,-2.6356567e-05
48.7780995501,2.3058035549,-2.9431008e-05
48.7829934407,2.3058035549,-2.6405884e-05
48.7878873313,2.3058035549,-1.9390287e-05
48.7927812219,2.3058035549,-3.1358531e-06
48.7976751125,2.3058035549,2.0546582e-05
48.8025690031,2.3058035549,3.2976102e-05
48.8074628937,2.3058035549,5.7785554e-05
48.8123567843,2.3058035549,-9.939029e-06
48.8172506749,2.3058035549,-7.456999e-05
48.8221445655,2.3058035549,-7.373867e-05
48.8270384561,2.3058035549,0.0002122487
48.8319323467,2.3058035549,0.0003402228
48.8368262373,2.3058035549,0.00045464718
48.8417201279,2.3058035549,0.0004490674
48.8466140185,2.3058035549,0.00045978668
48.8515079091,2.3058035549,0.0005366158
48.8564017997,2.3058035549,0.00088355114
48.8612956903,2.3058035549,0.0009624535
48.8661895809,2.3058035549,0.0010699972
48.8710834715,2.3058035549,0.0013268885
48.8759773621,2.3058035549,0.0012700913
48.8808712527,2.3058035549,0.0010795502
48.8857651433,2.3058035549,0.0010738439
48.8906590339,2.3058035549,0.0010287334
48.8955529245,2.3058035549,0.00083871186
48.9004468151,2.3058035549,0.00063425204
48.9053407057,2.3058035549,0.0004360341
48.9102345963,2.3058035549,0.00017770207
48.9151284869,2.3058035549,9.881291e-05
48.9200223775,2.3058035549,7.294138e-05
48.9249162681,2.3058035549,5.6406345e-05
48.9298101587,2.3058035549,4.70011e-05
48.9347040493,2.3058035549,4.155063e-05
48.9395979399,2.3058035549,3.8303857e-05
48.9444918305,2.3058035549,3.436474e-05
48.9493857211,2.3058035549,2.9879346e-05
48.9542796117,2.3058035549,1.9705742e-05
48.9591735023,2.3058035549,1.9705742e-05
48.9640673929,2.3058035549,1.9705742e-05
48.9689612835,2.3058035549,1.9705742e-05
48.9738551741,2.3058035549,1.9705742e-05
48.9787490647,2.3058035549,1.9705742e-05
48.7389484253,2.3106974455,-1.7302775e-05
48.7438423159,2.3106974455,-1.7302775e-05
48.7487362065,2.3106974455,-1.7302775e-05
48.7536300971,2.3106974455,-1.7302775e-05
48.7585239877,2.3106974455,-1.7302775e-05
48.7634178783,2.3106974455,-1.7302775e-05
48.7683117689,2.3106974455,-7.819042e-06
48.7732056595,2.3106974455,-2.2252128e-05
48.7780995501,2.3106974455,-2.5326572e-05
48.7829934407,2.3106974455,-2.2301438e-05
48.7878873313,2.3106974455,-1.5285856e-05
48.7927812219,2.3106974455,9.685797e-07
48.7976751125,2.3106974455,2.4651003e-05
48.8025690031,2.3106974455,5.126804e-05
48.8074628937,2.3106974455,5.114841e-05
48.8123567843,2.3106974455,-5.374256e-05
48.8172506749,2.3106974455,-2.1617476e-05
48.8221445655,2.3106974455,-1.1341649e-05
48.8270384561,2.3106974455,0.00026345917
48.8319323467,2.3106974455,0.0003914334
48.8368262373,2.3106974455,0.0006364273
48.8417201279,2.3106974455,0.00065030897
48.8466140185,2.3106974455,0.00064695784
48.8515079091,2.3106974455,0.00072378694
48.8564017997,2.3106974455,0.0010707227
48.8612956903,2.3106974455,0.001149625
48.8661895809,2.3106974455,0.0012571686
48.8710834715,2.3106974455,0.0015281297
48.8759773621,2.3106974455,0.001558805
48.8808712527,2.3106974455,0.0013799755
48.8857651433,2.3106974455,0.0014097884
48.8906590339,2.3106974455,0.0012157114
48.8955529245,2.3106974455,0.0010256895
48.9004468151,2.3106974455,0.0008162796
48.9053407057,2.3106974455,0.00044034526
48.9102345963,2.3106974455,0.0001942898
48.9151284869,2.3106974455,0.00011540065
48.9200223775,2.3106974455,8.324229e-05
48.9249162681,2.3106974455,6.670726e-05
48.9298101587,2.3106974455,5.7302037e-05
48.9347040493,2.3106974455,4.586178e-05
48.9395979399,2.3106974455,4.2615e-05
48.9444918305,2.3106974455,3.8675884e-05
48.9493857211,2.3106974455,3.419048e-05
48.9542796117,2.3106974455,2.4016881e-05
48.9591735023,2.3106974455,2.4016881e-05
48.9640673929,2.3106974455,2.4016881e-05
48.9689612835,2.3106974455,2.4016881e-05
48.9738551741,2.3106974455,2.4016881e-05
48.9787490647,2.3106974455,2.4016881e-05
48.7389484253,2.3155913361,-3.077196e-05
48.7438423159,2.3155913361,-3.077196e-05
48.7487362065,2.3155913361,-3.077196e-05
48.7536300971,2.3155913361,-3.077196e-05
48.7585239877,2.3155913361,-3.077196e-05
48.7634178783,2.3155913361,-3.077196e-05
48.7683117689,2.3155913361,-2.1288235e-05
48.7732056595,2.3155913361,-3.572133e-05
48.7780995501,2.3155913361,-3.8795766e-05
48.7829934407,2.3155913361,-3.577063e-05
48.7878873313,2.3155913361,-2.8755037e-05
48.7927812219,2.3155913361,-1.2500614e-05
48.7976751125,2.3155913361,1.1181825e-05
48.8025690031,2.3155913361,5.5325054e-05
48.8074628937,2.3155913361,7.939948e-05
48.8123567843,2.3155913361,-5.5002867e-05
48.8172506749,2.3155913361,0.00017156365
48.8221445655,2.3155913361,0.00020533218
48.8270384561,2.3155913361,0.00044840176
48.8319323467,2.3155913361,0.00065160304
48.8368262373,2.3155913361,0.0009845364
48.8417201279,2.3155913361,0.0010820302
48.8466140185,2.3155913361,0.0011116108
48.8515079091,2.3155913361,0.001116845
48.8564017997,2.3155913361,0.0014775977
48.8612956903,2.3155913361,0.0015564997
48.8661895809,2.3155913361,0.0016640435
48.8710834715,2.3155913361,0.0019350047
48.8759773621,2.3155913361,0.0019866938
48.8808712527,2.3155913361,0.0018078643
48.8857651433,2.3155913361,0.0017950705
48.8906590339,2.3155913361,0.0013246849
48.8955529245,2.3155913361,0.0011346634
48.9004468151,2.3155913361,0.00091282325
48.9053407057,2.3155913361,0.00044219717
48.9102345963,2.3155913361,0.0001792641
48.9151284869,2.3155913361,0.00010037494
48.9200223775,2.3155913361,6.821658e-05
48.9249162681,2.3155913361,5.1681574e-05
48.9298101587,2.3155913361,4.227634e-05
48.9347040493,2.3155913361,3.0836072e-05
48.9395979399,2.3155913361,2.7589293e-05
48.9444918305,2.3155913361,2.3650184e-05
48.9493857211,2.3155913361,1.9164789e-05
48.9542796117,2.3155913361,8.991175e-06
48.9591735023,2.3155913361,8.991175e-06
48.9640673929,2.3155913361,8.991175e-06
48.9689612835,2.3155913361,8.991175e-06
48.9738551741,2.3155913361,8.991175e-06
48.9787490647,2.3155913361,8.991175e-06
48.7389484253,2.3204852267,-2.969175e-05
48.7438423159,2.3204852267,-2.969175e-05
48.7487362065,2.3204852267,-2.969175e-05
48.7536300971,2.3204852267,-2.969175e-05
48.7585239877,2.3204852267,-2.969175e-05
48.7634178783,2.3204852267,-2.969175e-05
48.7683117689,2.3204852267,-2.0208025e-05
48.7732056595,2.3204852267,-3.464112e-05
48.7780995501,2.3204852267,-3.7715563e-05
48.7829934407,2.3204852267,-3.4690423e-05
48.7878873313,2.3204852267,-2.7674832e-05
48.7927812219,2.3204852267,-1.1420407e-05
48.7976751125,2.3204852267,1.22620295e-05
48.8025690031,2.3204852267,7.307465e-05
48.8074628937,2.3204852267,0.00012059943
48.8123567843,2.3204852267,0.00011783657
48.8172506749,2.3204852267,0.00031891308
48.8221445655,2.3204852267,0.0005125412
48.8270384561,2.3204852267,0.00088403834
48.8319323467,2.3204852267,0.0012185262
48.8368262373,2.3204852267,0.0015514597
48.8417201279,2.3204852267,0.0018103682
48.8466140185,2.3204852267,0.0018399486
48.8515079091,2.3204852267,0.0019063809
48.8564017997,2.3204852267,0.0022569518
48.8612956903,2.3204852267,0.0023358543
48.8661895809,2.3204852267,0.0025619327
48.8710834715,2.3204852267,0.0031049754
48.8759773621,2.3204852267,0.0037666126
48.8808712527,2.3204852267,0.0029190215
48.8857651433,2.3204852267,0.0023279113
48.8906590339,2.3204852267,0.0017227151
48.8955529245,2.3204852267,0.0012301743
48.9004468151,2.3204852267,0.0008852876
48.9053407057,2.3204852267,0.00044158052
48.9102345963,2.3204852267,0.00017864743
48.9151284869,2.3204852267,9.975829e-05
48.9200223775,2.3204852267,6.7599925e-05
48.9249162681,2.3204852267,5.1064915e-05
48.9298101587,2.3204852267,4.165968e-05
48.9347040493,2.3204852267,3.0219415e-05
48.9395979399,2.3204852267,2.6972635e-05
48.9444918305,2.3204852267,2.3033519e-05
48.9493857211,2.3204852267,1.8548128e-05
48.9542796117,2.3204852267,8.374515e-06
48.9591735023,2.3204852267,8.374515e-06
48.9640673929,2.3204852267,8.374515e-06
48.9689612835,2.3204852267,8.374515e-06
48.9738551741,2.3204852267,8.374515e-06
48.9787490647,2.3204852267,8.374515e-06
48.7389484253,2.3253791173,-7.585931e-05
48.7438423159,2.3253791173,-7.585931e-05
48.7487362065,2.3253791173,-7.585931e-05
48.7536300971,2.3253791173,-7.585931e-05
48.7585239877,2.3253791173,-7.585931e-05
48.7634178783,2.3253791173,-7.585931e-05
48.7683117689,2.3253791173,-8.32194e-05
48.7732056595,2.3253791173,-9.254265e-05
48.7780995501,2.3253791173,-9.561709e-05
48.7829934407,2.3253791173,-9.259197e-05
48.7878873313,2.3253791173,-8.557639e-05
48.7927812219,2.3253791173,-6.932194e-05
48.7976751125,2.3253791173,-4.5639514e-05
48.8025690031,2.3253791173,1.5173129e-05
48.8074628937,2.3253791173,4.1437495e-05
48.8123567843,2.3253791173,9.835715e-05
48.8172506749,2.3253791173,0.0003287209
48.8221445655,2.3253791173,0.00048630207
48.8270384561,2.3253791173,0.00082084746
48.8319323467,2.3253791173,0.001257034
48.8368262373,2.3253791173,0.0015941715
48.8417201279,2.3253791173,0.001843486
48.8466140185,2.3253791173,0.0018730663
48.8515079091,2.3253791173,0.0021501363
48.8564017997,2.3253791173,0.0024788247
48.8612956903,2.3253791173,0.0025577273
48.8661895809,2.3253791173,0.002783806
48.8710834715,2.3253791173,0.003426622
48.8759773621,2.3253791173,0.0040841154
48.8808712527,2.3253791173,0.003243201
48.8857651433,2.3253791173,0.0023482651
48.8906590339,2.3253791173,0.0017293824
48.8955529245,2.3253791173,0.0012840681
48.9004468151,2.3253791173,0.0009930508
48.9053407057,2.3253791173,0.00047474343
48.9102345963,2.3253791173,0.00021181007
48.9151284869,2.3253791173,8.812332e-05
48.9200223775,2.3253791173,1.3956347e-05
48.9249162681,2.3253791173,-2.5786758e-06
48.9298101587,2.3253791173,-1.1983903e-05
48.9347040493,2.3253791173,-2.342417e-05
48.9395979399,2.3253791173,-2.6670943e-05
48.9444918305,2.3253791173,-3.264905e-05
48.9493857211,2.3253791173,-3.6347297e-05
48.9542796117,2.3253791173,-3.532323e-05
48.9591735023,2.3253791173,-3.532323e-05
48.9640673929,2.3253791173,-3.532323e-05
48.9689612835,2.3253791173,-3.532323e-05
48.9738551741,2.3253791173,-3.532323e-05
48.9787490647,2.3253791173,-3.532323e-05
48.7389484253,2.3302730079,-8.568797e-05
48.7438423159,2.3302730079,-8.568797e-05
48.7487362065,2.3302730079,-8.568797e-05
48.7536300971,2.3302730079,-8.568797e-05
48.7585239877,2.3302730079,-8.568797e-05
48.7634178783,2.3302730079,-8.568797e-05
48.7683117689,2.3302730079,-9.304806e-05
48.7732056595,2.3302730079,-0.00010237134
48.7780995501,2.3302730079,-0.00010544578
48.7829934407,2.3302730079,-0.00010242066
48.7878873313,2.3302730079,-9.540505e-05
48.7927812219,2.3302730079,-7.91506e-05
48.7976751125,2.3302730079,-5.5468183e-05
48.8025690031,2.3302730079,5.3444733e-06
48.8074628937,2.3302730079,6.0959126e-05
48.8123567843,2.3302730079,0.00015673341
48.8172506749,2.3302730079,0.0003737541
48.8221445655,2.3302730079,0.00049842126
48.8270384561,2.3302730079,0.00076413504
48.8319323467,2.3302730079,0.0011618087
48.8368262373,2.3302730079,0.0014989462
48.8417201279,2.3302730079,0.0017383569
48.8466140185,2.3302730079,0.0017679369
48.8515079091,2.3302730079,0.0020760437
48.8564017997,2.3302730079,0.0023906527
48.8612956903,2.3302730079,0.0024695552
48.8661895809,2.3302730079,0.0026956336
48.8710834715,2.3302730079,0.0033384494
48.8759773621,2.3302730079,0.003995945
48.8808712527,2.3302730079,0.0031240582
48.8857651433,2.3302730079,0.0021863629
48.8906590339,2.3302730079,0.0015595129
48.8955529245,2.3302730079,0.0012987045
48.9004468151,2.3302730079,0.0010081079
48.9053407057,2.3302730079,0.000512785
48.9102345963,2.3302730079,0.00023645394
48.9151284869,2.3302730079,0.000112767295
48.9200223775,2.3302730079,3.210696e-05
48.9249162681,2.3302730079,9.453906e-06
48.9298101587,2.3302730079,4.8681443e-08
48.9347040493,2.3302730079,-1.1391582e-05
48.9395979399,2.3302730079,-2.5011755e-05
48.9444918305,2.3302730079,-3.0989868e-05
48.9493857211,2.3302730079,-3.4688106e-05
48.9542796117,2.3302730079,-3.3664044e-05
48.9591735023,2.3302730079,-3.3664044e-05
48.9640673929,2.3302730079,-3.3664044e-05
48.9689612835,2.3302730079,-3.3664044e-05
48.9738551741,2.3302730079,-3.3664044e-05
48.9787490647,2.3302730079,-3.3664044e-05
48.7389484253,2.3351668985000003,-6.9193076e-05
48.7438423159,2.3351668985000003,-6.9193076e-05
48.7487362065,2.3351668985000003,-6.9193076e-05
48.7536300971,2.3351668985000003,-6.9193076e-05
48.7585239877,2.3351668985000003,-6.9193076e-05
48.7634178783,2.3351668985000003,-6.9193076e-05
48.7683117689,2.3351668985000003,-7.6553166e-05
48.7732056595,2.3351668985000003,-8.587642e-05
48.7780995501,2.3351668985000003,-8.8950874e-05
48.7829934407,2.3351668985000003,-8.5925734e-05
48.7878873313,2.3351668985000003,-7.891014e-05
48.7927812219,2.3351668985000003,-6.265569e-05
48.7976751125,2.3351668985000003,-2.8683964e-05
48.8025690031,2.3351668985000003,3.2128653e-05
48.8074628937,2.3351668985000003,0.00011575709
48.8123567843,2.3351668985000003,0.0003482956
48.8172506749,2.3351668985000003,0.0004820454
48.8221445655,2.3351668985000003,0.0005998471
48.8270384561,2.3351668985000003,0.000865561
48.8319323467,2.3351668985000003,0.0012315456
48.8368262373,2.3351668985000003,0.0015637786
48.8417201279,2.3351668985000003,0.0018495253
48.8466140185,2.3351668985000003,0.0018889228
48.8515079091,2.3351668985000003,0.002191545
48.8564017997,2.3351668985000003,0.0023648634
48.8612956903,2.3351668985000003,0.0024148447
48.8661895809,2.3351668985000003,0.0026409233
48.8710834715,2.3351668985000003,0.0029338808
48.8759773621,2.3351668985000003,0.002912817
48.8808712527,2.3351668985000003,0.002565044
48.8857651433,2.3351668985000003,0.00197328
48.8906590339,2.3351668985000003,0.001449851
48.8955529245,2.3351668985000003,0.0013074222
48.9004468151,2.3351668985000003,0.0010590825
48.9053407057,2.3351668985000003,0.00053007883
48.9102345963,2.3351668985000003,0.00025374797
48.9151284869,2.3351668985000003,0.00013006135
48.9200223775,2.3351668985000003,4.9401002e-05
48.9249162681,2.3351668985000003,2.6747923e-05
48.9298101587,2.3351668985000003,8.075283e-06
48.9347040493,2.3351668985000003,-3.3649744e-06
48.9395979399,2.3351668985000003,-1.6985157e-05
48.9444918305,2.3351668985000003,-2.296326e-05
48.9493857211,2.3351668985000003,-2.666151e-05
48.9542796117,2.3351668985000003,-2.5637444e-05
48.9591735023,2.3351668985000003,-2.5637444e-05
48.9640673929,2.3351668985000003,-2.5637444e-05
48.9689612835,2.3351668985000003,-2.5637444e-05
48.9738551741,2.3351668985000003,-2.5637444e-05
48.9787490647,2.3351668985000003,-2.5637444e-05
48.7389484253,2.3400607891000003,-6.7646935e-05
48.7438423159,2.3400607891000003,-6.7646935e-05
48.7487362065,2.3400607891000003,-6.7646935e-05
48.7536300971,2.3400607891000003,-6.7646935e-05
48.7585239877,2.3400607891000003,-6.7646935e-05
48.7634178783,2.3400607891000003,-6.7646935e-05
48.7683117689,2.3400607891000003,-7.500703e-05
48.7732056595,2.3400607891000003,-8.4330284e-05
48.7780995501,2.3400607891000003,-8.7404725e-05
48.7829934407,2.3400607891000003,-8.43796e-05
48.7878873313,2.3400607891000003,-7.7364006e-05
48.7927812219,2.3400607891000003,-6.110957e-05
48.7976751125,2.3400607891000003,-1.6661868e-05
48.8025690031,2.3400607891000003,4.4150773e-05
48.8074628937,2.3400607891000003,0.00012777928
48.8123567843,2.3400607891000003,0.00036031776
48.8172506749,2.3400607891000003,0.00048311494
48.8221445655,2.3400607891000003,0.000647485
48.8270384561,2.3400607891000003,0.0009131987
48.8319323467,2.3400607891000003,0.0013051435
48.8368262373,2.3400607891000003,0.0015538748
48.8417201279,2.3400607891000003,0.0018396203
48.8466140185,2.3400607891000003,0.0018992405
48.8515079091,2.3400607891000003,0.002318075
48.8564017997,2.3400607891000003,0.0024913934
48.8612956903,2.3400607891000003,0.0025413746
48.8661895809,2.3400607891000003,0.0027227977
48.8710834715,2.3400607891000003,0.002939219
48.8759773621,2.3400607891000003,0.0028851847
48.8808712527,2.3400607891000003,0.0025653425
48.8857651433,2.3400607891000003,0.0020199677
48.8906590339,2.3400607891000003,0.0015070876
48.8955529245,2.3400607891000003,0.001364659
48.9004468151,2.3400607891000003,0.001110894
48.9053407057,2.3400607891000003,0.00055793294
48.9102345963,2.3400607891000003,0.00026367704
48.9151284869,2.3400607891000003,0.00013999041
48.9200223775,2.3400607891000003,5.9330025e-05
48.9249162681,2.3400607891000003,2.5164696e-05
48.9298101587,2.3400607891000003,6.492064e-06
48.9347040493,2.3400607891000003,-4.9482005e-06
48.9395979399,2.3400607891000003,-1.8568382e-05
48.9444918305,2.3400607891000003,-2.4546483e-05
48.9493857211,2.3400607891000003,-2.8244733e-05
48.9542796117,2.3400607891000003,-2.722067e-05
48.9591735023,2.3400607891000003,-2.722067e-05
48.9640673929,2.3400607891000003,-2.722067e-05
48.9689612835,2.3400607891000003,-2.722067e-05
48.9738551741,2.3400607891000003,-2.722067e-05
48.9787490647,2.3400607891000003,-2.722067e-05
48.7389484253,2.3449546797000003,4.561195e-05
48.7438423159,2.3449546797000003,4.561195e-05
48.7487362065,2.3449546797000003,4.561195e-05
48.7536300971,2.3449546797000003,4.561195e-05
48.7585239877,2.3449546797000003,4.561195e-05
48.7634178783,2.3449546797000003,4.561195e-05
48.7683117689,2.3449546797000003,3.8251863e-05
48.7732056595,2.3449546797000003,2.8928585e-05
48.7780995501,2.3449546797000003,2.5854155e-05
48.7829934407,2.3449546797000003,2.8879269e-05
48.7878873313,2.3449546797000003,3.5894875e-05
48.7927812219,2.3449546797000003,5.2149313e-05
48.7976751125,2.3449546797000003,9.659702e-05
48.8025690031,2.3449546797000003,0.00015740967
48.8074628937,2.3449546797000003,0.00024103813
48.8123567843,2.3449546797000003,0.0004738601
48.8172506749,2.3449546797000003,0.0005828648
48.8221445655,2.3449546797000003,0.00075703784
48.8270384561,2.3449546797000003,0.0010227516
48.8319323467,2.3449546797000003,0.0013976764
48.8368262373,2.3449546797000003,0.0016464078
48.8417201279,2.3449546797000003,0.0019572587
48.8466140185,2.3449546797000003,0.0019918159
48.8515079091,2.3449546797000003,0.0024169215
48.8564017997,2.3449546797000003,0.00240505
48.8612956903,2.3449546797000003,0.0024550313
48.8661895809,2.3449546797000003,0.0026298598
48.8710834715,2.3449546797000003,0.0027301277
48.8759773621,2.3449546797000003,0.0027481138
48.8808712527,2.3449546797000003,0.0024282716
48.8857651433,2.3449546797000003,0.0020308269
48.8906590339,2.3449546797000003,0.0015179471
48.8955529245,2.3449546797000003,0.0014565685
48.9004468151,2.3449546797000003,0.0014556274
48.9053407057,2.3449546797000003,0.00093868206
48.9102345963,2.3449546797000003,0.0003549262
48.9151284869,2.3449546797000003,0.0002224909
48.9200223775,2.3449546797000003,0.00011721423
48.9249162681,2.3449546797000003,8.304893e-05
48.9298101587,2.3449546797000003,5.3521162e-05
48.9347040493,2.3449546797000003,3.9706738e-05
48.9395979399,2.3449546797000003,2.6086558e-05
48.9444918305,2.3449546797000003,1.85456e-05
48.9493857211,2.3449546797000003,1.4847358e-05
48.9542796117,2.3449546797000003,1.5871423e-05
48.9591735023,2.3449546797000003,1.5871423e-05
48.9640673929,2.3449546797000003,1.5871423e-05
48.9689612835,2.3449546797000003,1.5871423e-05
48.9738551741,2.3449546797000003,1.5871423e-05
48.9787490647,2.3449546797000003,1.5871423e-05
48.7389484253,2.3498485703,3.8221155e-05
48.7438423159,2.3498485703,3.8221155e-05
48.7487362065,2.3498485703,3.8221155e-05
48.7536300971,2.3498485703,3.8221155e-05
48.7585239877,2.3498485703,3.8221155e-05
48.7634178783,2.3498485703,3.8221155e-05
48.7683117689,2.3498485703,3.0861065e-05
48.7732056595,2.3498485703,2.1537817e-05
48.7780995501,2.3498485703,1.8463381e-05
48.7829934407,2.3498485703,2.1488508e-05
48.7878873313,2.3498485703,2.8504091e-05
48.7927812219,2.3498485703,4.4758526e-05
48.7976751125,2.3498485703,8.920623e-05
48.8025690031,2.3498485703,0.0001500189
48.8074628937,2.3498485703,0.0002336474
48.8123567843,2.3498485703,0.00045061993
48.8172506749,2.3498485703,0.0005617193
48.8221445655,2.3498485703,0.00075886503
48.8270384561,2.3498485703,0.0010301989
48.8319323467,2.3498485703,0.0013973725
48.8368262373,2.3498485703,0.0016461035
48.8417201279,2.3498485703,0.0019630673
48.8466140185,2.3498485703,0.0019976243
48.8515079091,2.3498485703,0.002536165
48.8564017997,2.3498485703,0.0025242935
48.8612956903,2.3498485703,0.0026958806
48.8661895809,2.3498485703,0.0028707092
48.8710834715,2.3498485703,0.0029709772
48.8759773621,2.3498485703,0.0029646303
48.8808712527,2.3498485703,0.002704368
48.8857651433,2.3498485703,0.0028279668
48.8906590339,2.3498485703,0.0022231261
48.8955529245,2.3498485703,0.002530144
48.9004468151,2.3498485703,0.0024610732
48.9053407057,2.3498485703,0.0016616995
48.9102345963,2.3498485703,0.0005662133
48.9151284869,2.3498485703,0.0003402158
48.9200223775,2.3498485703,0.0002004911
48.9249162681,2.3498485703,0.00011797285
48.9298101587,2.3498485703,8.8445035e-05
48.9347040493,2.3498485703,7.463066e-05
48.9395979399,2.3498485703,5.816092e-05
48.9444918305,2.3498485703,4.5534354e-05
48.9493857211,2.3498485703,3.9644172e-05
48.9542796117,2.3498485703,3.811445e-05
48.9591735023,2.3498485703,3.811445e-05
48.9640673929,2.3498485703,3.811445e-05
48.9689612835,2.3498485703,3.811445e-05
48.9738551741,2.3498485703,3.811445e-05
48.9787490647,2.3498485703,3.811445e-05
48.7389484253,2.3547424609,-6.8417867e-06
48.7438423159,2.3547424609,-6.8417867e-06
48.7487362065,2.3547424609,-6.8417867e-06
48.7536300971,2.3547424609,-6.8417867e-06
48.7585239877,2.3547424609,-6.8417867e-06
48.7634178783,2.3547424609,-6.8417867e-06
48.7683117689,2.3547424609,-1.4201876e-05
48.7732056595,2.3547424609,-2.3525154e-05
48.7780995501,2.3547424609,-2.6599588e-05
48.7829934407,2.3547424609,-2.357447e-05
48.7878873313,2.3547424609,-1.6558868e-05
48.7927812219,2.3547424609,-3.0441248e-07
48.7976751125,2.3547424609,4.414326e-05
48.8025690031,2.3547424609,0.00010495589
48.8074628937,2.3547424609,0.00016186903
48.8123567843,2.3547424609,0.00032420416
48.8172506749,2.3547424609,0.0005333852
48.8221445655,2.3547424609,0.00077772315
48.8270384561,2.3547424609,0.0010634927
48.8319323467,2.3547424609,0.0013925821
48.8368262373,2.3547424609,0.0016457671
48.8417201279,2.3547424609,0.0019998942
48.8466140185,2.3547424609,0.002221973
48.8515079091,2.3547424609,0.0027605137
48.8564017997,2.3547424609,0.0026594955
48.8612956903,2.3547424609,0.0027484382
48.8661895809,2.3547424609,0.0029865191
48.8710834715,2.3547424609,0.0033249576
48.8759773621,2.3547424609,0.0037145829
48.8808712527,2.3547424609,0.0033696212
48.8857651433,2.3547424609,0.0034503888
48.8906590339,2.3547424609,0.002929353
48.8955529245,2.3547424609,0.0031131967
48.9004468151,2.3547424609,0.0028311415
48.9053407057,2.3547424609,0.001742411
48.9102345963,2.3547424609,0.0006073661
48.9151284869,2.3547424609,0.00038136865
48.9200223775,2.3547424609,0.0002375924
48.9249162681,2.3547424609,0.00015165476
48.9298101587,2.3547424609,0.0001221269
48.9347040493,2.3547424609,0.00010831248
48.9395979399,2.3547424609,9.1842725e-05
48.9444918305,2.3547424609,7.651409e-05
48.9493857211,2.3547424609,7.2057825e-05
48.9542796117,2.3547424609,7.05281e-05
48.9591735023,2.3547424609,7.05281e-05
48.9640673929,2.3547424609,7.05281e-05
48.9689612835,2.3547424609,7.05281e-05
48.9738551741,2.3547424609,7.05281e-05
48.9787490647,2.3547424609,7.05281e-05
48.7389484253,2.3596363515,4.5529832e-05
48.7438423159,2.3596363515,4.5529832e-05
48.7487362065,2.3596363515,4.5529832e-05
48.7536300971,2.3596363515,4.5529832e-05
48.7585239877,2.3596363515,4.5529832e-05
48.7634178783,2.3596363515,4.5529832e-05
48.7683117689,2.3596363515,3.8169754e-05
48.7732056595,2.3596363515,2.884649e-05
48.7780995501,2.3596363515,2.5772051e-05
48.7829934407,2.3596363515,2.8797174e-05
48.7878873313,2.3596363515,3.5812758e-05
48.7927812219,2.3596363515,5.2067207e-05
48.7976751125,2.3596363515,9.6514865e-05
48.8025690031,2.3596363515,0.00015732758
48.8074628937,2.3596363515,0.00021424066
48.8123567843,2.3596363515,0.00037657574
48.8172506749,2.3596363515,0.00056802947
48.8221445655,2.3596363515,0.00079276704
48.8270384561,2.3596363515,0.0010785369
48.8319323467,2.3596363515,0.001407626
48.8368262373,2.3596363515,0.0016608106
48.8417201279,2.3596363515,0.0020149378
48.8466140185,2.3596363515,0.0022370166
48.8515079091,2.3596363515,0.0027755578
48.8564017997,2.3596363515,0.0026745393
48.8612956903,2.3596363515,0.002763482
48.8661895809,2.3596363515,0.003001563
48.8710834715,2.3596363515,0.003324502
48.8759773621,2.3596363515,0.0037379628
48.8808712527,2.3596363515,0.0033930012
48.8857651433,2.3596363515,0.0034620946
48.8906590339,2.3596363515,0.0029587862
48.8955529245,2.3596363515,0.00314263
48.9004468151,2.3596363515,0.0028587724
48.9053407057,2.3596363515,0.0017150951
48.9102345963,2.3596363515,0.0005896479
48.9151284869,2.3596363515,0.00037532471
48.9200223775,2.3596363515,0.00023154849
48.9249162681,2.3596363515,0.00020055771
48.9298101587,2.3596363515,0.0001710299
48.9347040493,2.3596363515,0.0001572155
48.9395979399,2.3596363515,0.00014074573
48.9444918305,2.3596363515,0.00012541703
48.9493857211,2.3596363515,0.00012096077
48.9542796117,2.3596363515,0.000119431
48.9591735023,2.3596363515,0.000119431
48.9640673929,2.3596363515,0.000119431
48.9689612835,2.3596363515,0.000119431
48.9738551741,2.3596363515,0.000119431
48.9787490647,2.3596363515,0.000119431
48.7389484253,2.3645302421,3.6942587e-05
48.7438423159,2.3645302421,3.6942587e-05
48.7487362065,2.3645302421,3.6942587e-05
48.7536300971,2.3645302421,3.6942587e-05
48.7585239877,2.3645302421,3.6942587e-05
48.7634178783,2.3645302421,3.6942587e-05
48.7683117689,2.3645302421,2.9582503e-05
48.7732056595,2.3645302421,2.0259251e-05
48.7780995501,2.3645302421,1.7184808e-05
48.7829934407,2.3645302421,2.0209935e-05
48.7878873313,2.3645302421,2.7225522e-05
48.7927812219,2.3645302421,4.347996e-05
48.7976751125,2.3645302421,8.792763e-05
48.8025690031,2.3645302421,0.00014874028
48.8074628937,2.3645302421,0.00020565337
48.8123567843,2.3645302421,0.00034947746
48.8172506749,2.3645302421,0.000541488
48.8221445655,2.3645302421,0.0008177887
48.8270384561,2.3645302421,0.0012398942
48.8319323467,2.3645302421,0.0015943919
48.8368262373,2.3645302421,0.0021560148
48.8417201279,2.3645302421,0.0026605455
48.8466140185,2.3645302421,0.0027453282
48.8515079091,2.3645302421,0.0028490683
48.8564017997,2.3645302421,0.002672666
48.8612956903,2.3645302421,0.0025077092
48.8661895809,2.3645302421,0.002722725
48.8710834715,2.3645302421,0.002850873
48.8759773621,2.3645302421,0.003228541
48.8808712527,2.3645302421,0.0031199055
48.8857651433,2.3645302421,0.0032226213
48.8906590339,2.3645302421,0.0028143777
48.8955529245,2.3645302421,0.0029900188
48.9004468151,2.3645302421,0.0027803725
48.9053407057,2.3645302421,0.0016142187
48.9102345963,2.3645302421,0.0005217375
48.9151284869,2.3645302421,0.0003122577
48.9200223775,2.3645302421,0.00018488387
48.9249162681,2.3645302421,0.00015389304
48.9298101587,2.3645302421,0.00012900827
48.9347040493,2.3645302421,0.00011519385
48.9395979399,2.3645302421,9.872412e-05
48.9444918305,2.3645302421,8.339541e-05
48.9493857211,2.3645302421,7.8939156e-05
48.9542796117,2.3645302421,7.7409415e-05
48.9591735023,2.3645302421,7.7409415e-05
48.9640673929,2.3645302421,7.7409415e-05
48.9689612835,2.3645302421,7.7409415e-05
48.9738551741,2.3645302421,7.7409415e-05
48.9787490647,2.3645302421,7.7409415e-05
48.7389484253,2.3694241327,5.0278e-05
48.7438423159,2.3694241327,5.0278e-05
48.7487362065,2.3694241327,5.0278e-05
48.7536300971,2.3694241327,5.0278e-05
48.7585239877,2.3694241327,5.0278e-05
48.7634178783,2.3694241327,5.0278e-05
48.7683117689,2.3694241327,4.2917905e-05
48.7732056595,2.3694241327,3.359464e-05
48.7780995501,2.3694241327,3.0520187e-05
48.7829934407,2.3694241327,3.3545315e-05
48.7878873313,2.3694241327,4.0560924e-05
48.7927812219,2.3694241327,5.6815385e-05
48.7976751125,2.3694241327,0.00010126303
48.8025690031,2.3694241327,0.0001620757
48.8074628937,2.3694241327,0.00021898876
48.8123567843,2.3694241327,0.00037301268
48.8172506749,2.3694241327,0.00061029516
48.8221445655,2.3694241327,0.0009216452
48.8270384561,2.3694241327,0.0015126049
48.8319323467,2.3694241327,0.001944627
48.8368262373,2.3694241327,0.002659256
48.8417201279,2.3694241327,0.0032442068
48.8466140185,2.3694241327,0.0033435556
48.8515079091,2.3694241327,0.0030679205
48.8564017997,2.3694241327,0.0026273467
48.8612956903,2.3694241327,0.0023714697
48.8661895809,2.3694241327,0.0024895207
48.8710834715,2.3694241327,0.0023635463
48.8759773621,2.3694241327,0.0023104295
48.8808712527,2.3694241327,0.002634763
48.8857651433,2.3694241327,0.0032542404
48.8906590339,2.3694241327,0.0029318663
48.8955529245,2.3694241327,0.0031075075
48.9004468151,2.3694241327,0.002972917
48.9053407057,2.3694241327,0.0017881917
48.9102345963,2.3694241327,0.0006103097
48.9151284869,2.3694241327,0.00039226827
48.9200223775,2.3694241327,0.00026489445
48.9249162681,2.3694241327,0.00023390353
48.9298101587,2.3694241327,0.00020901888
48.9347040493,2.3694241327,0.00019520445
48.9395979399,2.3694241327,0.00017873474
48.9444918305,2.3694241327,0.00016340605
48.9493857211,2.3694241327,0.00015894981
48.9542796117,2.3694241327,0.00015742006
48.9591735023,2.3694241327,0.00015742006
48.9640673929,2.3694241327,0.00015742006
48.9689612835,2.3694241327,0.00015742006
48.9738551741,2.3694241327,0.00015742006
48.9787490647,2.3694241327,0.00015742006
48.7389484253,2.3743180233,-3.227506e-05
48.7438423159,2.3743180233,-3.227506e-05
48.7487362065,2.3743180233,-3.227506e-05
48.7536300971,2.3743180233,-3.227506e-05
48.7585239877,2.3743180233,-3.227506e-05
48.7634178783,2.3743180233,-3.227506e-05
48.7683117689,2.3743180233,-3.908968e-05
48.7732056595,2.3743180233,-4.8412945e-05
48.7780995501,2.3743180233,-5.14874e-05
48.7829934407,2.3743180233,-4.846227e-05
48.7878873313,2.3743180233,-4.1446667e-05
48.7927812219,2.3743180233,-2.519222e-05
48.7976751125,2.3743180233,1.925544e-05
48.8025690031,2.3743180233,5.782491e-05
48.8074628937,2.3743180233,7.2875766e-05
48.8123567843,2.3743180233,-1.1133548e-05
48.8172506749,2.3743180233,0.00037013215
48.8221445655,2.3743180233,0.0008142488
48.8270384561,2.3743180233,0.0014181213
48.8319323467,2.3743180233,0.0018466265
48.8368262373,2.3743180233,0.0025612558
48.8417201279,2.3743180233,0.0032131346
48.8466140185,2.3743180233,0.003372078
48.8515079091,2.3743180233,0.003096443
48.8564017997,2.3743180233,0.002655869
48.8612956903,2.3743180233,0.002399992
48.8661895809,2.3743180233,0.002518043
48.8710834715,2.3743180233,0.0024134528
48.8759773621,2.3743180233,0.002360336
48.8808712527,2.3743180233,0.0026846696
48.8857651433,2.3743180233,0.0033386846
48.8906590339,2.3743180233,0.0030163105
48.8955529245,2.3743180233,0.003198677
48.9004468151,2.3743180233,0.0030640864
48.9053407057,2.3743180233,0.0018199836
48.9102345963,2.3743180233,0.0006421015
48.9151284869,2.3743180233,0.00042406007
48.9200223775,2.3743180233,0.00029668628
48.9249162681,2.3743180233,0.00026569536
48.9298101587,2.3743180233,0.00024081065
48.9347040493,2.3743180233,0.00022699623
48.9395979399,2.3743180233,0.00021052652
48.9444918305,2.3743180233,0.00019519782
48.9493857211,2.3743180233,0.00019074159
48.9542796117,2.3743180233,0.00018921183
48.9591735023,2.3743180233,0.00018921183
48.9640673929,2.3743180233,0.00018921183
48.9689612835,2.3743180233,0.00018921183
48.9738551741,2.3743180233,0.00018921183
48.9787490647,2.3743180233,0.00018921183
48.7389484253,2.3792119139,-7.309079e-05
48.7438423159,2.3792119139,-7.309079e-05
48.7487362065,2.3792119139,-7.309079e-05
48.7536300971,2.3792119139,-7.309079e-05
48.7585239877,2.3792119139,-7.309079e-05
48.7634178783,2.3792119139,-7.309079e-05
48.7683117689,2.3792119139,-7.99054e-05
48.7732056595,2.3792119139,-8.8297595e-05
48.7780995501,2.3792119139,-9.1372036e-05
48.7829934407,2.3792119139,-8.834691e-05
48.7878873313,2.3792119139,-8.1331316e-05
48.7927812219,2.3792119139,-6.5076856e-05
48.7976751125,2.3792119139,-2.533935e-05
48.8025690031,2.3792119139,4.2577667e-06
48.8074628937,2.3792119139,-1.8919956e-05
48.8123567843,2.3792119139,-0.00012667847
48.8172506749,2.3792119139,0.0002595568
48.8221445655,2.3792119139,0.00075511757
48.8270384561,2.3792119139,0.0014146687
48.8319323467,2.3792119139,0.0018897287
48.8368262373,2.3792119139,0.0025803894
48.8417201279,2.3792119139,0.003198172
48.8466140185,2.3792119139,0.0033571154
48.8515079091,2.3792119139,0.0029780932
48.8564017997,2.3792119139,0.0022606275
48.8612956903,2.3792119139,0.001970328
48.8661895809,2.3792119139,0.001959548
48.8710834715,2.3792119139,0.0018292964
48.8759773621,2.3792119139,0.0017761803
48.8808712527,2.3792119139,0.0020971845
48.8857651433,2.3792119139,0.0028755674
48.8906590339,2.3792119139,0.0026060606
48.8955529245,2.3792119139,0.0030629796
48.9004468151,2.3792119139,0.00304644
48.9053407057,2.3792119139,0.0017708708
48.9102345963,2.3792119139,0.00059298857
48.9151284869,2.3792119139,0.00037494712
48.9200223775,2.3792119139,0.0002650819
48.9249162681,2.3792119139,0.00023409116
48.9298101587,2.3792119139,0.00020920642
48.9347040493,2.3792119139,0.000195392
48.9395979399,2.3792119139,0.00017892226
48.9444918305,2.3792119139,0.00016515638
48.9493857211,2.3792119139,0.00016070015
48.9542796117,2.3792119139,0.00015917039
48.9591735023,2.3792119139,0.00015917039
48.9640673929,2.3792119139,0.00015917039
48.9689612835,2.3792119139,0.00015917039
48.9738551741,2.3792119139,0.00015917039
48.9787490647,2.3792119139,0.00015917039
48.7389484253,2.3841058045,-2.4253171e-05
48.7438423159,2.3841058045,-2.4253171e-05
48.7487362065,2.3841058045,-2.4253171e-05
48.7536300971,2.3841058045,-2.4253171e-05
48.7585239877,2.3841058045,-2.4253171e-05
48.7634178783,2.3841058045,-2.4253171e-05
48.7683117689,2.3841058045,-3.1067782e-05
48.7732056595,2.3841058045,-3.9459977e-05
48.7780995501,2.3841058045,-4.2534426e-05
48.7829934407,2.3841058045,-3.95093e-05
48.7878873313,2.3841058045,-3.249369e-05
48.7927812219,2.3841058045,-1.6239264e-05
48.7976751125,2.3841058045,2.3498236e-05
48.8025690031,2.3841058045,5.3095355e-05
48.8074628937,2.3841058045,2.9917615e-05
48.8123567843,2.3841058045,-0.00012290868
48.8172506749,2.3841058045,9.346097e-05
48.8221445655,2.3841058045,0.00060073525
48.8270384561,2.3841058045,0.0014232559
48.8319323467,2.3841058045,0.0019445701
48.8368262373,2.3841058045,0.002553813
48.8417201279,2.3841058045,0.0029743647
48.8466140185,2.3841058045,0.0031333077
48.8515079091,2.3841058045,0.002818509
48.8564017997,2.3841058045,0.0019907907
48.8612956903,2.3841058045,0.0016424019
48.8661895809,2.3841058045,0.0015800302
48.8710834715,2.3841058045,0.001487508
48.8759773621,2.3841058045,0.0014260454
48.8808712527,2.3841058045,0.0016748107
48.8857651433,2.3841058045,0.0026587327
48.8906590339,2.3841058045,0.0026221534
48.8955529245,2.3841058045,0.0031635615
48.9004468151,2.3841058045,0.0032881412
48.9053407057,2.3841058045,0.0018061317
48.9102345963,2.3841058045,0.0006186514
48.9151284869,2.3841058045,0.00040060983
48.9200223775,2.3841058045,0.00030365065
48.9249162681,2.3841058045,0.00027265996
48.9298101587,2.3841058045,0.00024777508
48.9347040493,2.3841058045,0.00023396064
48.9395979399,2.3841058045,0.00022034046
48.9444918305,2.3841058045,0.0002097602
48.9493857211,2.3841058045,0.00020530394
48.9542796117,2.3841058045,0.00020377418
48.9591735023,2.3841058045,0.00020377418
48.9640673929,2.3841058045,0.00020377418
48.9689612835,2.3841058045,0.00020377418
48.9738551741,2.3841058045,0.00020377418
48.9787490647,2.3841058045,0.00020377418
48.7389484253,2.3889996951,-1.8880706e-05
48.7438423159,2.3889996951,-1.8880706e-05
48.7487362065,2.3889996951,-1.8880706e-05
48.7536300971,2.3889996951,-1.8880706e-05
48.7585239877,2.3889996951,-1.8880706e-05
48.7634178783,2.3889996951,-1.8880706e-05
48.7683117689,2.3889996951,-2.5695308e-05
48.7732056595,2.3889996951,-3.4087498e-05
48.7780995501,2.3889996951,-3.7161946e-05
48.7829934407,2.3889996951,-3.413682e-05
48.7878873313,2.3889996951,-2.9740992e-05
48.7927812219,2.3889996951,-1.3486547e-05
48.7976751125,2.3889996951,1.7168706e-05
48.8025690031,2.3889996951,4.6765817e-05
48.8074628937,2.3889996951,4.5095303e-06
48.8123567843,2.3889996951,-0.0001547857
48.8172506749,2.3889996951,-4.357819e-05
48.8221445655,2.3889996951,0.00038217116
48.8270384561,2.3889996951,0.0013052718
48.8319323467,2.3889996951,0.0018035728
48.8368262373,2.3889996951,0.0021515132
48.8417201279,2.3889996951,0.0024472293
48.8466140185,2.3889996951,0.00263864
48.8515079091,2.3889996951,0.0026554463
48.8564017997,2.3889996951,0.0019878307
48.8612956903,2.3889996951,0.0015829758
48.8661895809,2.3889996951,0.0015703985
48.8710834715,2.3889996951,0.0015768871
48.8759773621,2.3889996951,0.0015756008
48.8808712527,2.3889996951,0.001665179
48.8857651433,2.3889996951,0.002431192
48.8906590339,2.3889996951,0.0025969183
48.8955529245,2.3889996951,0.0031174687
48.9004468151,2.3889996951,0.0032518685
48.9053407057,2.3889996951,0.0018323589
48.9102345963,2.3889996951,0.0006240847
48.9151284869,2.3889996951,0.00040604314
48.9200223775,2.3889996951,0.00030908396
48.9249162681,2.3889996951,0.00027809315
48.9298101587,2.3889996951,0.00025320848
48.9347040493,2.3889996951,0.00024176801
48.9395979399,2.3889996951,0.00023090678
48.9444918305,2.3889996951,0.00022032655
48.9493857211,2.3889996951,0.00021587028
48.9542796117,2.3889996951,0.00021434053
48.9591735023,2.3889996951,0.00021434053
48.9640673929,2.3889996951,0.00021434053
48.9689612835,2.3889996951,0.00021434053
48.9738551741,2.3889996951,0.00021434053
48.9787490647,2.3889996951,0.00021434053
48.7389484253,2.3938935857,6.50493e-06
48.7438423159,2.3938935857,6.50493e-06
48.7487362065,2.3938935857,6.50493e-06
48.7536300971,2.3938935857,6.50493e-06
48.7585239877,2.3938935857,6.50493e-06
48.7634178783,2.3938935857,6.50493e-06
48.7683117689,2.3938935857,-3.0967618e-07
48.7732056595,2.3938935857,-8.701861e-06
48.7780995501,2.3938935857,-1.17763075e-05
48.7829934407,2.3938935857,-8.751184e-06
48.7878873313,2.3938935857,-4.3553446e-06
48.7927812219,2.3938935857,8.772308e-06
48.7976751125,2.3938935857,3.099686e-05
48.8025690031,2.3938935857,6.059399e-05
48.8074628937,2.3938935857,1.0105231e-05
48.8123567843,2.3938935857,-0.00017774181
48.8172506749,2.3938935857,-6.312655e-05
48.8221445655,2.3938935857,0.0003911743
48.8270384561,2.3938935857,0.0012255178
48.8319323467,2.3938935857,0.0016577832
48.8368262373,2.3938935857,0.0018880919
48.8417201279,2.3938935857,0.002180034
48.8466140185,2.3938935857,0.0023714446
48.8515079091,2.3938935857,0.0024974432
48.8564017997,2.3938935857,0.0018911707
48.8612956903,2.3938935857,0.0016526653
48.8661895809,2.3938935857,0.0016400879
48.8710834715,2.3938935857,0.0016340856
48.8759773621,2.3938935857,0.0016152826
48.8808712527,2.3938935857,0.0016232114
48.8857651433,2.3938935857,0.0023939118
48.8906590339,2.3938935857,0.0025669434
48.8955529245,2.3938935857,0.0030874936
48.9004468151,2.3938935857,0.003153997
48.9053407057,2.3938935857,0.0018277589
48.9102345963,2.3938935857,0.0006046721
48.9151284869,2.3938935857,0.0004160931
48.9200223775,2.3938935857,0.00031913386
48.9249162681,2.3938935857,0.00028814306
48.9298101587,2.3938935857,0.00027428963
48.9347040493,2.3938935857,0.0002628492
48.9395979399,2.3938935857,0.0002628492
48.9444918305,2.3938935857,0.00025226895
48.9493857211,2.3938935857,0.00024781266
48.9542796117,2.3938935857,0.0002462829
48.9591735023,2.3938935857,0.0002462829
48.9640673929,2.3938935857,0.0002462829
48.9689612835,2.3938935857,0.0002462829
48.9738551741,2.3938935857,0.0002462829
48.9787490647,2.3938935857,0.0002462829
48.7389484253,2.3987874763,1.3660152e-05
48.7438423159,2.3987874763,1.3660152e-05
48.7487362065,2.3987874763,1.3660152e-05
48.7536300971,2.3987874763,1.3660152e-05
48.7585239877,2.3987874763,1.3660152e-05
48.7634178783,2.3987874763,1.3660152e-05
48.7683117689,2.3987874763,1.1928213e-05
48.7732056595,2.3987874763,3.5360279e-06
48.7780995501,2.3987874763,4.6157714e-07
48.7829934407,2.3987874763,3.4867041e-06
48.7878873313,2.3987874763,7.882528e-06
48.7927812219,2.3987874763,2.1010195e-05
48.7976751125,2.3987874763,4.3234755e-05
48.8025690031,2.3987874763,7.283186e-05
48.8074628937,2.3987874763,2.2343103e-05
48.8123567843,2.3987874763,-0.00016550392
48.8172506749,2.3987874763,-5.0888655e-05
48.8221445655,2.3987874763,0.00040341227
48.8270384561,2.3987874763,0.0012606509
48.8319323467,2.3987874763,0.0016334929
48.8368262373,2.3987874763,0.0018638016
48.8417201279,2.3987874763,0.0021557433
48.8466140185,2.3987874763,0.002385055
48.8515079091,2.3987874763,0.0025216853
48.8564017997,2.3987874763,0.0019142367
48.8612956903,2.3987874763,0.0016757314
48.8661895809,2.3987874763,0.001663154
48.8710834715,2.3987874763,0.0017041331
48.8759773621,2.3987874763,0.0017096633
48.8808712527,2.3987874763,0.0016724699
48.8857651433,2.3987874763,0.0024765735
48.8906590339,2.3987874763,0.0026642862
48.8955529245,2.3987874763,0.0027655854
48.9004468151,2.3987874763,0.002469235
48.9053407057,2.3987874763,0.0010290495
48.9102345963,2.3987874763,0.0005151211
48.9151284869,2.3987874763,0.0004131179
48.9200223775,2.3987874763,0.00033879737
48.9249162681,2.3987874763,0.00031271667
48.9298101587,2.3987874763,0.00029886313
48.9347040493,2.3987874763,0.00028742294
48.9395979399,2.3987874763,0.00028742294
48.9444918305,2.3987874763,0.0002768427
48.9493857211,2.3987874763,0.00027238645
48.9542796117,2.3987874763,0.000265774
48.9591735023,2.3987874763,0.000265774
48.9640673929,2.3987874763,0.000265774
48.9689612835,2.3987874763,0.000265774
48.9738551741,2.3987874763,0.000265774
48.9787490647,2.3987874763,0.000265774
48.7389484253,2.4036813669,3.6827343e-05
48.7438423159,2.4036813669,3.6827343e-05
48.7487362065,2.4036813669,3.6827343e-05
48.7536300971,2.4036813669,3.6827343e-05
48.7585239877,2.4036813669,3.6827343e-05
48.7634178783,2.4036813669,3.6827343e-05
48.7683117689,2.4036813669,3.5095396e-05
48.7732056595,2.4036813669,2.670321e-05
48.7780995501,2.4036813669,2.3628758e-05
48.7829934407,2.4036813669,2.6653886e-05
48.7878873313,2.4036813669,3.1049723e-05
48.7927812219,2.4036813669,4.4177392e-05
48.7976751125,2.4036813669,6.640192e-05
48.8025690031,2.4036813669,9.599904e-05
48.8074628937,2.4036813669,4.551028e-05
48.8123567843,2.4036813669,-0.00015485602
48.8172506749,2.4036813669,-4.0240804e-05
48.8221445655,2.4036813669,0.00037873478
48.8270384561,2.4036813669,0.0012686638
48.8319323467,2.4036813669,0.0016155456
48.8368262373,2.4036813669,0.0019671556
48.8417201279,2.4036813669,0.0022413367
48.8466140185,2.4036813669,0.0024930644
48.8515079091,2.4036813669,0.002632496
48.8564017997,2.4036813669,0.0021075248
48.8612956903,2.4036813669,0.0018690187
48.8661895809,2.4036813669,0.0018564413
48.8710834715,2.4036813669,0.0019143433
48.8759773621,2.4036813669,0.0019422946
48.8808712527,2.4036813669,0.0018675665
48.8857651433,2.4036813669,0.0023199238
48.8906590339,2.4036813669,0.0024927263
48.8955529245,2.4036813669,0.0024433355
48.9004468151,2.4036813669,0.0020510538
48.9053407057,2.4036813669,0.00090982823
48.9102345963,2.4036813669,0.00046689765
48.9151284869,2.4036813669,0.00038760292
48.9200223775,2.4036813669,0.00031956923
48.9249162681,2.4036813669,0.00029348853
48.9298101587,2.4036813669,0.000279635
48.9347040493,2.4036813669,0.00027400293
48.9395979399,2.4036813669,0.00027400293
48.9444918305,2.4036813669,0.00026342264
48.9493857211,2.4036813669,0.00025896638
48.9542796117,2.4036813669,0.00025235396
48.9591735023,2.4036813669,0.00025235396
48.9640673929,2.4036813669,0.00025235396
48.9689612835,2.4036813669,0.00025235396
48.9738551741,2.4036813669,0.00025235396
48.9787490647,2.4036813669,0.00025235396
48.7389484253,2.4085752575,3.365489e-05
48.7438423159,2.4085752575,3.365489e-05
48.7487362065,2.4085752575,3.365489e-05
48.7536300971,2.4085752575,3.365489e-05
48.7585239877,2.4085752575,3.365489e-05
48.7634178783,2.4085752575,3.365489e-05
48.7683117689,2.4085752575,3.192296e-05
48.7732056595,2.4085752575,2.3134557e-05
48.7780995501,2.4085752575,2.0060123e-05
48.7829934407,2.4085752575,2.308524e-05
48.7878873313,2.4085752575,2.7481068e-05
48.7927812219,2.4085752575,4.060874e-05
48.7976751125,2.4085752575,6.283327e-05
48.8025690031,2.4085752575,9.243039e-05
48.8074628937,2.4085752575,4.194163e-05
48.8123567843,2.4085752575,-0.00015842468
48.8172506749,2.4085752575,-2.6961696e-05
48.8221445655,2.4085752575,0.00047875725
48.8270384561,2.4085752575,0.0012757252
48.8319323467,2.4085752575,0.001622607
48.8368262373,2.4085752575,0.001974217
48.8417201279,2.4085752575,0.0022483985
48.8466140185,2.4085752575,0.002500126
48.8515079091,2.4085752575,0.002630472
48.8564017997,2.4085752575,0.0022816735
48.8612956903,2.4085752575,0.0020620264
48.8661895809,2.4085752575,0.0020494496
48.8710834715,2.4085752575,0.0021073516
48.8759773621,2.4085752575,0.0021225659
48.8808712527,2.4085752575,0.0019391131
48.8857651433,2.4085752575,0.002212157
48.8906590339,2.4085752575,0.0023849604
48.8955529245,2.4085752575,0.0023355691
48.9004468151,2.4085752575,0.0017924089
48.9053407057,2.4085752575,0.00088470563
48.9102345963,2.4085752575,0.000463329
48.9151284869,2.4085752575,0.00038403427
48.9200223775,2.4085752575,0.00031600057
48.9249162681,2.4085752575,0.00028991987
48.9298101587,2.4085752575,0.0002760664
48.9347040493,2.4085752575,0.00027043428
48.9395979399,2.4085752575,0.00027043428
48.9444918305,2.4085752575,0.000259854
48.9493857211,2.4085752575,0.0002553977
48.9542796117,2.4085752575,0.0002487853
48.9591735023,2.4085752575,0.0002487853
48.9640673929,2.4085752575,0.0002487853
48.9689612835,2.4085752575,0.0002487853
48.9738551741,2.4085752575,0.0002487853
48.9787490647,2.4085752575,0.0002487853
48.7389484253,2.4134691481,1.0844019e-05
48.7438423159,2.4134691481,1.0844019e-05
48.7487362065,2.4134691481,1.0844019e-05
48.7536300971,2.4134691481,1.0844019e-05
48.7585239877,2.4134691481,1.0844019e-05
48.7634178783,2.4134691481,1.0844019e-05
48.7683117689,2.4134691481,9.112084e-06
48.7732056595,2.4134691481,3.2368274e-07
48.7780995501,2.4134691481,-2.7507604e-06
48.7829934407,2.4134691481,2.743663e-07
48.7878873313,2.4134691481,4.6701903e-06
48.7927812219,2.4134691481,1.7797864e-05
48.7976751125,2.4134691481,4.002242e-05
48.8025690031,2.4134691481,6.961952e-05
48.8074628937,2.4134691481,1.9130779e-05
48.8123567843,2.4134691481,-0.00018291462
48.8172506749,2.4134691481,4.9638857e-05
48.8221445655,2.4134691481,0.00046623265
48.8270384561,2.4134691481,0.0011164168
48.8319323467,2.4134691481,0.0014632986
48.8368262373,2.4134691481,0.0018149081
48.8417201279,2.4134691481,0.002054204
48.8466140185,2.4134691481,0.0023059328
48.8515079091,2.4134691481,0.0024604546
48.8564017997,2.4134691481,0.002118512
48.8612956903,2.4134691481,0.0020855058
48.8661895809,2.4134691481,0.0020729287
48.8710834715,2.4134691481,0.0021039767
48.8759773621,2.4134691481,0.0021185996
48.8808712527,2.4134691481,0.0018619597
48.8857651433,2.4134691481,0.0021661757
48.8906590339,2.4134691481,0.0023389792
48.8955529245,2.4134691481,0.002289588
48.9004468151,2.4134691481,0.0017464277
48.9053407057,2.4134691481,0.0008542295
48.9102345963,2.4134691481,0.0004507208
48.9151284869,2.4134691481,0.00037142608
48.9200223775,2.4134691481,0.0003033924
48.9249162681,2.4134691481,0.0002773117
48.9298101587,2.4134691481,0.0002634582
48.9347040493,2.4134691481,0.00025782606
48.9395979399,2.4134691481,0.00025782606
48.9444918305,2.4134691481,0.00024724577
48.9493857211,2.4134691481,0.00024278948
48.9542796117,2.4134691481,0.00023839503
48.9591735023,2.4134691481,0.00023839503
48.9640673929,2.4134691481,0.00023839503
48.9689612835,2.4134691481,0.00023839503
48.9738551741,2.4134691481,0.00023839503
48.9787490647,2.4134691481,0.00023839503
48.7389484253,2.4183630387,-1.34239535e-05
48.7438423159,2.4183630387,-1.34239535e-05
48.7487362065,2.4183630387,-1.34239535e-05
48.7536300971,2.4183630387,-1.34239535e-05
48.7585239877,2.4183630387,-1.34239535e-05
48.7634178783,2.4183630387,-1.34239535e-05
48.7683117689,2.4183630387,-1.515589e-05
48.7732056595,2.4183630387,-2.394429e-05
48.7780995501,2.4183630387,-2.394429e-05
48.7829934407,2.4183630387,-2.0919162e-05
48.7878873313,2.4183630387,-1.652334e-05
48.7927812219,2.4183630387,-3.3956812e-06
48.7976751125,2.4183630387,1.8828878e-05
48.8025690031,2.4183630387,4.842598e-05
48.8074628937,2.4183630387,-2.0627608e-06
48.8123567843,2.4183630387,-0.00023181346
48.8172506749,2.4183630387,-3.4782547e-06
48.8221445655,2.4183630387,0.00034562545
48.8270384561,2.4183630387,0.000736958
48.8319323467,2.4183630387,0.0010753745
48.8368262373,2.4183630387,0.0013056834
48.8417201279,2.4183630387,0.0015177646
48.8466140185,2.4183630387,0.0017292388
48.8515079091,2.4183630387,0.001777234
48.8564017997,2.4183630387,0.0016478441
48.8612956903,2.4183630387,0.0016382756
48.8661895809,2.4183630387,0.0015764305
48.8710834715,2.4183630387,0.0015630282
48.8759773621,2.4183630387,0.0015776515
48.8808712527,2.4183630387,0.0013210119
48.8857651433,2.4183630387,0.0016754745
48.8906590339,2.4183630387,0.0018378064
48.8955529245,2.4183630387,0.0016963349
48.9004468151,2.4183630387,0.0013752813
48.9053407057,2.4183630387,0.0006094447
48.9102345963,2.4183630387,0.0003141779
48.9151284869,2.4183630387,0.00026303562
48.9200223775,2.4183630387,0.00019500173
48.9249162681,2.4183630387,0.000168921
48.9298101587,2.4183630387,0.00016239788
48.9347040493,2.4183630387,0.0001567657
48.9395979399,2.4183630387,0.0001567657
48.9444918305,2.4183630387,0.00015324158
48.9493857211,2.4183630387,0.00015072351
48.9542796117,2.4183630387,0.00014888287
48.9591735023,2.4183630387,0.00014888287
48.9640673929,2.4183630387,0.00014888287
48.9689612835,2.4183630387,0.00014888287
48.9738551741,2.4183630387,0.00014888287
48.9787490647,2.4183630387,0.00014888287
48.7389484253,2.4232569293,-1.770085e-05
48.7438423159,2.4232569293,-1.770085e-05
48.7487362065,2.4232569293,-1.770085e-05
48.7536300971,2.4232569293,-1.770085e-05
48.7585239877,2.4232569293,-1.770085e-05
48.7634178783,2.4232569293,-1.770085e-05
48.7683117689,2.4232569293,-1.94328e-05
48.7732056595,2.4232569293,-2.8221179e-05
48.7780995501,2.4232569293,-2.8221179e-05
48.7829934407,2.4232569293,-2.5196061e-05
48.7878873313,2.4232569293,-2.080024e-05
48.7927812219,2.4232569293,-7.672571e-06
48.7976751125,2.4232569293,1.4551982e-05
48.8025690031,2.4232569293,4.4149103e-05
48.8074628937,2.4232569293,-4.2455207e-07
48.8123567843,2.4232569293,-0.00027403128
48.8172506749,2.4232569293,-4.269967e-05
48.8221445655,2.4232569293,5.387338e-05
48.8270384561,2.4232569293,0.00028650468
48.8319323467,2.4232569293,0.00052895956
48.8368262373,2.4232569293,0.00075926824
48.8417201279,2.4232569293,0.0008734438
48.8466140185,2.4232569293,0.001053881
48.8515079091,2.4232569293,0.0011096067
48.8564017997,2.4232569293,0.0008240075
48.8612956903,2.4232569293,0.00073274487
48.8661895809,2.4232569293,0.0006282446
48.8710834715,2.4232569293,0.00061549025
48.8759773621,2.4232569293,0.00063011347
48.8808712527,2.4232569293,0.0005684903
48.8857651433,2.4232569293,0.0010127574
48.8906590339,2.4232569293,0.0011835248
48.8955529245,2.4232569293,0.0012179795
48.9004468151,2.4232569293,0.0011251877
48.9053407057,2.4232569293,0.0005718629
48.9102345963,2.4232569293,0.00030032807
48.9151284869,2.4232569293,0.00024918572
48.9200223775,2.4232569293,0.00018115186
48.9249162681,2.4232569293,0.00015507119
48.9298101587,2.4232569293,0.00014854803
48.9347040493,2.4232569293,0.00014548282
48.9395979399,2.4232569293,0.00014548282
48.9444918305,2.4232569293,0.00014195869
48.9493857211,2.4232569293,0.00013944063
48.9542796117,2.4232569293,0.00013759999
48.9591735023,2.4232569293,0.00013759999
48.9640673929,2.4232569293,0.00013759999
48.9689612835,2.4232569293,0.00013759999
48.9738551741,2.4232569293,0.00013759999
48.9787490647,2.4232569293,0.00013759999
48.7389484253,2.4281508199,-4.798861e-06
48.7438423159,2.4281508199,-4.798861e-06
48.7487362065,2.4281508199,-4.798861e-06
48.7536300971,2.4281508199,-4.798861e-06
48.7585239877,2.4281508199,-4.798861e-06
48.7634178783,2.4281508199,-4.798861e-06
48.7683117689,2.4281508199,-6.5307977e-06
48.7732056595,2.4281508199,-1.5319203e-05
48.7780995501,2.4281508199,-1.5319203e-05
48.7829934407,2.4281508199,-1.22940755e-05
48.7878873313,2.4281508199,-7.898246e-06
48.7927812219,2.4281508199,5.2294104e-06
48.7976751125,2.4281508199,2.745397e-05
48.8025690031,2.4281508199,5.7051075e-05
48.8074628937,2.4281508199,4.306947e-06
48.8123567843,2.4281508199,-0.00032563438
48.8172506749,2.4281508199,-2.1035128e-05
48.8221445655,2.4281508199,7.553791e-05
48.8270384561,2.4281508199,0.00027129054
48.8319323467,2.4281508199,0.0004984839
48.8368262373,2.4281508199,0.00071389746
48.8417201279,2.4281508199,0.00084008335
48.8466140185,2.4281508199,0.00087855733
48.8515079091,2.4281508199,0.0008589992
48.8564017997,2.4281508199,0.0005700411
48.8612956903,2.4281508199,0.0004652543
48.8661895809,2.4281508199,0.00038133518
48.8710834715,2.4281508199,0.00039253142
48.8759773621,2.4281508199,0.00040715453
48.8808712527,2.4281508199,0.00034553136
48.8857651433,2.4281508199,0.0007792118
48.8906590339,2.4281508199,0.0008885851
48.8955529245,2.4281508199,0.000891273
48.9004468151,2.4281508199,0.000840614
48.9053407057,2.4281508199,0.00040264917
48.9102345963,2.4281508199,0.00023820807
48.9151284869,2.4281508199,0.00018706567
48.9200223775,2.4281508199,0.000119031865
48.9249162681,2.4281508199,9.637063e-05
48.9298101587,2.4281508199,8.984749e-05
48.9347040493,2.4281508199,8.678229e-05
48.9395979399,2.4281508199,8.678229e-05
48.9444918305,2.4281508199,8.3258165e-05
48.9493857211,2.4281508199,8.074008e-05
48.9542796117,2.4281508199,7.889946e-05
48.9591735023,2.4281508199,7.889946e-05
48.9640673929,2.4281508199,7.889946e-05
48.9689612835,2.4281508199,7.889946e-05
48.9738551741,2.4281508199,7.889946e-05
48.9787490647,2.4281508199,7.889946e-05
48.7389484253,2.4330447105,-5.887672e-06
48.7438423159,2.4330447105,-5.887672e-06
48.7487362065,2.4330447105,-5.887672e-06
48.7536300971,2.4330447105,-5.887672e-06
48.7585239877,2.4330447105,-5.887672e-06
48.7634178783,2.4330447105,-5.887672e-06
48.7683117689,2.4330447105,-7.619605e-06
48.7732056595,2.4330447105,-1.6408007e-05
48.7780995501,2.4330447105,-1.6408007e-05
48.7829934407,2.4330447105,-1.3382883e-05
48.7878873313,2.4330447105,-8.987053e-06
48.7927812219,2.4330447105,4.1406024e-06
48.7976751125,2.4330447105,2.6365167e-05
48.8025690031,2.4330447105,5.596228e-05
48.8074628937,2.4330447105,-1.4799002e-05
48.8123567843,2.4330447105,-0.00034474037
48.8172506749,2.4330447105,-4.0141094e-05
48.8221445655,2.4330447105,5.643198e-05
48.8270384561,2.4330447105,0.00025218455
48.8319323467,2.4330447105,0.00047937798
48.8368262373,2.4330447105,0.0006947916
48.8417201279,2.4330447105,0.0008209774
48.8466140185,2.4330447105,0.00085945136
48.8515079091,2.4330447105,0.00079096167
48.8564017997,2.4330447105,0.00050200376
48.8612956903,2.4330447105,0.00039721688
48.8661895809,2.4330447105,0.00032795905
48.8710834715,2.4330447105,0.00035710688
48.8759773621,2.4330447105,0.00037173004
48.8808712527,2.4330447105,0.0003101068
48.8857651433,2.4330447105,0.00074378727
48.8906590339,2.4330447105,0.00085316057
48.8955529245,2.4330447105,0.0008558486
48.9004468151,2.4330447105,0.0008031486
48.9053407057,2.4330447105,0.00039257557
48.9102345963,2.4330447105,0.00023543765
48.9151284869,2.4330447105,0.00018429522
48.9200223775,2.4330447105,0.0001162614
48.9249162681,2.4330447105,9.360017e-05
48.9298101587,2.4330447105,8.707702e-05
48.9347040493,2.4330447105,8.401182e-05
48.9395979399,2.4330447105,8.401182e-05
48.9444918305,2.4330447105,8.04877e-05
48.9493857211,2.4330447105,7.796961e-05
48.9542796117,2.4330447105,7.612899e-05
48.9591735023,2.4330447105,7.612899e-05
48.9640673929,2.4330447105,7.612899e-05
48.9689612835,2.4330447105,7.612899e-05
48.9738551741,2.4330447105,7.612899e-05
48.9787490647,2.4330447105,7.612899e-05
48.7389484253,2.4379386011,-6.5303375e-06
48.7438423159,2.4379386011,-6.5303375e-06
48.7487362065,2.4379386011,-6.5303375e-06
48.7536300971,2.4379386011,-6.5303375e-06
48.7585239877,2.4379386011,-6.5303375e-06
48.7634178783,2.4379386011,-6.5303375e-06
48.7683117689,2.4379386011,-8.262273e-06
48.7732056595,2.4379386011,-1.7050672e-05
48.7780995501,2.4379386011,-1.7050672e-05
48.7829934407,2.4379386011,-1.4025548e-05
48.7878873313,2.4379386011,-9.62972e-06
48.7927812219,2.4379386011,3.497937e-06
48.7976751125,2.4379386011,2.5722504e-05
48.8025690031,2.4379386011,5.5319615e-05
48.8074628937,2.4379386011,-1.5441665e-05
48.8123567843,2.4379386011,-0.00035998315
48.8172506749,2.4379386011,-5.5383854e-05
48.8221445655,2.4379386011,4.1189203e-05
48.8270384561,2.4379386011,0.00023694169
48.8319323467,2.4379386011,0.0004641352
48.8368262373,2.4379386011,0.00067954883
48.8417201279,2.4379386011,0.0008209774
48.8466140185,2.4379386011,0.00085945136
48.8515079091,2.4379386011,0.00079096167
48.8564017997,2.4379386011,0.00050200376
48.8612956903,2.4379386011,0.00039721688
48.8661895809,2.4379386011,0.00032795905
48.8710834715,2.4379386011,0.00035710688
48.8759773621,2.4379386011,0.00037173004
48.8808712527,2.4379386011,0.0003101068
48.8857651433,2.4379386011,0.00074378727
48.8906590339,2.4379386011,0.00085316057
48.8955529245,2.4379386011,0.0008558486
48.9004468151,2.4379386011,0.0008031486
48.9053407057,2.4379386011,0.00039194556
48.9102345963,2.4379386011,0.00023480765
48.9151284869,2.4379386011,0.00018366522
48.9200223775,2.4379386011,0.000115631396
48.9249162681,2.4379386011,9.2970164e-05
48.9298101587,2.4379386011,8.644702e-05
48.9347040493,2.4379386011,8.338182e-05
48.9395979399,2.4379386011,8.338182e-05
48.9444918305,2.4379386011,7.9857695e-05
48.9493857211,2.4379386011,7.733961e-05
48.9542796117,2.4379386011,7.549899e-05
48.9591735023,2.4379386011,7.549899e-05
48.9640673929,2.4379386011,7.549899e-05
48.9689612835,2.4379386011,7.549899e-05
48.9738551741,2.4379386011,7.549899e-05
48.9787490647,2.4379386011,7.549899e-05
48.7389484253,2.4428324917,-5.424055e-06
48.7438423159,2.4428324917,-5.424055e-06
48.7487362065,2.4428324917,-5.424055e-06
48.7536300971,2.4428324917,-5.424055e-06
48.7585239877,2.4428324917,-5.424055e-06
48.7634178783,2.4428324917,-5.424055e-06
48.7683117689,2.4428324917,-7.1559884e-06
48.7732056595,2.4428324917,-1.5944393e-05
48.7780995501,2.4428324917,-1.5944393e-05
48.7829934407,2.4428324917,-1.2919266e-05
48.7878873313,2.4428324917,-8.523436e-06
48.7927812219,2.4428324917,4.604223e-06
48.7976751125,2.4428324917,2.6828791e-05
48.8025690031,2.4428324917,5.6425895e-05
48.8074628937,2.4428324917,-1.4335382e-05
48.8123567843,2.4428324917,-0.0003527351
48.8172506749,2.4428324917,-4.813582e-05
48.8221445655,2.4428324917,4.666718e-05
48.8270384561,2.4428324917,0.0002424197
48.8319323467,2.4428324917,0.0004310627
48.8368262373,2.4428324917,0.00064647646
48.8417201279,2.4428324917,0.0007824269
48.8466140185,2.4428324917,0.0008209009
48.8515079091,2.4428324917,0.0007524111
48.8564017997,2.4428324917,0.00046345338
48.8612956903,2.4428324917,0.00039346179
48.8661895809,2.4428324917,0.00032420395
48.8710834715,2.4428324917,0.0003533518
48.8759773621,2.4428324917,0.00036797495
48.8808712527,2.4428324917,0.00030635172
48.8857651433,2.4428324917,0.00074378727
48.8906590339,2.4428324917,0.00085316057
48.8955529245,2.4428324917,0.0008558486
48.9004468151,2.4428324917,0.0008031486
48.9053407057,2.4428324917,0.00039194556
48.9102345963,2.4428324917,0.00023480765
48.9151284869,2.4428324917,0.00018366522
48.9200223775,2.4428324917,0.000115631396
48.9249162681,2.4428324917,9.2970164e-05
48.9298101587,2.4428324917,8.644702e-05
48.9347040493,2.4428324917,8.338182e-05
48.9395979399,2.4428324917,8.338182e-05
48.9444918305,2.4428324917,7.9857695e-05
48.9493857211,2.4428324917,7.733961e-05
48.9542796117,2.4428324917,7.549899e-05
48.9591735023,2.4428324917,7.549899e-05
48.9640673929,2.4428324917,7.549899e-05
48.9689612835,2.4428324917,7.549899e-05
48.9738551741,2.4428324917,7.549899e-05
48.9787490647,2.4428324917,7.549899e-05
48.7389484253,2.4477263823,-5.424055e-06
48.7438423159,2.4477263823,-5.424055e-06
48.7487362065,2.4477263823,-5.424055e-06
48.7536300971,2.4477263823,-5.424055e-06
48.7585239877,2.4477263823,-5.424055e-06
48.7634178783,2.4477263823,-5.424055e-06
48.7683117689,2.4477263823,-7.1559884e-06
48.7732056595,2.4477263823,-1.5944393e-05
48.7780995501,2.4477263823,-1.5944393e-05
48.7829934407,2.4477263823,-1.2919266e-05
48.7878873313,2.4477263823,-8.523436e-06
48.7927812219,2.4477263823,4.604223e-06
48.7976751125,2.4477263823,2.6828791e-05
48.8025690031,2.4477263823,5.6425895e-05
48.8074628937,2.4477263823,-1.4335382e-05
48.8123567843,2.4477263823,-0.00022523869
48.8172506749,2.4477263823,5.417461e-05
48.8221445655,2.4477263823,5.979461e-05
48.8270384561,2.4477263823,0.0002424197
48.8319323467,2.4477263823,0.00040151872
48.8368262373,2.4477263823,0.0006056956
48.8417201279,2.4477263823,0.00074164604
48.8466140185,2.4477263823,0.00076659315
48.8515079091,2.4477263823,0.00069810334
48.8564017997,2.4477263823,0.00040914552
48.8612956903,2.4477263823,0.00033915392
48.8661895809,2.4477263823,0.00027730866
48.8710834715,2.4477263823,0.00030645655
48.8759773621,2.4477263823,0.0003210796
48.8808712527,2.4477263823,0.00025945637
48.8857651433,2.4477263823,0.000737673
48.8906590339,2.4477263823,0.0008470463
48.8955529245,2.4477263823,0.0008558486
48.9004468151,2.4477263823,0.0008031486
48.9053407057,2.4477263823,0.00039194556
48.9102345963,2.4477263823,0.00023480765
48.9151284869,2.4477263823,0.00018366522
48.9200223775,2.4477263823,0.000115631396
48.9249162681,2.4477263823,9.2970164e-05
48.9298101587,2.4477263823,8.644702e-05
48.9347040493,2.4477263823,8.338182e-05
48.9395979399,2.4477263823,8.338182e-05
48.9444918305,2.4477263823,7.9857695e-05
48.9493857211,2.4477263823,7.733961e-05
48.9542796117,2.4477263823,7.549899e-05
48.9591735023,2.4477263823,7.549899e-05
48.9640673929,2.4477263823,7.549899e-05
48.9689612835,2.4477263823,7.549899e-05
48.9738551741,2.4477263823,7.549899e-05
48.9787490647,2.4477263823,7.549899e-05
48.7389484253,2.4526202729,-2.4314577e-05
48.7438423159,2.4526202729,-2.4314577e-05
48.7487362065,2.4526202729,-2.4314577e-05
48.7536300971,2.4526202729,-2.4314577e-05
48.7585239877,2.4526202729,-2.4314577e-05
48.7634178783,2.4526202729,-2.4314577e-05
48.7683117689,2.4526202729,-2.6046513e-05
48.7732056595,2.4526202729,-3.483491e-05
48.7780995501,2.4526202729,-3.483491e-05
48.7829934407,2.4526202729,-3.1809785e-05
48.7878873313,2.4526202729,-2.7413957e-05
48.7927812219,2.4526202729,-1.4286304e-05
48.7976751125,2.4526202729,7.938246e-06
48.8025690031,2.4526202729,3.753534e-05
48.8074628937,2.4526202729,-1.9953459e-05
48.8123567843,2.4526202729,-0.00014184123
48.8172506749,2.4526202729,0.00017896704
48.8221445655,2.4526202729,4.5501576e-05
48.8270384561,2.4526202729,0.00014810324
48.8319323467,2.4526202729,0.00018385715
48.8368262373,2.4526202729,0.00042863126
48.8417201279,2.4526202729,0.00051729375
48.8466140185,2.4526202729,0.00054224086
48.8515079091,2.4526202729,0.00052702054
48.8564017997,2.4526202729,0.00034560906
48.8612956903,2.4526202729,0.00027561755
48.8661895809,2.4526202729,0.00021377226
48.8710834715,2.4526202729,0.00020928073
48.8759773621,2.4526202729,0.00024816574
48.8808712527,2.4526202729,0.00018654241
48.8857651433,2.4526202729,0.000669934
48.8906590339,2.4526202729,0.000776077
48.8955529245,2.4526202729,0.00078487926
48.9004468151,2.4526202729,0.0007518812
48.9053407057,2.4526202729,0.00034114424
48.9102345963,2.4526202729,0.0001840061
48.9151284869,2.4526202729,0.00014852801
48.9200223775,2.4526202729,0.00011616578
48.9249162681,2.4526202729,9.350456e-05
48.9298101587,2.4526202729,8.698142e-05
48.9347040493,2.4526202729,8.391622e-05
48.9395979399,2.4526202729,8.391622e-05
48.9444918305,2.4526202729,8.039209e-05
48.9493857211,2.4526202729,7.787401e-05
48.9542796117,2.4526202729,7.6033386e-05
48.9591735023,2.4526202729,7.6033386e-05
48.9640673929,2.4526202729,7.6033386e-05
48.9689612835,2.4526202729,7.6033386e-05
48.9738551741,2.4526202729,7.6033386e-05
48.9787490647,2.4526202729,7.6033386e-05
48.7389484253,2.4575141635,-3.2103682e-05
48.7438423159,2.4575141635,-3.2103682e-05
48.7487362065,2.4575141635,-3.2103682e-05
48.7536300971,2.4575141635,-3.2103682e-05
48.7585239877,2.4575141635,-3.2103682e-05
48.7634178783,2.4575141635,-3.2103682e-05
48.7683117689,2.4575141635,-3.3835626e-05
48.7732056595,2.4575141635,-4.2624022e-05
48.7780995501,2.4575141635,-4.2624022e-05
48.7829934407,2.4575141635,-3.9598897e-05
48.7878873313,2.4575141635,-3.5203062e-05
48.7927812219,2.4575141635,-2.2075415e-05
48.7976751125,2.4575141635,1.49139e-07
48.8025690031,2.4575141635,2.9746237e-05
48.8074628937,2.4575141635,-2.7742568e-05
48.8123567843,2.4575141635,-0.00014944565
48.8172506749,2.4575141635,0.000307792
48.8221445655,2.4575141635,0.0004707561
48.8270384561,2.4575141635,0.00049417635
48.8319323467,2.4575141635,0.00019648585
48.8368262373,2.4575141635,0.00044125994
48.8417201279,2.4575141635,0.00050984486
48.8466140185,2.4575141635,0.000534792
48.8515079091,2.4575141635,0.00052720524
48.8564017997,2.4575141635,0.00034579376
48.8612956903,2.4575141635,0.00027580225
48.8661895809,2.4575141635,0.00021395696
48.8710834715,2.4575141635,0.00020946542
48.8759773621,2.4575141635,0.00024835044
48.8808712527,2.4575141635,0.0001867271
48.8857651433,2.4575141635,0.00067011866
48.8906590339,2.4575141635,0.0007762617
48.8955529245,2.4575141635,0.0007845216
48.9004468151,2.4575141635,0.00075152353
48.9053407057,2.4575141635,0.0003407865
48.9102345963,2.4575141635,0.00018364839
48.9151284869,2.4575141635,0.0001481703
48.9200223775,2.4575141635,0.00011580806
48.9249162681,2.4575141635,9.3146846e-05
48.9298101587,2.4575141635,8.66237e-05
48.9347040493,2.4575141635,8.35585e-05
48.9395979399,2.4575141635,8.35585e-05
48.9444918305,2.4575141635,8.003438e-05
48.9493857211,2.4575141635,7.751629e-05
48.9542796117,2.4575141635,7.567567e-05
48.9591735023,2.4575141635,7.567567e-05
48.9640673929,2.4575141635,7.567567e-05
48.9689612835,2.4575141635,7.567567e-05
48.9738551741,2.4575141635,7.567567e-05
48.9787490647,2.4575141635,7.567567e-05
48.7389484253,2.4624080541,-3.3813838e-05
48.7438423159,2.4624080541,-3.3813838e-05
48.7487362065,2.4624080541,-3.3813838e-05
48.7536300971,2.4624080541,-3.3813838e-05
48.7585239877,2.4624080541,-3.3813838e-05
48.7634178783,2.4624080541,-3.3813838e-05
48.7683117689,2.4624080541,-3.5545774e-05
48.7732056595,2.4624080541,-4.4334178e-05
48.7780995501,2.4624080541,-4.4334178e-05
48.7829934407,2.4624080541,-4.1309053e-05
48.7878873313,2.4624080541,-3.6913218e-05
48.7927812219,2.4624080541,-3.0329924e-05
48.7976751125,2.4624080541,-8.105383e-06
48.8025690031,2.4624080541,2.1491727e-05
48.8074628937,2.4624080541,-4.9269554e-05
48.8123567843,2.4624080541,-0.00017097262
48.8172506749,2.4624080541,0.000307792
48.8221445655,2.4624080541,0.00057266385
48.8270384561,2.4624080541,0.00065033894
48.8319323467,2.4624080541,0.0003436003
48.8368262373,2.4624080541,0.00042664568
48.8417201279,2.4624080541,0.0004952306
48.8466140185,2.4624080541,0.0005242179
48.8515079091,2.4624080541,0.00052720524
48.8564017997,2.4624080541,0.00034579376
48.8612956903,2.4624080541,0.00027580225
48.8661895809,2.4624080541,0.00021395696
48.8710834715,2.4624080541,0.00020946542
48.8759773621,2.4624080541,0.00024835044
48.8808712527,2.4624080541,0.0001867271
48.8857651433,2.4624080541,0.00067011866
48.8906590339,2.4624080541,0.0007762617
48.8955529245,2.4624080541,0.0007845216
48.9004468151,2.4624080541,0.00075152353
48.9053407057,2.4624080541,0.0003407865
48.9102345963,2.4624080541,0.00018364839
48.9151284869,2.4624080541,0.0001481703
48.9200223775,2.4624080541,0.00011580806
48.9249162681,2.4624080541,9.3146846e-05
48.9298101587,2.4624080541,8.66237e-05
48.9347040493,2.4624080541,8.35585e-05
48.9395979399,2.4624080541,8.35585e-05
48.9444918305,2.4624080541,8.003438e-05
48.9493857211,2.4624080541,7.751629e-05
48.9542796117,2.4624080541,7.567567e-05
48.9591735023,2.4624080541,7.567567e-05
48.9640673929,2.4624080541,7.567567e-05
48.9689612835,2.4624080541,7.567567e-05
48.9738551741,2.4624080541,7.567567e-05
48.9787490647,2.4624080541,7.567567e-05
48.7389484253,2.4673019447,-3.213206e-05
48.7438423159,2.4673019447,-3.213206e-05
48.7487362065,2.4673019447,-3.213206e-05
48.7536300971,2.4673019447,-3.213206e-05
48.7585239877,2.4673019447,-3.213206e-05
48.7634178783,2.4673019447,-3.213206e-05
48.7683117689,2.4673019447,-3.3863995e-05
48.7732056595,2.4673019447,-3.3020682e-05
48.7780995501,2.4673019447,-3.3020682e-05
48.7829934407,2.4673019447,-2.999556e-05
48.7878873313,2.4673019447,-2.5599735e-05
48.7927812219,2.4673019447,-1.9016437e-05
48.7976751125,2.4673019447,3.2081184e-06
48.8025690031,2.4673019447,3.2805227e-05
48.8074628937,2.4673019447,-3.795605e-05
48.8123567843,2.4673019447,-0.00019540696
48.8172506749,2.4673019447,0.00024418757
48.8221445655,2.4673019447,0.0005657485
48.8270384561,2.4673019447,0.0006434236
48.8319323467,2.4673019447,0.00032381492
48.8368262373,2.4673019447,0.00040686026
48.8417201279,2.4673019447,0.00045982364
48.8466140185,2.4673019447,0.0004888111
48.8515079091,2.4673019447,0.00050227594
48.8564017997,2.4673019447,0.00033264732
48.8612956903,2.4673019447,0.00026265578
48.8661895809,2.4673019447,0.00019689956
48.8710834715,2.4673019447,0.00018057287
48.8759773621,2.4673019447,0.00021945791
48.8808712527,2.4673019447,0.00014544421
48.8857651433,2.4673019447,0.0006288357
48.8906590339,2.4673019447,0.00071725127
48.8955529245,2.4673019447,0.0007400713
48.9004468151,2.4673019447,0.0007170005
48.9053407057,2.4673019447,0.00030626348
48.9102345963,2.4673019447,0.00014912544
48.9151284869,2.4673019447,0.000113647235
48.9200223775,2.4673019447,8.128509e-05
48.9249162681,2.4673019447,6.174127e-05
48.9298101587,2.4673019447,6.0756607e-05
48.9347040493,2.4673019447,5.769141e-05
48.9395979399,2.4673019447,5.769141e-05
48.9444918305,2.4673019447,5.7103884e-05
48.9493857211,2.4673019447,5.7931262e-05
48.9542796117,2.4673019447,6.4259344e-05
48.9591735023,2.4673019447,6.4259344e-05
48.9640673929,2.4673019447,6.4259344e-05
48.9689612835,2.4673019447,6.4259344e-05
48.9738551741,2.4673019447,6.4259344e-05
48.9787490647,2.4673019447,6.4259344e-05
