LATITUDE,LONGITUDE,probability
48.7389484253,2.2275013053,3.944298e-05
48.7438423159,2.2275013053,3.944298e-05
48.7487362065,2.2275013053,3.944298e-05
48.7536300971,2.2275013053,3.944298e-05
48.7585239877,2.2275013053,3.944298e-05
48.7634178783,2.2275013053,3.944298e-05
48.7683117689,2.2275013053,2.4842868e-05
48.7732056595,2.2275013053,2.7210093e-05
48.7780995501,2.2275013053,2.7210093e-05
48.7829934407,2.2275013053,3.0323017e-05
48.7878873313,2.2275013053,3.6164103e-05
48.7927812219,2.2275013053,4.6801917e-05
48.7976751125,2.2275013053,5.227521e-05
48.8025690031,2.2275013053,6.381204e-05
48.8074628937,2.2275013053,6.38532e-05
48.8123567843,2.2275013053,0.000101247955
48.8172506749,2.2275013053,5.5882938e-05
48.8221445655,2.2275013053,0.00028073168
48.8270384561,2.2275013053,0.00051448896
48.8319323467,2.2275013053,0.0013736761
48.8368262373,2.2275013053,0.0017475086
48.8417201279,2.2275013053,0.0018131242
48.8466140185,2.2275013053,0.0018181141
48.8515079091,2.2275013053,0.0012812712
48.8564017997,2.2275013053,0.001057196
48.8612956903,2.2275013053,0.0004748591
48.8661895809,2.2275013053,0.00032336457
48.8710834715,2.2275013053,0.00020101284
48.8759773621,2.2275013053,0.00017657607
48.8808712527,2.2275013053,0.000100561185
48.8857651433,2.2275013053,4.8185106e-05
48.8906590339,2.2275013053,0.00010768839
48.8955529245,2.2275013053,0.00013510273
48.9004468151,2.2275013053,0.00010137426
48.9053407057,2.2275013053,5.494318e-05
48.9102345963,2.2275013053,4.800909e-05
48.9151284869,2.2275013053,5.3253112e-05
48.9200223775,2.2275013053,3.94022e-05
48.9249162681,2.2275013053,2.7213124e-05
48.9298101587,2.2275013053,1.890991e-05
48.9347040493,2.2275013053,1.6026364e-05
48.9395979399,2.2275013053,1.6026364e-05
48.9444918305,2.2275013053,1.6026364e-05
48.9493857211,2.2275013053,1.0391986e-05
48.9542796117,2.2275013053,1.1756591e-05
48.9591735023,2.2275013053,1.1756591e-05
48.9640673929,2.2275013053,1.1756591e-05
48.9689612835,2.2275013053,1.1756591e-05
48.9738551741,2.2275013053,1.1756591e-05
48.9787490647,2.2275013053,1.1756591e-05
48.7389484253,2.2323951959,3.944298e-05
48.7438423159,2.2323951959,3.944298e-05
48.7487362065,2.2323951959,3.944298e-05
48.7536300971,2.2323951959,3.944298e-05
48.7585239877,2.2323951959,3.944298e-05
48.7634178783,2.2323951959,3.944298e-05
48.7683117689,2.2323951959,2.4842868e-05
48.7732056595,2.2323951959,2.7210093e-05
48.7780995501,2.2323951959,2.7210093e-05
48.7829934407,2.2323951959,3.0323017e-05
48.7878873313,2.2323951959,3.6164103e-05
48.7927812219,2.2323951959,4.6801917e-05
48.7976751125,2.2323951959,5.227521e-05
48.8025690031,2.2323951959,6.381204e-05
48.8074628937,2.2323951959,6.38532e-05
48.8123567843,2.2323951959,0.000101247955
48.8172506749,2.2323951959,5.5882938e-05
48.8221445655,2.2323951959,0.00028073168
48.8270384561,2.2323951959,0.00051448896
48.8319323467,2.2323951959,0.0013736761
48.8368262373,2.2323951959,0.0017475086
48.8417201279,2.2323951959,0.0018131242
48.8466140185,2.2323951959,0.0018181141
48.8515079091,2.2323951959,0.0012812712
48.8564017997,2.2323951959,0.001057196
48.8612956903,2.2323951959,0.0004748591
48.8661895809,2.2323951959,0.00032336457
48.8710834715,2.2323951959,0.00020101284
48.8759773621,2.2323951959,0.00017657607
48.8808712527,2.2323951959,0.000100561185
48.8857651433,2.2323951959,4.8185106e-05
48.8906590339,2.2323951959,0.00010768839
48.8955529245,2.2323951959,0.00013510273
48.9004468151,2.2323951959,0.00010137426
48.9053407057,2.2323951959,5.494318e-05
48.9102345963,2.2323951959,4.800909e-05
48.9151284869,2.2323951959,5.3253112e-05
48.9200223775,2.2323951959,3.94022e-05
48.9249162681,2.2323951959,2.7213124e-05
48.9298101587,2.2323951959,1.890991e-05
48.9347040493,2.2323951959,1.6026364e-05
48.9395979399,2.2323951959,1.6026364e-05
48.9444918305,2.2323951959,1.6026364e-05
48.9493857211,2.2323951959,1.0391986e-05
48.9542796117,2.2323951959,1.1756591e-05
48.9591735023,2.2323951959,1.1756591e-05
48.9640673929,2.2323951959,1.1756591e-05
48.9689612835,2.2323951959,1.1756591e-05
48.9738551741,2.2323951959,1.1756591e-05
48.9787490647,2.2323951959,1.1756591e-05
48.7389484253,2.2372890865,3.8759274e-05
48.7438423159,2.2372890865,3.8759274e-05
48.7487362065,2.2372890865,3.8759274e-05
48.7536300971,2.2372890865,3.8759274e-05
48.7585239877,2.2372890865,3.8759274e-05
48.7634178783,2.2372890865,3.8759274e-05
48.7683117689,2.2372890865,2.415916e-05
48.7732056595,2.2372890865,2.7226668e-05
48.7780995501,2.2372890865,2.7226668e-05
48.7829934407,2.2372890865,3.0339592e-05
48.7878873313,2.2372890865,3.6180685e-05
48.7927812219,2.2372890865,4.681849e-05
48.7976751125,2.2372890865,5.2291784e-05
48.8025690031,2.2372890865,6.3828615e-05
48.8074628937,2.2372890865,6.3869775e-05
48.8123567843,2.2372890865,0.000101264544
48.8172506749,2.2372890865,5.589952e-05
48.8221445655,2.2372890865,0.00028074824
48.8270384561,2.2372890865,0.0005337918
48.8319323467,2.2372890865,0.001392979
48.8368262373,2.2372890865,0.0017668115
48.8417201279,2.2372890865,0.0018324268
48.8466140185,2.2372890865,0.0018374167
48.8515079091,2.2372890865,0.0012723177
48.8564017997,2.2372890865,0.0010482422
48.8612956903,2.2372890865,0.00046590547
48.8661895809,2.2372890865,0.0003144109
48.8710834715,2.2372890865,0.00019215514
48.8759773621,2.2372890865,0.00017720672
48.8808712527,2.2372890865,0.000101191836
48.8857651433,2.2372890865,4.8815764e-05
48.8906590339,2.2372890865,0.00010831906
48.8955529245,2.2372890865,0.00013573337
48.9004468151,2.2372890865,0.00010200491
48.9053407057,2.2372890865,5.557383e-05
48.9102345963,2.2372890865,4.863974e-05
48.9151284869,2.2372890865,5.388377e-05
48.9200223775,2.2372890865,4.0032857e-05
48.9249162681,2.2372890865,2.7843776e-05
48.9298101587,2.2372890865,1.9540561e-05
48.9347040493,2.2372890865,1.6657023e-05
48.9395979399,2.2372890865,1.6657023e-05
48.9444918305,2.2372890865,1.6657023e-05
48.9493857211,2.2372890865,1.1022644e-05
48.9542796117,2.2372890865,1.2301003e-05
48.9591735023,2.2372890865,1.2301003e-05
48.9640673929,2.2372890865,1.2301003e-05
48.9689612835,2.2372890865,1.2301003e-05
48.9738551741,2.2372890865,1.2301003e-05
48.9787490647,2.2372890865,1.2301003e-05
48.7389484253,2.2421829771,5.23275e-05
48.7438423159,2.2421829771,5.23275e-05
48.7487362065,2.2421829771,5.23275e-05
48.7536300971,2.2421829771,5.23275e-05
48.7585239877,2.2421829771,5.23275e-05
48.7634178783,2.2421829771,5.23275e-05
48.7683117689,2.2421829771,3.772738e-05
48.7732056595,2.2421829771,4.079488e-05
48.7780995501,2.2421829771,4.079488e-05
48.7829934407,2.2421829771,4.3907796e-05
48.7878873313,2.2421829771,4.9748898e-05
48.7927812219,2.2421829771,6.0386716e-05
48.7976751125,2.2421829771,6.585999e-05
48.8025690031,2.2421829771,7.73968e-05
48.8074628937,2.2421829771,7.743795e-05
48.8123567843,2.2421829771,0.000108984845
48.8172506749,2.2421829771,6.763848e-05
48.8221445655,2.2421829771,0.00035902442
48.8270384561,2.2421829771,0.00065220124
48.8319323467,2.2421829771,0.0015320843
48.8368262373,2.2421829771,0.0019059168
48.8417201279,2.2421829771,0.0019715321
48.8466140185,2.2421829771,0.0019765217
48.8515079091,2.2421829771,0.0013760384
48.8564017997,2.2421829771,0.0010855794
48.8612956903,2.2421829771,0.00050324283
48.8661895809,2.2421829771,0.00035174814
48.8710834715,2.2421829771,0.00022949242
48.8759773621,2.2421829771,0.00021454394
48.8808712527,2.2421829771,0.00012736308
48.8857651433,2.2421829771,5.7482426e-05
48.8906590339,2.2421829771,0.000113933216
48.8955529245,2.2421829771,0.00013731293
48.9004468151,2.2421829771,0.00010358449
48.9053407057,2.2421829771,5.7153404e-05
48.9102345963,2.2421829771,5.0219314e-05
48.9151284869,2.2421829771,5.5463344e-05
48.9200223775,2.2421829771,4.161243e-05
48.9249162681,2.2421829771,2.942335e-05
48.9298101587,2.2421829771,2.1120139e-05
48.9347040493,2.2421829771,1.8236602e-05
48.9395979399,2.2421829771,1.8236602e-05
48.9444918305,2.2421829771,1.6459837e-05
48.9493857211,2.2421829771,1.0825451e-05
48.9542796117,2.2421829771,1.2103811e-05
48.9591735023,2.2421829771,1.2103811e-05
48.9640673929,2.2421829771,1.2103811e-05
48.9689612835,2.2421829771,1.2103811e-05
48.9738551741,2.2421829771,1.2103811e-05
48.9787490647,2.2421829771,1.2103811e-05
48.7389484253,2.2470768677,4.1814237e-05
48.7438423159,2.2470768677,4.1814237e-05
48.7487362065,2.2470768677,4.1814237e-05
48.7536300971,2.2470768677,4.1814237e-05
48.7585239877,2.2470768677,4.1814237e-05
48.7634178783,2.2470768677,4.1814237e-05
48.7683117689,2.2470768677,2.7214117e-05
48.7732056595,2.2470768677,3.0281624e-05
48.7780995501,2.2470768677,3.0442936e-05
48.7829934407,2.2470768677,3.3555876e-05
48.7878873313,2.2470768677,3.9396964e-05
48.7927812219,2.2470768677,5.0034792e-05
48.7976751125,2.2470768677,6.21287e-05
48.8025690031,2.2470768677,8.6382766e-05
48.8074628937,2.2470768677,9.642451e-05
48.8123567843,2.2470768677,0.00013967727
48.8172506749,2.2470768677,0.00010362868
48.8221445655,2.2470768677,0.00048351163
48.8270384561,2.2470768677,0.0008696298
48.8319323467,2.2470768677,0.0019445876
48.8368262373,2.2470768677,0.0023597202
48.8417201279,2.2470768677,0.002425336
48.8466140185,2.2470768677,0.0024235733
48.8515079091,2.2470768677,0.001626718
48.8564017997,2.2470768677,0.0011870213
48.8612956903,2.2470768677,0.0005416617
48.8661895809,2.2470768677,0.00039016697
48.8710834715,2.2470768677,0.0002679112
48.8759773621,2.2470768677,0.00025183772
48.8808712527,2.2470768677,0.00020808289
48.8857651433,2.2470768677,4.2661744e-05
48.8906590339,2.2470768677,9.515154e-05
48.8955529245,2.2470768677,0.00012436947
48.9004468151,2.2470768677,9.0641e-05
48.9053407057,2.2470768677,7.3600095e-05
48.9102345963,2.2470768677,6.6666005e-05
48.9151284869,2.2470768677,7.191002e-05
48.9200223775,2.2470768677,5.8059115e-05
48.9249162681,2.2470768677,4.5870045e-05
48.9298101587,2.2470768677,3.756684e-05
48.9347040493,2.2470768677,3.4683297e-05
48.9395979399,2.2470768677,3.4683297e-05
48.9444918305,2.2470768677,3.2906544e-05
48.9493857211,2.2470768677,2.7272154e-05
48.9542796117,2.2470768677,2.8550512e-05
48.9591735023,2.2470768677,2.8550512e-05
48.9640673929,2.2470768677,2.8550512e-05
48.9689612835,2.2470768677,2.8550512e-05
48.9738551741,2.2470768677,2.8550512e-05
48.9787490647,2.2470768677,2.8550512e-05
48.7389484253,2.2519707583,4.1470288e-05
48.7438423159,2.2519707583,4.1470288e-05
48.7487362065,2.2519707583,4.1470288e-05
48.7536300971,2.2519707583,4.1470288e-05
48.7585239877,2.2519707583,4.1470288e-05
48.7634178783,2.2519707583,4.1470288e-05
48.7683117689,2.2519707583,2.6870175e-05
48.7732056595,2.2519707583,2.993769e-05
48.7780995501,2.2519707583,2.9855275e-05
48.7829934407,2.2519707583,3.296819e-05
48.7878873313,2.2519707583,3.88093e-05
48.7927812219,2.2519707583,4.9447106e-05
48.7976751125,2.2519707583,6.095461e-05
48.8025690031,2.2519707583,8.5208674e-05
48.8074628937,2.2519707583,9.525043e-05
48.8123567843,2.2519707583,0.0001385032
48.8172506749,2.2519707583,0.00017602384
48.8221445655,2.2519707583,0.00063178275
48.8270384561,2.2519707583,0.0011028866
48.8319323467,2.2519707583,0.0021778436
48.8368262373,2.2519707583,0.002592977
48.8417201279,2.2519707583,0.0026585932
48.8466140185,2.2519707583,0.0025474657
48.8515079091,2.2519707583,0.0017190798
48.8564017997,2.2519707583,0.0012793833
48.8612956903,2.2519707583,0.0006252529
48.8661895809,2.2519707583,0.0004737583
48.8710834715,2.2519707583,0.00035150262
48.8759773621,2.2519707583,0.00029432835
48.8808712527,2.2519707583,0.0002505734
48.8857651433,2.2519707583,5.6573397e-05
48.8906590339,2.2519707583,8.410562e-05
48.8955529245,2.2519707583,0.00012684173
48.9004468151,2.2519707583,9.311325e-05
48.9053407057,2.2519707583,7.6931814e-05
48.9102345963,2.2519707583,6.9997746e-05
48.9151284869,2.2519707583,7.5241755e-05
48.9200223775,2.2519707583,6.139085e-05
48.9249162681,2.2519707583,4.920177e-05
48.9298101587,2.2519707583,4.0898565e-05
48.9347040493,2.2519707583,3.801503e-05
48.9395979399,2.2519707583,3.801503e-05
48.9444918305,2.2519707583,3.623827e-05
48.9493857211,2.2519707583,3.0603893e-05
48.9542796117,2.2519707583,3.188225e-05
48.9591735023,2.2519707583,3.188225e-05
48.9640673929,2.2519707583,3.188225e-05
48.9689612835,2.2519707583,3.188225e-05
48.9738551741,2.2519707583,3.188225e-05
48.9787490647,2.2519707583,3.188225e-05
48.7389484253,2.2568646489,8.651846e-05
48.7438423159,2.2568646489,8.651846e-05
48.7487362065,2.2568646489,8.651846e-05
48.7536300971,2.2568646489,8.651846e-05
48.7585239877,2.2568646489,8.651846e-05
48.7634178783,2.2568646489,8.651846e-05
48.7683117689,2.2568646489,7.191835e-05
48.7732056595,2.2568646489,7.498585e-05
48.7780995501,2.2568646489,7.4903444e-05
48.7829934407,2.2568646489,7.801636e-05
48.7878873313,2.2568646489,8.3857456e-05
48.7927812219,2.2568646489,9.449527e-05
48.7976751125,2.2568646489,0.00010600279
48.8025690031,2.2568646489,0.00013025689
48.8074628937,2.2568646489,0.00014029865
48.8123567843,2.2568646489,0.00018355138
48.8172506749,2.2568646489,0.00024991884
48.8221445655,2.2568646489,0.0007351188
48.8270384561,2.2568646489,0.0013961185
48.8319323467,2.2568646489,0.0024710747
48.8368262373,2.2568646489,0.0031156985
48.8417201279,2.2568646489,0.0031813148
48.8466140185,2.2568646489,0.0030701873
48.8515079091,2.2568646489,0.002139557
48.8564017997,2.2568646489,0.0016998613
48.8612956903,2.2568646489,0.0010457309
48.8661895809,2.2568646489,0.000894236
48.8710834715,2.2568646489,0.0006447342
48.8759773621,2.2568646489,0.00051307114
48.8808712527,2.2568646489,0.00044046942
48.8857651433,2.2568646489,0.00024646916
48.8906590339,2.2568646489,0.00011169881
48.8955529245,2.2568646489,0.00012684173
48.9004468151,2.2568646489,9.311325e-05
48.9053407057,2.2568646489,7.6931814e-05
48.9102345963,2.2568646489,6.9997746e-05
48.9151284869,2.2568646489,7.5241755e-05
48.9200223775,2.2568646489,6.139085e-05
48.9249162681,2.2568646489,4.920177e-05
48.9298101587,2.2568646489,4.0898565e-05
48.9347040493,2.2568646489,3.801503e-05
48.9395979399,2.2568646489,3.801503e-05
48.9444918305,2.2568646489,3.623827e-05
48.9493857211,2.2568646489,3.0603893e-05
48.9542796117,2.2568646489,3.188225e-05
48.9591735023,2.2568646489,3.188225e-05
48.9640673929,2.2568646489,3.188225e-05
48.9689612835,2.2568646489,3.188225e-05
48.9738551741,2.2568646489,3.188225e-05
48.9787490647,2.2568646489,3.188225e-05
48.7389484253,2.2617585395,8.061405e-05
48.7438423159,2.2617585395,8.061405e-05
48.7487362065,2.2617585395,8.061405e-05
48.7536300971,2.2617585395,8.061405e-05
48.7585239877,2.2617585395,8.061405e-05
48.7634178783,2.2617585395,8.061405e-05
48.7683117689,2.2617585395,6.6013934e-05
48.7732056595,2.2617585395,6.908144e-05
48.7780995501,2.2617585395,6.899902e-05
48.7829934407,2.2617585395,7.211195e-05
48.7878873313,2.2617585395,7.7953046e-05
48.7927812219,2.2617585395,8.859086e-05
48.7976751125,2.2617585395,0.00010009836
48.8025690031,2.2617585395,0.00012435247
48.8074628937,2.2617585395,0.00013439421
48.8123567843,2.2617585395,0.00017764694
48.8172506749,2.2617585395,0.00024401446
48.8221445655,2.2617585395,0.00072921434
48.8270384561,2.2617585395,0.0014155576
48.8319323467,2.2617585395,0.0026441196
48.8368262373,2.2617585395,0.0035525935
48.8417201279,2.2617585395,0.0036182094
48.8466140185,2.2617585395,0.0035070824
48.8515079091,2.2617585395,0.002576453
48.8564017997,2.2617585395,0.0021367557
48.8612956903,2.2617585395,0.0014826263
48.8661895809,2.2617585395,0.0011775547
48.8710834715,2.2617585395,0.0006662546
48.8759773621,2.2617585395,0.0005345913
48.8808712527,2.2617585395,0.0004366459
48.8857651433,2.2617585395,0.00024264569
48.8906590339,2.2617585395,0.00010787531
48.8955529245,2.2617585395,0.0001230182
48.9004468151,2.2617585395,8.9289766e-05
48.9053407057,2.2617585395,7.310833e-05
48.9102345963,2.2617585395,6.617424e-05
48.9151284869,2.2617585395,7.141825e-05
48.9200223775,2.2617585395,5.7567348e-05
48.9249162681,2.2617585395,4.5378278e-05
48.9298101587,2.2617585395,3.707507e-05
48.9347040493,2.2617585395,3.4191537e-05
48.9395979399,2.2617585395,3.4191537e-05
48.9444918305,2.2617585395,3.1378207e-05
48.9493857211,2.2617585395,2.4590301e-05
48.9542796117,2.2617585395,2.5868658e-05
48.9591735023,2.2617585395,2.5868658e-05
48.9640673929,2.2617585395,2.5868658e-05
48.9689612835,2.2617585395,2.5868658e-05
48.9738551741,2.2617585395,2.5868658e-05
48.9787490647,2.2617585395,2.5868658e-05
48.7389484253,2.2666524301,6.8640344e-05
48.7438423159,2.2666524301,6.8640344e-05
48.7487362065,2.2666524301,6.8640344e-05
48.7536300971,2.2666524301,6.8640344e-05
48.7585239877,2.2666524301,6.8640344e-05
48.7634178783,2.2666524301,6.8640344e-05
48.7683117689,2.2666524301,5.4040225e-05
48.7732056595,2.2666524301,5.710774e-05
48.7780995501,2.2666524301,5.7025325e-05
48.7829934407,2.2666524301,6.013825e-05
48.7878873313,2.2666524301,6.5979344e-05
48.7927812219,2.2666524301,7.6617136e-05
48.7976751125,2.2666524301,8.812466e-05
48.8025690031,2.2666524301,0.00011237874
48.8074628937,2.2666524301,0.00012242052
48.8123567843,2.2666524301,0.00016567322
48.8172506749,2.2666524301,0.00023204075
48.8221445655,2.2666524301,0.00073724065
48.8270384561,2.2666524301,0.0016977526
48.8319323467,2.2666524301,0.0029380834
48.8368262373,2.2666524301,0.0038465573
48.8417201279,2.2666524301,0.003912173
48.8466140185,2.2666524301,0.0037796737
48.8515079091,2.2666524301,0.0028490443
48.8564017997,2.2666524301,0.0024093476
48.8612956903,2.2666524301,0.0017422923
48.8661895809,2.2666524301,0.0014537297
48.8710834715,2.2666524301,0.0009424294
48.8759773621,2.2666524301,0.00083087094
48.8808712527,2.2666524301,0.0007023982
48.8857651433,2.2666524301,0.00043878038
48.8906590339,2.2666524301,0.00030763034
48.8955529245,2.2666524301,5.745487e-05
48.9004468151,2.2666524301,2.3726452e-05
48.9053407057,2.2666524301,5.881738e-05
48.9102345963,2.2666524301,5.1883297e-05
48.9151284869,2.2666524301,5.712732e-05
48.9200223775,2.2666524301,4.32764e-05
48.9249162681,2.2666524301,3.108733e-05
48.9298101587,2.2666524301,2.2784114e-05
48.9347040493,2.2666524301,1.9900583e-05
48.9395979399,2.2666524301,1.9900583e-05
48.9444918305,2.2666524301,1.708725e-05
48.9493857211,2.2666524301,1.0299339e-05
48.9542796117,2.2666524301,1.1577701e-05
48.9591735023,2.2666524301,1.1577701e-05
48.9640673929,2.2666524301,1.1577701e-05
48.9689612835,2.2666524301,1.1577701e-05
48.9738551741,2.2666524301,1.1577701e-05
48.9787490647,2.2666524301,1.1577701e-05
48.7389484253,2.2715463207,6.249246e-05
48.7438423159,2.2715463207,6.249246e-05
48.7487362065,2.2715463207,6.249246e-05
48.7536300971,2.2715463207,6.249246e-05
48.7585239877,2.2715463207,6.249246e-05
48.7634178783,2.2715463207,6.249246e-05
48.7683117689,2.2715463207,4.7892336e-05
48.7732056595,2.2715463207,5.095985e-05
48.7780995501,2.2715463207,5.0877436e-05
48.7829934407,2.2715463207,5.3990356e-05
48.7878873313,2.2715463207,5.983145e-05
48.7927812219,2.2715463207,7.046924e-05
48.7976751125,2.2715463207,8.197677e-05
48.8025690031,2.2715463207,0.00010623084
48.8074628937,2.2715463207,0.00011627262
48.8123567843,2.2715463207,0.00015666558
48.8172506749,2.2715463207,0.00031104253
48.8221445655,2.2715463207,0.0010249664
48.8270384561,2.2715463207,0.0019854787
48.8319323467,2.2715463207,0.0032563119
48.8368262373,2.2715463207,0.0041885306
48.8417201279,2.2715463207,0.004254146
48.8466140185,2.2715463207,0.004121647
48.8515079091,2.2715463207,0.0031910182
48.8564017997,2.2715463207,0.0027912077
48.8612956903,2.2715463207,0.0021089644
48.8661895809,2.2715463207,0.0018204021
48.8710834715,2.2715463207,0.0013163777
48.8759773621,2.2715463207,0.0012657945
48.8808712527,2.2715463207,0.0010941182
48.8857651433,2.2715463207,0.0005192645
48.8906590339,2.2715463207,0.00038811463
48.8955529245,2.2715463207,0.00024198524
48.9004468151,2.2715463207,0.00016370356
48.9053407057,2.2715463207,4.9809736e-05
48.9102345963,2.2715463207,4.287566e-05
48.9151284869,2.2715463207,4.8119684e-05
48.9200223775,2.2715463207,3.4268764e-05
48.9249162681,2.2715463207,2.2079688e-05
48.9298101587,2.2715463207,1.3776476e-05
48.9347040493,2.2715463207,1.0892944e-05
48.9395979399,2.2715463207,1.0892944e-05
48.9444918305,2.2715463207,8.079612e-06
48.9493857211,2.2715463207,1.2917021e-06
48.9542796117,2.2715463207,2.5700606e-06
48.9591735023,2.2715463207,2.5700606e-06
48.9640673929,2.2715463207,2.5700606e-06
48.9689612835,2.2715463207,2.5700606e-06
48.9738551741,2.2715463207,2.5700606e-06
48.9787490647,2.2715463207,2.5700606e-06
48.7389484253,2.2764402113,7.61108e-05
48.7438423159,2.2764402113,7.61108e-05
48.7487362065,2.2764402113,7.61108e-05
48.7536300971,2.2764402113,7.61108e-05
48.7585239877,2.2764402113,7.61108e-05
48.7634178783,2.2764402113,7.61108e-05
48.7683117689,2.2764402113,7.269012e-05
48.7732056595,2.2764402113,7.5757634e-05
48.7780995501,2.2764402113,7.567522e-05
48.7829934407,2.2764402113,7.878814e-05
48.7878873313,2.2764402113,8.462924e-05
48.7927812219,2.2764402113,9.526704e-05
48.7976751125,2.2764402113,0.00010677456
48.8025690031,2.2764402113,0.00013102865
48.8074628937,2.2764402113,0.00014107043
48.8123567843,2.2764402113,0.00018689065
48.8172506749,2.2764402113,0.00036990526
48.8221445655,2.2764402113,0.0011733555
48.8270384561,2.2764402113,0.0024615894
48.8319323467,2.2764402113,0.00432114
48.8368262373,2.2764402113,0.005295665
48.8417201279,2.2764402113,0.0053612795
48.8466140185,2.2764402113,0.0053336076
48.8515079091,2.2764402113,0.0044029774
48.8564017997,2.2764402113,0.003980638
48.8612956903,2.2764402113,0.0030790989
48.8661895809,2.2764402113,0.0024433108
48.8710834715,2.2764402113,0.0018007264
48.8759773621,2.2764402113,0.001750143
48.8808712527,2.2764402113,0.0013557896
48.8857651433,2.2764402113,0.000705587
48.8906590339,2.2764402113,0.00061492
48.8955529245,2.2764402113,0.00044342288
48.9004468151,2.2764402113,0.00025121655
48.9053407057,2.2764402113,3.557199e-05
48.9102345963,2.2764402113,2.8637896e-05
48.9151284869,2.2764402113,3.388193e-05
48.9200223775,2.2764402113,2.0031013e-05
48.9249162681,2.2764402113,7.841932e-06
48.9298101587,2.2764402113,-4.612816e-07
48.9347040493,2.2764402113,-3.3448237e-06
48.9395979399,2.2764402113,-3.3448237e-06
48.9444918305,2.2764402113,-6.158149e-06
48.9493857211,2.2764402113,-1.2946055e-05
48.9542796117,2.2764402113,-1.1667702e-05
48.9591735023,2.2764402113,-1.1667702e-05
48.9640673929,2.2764402113,-1.1667702e-05
48.9689612835,2.2764402113,-1.1667702e-05
48.9738551741,2.2764402113,-1.1667702e-05
48.9787490647,2.2764402113,-1.1667702e-05
48.7389484253,2.2813341019,0.00020955483
48.7438423159,2.2813341019,0.00020955483
48.7487362065,2.2813341019,0.00020955483
48.7536300971,2.2813341019,0.00020955483
48.7585239877,2.2813341019,0.00020955483
48.7634178783,2.2813341019,0.00020955483
48.7683117689,2.2813341019,0.00020429831
48.7732056595,2.2813341019,0.00020736583
48.7780995501,2.2813341019,0.00020728342
48.7829934407,2.2813341019,0.00021039636
48.7878873313,2.2813341019,0.00021623747
48.7927812219,2.2813341019,0.0002268753
48.7976751125,2.2813341019,0.00023838277
48.8025690031,2.2813341019,0.0002626368
48.8074628937,2.2813341019,0.00027267853
48.8123567843,2.2813341019,0.00036603396
48.8172506749,2.2813341019,0.00063288375
48.8221445655,2.2813341019,0.0014883055
48.8270384561,2.2813341019,0.002918866
48.8319323467,2.2813341019,0.0048067546
48.8368262373,2.2813341019,0.00578128
48.8417201279,2.2813341019,0.005839539
48.8466140185,2.2813341019,0.005713555
48.8515079091,2.2813341019,0.0047056973
48.8564017997,2.2813341019,0.0042036036
48.8612956903,2.2813341019,0.0032774683
48.8661895809,2.2813341019,0.0025801305
48.8710834715,2.2813341019,0.0019036899
48.8759773621,2.2813341019,0.0019328918
48.8808712527,2.2813341019,0.0015385381
48.8857651433,2.2813341019,0.0008939052
48.8906590339,2.2813341019,0.00072258356
48.8955529245,2.2813341019,0.0005030842
48.9004468151,2.2813341019,0.00031081875
48.9053407057,2.2813341019,8.518525e-05
48.9102345963,2.2813341019,8.7519016e-05
48.9151284869,2.2813341019,9.2763046e-05
48.9200223775,2.2813341019,7.891214e-05
48.9249162681,2.2813341019,6.672307e-05
48.9298101587,2.2813341019,5.8419857e-05
48.9347040493,2.2813341019,5.553633e-05
48.9395979399,2.2813341019,5.553633e-05
48.9444918305,2.2813341019,5.2722986e-05
48.9493857211,2.2813341019,4.5589266e-05
48.9542796117,2.2813341019,4.6867623e-05
48.9591735023,2.2813341019,4.6867623e-05
48.9640673929,2.2813341019,4.6867623e-05
48.9689612835,2.2813341019,4.6867623e-05
48.9738551741,2.2813341019,4.6867623e-05
48.9787490647,2.2813341019,4.6867623e-05
48.7389484253,2.2862279925,0.00021479778
48.7438423159,2.2862279925,0.00021479778
48.7487362065,2.2862279925,0.00021479778
48.7536300971,2.2862279925,0.00021479778
48.7585239877,2.2862279925,0.00021479778
48.7634178783,2.2862279925,0.00021479778
48.7683117689,2.2862279925,0.00021529915
48.7732056595,2.2862279925,0.00023367793
48.7780995501,2.2862279925,0.00023520281
48.7829934407,2.2862279925,0.00023831577
48.7878873313,2.2862279925,0.00024677665
48.7927812219,2.2862279925,0.0002605412
48.7976751125,2.2862279925,0.00027292976
48.8025690031,2.2862279925,0.0002971838
48.8074628937,2.2862279925,0.00039776746
48.8123567843,2.2862279925,0.00058742665
48.8172506749,2.2862279925,0.00098048
48.8221445655,2.2862279925,0.0018974066
48.8270384561,2.2862279925,0.0029242095
48.8319323467,2.2862279925,0.004812098
48.8368262373,2.2862279925,0.0056593767
48.8417201279,2.2862279925,0.005717636
48.8466140185,2.2862279925,0.005591652
48.8515079091,2.2862279925,0.004547619
48.8564017997,2.2862279925,0.003972021
48.8612956903,2.2862279925,0.0031173427
48.8661895809,2.2862279925,0.0022879113
48.8710834715,2.2862279925,0.0017744349
48.8759773621,2.2862279925,0.0018036363
48.8808712527,2.2862279925,0.0014157542
48.8857651433,2.2862279925,0.0008351009
48.8906590339,2.2862279925,0.00082968484
48.8955529245,2.2862279925,0.00061555416
48.9004468151,2.2862279925,0.00038484271
48.9053407057,2.2862279925,0.00010059046
48.9102345963,2.2862279925,9.8590375e-05
48.9151284869,2.2862279925,0.00011258309
48.9200223775,2.2862279925,9.873217e-05
48.9249162681,2.2862279925,8.654308e-05
48.9298101587,2.2862279925,7.823987e-05
48.9347040493,2.2862279925,7.535634e-05
48.9395979399,2.2862279925,6.917598e-05
48.9444918305,2.2862279925,6.6362634e-05
48.9493857211,2.2862279925,5.9228892e-05
48.9542796117,2.2862279925,6.0507256e-05
48.9591735023,2.2862279925,6.0507256e-05
48.9640673929,2.2862279925,6.0507256e-05
48.9689612835,2.2862279925,6.0507256e-05
48.9738551741,2.2862279925,6.0507256e-05
48.9787490647,2.2862279925,6.0507256e-05
48.7389484253,2.2911218831,0.00019863552
48.7438423159,2.2911218831,0.00019863552
48.7487362065,2.2911218831,0.00019863552
48.7536300971,2.2911218831,0.00019863552
48.7585239877,2.2911218831,0.00019863552
48.7634178783,2.2911218831,0.00019863552
48.7683117689,2.2911218831,0.00019913688
48.7732056595,2.2911218831,0.0002175157
48.7780995501,2.2911218831,0.00021904061
48.7829934407,2.2911218831,0.00022215354
48.7878873313,2.2911218831,0.0002306144
48.7927812219,2.2911218831,0.00024437899
48.7976751125,2.2911218831,0.00025676753
48.8025690031,2.2911218831,0.00028102158
48.8074628937,2.2911218831,0.00038160518
48.8123567843,2.2911218831,0.00057126436
48.8172506749,2.2911218831,0.0009643176
48.8221445655,2.2911218831,0.0018598869
48.8270384561,2.2911218831,0.002862559
48.8319323467,2.2911218831,0.0045482665
48.8368262373,2.2911218831,0.0053769816
48.8417201279,2.2911218831,0.0054017226
48.8466140185,2.2911218831,0.0052757384
48.8515079091,2.2911218831,0.0042652236
48.8564017997,2.2911218831,0.0036896258
48.8612956903,2.2911218831,0.0028744666
48.8661895809,2.2911218831,0.0020450342
48.8710834715,2.2911218831,0.0015470583
48.8759773621,2.2911218831,0.0015762595
48.8808712527,2.2911218831,0.0012928436
48.8857651433,2.2911218831,0.00070449
48.8906590339,2.2911218831,0.00078564574
48.8955529245,2.2911218831,0.0006088852
48.9004468151,2.2911218831,0.0004030488
48.9053407057,2.2911218831,0.0001330488
48.9102345963,2.2911218831,0.00011822983
48.9151284869,2.2911218831,0.00011600203
48.9200223775,2.2911218831,0.00010215111
48.9249162681,2.2911218831,8.9962035e-05
48.9298101587,2.2911218831,7.542795e-05
48.9347040493,2.2911218831,7.254443e-05
48.9395979399,2.2911218831,6.6364046e-05
48.9444918305,2.2911218831,6.355071e-05
48.9493857211,2.2911218831,5.6416975e-05
48.9542796117,2.2911218831,5.769533e-05
48.9591735023,2.2911218831,5.769533e-05
48.9640673929,2.2911218831,5.769533e-05
48.9689612835,2.2911218831,5.769533e-05
48.9738551741,2.2911218831,5.769533e-05
48.9787490647,2.2911218831,5.769533e-05
48.7389484253,2.2960157737,0.00018926547
48.7438423159,2.2960157737,0.00018926547
48.7487362065,2.2960157737,0.00018926547
48.7536300971,2.2960157737,0.00018926547
48.7585239877,2.2960157737,0.00018926547
48.7634178783,2.2960157737,0.00018926547
48.7683117689,2.2960157737,0.00018976684
48.7732056595,2.2960157737,0.00020814565
48.7780995501,2.2960157737,0.00020967056
48.7829934407,2.2960157737,0.00021471392
48.7878873313,2.2960157737,0.0002231748
48.7927812219,2.2960157737,0.00023693935
48.7976751125,2.2960157737,0.00024932798
48.8025690031,2.2960157737,0.000273582
48.8074628937,2.2960157737,0.0003741656
48.8123567843,2.2960157737,0.00052277296
48.8172506749,2.2960157737,0.0009355935
48.8221445655,2.2960157737,0.0018130235
48.8270384561,2.2960157737,0.0028023876
48.8319323467,2.2960157737,0.0042203437
48.8368262373,2.2960157737,0.00483464
48.8417201279,2.2960157737,0.004853793
48.8466140185,2.2960157737,0.0047278088
48.8515079091,2.2960157737,0.003717296
48.8564017997,2.2960157737,0.0031416966
48.8612956903,2.2960157737,0.002326537
48.8661895809,2.2960157737,0.0017618263
48.8710834715,2.2960157737,0.001560061
48.8759773621,2.2960157737,0.0015892624
48.8808712527,2.2960157737,0.0013058463
48.8857651433,2.2960157737,0.00069274777
48.8906590339,2.2960157737,0.0007651697
48.8955529245,2.2960157737,0.00058389246
48.9004468151,2.2960157737,0.00040639075
48.9053407057,2.2960157737,0.00013170797
48.9102345963,2.2960157737,0.00012521226
48.9151284869,2.2960157737,0.0001135607
48.9200223775,2.2960157737,9.970978e-05
48.9249162681,2.2960157737,8.261057e-05
48.9298101587,2.2960157737,6.807652e-05
48.9347040493,2.2960157737,6.519298e-05
48.9395979399,2.2960157737,5.901258e-05
48.9444918305,2.2960157737,5.6199235e-05
48.9493857211,2.2960157737,4.9065515e-05
48.9542796117,2.2960157737,5.0343864e-05
48.9591735023,2.2960157737,5.0343864e-05
48.9640673929,2.2960157737,5.0343864e-05
48.9689612835,2.2960157737,5.0343864e-05
48.9738551741,2.2960157737,5.0343864e-05
48.9787490647,2.2960157737,5.0343864e-05
48.7389484253,2.3009096643,0.00018884057
48.7438423159,2.3009096643,0.00018884057
48.7487362065,2.3009096643,0.00018884057
48.7536300971,2.3009096643,0.00018884057
48.7585239877,2.3009096643,0.00018884057
48.7634178783,2.3009096643,0.00018884057
48.7683117689,2.3009096643,0.00018934194
48.7732056595,2.3009096643,0.00020772075
48.7780995501,2.3009096643,0.00020924566
48.7829934407,2.3009096643,0.00021428902
48.7878873313,2.3009096643,0.00022274989
48.7927812219,2.3009096643,0.0002440163
48.7976751125,2.3009096643,0.0002564048
48.8025690031,2.3009096643,0.00028065886
48.8074628937,2.3009096643,0.00038553777
48.8123567843,2.3009096643,0.00055317365
48.8172506749,2.3009096643,0.0009659943
48.8221445655,2.3009096643,0.0018460314
48.8270384561,2.3009096643,0.0027849874
48.8319323467,2.3009096643,0.004202944
48.8368262373,2.3009096643,0.0048172395
48.8417201279,2.3009096643,0.004836393
48.8466140185,2.3009096643,0.004710409
48.8515079091,2.3009096643,0.003699896
48.8564017997,2.3009096643,0.0031242964
48.8612956903,2.3009096643,0.0023091368
48.8661895809,2.3009096643,0.0017444267
48.8710834715,2.3009096643,0.0015426611
48.8759773621,2.3009096643,0.0015718625
48.8808712527,2.3009096643,0.0013394235
48.8857651433,2.3009096643,0.00072632474
48.8906590339,2.3009096643,0.0009043591
48.8955529245,2.3009096643,0.0007277663
48.9004468151,2.3009096643,0.0005230872
48.9053407057,2.3009096643,0.0001805782
48.9102345963,2.3009096643,0.00014717213
48.9151284869,2.3009096643,0.00012151533
48.9200223775,2.3009096643,0.00010766437
48.9249162681,2.3009096643,9.0565154e-05
48.9298101587,2.3009096643,7.150022e-05
48.9347040493,2.3009096643,6.861669e-05
48.9395979399,2.3009096643,6.243628e-05
48.9444918305,2.3009096643,5.962296e-05
48.9493857211,2.3009096643,5.248924e-05
48.9542796117,2.3009096643,5.3767595e-05
48.9591735023,2.3009096643,5.3767595e-05
48.9640673929,2.3009096643,5.3767595e-05
48.9689612835,2.3009096643,5.3767595e-05
48.9738551741,2.3009096643,5.3767595e-05
48.9787490647,2.3009096643,5.3767595e-05
48.7389484253,2.3058035549,0.00013689364
48.7438423159,2.3058035549,0.00013689364
48.7487362065,2.3058035549,0.00013689364
48.7536300971,2.3058035549,0.00013689364
48.7585239877,2.3058035549,0.00013689364
48.7634178783,2.3058035549,0.00013689364
48.7683117689,2.3058035549,0.000137395
48.7732056595,2.3058035549,0.00015577383
48.7780995501,2.3058035549,0.00015729875
48.7829934407,2.3058035549,0.00016234211
48.7878873313,2.3058035549,0.00017080299
48.7927812219,2.3058035549,0.0001920694
48.7976751125,2.3058035549,0.00021348192
48.8025690031,2.3058035549,0.000237736
48.8074628937,2.3058035549,0.0003536622
48.8123567843,2.3058035549,0.0005135333
48.8172506749,2.3058035549,0.00094294315
48.8221445655,2.3058035549,0.0018144591
48.8270384561,2.3058035549,0.0025310558
48.8319323467,2.3058035549,0.003949012
48.8368262373,2.3058035549,0.004563308
48.8417201279,2.3058035549,0.0045220377
48.8466140185,2.3058035549,0.0043792655
48.8515079091,2.3058035549,0.0033227354
48.8564017997,2.3058035549,0.0027471364
48.8612956903,2.3058035549,0.0019619197
48.8661895809,2.3058035549,0.0015166596
48.8710834715,2.3058035549,0.0013316825
48.8759773621,2.3058035549,0.0014883406
48.8808712527,2.3058035549,0.0012271355
48.8857651433,2.3058035549,0.00070588116
48.8906590339,2.3058035549,0.00082635327
48.8955529245,2.3058035549,0.0007719294
48.9004468151,2.3058035549,0.00052206113
48.9053407057,2.3058035549,0.00021701043
48.9102345963,2.3058035549,0.00015826177
48.9151284869,2.3058035549,0.00013260495
48.9200223775,2.3058035549,0.00010766437
48.9249162681,2.3058035549,9.0565154e-05
48.9298101587,2.3058035549,7.150022e-05
48.9347040493,2.3058035549,6.861669e-05
48.9395979399,2.3058035549,6.243628e-05
48.9444918305,2.3058035549,5.962296e-05
48.9493857211,2.3058035549,5.248924e-05
48.9542796117,2.3058035549,5.3767595e-05
48.9591735023,2.3058035549,5.3767595e-05
48.9640673929,2.3058035549,5.3767595e-05
48.9689612835,2.3058035549,5.3767595e-05
48.9738551741,2.3058035549,5.3767595e-05
48.9787490647,2.3058035549,5.3767595e-05
48.7389484253,2.3106974455,0.00015275284
48.7438423159,2.3106974455,0.00015275284
48.7487362065,2.3106974455,0.00015275284
48.7536300971,2.3106974455,0.00015275284
48.7585239877,2.3106974455,0.00015275284
48.7634178783,2.3106974455,0.00015275284
48.7683117689,2.3106974455,0.00015325421
48.7732056595,2.3106974455,0.00017163306
48.7780995501,2.3106974455,0.00017315797
48.7829934407,2.3106974455,0.00017820133
48.7878873313,2.3106974455,0.00019575574
48.7927812219,2.3106974455,0.00021702216
48.7976751125,2.3106974455,0.00023843467
48.8025690031,2.3106974455,0.00027687624
48.8074628937,2.3106974455,0.0003928025
48.8123567843,2.3106974455,0.0005539705
48.8172506749,2.3106974455,0.0010522486
48.8221445655,2.3106974455,0.0019082791
48.8270384561,2.3106974455,0.0026248763
48.8319323467,2.3106974455,0.004042833
48.8368262373,2.3106974455,0.0047689197
48.8417201279,2.3106974455,0.0047276495
48.8466140185,2.3106974455,0.004529261
48.8515079091,2.3106974455,0.0034252927
48.8564017997,2.3106974455,0.0028496932
48.8612956903,2.3106974455,0.0020664344
48.8661895809,2.3106974455,0.0015423301
48.8710834715,2.3106974455,0.0013902127
48.8759773621,2.3106974455,0.001539631
48.8808712527,2.3106974455,0.0012851411
48.8857651433,2.3106974455,0.0008005531
48.8906590339,2.3106974455,0.00074156484
48.8955529245,2.3106974455,0.0006871411
48.9004468151,2.3106974455,0.0004372726
48.9053407057,2.3106974455,0.00022733798
48.9102345963,2.3106974455,0.0001784541
48.9151284869,2.3106974455,0.00015279725
48.9200223775,2.3106974455,0.00012398169
48.9249162681,2.3106974455,0.00010688249
48.9298101587,2.3106974455,8.781752e-05
48.9347040493,2.3106974455,7.894421e-05
48.9395979399,2.3106974455,7.276382e-05
48.9444918305,2.3106974455,6.99505e-05
48.9493857211,2.3106974455,6.281677e-05
48.9542796117,2.3106974455,6.4095126e-05
48.9591735023,2.3106974455,6.4095126e-05
48.9640673929,2.3106974455,6.4095126e-05
48.9689612835,2.3106974455,6.4095126e-05
48.9738551741,2.3106974455,6.4095126e-05
48.9787490647,2.3106974455,6.4095126e-05
48.7389484253,2.3155913361,0.00013956122
48.7438423159,2.3155913361,0.00013956122
48.7487362065,2.3155913361,0.00013956122
48.7536300971,2.3155913361,0.00013956122
48.7585239877,2.3155913361,0.00013956122
48.7634178783,2.3155913361,0.00013956122
48.7683117689,2.3155913361,0.0001400626
48.7732056595,2.3155913361,0.00015844141
48.7780995501,2.3155913361,0.00015996632
48.7829934407,2.3155913361,0.00016500971
48.7878873313,2.3155913361,0.00018256412
48.7927812219,2.3155913361,0.00020383054
48.7976751125,2.3155913361,0.00022524306
48.8025690031,2.3155913361,0.000289435
48.8074628937,2.3155913361,0.0004312429
48.8123567843,2.3155913361,0.0006125379
48.8172506749,2.3155913361,0.001234205
48.8221445655,2.3155913361,0.0020239367
48.8270384561,2.3155913361,0.0026855664
48.8319323467,2.3155913361,0.0039883144
48.8368262373,2.3155913361,0.0048433417
48.8417201279,2.3155913361,0.0047626933
48.8466140185,2.3155913361,0.004564305
48.8515079091,2.3155913361,0.0034603355
48.8564017997,2.3155913361,0.0028226145
48.8612956903,2.3155913361,0.0020393557
48.8661895809,2.3155913361,0.0015611424
48.8710834715,2.3155913361,0.0013325461
48.8759773621,2.3155913361,0.0015158576
48.8808712527,2.3155913361,0.0013870231
48.8857651433,2.3155913361,0.00095887866
48.8906590339,2.3155913361,0.00062880886
48.8955529245,2.3155913361,0.0005743852
48.9004468151,2.3155913361,0.0003347497
48.9053407057,2.3155913361,0.00021296911
48.9102345963,2.3155913361,0.00014720767
48.9151284869,2.3155913361,0.00012155084
48.9200223775,2.3155913361,9.27353e-05
48.9249162681,2.3155913361,7.563606e-05
48.9298101587,2.3155913361,5.6571094e-05
48.9347040493,2.3155913361,4.769779e-05
48.9395979399,2.3155913361,4.151741e-05
48.9444918305,2.3155913361,3.8704075e-05
48.9493857211,2.3155913361,3.157035e-05
48.9542796117,2.3155913361,3.28487e-05
48.9591735023,2.3155913361,3.28487e-05
48.9640673929,2.3155913361,3.28487e-05
48.9689612835,2.3155913361,3.28487e-05
48.9738551741,2.3155913361,3.28487e-05
48.9787490647,2.3155913361,3.28487e-05
48.7389484253,2.3204852267,0.00012806416
48.7438423159,2.3204852267,0.00012806416
48.7487362065,2.3204852267,0.00012806416
48.7536300971,2.3204852267,0.00012806416
48.7585239877,2.3204852267,0.00012806416
48.7634178783,2.3204852267,0.00012806416
48.7683117689,2.3204852267,0.00012856555
48.7732056595,2.3204852267,0.00016381395
48.7780995501,2.3204852267,0.00016533888
48.7829934407,2.3204852267,0.00017038222
48.7878873313,2.3204852267,0.00018793663
48.7927812219,2.3204852267,0.00020920303
48.7976751125,2.3204852267,0.00023061551
48.8025690031,2.3204852267,0.00031772762
48.8074628937,2.3204852267,0.000496749
48.8123567843,2.3204852267,0.0006785389
48.8172506749,2.3204852267,0.0013212824
48.8221445655,2.3204852267,0.0019702946
48.8270384561,2.3204852267,0.0026195128
48.8319323467,2.3204852267,0.0032418566
48.8368262373,2.3204852267,0.003990311
48.8417201279,2.3204852267,0.0038957293
48.8466140185,2.3204852267,0.0036691786
48.8515079091,2.3204852267,0.0025133693
48.8564017997,2.3204852267,0.0018756482
48.8612956903,2.3204852267,0.0017805784
48.8661895809,2.3204852267,0.0013541094
48.8710834715,2.3204852267,0.0012666641
48.8759773621,2.3204852267,0.0014499761
48.8808712527,2.3204852267,0.0012920019
48.8857651433,2.3204852267,0.00065075484
48.8906590339,2.3204852267,0.00022634052
48.8955529245,2.3204852267,0.00017190046
48.9004468151,2.3204852267,0.00031958785
48.9053407057,2.3204852267,0.00019780723
48.9102345963,2.3204852267,0.00013204577
48.9151284869,2.3204852267,0.00010638893
48.9200223775,2.3204852267,7.75734e-05
48.9249162681,2.3204852267,6.0474187e-05
48.9298101587,2.3204852267,4.1409217e-05
48.9347040493,2.3204852267,3.2535896e-05
48.9395979399,2.3204852267,2.635551e-05
48.9444918305,2.3204852267,2.354216e-05
48.9493857211,2.3204852267,1.6408447e-05
48.9542796117,2.3204852267,1.7686803e-05
48.9591735023,2.3204852267,1.7686803e-05
48.9640673929,2.3204852267,1.7686803e-05
48.9689612835,2.3204852267,1.7686803e-05
48.9738551741,2.3204852267,1.7686803e-05
48.9787490647,2.3204852267,1.7686803e-05
48.7389484253,2.3253791173,0.0001303807
48.7438423159,2.3253791173,0.0001303807
48.7487362065,2.3253791173,0.0001303807
48.7536300971,2.3253791173,0.0001303807
48.7585239877,2.3253791173,0.0001303807
48.7634178783,2.3253791173,0.0001303807
48.7683117689,2.3253791173,0.00014321544
48.7732056595,2.3253791173,0.00018701941
48.7780995501,2.3253791173,0.00018854433
48.7829934407,2.3253791173,0.00019358768
48.7878873313,2.3253791173,0.00021114209
48.7927812219,2.3253791173,0.00023240843
48.7976751125,2.3253791173,0.000253821
48.8025690031,2.3253791173,0.00035278517
48.8074628937,2.3253791173,0.0005467169
48.8123567843,2.3253791173,0.00083929463
48.8172506749,2.3253791173,0.0014884943
48.8221445655,2.3253791173,0.0021092875
48.8270384561,2.3253791173,0.0027576473
48.8319323467,2.3253791173,0.0033111603
48.8368262373,2.3253791173,0.004039709
48.8417201279,2.3253791173,0.0039451285
48.8466140185,2.3253791173,0.0036138548
48.8515079091,2.3253791173,0.002374566
48.8564017997,2.3253791173,0.0017300744
48.8612956903,2.3253791173,0.0016723068
48.8661895809,2.3253791173,0.0012458368
48.8710834715,2.3253791173,0.0012626823
48.8759773621,2.3253791173,0.0014375579
48.8808712527,2.3253791173,0.0012795839
48.8857651433,2.3253791173,0.00075242633
48.8906590339,2.3253791173,0.00031209024
48.8955529245,2.3253791173,0.0002890379
48.9004468151,2.3253791173,0.00038794265
48.9053407057,2.3253791173,0.000266162
48.9102345963,2.3253791173,0.0001799755
48.9151284869,2.3253791173,0.0001458857
48.9200223775,2.3253791173,0.00011707018
48.9249162681,2.3253791173,9.997098e-05
48.9298101587,2.3253791173,8.090599e-05
48.9347040493,2.3253791173,7.2032686e-05
48.9395979399,2.3253791173,6.58523e-05
48.9444918305,2.3253791173,6.303896e-05
48.9493857211,2.3253791173,4.787944e-05
48.9542796117,2.3253791173,3.9313305e-05
48.9591735023,2.3253791173,3.9313305e-05
48.9640673929,2.3253791173,3.9313305e-05
48.9689612835,2.3253791173,3.9313305e-05
48.9738551741,2.3253791173,3.9313305e-05
48.9787490647,2.3253791173,3.9313305e-05
48.7389484253,2.3302730079,0.00016582826
48.7438423159,2.3302730079,0.00016582826
48.7487362065,2.3302730079,0.00016582826
48.7536300971,2.3302730079,0.00016582826
48.7585239877,2.3302730079,0.00016582826
48.7634178783,2.3302730079,0.00016582826
48.7683117689,2.3302730079,0.000178663
48.7732056595,2.3302730079,0.00022246697
48.7780995501,2.3302730079,0.00022399187
48.7829934407,2.3302730079,0.00022903521
48.7878873313,2.3302730079,0.00024658968
48.7927812219,2.3302730079,0.00026785606
48.7976751125,2.3302730079,0.0002965147
48.8025690031,2.3302730079,0.00041278978
48.8074628937,2.3302730079,0.00063994323
48.8123567843,2.3302730079,0.0009475817
48.8172506749,2.3302730079,0.0015411319
48.8221445655,2.3302730079,0.002144735
48.8270384561,2.3302730079,0.002789131
48.8319323467,2.3302730079,0.0033426438
48.8368262373,2.3302730079,0.004071193
48.8417201279,2.3302730079,0.003958681
48.8466140185,2.3302730079,0.0036274076
48.8515079091,2.3302730079,0.00240482
48.8564017997,2.3302730079,0.0017603288
48.8612956903,2.3302730079,0.001702561
48.8661895809,2.3302730079,0.0012760911
48.8710834715,2.3302730079,0.0012885148
48.8759773621,2.3302730079,0.0014633904
48.8808712527,2.3302730079,0.001294554
48.8857651433,2.3302730079,0.000771726
48.8906590339,2.3302730079,0.00033563725
48.8955529245,2.3302730079,0.00030798442
48.9004468151,2.3302730079,0.00039739063
48.9053407057,2.3302730079,0.00027611008
48.9102345963,2.3302730079,0.00018992356
48.9151284869,2.3302730079,0.00015583377
48.9200223775,2.3302730079,0.00012701824
48.9249162681,2.3302730079,0.00010991902
48.9298101587,2.3302730079,9.085403e-05
48.9347040493,2.3302730079,8.1980754e-05
48.9395979399,2.3302730079,7.5300275e-05
48.9444918305,2.3302730079,7.248694e-05
48.9493857211,2.3302730079,5.7327412e-05
48.9542796117,2.3302730079,4.8761285e-05
48.9591735023,2.3302730079,4.8761285e-05
48.9640673929,2.3302730079,4.8761285e-05
48.9689612835,2.3302730079,4.8761285e-05
48.9738551741,2.3302730079,4.8761285e-05
48.9787490647,2.3302730079,4.8761285e-05
48.7389484253,2.3351668985000003,0.00017175732
48.7438423159,2.3351668985000003,0.00017175732
48.7487362065,2.3351668985000003,0.00017175732
48.7536300971,2.3351668985000003,0.00017175732
48.7585239877,2.3351668985000003,0.00017175732
48.7634178783,2.3351668985000003,0.00017175732
48.7683117689,2.3351668985000003,0.00018459206
48.7732056595,2.3351668985000003,0.00022839603
48.7780995501,2.3351668985000003,0.00022992096
48.7829934407,2.3351668985000003,0.0002349643
48.7878873313,2.3351668985000003,0.00025251863
48.7927812219,2.3351668985000003,0.00027378506
48.7976751125,2.3351668985000003,0.00030244378
48.8025690031,2.3351668985000003,0.00041871885
48.8074628937,2.3351668985000003,0.0007261726
48.8123567843,2.3351668985000003,0.0011096965
48.8172506749,2.3351668985000003,0.0015779344
48.8221445655,2.3351668985000003,0.0021566392
48.8270384561,2.3351668985000003,0.0028010353
48.8319323467,2.3351668985000003,0.0033228593
48.8368262373,2.3351668985000003,0.0038624431
48.8417201279,2.3351668985000003,0.0036347304
48.8466140185,2.3351668985000003,0.0033575108
48.8515079091,2.3351668985000003,0.002398469
48.8564017997,2.3351668985000003,0.0017539783
48.8612956903,2.3351668985000003,0.0016962108
48.8661895809,2.3351668985000003,0.0012697409
48.8710834715,2.3351668985000003,0.0012158649
48.8759773621,2.3351668985000003,0.001353506
48.8808712527,2.3351668985000003,0.0011846693
48.8857651433,2.3351668985000003,0.00066184124
48.8906590339,2.3351668985000003,0.00022575256
48.8955529245,2.3351668985000003,0.0002787402
48.9004468151,2.3351668985000003,0.00039673565
48.9053407057,2.3351668985000003,0.00029409825
48.9102345963,2.3351668985000003,0.00020791175
48.9151284869,2.3351668985000003,0.0001738219
48.9200223775,2.3351668985000003,0.00014500643
48.9249162681,2.3351668985000003,0.00012790717
48.9298101587,2.3351668985000003,0.00010487968
48.9347040493,2.3351668985000003,9.6006355e-05
48.9395979399,2.3351668985000003,8.932586e-05
48.9444918305,2.3351668985000003,8.6512555e-05
48.9493857211,2.3351668985000003,7.135301e-05
48.9542796117,2.3351668985000003,6.278688e-05
48.9591735023,2.3351668985000003,6.278688e-05
48.9640673929,2.3351668985000003,6.278688e-05
48.9689612835,2.3351668985000003,6.278688e-05
48.9738551741,2.3351668985000003,6.278688e-05
48.9787490647,2.3351668985000003,6.278688e-05
48.7389484253,2.3400607891000003,6.202168e-05
48.7438423159,2.3400607891000003,6.202168e-05
48.7487362065,2.3400607891000003,6.202168e-05
48.7536300971,2.3400607891000003,6.202168e-05
48.7585239877,2.3400607891000003,6.202168e-05
48.7634178783,2.3400607891000003,6.202168e-05
48.7683117689,2.3400607891000003,7.485644e-05
48.7732056595,2.3400607891000003,0.00010603874
48.7780995501,2.3400607891000003,0.00010756365
48.7829934407,2.3400607891000003,0.000112606984
48.7878873313,2.3400607891000003,0.00013016151
48.7927812219,2.3400607891000003,0.00015142791
48.7976751125,2.3400607891000003,0.00018008672
48.8025690031,2.3400607891000003,0.0002963617
48.8074628937,2.3400607891000003,0.0006287927
48.8123567843,2.3400607891000003,0.00093400106
48.8172506749,2.3400607891000003,0.0014094891
48.8221445655,2.3400607891000003,0.0017920814
48.8270384561,2.3400607891000003,0.0022778471
48.8319323467,2.3400607891000003,0.0027996702
48.8368262373,2.3400607891000003,0.0029485386
48.8417201279,2.3400607891000003,0.0027280047
48.8466140185,2.3400607891000003,0.0024507851
48.8515079091,2.3400607891000003,0.0019151682
48.8564017997,2.3400607891000003,0.0015118864
48.8612956903,2.3400607891000003,0.001478716
48.8661895809,2.3400607891000003,0.0011905961
48.8710834715,2.3400607891000003,0.0011367202
48.8759773621,2.3400607891000003,0.0012176335
48.8808712527,2.3400607891000003,0.0010487963
48.8857651433,2.3400607891000003,0.0005300946
48.8906590339,2.3400607891000003,5.4470718e-05
48.8955529245,2.3400607891000003,0.00010745825
48.9004468151,2.3400607891000003,0.0002563566
48.9053407057,2.3400607891000003,0.00021374518
48.9102345963,2.3400607891000003,0.00018560131
48.9151284869,2.3400607891000003,0.00015151154
48.9200223775,2.3400607891000003,0.00012269593
48.9249162681,2.3400607891000003,9.90028e-05
48.9298101587,2.3400607891000003,7.5975295e-05
48.9347040493,2.3400607891000003,6.7102e-05
48.9395979399,2.3400607891000003,6.0421495e-05
48.9444918305,2.3400607891000003,5.7608162e-05
48.9493857211,2.3400607891000003,4.244864e-05
48.9542796117,2.3400607891000003,3.3882505e-05
48.9591735023,2.3400607891000003,3.3882505e-05
48.9640673929,2.3400607891000003,3.3882505e-05
48.9689612835,2.3400607891000003,3.3882505e-05
48.9738551741,2.3400607891000003,3.3882505e-05
48.9787490647,2.3400607891000003,3.3882505e-05
48.7389484253,2.3449546797000003,1.9965446e-05
48.7438423159,2.3449546797000003,1.9965446e-05
48.7487362065,2.3449546797000003,1.9965446e-05
48.7536300971,2.3449546797000003,1.9965446e-05
48.7585239877,2.3449546797000003,1.9965446e-05
48.7634178783,2.3449546797000003,1.9965446e-05
48.7683117689,2.3449546797000003,3.2800213e-05
48.7732056595,2.3449546797000003,6.398247e-05
48.7780995501,2.3449546797000003,6.550738e-05
48.7829934407,2.3449546797000003,7.055073e-05
48.7878873313,2.3449546797000003,8.810516e-05
48.7927812219,2.3449546797000003,0.00010937159
48.7976751125,2.3449546797000003,0.00013803045
48.8025690031,2.3449546797000003,0.00025430543
48.8074628937,2.3449546797000003,0.00058673637
48.8123567843,2.3449546797000003,0.0008787863
48.8172506749,2.3449546797000003,0.0011325484
48.8221445655,2.3449546797000003,0.0012609491
48.8270384561,2.3449546797000003,0.0017467162
48.8319323467,2.3449546797000003,0.0022685386
48.8368262373,2.3449546797000003,0.0024608104
48.8417201279,2.3449546797000003,0.0022317984
48.8466140185,2.3449546797000003,0.002056847
48.8515079091,2.3449546797000003,0.0015358725
48.8564017997,2.3449546797000003,0.0012123439
48.8612956903,2.3449546797000003,0.0011791738
48.8661895809,2.3449546797000003,0.00086666964
48.8710834715,2.3449546797000003,0.00077863515
48.8759773621,2.3449546797000003,0.0008595485
48.8808712527,2.3449546797000003,0.00069071166
48.8857651433,2.3449546797000003,0.00022401607
48.8906590339,2.3449546797000003,-0.00020763262
48.8955529245,2.3449546797000003,-0.00014069633
48.9004468151,2.3449546797000003,0.00014397802
48.9053407057,2.3449546797000003,0.00016333202
48.9102345963,2.3449546797000003,0.00013907705
48.9151284869,2.3449546797000003,9.623858e-05
48.9200223775,2.3449546797000003,6.742304e-05
48.9249162681,2.3449546797000003,4.3729913e-05
48.9298101587,2.3449546797000003,2.0702442e-05
48.9347040493,2.3449546797000003,7.736274e-06
48.9395979399,2.3449546797000003,1.0558042e-06
48.9444918305,2.3449546797000003,-3.3203662e-06
48.9493857211,2.3449546797000003,-1.8479905e-05
48.9542796117,2.3449546797000003,-2.704603e-05
48.9591735023,2.3449546797000003,-2.704603e-05
48.9640673929,2.3449546797000003,-2.704603e-05
48.9689612835,2.3449546797000003,-2.704603e-05
48.9738551741,2.3449546797000003,-2.704603e-05
48.9787490647,2.3449546797000003,-2.704603e-05
48.7389484253,2.3498485703,2.1675629e-05
48.7438423159,2.3498485703,2.1675629e-05
48.7487362065,2.3498485703,2.1675629e-05
48.7536300971,2.3498485703,2.1675629e-05
48.7585239877,2.3498485703,2.1675629e-05
48.7634178783,2.3498485703,2.1675629e-05
48.7683117689,2.3498485703,3.451039e-05
48.7732056595,2.3498485703,6.5692664e-05
48.7780995501,2.3498485703,6.721757e-05
48.7829934407,2.3498485703,7.226091e-05
48.7878873313,2.3498485703,8.9815316e-05
48.7927812219,2.3498485703,0.000111081776
48.7976751125,2.3498485703,0.00013974066
48.8025690031,2.3498485703,0.00025601566
48.8074628937,2.3498485703,0.00057179003
48.8123567843,2.3498485703,0.00086384
48.8172506749,2.3498485703,0.0010570962
48.8221445655,2.3498485703,0.0011854967
48.8270384561,2.3498485703,0.0016734082
48.8319323467,2.3498485703,0.0022045549
48.8368262373,2.3498485703,0.0023968269
48.8417201279,2.3498485703,0.0022178702
48.8466140185,2.3498485703,0.002042919
48.8515079091,2.3498485703,0.0016337042
48.8564017997,2.3498485703,0.0013252344
48.8612956903,2.3498485703,0.0013447041
48.8661895809,2.3498485703,0.0010322009
48.8710834715,2.3498485703,0.0009441661
48.8759773621,2.3498485703,0.001049616
48.8808712527,2.3498485703,0.00083798857
48.8857651433,2.3498485703,0.00044114582
48.8906590339,2.3498485703,-6.833619e-06
48.8955529245,2.3498485703,-1.226943e-05
48.9004468151,2.3498485703,0.00022305382
48.9053407057,2.3498485703,0.00014917707
48.9102345963,2.3498485703,0.00014098173
48.9151284869,2.3498485703,9.814327e-05
48.9200223775,2.3498485703,7.190522e-05
48.9249162681,2.3498485703,4.8212052e-05
48.9298101587,2.3498485703,2.518461e-05
48.9347040493,2.3498485703,1.2218465e-05
48.9395979399,2.3498485703,2.688409e-06
48.9444918305,2.3498485703,-4.8733496e-06
48.9493857211,2.3498485703,-2.0032883e-05
48.9542796117,2.3498485703,-2.8599006e-05
48.9591735023,2.3498485703,-2.8599006e-05
48.9640673929,2.3498485703,-2.8599006e-05
48.9689612835,2.3498485703,-2.8599006e-05
48.9738551741,2.3498485703,-2.8599006e-05
48.9787490647,2.3498485703,-2.8599006e-05
48.7389484253,2.3547424609,-3.0614527e-05
48.7438423159,2.3547424609,-3.0614527e-05
48.7487362065,2.3547424609,-3.0614527e-05
48.7536300971,2.3547424609,-3.0614527e-05
48.7585239877,2.3547424609,-3.0614527e-05
48.7634178783,2.3547424609,-3.0614527e-05
48.7683117689,2.3547424609,-1.777976e-05
48.7732056595,2.3547424609,1.3402528e-05
48.7780995501,2.3547424609,1.4927433e-05
48.7829934407,2.3547424609,1.99708e-05
48.7878873313,2.3547424609,3.75252e-05
48.7927812219,2.3547424609,5.8791607e-05
48.7976751125,2.3547424609,8.74504e-05
48.8025690031,2.3547424609,0.00020372546
48.8074628937,2.3547424609,0.0004938057
48.8123567843,2.3547424609,0.0007529736
48.8172506749,2.3547424609,0.00080298755
48.8221445655,2.3547424609,0.0008513545
48.8270384561,2.3547424609,0.0013263539
48.8319323467,2.3547424609,0.0018194176
48.8368262373,2.3547424609,0.0020112
48.8417201279,2.3547424609,0.0018322433
48.8466140185,2.3547424609,0.0016572919
48.8515079091,2.3547424609,0.0012564093
48.8564017997,2.3547424609,0.0009479392
48.8612956903,2.3547424609,0.00096740894
48.8661895809,2.3547424609,0.00071279367
48.8710834715,2.3547424609,0.00072585605
48.8759773621,2.3547424609,0.0009739751
48.8808712527,2.3547424609,0.00076234894
48.8857651433,2.3547424609,0.00038313578
48.8906590339,2.3547424609,-3.8834278e-05
48.8955529245,2.3547424609,-0.00013329994
48.9004468151,2.3547424609,0.00014017553
48.9053407057,2.3547424609,0.00016567373
48.9102345963,2.3547424609,0.00015747832
48.9151284869,2.3547424609,0.00011463989
48.9200223775,2.3547424609,8.840191e-05
48.9249162681,2.3547424609,6.470874e-05
48.9298101587,2.3547424609,4.1681295e-05
48.9347040493,2.3547424609,2.871516e-05
48.9395979399,2.3547424609,1.9185109e-05
48.9444918305,2.3547424609,1.1623333e-05
48.9493857211,2.3547424609,1.3564333e-05
48.9542796117,2.3547424609,4.9982023e-06
48.9591735023,2.3547424609,4.9982023e-06
48.9640673929,2.3547424609,4.9982023e-06
48.9689612835,2.3547424609,4.9982023e-06
48.9738551741,2.3547424609,4.9982023e-06
48.9787490647,2.3547424609,4.9982023e-06
48.7389484253,2.3596363515,-1.7797563e-05
48.7438423159,2.3596363515,-1.7797563e-05
48.7487362065,2.3596363515,-1.7797563e-05
48.7536300971,2.3596363515,-1.7797563e-05
48.7585239877,2.3596363515,-1.7797563e-05
48.7634178783,2.3596363515,-1.7797563e-05
48.7683117689,2.3596363515,-4.9627934e-06
48.7732056595,2.3596363515,2.6219504e-05
48.7780995501,2.3596363515,2.7744414e-05
48.7829934407,2.3596363515,3.278778e-05
48.7878873313,2.3596363515,5.0342154e-05
48.7927812219,2.3596363515,7.160859e-05
48.7976751125,2.3596363515,0.00010026742
48.8025690031,2.3596363515,0.00021654242
48.8074628937,2.3596363515,0.0005066225
48.8123567843,2.3596363515,0.0007657907
48.8172506749,2.3596363515,0.0008452365
48.8221445655,2.3596363515,0.0009376815
48.8270384561,2.3596363515,0.0014999065
48.8319323467,2.3596363515,0.0019929695
48.8368262373,2.3596363515,0.0021847524
48.8417201279,2.3596363515,0.0020393135
48.8466140185,2.3596363515,0.0018643624
48.8515079091,2.3596363515,0.0014005303
48.8564017997,2.3596363515,0.000988725
48.8612956903,2.3596363515,0.0010049802
48.8661895809,2.3596363515,0.0007503645
48.8710834715,2.3596363515,0.0007479277
48.8759773621,2.3596363515,0.0009960464
48.8808712527,2.3596363515,0.0007878242
48.8857651433,2.3596363515,0.00037824168
48.8906590339,2.3596363515,-4.3728323e-05
48.8955529245,2.3596363515,-0.00013819402
48.9004468151,2.3596363515,0.00013528144
48.9053407057,2.3596363515,0.0001541857
48.9102345963,2.3596363515,0.00014599036
48.9151284869,2.3596363515,0.00010315186
48.9200223775,2.3596363515,7.69139e-05
48.9249162681,2.3596363515,5.9814673e-05
48.9298101587,2.3596363515,3.678718e-05
48.9347040493,2.3596363515,2.382108e-05
48.9395979399,2.3596363515,1.4291041e-05
48.9444918305,2.3596363515,6.7292835e-06
48.9493857211,2.3596363515,8.670276e-06
48.9542796117,2.3596363515,1.04138536e-07
48.9591735023,2.3596363515,1.04138536e-07
48.9640673929,2.3596363515,1.04138536e-07
48.9689612835,2.3596363515,1.04138536e-07
48.9738551741,2.3596363515,1.04138536e-07
48.9787490647,2.3596363515,1.04138536e-07
48.7389484253,2.3645302421,-1.0655869e-05
48.7438423159,2.3645302421,-1.0655869e-05
48.7487362065,2.3645302421,-1.0655869e-05
48.7536300971,2.3645302421,-1.0655869e-05
48.7585239877,2.3645302421,-1.0655869e-05
48.7634178783,2.3645302421,-1.0655869e-05
48.7683117689,2.3645302421,1.2791666e-05
48.7732056595,2.3645302421,4.3973978e-05
48.7780995501,2.3645302421,4.549888e-05
48.7829934407,2.3645302421,5.0542232e-05
48.7878873313,2.3645302421,6.80966e-05
48.7927812219,2.3645302421,8.936305e-05
48.7976751125,2.3645302421,0.00011802185
48.8025690031,2.3645302421,0.00023429685
48.8074628937,2.3645302421,0.0005179073
48.8123567843,2.3645302421,0.0007770755
48.8172506749,2.3645302421,0.00085652125
48.8221445655,2.3645302421,0.0010501347
48.8270384561,2.3645302421,0.0016391616
48.8319323467,2.3645302421,0.0020776517
48.8368262373,2.3645302421,0.0027392139
48.8417201279,2.3645302421,0.0026790083
48.8466140185,2.3645302421,0.002504057
48.8515079091,2.3645302421,0.0013020458
48.8564017997,2.3645302421,0.0007773266
48.8612956903,2.3645302421,0.00063351355
48.8661895809,2.3645302421,0.00028424544
48.8710834715,2.3645302421,0.0003111733
48.8759773621,2.3645302421,0.0006086927
48.8808712527,2.3645302421,0.00047425652
48.8857651433,2.3645302421,0.0002001047
48.8906590339,2.3645302421,-0.00015978463
48.8955529245,2.3645302421,-0.00022430705
48.9004468151,2.3645302421,6.978634e-05
48.9053407057,2.3645302421,9.786512e-05
48.9102345963,2.3645302421,0.000100916164
48.9151284869,2.3645302421,5.8077745e-05
48.9200223775,2.3645302421,3.1839776e-05
48.9249162681,2.3645302421,1.47405835e-05
48.9298101587,2.3645302421,-3.6438355e-06
48.9347040493,2.3645302421,-1.6609973e-05
48.9395979399,2.3645302421,-2.6139998e-05
48.9444918305,2.3645302421,-3.370178e-05
48.9493857211,2.3645302421,-2.2409997e-05
48.9542796117,2.3645302421,-3.0976116e-05
48.9591735023,2.3645302421,-3.0976116e-05
48.9640673929,2.3645302421,-3.0976116e-05
48.9689612835,2.3645302421,-3.0976116e-05
48.9738551741,2.3645302421,-3.0976116e-05
48.9787490647,2.3645302421,-3.0976116e-05
48.7389484253,2.3694241327,-3.3077635e-05
48.7438423159,2.3694241327,-3.3077635e-05
48.7487362065,2.3694241327,-3.3077635e-05
48.7536300971,2.3694241327,-3.3077635e-05
48.7585239877,2.3694241327,-3.3077635e-05
48.7634178783,2.3694241327,-3.3077635e-05
48.7683117689,2.3694241327,-9.630092e-06
48.7732056595,2.3694241327,8.7342205e-06
48.7780995501,2.3694241327,1.02591375e-05
48.7829934407,2.3694241327,1.5302488e-05
48.7878873313,2.3694241327,3.285689e-05
48.7927812219,2.3694241327,5.4123277e-05
48.7976751125,2.3694241327,8.278208e-05
48.8025690031,2.3694241327,0.00018579439
48.8074628937,2.3694241327,0.00041944004
48.8123567843,2.3694241327,0.00066116685
48.8172506749,2.3694241327,0.0007512896
48.8221445655,2.3694241327,0.0010100886
48.8270384561,2.3694241327,0.001601485
48.8319323467,2.3694241327,0.0020438049
48.8368262373,2.3694241327,0.0028049205
48.8417201279,2.3694241327,0.00280783
48.8466140185,2.3694241327,0.002618074
48.8515079091,2.3694241327,0.0013390471
48.8564017997,2.3694241327,0.00070353865
48.8612956903,2.3694241327,0.00048576714
48.8661895809,2.3694241327,3.717466e-05
48.8710834715,2.3694241327,-3.9905546e-05
48.8759773621,2.3694241327,0.00022094998
48.8808712527,2.3694241327,9.147131e-05
48.8857651433,2.3694241327,0.00012541162
48.8906590339,2.3694241327,-0.00025532066
48.8955529245,2.3694241327,-0.0002831789
48.9004468151,2.3694241327,1.3746611e-05
48.9053407057,2.3694241327,6.916702e-05
48.9102345963,2.3694241327,7.605168e-05
48.9151284869,2.3694241327,3.321325e-05
48.9200223775,2.3694241327,6.975296e-06
48.9249162681,2.3694241327,-1.0123899e-05
48.9298101587,2.3694241327,-2.8508326e-05
48.9347040493,2.3694241327,-4.1474457e-05
48.9395979399,2.3694241327,-5.1004485e-05
48.9444918305,2.3694241327,-5.8566256e-05
48.9493857211,2.3694241327,-4.7274472e-05
48.9542796117,2.3694241327,-5.5840595e-05
48.9591735023,2.3694241327,-5.5840595e-05
48.9640673929,2.3694241327,-5.5840595e-05
48.9689612835,2.3694241327,-5.5840595e-05
48.9738551741,2.3694241327,-5.5840595e-05
48.9787490647,2.3694241327,-5.5840595e-05
48.7389484253,2.3743180233,-5.8275153e-05
48.7438423159,2.3743180233,-5.8275153e-05
48.7487362065,2.3743180233,-5.8275153e-05
48.7536300971,2.3743180233,-5.8275153e-05
48.7585239877,2.3743180233,-5.8275153e-05
48.7634178783,2.3743180233,-5.8275153e-05
48.7683117689,2.3743180233,-4.108175e-05
48.7732056595,2.3743180233,-2.271745e-05
48.7780995501,2.3743180233,-2.1192547e-05
48.7829934407,2.3743180233,-1.6149188e-05
48.7878873313,2.3743180233,1.4052221e-06
48.7927812219,2.3743180233,2.2671651e-05
48.7976751125,2.3743180233,5.1330408e-05
48.8025690031,2.3743180233,0.00011762463
48.8074628937,2.3743180233,0.0003220097
48.8123567843,2.3743180233,0.00044864908
48.8172506749,2.3743180233,0.00063866307
48.8221445655,2.3743180233,0.00097523845
48.8270384561,2.3743180233,0.0014408055
48.8319323467,2.3743180233,0.0018475999
48.8368262373,2.3743180233,0.0025687334
48.8417201279,2.3743180233,0.0025615152
48.8466140185,2.3743180233,0.002388256
48.8515079091,2.3743180233,0.0011456143
48.8564017997,2.3743180233,0.000600225
48.8612956903,2.3743180233,0.00038245303
48.8661895809,2.3743180233,-6.613928e-05
48.8710834715,2.3743180233,-6.805924e-05
48.8759773621,2.3743180233,0.00019279639
48.8808712527,2.3743180233,5.0378872e-05
48.8857651433,2.3743180233,0.00011885689
48.8906590339,2.3743180233,-0.00028460816
48.8955529245,2.3743180233,-0.0003124665
48.9004468151,2.3743180233,-4.415538e-06
48.9053407057,2.3743180233,0.000112124435
48.9102345963,2.3743180233,9.757722e-05
48.9151284869,2.3743180233,5.4738768e-05
48.9200223775,2.3743180233,2.8500774e-05
48.9249162681,2.3743180233,1.1401588e-05
48.9298101587,2.3743180233,-6.982788e-06
48.9347040493,2.3743180233,-1.9948922e-05
48.9395979399,2.3743180233,-2.9478968e-05
48.9444918305,2.3743180233,-3.7040736e-05
48.9493857211,2.3743180233,-2.5748963e-05
48.9542796117,2.3743180233,-3.4315082e-05
48.9591735023,2.3743180233,-3.4315082e-05
48.9640673929,2.3743180233,-3.4315082e-05
48.9689612835,2.3743180233,-3.4315082e-05
48.9738551741,2.3743180233,-3.4315082e-05
48.9787490647,2.3743180233,-3.4315082e-05
48.7389484253,2.3792119139,-9.4418065e-05
48.7438423159,2.3792119139,-9.4418065e-05
48.7487362065,2.3792119139,-9.4418065e-05
48.7536300971,2.3792119139,-9.4418065e-05
48.7585239877,2.3792119139,-9.4418065e-05
48.7634178783,2.3792119139,-9.4418065e-05
48.7683117689,2.3792119139,-8.154715e-05
48.7732056595,2.3792119139,-7.632006e-05
48.7780995501,2.3792119139,-7.479515e-05
48.7829934407,2.3792119139,-6.975177e-05
48.7878873313,2.3792119139,-5.799914e-05
48.7927812219,2.3792119139,-3.673272e-05
48.7976751125,2.3792119139,-1.27841095e-05
48.8025690031,2.3792119139,4.4537654e-05
48.8074628937,2.3792119139,0.00019592054
48.8123567843,2.3792119139,0.00028235288
48.8172506749,2.3792119139,0.0005256369
48.8221445655,2.3792119139,0.0008948437
48.8270384561,2.3792119139,0.0013525541
48.8319323467,2.3792119139,0.0017478699
48.8368262373,2.3792119139,0.002469004
48.8417201279,2.3792119139,0.0024617857
48.8466140185,2.3792119139,0.0022885262
48.8515079091,2.3792119139,0.0009957792
48.8564017997,2.3792119139,0.0005230044
48.8612956903,2.3792119139,0.0003052325
48.8661895809,2.3792119139,4.4933176e-06
48.8710834715,2.3792119139,3.4945664e-05
48.8759773621,2.3792119139,0.0002541445
48.8808712527,2.3792119139,0.000111727095
48.8857651433,2.3792119139,0.00022530199
48.8906590339,2.3792119139,-0.00018069068
48.8955529245,2.3792119139,-0.00023225808
48.9004468151,2.3792119139,-8.438073e-05
48.9053407057,2.3792119139,5.9992246e-05
48.9102345963,2.3792119139,4.544513e-05
48.9151284869,2.3792119139,2.6066837e-06
48.9200223775,2.3792119139,-2.2871842e-05
48.9249162681,2.3792119139,-3.9971048e-05
48.9298101587,2.3792119139,-5.8355457e-05
48.9347040493,2.3792119139,-7.132162e-05
48.9395979399,2.3792119139,-8.0851656e-05
48.9444918305,2.3792119139,-8.685057e-05
48.9493857211,2.3792119139,-7.5558804e-05
48.9542796117,2.3792119139,-8.412492e-05
48.9591735023,2.3792119139,-8.412492e-05
48.9640673929,2.3792119139,-8.412492e-05
48.9689612835,2.3792119139,-8.412492e-05
48.9738551741,2.3792119139,-8.412492e-05
48.9787490647,2.3792119139,-8.412492e-05
48.7389484253,2.3841058045,-0.00010593305
48.7438423159,2.3841058045,-0.00010593305
48.7487362065,2.3841058045,-0.00010593305
48.7536300971,2.3841058045,-0.00010593305
48.7585239877,2.3841058045,-0.00010593305
48.7634178783,2.3841058045,-0.00010593305
48.7683117689,2.3841058045,-9.306214e-05
48.7732056595,2.3841058045,-8.783507e-05
48.7780995501,2.3841058045,-8.631015e-05
48.7829934407,2.3841058045,-8.126678e-05
48.7878873313,2.3841058045,-6.951412e-05
48.7927812219,2.3841058045,-4.8247737e-05
48.7976751125,2.3841058045,-2.4299105e-05
48.8025690031,2.3841058045,2.8234615e-05
48.8074628937,2.3841058045,0.00017961742
48.8123567843,2.3841058045,0.00027083798
48.8172506749,2.3841058045,0.00033317253
48.8221445655,2.3841058045,0.0006544189
48.8270384561,2.3841058045,0.0013154884
48.8319323467,2.3841058045,0.001742812
48.8368262373,2.3841058045,0.0023288305
48.8417201279,2.3841058045,0.0023192577
48.8466140185,2.3841058045,0.0021395406
48.8515079091,2.3841058045,0.0008331224
48.8564017997,2.3841058045,0.00033525738
48.8612956903,2.3841058045,0.000106023836
48.8661895809,2.3841058045,-0.00019471557
48.8710834715,2.3841058045,-0.00015907684
48.8759773621,2.3841058045,2.7143877e-05
48.8808712527,2.3841058045,-0.0001404936
48.8857651433,2.3841058045,-7.10932e-05
48.8906590339,2.3841058045,-8.005743e-05
48.8955529245,2.3841058045,-9.821952e-05
48.9004468151,2.3841058045,6.59153e-05
48.9053407057,2.3841058045,7.350219e-05
48.9102345963,2.3841058045,5.895505e-05
48.9151284869,2.3841058045,2.2078839e-05
48.9200223775,2.3841058045,-6.2966215e-06
48.9249162681,2.3841058045,-2.3395834e-05
48.9298101587,2.3841058045,-4.1780237e-05
48.9347040493,2.3841058045,-5.474637e-05
48.9395979399,2.3841058045,-6.142687e-05
48.9444918305,2.3841058045,-6.4240216e-05
48.9493857211,2.3841058045,-5.2948424e-05
48.9542796117,2.3841058045,-6.151456e-05
48.9591735023,2.3841058045,-6.151456e-05
48.9640673929,2.3841058045,-6.151456e-05
48.9689612835,2.3841058045,-6.151456e-05
48.9738551741,2.3841058045,-6.151456e-05
48.9787490647,2.3841058045,-6.151456e-05
48.7389484253,2.3889996951,-0.0001058145
48.7438423159,2.3889996951,-0.0001058145
48.7487362065,2.3889996951,-0.0001058145
48.7536300971,2.3889996951,-0.0001058145
48.7585239877,2.3889996951,-0.0001058145
48.7634178783,2.3889996951,-0.0001058145
48.7683117689,2.3889996951,-9.2943585e-05
48.7732056595,2.3889996951,-8.7716515e-05
48.7780995501,2.3889996951,-8.619162e-05
48.7829934407,2.3889996951,-8.114823e-05
48.7878873313,2.3889996951,-7.2015355e-05
48.7927812219,2.3889996951,-5.074895e-05
48.7976751125,2.3889996951,-2.6800331e-05
48.8025690031,2.3889996951,2.5733389e-05
48.8074628937,2.3889996951,0.00017711618
48.8123567843,2.3889996951,0.00024467148
48.8172506749,2.3889996951,0.00022337852
48.8221445655,2.3889996951,0.000495038
48.8270384561,2.3889996951,0.001256687
48.8319323467,2.3889996951,0.0016016639
48.8368262373,2.3889996951,0.0018714487
48.8417201279,2.3889996951,0.0018761029
48.8466140185,2.3889996951,0.0016991589
48.8515079091,2.3889996951,0.0006154414
48.8564017997,2.3889996951,0.00018601339
48.8612956903,2.3889996951,-0.00023585616
48.8661895809,2.3889996951,-0.00046669925
48.8710834715,2.3889996951,-0.0004151456
48.8759773621,2.3889996951,-0.00022892481
48.8808712527,2.3889996951,-0.00035266657
48.8857651433,2.3889996951,-0.0004274943
48.8906590339,2.3889996951,-9.763144e-05
48.8955529245,2.3889996951,-0.00011579359
48.9004468151,2.3889996951,5.7826946e-05
48.9053407057,2.3889996951,3.527118e-05
48.9102345963,2.3889996951,2.0724001e-05
48.9151284869,2.3889996951,-1.6152197e-05
48.9200223775,2.3889996951,-4.452769e-05
48.9249162681,2.3889996951,-6.162688e-05
48.9298101587,2.3889996951,-8.0011305e-05
48.9347040493,2.3889996951,-8.8884626e-05
48.9395979399,2.3889996951,-9.280622e-05
48.9444918305,2.3889996951,-9.561957e-05
48.9493857211,2.3889996951,-8.432777e-05
48.9542796117,2.3889996951,-9.28939e-05
48.9591735023,2.3889996951,-9.28939e-05
48.9640673929,2.3889996951,-9.28939e-05
48.9689612835,2.3889996951,-9.28939e-05
48.9738551741,2.3889996951,-9.28939e-05
48.9787490647,2.3889996951,-9.28939e-05
48.7389484253,2.3938935857,-0.00012527405
48.7438423159,2.3938935857,-0.00012527405
48.7487362065,2.3938935857,-0.00012527405
48.7536300971,2.3938935857,-0.00012527405
48.7585239877,2.3938935857,-0.00012527405
48.7634178783,2.3938935857,-0.00012527405
48.7683117689,2.3938935857,-0.00011240314
48.7732056595,2.3938935857,-0.00010717606
48.7780995501,2.3938935857,-0.00010565114
48.7829934407,2.3938935857,-0.00010060778
48.7878873313,2.3938935857,-9.147489e-05
48.7927812219,2.3938935857,-7.333526e-05
48.7976751125,2.3938935857,-4.9386654e-05
48.8025690031,2.3938935857,3.1470527e-06
48.8074628937,2.3938935857,6.3987914e-05
48.8123567843,2.3938935857,0.0001029916
48.8172506749,2.3938935857,8.5443644e-05
48.8221445655,2.3938935857,0.00045684807
48.8270384561,2.3938935857,0.0010533686
48.8319323467,2.3938935857,0.00133231
48.8368262373,2.3938935857,0.0012419801
48.8417201279,2.3938935857,0.0012466342
48.8466140185,2.3938935857,0.0010696907
48.8515079091,2.3938935857,0.0004342607
48.8564017997,2.3938935857,7.434296e-05
48.8612956903,2.3938935857,-0.00018443866
48.8661895809,2.3938935857,-0.00039838214
48.8710834715,2.3938935857,-0.00034682843
48.8759773621,2.3938935857,-0.00015622162
48.8808712527,2.3938935857,-0.00024137173
48.8857651433,2.3938935857,-0.00043508364
48.8906590339,2.3938935857,-9.6961136e-05
48.8955529245,2.3938935857,-0.00011512326
48.9004468151,2.3938935857,9.266031e-05
48.9053407057,2.3938935857,6.539932e-05
48.9102345963,2.3938935857,5.0852137e-05
48.9151284869,2.3938935857,9.584094e-06
48.9200223775,2.3938935857,-1.8791416e-05
48.9249162681,2.3938935857,-3.5890615e-05
48.9298101587,2.3938935857,-4.974414e-05
48.9347040493,2.3938935857,-5.8617472e-05
48.9395979399,2.3938935857,-5.8617472e-05
48.9444918305,2.3938935857,-6.14308e-05
48.9493857211,2.3938935857,-5.0139028e-05
48.9542796117,2.3938935857,-5.870516e-05
48.9591735023,2.3938935857,-5.870516e-05
48.9640673929,2.3938935857,-5.870516e-05
48.9689612835,2.3938935857,-5.870516e-05
48.9738551741,2.3938935857,-5.870516e-05
48.9787490647,2.3938935857,-5.870516e-05
48.7389484253,2.3987874763,-0.00010149564
48.7438423159,2.3987874763,-0.00010149564
48.7487362065,2.3987874763,-0.00010149564
48.7536300971,2.3987874763,-0.00010149564
48.7585239877,2.3987874763,-0.00010149564
48.7634178783,2.3987874763,-0.00010149564
48.7683117689,2.3987874763,-9.784444e-05
48.7732056595,2.3987874763,-9.261735e-05
48.7780995501,2.3987874763,-9.109244e-05
48.7829934407,2.3987874763,-8.6049076e-05
48.7878873313,2.3987874763,-7.6916214e-05
48.7927812219,2.3987874763,-5.8776597e-05
48.7976751125,2.3987874763,-3.4827986e-05
48.8025690031,2.3987874763,1.7705715e-05
48.8074628937,2.3987874763,7.010587e-05
48.8123567843,2.3987874763,7.057434e-05
48.8172506749,2.3987874763,5.3026462e-05
48.8221445655,2.3987874763,0.00034020946
48.8270384561,2.3987874763,0.0009367301
48.8319323467,2.3987874763,0.0009768227
48.8368262373,2.3987874763,0.000886493
48.8417201279,2.3987874763,0.0008911475
48.8466140185,2.3987874763,0.00084168336
48.8515079091,2.3987874763,0.00021254287
48.8564017997,2.3987874763,2.2132526e-06
48.8612956903,2.3987874763,-0.00025656816
48.8661895809,2.3987874763,-0.000454037
48.8710834715,2.3987874763,-0.0004024833
48.8759773621,2.3987874763,-0.0002667252
48.8808712527,2.3987874763,-0.00031937443
48.8857651433,2.3987874763,-0.00041714267
48.8906590339,2.3987874763,-7.4346295e-05
48.8955529245,2.3987874763,-9.360949e-05
48.9004468151,2.3987874763,9.0062575e-05
48.9053407057,2.3987874763,8.727212e-06
48.9102345963,2.3987874763,-2.1174415e-06
48.9151284869,2.3987874763,-2.5891059e-05
48.9200223775,2.3987874763,-4.428288e-05
48.9249162681,2.3987874763,-5.647195e-05
48.9298101587,2.3987874763,-7.032548e-05
48.9347040493,2.3987874763,-7.919881e-05
48.9395979399,2.3987874763,-7.919881e-05
48.9444918305,2.3987874763,-8.2012135e-05
48.9493857211,2.3987874763,-7.072036e-05
48.9542796117,2.3987874763,-7.006679e-05
48.9591735023,2.3987874763,-7.006679e-05
48.9640673929,2.3987874763,-7.006679e-05
48.9689612835,2.3987874763,-7.006679e-05
48.9738551741,2.3987874763,-7.006679e-05
48.9787490647,2.3987874763,-7.006679e-05
48.7389484253,2.4036813669,-8.1463084e-05
48.7438423159,2.4036813669,-8.1463084e-05
48.7487362065,2.4036813669,-8.1463084e-05
48.7536300971,2.4036813669,-8.1463084e-05
48.7585239877,2.4036813669,-8.1463084e-05
48.7634178783,2.4036813669,-8.1463084e-05
48.7683117689,2.4036813669,-7.781189e-05
48.7732056595,2.4036813669,-7.258483e-05
48.7780995501,2.4036813669,-7.105992e-05
48.7829934407,2.4036813669,-6.601657e-05
48.7878873313,2.4036813669,-5.6883684e-05
48.7927812219,2.4036813669,-3.8744067e-05
48.7976751125,2.4036813669,-1.4795446e-05
48.8025690031,2.4036813669,3.7738224e-05
48.8074628937,2.4036813669,9.0138485e-05
48.8123567843,2.4036813669,9.060693e-05
48.8172506749,2.4036813669,7.305894e-05
48.8221445655,2.4036813669,0.0002784146
48.8270384561,2.4036813669,0.0008430673
48.8319323467,2.4036813669,0.00091352436
48.8368262373,2.4036813669,0.00086184393
48.8417201279,2.4036813669,0.00086649845
48.8466140185,2.4036813669,0.0008170343
48.8515079091,2.4036813669,0.00023973378
48.8564017997,2.4036813669,3.1041327e-05
48.8612956903,2.4036813669,-0.0002277405
48.8661895809,2.4036813669,-0.00036141564
48.8710834715,2.4036813669,-0.0002848292
48.8759773621,2.4036813669,-0.00022836737
48.8808712527,2.4036813669,-0.00024072727
48.8857651433,2.4036813669,-0.00026495245
48.8906590339,2.4036813669,-9.035179e-05
48.8955529245,2.4036813669,-3.7962604e-05
48.9004468151,2.4036813669,0.000117193165
48.9053407057,2.4036813669,-6.219335e-05
48.9102345963,2.4036813669,-3.4585024e-05
48.9151284869,2.4036813669,-2.4143734e-05
48.9200223775,2.4036813669,-3.534908e-05
48.9249162681,2.4036813669,-4.753815e-05
48.9298101587,2.4036813669,-6.139168e-05
48.9347040493,2.4036813669,-6.445689e-05
48.9395979399,2.4036813669,-6.445689e-05
48.9444918305,2.4036813669,-6.727023e-05
48.9493857211,2.4036813669,-5.597842e-05
48.9542796117,2.4036813669,-5.532485e-05
48.9591735023,2.4036813669,-5.532485e-05
48.9640673929,2.4036813669,-5.532485e-05
48.9689612835,2.4036813669,-5.532485e-05
48.9738551741,2.4036813669,-5.532485e-05
48.9787490647,2.4036813669,-5.532485e-05
48.7389484253,2.4085752575,-8.457352e-05
48.7438423159,2.4085752575,-8.457352e-05
48.7487362065,2.4085752575,-8.457352e-05
48.7536300971,2.4085752575,-8.457352e-05
48.7585239877,2.4085752575,-8.457352e-05
48.7634178783,2.4085752575,-8.457352e-05
48.7683117689,2.4085752575,-8.092232e-05
48.7732056595,2.4085752575,-7.569526e-05
48.7780995501,2.4085752575,-7.417035e-05
48.7829934407,2.4085752575,-6.9127e-05
48.7878873313,2.4085752575,-5.9994127e-05
48.7927812219,2.4085752575,-4.1854495e-05
48.7976751125,2.4085752575,-1.7905877e-05
48.8025690031,2.4085752575,3.4627774e-05
48.8074628937,2.4085752575,8.7028035e-05
48.8123567843,2.4085752575,8.749648e-05
48.8172506749,2.4085752575,3.777585e-05
48.8221445655,2.4085752575,0.00022002884
48.8270384561,2.4085752575,0.0006900012
48.8319323467,2.4085752575,0.00078324176
48.8368262373,2.4085752575,0.00083960244
48.8417201279,2.4085752575,0.00084425695
48.8466140185,2.4085752575,0.0007947928
48.8515079091,2.4085752575,0.00029010404
48.8564017997,2.4085752575,0.00010614079
48.8612956903,2.4085752575,-8.456689e-05
48.8661895809,2.4085752575,-0.00020435921
48.8710834715,2.4085752575,-0.00020713004
48.8759773621,2.4085752575,-0.00021219387
48.8808712527,2.4085752575,-0.00028216498
48.8857651433,2.4085752575,-0.00033378834
48.8906590339,2.4085752575,-0.00019330597
48.8955529245,2.4085752575,-0.00014091693
48.9004468151,2.4085752575,6.2990766e-05
48.9053407057,2.4085752575,-2.2789653e-05
48.9102345963,2.4085752575,4.777793e-06
48.9151284869,2.4085752575,1.4169888e-05
48.9200223775,2.4085752575,2.9645462e-06
48.9249162681,2.4085752575,-2.5260647e-06
48.9298101587,2.4085752575,-1.6379607e-05
48.9347040493,2.4085752575,-1.9444808e-05
48.9395979399,2.4085752575,-1.9444808e-05
48.9444918305,2.4085752575,-2.2258133e-05
48.9493857211,2.4085752575,-1.096635e-05
48.9542796117,2.4085752575,-1.0312776e-05
48.9591735023,2.4085752575,-1.0312776e-05
48.9640673929,2.4085752575,-1.0312776e-05
48.9689612835,2.4085752575,-1.0312776e-05
48.9738551741,2.4085752575,-1.0312776e-05
48.9787490647,2.4085752575,-1.0312776e-05
48.7389484253,2.4134691481,-5.6600613e-05
48.7438423159,2.4134691481,-5.6600613e-05
48.7487362065,2.4134691481,-5.6600613e-05
48.7536300971,2.4134691481,-5.6600613e-05
48.7585239877,2.4134691481,-5.6600613e-05
48.7634178783,2.4134691481,-5.6600613e-05
48.7683117689,2.4134691481,-5.29494e-05
48.7732056595,2.4134691481,-4.7722337e-05
48.7780995501,2.4134691481,-4.6197434e-05
48.7829934407,2.4134691481,-4.1154075e-05
48.7878873313,2.4134691481,-3.202121e-05
48.7927812219,2.4134691481,-1.3881571e-05
48.7976751125,2.4134691481,1.00670395e-05
48.8025690031,2.4134691481,6.26007e-05
48.8074628937,2.4134691481,0.00011500101
48.8123567843,2.4134691481,0.00014214787
48.8172506749,2.4134691481,8.051273e-05
48.8221445655,2.4134691481,0.00013634717
48.8270384561,2.4134691481,0.000539796
48.8319323467,2.4134691481,0.00063303666
48.8368262373,2.4134691481,0.00068939733
48.8417201279,2.4134691481,0.00069405185
48.8466140185,2.4134691481,0.0006445877
48.8515079091,2.4134691481,0.00026660966
48.8564017997,2.4134691481,7.620945e-05
48.8612956903,2.4134691481,-2.494987e-05
48.8661895809,2.4134691481,-6.39287e-05
48.8710834715,2.4134691481,-0.00010210883
48.8759773621,2.4134691481,-0.00010717264
48.8808712527,2.4134691481,-0.00019416519
48.8857651433,2.4134691481,-0.00020951785
48.8906590339,2.4134691481,-0.00019791549
48.8955529245,2.4134691481,-0.00018289656
48.9004468151,2.4134691481,-3.413766e-05
48.9053407057,2.4134691481,-3.3101744e-05
48.9102345963,2.4134691481,1.1111461e-05
48.9151284869,2.4134691481,1.9490617e-05
48.9200223775,2.4134691481,8.2852575e-06
48.9249162681,2.4134691481,2.7946376e-06
48.9298101587,2.4134691481,-1.1058878e-05
48.9347040493,2.4134691481,-1.41240735e-05
48.9395979399,2.4134691481,-1.41240735e-05
48.9444918305,2.4134691481,-1.693741e-05
48.9493857211,2.4134691481,-5.6456215e-06
48.9542796117,2.4134691481,-4.9920504e-06
48.9591735023,2.4134691481,-4.9920504e-06
48.9640673929,2.4134691481,-4.9920504e-06
48.9689612835,2.4134691481,-4.9920504e-06
48.9738551741,2.4134691481,-4.9920504e-06
48.9787490647,2.4134691481,-4.9920504e-06
48.7389484253,2.4183630387,-1.843171e-05
48.7438423159,2.4183630387,-1.843171e-05
48.7487362065,2.4183630387,-1.843171e-05
48.7536300971,2.4183630387,-1.843171e-05
48.7585239877,2.4183630387,-1.843171e-05
48.7634178783,2.4183630387,-1.843171e-05
48.7683117689,2.4183630387,-1.4780492e-05
48.7732056595,2.4183630387,-9.553413e-06
48.7780995501,2.4183630387,-9.797147e-06
48.7829934407,2.4183630387,-4.753786e-06
48.7878873313,2.4183630387,4.379069e-06
48.7927812219,2.4183630387,2.2518703e-05
48.7976751125,2.4183630387,4.646726e-05
48.8025690031,2.4183630387,9.900101e-05
48.8074628937,2.4183630387,0.00016599173
48.8123567843,2.4183630387,0.00019313862
48.8172506749,2.4183630387,0.00012149738
48.8221445655,2.4183630387,9.2325135e-05
48.8270384561,2.4183630387,0.00030896044
48.8319323467,2.4183630387,0.00046256106
48.8368262373,2.4183630387,0.0005442014
48.8417201279,2.4183630387,0.0005488558
48.8466140185,2.4183630387,0.0004848011
48.8515079091,2.4183630387,0.00012771763
48.8564017997,2.4183630387,4.0843963e-05
48.8612956903,2.4183630387,1.5490341e-06
48.8661895809,2.4183630387,1.1746774e-05
48.8710834715,2.4183630387,-7.029305e-05
48.8759773621,2.4183630387,-7.535687e-05
48.8808712527,2.4183630387,-0.0001765974
48.8857651433,2.4183630387,-0.0001470794
48.8906590339,2.4183630387,-9.0553156e-05
48.8955529245,2.4183630387,-8.381085e-05
48.9004468151,2.4183630387,-6.449143e-06
48.9053407057,2.4183630387,-2.114681e-05
48.9102345963,2.4183630387,-3.4828954e-06
48.9151284869,2.4183630387,4.8962606e-06
48.9200223775,2.4183630387,-6.3091006e-06
48.9249162681,2.4183630387,-1.1799698e-05
48.9298101587,2.4183630387,-1.8322851e-05
48.9347040493,2.4183630387,-2.1388045e-05
48.9395979399,2.4183630387,-2.1388045e-05
48.9444918305,2.4183630387,-2.2939861e-05
48.9493857211,2.4183630387,-2.3888882e-05
48.9542796117,2.4183630387,-2.3235305e-05
48.9591735023,2.4183630387,-2.3235305e-05
48.9640673929,2.4183630387,-2.3235305e-05
48.9689612835,2.4183630387,-2.3235305e-05
48.9738551741,2.4183630387,-2.3235305e-05
48.9787490647,2.4183630387,-2.3235305e-05
48.7389484253,2.4232569293,-1.8936931e-05
48.7438423159,2.4232569293,-1.8936931e-05
48.7487362065,2.4232569293,-1.8936931e-05
48.7536300971,2.4232569293,-1.8936931e-05
48.7585239877,2.4232569293,-1.8936931e-05
48.7634178783,2.4232569293,-1.8936931e-05
48.7683117689,2.4232569293,-1.5285721e-05
48.7732056595,2.4232569293,-1.0058638e-05
48.7780995501,2.4232569293,-1.0302368e-05
48.7829934407,2.4232569293,-5.259005e-06
48.7878873313,2.4232569293,3.8738485e-06
48.7927812219,2.4232569293,2.2013479e-05
48.7976751125,2.4232569293,4.5962053e-05
48.8025690031,2.4232569293,9.849578e-05
48.8074628937,2.4232569293,0.00016548652
48.8123567843,2.4232569293,0.00021192718
48.8172506749,2.4232569293,7.513035e-05
48.8221445655,2.4232569293,-9.054729e-06
48.8270384561,2.4232569293,0.00014147787
48.8319323467,2.4232569293,0.00030539106
48.8368262373,2.4232569293,0.00028478753
48.8417201279,2.4232569293,0.00028944202
48.8466140185,2.4232569293,0.00023528792
48.8515079091,2.4232569293,3.1207786e-05
48.8564017997,2.4232569293,-5.3220374e-05
48.8612956903,2.4232569293,-7.322206e-05
48.8661895809,2.4232569293,-0.0001056792
48.8710834715,2.4232569293,-0.00017080676
48.8759773621,2.4232569293,-0.00017474561
48.8808712527,2.4232569293,-0.000162976
48.8857651433,2.4232569293,-0.0001470532
48.8906590339,2.4232569293,-9.052699e-05
48.8955529245,2.4232569293,-7.2981056e-05
48.9004468151,2.4232569293,-2.6620597e-05
48.9053407057,2.4232569293,-2.2141565e-05
48.9102345963,2.4232569293,-4.477657e-06
48.9151284869,2.4232569293,3.901501e-06
48.9200223775,2.4232569293,-7.303855e-06
48.9249162681,2.4232569293,-1.2794463e-05
48.9298101587,2.4232569293,-1.9317613e-05
48.9347040493,2.4232569293,-2.238281e-05
48.9395979399,2.4232569293,-2.238281e-05
48.9444918305,2.4232569293,-2.341938e-05
48.9493857211,2.4232569293,-2.4368397e-05
48.9542796117,2.4232569293,-2.3714827e-05
48.9591735023,2.4232569293,-2.3714827e-05
48.9640673929,2.4232569293,-2.3714827e-05
48.9689612835,2.4232569293,-2.3714827e-05
48.9738551741,2.4232569293,-2.3714827e-05
48.9787490647,2.4232569293,-2.3714827e-05
48.7389484253,2.4281508199,-4.9862498e-05
48.7438423159,2.4281508199,-4.9862498e-05
48.7487362065,2.4281508199,-4.9862498e-05
48.7536300971,2.4281508199,-4.9862498e-05
48.7585239877,2.4281508199,-4.9862498e-05
48.7634178783,2.4281508199,-4.9862498e-05
48.7683117689,2.4281508199,-4.6211284e-05
48.7732056595,2.4281508199,-4.098423e-05
48.7780995501,2.4281508199,-4.122796e-05
48.7829934407,2.4281508199,-3.61846e-05
48.7878873313,2.4281508199,-2.7051734e-05
48.7927812219,2.4281508199,-8.9120895e-06
48.7976751125,2.4281508199,1.5036511e-05
48.8025690031,2.4281508199,6.757019e-05
48.8074628937,2.4281508199,0.00024680095
48.8123567843,2.4281508199,0.00029810393
48.8172506749,2.4281508199,0.00016057916
48.8221445655,2.4281508199,7.639404e-05
48.8270384561,2.4281508199,0.00016813714
48.8319323467,2.4281508199,0.0003386328
48.8368262373,2.4281508199,0.00032725788
48.8417201279,2.4281508199,0.0002880919
48.8466140185,2.4281508199,0.0002339378
48.8515079091,2.4281508199,1.0964767e-05
48.8564017997,2.4281508199,-0.00017209475
48.8612956903,2.4281508199,-0.00019209638
48.8661895809,2.4281508199,-0.00020397261
48.8710834715,2.4281508199,-0.0002451494
48.8759773621,2.4281508199,-0.00024908825
48.8808712527,2.4281508199,-0.00023731859
48.8857651433,2.4281508199,-0.00025219296
48.8906590339,2.4281508199,-0.00018571531
48.8955529245,2.4281508199,-0.00016163505
48.9004468151,2.4281508199,-9.216089e-05
48.9053407057,2.4281508199,-4.8356058e-05
48.9102345963,2.4281508199,-3.0692172e-05
48.9151284869,2.4281508199,-2.2313034e-05
48.9200223775,2.4281508199,-3.3518376e-05
48.9249162681,2.4281508199,-3.9009003e-05
48.9298101587,2.4281508199,-4.553215e-05
48.9347040493,2.4281508199,-4.8597343e-05
48.9395979399,2.4281508199,-4.8597343e-05
48.9444918305,2.4281508199,-4.9633913e-05
48.9493857211,2.4281508199,-5.058293e-05
48.9542796117,2.4281508199,-4.9929353e-05
48.9591735023,2.4281508199,-4.9929353e-05
48.9640673929,2.4281508199,-4.9929353e-05
48.9689612835,2.4281508199,-4.9929353e-05
48.9738551741,2.4281508199,-4.9929353e-05
48.9787490647,2.4281508199,-4.9929353e-05
48.7389484253,2.4330447105,-5.0242506e-05
48.7438423159,2.4330447105,-5.0242506e-05
48.7487362065,2.4330447105,-5.0242506e-05
48.7536300971,2.4330447105,-5.0242506e-05
48.7585239877,2.4330447105,-5.0242506e-05
48.7634178783,2.4330447105,-5.0242506e-05
48.7683117689,2.4330447105,-4.6591293e-05
48.7732056595,2.4330447105,-4.136423e-05
48.7780995501,2.4330447105,-4.160796e-05
48.7829934407,2.4330447105,-3.6564597e-05
48.7878873313,2.4330447105,-2.7431735e-05
48.7927812219,2.4330447105,-9.292095e-06
48.7976751125,2.4330447105,1.4656506e-05
48.8025690031,2.4330447105,5.250445e-05
48.8074628937,2.4330447105,0.00023173519
48.8123567843,2.4330447105,0.00026658282
48.8172506749,2.4330447105,0.00012905804
48.8221445655,2.4330447105,4.487294e-05
48.8270384561,2.4330447105,0.00012948504
48.8319323467,2.4330447105,0.00029998051
48.8368262373,2.4330447105,0.0002886057
48.8417201279,2.4330447105,0.00026441665
48.8466140185,2.4330447105,0.00021026259
48.8515079091,2.4330447105,-3.359501e-05
48.8564017997,2.4330447105,-0.00021665455
48.8612956903,2.4330447105,-0.00023665615
48.8661895809,2.4330447105,-0.00023387095
48.8710834715,2.4330447105,-0.00026523185
48.8759773621,2.4330447105,-0.0002691707
48.8808712527,2.4330447105,-0.00025740112
48.8857651433,2.4330447105,-0.00027227544
48.8906590339,2.4330447105,-0.0001961984
48.8955529245,2.4330447105,-0.00017211819
48.9004468151,2.4330447105,-9.7381766e-05
48.9053407057,2.4330447105,-4.5996967e-05
48.9102345963,2.4330447105,-2.8333081e-05
48.9151284869,2.4330447105,-1.9953943e-05
48.9200223775,2.4330447105,-3.1159285e-05
48.9249162681,2.4330447105,-3.664991e-05
48.9298101587,2.4330447105,-4.317305e-05
48.9347040493,2.4330447105,-4.623826e-05
48.9395979399,2.4330447105,-4.623826e-05
48.9444918305,2.4330447105,-4.727483e-05
48.9493857211,2.4330447105,-4.822384e-05
48.9542796117,2.4330447105,-4.757027e-05
48.9591735023,2.4330447105,-4.757027e-05
48.9640673929,2.4330447105,-4.757027e-05
48.9689612835,2.4330447105,-4.757027e-05
48.9738551741,2.4330447105,-4.757027e-05
48.9787490647,2.4330447105,-4.757027e-05
48.7389484253,2.4379386011,-4.535492e-05
48.7438423159,2.4379386011,-4.535492e-05
48.7487362065,2.4379386011,-4.535492e-05
48.7536300971,2.4379386011,-4.535492e-05
48.7585239877,2.4379386011,-4.535492e-05
48.7634178783,2.4379386011,-4.535492e-05
48.7683117689,2.4379386011,-4.170371e-05
48.7732056595,2.4379386011,-3.9576462e-05
48.7780995501,2.4379386011,-3.9820192e-05
48.7829934407,2.4379386011,-3.4776833e-05
48.7878873313,2.4379386011,-2.5643967e-05
48.7927812219,2.4379386011,-7.504329e-06
48.7976751125,2.4379386011,1.6444272e-05
48.8025690031,2.4379386011,4.304531e-05
48.8074628937,2.4379386011,0.00022227604
48.8123567843,2.4379386011,0.00025712364
48.8172506749,2.4379386011,0.00017310574
48.8221445655,2.4379386011,8.861348e-05
48.8270384561,2.4379386011,0.00017322553
48.8319323467,2.4379386011,0.00034372124
48.8368262373,2.4379386011,0.00033234633
48.8417201279,2.4379386011,0.00030951158
48.8466140185,2.4379386011,0.00025535747
48.8515079091,2.4379386011,2.2746695e-05
48.8564017997,2.4379386011,-0.00016031279
48.8612956903,2.4379386011,-0.0001803144
48.8661895809,2.4379386011,-0.00017752919
48.8710834715,2.4379386011,-0.00020889008
48.8759773621,2.4379386011,-0.00021282893
48.8808712527,2.4379386011,-0.00020105932
48.8857651433,2.4379386011,-0.00021593367
48.8906590339,2.4379386011,-0.0001398567
48.8955529245,2.4379386011,-0.00011577649
48.9004468151,2.4379386011,-9.602752e-05
48.9053407057,2.4379386011,-4.4642715e-05
48.9102345963,2.4379386011,-2.6978829e-05
48.9151284869,2.4379386011,-1.859969e-05
48.9200223775,2.4379386011,-2.9805033e-05
48.9249162681,2.4379386011,-3.5295663e-05
48.9298101587,2.4379386011,-4.1818803e-05
48.9347040493,2.4379386011,-4.4884007e-05
48.9395979399,2.4379386011,-4.4884007e-05
48.9444918305,2.4379386011,-4.5920577e-05
48.9493857211,2.4379386011,-4.6869587e-05
48.9542796117,2.4379386011,-4.6216017e-05
48.9591735023,2.4379386011,-4.6216017e-05
48.9640673929,2.4379386011,-4.6216017e-05
48.9689612835,2.4379386011,-4.6216017e-05
48.9738551741,2.4379386011,-4.6216017e-05
48.9787490647,2.4379386011,-4.6216017e-05
48.7389484253,2.4428324917,-4.327993e-05
48.7438423159,2.4428324917,-4.327993e-05
48.7487362065,2.4428324917,-4.327993e-05
48.7536300971,2.4428324917,-4.327993e-05
48.7585239877,2.4428324917,-4.327993e-05
48.7634178783,2.4428324917,-4.327993e-05
48.7683117689,2.4428324917,-3.9628725e-05
48.7732056595,2.4428324917,-3.750147e-05
48.7780995501,2.4428324917,-3.77452e-05
48.7829934407,2.4428324917,-3.270185e-05
48.7878873313,2.4428324917,-2.356898e-05
48.7927812219,2.4428324917,-5.4293423e-06
48.7976751125,2.4428324917,1.0871504e-05
48.8025690031,2.4428324917,2.7234717e-05
48.8074628937,2.4428324917,0.00022032904
48.8123567843,2.4428324917,0.0005547602
48.8172506749,2.4428324917,0.00047074238
48.8221445655,2.4428324917,0.00012220987
48.8270384561,2.4428324917,0.00020682187
48.8319323467,2.4428324917,0.00036428578
48.8368262373,2.4428324917,0.00035291087
48.8417201279,2.4428324917,0.00033007612
48.8466140185,2.4428324917,0.00027592212
48.8515079091,2.4428324917,5.3549124e-05
48.8564017997,2.4428324917,-0.00012951036
48.8612956903,2.4428324917,-0.00014552595
48.8661895809,2.4428324917,-0.0001427407
48.8710834715,2.4428324917,-0.0001741016
48.8759773621,2.4428324917,-0.00017804049
48.8808712527,2.4428324917,-0.00016627084
48.8857651433,2.4428324917,-0.0001720994
48.8906590339,2.4428324917,-0.00013786844
48.8955529245,2.4428324917,-0.00011378822
48.9004468151,2.4428324917,-9.4039235e-05
48.9053407057,2.4428324917,-4.2654443e-05
48.9102345963,2.4428324917,-2.4990579e-05
48.9151284869,2.4428324917,-1.6611422e-05
48.9200223775,2.4428324917,-2.7816764e-05
48.9249162681,2.4428324917,-3.3307388e-05
48.9298101587,2.4428324917,-3.9830535e-05
48.9347040493,2.4428324917,-4.289573e-05
48.9395979399,2.4428324917,-4.289573e-05
48.9444918305,2.4428324917,-4.3932298e-05
48.9493857211,2.4428324917,-4.4881323e-05
48.9542796117,2.4428324917,-4.4227745e-05
48.9591735023,2.4428324917,-4.4227745e-05
48.9640673929,2.4428324917,-4.4227745e-05
48.9689612835,2.4428324917,-4.4227745e-05
48.9738551741,2.4428324917,-4.4227745e-05
48.9787490647,2.4428324917,-4.4227745e-05
48.7389484253,2.4477263823,-3.2139993e-05
48.7438423159,2.4477263823,-3.2139993e-05
48.7487362065,2.4477263823,-3.2139993e-05
48.7536300971,2.4477263823,-3.2139993e-05
48.7585239877,2.4477263823,-3.2139993e-05
48.7634178783,2.4477263823,-3.2139993e-05
48.7683117689,2.4477263823,-2.848879e-05
48.7732056595,2.4477263823,-2.6361537e-05
48.7780995501,2.4477263823,-2.6605267e-05
48.7829934407,2.4477263823,-2.1561907e-05
48.7878873313,2.4477263823,-1.2429039e-05
48.7927812219,2.4477263823,5.710598e-06
48.7976751125,2.4477263823,2.2011445e-05
48.8025690031,2.4477263823,3.8374663e-05
48.8074628937,2.4477263823,0.00023146896
48.8123567843,2.4477263823,0.0006516977
48.8172506749,2.4477263823,0.0005710441
48.8221445655,2.4477263823,0.0001464773
48.8270384561,2.4477263823,0.0002179618
48.8319323467,2.4477263823,0.0003869183
48.8368262373,2.4477263823,0.00032545262
48.8417201279,2.4477263823,0.0003026179
48.8466140185,2.4477263823,0.00023493693
48.8515079091,2.4477263823,1.256405e-05
48.8564017997,2.4477263823,-0.00017049543
48.8612956903,2.4477263823,-0.00018651098
48.8661895809,2.4477263823,-0.00017631323
48.8710834715,2.4477263823,-0.00020767412
48.8759773621,2.4477263823,-0.000211613
48.8808712527,2.4477263823,-0.00019984336
48.8857651433,2.4477263823,-0.00016707378
48.8906590339,2.4477263823,-0.00013284279
48.8955529245,2.4477263823,-0.00010264828
48.9004468151,2.4477263823,-8.289929e-05
48.9053407057,2.4477263823,-3.1514508e-05
48.9102345963,2.4477263823,-1.38506375e-05
48.9151284869,2.4477263823,-5.471481e-06
48.9200223775,2.4477263823,-1.6676822e-05
48.9249162681,2.4477263823,-2.2167449e-05
48.9298101587,2.4477263823,-2.86906e-05
48.9347040493,2.4477263823,-3.1755793e-05
48.9395979399,2.4477263823,-3.1755793e-05
48.9444918305,2.4477263823,-3.2792363e-05
48.9493857211,2.4477263823,-3.3741388e-05
48.9542796117,2.4477263823,-3.308781e-05
48.9591735023,2.4477263823,-3.308781e-05
48.9640673929,2.4477263823,-3.308781e-05
48.9689612835,2.4477263823,-3.308781e-05
48.9738551741,2.4477263823,-3.308781e-05
48.9787490647,2.4477263823,-3.308781e-05
48.7389484253,2.4526202729,-1.6920853e-06
48.7438423159,2.4526202729,-1.6920853e-06
48.7487362065,2.4526202729,-1.6920853e-06
48.7536300971,2.4526202729,-1.6920853e-06
48.7585239877,2.4526202729,-1.6920853e-06
48.7634178783,2.4526202729,-1.6920853e-06
48.7683117689,2.4526202729,1.9591293e-06
48.7732056595,2.4526202729,4.0863792e-06
48.7780995501,2.4526202729,3.8426456e-06
48.7829934407,2.4526202729,8.886008e-06
48.7878873313,2.4526202729,1.8018876e-05
48.7927812219,2.4526202729,3.6158515e-05
48.7976751125,2.4526202729,5.245936e-05
48.8025690031,2.4526202729,6.8822585e-05
48.8074628937,2.4526202729,0.00026785795
48.8123567843,2.4526202729,0.00086920685
48.8172506749,2.4526202729,0.0012665482
48.8221445655,2.4526202729,0.00089626736
48.8270384561,2.4526202729,0.00077562087
48.8319323467,2.4526202729,0.0006365089
48.8368262373,2.4526202729,0.00033148716
48.8417201279,2.4526202729,0.00030865235
48.8466140185,2.4526202729,0.00024097154
48.8515079091,2.4526202729,4.0288418e-05
48.8564017997,2.4526202729,-0.00013707993
48.8612956903,2.4526202729,-0.00017445856
48.8661895809,2.4526202729,-0.00016426081
48.8710834715,2.4526202729,-0.0001956217
48.8759773621,2.4526202729,-0.0002105781
48.8808712527,2.4526202729,-0.00019880846
48.8857651433,2.4526202729,-0.00016603891
48.8906590339,2.4526202729,-0.00012650328
48.8955529245,2.4526202729,-9.630872e-05
48.9004468151,2.4526202729,-6.124074e-05
48.9053407057,2.4526202729,-9.855965e-06
48.9102345963,2.4526202729,7.807918e-06
48.9151284869,2.4526202729,1.618707e-05
48.9200223775,2.4526202729,4.9817195e-06
48.9249162681,2.4526202729,-5.089041e-07
48.9298101587,2.4526202729,-7.032051e-06
48.9347040493,2.4526202729,-1.0097246e-05
48.9395979399,2.4526202729,-1.0097246e-05
48.9444918305,2.4526202729,-1.1133813e-05
48.9493857211,2.4526202729,-1.2082838e-05
48.9542796117,2.4526202729,-1.14292625e-05
48.9591735023,2.4526202729,-1.14292625e-05
48.9640673929,2.4526202729,-1.14292625e-05
48.9689612835,2.4526202729,-1.14292625e-05
48.9738551741,2.4526202729,-1.14292625e-05
48.9787490647,2.4526202729,-1.14292625e-05
48.7389484253,2.4575141635,-1.8476271e-06
48.7438423159,2.4575141635,-1.8476271e-06
48.7487362065,2.4575141635,-1.8476271e-06
48.7536300971,2.4575141635,-1.8476271e-06
48.7585239877,2.4575141635,-1.8476271e-06
48.7634178783,2.4575141635,-1.8476271e-06
48.7683117689,2.4575141635,1.8035876e-06
48.7732056595,2.4575141635,3.9308375e-06
48.7780995501,2.4575141635,3.6871038e-06
48.7829934407,2.4575141635,8.730466e-06
48.7878873313,2.4575141635,1.7863335e-05
48.7927812219,2.4575141635,3.600297e-05
48.7976751125,2.4575141635,5.2303814e-05
48.8025690031,2.4575141635,6.866704e-05
48.8074628937,2.4575141635,0.00026770242
48.8123567843,2.4575141635,0.0008690513
48.8172506749,2.4575141635,0.001441847
48.8221445655,2.4575141635,0.0010654759
48.8270384561,2.4575141635,0.0009462831
48.8319323467,2.4575141635,0.00065658655
48.8368262373,2.4575141635,0.00035156478
48.8417201279,2.4575141635,0.00030865235
48.8466140185,2.4575141635,0.00024097154
48.8515079091,2.4575141635,4.0288418e-05
48.8564017997,2.4575141635,-0.00013707993
48.8612956903,2.4575141635,-0.00017445856
48.8661895809,2.4575141635,-0.00016426081
48.8710834715,2.4575141635,-0.0001956217
48.8759773621,2.4575141635,-0.0002105781
48.8808712527,2.4575141635,-0.00019880846
48.8857651433,2.4575141635,-0.00016603891
48.8906590339,2.4575141635,-0.00012650328
48.8955529245,2.4575141635,-9.630872e-05
48.9004468151,2.4575141635,-6.124074e-05
48.9053407057,2.4575141635,-9.855965e-06
48.9102345963,2.4575141635,7.807918e-06
48.9151284869,2.4575141635,1.618707e-05
48.9200223775,2.4575141635,4.9817195e-06
48.9249162681,2.4575141635,-5.089041e-07
48.9298101587,2.4575141635,-7.032051e-06
48.9347040493,2.4575141635,-1.0097246e-05
48.9395979399,2.4575141635,-1.0097246e-05
48.9444918305,2.4575141635,-1.1133813e-05
48.9493857211,2.4575141635,-1.2082838e-05
48.9542796117,2.4575141635,-1.14292625e-05
48.9591735023,2.4575141635,-1.14292625e-05
48.9640673929,2.4575141635,-1.14292625e-05
48.9689612835,2.4575141635,-1.14292625e-05
48.9738551741,2.4575141635,-1.14292625e-05
48.9787490647,2.4575141635,-1.14292625e-05
48.7389484253,2.4624080541,5.670204e-07
48.7438423159,2.4624080541,5.670204e-07
48.7487362065,2.4624080541,5.670204e-07
48.7536300971,2.4624080541,5.670204e-07
48.7585239877,2.4624080541,5.670204e-07
48.7634178783,2.4624080541,5.670204e-07
48.7683117689,2.4624080541,4.218235e-06
48.7732056595,2.4624080541,6.345485e-06
48.7780995501,2.4624080541,6.1017513e-06
48.7829934407,2.4624080541,1.1145114e-05
48.7878873313,2.4624080541,2.0277981e-05
48.7927812219,2.4624080541,3.4407516e-05
48.7976751125,2.4624080541,5.0708368e-05
48.8025690031,2.4624080541,6.7071596e-05
48.8074628937,2.4624080541,0.00026016592
48.8123567843,2.4624080541,0.0008615148
48.8172506749,2.4624080541,0.0014442616
48.8221445655,2.4624080541,0.0011893398
48.8270384561,2.4624080541,0.0011343025
48.8319323467,2.4624080541,0.000754482
48.8368262373,2.4624080541,0.00036880685
48.8417201279,2.4624080541,0.0003258945
48.8466140185,2.4624080541,0.00025235323
48.8515079091,2.4624080541,4.2703065e-05
48.8564017997,2.4624080541,-0.00013466529
48.8612956903,2.4624080541,-0.00017204392
48.8661895809,2.4624080541,-0.00016184617
48.8710834715,2.4624080541,-0.00019320706
48.8759773621,2.4624080541,-0.00020816346
48.8808712527,2.4624080541,-0.00019639381
48.8857651433,2.4624080541,-0.00016362427
48.8906590339,2.4624080541,-0.00012408863
48.8955529245,2.4624080541,-9.389407e-05
48.9004468151,2.4624080541,-5.8826092e-05
48.9053407057,2.4624080541,-7.441318e-06
48.9102345963,2.4624080541,1.0222566e-05
48.9151284869,2.4624080541,1.8601719e-05
48.9200223775,2.4624080541,7.396367e-06
48.9249162681,2.4624080541,1.9057434e-06
48.9298101587,2.4624080541,-4.6174036e-06
48.9347040493,2.4624080541,-7.682598e-06
48.9395979399,2.4624080541,-7.682598e-06
48.9444918305,2.4624080541,-8.719166e-06
48.9493857211,2.4624080541,-9.668191e-06
48.9542796117,2.4624080541,-9.014615e-06
48.9591735023,2.4624080541,-9.014615e-06
48.9640673929,2.4624080541,-9.014615e-06
48.9689612835,2.4624080541,-9.014615e-06
48.9738551741,2.4624080541,-9.014615e-06
48.9787490647,2.4624080541,-9.014615e-06
48.7389484253,2.4673019447,-9.237209e-06
48.7438423159,2.4673019447,-9.237209e-06
48.7487362065,2.4673019447,-9.237209e-06
48.7536300971,2.4673019447,-9.237209e-06
48.7585239877,2.4673019447,-9.237209e-06
48.7634178783,2.4673019447,-9.237209e-06
48.7683117689,2.4673019447,-5.5860023e-06
48.7732056595,2.4673019447,-5.5409423e-06
48.7780995501,2.4673019447,-5.78468e-06
48.7829934407,2.4673019447,-7.4131344e-07
48.7878873313,2.4673019447,8.391546e-06
48.7927812219,2.4673019447,2.2521088e-05
48.7976751125,2.4673019447,2.6097414e-05
48.8025690031,2.4673019447,1.4171845e-05
48.8074628937,2.4673019447,0.0001583388
48.8123567843,2.4673019447,0.00067461515
48.8172506749,2.4673019447,0.0012338505
48.8221445655,2.4673019447,0.0013577597
48.8270384561,2.4673019447,0.0013075176
48.8319323467,2.4673019447,0.00092769705
48.8368262373,2.4673019447,0.00046640376
48.8417201279,2.4673019447,0.00027372382
48.8466140185,2.4673019447,0.00020018268
48.8515079091,2.4673019447,1.2875178e-05
48.8564017997,2.4673019447,-0.00015151856
48.8612956903,2.4673019447,-0.00018889716
48.8661895809,2.4673019447,-0.00019523737
48.8710834715,2.4673019447,-0.00023035094
48.8759773621,2.4673019447,-0.0002453073
48.8808712527,2.4673019447,-0.00021477955
48.8857651433,2.4673019447,-0.00018200997
48.8906590339,2.4673019447,-0.00014247428
48.8955529245,2.4673019447,-0.00010900129
48.9004468151,2.4673019447,-7.3933326e-05
48.9053407057,2.4673019447,-2.527767e-05
48.9102345963,2.4673019447,-7.6137835e-06
48.9151284869,2.4673019447,7.6537117e-07
48.9200223775,2.4673019447,-1.0439979e-05
48.9249162681,2.4673019447,-1.5930611e-05
48.9298101587,2.4673019447,-2.1125496e-05
48.9347040493,2.4673019447,-2.4190693e-05
48.9395979399,2.4673019447,-2.4190693e-05
48.9444918305,2.4673019447,-2.4190693e-05
48.9493857211,2.4673019447,-2.3986191e-05
48.9542796117,2.4673019447,-2.3605597e-05
48.9591735023,2.4673019447,-2.3605597e-05
48.9640673929,2.4673019447,-2.3605597e-05
48.9689612835,2.4673019447,-2.3605597e-05
48.9738551741,2.4673019447,-2.3605597e-05
48.9787490647,2.4673019447,-2.3605597e-05
