LATITUDE,LONGITUDE,probability
48.7389484253,2.2275013053,-2.1240921e-05
48.7438423159,2.2275013053,-2.1240921e-05
48.7487362065,2.2275013053,-2.1240921e-05
48.7536300971,2.2275013053,-2.1240921e-05
48.7585239877,2.2275013053,-2.1240921e-05
48.7634178783,2.2275013053,-2.1240921e-05
48.7683117689,2.2275013053,-1.9681505e-05
48.7732056595,2.2275013053,-2.2790575e-05
48.7780995501,2.2275013053,-2.1623207e-05
48.7829934407,2.2275013053,-1.8510284e-05
48.7878873313,2.2275013053,-1.2669181e-05
48.7927812219,2.2275013053,-2.0313614e-06
48.7976751125,2.2275013053,1.0542179e-05
48.8025690031,2.2275013053,2.0176534e-05
48.8074628937,2.2275013053,4.6472846e-06
48.8123567843,2.2275013053,-1.6095311e-05
48.8172506749,2.2275013053,-0.00018831951
48.8221445655,2.2275013053,-0.00019265548
48.8270384561,2.2275013053,-8.694962e-05
48.8319323467,2.2275013053,1.6409509e-05
48.8368262373,2.2275013053,3.8084512e-05
48.8417201279,2.2275013053,0.00011833905
48.8466140185,2.2275013053,0.00011177134
48.8515079091,2.2275013053,0.0002396669
48.8564017997,2.2275013053,0.00033959662
48.8612956903,2.2275013053,0.00034757846
48.8661895809,2.2275013053,0.0002774708
48.8710834715,2.2275013053,-1.1816703e-05
48.8759773621,2.2275013053,8.461909e-06
48.8808712527,2.2275013053,-5.453205e-05
48.8857651433,2.2275013053,-7.805524e-05
48.8906590339,2.2275013053,-4.4610948e-05
48.8955529245,2.2275013053,-6.505006e-05
48.9004468151,2.2275013053,-5.365009e-05
48.9053407057,2.2275013053,-3.2138938e-05
48.9102345963,2.2275013053,-3.5344692e-05
48.9151284869,2.2275013053,-3.7047143e-05
48.9200223775,2.2275013053,-4.885611e-05
48.9249162681,2.2275013053,-5.9037757e-05
48.9298101587,2.2275013053,-6.27181e-05
48.9347040493,2.2275013053,-6.5601635e-05
48.9395979399,2.2275013053,-6.5601635e-05
48.9444918305,2.2275013053,-6.5601635e-05
48.9493857211,2.2275013053,-5.6039164e-05
48.9542796117,2.2275013053,-6.085131e-05
48.9591735023,2.2275013053,-6.085131e-05
48.9640673929,2.2275013053,-6.085131e-05
48.9689612835,2.2275013053,-6.085131e-05
48.9738551741,2.2275013053,-6.085131e-05
48.9787490647,2.2275013053,-6.085131e-05
48.7389484253,2.2323951959,-2.1240921e-05
48.7438423159,2.2323951959,-2.1240921e-05
48.7487362065,2.2323951959,-2.1240921e-05
48.7536300971,2.2323951959,-2.1240921e-05
48.7585239877,2.2323951959,-2.1240921e-05
48.7634178783,2.2323951959,-2.1240921e-05
48.7683117689,2.2323951959,-1.9681505e-05
48.7732056595,2.2323951959,-2.2790575e-05
48.7780995501,2.2323951959,-2.1623207e-05
48.7829934407,2.2323951959,-1.8510284e-05
48.7878873313,2.2323951959,-1.2669181e-05
48.7927812219,2.2323951959,-2.0313614e-06
48.7976751125,2.2323951959,1.0542179e-05
48.8025690031,2.2323951959,2.0176534e-05
48.8074628937,2.2323951959,4.6472846e-06
48.8123567843,2.2323951959,-1.6095311e-05
48.8172506749,2.2323951959,-0.00018831951
48.8221445655,2.2323951959,-0.00019265548
48.8270384561,2.2323951959,-8.694962e-05
48.8319323467,2.2323951959,1.6409509e-05
48.8368262373,2.2323951959,3.8084512e-05
48.8417201279,2.2323951959,0.00011833905
48.8466140185,2.2323951959,0.00011177134
48.8515079091,2.2323951959,0.0002396669
48.8564017997,2.2323951959,0.00033959662
48.8612956903,2.2323951959,0.00034757846
48.8661895809,2.2323951959,0.0002774708
48.8710834715,2.2323951959,-1.1816703e-05
48.8759773621,2.2323951959,8.461909e-06
48.8808712527,2.2323951959,-5.453205e-05
48.8857651433,2.2323951959,-7.805524e-05
48.8906590339,2.2323951959,-4.4610948e-05
48.8955529245,2.2323951959,-6.505006e-05
48.9004468151,2.2323951959,-5.365009e-05
48.9053407057,2.2323951959,-3.2138938e-05
48.9102345963,2.2323951959,-3.5344692e-05
48.9151284869,2.2323951959,-3.7047143e-05
48.9200223775,2.2323951959,-4.885611e-05
48.9249162681,2.2323951959,-5.9037757e-05
48.9298101587,2.2323951959,-6.27181e-05
48.9347040493,2.2323951959,-6.5601635e-05
48.9395979399,2.2323951959,-6.5601635e-05
48.9444918305,2.2323951959,-6.5601635e-05
48.9493857211,2.2323951959,-5.6039164e-05
48.9542796117,2.2323951959,-6.085131e-05
48.9591735023,2.2323951959,-6.085131e-05
48.9640673929,2.2323951959,-6.085131e-05
48.9689612835,2.2323951959,-6.085131e-05
48.9738551741,2.2323951959,-6.085131e-05
48.9787490647,2.2323951959,-6.085131e-05
48.7389484253,2.2372890865,-2.5346697e-05
48.7438423159,2.2372890865,-2.5346697e-05
48.7487362065,2.2372890865,-2.5346697e-05
48.7536300971,2.2372890865,-2.5346697e-05
48.7585239877,2.2372890865,-2.5346697e-05
48.7634178783,2.2372890865,-2.5346697e-05
48.7683117689,2.2372890865,-2.378728e-05
48.7732056595,2.2372890865,-2.6196072e-05
48.7780995501,2.2372890865,-2.5028707e-05
48.7829934407,2.2372890865,-2.1915772e-05
48.7878873313,2.2372890865,-1.6074671e-05
48.7927812219,2.2372890865,-5.436853e-06
48.7976751125,2.2372890865,7.136691e-06
48.8025690031,2.2372890865,1.6771037e-05
48.8074628937,2.2372890865,1.2417923e-06
48.8123567843,2.2372890865,-1.9500807e-05
48.8172506749,2.2372890865,-0.000191725
48.8221445655,2.2372890865,-0.00018798656
48.8270384561,2.2372890865,-6.299455e-05
48.8319323467,2.2372890865,4.0364634e-05
48.8368262373,2.2372890865,6.203964e-05
48.8417201279,2.2372890865,0.00014229413
48.8466140185,2.2372890865,0.00013572644
48.8515079091,2.2372890865,0.00023178023
48.8564017997,2.2372890865,0.0003317099
48.8612956903,2.2372890865,0.0003396918
48.8661895809,2.2372890865,0.00027584436
48.8710834715,2.2372890865,-1.3347244e-05
48.8759773621,2.2372890865,-2.9380153e-06
48.8808712527,2.2372890865,-6.5932e-05
48.8857651433,2.2372890865,-8.9455185e-05
48.8906590339,2.2372890865,-5.6010875e-05
48.8955529245,2.2372890865,-6.425083e-05
48.9004468151,2.2372890865,-5.285087e-05
48.9053407057,2.2372890865,-3.1339707e-05
48.9102345963,2.2372890865,-3.4545465e-05
48.9151284869,2.2372890865,-3.6247922e-05
48.9200223775,2.2372890865,-4.805688e-05
48.9249162681,2.2372890865,-5.8238536e-05
48.9298101587,2.2372890865,-6.191887e-05
48.9347040493,2.2372890865,-6.4802414e-05
48.9395979399,2.2372890865,-6.4802414e-05
48.9444918305,2.2372890865,-6.4802414e-05
48.9493857211,2.2372890865,-5.5239947e-05
48.9542796117,2.2372890865,-6.0138333e-05
48.9591735023,2.2372890865,-6.0138333e-05
48.9640673929,2.2372890865,-6.0138333e-05
48.9689612835,2.2372890865,-6.0138333e-05
48.9738551741,2.2372890865,-6.0138333e-05
48.9787490647,2.2372890865,-6.0138333e-05
48.7389484253,2.2421829771,-3.2499385e-05
48.7438423159,2.2421829771,-3.2499385e-05
48.7487362065,2.2421829771,-3.2499385e-05
48.7536300971,2.2421829771,-3.2499385e-05
48.7585239877,2.2421829771,-3.2499385e-05
48.7634178783,2.2421829771,-3.2499385e-05
48.7683117689,2.2421829771,-3.0939966e-05
48.7732056595,2.2421829771,-3.334875e-05
48.7780995501,2.2421829771,-3.218139e-05
48.7829934407,2.2421829771,-2.906846e-05
48.7878873313,2.2421829771,-2.3227365e-05
48.7927812219,2.2421829771,-1.2589542e-05
48.7976751125,2.2421829771,-1.6005288e-08
48.8025690031,2.2421829771,9.618356e-06
48.8074628937,2.2421829771,-5.9108966e-06
48.8123567843,2.2421829771,-2.6653492e-05
48.8172506749,2.2421829771,-0.00018948896
48.8221445655,2.2421829771,-0.00013821479
48.8270384561,2.2421829771,-1.4998146e-05
48.8319323467,2.2421829771,8.836102e-05
48.8368262373,2.2421829771,0.00011003598
48.8417201279,2.2421829771,0.00019029052
48.8466140185,2.2421829771,0.00018056676
48.8515079091,2.2421829771,0.00018621149
48.8564017997,2.2421829771,0.00017275527
48.8612956903,2.2421829771,0.00018073712
48.8661895809,2.2421829771,0.00011688968
48.8710834715,2.2421829771,-1.8186454e-05
48.8759773621,2.2421829771,-6.2103773e-06
48.8808712527,2.2421829771,-6.9204354e-05
48.8857651433,2.2421829771,-9.385668e-05
48.8906590339,2.2421829771,-6.346492e-05
48.8955529245,2.2421829771,-7.5739445e-05
48.9004468151,2.2421829771,-6.433949e-05
48.9053407057,2.2421829771,-4.2828313e-05
48.9102345963,2.2421829771,-3.587929e-05
48.9151284869,2.2421829771,-3.7581747e-05
48.9200223775,2.2421829771,-4.9390706e-05
48.9249162681,2.2421829771,-5.9572358e-05
48.9298101587,2.2421829771,-6.7875575e-05
48.9347040493,2.2421829771,-7.075911e-05
48.9395979399,2.2421829771,-7.075911e-05
48.9444918305,2.2421829771,-7.3155956e-05
48.9493857211,2.2421829771,-6.359349e-05
48.9542796117,2.2421829771,-6.849188e-05
48.9591735023,2.2421829771,-6.849188e-05
48.9640673929,2.2421829771,-6.849188e-05
48.9689612835,2.2421829771,-6.849188e-05
48.9738551741,2.2421829771,-6.849188e-05
48.9787490647,2.2421829771,-6.849188e-05
48.7389484253,2.2470768677,-3.0069239e-05
48.7438423159,2.2470768677,-3.0069239e-05
48.7487362065,2.2470768677,-3.0069239e-05
48.7536300971,2.2470768677,-3.0069239e-05
48.7585239877,2.2470768677,-3.0069239e-05
48.7634178783,2.2470768677,-3.0069239e-05
48.7683117689,2.2470768677,-2.8509823e-05
48.7732056595,2.2470768677,-3.0918607e-05
48.7780995501,2.2470768677,-2.9589924e-05
48.7829934407,2.2470768677,-2.6476997e-05
48.7878873313,2.2470768677,-1.9308125e-05
48.7927812219,2.2470768677,-8.670306e-06
48.7976751125,2.2470768677,3.9032293e-06
48.8025690031,2.2470768677,1.6975513e-05
48.8074628937,2.2470768677,7.1778345e-06
48.8123567843,2.2470768677,-1.7878929e-05
48.8172506749,2.2470768677,-0.0002064195
48.8221445655,2.2470768677,-0.00019245007
48.8270384561,2.2470768677,-6.781733e-05
48.8319323467,2.2470768677,3.646607e-05
48.8368262373,2.2470768677,9.944314e-05
48.8417201279,2.2470768677,0.00018897867
48.8466140185,2.2470768677,0.0001792549
48.8515079091,2.2470768677,0.00012612453
48.8564017997,2.2470768677,0.00011266834
48.8612956903,2.2470768677,0.0001206502
48.8661895809,2.2470768677,5.6802754e-05
48.8710834715,2.2470768677,-7.827342e-05
48.8759773621,2.2470768677,-5.2069336e-05
48.8808712527,2.2470768677,-0.0001449862
48.8857651433,2.2470768677,-0.00019176403
48.8906590339,2.2470768677,-0.0001719487
48.8955529245,2.2470768677,-0.00013518137
48.9004468151,2.2470768677,-0.00012536718
48.9053407057,2.2470768677,-4.291588e-05
48.9102345963,2.2470768677,-3.5966856e-05
48.9151284869,2.2470768677,-3.6485733e-05
48.9200223775,2.2470768677,-4.8294696e-05
48.9249162681,2.2470768677,-5.8476344e-05
48.9298101587,2.2470768677,-6.677957e-05
48.9347040493,2.2470768677,-6.9663096e-05
48.9395979399,2.2470768677,-6.9663096e-05
48.9444918305,2.2470768677,-7.2059935e-05
48.9493857211,2.2470768677,-6.249747e-05
48.9542796117,2.2470768677,-6.739587e-05
48.9591735023,2.2470768677,-6.739587e-05
48.9640673929,2.2470768677,-6.739587e-05
48.9689612835,2.2470768677,-6.739587e-05
48.9738551741,2.2470768677,-6.739587e-05
48.9787490647,2.2470768677,-6.739587e-05
48.7389484253,2.2519707583,-2.9641677e-05
48.7438423159,2.2519707583,-2.9641677e-05
48.7487362065,2.2519707583,-2.9641677e-05
48.7536300971,2.2519707583,-2.9641677e-05
48.7585239877,2.2519707583,-2.9641677e-05
48.7634178783,2.2519707583,-2.9641677e-05
48.7683117689,2.2519707583,-2.8082259e-05
48.7732056595,2.2519707583,-3.0491045e-05
48.7780995501,2.2519707583,-2.9406094e-05
48.7829934407,2.2519707583,-2.6293163e-05
48.7878873313,2.2519707583,-1.9124294e-05
48.7927812219,2.2519707583,-8.486474e-06
48.7976751125,2.2519707583,3.5006415e-06
48.8025690031,2.2519707583,1.657292e-05
48.8074628937,2.2519707583,6.77525e-06
48.8123567843,2.2519707583,-2.2206703e-05
48.8172506749,2.2519707583,-0.0001482229
48.8221445655,2.2519707583,-0.00011414807
48.8270384561,2.2519707583,1.7682845e-05
48.8319323467,2.2519707583,0.00012196617
48.8368262373,2.2519707583,0.0001849433
48.8417201279,2.2519707583,0.0002744788
48.8466140185,2.2519707583,0.00026475498
48.8515079091,2.2519707583,0.000207053
48.8564017997,2.2519707583,0.00019359682
48.8612956903,2.2519707583,0.00020157866
48.8661895809,2.2519707583,0.00013773113
48.8710834715,2.2519707583,2.6549687e-06
48.8759773621,2.2519707583,-2.6208023e-05
48.8808712527,2.2519707583,-0.00011912492
48.8857651433,2.2519707583,-0.00019731099
48.8906590339,2.2519707583,-0.00018944747
48.8955529245,2.2519707583,-0.0001625372
48.9004468151,2.2519707583,-0.00013179508
48.9053407057,2.2519707583,-4.4559103e-05
48.9102345963,2.2519707583,-3.7610083e-05
48.9151284869,2.2519707583,-3.8128965e-05
48.9200223775,2.2519707583,-4.9937917e-05
48.9249162681,2.2519707583,-6.011956e-05
48.9298101587,2.2519707583,-6.8422785e-05
48.9347040493,2.2519707583,-7.130632e-05
48.9395979399,2.2519707583,-7.130632e-05
48.9444918305,2.2519707583,-7.370315e-05
48.9493857211,2.2519707583,-6.41407e-05
48.9542796117,2.2519707583,-6.9039095e-05
48.9591735023,2.2519707583,-6.9039095e-05
48.9640673929,2.2519707583,-6.9039095e-05
48.9689612835,2.2519707583,-6.9039095e-05
48.9738551741,2.2519707583,-6.9039095e-05
48.9787490647,2.2519707583,-6.9039095e-05
48.7389484253,2.2568646489,-3.0432448e-05
48.7438423159,2.2568646489,-3.0432448e-05
48.7487362065,2.2568646489,-3.0432448e-05
48.7536300971,2.2568646489,-3.0432448e-05
48.7585239877,2.2568646489,-3.0432448e-05
48.7634178783,2.2568646489,-3.0432448e-05
48.7683117689,2.2568646489,-2.8873028e-05
48.7732056595,2.2568646489,-3.1281812e-05
48.7780995501,2.2568646489,-3.0196863e-05
48.7829934407,2.2568646489,-2.7083935e-05
48.7878873313,2.2568646489,-1.9915064e-05
48.7927812219,2.2568646489,-9.277244e-06
48.7976751125,2.2568646489,2.7098758e-06
48.8025690031,2.2568646489,1.5782154e-05
48.8074628937,2.2568646489,5.98448e-06
48.8123567843,2.2568646489,-2.2997476e-05
48.8172506749,2.2568646489,-0.00012016692
48.8221445655,2.2568646489,-8.418142e-05
48.8270384561,2.2568646489,7.524269e-05
48.8319323467,2.2568646489,0.000179526
48.8368262373,2.2568646489,0.00024250308
48.8417201279,2.2568646489,0.0003320387
48.8466140185,2.2568646489,0.0003223149
48.8515079091,2.2568646489,0.00026461278
48.8564017997,2.2568646489,0.00025115663
48.8612956903,2.2568646489,0.0002591385
48.8661895809,2.2568646489,0.00022282155
48.8710834715,2.2568646489,8.774532e-05
48.8759773621,2.2568646489,2.9441106e-05
48.8808712527,2.2568646489,-9.232253e-05
48.8857651433,2.2568646489,-0.0001705086
48.8906590339,2.2568646489,-0.00016264505
48.8955529245,2.2568646489,-0.00016332795
48.9004468151,2.2568646489,-0.00013258586
48.9053407057,2.2568646489,-4.534987e-05
48.9102345963,2.2568646489,-3.8400853e-05
48.9151284869,2.2568646489,-3.8919727e-05
48.9200223775,2.2568646489,-5.0728686e-05
48.9249162681,2.2568646489,-6.091034e-05
48.9298101587,2.2568646489,-6.921356e-05
48.9347040493,2.2568646489,-7.2097086e-05
48.9395979399,2.2568646489,-7.2097086e-05
48.9444918305,2.2568646489,-7.449393e-05
48.9493857211,2.2568646489,-6.4931475e-05
48.9542796117,2.2568646489,-6.982986e-05
48.9591735023,2.2568646489,-6.982986e-05
48.9640673929,2.2568646489,-6.982986e-05
48.9689612835,2.2568646489,-6.982986e-05
48.9738551741,2.2568646489,-6.982986e-05
48.9787490647,2.2568646489,-6.982986e-05
48.7389484253,2.2617585395,-3.127854e-05
48.7438423159,2.2617585395,-3.127854e-05
48.7487362065,2.2617585395,-3.127854e-05
48.7536300971,2.2617585395,-3.127854e-05
48.7585239877,2.2617585395,-3.127854e-05
48.7634178783,2.2617585395,-3.127854e-05
48.7683117689,2.2617585395,-2.9719124e-05
48.7732056595,2.2617585395,-3.212791e-05
48.7780995501,2.2617585395,-3.1042957e-05
48.7829934407,2.2617585395,-2.7930031e-05
48.7878873313,2.2617585395,-2.076116e-05
48.7927812219,2.2617585395,-1.012334e-05
48.7976751125,2.2617585395,1.8637794e-06
48.8025690031,2.2617585395,1.4936055e-05
48.8074628937,2.2617585395,5.1383863e-06
48.8123567843,2.2617585395,-2.3843568e-05
48.8172506749,2.2617585395,-0.000121013
48.8221445655,2.2617585395,-9.010432e-05
48.8270384561,2.2617585395,9.466352e-05
48.8319323467,2.2617585395,0.00019894679
48.8368262373,2.2617585395,0.00026192388
48.8417201279,2.2617585395,0.00035145954
48.8466140185,2.2617585395,0.00034173578
48.8515079091,2.2617585395,0.00028403362
48.8564017997,2.2617585395,0.00027057747
48.8612956903,2.2617585395,0.00027855934
48.8661895809,2.2617585395,0.00023043086
48.8710834715,2.2617585395,9.740636e-05
48.8759773621,2.2617585395,3.9102193e-05
48.8808712527,2.2617585395,-0.00010800523
48.8857651433,2.2617585395,-0.00018619129
48.8906590339,2.2617585395,-0.00017832774
48.8955529245,2.2617585395,-0.00017901066
48.9004468151,2.2617585395,-0.00014826855
48.9053407057,2.2617585395,-4.0117247e-05
48.9102345963,2.2617585395,-3.3168224e-05
48.9151284869,2.2617585395,-3.3687098e-05
48.9200223775,2.2617585395,-4.5496057e-05
48.9249162681,2.2617585395,-5.567771e-05
48.9298101587,2.2617585395,-6.398093e-05
48.9347040493,2.2617585395,-6.6864464e-05
48.9395979399,2.2617585395,-6.6864464e-05
48.9444918305,2.2617585395,-7.029787e-05
48.9493857211,2.2617585395,-6.188893e-05
48.9542796117,2.2617585395,-6.678733e-05
48.9591735023,2.2617585395,-6.678733e-05
48.9640673929,2.2617585395,-6.678733e-05
48.9689612835,2.2617585395,-6.678733e-05
48.9738551741,2.2617585395,-6.678733e-05
48.9787490647,2.2617585395,-6.678733e-05
48.7389484253,2.2666524301,-3.127854e-05
48.7438423159,2.2666524301,-3.127854e-05
48.7487362065,2.2666524301,-3.127854e-05
48.7536300971,2.2666524301,-3.127854e-05
48.7585239877,2.2666524301,-3.127854e-05
48.7634178783,2.2666524301,-3.127854e-05
48.7683117689,2.2666524301,-2.9719124e-05
48.7732056595,2.2666524301,-3.212791e-05
48.7780995501,2.2666524301,-3.1042957e-05
48.7829934407,2.2666524301,-2.7930031e-05
48.7878873313,2.2666524301,-2.076116e-05
48.7927812219,2.2666524301,-1.012334e-05
48.7976751125,2.2666524301,1.8637794e-06
48.8025690031,2.2666524301,1.4936055e-05
48.8074628937,2.2666524301,5.1383863e-06
48.8123567843,2.2666524301,-3.8075475e-05
48.8172506749,2.2666524301,-0.00013524489
48.8221445655,2.2666524301,-8.560357e-05
48.8270384561,2.2666524301,0.000100506004
48.8319323467,2.2666524301,0.00015614573
48.8368262373,2.2666524301,0.00021912281
48.8417201279,2.2666524301,0.00030865852
48.8466140185,2.2666524301,0.0002947459
48.8515079091,2.2666524301,0.00023704371
48.8564017997,2.2666524301,0.00022358759
48.8612956903,2.2666524301,0.00023156946
48.8661895809,2.2666524301,0.00018344086
48.8710834715,2.2666524301,9.906011e-05
48.8759773621,2.2666524301,4.0756007e-05
48.8808712527,2.2666524301,-0.0001063514
48.8857651433,2.2666524301,-0.00024661262
48.8906590339,2.2666524301,-0.00022375696
48.8955529245,2.2666524301,-0.00022578156
48.9004468151,2.2666524301,-0.00019503951
48.9053407057,2.2666524301,-3.8344984e-05
48.9102345963,2.2666524301,-3.139596e-05
48.9151284869,2.2666524301,-3.1914835e-05
48.9200223775,2.2666524301,-4.3723794e-05
48.9249162681,2.2666524301,-5.3905445e-05
48.9298101587,2.2666524301,-6.2208666e-05
48.9347040493,2.2666524301,-6.50922e-05
48.9395979399,2.2666524301,-6.50922e-05
48.9444918305,2.2666524301,-6.852561e-05
48.9493857211,2.2666524301,-6.0116665e-05
48.9542796117,2.2666524301,-6.501507e-05
48.9591735023,2.2666524301,-6.501507e-05
48.9640673929,2.2666524301,-6.501507e-05
48.9689612835,2.2666524301,-6.501507e-05
48.9738551741,2.2666524301,-6.501507e-05
48.9787490647,2.2666524301,-6.501507e-05
48.7389484253,2.2715463207,-2.6371687e-05
48.7438423159,2.2715463207,-2.6371687e-05
48.7487362065,2.2715463207,-2.6371687e-05
48.7536300971,2.2715463207,-2.6371687e-05
48.7585239877,2.2715463207,-2.6371687e-05
48.7634178783,2.2715463207,-2.6371687e-05
48.7683117689,2.2715463207,-2.4812269e-05
48.7732056595,2.2715463207,-2.7221055e-05
48.7780995501,2.2715463207,-2.6136104e-05
48.7829934407,2.2715463207,-2.3023176e-05
48.7878873313,2.2715463207,-1.5854306e-05
48.7927812219,2.2715463207,-5.216485e-06
48.7976751125,2.2715463207,6.7706314e-06
48.8025690031,2.2715463207,1.8773751e-05
48.8074628937,2.2715463207,8.976078e-06
48.8123567843,2.2715463207,-3.4237783e-05
48.8172506749,2.2715463207,-7.372196e-05
48.8221445655,2.2715463207,8.722745e-06
48.8270384561,2.2715463207,0.0001948322
48.8319323467,2.2715463207,0.00023856795
48.8368262373,2.2715463207,0.00030154522
48.8417201279,2.2715463207,0.00039108074
48.8466140185,2.2715463207,0.00037716824
48.8515079091,2.2715463207,0.0003316677
48.8564017997,2.2715463207,0.00029956558
48.8612956903,2.2715463207,0.00030754748
48.8661895809,2.2715463207,0.0002594189
48.8710834715,2.2715463207,0.00017503806
48.8759773621,2.2715463207,0.0001788977
48.8808712527,2.2715463207,3.179037e-05
48.8857651433,2.2715463207,-0.000104418345
48.8906590339,2.2715463207,-8.156262e-05
48.8955529245,2.2715463207,-7.980217e-05
48.9004468151,2.2715463207,-2.661738e-05
48.9053407057,2.2715463207,-1.8907598e-05
48.9102345963,2.2715463207,-1.1958576e-05
48.9151284869,2.2715463207,-2.4107007e-05
48.9200223775,2.2715463207,-3.591596e-05
48.9249162681,2.2715463207,-4.609762e-05
48.9298101587,2.2715463207,-5.4400818e-05
48.9347040493,2.2715463207,-5.728434e-05
48.9395979399,2.2715463207,-5.728434e-05
48.9444918305,2.2715463207,-6.0717754e-05
48.9493857211,2.2715463207,-5.2308824e-05
48.9542796117,2.2715463207,-5.7207206e-05
48.9591735023,2.2715463207,-5.7207206e-05
48.9640673929,2.2715463207,-5.7207206e-05
48.9689612835,2.2715463207,-5.7207206e-05
48.9738551741,2.2715463207,-5.7207206e-05
48.9787490647,2.2715463207,-5.7207206e-05
48.7389484253,2.2764402113,-3.6066238e-05
48.7438423159,2.2764402113,-3.6066238e-05
48.7487362065,2.2764402113,-3.6066238e-05
48.7536300971,2.2764402113,-3.6066238e-05
48.7585239877,2.2764402113,-3.6066238e-05
48.7634178783,2.2764402113,-3.6066238e-05
48.7683117689,2.2764402113,-3.4506826e-05
48.7732056595,2.2764402113,-3.6915608e-05
48.7780995501,2.2764402113,-3.5830657e-05
48.7829934407,2.2764402113,-3.2717733e-05
48.7878873313,2.2764402113,-2.5548865e-05
48.7927812219,2.2764402113,-1.4911047e-05
48.7976751125,2.2764402113,-2.923929e-06
48.8025690031,2.2764402113,9.079187e-06
48.8074628937,2.2764402113,6.543005e-07
48.8123567843,2.2764402113,-5.206059e-05
48.8172506749,2.2764402113,-9.4664814e-05
48.8221445655,2.2764402113,4.3525724e-05
48.8270384561,2.2764402113,0.00022702037
48.8319323467,2.2764402113,0.0002718554
48.8368262373,2.2764402113,0.00036249185
48.8417201279,2.2764402113,0.00045202737
48.8466140185,2.2764402113,0.0004413357
48.8515079091,2.2764402113,0.0003958353
48.8564017997,2.2764402113,0.00037014685
48.8612956903,2.2764402113,0.0003715298
48.8661895809,2.2764402113,0.0003234013
48.8710834715,2.2764402113,0.00027947495
48.8759773621,2.2764402113,0.00028333452
48.8808712527,2.2764402113,0.00014958894
48.8857651433,2.2764402113,-8.795831e-06
48.8906590339,2.2764402113,1.4059839e-05
48.8955529245,2.2764402113,1.4040688e-05
48.9004468151,2.2764402113,9.409469e-06
48.9053407057,2.2764402113,-7.1141134e-05
48.9102345963,2.2764402113,-1.5540063e-05
48.9151284869,2.2764402113,-2.7688488e-05
48.9200223775,2.2764402113,-3.949744e-05
48.9249162681,2.2764402113,-4.96791e-05
48.9298101587,2.2764402113,-5.79823e-05
48.9347040493,2.2764402113,-6.0865834e-05
48.9395979399,2.2764402113,-6.0865834e-05
48.9444918305,2.2764402113,-6.4299245e-05
48.9493857211,2.2764402113,-5.5890298e-05
48.9542796117,2.2764402113,-6.07887e-05
48.9591735023,2.2764402113,-6.07887e-05
48.9640673929,2.2764402113,-6.07887e-05
48.9689612835,2.2764402113,-6.07887e-05
48.9738551741,2.2764402113,-6.07887e-05
48.9787490647,2.2764402113,-6.07887e-05
48.7389484253,2.2813341019,-3.5236775e-05
48.7438423159,2.2813341019,-3.5236775e-05
48.7487362065,2.2813341019,-3.5236775e-05
48.7536300971,2.2813341019,-3.5236775e-05
48.7585239877,2.2813341019,-3.5236775e-05
48.7634178783,2.2813341019,-3.5236775e-05
48.7683117689,2.2813341019,-4.2596777e-05
48.7732056595,2.2813341019,-4.5005563e-05
48.7780995501,2.2813341019,-4.3920616e-05
48.7829934407,2.2813341019,-4.080769e-05
48.7878873313,2.2813341019,-3.363882e-05
48.7927812219,2.2813341019,-2.3001e-05
48.7976751125,2.2813341019,-1.1013886e-05
48.8025690031,2.2813341019,9.892266e-07
48.8074628937,2.2813341019,-7.4356576e-06
48.8123567843,2.2813341019,-6.015055e-05
48.8172506749,2.2813341019,-0.00010275478
48.8221445655,2.2813341019,9.481294e-05
48.8270384561,2.2813341019,0.00027830765
48.8319323467,2.2813341019,0.00033626912
48.8368262373,2.2813341019,0.00042690564
48.8417201279,2.2813341019,0.00048542008
48.8466140185,2.2813341019,0.0005057493
48.8515079091,2.2813341019,0.000460249
48.8564017997,2.2813341019,0.00043456056
48.8612956903,2.2813341019,0.00043594357
48.8661895809,2.2813341019,0.00035393878
48.8710834715,2.2813341019,0.00023960925
48.8759773621,2.2813341019,0.00028260707
48.8808712527,2.2813341019,6.629201e-05
48.8857651433,2.2813341019,-8.939189e-05
48.8906590339,2.2813341019,-0.000107360655
48.8955529245,2.2813341019,-3.6976475e-05
48.9004468151,2.2813341019,-6.282533e-05
48.9053407057,2.2813341019,-7.0795315e-05
48.9102345963,2.2813341019,-1.5194237e-05
48.9151284869,2.2813341019,-2.7342661e-05
48.9200223775,2.2813341019,-3.9151615e-05
48.9249162681,2.2813341019,-4.9333274e-05
48.9298101587,2.2813341019,-5.7636476e-05
48.9347040493,2.2813341019,-6.0520008e-05
48.9395979399,2.2813341019,-6.0520008e-05
48.9444918305,2.2813341019,-6.395342e-05
48.9493857211,2.2813341019,-5.5890298e-05
48.9542796117,2.2813341019,-6.07887e-05
48.9591735023,2.2813341019,-6.07887e-05
48.9640673929,2.2813341019,-6.07887e-05
48.9689612835,2.2813341019,-6.07887e-05
48.9738551741,2.2813341019,-6.07887e-05
48.9787490647,2.2813341019,-6.07887e-05
48.7389484253,2.2862279925,-2.5655509e-05
48.7438423159,2.2862279925,-2.5655509e-05
48.7487362065,2.2862279925,-2.5655509e-05
48.7536300971,2.2862279925,-2.5655509e-05
48.7585239877,2.2862279925,-2.5655509e-05
48.7634178783,2.2862279925,-2.5655509e-05
48.7683117689,2.2862279925,-3.1580108e-05
48.7732056595,2.2862279925,-3.4620833e-05
48.7780995501,2.2862279925,-3.1928572e-05
48.7829934407,2.2862279925,-2.8815646e-05
48.7878873313,2.2862279925,-1.902701e-05
48.7927812219,2.2862279925,-5.2624e-06
48.7976751125,2.2862279925,3.4723962e-06
48.8025690031,2.2862279925,1.9132696e-05
48.8074628937,2.2862279925,1.894029e-05
48.8123567843,2.2862279925,-2.6546031e-05
48.8172506749,2.2862279925,-0.00012206035
48.8221445655,2.2862279925,2.8772496e-05
48.8270384561,2.2862279925,0.0002766185
48.8319323467,2.2862279925,0.00033457976
48.8368262373,2.2862279925,0.00042521642
48.8417201279,2.2862279925,0.00048373075
48.8466140185,2.2862279925,0.00050406007
48.8515079091,2.2862279925,0.00047422355
48.8564017997,2.2862279925,0.0004485351
48.8612956903,2.2862279925,0.00044991806
48.8661895809,2.2862279925,0.00044814555
48.8710834715,2.2862279925,0.00034630753
48.8759773621,2.2862279925,0.00038930526
48.8808712527,2.2862279925,0.00014345275
48.8857651433,2.2862279925,-4.8625392e-05
48.8906590339,2.2862279925,-0.00013373668
48.8955529245,2.2862279925,-0.00011291967
48.9004468151,2.2862279925,-0.0001324115
48.9053407057,2.2862279925,-0.00010017302
48.9102345963,2.2862279925,1.551955e-07
48.9151284869,2.2862279925,-1.1993233e-05
48.9200223775,2.2862279925,-2.3802198e-05
48.9249162681,2.2862279925,-3.398383e-05
48.9298101587,2.2862279925,-4.2287043e-05
48.9347040493,2.2862279925,-4.846898e-05
48.9395979399,2.2862279925,-5.464938e-05
48.9444918305,2.2862279925,-5.8082795e-05
48.9493857211,2.2862279925,-5.0019684e-05
48.9542796117,2.2862279925,-5.713608e-05
48.9591735023,2.2862279925,-5.713608e-05
48.9640673929,2.2862279925,-5.713608e-05
48.9689612835,2.2862279925,-5.713608e-05
48.9738551741,2.2862279925,-5.713608e-05
48.9787490647,2.2862279925,-5.713608e-05
48.7389484253,2.2911218831,-2.0997784e-05
48.7438423159,2.2911218831,-2.0997784e-05
48.7487362065,2.2911218831,-2.0997784e-05
48.7536300971,2.2911218831,-2.0997784e-05
48.7585239877,2.2911218831,-2.0997784e-05
48.7634178783,2.2911218831,-2.0997784e-05
48.7683117689,2.2911218831,-2.6922387e-05
48.7732056595,2.2911218831,-2.9963112e-05
48.7780995501,2.2911218831,-2.7270848e-05
48.7829934407,2.2911218831,-2.415792e-05
48.7878873313,2.2911218831,-1.4369289e-05
48.7927812219,2.2911218831,-6.0467755e-07
48.7976751125,2.2911218831,8.1301205e-06
48.8025690031,2.2911218831,2.3790424e-05
48.8074628937,2.2911218831,2.3598013e-05
48.8123567843,2.2911218831,-4.081611e-05
48.8172506749,2.2911218831,-0.00011970821
48.8221445655,2.2911218831,-2.2484714e-05
48.8270384561,2.2911218831,0.00022536125
48.8319323467,2.2911218831,0.00028332268
48.8368262373,2.2911218831,0.0003739593
48.8417201279,2.2911218831,0.0004993963
48.8466140185,2.2911218831,0.0005197255
48.8515079091,2.2911218831,0.00049623026
48.8564017997,2.2911218831,0.0004705418
48.8612956903,2.2911218831,0.0004719248
48.8661895809,2.2911218831,0.00047015253
48.8710834715,2.2911218831,0.00036831433
48.8759773621,2.2911218831,0.00041131218
48.8808712527,2.2911218831,0.00012260111
48.8857651433,2.2911218831,-1.8940636e-05
48.8906590339,2.2911218831,-0.0001040519
48.8955529245,2.2911218831,-0.000107962594
48.9004468151,2.2911218831,-0.00014931218
48.9053407057,2.2911218831,-0.00012281825
48.9102345963,2.2911218831,1.3172388e-05
48.9151284869,2.2911218831,-1.5196494e-05
48.9200223775,2.2911218831,-2.700545e-05
48.9249162681,2.2911218831,-3.71871e-05
48.9298101587,2.2911218831,-5.1721156e-05
48.9347040493,2.2911218831,-5.9200695e-05
48.9395979399,2.2911218831,-6.53811e-05
48.9444918305,2.2911218831,-6.8814516e-05
48.9493857211,2.2911218831,-6.0751398e-05
48.9542796117,2.2911218831,-6.786779e-05
48.9591735023,2.2911218831,-6.786779e-05
48.9640673929,2.2911218831,-6.786779e-05
48.9689612835,2.2911218831,-6.786779e-05
48.9738551741,2.2911218831,-6.786779e-05
48.9787490647,2.2911218831,-6.786779e-05
48.7389484253,2.2960157737,-3.9292412e-05
48.7438423159,2.2960157737,-3.9292412e-05
48.7487362065,2.2960157737,-3.9292412e-05
48.7536300971,2.2960157737,-3.9292412e-05
48.7585239877,2.2960157737,-3.9292412e-05
48.7634178783,2.2960157737,-3.9292412e-05
48.7683117689,2.2960157737,-4.5217024e-05
48.7732056595,2.2960157737,-4.8257756e-05
48.7780995501,2.2960157737,-4.556549e-05
48.7829934407,2.2960157737,-4.0522133e-05
48.7878873313,2.2960157737,-3.0733496e-05
48.7927812219,2.2960157737,-1.6968892e-05
48.7976751125,2.2960157737,-6.548486e-06
48.8025690031,2.2960157737,9.111815e-06
48.8074628937,2.2960157737,8.919406e-06
48.8123567843,2.2960157737,-7.170081e-05
48.8172506749,2.2960157737,-8.965088e-05
48.8221445655,2.2960157737,7.5725943e-06
48.8270384561,2.2960157737,0.00024211053
48.8319323467,2.2960157737,0.0003000719
48.8368262373,2.2960157737,0.00039070848
48.8417201279,2.2960157737,0.0005161454
48.8466140185,2.2960157737,0.00054069166
48.8515079091,2.2960157737,0.00051719666
48.8564017997,2.2960157737,0.0004915083
48.8612956903,2.2960157737,0.00049289124
48.8661895809,2.2960157737,0.0005043049
48.8710834715,2.2960157737,0.00043277757
48.8759773621,2.2960157737,0.00047577542
48.8808712527,2.2960157737,0.00011045028
48.8857651433,2.2960157737,-1.6243112e-05
48.8906590339,2.2960157737,-9.134933e-05
48.8955529245,2.2960157737,2.984049e-05
48.9004468151,2.2960157737,-1.0526659e-05
48.9053407057,2.2960157737,1.9624966e-05
48.9102345963,2.2960157737,1.5136628e-05
48.9151284869,2.2960157737,-2.2655995e-05
48.9200223775,2.2960157737,-3.446494e-05
48.9249162681,2.2960157737,-5.0506907e-05
48.9298101587,2.2960157737,-6.5040986e-05
48.9347040493,2.2960157737,-7.252052e-05
48.9395979399,2.2960157737,-7.870092e-05
48.9444918305,2.2960157737,-8.213433e-05
48.9493857211,2.2960157737,-7.407121e-05
48.9542796117,2.2960157737,-8.118761e-05
48.9591735023,2.2960157737,-8.118761e-05
48.9640673929,2.2960157737,-8.118761e-05
48.9689612835,2.2960157737,-8.118761e-05
48.9738551741,2.2960157737,-8.118761e-05
48.9787490647,2.2960157737,-8.118761e-05
48.7389484253,2.3009096643,-2.980114e-05
48.7438423159,2.3009096643,-2.980114e-05
48.7487362065,2.3009096643,-2.980114e-05
48.7536300971,2.3009096643,-2.980114e-05
48.7585239877,2.3009096643,-2.980114e-05
48.7634178783,2.3009096643,-2.980114e-05
48.7683117689,2.3009096643,-3.5725734e-05
48.7732056595,2.3009096643,-3.8766455e-05
48.7780995501,2.3009096643,-3.60742e-05
48.7829934407,2.3009096643,-3.1030846e-05
48.7878873313,2.3009096643,-2.1242207e-05
48.7927812219,2.3009096643,2.4210294e-08
48.7976751125,2.3009096643,1.0444614e-05
48.8025690031,2.3009096643,2.6104928e-05
48.8074628937,2.3009096643,3.0207777e-05
48.8123567843,2.3009096643,-3.138366e-05
48.8172506749,2.3009096643,-4.9333663e-05
48.8221445655,2.3009096643,4.4300257e-05
48.8270384561,2.3009096643,0.00022843048
48.8319323467,2.3009096643,0.00028639208
48.8368262373,2.3009096643,0.00037702854
48.8417201279,2.3009096643,0.00050487765
48.8466140185,2.3009096643,0.00052942376
48.8515079091,2.3009096643,0.00050592877
48.8564017997,2.3009096643,0.0004802403
48.8612956903,2.3009096643,0.00048162343
48.8661895809,2.3009096643,0.00049303705
48.8710834715,2.3009096643,0.0004215096
48.8759773621,2.3009096643,0.00046450738
48.8808712527,2.3009096643,0.00011325107
48.8857651433,2.3009096643,-1.3442337e-05
48.8906590339,2.3009096643,-3.8251994e-05
48.8955529245,2.3009096643,0.0001259402
48.9004468151,2.3009096643,0.00015605542
48.9053407057,2.3009096643,0.0001800862
48.9102345963,2.3009096643,8.656437e-05
48.9151284869,2.3009096643,-9.4639545e-06
48.9200223775,2.3009096643,-2.1272905e-05
48.9249162681,2.3009096643,-3.7314876e-05
48.9298101587,2.3009096643,-5.6379835e-05
48.9347040493,2.3009096643,-6.385936e-05
48.9395979399,2.3009096643,-7.003977e-05
48.9444918305,2.3009096643,-7.347318e-05
48.9493857211,2.3009096643,-6.5410066e-05
48.9542796117,2.3009096643,-7.252646e-05
48.9591735023,2.3009096643,-7.252646e-05
48.9640673929,2.3009096643,-7.252646e-05
48.9689612835,2.3009096643,-7.252646e-05
48.9738551741,2.3009096643,-7.252646e-05
48.9787490647,2.3009096643,-7.252646e-05
48.7389484253,2.3058035549,-2.794194e-05
48.7438423159,2.3058035549,-2.794194e-05
48.7487362065,2.3058035549,-2.794194e-05
48.7536300971,2.3058035549,-2.794194e-05
48.7585239877,2.3058035549,-2.794194e-05
48.7634178783,2.3058035549,-2.794194e-05
48.7683117689,2.3058035549,-3.3866538e-05
48.7732056595,2.3058035549,-3.690727e-05
48.7780995501,2.3058035549,-3.4215005e-05
48.7829934407,2.3058035549,-2.9171653e-05
48.7878873313,2.3058035549,-1.938301e-05
48.7927812219,2.3058035549,1.8834086e-06
48.7976751125,2.3058035549,2.132776e-05
48.8025690031,2.3058035549,3.698806e-05
48.8074628937,2.3058035549,5.2138395e-05
48.8123567843,2.3058035549,-1.72181e-05
48.8172506749,2.3058035549,-1.8578741e-05
48.8221445655,2.3058035549,6.653367e-05
48.8270384561,2.3058035549,0.00025927724
48.8319323467,2.3058035549,0.00031310995
48.8368262373,2.3058035549,0.00040374656
48.8417201279,2.3058035549,0.0005315953
48.8466140185,2.3058035549,0.0005561418
48.8515079091,2.3058035549,0.00048663063
48.8564017997,2.3058035549,0.0004609422
48.8612956903,2.3058035549,0.0004623251
48.8661895809,2.3058035549,0.00051975483
48.8710834715,2.3058035549,0.00044822763
48.8759773621,2.3058035549,0.0004957152
48.8808712527,2.3058035549,0.00014445891
48.8857651433,2.3058035549,0.00015457657
48.8906590339,2.3058035549,0.0001360935
48.8955529245,2.3058035549,0.00023092848
48.9004468151,2.3058035549,0.00022113818
48.9053407057,2.3058035549,0.00022163775
48.9102345963,2.3058035549,9.354646e-05
48.9151284869,2.3058035549,-2.481859e-06
48.9200223775,2.3058035549,-2.538043e-05
48.9249162681,2.3058035549,-4.1422405e-05
48.9298101587,2.3058035549,-6.0487375e-05
48.9347040493,2.3058035549,-6.79669e-05
48.9395979399,2.3058035549,-7.41473e-05
48.9444918305,2.3058035549,-7.7580706e-05
48.9493857211,2.3058035549,-6.95176e-05
48.9542796117,2.3058035549,-7.663399e-05
48.9591735023,2.3058035549,-7.663399e-05
48.9640673929,2.3058035549,-7.663399e-05
48.9689612835,2.3058035549,-7.663399e-05
48.9738551741,2.3058035549,-7.663399e-05
48.9787490647,2.3058035549,-7.663399e-05
48.7389484253,2.3106974455,-4.3968783e-05
48.7438423159,2.3106974455,-4.3968783e-05
48.7487362065,2.3106974455,-4.3968783e-05
48.7536300971,2.3106974455,-4.3968783e-05
48.7585239877,2.3106974455,-4.3968783e-05
48.7634178783,2.3106974455,-4.3968783e-05
48.7683117689,2.3106974455,-4.9893377e-05
48.7732056595,2.3106974455,-5.293411e-05
48.7780995501,2.3106974455,-5.0241837e-05
48.7829934407,2.3106974455,-4.5198485e-05
48.7878873313,2.3106974455,-2.6316322e-05
48.7927812219,2.3106974455,-5.0499025e-06
48.7976751125,2.3106974455,1.439446e-05
48.8025690031,2.3106974455,4.424225e-05
48.8074628937,2.3106974455,4.772304e-05
48.8123567843,2.3106974455,-2.0336376e-05
48.8172506749,2.3106974455,4.1888576e-05
48.8221445655,2.3106974455,3.367164e-05
48.8270384561,2.3106974455,0.00018060165
48.8319323467,2.3106974455,0.00025331802
48.8368262373,2.3106974455,0.00036406226
48.8417201279,2.3106974455,0.00049191125
48.8466140185,2.3106974455,0.0005023874
48.8515079091,2.3106974455,0.00049557077
48.8564017997,2.3106974455,0.0005110067
48.8612956903,2.3106974455,0.0005187638
48.8661895809,2.3106974455,0.00057619374
48.8710834715,2.3106974455,0.0005187366
48.8759773621,2.3106974455,0.00056838884
48.8808712527,2.3106974455,0.00022884434
48.8857651433,2.3106974455,0.00021352367
48.8906590339,2.3106974455,0.00012626563
48.8955529245,2.3106974455,0.00020333545
48.9004468151,2.3106974455,0.00018859527
48.9053407057,2.3106974455,0.00020872577
48.9102345963,2.3106974455,9.049924e-05
48.9151284869,2.3106974455,-5.5290866e-06
48.9200223775,2.3106974455,-3.2302596e-05
48.9249162681,2.3106974455,-4.8344584e-05
48.9298101587,2.3106974455,-6.740956e-05
48.9347040493,2.3106974455,-8.087886e-05
48.9395979399,2.3106974455,-8.705924e-05
48.9444918305,2.3106974455,-9.049266e-05
48.9493857211,2.3106974455,-8.242955e-05
48.9542796117,2.3106974455,-8.954594e-05
48.9591735023,2.3106974455,-8.954594e-05
48.9640673929,2.3106974455,-8.954594e-05
48.9689612835,2.3106974455,-8.954594e-05
48.9738551741,2.3106974455,-8.954594e-05
48.9787490647,2.3106974455,-8.954594e-05
48.7389484253,2.3155913361,-7.0227194e-05
48.7438423159,2.3155913361,-7.0227194e-05
48.7487362065,2.3155913361,-7.0227194e-05
48.7536300971,2.3155913361,-7.0227194e-05
48.7585239877,2.3155913361,-7.0227194e-05
48.7634178783,2.3155913361,-7.0227194e-05
48.7683117689,2.3155913361,-7.6151795e-05
48.7732056595,2.3155913361,-7.919252e-05
48.7780995501,2.3155913361,-7.650026e-05
48.7829934407,2.3155913361,-7.1456896e-05
48.7878873313,2.3155913361,-5.257472e-05
48.7927812219,2.3155913361,-3.130831e-05
48.7976751125,2.3155913361,-1.1863954e-05
48.8025690031,2.3155913361,4.3734315e-05
48.8074628937,2.3155913361,7.309674e-05
48.8123567843,2.3155913361,7.947473e-06
48.8172506749,2.3155913361,0.00020472977
48.8221445655,2.3155913361,0.00013021553
48.8270384561,2.3155913361,0.00027792485
48.8319323467,2.3155913361,0.00042479613
48.8368262373,2.3155913361,0.00069920794
48.8417201279,2.3155913361,0.0008270571
48.8466140185,2.3155913361,0.0008375331
48.8515079091,2.3155913361,0.00080345443
48.8564017997,2.3155913361,0.00083270745
48.8612956903,2.3155913361,0.00084046455
48.8661895809,2.3155913361,0.0008595378
48.8710834715,2.3155913361,0.0008020804
48.8759773621,2.3155913361,0.0008176693
48.8808712527,2.3155913361,0.0004985599
48.8857651433,2.3155913361,0.0004643471
48.8906590339,2.3155913361,0.00020482414
48.8955529245,2.3155913361,0.0002596845
48.9004468151,2.3155913361,0.00025517744
48.9053407057,2.3155913361,0.00019967259
48.9102345963,2.3155913361,6.45685e-05
48.9151284869,2.3155913361,-3.1459822e-05
48.9200223775,2.3155913361,-5.823334e-05
48.9249162681,2.3155913361,-7.4275325e-05
48.9298101587,2.3155913361,-9.33403e-05
48.9347040493,2.3155913361,-0.00010680959
48.9395979399,2.3155913361,-0.00011298999
48.9444918305,2.3155913361,-0.0001164234
48.9493857211,2.3155913361,-0.00010836029
48.9542796117,2.3155913361,-0.00011547668
48.9591735023,2.3155913361,-0.00011547668
48.9640673929,2.3155913361,-0.00011547668
48.9689612835,2.3155913361,-0.00011547668
48.9738551741,2.3155913361,-0.00011547668
48.9787490647,2.3155913361,-0.00011547668
48.7389484253,2.3204852267,-9.391074e-05
48.7438423159,2.3204852267,-9.391074e-05
48.7487362065,2.3204852267,-9.391074e-05
48.7536300971,2.3204852267,-9.391074e-05
48.7585239877,2.3204852267,-9.391074e-05
48.7634178783,2.3204852267,-9.391074e-05
48.7683117689,2.3204852267,-9.983534e-05
48.7732056595,2.3204852267,-0.00010287607
48.7780995501,2.3204852267,-0.0001001838
48.7829934407,2.3204852267,-9.514044e-05
48.7878873313,2.3204852267,-7.6258264e-05
48.7927812219,2.3204852267,-5.4991826e-05
48.7976751125,2.3204852267,-3.554748e-05
48.8025690031,2.3204852267,4.2970823e-05
48.8074628937,2.3204852267,0.00010954674
48.8123567843,2.3204852267,6.214018e-05
48.8172506749,2.3204852267,0.00021238577
48.8221445655,2.3204852267,0.0004132194
48.8270384561,2.3204852267,0.00062665145
48.8319323467,2.3204852267,0.0011307771
48.8368262373,2.3204852267,0.0014024897
48.8417201279,2.3204852267,0.0015320947
48.8466140185,2.3204852267,0.0015425709
48.8515079091,2.3204852267,0.0014293892
48.8564017997,2.3204852267,0.001448462
48.8612956903,2.3204852267,0.0014562194
48.8661895809,2.3204852267,0.0014825842
48.8710834715,2.3204852267,0.0016691816
48.8759773621,2.3204852267,0.0019217548
48.8808712527,2.3204852267,0.0011931522
48.8857651433,2.3204852267,0.00064943184
48.8906590339,2.3204852267,0.00015755495
48.8955529245,2.3204852267,0.00013999516
48.9004468151,2.3204852267,0.00016297417
48.9053407057,2.3204852267,0.00014488092
48.9102345963,2.3204852267,9.7768825e-06
48.9151284869,2.3204852267,-7.406986e-05
48.9200223775,2.3204852267,-0.00010084342
48.9249162681,2.3204852267,-0.00011688541
48.9298101587,2.3204852267,-0.00013595032
48.9347040493,2.3204852267,-0.00014941963
48.9395979399,2.3204852267,-0.00015560004
48.9444918305,2.3204852267,-0.00015903344
48.9493857211,2.3204852267,-0.00015097031
48.9542796117,2.3204852267,-0.00015808672
48.9591735023,2.3204852267,-0.00015808672
48.9640673929,2.3204852267,-0.00015808672
48.9689612835,2.3204852267,-0.00015808672
48.9738551741,2.3204852267,-0.00015808672
48.9787490647,2.3204852267,-0.00015808672
48.7389484253,2.3253791173,-9.1576374e-05
48.7438423159,2.3253791173,-9.1576374e-05
48.7487362065,2.3253791173,-9.1576374e-05
48.7536300971,2.3253791173,-9.1576374e-05
48.7585239877,2.3253791173,-9.1576374e-05
48.7634178783,2.3253791173,-9.1576374e-05
48.7683117689,2.3253791173,-8.159689e-05
48.7732056595,2.3253791173,-8.373988e-05
48.7780995501,2.3253791173,-8.104761e-05
48.7829934407,2.3253791173,-7.6004275e-05
48.7878873313,2.3253791173,-5.712208e-05
48.7927812219,2.3253791173,-3.585567e-05
48.7976751125,2.3253791173,-1.6411317e-05
48.8025690031,2.3253791173,7.395916e-05
48.8074628937,2.3253791173,0.0001489757
48.8123567843,2.3253791173,0.0002477852
48.8172506749,2.3253791173,0.00048456833
48.8221445655,2.3253791173,0.00066248316
48.8270384561,2.3253791173,0.00085662847
48.8319323467,2.3253791173,0.0015073015
48.8368262373,2.3253791173,0.001779014
48.8417201279,2.3253791173,0.0019636597
48.8466140185,2.3253791173,0.00198996
48.8515079091,2.3253791173,0.0020944725
48.8564017997,2.3253791173,0.0020862434
48.8612956903,2.3253791173,0.0020940006
48.8661895809,2.3253791173,0.002120366
48.8710834715,2.3253791173,0.0023344168
48.8759773621,2.3253791173,0.0025698964
48.8808712527,2.3253791173,0.0018248418
48.8857651433,2.3253791173,0.0006928631
48.8906590339,2.3253791173,0.00018506446
48.8955529245,2.3253791173,0.00027296206
48.9004468151,2.3253791173,0.00033337864
48.9053407057,2.3253791173,0.00031810344
48.9102345963,2.3253791173,0.00012526748
48.9151284869,2.3253791173,-1.6492928e-05
48.9200223775,2.3253791173,-4.3266456e-05
48.9249162681,2.3253791173,-5.930842e-05
48.9298101587,2.3253791173,-7.8373356e-05
48.9347040493,2.3253791173,-9.1842674e-05
48.9395979399,2.3253791173,-9.8023076e-05
48.9444918305,2.3253791173,-0.000101456484
48.9493857211,2.3253791173,-9.242564e-05
48.9542796117,2.3253791173,-9.652798e-05
48.9591735023,2.3253791173,-9.652798e-05
48.9640673929,2.3253791173,-9.652798e-05
48.9689612835,2.3253791173,-9.652798e-05
48.9738551741,2.3253791173,-9.652798e-05
48.9787490647,2.3253791173,-9.652798e-05
48.7389484253,2.3302730079,-7.37555e-05
48.7438423159,2.3302730079,-7.37555e-05
48.7487362065,2.3302730079,-7.37555e-05
48.7536300971,2.3302730079,-7.37555e-05
48.7585239877,2.3302730079,-7.37555e-05
48.7634178783,2.3302730079,-7.37555e-05
48.7683117689,2.3302730079,-6.377602e-05
48.7732056595,2.3302730079,-6.5919005e-05
48.7780995501,2.3302730079,-6.322673e-05
48.7829934407,2.3302730079,-5.8183374e-05
48.7878873313,2.3302730079,-3.9301198e-05
48.7927812219,2.3302730079,-1.8034783e-05
48.7976751125,2.3302730079,1.4095722e-06
48.8025690031,2.3302730079,0.00010909081
48.8074628937,2.3302730079,0.00021732904
48.8123567843,2.3302730079,0.0003473907
48.8172506749,2.3302730079,0.00057072873
48.8221445655,2.3302730079,0.00088761636
48.8270384561,2.3302730079,0.0010697304
48.8319323467,2.3302730079,0.0017204041
48.8368262373,2.3302730079,0.0019921176
48.8417201279,2.3302730079,0.0021672016
48.8466140185,2.3302730079,0.002193501
48.8515079091,2.3302730079,0.0023109673
48.8564017997,2.3302730079,0.002294609
48.8612956903,2.3302730079,0.002284692
48.8661895809,2.3302730079,0.0021608889
48.8710834715,2.3302730079,0.0023320254
48.8759773621,2.3302730079,0.002567505
48.8808712527,2.3302730079,0.0018181005
48.8857651433,2.3302730079,0.0006332089
48.8906590339,2.3302730079,0.00014954917
48.8955529245,2.3302730079,0.00027602183
48.9004468151,2.3302730079,0.00033738386
48.9053407057,2.3302730079,0.00032260877
48.9102345963,2.3302730079,0.0001297729
48.9151284869,2.3302730079,-1.1987547e-05
48.9200223775,2.3302730079,-4.196399e-05
48.9249162681,2.3302730079,-5.8005942e-05
48.9298101587,2.3302730079,-7.707089e-05
48.9347040493,2.3302730079,-9.054019e-05
48.9395979399,2.3302730079,-9.722068e-05
48.9444918305,2.3302730079,-0.00010065409
48.9493857211,2.3302730079,-9.1623246e-05
48.9542796117,2.3302730079,-9.572559e-05
48.9591735023,2.3302730079,-9.572559e-05
48.9640673929,2.3302730079,-9.572559e-05
48.9689612835,2.3302730079,-9.572559e-05
48.9738551741,2.3302730079,-9.572559e-05
48.9787490647,2.3302730079,-9.572559e-05
48.7389484253,2.3351668985000003,3.9176623e-05
48.7438423159,2.3351668985000003,3.9176623e-05
48.7487362065,2.3351668985000003,3.9176623e-05
48.7536300971,2.3351668985000003,3.9176623e-05
48.7585239877,2.3351668985000003,3.9176623e-05
48.7634178783,2.3351668985000003,3.9176623e-05
48.7683117689,2.3351668985000003,4.9156093e-05
48.7732056595,2.3351668985000003,4.701309e-05
48.7780995501,2.3351668985000003,4.970537e-05
48.7829934407,2.3351668985000003,5.4748743e-05
48.7878873313,2.3351668985000003,7.3630916e-05
48.7927812219,2.3351668985000003,9.489735e-05
48.7976751125,2.3351668985000003,0.00011620029
48.8025690031,2.3351668985000003,0.00022388155
48.8074628937,2.3351668985000003,0.00042719903
48.8123567843,2.3351668985000003,0.0006712777
48.8172506749,2.3351668985000003,0.00074164616
48.8221445655,2.3351668985000003,0.0010306223
48.8270384561,2.3351668985000003,0.0012169582
48.8319323467,2.3351668985000003,0.001866721
48.8368262373,2.3351668985000003,0.0021335299
48.8417201279,2.3351668985000003,0.0023549213
48.8466140185,2.3351668985000003,0.0023184058
48.8515079091,2.3351668985000003,0.0024541016
48.8564017997,2.3351668985000003,0.0024218108
48.8612956903,2.3351668985000003,0.0023898405
48.8661895809,2.3351668985000003,0.0022660375
48.8710834715,2.3351668985000003,0.00246513
48.8759773621,2.3351668985000003,0.0022865331
48.8808712527,2.3351668985000003,0.0015594222
48.8857651433,2.3351668985000003,0.0003973286
48.8906590339,2.3351668985000003,2.872069e-05
48.8955529245,2.3351668985000003,0.00027492334
48.9004468151,2.3351668985000003,0.00039245104
48.9053407057,2.3351668985000003,0.00039631894
48.9102345963,2.3351668985000003,0.00020348311
48.9151284869,2.3351668985000003,6.172267e-05
48.9200223775,2.3351668985000003,3.1746255e-05
48.9249162681,2.3351668985000003,1.5704285e-05
48.9298101587,2.3351668985000003,-7.3231986e-06
48.9347040493,2.3351668985000003,-2.0792502e-05
48.9395979399,2.3351668985000003,-2.7472994e-05
48.9444918305,2.3351668985000003,-3.090639e-05
48.9493857211,2.3351668985000003,-2.1875547e-05
48.9542796117,2.3351668985000003,-2.5977892e-05
48.9591735023,2.3351668985000003,-2.5977892e-05
48.9640673929,2.3351668985000003,-2.5977892e-05
48.9689612835,2.3351668985000003,-2.5977892e-05
48.9738551741,2.3351668985000003,-2.5977892e-05
48.9787490647,2.3351668985000003,-2.5977892e-05
48.7389484253,2.3400607891000003,4.819075e-05
48.7438423159,2.3400607891000003,4.819075e-05
48.7487362065,2.3400607891000003,4.819075e-05
48.7536300971,2.3400607891000003,4.819075e-05
48.7585239877,2.3400607891000003,4.819075e-05
48.7634178783,2.3400607891000003,4.819075e-05
48.7683117689,2.3400607891000003,5.817024e-05
48.7732056595,2.3400607891000003,5.6027253e-05
48.7780995501,2.3400607891000003,5.8719514e-05
48.7829934407,2.3400607891000003,6.376288e-05
48.7878873313,2.3400607891000003,8.264505e-05
48.7927812219,2.3400607891000003,0.000103911465
48.7976751125,2.3400607891000003,0.00012660818
48.8025690031,2.3400607891000003,0.00023535854
48.8074628937,2.3400607891000003,0.00043867607
48.8123567843,2.3400607891000003,0.0007031888
48.8172506749,2.3400607891000003,0.0009298987
48.8221445655,2.3400607891000003,0.0012737875
48.8270384561,2.3400607891000003,0.0014830949
48.8319323467,2.3400607891000003,0.0021304449
48.8368262373,2.3400607891000003,0.0022906743
48.8417201279,2.3400607891000003,0.0025122655
48.8466140185,2.3400607891000003,0.0024847637
48.8515079091,2.3400607891000003,0.0028783213
48.8564017997,2.3400607891000003,0.0028460305
48.8612956903,2.3400607891000003,0.0028140603
48.8661895809,2.3400607891000003,0.0026575474
48.8710834715,2.3400607891000003,0.0026215662
48.8759773621,2.3400607891000003,0.0024429688
48.8808712527,2.3400607891000003,0.0017955884
48.8857651433,2.3400607891000003,0.0006450039
48.8906590339,2.3400607891000003,0.00020671467
48.8955529245,2.3400607891000003,0.0004097138
48.9004468151,2.3400607891000003,0.00042944308
48.9053407057,2.3400607891000003,0.00045842785
48.9102345963,2.3400607891000003,0.00024766673
48.9151284869,2.3400607891000003,0.00010472267
48.9200223775,2.3400607891000003,7.474619e-05
48.9249162681,2.3400607891000003,4.4656023e-05
48.9298101587,2.3400607891000003,2.1628568e-05
48.9347040493,2.3400607891000003,8.159252e-06
48.9395979399,2.3400607891000003,1.478763e-06
48.9444918305,2.3400607891000003,-1.9546442e-06
48.9493857211,2.3400607891000003,7.0762107e-06
48.9542796117,2.3400607891000003,2.9738667e-06
48.9591735023,2.3400607891000003,2.9738667e-06
48.9640673929,2.3400607891000003,2.9738667e-06
48.9689612835,2.3400607891000003,2.9738667e-06
48.9738551741,2.3400607891000003,2.9738667e-06
48.9787490647,2.3400607891000003,2.9738667e-06
48.7389484253,2.3449546797000003,6.238599e-05
48.7438423159,2.3449546797000003,6.238599e-05
48.7487362065,2.3449546797000003,6.238599e-05
48.7536300971,2.3449546797000003,6.238599e-05
48.7585239877,2.3449546797000003,6.238599e-05
48.7634178783,2.3449546797000003,6.238599e-05
48.7683117689,2.3449546797000003,7.236548e-05
48.7732056595,2.3449546797000003,7.022249e-05
48.7780995501,2.3449546797000003,7.291476e-05
48.7829934407,2.3449546797000003,7.795812e-05
48.7878873313,2.3449546797000003,9.684029e-05
48.7927812219,2.3449546797000003,0.00011810669
48.7976751125,2.3449546797000003,0.0001408034
48.8025690031,2.3449546797000003,0.00024955376
48.8074628937,2.3449546797000003,0.00044530162
48.8123567843,2.3449546797000003,0.00073949463
48.8172506749,2.3449546797000003,0.0010104331
48.8221445655,2.3449546797000003,0.0014577493
48.8270384561,2.3449546797000003,0.0017240468
48.8319323467,2.3449546797000003,0.0023747033
48.8368262373,2.3449546797000003,0.0025349332
48.8417201279,2.3449546797000003,0.0027752584
48.8466140185,2.3449546797000003,0.0027197127
48.8515079091,2.3449546797000003,0.003101045
48.8564017997,2.3449546797000003,0.0030687542
48.8612956903,2.3449546797000003,0.003036784
48.8661895809,2.3449546797000003,0.0028736766
48.8710834715,2.3449546797000003,0.0028133616
48.8759773621,2.3449546797000003,0.0026347646
48.8808712527,2.3449546797000003,0.0019873849
48.8857651433,2.3449546797000003,0.00090195786
48.8906590339,2.3449546797000003,0.00039616635
48.8955529245,2.3449546797000003,0.00061311404
48.9004468151,2.3449546797000003,0.0006336374
48.9053407057,2.3449546797000003,0.0005057126
48.9102345963,2.3449546797000003,0.0002949516
48.9151284869,2.3449546797000003,0.00015200755
48.9200223775,2.3449546797000003,0.00012001102
48.9249162681,2.3449546797000003,8.42955e-05
48.9298101587,2.3449546797000003,6.1268016e-05
48.9347040493,2.3449546797000003,4.700431e-05
48.9395979399,2.3449546797000003,4.032383e-05
48.9444918305,2.3449546797000003,3.5327583e-05
48.9493857211,2.3449546797000003,4.435842e-05
48.9542796117,2.3449546797000003,4.025609e-05
48.9591735023,2.3449546797000003,4.025609e-05
48.9640673929,2.3449546797000003,4.025609e-05
48.9689612835,2.3449546797000003,4.025609e-05
48.9738551741,2.3449546797000003,4.025609e-05
48.9787490647,2.3449546797000003,4.025609e-05
48.7389484253,2.3498485703,5.3688287e-05
48.7438423159,2.3498485703,5.3688287e-05
48.7487362065,2.3498485703,5.3688287e-05
48.7536300971,2.3498485703,5.3688287e-05
48.7585239877,2.3498485703,5.3688287e-05
48.7634178783,2.3498485703,5.3688287e-05
48.7683117689,2.3498485703,6.3667765e-05
48.7732056595,2.3498485703,6.152478e-05
48.7780995501,2.3498485703,6.421703e-05
48.7829934407,2.3498485703,6.9260386e-05
48.7878873313,2.3498485703,8.814256e-05
48.7927812219,2.3498485703,0.00010940898
48.7976751125,2.3498485703,0.00013210565
48.8025690031,2.3498485703,0.00024085602
48.8074628937,2.3498485703,0.00043660382
48.8123567843,2.3498485703,0.00071961625
48.8172506749,2.3498485703,0.0010289354
48.8221445655,2.3498485703,0.0014548923
48.8270384561,2.3498485703,0.0017032569
48.8319323467,2.3498485703,0.0023686483
48.8368262373,2.3498485703,0.0025288777
48.8417201279,2.3498485703,0.0028851512
48.8466140185,2.3498485703,0.002829605
48.8515079091,2.3498485703,0.0037886435
48.8564017997,2.3498485703,0.0037788935
48.8612956903,2.3498485703,0.0038832538
48.8661895809,2.3498485703,0.0037201464
48.8710834715,2.3498485703,0.0036520872
48.8759773621,2.3498485703,0.0034734902
48.8808712527,2.3498485703,0.0028488727
48.8857651433,2.3498485703,0.0020672875
48.8906590339,2.3498485703,0.0013356219
48.8955529245,2.3498485703,0.0009233558
48.9004468151,2.3498485703,0.00089753885
48.9053407057,2.3498485703,0.00047999242
48.9102345963,2.3498485703,0.00031812603
48.9151284869,2.3498485703,0.00017518192
48.9200223775,2.3498485703,0.00013123384
48.9249162681,2.3498485703,9.5518255e-05
48.9298101587,2.3498485703,7.2490766e-05
48.9347040493,2.3498485703,5.822704e-05
48.9395979399,2.3498485703,4.8697024e-05
48.9444918305,2.3498485703,4.051518e-05
48.9493857211,2.3498485703,4.9546026e-05
48.9542796117,2.3498485703,4.544368e-05
48.9591735023,2.3498485703,4.544368e-05
48.9640673929,2.3498485703,4.544368e-05
48.9689612835,2.3498485703,4.544368e-05
48.9738551741,2.3498485703,4.544368e-05
48.9787490647,2.3498485703,4.544368e-05
48.7389484253,2.3547424609,1.2732944e-05
48.7438423159,2.3547424609,1.2732944e-05
48.7487362065,2.3547424609,1.2732944e-05
48.7536300971,2.3547424609,1.2732944e-05
48.7585239877,2.3547424609,1.2732944e-05
48.7634178783,2.3547424609,1.2732944e-05
48.7683117689,2.3547424609,2.271243e-05
48.7732056595,2.3547424609,2.0569438e-05
48.7780995501,2.3547424609,2.3261713e-05
48.7829934407,2.3547424609,2.8305074e-05
48.7878873313,2.3547424609,4.7187263e-05
48.7927812219,2.3547424609,6.84537e-05
48.7976751125,2.3547424609,9.115035e-05
48.8025690031,2.3547424609,0.00020072225
48.8074628937,2.3547424609,0.00039647
48.8123567843,2.3547424609,0.0006458477
48.8172506749,2.3547424609,0.0011034918
48.8221445655,2.3547424609,0.0016191469
48.8270384561,2.3547424609,0.0019244252
48.8319323467,2.3547424609,0.0025907275
48.8368262373,2.3547424609,0.002790369
48.8417201279,2.3547424609,0.0032294611
48.8466140185,2.3547424609,0.0031739154
48.8515079091,2.3547424609,0.004132954
48.8564017997,2.3547424609,0.004150179
48.8612956903,2.3547424609,0.0042545386
48.8661895809,2.3547424609,0.004110488
48.8710834715,2.3547424609,0.0040517845
48.8759773621,2.3547424609,0.004421889
48.8808712527,2.3547424609,0.0037559867
48.8857651433,2.3547424609,0.0027373368
48.8906590339,2.3547424609,0.001901975
48.8955529245,2.3547424609,0.0013963035
48.9004468151,2.3547424609,0.0012994842
48.9053407057,2.3547424609,0.00073280866
48.9102345963,2.3547424609,0.0004531577
48.9151284869,2.3547424609,0.00031021377
48.9200223775,2.3547424609,0.0002662656
48.9249162681,2.3547424609,0.00022706142
48.9298101587,2.3547424609,0.00020403395
48.9347040493,2.3547424609,0.00018977019
48.9395979399,2.3547424609,0.00018024017
48.9444918305,2.3547424609,0.00016003154
48.9493857211,2.3547424609,0.00014347251
48.9542796117,2.3547424609,0.00013937015
48.9591735023,2.3547424609,0.00013937015
48.9640673929,2.3547424609,0.00013937015
48.9689612835,2.3547424609,0.00013937015
48.9738551741,2.3547424609,0.00013937015
48.9787490647,2.3547424609,0.00013937015
48.7389484253,2.3596363515,2.5096733e-07
48.7438423159,2.3596363515,2.5096733e-07
48.7487362065,2.3596363515,2.5096733e-07
48.7536300971,2.3596363515,2.5096733e-07
48.7585239877,2.3596363515,2.5096733e-07
48.7634178783,2.3596363515,2.5096733e-07
48.7683117689,2.3596363515,1.0230457e-05
48.7732056595,2.3596363515,8.087469e-06
48.7780995501,2.3596363515,1.0779737e-05
48.7829934407,2.3596363515,1.582309e-05
48.7878873313,2.3596363515,3.4705266e-05
48.7927812219,2.3596363515,5.5971723e-05
48.7976751125,2.3596363515,7.86684e-05
48.8025690031,2.3596363515,0.00018824027
48.8074628937,2.3596363515,0.00038398796
48.8123567843,2.3596363515,0.0006333658
48.8172506749,2.3596363515,0.0010910097
48.8221445655,2.3596363515,0.0016421694
48.8270384561,2.3596363515,0.0019474477
48.8319323467,2.3596363515,0.002617351
48.8368262373,2.3596363515,0.0028611277
48.8417201279,2.3596363515,0.0035045543
48.8466140185,2.3596363515,0.0034490083
48.8515079091,2.3596363515,0.004267615
48.8564017997,2.3596363515,0.004238362
48.8612956903,2.3596363515,0.0043427213
48.8661895809,2.3596363515,0.0041986695
48.8710834715,2.3596363515,0.0041671162
48.8759773621,2.3596363515,0.0045610582
48.8808712527,2.3596363515,0.0038951542
48.8857651433,2.3596363515,0.0028765048
48.8906590339,2.3596363515,0.002041144
48.8955529245,2.3596363515,0.0015354715
48.9004468151,2.3596363515,0.001394517
48.9053407057,2.3596363515,0.0007573452
48.9102345963,2.3596363515,0.00047713701
48.9151284869,2.3596363515,0.0003341931
48.9200223775,2.3596363515,0.00029024488
48.9249162681,2.3596363515,0.0002576347
48.9298101587,2.3596363515,0.00023460726
48.9347040493,2.3596363515,0.00022034351
48.9395979399,2.3596363515,0.00021081346
48.9444918305,2.3596363515,0.00019060484
48.9493857211,2.3596363515,0.00017404578
48.9542796117,2.3596363515,0.00016994345
48.9591735023,2.3596363515,0.00016994345
48.9640673929,2.3596363515,0.00016994345
48.9689612835,2.3596363515,0.00016994345
48.9738551741,2.3596363515,0.00016994345
48.9787490647,2.3596363515,0.00016994345
48.7389484253,2.3645302421,4.664454e-05
48.7438423159,2.3645302421,4.664454e-05
48.7487362065,2.3645302421,4.664454e-05
48.7536300971,2.3645302421,4.664454e-05
48.7585239877,2.3645302421,4.664454e-05
48.7634178783,2.3645302421,4.664454e-05
48.7683117689,2.3645302421,4.884226e-05
48.7732056595,2.3645302421,4.669928e-05
48.7780995501,2.3645302421,4.9391536e-05
48.7829934407,2.3645302421,5.443493e-05
48.7878873313,2.3645302421,7.33171e-05
48.7927812219,2.3645302421,9.45835e-05
48.7976751125,2.3645302421,0.00011728016
48.8025690031,2.3645302421,0.00022685209
48.8074628937,2.3645302421,0.00042259978
48.8123567843,2.3645302421,0.0006696553
48.8172506749,2.3645302421,0.0010901247
48.8221445655,2.3645302421,0.0016684234
48.8270384561,2.3645302421,0.001970456
48.8319323467,2.3645302421,0.0026403605
48.8368262373,2.3645302421,0.0036823605
48.8417201279,2.3645302421,0.0049279137
48.8466140185,2.3645302421,0.0048568626
48.8515079091,2.3645302421,0.0042756586
48.8564017997,2.3645302421,0.0042227497
48.8612956903,2.3645302421,0.0041340743
48.8661895809,2.3645302421,0.0039709676
48.8710834715,2.3645302421,0.0038245243
48.8759773621,2.3645302421,0.0042993636
48.8808712527,2.3645302421,0.0038003942
48.8857651433,2.3645302421,0.0028057816
48.8906590339,2.3645302421,0.002098552
48.8955529245,2.3645302421,0.0015765685
48.9004468151,2.3645302421,0.0014207902
48.9053407057,2.3645302421,0.0007192933
48.9102345963,2.3645302421,0.0004390852
48.9151284869,2.3645302421,0.00029614128
48.9200223775,2.3645302421,0.00025219316
48.9249162681,2.3645302421,0.00021958293
48.9298101587,2.3645302421,0.0002011985
48.9347040493,2.3645302421,0.0001869348
48.9395979399,2.3645302421,0.00017740473
48.9444918305,2.3645302421,0.00015719612
48.9493857211,2.3645302421,0.00014063706
48.9542796117,2.3645302421,0.00013653471
48.9591735023,2.3645302421,0.00013653471
48.9640673929,2.3645302421,0.00013653471
48.9689612835,2.3645302421,0.00013653471
48.9738551741,2.3645302421,0.00013653471
48.9787490647,2.3645302421,0.00013653471
48.7389484253,2.3694241327,-2.1176293e-06
48.7438423159,2.3694241327,-2.1176293e-06
48.7487362065,2.3694241327,-2.1176293e-06
48.7536300971,2.3694241327,-2.1176293e-06
48.7585239877,2.3694241327,-2.1176293e-06
48.7634178783,2.3694241327,-2.1176293e-06
48.7683117689,2.3694241327,8.009738e-08
48.7732056595,2.3694241327,-2.062894e-06
48.7780995501,2.3694241327,6.293776e-07
48.7829934407,2.3694241327,5.6727367e-06
48.7878873313,2.3694241327,2.4554927e-05
48.7927812219,2.3694241327,4.5821333e-05
48.7976751125,2.3694241327,6.851801e-05
48.8025690031,2.3694241327,0.00016482716
48.8074628937,2.3694241327,0.00049700117
48.8123567843,2.3694241327,0.00080761267
48.8172506749,2.3694241327,0.0012662907
48.8221445655,2.3694241327,0.0019503097
48.8270384561,2.3694241327,0.0022888065
48.8319323467,2.3694241327,0.0030475985
48.8368262373,2.3694241327,0.0049625146
48.8417201279,2.3694241327,0.007721795
48.8466140185,2.3694241327,0.007010419
48.8515079091,2.3694241327,0.0036269967
48.8564017997,2.3694241327,0.0034421252
48.8612956903,2.3694241327,0.0031873402
48.8661895809,2.3694241327,0.002998361
48.8710834715,2.3694241327,0.0026665677
48.8759773621,2.3694241327,0.0029513657
48.8808712527,2.3694241327,0.0026801215
48.8857651433,2.3694241327,0.0020580632
48.8906590339,2.3694241327,0.0015948063
48.8955529245,2.3694241327,0.0015852969
48.9004468151,2.3694241327,0.0013901541
48.9053407057,2.3694241327,0.00068412727
48.9102345963,2.3694241327,0.0003974455
48.9151284869,2.3694241327,0.00025450153
48.9200223775,2.3694241327,0.00021055341
48.9249162681,2.3694241327,0.00017794322
48.9298101587,2.3694241327,0.00015955883
48.9347040493,2.3694241327,0.0001452951
48.9395979399,2.3694241327,0.00013576505
48.9444918305,2.3694241327,0.00011555641
48.9493857211,2.3694241327,9.899736e-05
48.9542796117,2.3694241327,9.489503e-05
48.9591735023,2.3694241327,9.489503e-05
48.9640673929,2.3694241327,9.489503e-05
48.9689612835,2.3694241327,9.489503e-05
48.9738551741,2.3694241327,9.489503e-05
48.9787490647,2.3694241327,9.489503e-05
48.7389484253,2.3743180233,6.573438e-05
48.7438423159,2.3743180233,6.573438e-05
48.7487362065,2.3743180233,6.573438e-05
48.7536300971,2.3743180233,6.573438e-05
48.7585239877,2.3743180233,6.573438e-05
48.7634178783,2.3743180233,6.573438e-05
48.7683117689,2.3743180233,6.876157e-05
48.7732056595,2.3743180233,6.661857e-05
48.7780995501,2.3743180233,6.9310845e-05
48.7829934407,2.3743180233,7.435421e-05
48.7878873313,2.3743180233,9.3236355e-05
48.7927812219,2.3743180233,0.000114502785
48.7976751125,2.3743180233,0.00013719955
48.8025690031,2.3743180233,0.00019679056
48.8074628937,2.3743180233,0.00050298887
48.8123567843,2.3743180233,0.00067722116
48.8172506749,2.3743180233,0.0012183737
48.8221445655,2.3743180233,0.0019491421
48.8270384561,2.3743180233,0.0022642354
48.8319323467,2.3743180233,0.003023027
48.8368262373,2.3743180233,0.0049379435
48.8417201279,2.3743180233,0.00795694
48.8466140185,2.3743180233,0.0072507774
48.8515079091,2.3743180233,0.0038579218
48.8564017997,2.3743180233,0.0036730503
48.8612956903,2.3743180233,0.0034182654
48.8661895809,2.3743180233,0.003229286
48.8710834715,2.3743180233,0.0029092163
48.8759773621,2.3743180233,0.0026878864
48.8808712527,2.3743180233,0.0024492193
48.8857651433,2.3743180233,0.0020811849
48.8906590339,2.3743180233,0.0016239011
48.8955529245,2.3743180233,0.0016178045
48.9004468151,2.3743180233,0.0014226617
48.9053407057,2.3743180233,0.0007166345
48.9102345963,2.3743180233,0.0004299527
48.9151284869,2.3743180233,0.00028700876
48.9200223775,2.3743180233,0.00024306067
48.9249162681,2.3743180233,0.00021045044
48.9298101587,2.3743180233,0.00019206601
48.9347040493,2.3743180233,0.00017780231
48.9395979399,2.3743180233,0.00016827227
48.9444918305,2.3743180233,0.00014806363
48.9493857211,2.3743180233,0.0001315046
48.9542796117,2.3743180233,0.00012740227
48.9591735023,2.3743180233,0.00012740227
48.9640673929,2.3743180233,0.00012740227
48.9689612835,2.3743180233,0.00012740227
48.9738551741,2.3743180233,0.00012740227
48.9787490647,2.3743180233,0.00012740227
48.7389484253,2.3792119139,0.00017843895
48.7438423159,2.3792119139,0.00017843895
48.7487362065,2.3792119139,0.00017843895
48.7536300971,2.3792119139,0.00017843895
48.7585239877,2.3792119139,0.00017843895
48.7634178783,2.3792119139,0.00017843895
48.7683117689,2.3792119139,0.00018146611
48.7732056595,2.3792119139,0.00020299494
48.7780995501,2.3792119139,0.0002056872
48.7829934407,2.3792119139,0.00021073058
48.7878873313,2.3792119139,0.00022381094
48.7927812219,2.3792119139,0.00024507733
48.7976751125,2.3792119139,0.00026306385
48.8025690031,2.3792119139,0.0003136824
48.8074628937,2.3792119139,0.0005513499
48.8123567843,2.3792119139,0.0007231835
48.8172506749,2.3792119139,0.001345396
48.8221445655,2.3792119139,0.002093088
48.8270384561,2.3792119139,0.0024551002
48.8319323467,2.3792119139,0.0032665234
48.8368262373,2.3792119139,0.005181439
48.8417201279,2.3792119139,0.007989872
48.8466140185,2.3792119139,0.007283709
48.8515079091,2.3792119139,0.0037874675
48.8564017997,2.3792119139,0.0033885182
48.8612956903,2.3792119139,0.0031337333
48.8661895809,2.3792119139,0.0028270045
48.8710834715,2.3792119139,0.0024812743
48.8759773621,2.3792119139,0.0022599443
48.8808712527,2.3792119139,0.0019996683
48.8857651433,2.3792119139,0.0017560024
48.8906590339,2.3792119139,0.0013736102
48.8955529245,2.3792119139,0.0015277151
48.9004468151,2.3792119139,0.0013952159
48.9053407057,2.3792119139,0.00068918895
48.9102345963,2.3792119139,0.00046176818
48.9151284869,2.3792119139,0.0003188243
48.9200223775,2.3792119139,0.00027487613
48.9249162681,2.3792119139,0.00024226603
48.9298101587,2.3792119139,0.00022388162
48.9347040493,2.3792119139,0.00021091549
48.9395979399,2.3792119139,0.00020138544
48.9444918305,2.3792119139,0.00018273965
48.9493857211,2.3792119139,0.00016618063
48.9542796117,2.3792119139,0.00016207829
48.9591735023,2.3792119139,0.00016207829
48.9640673929,2.3792119139,0.00016207829
48.9689612835,2.3792119139,0.00016207829
48.9738551741,2.3792119139,0.00016207829
48.9787490647,2.3792119139,0.00016207829
48.7389484253,2.3841058045,0.00021347983
48.7438423159,2.3841058045,0.00021347983
48.7487362065,2.3841058045,0.00021347983
48.7536300971,2.3841058045,0.00021347983
48.7585239877,2.3841058045,0.00021347983
48.7634178783,2.3841058045,0.00021347983
48.7683117689,2.3841058045,0.00021650699
48.7732056595,2.3841058045,0.00023803579
48.7780995501,2.3841058045,0.00024072808
48.7829934407,2.3841058045,0.00024577143
48.7878873313,2.3841058045,0.00025885183
48.7927812219,2.3841058045,0.00028011826
48.7976751125,2.3841058045,0.00029810466
48.8025690031,2.3841058045,0.00034393527
48.8074628937,2.3841058045,0.00058160274
48.8123567843,2.3841058045,0.0007582245
48.8172506749,2.3841058045,0.0012003242
48.8221445655,2.3841058045,0.0018879824
48.8270384561,2.3841058045,0.0024533542
48.8319323467,2.3841058045,0.0032647771
48.8368262373,2.3841058045,0.004425514
48.8417201279,2.3841058045,0.0056465124
48.8466140185,2.3841058045,0.0049403463
48.8515079091,2.3841058045,0.003446855
48.8564017997,2.3841058045,0.0028456126
48.8612956903,2.3841058045,0.0025541498
48.8661895809,2.3841058045,0.0022565266
48.8710834715,2.3841058045,0.0018977225
48.8759773621,2.3841058045,0.0016644346
48.8808712527,2.3841058045,0.0013827209
48.8857651433,2.3841058045,0.0009765746
48.8906590339,2.3841058045,0.00091660314
48.8955529245,2.3841058045,0.0011297966
48.9004468151,2.3841058045,0.0009995435
48.9053407057,2.3841058045,0.0006599637
48.9102345963,2.3841058045,0.00043091422
48.9151284869,2.3841058045,0.00028797038
48.9200223775,2.3841058045,0.00025692812
48.9249162681,2.3841058045,0.0002243179
48.9298101587,2.3841058045,0.00020593351
48.9347040493,2.3841058045,0.00019296737
48.9395979399,2.3841058045,0.00018628688
48.9444918305,2.3841058045,0.00017082668
48.9493857211,2.3841058045,0.00015426763
48.9542796117,2.3841058045,0.00015016529
48.9591735023,2.3841058045,0.00015016529
48.9640673929,2.3841058045,0.00015016529
48.9689612835,2.3841058045,0.00015016529
48.9738551741,2.3841058045,0.00015016529
48.9787490647,2.3841058045,0.00015016529
48.7389484253,2.3889996951,0.00025601612
48.7438423159,2.3889996951,0.00025601612
48.7487362065,2.3889996951,0.00025601612
48.7536300971,2.3889996951,0.00025601612
48.7585239877,2.3889996951,0.00025601612
48.7634178783,2.3889996951,0.00025601612
48.7683117689,2.3889996951,0.0002590433
48.7732056595,2.3889996951,0.00028057213
48.7780995501,2.3889996951,0.0002832644
48.7829934407,2.3889996951,0.00028830778
48.7878873313,2.3889996951,0.0002987684
48.7927812219,2.3889996951,0.00032003486
48.7976751125,2.3889996951,0.00033633568
48.8025690031,2.3889996951,0.0003821663
48.8074628937,2.3889996951,0.00061983377
48.8123567843,2.3889996951,0.0007816289
48.8172506749,2.3889996951,0.0010912148
48.8221445655,2.3889996951,0.001579027
48.8270384561,2.3889996951,0.0022449791
48.8319323467,2.3889996951,0.0029899697
48.8368262373,2.3889996951,0.0036417707
48.8417201279,2.3889996951,0.0039715357
48.8466140185,2.3889996951,0.00396187
48.8515079091,2.3889996951,0.0029552216
48.8564017997,2.3889996951,0.0024265612
48.8612956903,2.3889996951,0.00205933
48.8661895809,2.3889996951,0.0019267759
48.8710834715,2.3889996951,0.0016094293
48.8759773621,2.3889996951,0.0013761423
48.8808712527,2.3889996951,0.0010330477
48.8857651433,2.3889996951,0.0007070189
48.8906590339,2.3889996951,0.00084935233
48.8955529245,2.3889996951,0.0010625456
48.9004468151,2.3889996951,0.00094778236
48.9053407057,2.3889996951,0.00069452904
48.9102345963,2.3889996951,0.00046547956
48.9151284869,2.3889996951,0.0003225356
48.9200223775,2.3889996951,0.00029149337
48.9249162681,2.3889996951,0.0002598334
48.9298101587,2.3889996951,0.00024144897
48.9347040493,2.3889996951,0.00023257565
48.9395979399,2.3889996951,0.00022865407
48.9444918305,2.3889996951,0.00021319388
48.9493857211,2.3889996951,0.00019663484
48.9542796117,2.3889996951,0.00019253249
48.9591735023,2.3889996951,0.00019253249
48.9640673929,2.3889996951,0.00019253249
48.9689612835,2.3889996951,0.00019253249
48.9738551741,2.3889996951,0.00019253249
48.9787490647,2.3889996951,0.00019253249
48.7389484253,2.3938935857,0.00026188098
48.7438423159,2.3938935857,0.00026188098
48.7487362065,2.3938935857,0.00026188098
48.7536300971,2.3938935857,0.00026188098
48.7585239877,2.3938935857,0.00026188098
48.7634178783,2.3938935857,0.00026188098
48.7683117689,2.3938935857,0.00026490813
48.7732056595,2.3938935857,0.00028643693
48.7780995501,2.3938935857,0.00028912915
48.7829934407,2.3938935857,0.00029417253
48.7878873313,2.3938935857,0.0003046332
48.7927812219,2.3938935857,0.0003227728
48.7976751125,2.3938935857,0.00033907368
48.8025690031,2.3938935857,0.0003849043
48.8074628937,2.3938935857,0.0005631547
48.8123567843,2.3938935857,0.00069639814
48.8172506749,2.3938935857,0.0007654398
48.8221445655,2.3938935857,0.0012818029
48.8270384561,2.3938935857,0.0018699096
48.8319323467,2.3938935857,0.0025488657
48.8368262373,2.3938935857,0.0029246795
48.8417201279,2.3938935857,0.0032544436
48.8466140185,2.3938935857,0.0032667413
48.8515079091,2.3938935857,0.0024621165
48.8564017997,2.3938935857,0.0020029668
48.8612956903,2.3938935857,0.0018020831
48.8661895809,2.3938935857,0.0016761343
48.8710834715,2.3938935857,0.0014557289
48.8759773621,2.3938935857,0.0012224419
48.8808712527,2.3938935857,0.0009279997
48.8857651433,2.3938935857,0.0006118517
48.8906590339,2.3938935857,0.00071632396
48.8955529245,2.3938935857,0.0009355398
48.9004468151,2.3938935857,0.0008048565
48.9053407057,2.3938935857,0.0006941042
48.9102345963,2.3938935857,0.0004051447
48.9151284869,2.3938935857,0.00030728956
48.9200223775,2.3938935857,0.0002762474
48.9249162681,2.3938935857,0.00024458734
48.9298101587,2.3938935857,0.00023073376
48.9347040493,2.3938935857,0.00022186045
48.9395979399,2.3938935857,0.00022186045
48.9444918305,2.3938935857,0.00020640026
48.9493857211,2.3938935857,0.00018984122
48.9542796117,2.3938935857,0.00018573887
48.9591735023,2.3938935857,0.00018573887
48.9640673929,2.3938935857,0.00018573887
48.9689612835,2.3938935857,0.00018573887
48.9738551741,2.3938935857,0.00018573887
48.9787490647,2.3938935857,0.00018573887
48.7389484253,2.3987874763,0.0002346405
48.7438423159,2.3987874763,0.0002346405
48.7487362065,2.3987874763,0.0002346405
48.7536300971,2.3987874763,0.0002346405
48.7585239877,2.3987874763,0.0002346405
48.7634178783,2.3987874763,0.0002346405
48.7683117689,2.3987874763,0.00023766767
48.7732056595,2.3987874763,0.00025919656
48.7780995501,2.3987874763,0.0002618888
48.7829934407,2.3987874763,0.00026693215
48.7878873313,2.3987874763,0.0002773928
48.7927812219,2.3987874763,0.0002955324
48.7976751125,2.3987874763,0.00031183322
48.8025690031,2.3987874763,0.00035766384
48.8074628937,2.3987874763,0.0005274736
48.8123567843,2.3987874763,0.0006218464
48.8172506749,2.3987874763,0.0006908881
48.8221445655,2.3987874763,0.001148384
48.8270384561,2.3987874763,0.0017364906
48.8319323467,2.3987874763,0.0021472652
48.8368262373,2.3987874763,0.0025230786
48.8417201279,2.3987874763,0.0028528427
48.8466140185,2.3987874763,0.0028651403
48.8515079091,2.3987874763,0.0021804082
48.8564017997,2.3987874763,0.0017584225
48.8612956903,2.3987874763,0.0015665886
48.8661895809,2.3987874763,0.0015358201
48.8710834715,2.3987874763,0.0013154144
48.8759773621,2.3987874763,0.0010821277
48.8808712527,2.3987874763,0.0007786377
48.8857651433,2.3987874763,0.00069523224
48.8906590339,2.3987874763,0.00063999643
48.8955529245,2.3987874763,0.0007073009
48.9004468151,2.3987874763,0.00043907875
48.9053407057,2.3987874763,0.00024279217
48.9102345963,2.3987874763,0.0002966558
48.9151284869,2.3987874763,0.00026052564
48.9200223775,2.3987874763,0.00023946703
48.9249162681,2.3987874763,0.00021271712
48.9298101587,2.3987874763,0.00019886356
48.9347040493,2.3987874763,0.00018999027
48.9395979399,2.3987874763,0.00018999027
48.9444918305,2.3987874763,0.00017453008
48.9493857211,2.3987874763,0.00015797104
48.9542796117,2.3987874763,0.00015386869
48.9591735023,2.3987874763,0.00015386869
48.9640673929,2.3987874763,0.00015386869
48.9689612835,2.3987874763,0.00015386869
48.9738551741,2.3987874763,0.00015386869
48.9787490647,2.3987874763,0.00015386869
48.7389484253,2.4036813669,0.0002028077
48.7438423159,2.4036813669,0.0002028077
48.7487362065,2.4036813669,0.0002028077
48.7536300971,2.4036813669,0.0002028077
48.7585239877,2.4036813669,0.0002028077
48.7634178783,2.4036813669,0.0002028077
48.7683117689,2.4036813669,0.00020583486
48.7732056595,2.4036813669,0.00022736366
48.7780995501,2.4036813669,0.00023005597
48.7829934407,2.4036813669,0.00023509933
48.7878873313,2.4036813669,0.00024556005
48.7927812219,2.4036813669,0.00026369965
48.7976751125,2.4036813669,0.00028000044
48.8025690031,2.4036813669,0.00032583106
48.8074628937,2.4036813669,0.00048273322
48.8123567843,2.4036813669,0.00057710585
48.8172506749,2.4036813669,0.00065844855
48.8221445655,2.4036813669,0.001054429
48.8270384561,2.4036813669,0.0016771771
48.8319323467,2.4036813669,0.0020879512
48.8368262373,2.4036813669,0.0024637647
48.8417201279,2.4036813669,0.0027935288
48.8466140185,2.4036813669,0.0028310425
48.8515079091,2.4036813669,0.0021981504
48.8564017997,2.4036813669,0.0017539819
48.8612956903,2.4036813669,0.0015498474
48.8661895809,2.4036813669,0.001552955
48.8710834715,2.4036813669,0.001356979
48.8759773621,2.4036813669,0.001123692
48.8808712527,2.4036813669,0.0007794142
48.8857651433,2.4036813669,0.0007232815
48.8906590339,2.4036813669,0.000654574
48.8955529245,2.4036813669,0.00065820134
48.9004468151,2.4036813669,0.00036985375
48.9053407057,2.4036813669,0.00013824536
48.9102345963,2.4036813669,0.00023475221
48.9151284869,2.4036813669,0.00022533897
48.9200223775,2.4036813669,0.00020815534
48.9249162681,2.4036813669,0.00018140544
48.9298101587,2.4036813669,0.00016755192
48.9347040493,2.4036813669,0.00016448672
48.9395979399,2.4036813669,0.00016448672
48.9444918305,2.4036813669,0.00014902653
48.9493857211,2.4036813669,0.00013246748
48.9542796117,2.4036813669,0.00012836515
48.9591735023,2.4036813669,0.00012836515
48.9640673929,2.4036813669,0.00012836515
48.9689612835,2.4036813669,0.00012836515
48.9738551741,2.4036813669,0.00012836515
48.9787490647,2.4036813669,0.00012836515
48.7389484253,2.4085752575,0.00014762417
48.7438423159,2.4085752575,0.00014762417
48.7487362065,2.4085752575,0.00014762417
48.7536300971,2.4085752575,0.00014762417
48.7585239877,2.4085752575,0.00014762417
48.7634178783,2.4085752575,0.00014762417
48.7683117689,2.4085752575,0.00015065134
48.7732056595,2.4085752575,0.00017218015
48.7780995501,2.4085752575,0.00017487243
48.7829934407,2.4085752575,0.00017991579
48.7878873313,2.4085752575,0.00019037645
48.7927812219,2.4085752575,0.00020851608
48.7976751125,2.4085752575,0.00022481693
48.8025690031,2.4085752575,0.00027064746
48.8074628937,2.4085752575,0.0004184115
48.8123567843,2.4085752575,0.0005127842
48.8172506749,2.4085752575,0.0005619541
48.8221445655,2.4085752575,0.00095047586
48.8270384561,2.4085752575,0.0014105354
48.8319323467,2.4085752575,0.0018213076
48.8368262373,2.4085752575,0.0021605752
48.8417201279,2.4085752575,0.002538997
48.8466140185,2.4085752575,0.0025765107
48.8515079091,2.4085752575,0.001943788
48.8564017997,2.4085752575,0.0016540614
48.8612956903,2.4085752575,0.0014687869
48.8661895809,2.4085752575,0.0014718944
48.8710834715,2.4085752575,0.0013147903
48.8759773621,2.4085752575,0.0010815035
48.8808712527,2.4085752575,0.0006887968
48.8857651433,2.4085752575,0.0006326642
48.8906590339,2.4085752575,0.0005639566
48.8955529245,2.4085752575,0.0005379361
48.9004468151,2.4085752575,0.0001979826
48.9053407057,2.4085752575,5.5803404e-05
48.9102345963,2.4085752575,0.00017386407
48.9151284869,2.4085752575,0.00016445092
48.9200223775,2.4085752575,0.00014726729
48.9249162681,2.4085752575,0.00012614275
48.9298101587,2.4085752575,0.000112289206
48.9347040493,2.4085752575,0.00010922406
48.9395979399,2.4085752575,0.00010922406
48.9444918305,2.4085752575,9.376386e-05
48.9493857211,2.4085752575,7.7204815e-05
48.9542796117,2.4085752575,7.3102485e-05
48.9591735023,2.4085752575,7.3102485e-05
48.9640673929,2.4085752575,7.3102485e-05
48.9689612835,2.4085752575,7.3102485e-05
48.9738551741,2.4085752575,7.3102485e-05
48.9787490647,2.4085752575,7.3102485e-05
48.7389484253,2.4134691481,4.1032356e-05
48.7438423159,2.4134691481,4.1032356e-05
48.7487362065,2.4134691481,4.1032356e-05
48.7536300971,2.4134691481,4.1032356e-05
48.7585239877,2.4134691481,4.1032356e-05
48.7634178783,2.4134691481,4.1032356e-05
48.7683117689,2.4134691481,4.405954e-05
48.7732056595,2.4134691481,6.558834e-05
48.7780995501,2.4134691481,6.8280606e-05
48.7829934407,2.4134691481,7.332396e-05
48.7878873313,2.4134691481,8.378459e-05
48.7927812219,2.4134691481,0.000101924205
48.7976751125,2.4134691481,0.00011822506
48.8025690031,2.4134691481,0.0001640557
48.8074628937,2.4134691481,0.00031181966
48.8123567843,2.4134691481,0.00040451332
48.8172506749,2.4134691481,0.0004312238
48.8221445655,2.4134691481,0.00077324046
48.8270384561,2.4134691481,0.0010865162
48.8319323467,2.4134691481,0.0014625685
48.8368262373,2.4134691481,0.0017432045
48.8417201279,2.4134691481,0.002057526
48.8466140185,2.4134691481,0.0020950397
48.8515079091,2.4134691481,0.001468617
48.8564017997,2.4134691481,0.0012214374
48.8612956903,2.4134691481,0.0011263278
48.8661895809,2.4134691481,0.0011455328
48.8710834715,2.4134691481,0.0009884287
48.8759773621,2.4134691481,0.0007551421
48.8808712527,2.4134691481,0.000503416
48.8857651433,2.4134691481,0.0004611854
48.8906590339,2.4134691481,0.00046055924
48.8955529245,2.4134691481,0.00044075085
48.9004468151,2.4134691481,0.00010886037
48.9053407057,2.4134691481,0.00012271185
48.9102345963,2.4134691481,0.000108771615
48.9151284869,2.4134691481,9.935849e-05
48.9200223775,2.4134691481,8.217483e-05
48.9249162681,2.4134691481,6.105031e-05
48.9298101587,2.4134691481,4.7196827e-05
48.9347040493,2.4134691481,4.4131633e-05
48.9395979399,2.4134691481,4.4131633e-05
48.9444918305,2.4134691481,2.8671458e-05
48.9493857211,2.4134691481,1.2112383e-05
48.9542796117,2.4134691481,1.0228039e-05
48.9591735023,2.4134691481,1.0228039e-05
48.9640673929,2.4134691481,1.0228039e-05
48.9689612835,2.4134691481,1.0228039e-05
48.9738551741,2.4134691481,1.0228039e-05
48.9787490647,2.4134691481,1.0228039e-05
48.7389484253,2.4183630387,7.787669e-06
48.7438423159,2.4183630387,7.787669e-06
48.7487362065,2.4183630387,7.787669e-06
48.7536300971,2.4183630387,7.787669e-06
48.7585239877,2.4183630387,7.787669e-06
48.7634178783,2.4183630387,7.787669e-06
48.7683117689,2.4183630387,1.0814845e-05
48.7732056595,2.4183630387,3.2343658e-05
48.7780995501,2.4183630387,3.3267293e-05
48.7829934407,2.4183630387,3.8310656e-05
48.7878873313,2.4183630387,4.877129e-05
48.7927812219,2.4183630387,6.69109e-05
48.7976751125,2.4183630387,8.321173e-05
48.8025690031,2.4183630387,0.00012904235
48.8074628937,2.4183630387,0.00023635685
48.8123567843,2.4183630387,0.00032065628
48.8172506749,2.4183630387,0.0003295022
48.8221445655,2.4183630387,0.00044007084
48.8270384561,2.4183630387,0.0006240818
48.8319323467,2.4183630387,0.00089279003
48.8368262373,2.4183630387,0.0010600563
48.8417201279,2.4183630387,0.0014180352
48.8466140185,2.4183630387,0.001455549
48.8515079091,2.4183630387,0.000928192
48.8564017997,2.4183630387,0.00091456185
48.8612956903,2.4183630387,0.00083398604
48.8661895809,2.4183630387,0.0008531911
48.8710834715,2.4183630387,0.0006480036
48.8759773621,2.4183630387,0.00037754193
48.8808712527,2.4183630387,0.00017730419
48.8857651433,2.4183630387,0.00020529989
48.8906590339,2.4183630387,0.00021629383
48.8955529245,2.4183630387,0.00023555098
48.9004468151,2.4183630387,0.00011506736
48.9053407057,2.4183630387,0.00011503884
48.9102345963,2.4183630387,0.00010109863
48.9151284869,2.4183630387,9.168545e-05
48.9200223775,2.4183630387,7.450183e-05
48.9249162681,2.4183630387,5.8027686e-05
48.9298101587,2.4183630387,5.1504558e-05
48.9347040493,2.4183630387,4.8439357e-05
48.9395979399,2.4183630387,4.8439357e-05
48.9444918305,2.4183630387,4.6887533e-05
48.9493857211,2.4183630387,4.7519457e-05
48.9542796117,2.4183630387,4.5635108e-05
48.9591735023,2.4183630387,4.5635108e-05
48.9640673929,2.4183630387,4.5635108e-05
48.9689612835,2.4183630387,4.5635108e-05
48.9738551741,2.4183630387,4.5635108e-05
48.9787490647,2.4183630387,4.5635108e-05
48.7389484253,2.4232569293,-8.588811e-06
48.7438423159,2.4232569293,-8.588811e-06
48.7487362065,2.4232569293,-8.588811e-06
48.7536300971,2.4232569293,-8.588811e-06
48.7585239877,2.4232569293,-8.588811e-06
48.7634178783,2.4232569293,-8.588811e-06
48.7683117689,2.4232569293,-5.5616274e-06
48.7732056595,2.4232569293,1.5967198e-05
48.7780995501,2.4232569293,1.6890834e-05
48.7829934407,2.4232569293,2.1934187e-05
48.7878873313,2.4232569293,3.2394837e-05
48.7927812219,2.4232569293,5.0534458e-05
48.7976751125,2.4232569293,6.683529e-05
48.8025690031,2.4232569293,0.00011266588
48.8074628937,2.4232569293,0.00021998036
48.8123567843,2.4232569293,0.0003042798
48.8172506749,2.4232569293,0.00024260003
48.8221445655,2.4232569293,0.0002044622
48.8270384561,2.4232569293,0.00022510138
48.8319323467,2.4232569293,0.00032423023
48.8368262373,2.4232569293,0.00049149693
48.8417201279,2.4232569293,0.0008494767
48.8466140185,2.4232569293,0.000896891
48.8515079091,2.4232569293,0.0006229045
48.8564017997,2.4232569293,0.0006117199
48.8612956903,2.4232569293,0.00055043714
48.8661895809,2.4232569293,0.00052698713
48.8710834715,2.4232569293,0.00036561702
48.8759773621,2.4232569293,8.09276e-05
48.8808712527,2.4232569293,7.591499e-05
48.8857651433,2.4232569293,7.812894e-05
48.8906590339,2.4232569293,0.000117818236
48.8955529245,2.4232569293,0.00021528252
48.9004468151,2.4232569293,0.00019206568
48.9053407057,2.4232569293,0.00010739654
48.9102345963,2.4232569293,9.3456314e-05
48.9151284869,2.4232569293,8.4043146e-05
48.9200223775,2.4232569293,6.685953e-05
48.9249162681,2.4232569293,5.1181876e-05
48.9298101587,2.4232569293,4.4658755e-05
48.9347040493,2.4232569293,4.159354e-05
48.9395979399,2.4232569293,4.159354e-05
48.9444918305,2.4232569293,4.055697e-05
48.9493857211,2.4232569293,4.1188887e-05
48.9542796117,2.4232569293,3.930454e-05
48.9591735023,2.4232569293,3.930454e-05
48.9640673929,2.4232569293,3.930454e-05
48.9689612835,2.4232569293,3.930454e-05
48.9738551741,2.4232569293,3.930454e-05
48.9787490647,2.4232569293,3.930454e-05
48.7389484253,2.4281508199,-3.06656e-05
48.7438423159,2.4281508199,-3.06656e-05
48.7487362065,2.4281508199,-3.06656e-05
48.7536300971,2.4281508199,-3.06656e-05
48.7585239877,2.4281508199,-3.06656e-05
48.7634178783,2.4281508199,-3.06656e-05
48.7683117689,2.4281508199,-2.7638425e-05
48.7732056595,2.4281508199,-6.1096034e-06
48.7780995501,2.4281508199,-5.185968e-06
48.7829934407,2.4281508199,-1.4261605e-07
48.7878873313,2.4281508199,1.0318037e-05
48.7927812219,2.4281508199,2.8457665e-05
48.7976751125,2.4281508199,4.475851e-05
48.8025690031,2.4281508199,9.0589056e-05
48.8074628937,2.4281508199,0.00019790353
48.8123567843,2.4281508199,0.00027695444
48.8172506749,2.4281508199,0.00021527459
48.8221445655,2.4281508199,0.00017713681
48.8270384561,2.4281508199,0.0001411336
48.8319323467,2.4281508199,0.00021986464
48.8368262373,2.4281508199,0.00038031195
48.8417201279,2.4281508199,0.00068392785
48.8466140185,2.4281508199,0.0007344982
48.8515079091,2.4281508199,0.00049883814
48.8564017997,2.4281508199,0.00044199137
48.8612956903,2.4281508199,0.0003807086
48.8661895809,2.4281508199,0.00037783975
48.8710834715,2.4281508199,0.0002346738
48.8759773621,2.4281508199,-5.0015675e-05
48.8808712527,2.4281508199,-5.502827e-05
48.8857651433,2.4281508199,-4.433797e-05
48.8906590339,2.4281508199,2.4411162e-05
48.8955529245,2.4281508199,0.00013190156
48.9004468151,2.4281508199,0.00013179841
48.9053407057,2.4281508199,9.699863e-05
48.9102345963,2.4281508199,8.30584e-05
48.9151284869,2.4281508199,7.3645264e-05
48.9200223775,2.4281508199,5.646163e-05
48.9249162681,2.4281508199,4.0783958e-05
48.9298101587,2.4281508199,3.4260815e-05
48.9347040493,2.4281508199,3.1195614e-05
48.9395979399,2.4281508199,3.1195614e-05
48.9444918305,2.4281508199,3.0159039e-05
48.9493857211,2.4281508199,3.079096e-05
48.9542796117,2.4281508199,2.8906617e-05
48.9591735023,2.4281508199,2.8906617e-05
48.9640673929,2.4281508199,2.8906617e-05
48.9689612835,2.4281508199,2.8906617e-05
48.9738551741,2.4281508199,2.8906617e-05
48.9787490647,2.4281508199,2.8906617e-05
48.7389484253,2.4330447105,-3.915377e-05
48.7438423159,2.4330447105,-3.915377e-05
48.7487362065,2.4330447105,-3.915377e-05
48.7536300971,2.4330447105,-3.915377e-05
48.7585239877,2.4330447105,-3.915377e-05
48.7634178783,2.4330447105,-3.915377e-05
48.7683117689,2.4330447105,-3.6126596e-05
48.7732056595,2.4330447105,-1.4597776e-05
48.7780995501,2.4330447105,-1.367414e-05
48.7829934407,2.4330447105,-8.630788e-06
48.7878873313,2.4330447105,1.8298632e-06
48.7927812219,2.4330447105,1.996949e-05
48.7976751125,2.4330447105,3.6270343e-05
48.8025690031,2.4330447105,8.0499296e-05
48.8074628937,2.4330447105,0.00018781377
48.8123567843,2.4330447105,0.00023889873
48.8172506749,2.4330447105,0.00017721893
48.8221445655,2.4330447105,0.00013908112
48.8270384561,2.4330447105,0.000103077895
48.8319323467,2.4330447105,0.00018180895
48.8368262373,2.4330447105,0.00034225627
48.8417201279,2.4330447105,0.00064588577
48.8466140185,2.4330447105,0.0006964561
48.8515079091,2.4330447105,0.00045319163
48.8564017997,2.4330447105,0.0003963448
48.8612956903,2.4330447105,0.00033506213
48.8661895809,2.4330447105,0.00034685465
48.8710834715,2.4330447105,0.00021350462
48.8759773621,2.4330447105,-7.118489e-05
48.8808712527,2.4330447105,-7.619748e-05
48.8857651433,2.4330447105,-6.550719e-05
48.8906590339,2.4330447105,3.2419641e-06
48.8955529245,2.4330447105,0.000118840515
48.9004468151,2.4330447105,0.00012399959
48.9053407057,2.4330447105,9.8574455e-05
48.9102345963,2.4330447105,8.463423e-05
48.9151284869,2.4330447105,7.5221076e-05
48.9200223775,2.4330447105,5.803745e-05
48.9249162681,2.4330447105,4.2359778e-05
48.9298101587,2.4330447105,3.5836645e-05
48.9347040493,2.4330447105,3.2771437e-05
48.9395979399,2.4330447105,3.2771437e-05
48.9444918305,2.4330447105,3.1734864e-05
48.9493857211,2.4330447105,3.236679e-05
48.9542796117,2.4330447105,3.0482439e-05
48.9591735023,2.4330447105,3.0482439e-05
48.9640673929,2.4330447105,3.0482439e-05
48.9689612835,2.4330447105,3.0482439e-05
48.9738551741,2.4330447105,3.0482439e-05
48.9787490647,2.4330447105,3.0482439e-05
48.7389484253,2.4379386011,-3.93405e-05
48.7438423159,2.4379386011,-3.93405e-05
48.7487362065,2.4379386011,-3.93405e-05
48.7536300971,2.4379386011,-3.93405e-05
48.7585239877,2.4379386011,-3.93405e-05
48.7634178783,2.4379386011,-3.93405e-05
48.7683117689,2.4379386011,-3.6313326e-05
48.7732056595,2.4379386011,-1.4784506e-05
48.7780995501,2.4379386011,-1.386087e-05
48.7829934407,2.4379386011,-8.817518e-06
48.7878873313,2.4379386011,1.643133e-06
48.7927812219,2.4379386011,1.978276e-05
48.7976751125,2.4379386011,3.6083613e-05
48.8025690031,2.4379386011,8.0312566e-05
48.8074628937,2.4379386011,0.00018762704
48.8123567843,2.4379386011,0.00022239797
48.8172506749,2.4379386011,0.00016071816
48.8221445655,2.4379386011,0.00012276712
48.8270384561,2.4379386011,8.6763874e-05
48.8319323467,2.4379386011,0.00016549494
48.8368262373,2.4379386011,0.00032594227
48.8417201279,2.4379386011,0.00062957173
48.8466140185,2.4379386011,0.0006759365
48.8515079091,2.4379386011,0.00043267204
48.8564017997,2.4379386011,0.00039213922
48.8612956903,2.4379386011,0.00033085654
48.8661895809,2.4379386011,0.00034264906
48.8710834715,2.4379386011,0.00020929903
48.8759773621,2.4379386011,-7.5390475e-05
48.8808712527,2.4379386011,-8.0403064e-05
48.8857651433,2.4379386011,-6.9712776e-05
48.8906590339,2.4379386011,3.2419641e-06
48.8955529245,2.4379386011,0.000118840515
48.9004468151,2.4379386011,0.00012399959
48.9053407057,2.4379386011,9.794446e-05
48.9102345963,2.4379386011,8.4004234e-05
48.9151284869,2.4379386011,7.4591066e-05
48.9200223775,2.4379386011,5.7407447e-05
48.9249162681,2.4379386011,4.1729774e-05
48.9298101587,2.4379386011,3.520664e-05
48.9347040493,2.4379386011,3.2141437e-05
48.9395979399,2.4379386011,3.2141437e-05
48.9444918305,2.4379386011,3.110486e-05
48.9493857211,2.4379386011,3.1736785e-05
48.9542796117,2.4379386011,2.9852436e-05
48.9591735023,2.4379386011,2.9852436e-05
48.9640673929,2.4379386011,2.9852436e-05
48.9689612835,2.4379386011,2.9852436e-05
48.9738551741,2.4379386011,2.9852436e-05
48.9787490647,2.4379386011,2.9852436e-05
48.7389484253,2.4428324917,-1.36461895e-05
48.7438423159,2.4428324917,-1.36461895e-05
48.7487362065,2.4428324917,-1.36461895e-05
48.7536300971,2.4428324917,-1.36461895e-05
48.7585239877,2.4428324917,-1.36461895e-05
48.7634178783,2.4428324917,-1.36461895e-05
48.7683117689,2.4428324917,-1.0619013e-05
48.7732056595,2.4428324917,1.0909813e-05
48.7780995501,2.4428324917,1.1833454e-05
48.7829934407,2.4428324917,1.68768e-05
48.7878873313,2.4428324917,2.7337439e-05
48.7927812219,2.4428324917,4.5477063e-05
48.7976751125,2.4428324917,6.177792e-05
48.8025690031,2.4428324917,0.00010600688
48.8074628937,2.4428324917,0.00021332139
48.8123567843,2.4428324917,0.0002480923
48.8172506749,2.4428324917,0.00018641248
48.8221445655,2.4428324917,0.0001466914
48.8270384561,2.4428324917,0.00011068819
48.8319323467,2.4428324917,0.00017638746
48.8368262373,2.4428324917,0.0003133715
48.8417201279,2.4428324917,0.0006315289
48.8466140185,2.4428324917,0.00067789364
48.8515079091,2.4428324917,0.00043462918
48.8564017997,2.4428324917,0.00039409642
48.8612956903,2.4428324917,0.0003420904
48.8661895809,2.4428324917,0.00035388288
48.8710834715,2.4428324917,0.00022053285
48.8759773621,2.4428324917,-6.415663e-05
48.8808712527,2.4428324917,-6.916925e-05
48.8857651433,2.4428324917,-5.4723794e-05
48.8906590339,2.4428324917,1.8230918e-05
48.8955529245,2.4428324917,0.000118840515
48.9004468151,2.4428324917,0.00012399959
48.9053407057,2.4428324917,9.794446e-05
48.9102345963,2.4428324917,8.4004234e-05
48.9151284869,2.4428324917,7.4591066e-05
48.9200223775,2.4428324917,5.7407447e-05
48.9249162681,2.4428324917,4.1729774e-05
48.9298101587,2.4428324917,3.520664e-05
48.9347040493,2.4428324917,3.2141437e-05
48.9395979399,2.4428324917,3.2141437e-05
48.9444918305,2.4428324917,3.110486e-05
48.9493857211,2.4428324917,3.1736785e-05
48.9542796117,2.4428324917,2.9852436e-05
48.9591735023,2.4428324917,2.9852436e-05
48.9640673929,2.4428324917,2.9852436e-05
48.9689612835,2.4428324917,2.9852436e-05
48.9738551741,2.4428324917,2.9852436e-05
48.9787490647,2.4428324917,2.9852436e-05
48.7389484253,2.4477263823,-1.36461895e-05
48.7438423159,2.4477263823,-1.36461895e-05
48.7487362065,2.4477263823,-1.36461895e-05
48.7536300971,2.4477263823,-1.36461895e-05
48.7585239877,2.4477263823,-1.36461895e-05
48.7634178783,2.4477263823,-1.36461895e-05
48.7683117689,2.4477263823,-1.0619013e-05
48.7732056595,2.4477263823,1.0909813e-05
48.7780995501,2.4477263823,1.1833454e-05
48.7829934407,2.4477263823,1.68768e-05
48.7878873313,2.4477263823,2.7337439e-05
48.7927812219,2.4477263823,4.5477063e-05
48.7976751125,2.4477263823,6.177792e-05
48.8025690031,2.4477263823,0.00010600688
48.8074628937,2.4477263823,0.00021332139
48.8123567843,2.4477263823,0.00033388988
48.8172506749,2.4477263823,0.00027557428
48.8221445655,2.4477263823,0.00015981891
48.8270384561,2.4477263823,0.00011068819
48.8319323467,2.4477263823,0.00020203137
48.8368262373,2.4477263823,0.00028892464
48.8417201279,2.4477263823,0.00060708215
48.8466140185,2.4477263823,0.00063992
48.8515079091,2.4477263823,0.00039665555
48.8564017997,2.4477263823,0.00035612282
48.8612956903,2.4477263823,0.00030411684
48.8661895809,2.4477263823,0.00032332187
48.8710834715,2.4477263823,0.00018997173
48.8759773621,2.4477263823,-9.47177e-05
48.8808712527,2.4477263823,-9.973031e-05
48.8857651433,2.4477263823,-6.083813e-05
48.8906590339,2.4477263823,1.2116602e-05
48.8955529245,2.4477263823,0.000118840515
48.9004468151,2.4477263823,0.00012399959
48.9053407057,2.4477263823,9.794446e-05
48.9102345963,2.4477263823,8.4004234e-05
48.9151284869,2.4477263823,7.4591066e-05
48.9200223775,2.4477263823,5.7407447e-05
48.9249162681,2.4477263823,4.1729774e-05
48.9298101587,2.4477263823,3.520664e-05
48.9347040493,2.4477263823,3.2141437e-05
48.9395979399,2.4477263823,3.2141437e-05
48.9444918305,2.4477263823,3.110486e-05
48.9493857211,2.4477263823,3.1736785e-05
48.9542796117,2.4477263823,2.9852436e-05
48.9591735023,2.4477263823,2.9852436e-05
48.9640673929,2.4477263823,2.9852436e-05
48.9689612835,2.4477263823,2.9852436e-05
48.9738551741,2.4477263823,2.9852436e-05
48.9787490647,2.4477263823,2.9852436e-05
48.7389484253,2.4526202729,-1.5708994e-05
48.7438423159,2.4526202729,-1.5708994e-05
48.7487362065,2.4526202729,-1.5708994e-05
48.7536300971,2.4526202729,-1.5708994e-05
48.7585239877,2.4526202729,-1.5708994e-05
48.7634178783,2.4526202729,-1.5708994e-05
48.7683117689,2.4526202729,-1.2681809e-05
48.7732056595,2.4526202729,8.84701e-06
48.7780995501,2.4526202729,9.770642e-06
48.7829934407,2.4526202729,1.4814001e-05
48.7878873313,2.4526202729,2.5274643e-05
48.7927812219,2.4526202729,4.3414253e-05
48.7976751125,2.4526202729,5.971512e-05
48.8025690031,2.4526202729,0.00010394412
48.8074628937,2.4526202729,0.00022453102
48.8123567843,2.4526202729,0.00026967237
48.8172506749,2.4526202729,0.000109107554
48.8221445655,2.4526202729,1.8320241e-05
48.8270384561,2.4526202729,-5.4857508e-05
48.8319323467,2.4526202729,-7.267607e-05
48.8368262373,2.4526202729,7.0730595e-05
48.8417201279,2.4526202729,0.0004293742
48.8466140185,2.4526202729,0.0004622121
48.8515079091,2.4526202729,0.0003211202
48.8564017997,2.4526202729,0.00030633682
48.8612956903,2.4526202729,0.0002543309
48.8661895809,2.4526202729,0.00027353587
48.8710834715,2.4526202729,0.00014018567
48.8759773621,2.4526202729,-0.00014450378
48.8808712527,2.4526202729,-0.00014951639
48.8857651433,2.4526202729,-0.000110624154
48.8906590339,2.4526202729,-4.0899737e-05
48.8955529245,2.4526202729,6.425331e-05
48.9004468151,2.4526202729,0.00010527516
48.9053407057,2.4526202729,7.922e-05
48.9102345963,2.4526202729,6.527979e-05
48.9151284869,2.4526202729,5.5866647e-05
48.9200223775,2.4526202729,3.8683e-05
48.9249162681,2.4526202729,2.3005321e-05
48.9298101587,2.4526202729,1.6482189e-05
48.9347040493,2.4526202729,1.3416991e-05
48.9395979399,2.4526202729,1.3416991e-05
48.9444918305,2.4526202729,1.238042e-05
48.9493857211,2.4526202729,1.3012339e-05
48.9542796117,2.4526202729,1.1127993e-05
48.9591735023,2.4526202729,1.1127993e-05
48.9640673929,2.4526202729,1.1127993e-05
48.9689612835,2.4526202729,1.1127993e-05
48.9738551741,2.4526202729,1.1127993e-05
48.9787490647,2.4526202729,1.1127993e-05
48.7389484253,2.4575141635,-1.9206083e-05
48.7438423159,2.4575141635,-1.9206083e-05
48.7487362065,2.4575141635,-1.9206083e-05
48.7536300971,2.4575141635,-1.9206083e-05
48.7585239877,2.4575141635,-1.9206083e-05
48.7634178783,2.4575141635,-1.9206083e-05
48.7683117689,2.4575141635,-1.6178898e-05
48.7732056595,2.4575141635,5.349918e-06
48.7780995501,2.4575141635,6.27356e-06
48.7829934407,2.4575141635,1.1316921e-05
48.7878873313,2.4575141635,2.177755e-05
48.7927812219,2.4575141635,3.9917173e-05
48.7976751125,2.4575141635,5.6218032e-05
48.8025690031,2.4575141635,0.00010044705
48.8074628937,2.4575141635,0.00022103394
48.8123567843,2.4575141635,0.00026696705
48.8172506749,2.4575141635,0.00055641733
48.8221445655,2.4575141635,0.00052425143
48.8270384561,2.4575141635,0.0004525275
48.8319323467,2.4575141635,9.563059e-06
48.8368262373,2.4575141635,0.00015296965
48.8417201279,2.4575141635,0.00049153547
48.8466140185,2.4575141635,0.00052437343
48.8515079091,2.4575141635,0.0003185704
48.8564017997,2.4575141635,0.00030378703
48.8612956903,2.4575141635,0.0002517811
48.8661895809,2.4575141635,0.00027098611
48.8710834715,2.4575141635,0.00013763586
48.8759773621,2.4575141635,-0.00014705356
48.8808712527,2.4575141635,-0.00015206618
48.8857651433,2.4575141635,-0.000113173934
48.8906590339,2.4575141635,-4.3449516e-05
48.8955529245,2.4575141635,6.1161125e-05
48.9004468151,2.4575141635,0.00010218298
48.9053407057,2.4575141635,7.6127806e-05
48.9102345963,2.4575141635,6.218761e-05
48.9151284869,2.4575141635,5.277446e-05
48.9200223775,2.4575141635,3.5590812e-05
48.9249162681,2.4575141635,1.991313e-05
48.9298101587,2.4575141635,1.3389999e-05
48.9347040493,2.4575141635,1.0324804e-05
48.9395979399,2.4575141635,1.0324804e-05
48.9444918305,2.4575141635,9.288233e-06
48.9493857211,2.4575141635,9.920152e-06
48.9542796117,2.4575141635,8.035806e-06
48.9591735023,2.4575141635,8.035806e-06
48.9640673929,2.4575141635,8.035806e-06
48.9689612835,2.4575141635,8.035806e-06
48.9738551741,2.4575141635,8.035806e-06
48.9787490647,2.4575141635,8.035806e-06
48.7389484253,2.4624080541,-2.0916237e-05
48.7438423159,2.4624080541,-2.0916237e-05
48.7487362065,2.4624080541,-2.0916237e-05
48.7536300971,2.4624080541,-2.0916237e-05
48.7585239877,2.4624080541,-2.0916237e-05
48.7634178783,2.4624080541,-2.0916237e-05
48.7683117689,2.4624080541,-1.7889051e-05
48.7732056595,2.4624080541,3.6397632e-06
48.7780995501,2.4624080541,4.563402e-06
48.7829934407,2.4624080541,9.606769e-06
48.7878873313,2.4624080541,2.0067406e-05
48.7927812219,2.4624080541,3.1662665e-05
48.7976751125,2.4624080541,4.7963505e-05
48.8025690031,2.4624080541,9.21925e-05
48.8074628937,2.4624080541,0.00019950699
48.8123567843,2.4624080541,0.00024544017
48.8172506749,2.4624080541,0.00055641733
48.8221445655,2.4624080541,0.0006485682
48.8270384561,2.4624080541,0.0006409997
48.8319323467,2.4624080541,0.00010791142
48.8368262373,2.4624080541,0.0001706648
48.8417201279,2.4624080541,0.000506363
48.8466140185,2.4624080541,0.0005333406
48.8515079091,2.4624080541,0.0003185704
48.8564017997,2.4624080541,0.00030378703
48.8612956903,2.4624080541,0.0002517811
48.8661895809,2.4624080541,0.00027098611
48.8710834715,2.4624080541,0.00013763586
48.8759773621,2.4624080541,-0.00014705356
48.8808712527,2.4624080541,-0.00015206618
48.8857651433,2.4624080541,-0.000113173934
48.8906590339,2.4624080541,-4.3449516e-05
48.8955529245,2.4624080541,6.1161125e-05
48.9004468151,2.4624080541,0.00010218298
48.9053407057,2.4624080541,7.6127806e-05
48.9102345963,2.4624080541,6.218761e-05
48.9151284869,2.4624080541,5.277446e-05
48.9200223775,2.4624080541,3.5590812e-05
48.9249162681,2.4624080541,1.991313e-05
48.9298101587,2.4624080541,1.3389999e-05
48.9347040493,2.4624080541,1.0324804e-05
48.9395979399,2.4624080541,1.0324804e-05
48.9444918305,2.4624080541,9.288233e-06
48.9493857211,2.4624080541,9.920152e-06
48.9542796117,2.4624080541,8.035806e-06
48.9591735023,2.4624080541,8.035806e-06
48.9640673929,2.4624080541,8.035806e-06
48.9689612835,2.4624080541,8.035806e-06
48.9738551741,2.4624080541,8.035806e-06
48.9787490647,2.4624080541,8.035806e-06
48.7389484253,2.4673019447,-1.1668653e-05
48.7438423159,2.4673019447,-1.1668653e-05
48.7487362065,2.4673019447,-1.1668653e-05
48.7536300971,2.4673019447,-1.1668653e-05
48.7585239877,2.4673019447,-1.1668653e-05
48.7634178783,2.4673019447,-1.1668653e-05
48.7683117689,2.4673019447,-8.641473e-06
48.7732056595,2.4673019447,1.1591668e-05
48.7780995501,2.4673019447,1.2515306e-05
48.7829934407,2.4673019447,1.755865e-05
48.7878873313,2.4673019447,2.8019303e-05
48.7927812219,2.4673019447,3.441563e-05
48.7976751125,2.4673019447,3.7991966e-05
48.8025690031,2.4673019447,7.239972e-05
48.8074628937,2.4673019447,0.00011362521
48.8123567843,2.4673019447,3.5952413e-05
48.8172506749,2.4673019447,0.00033364873
48.8221445655,2.4673019447,0.00052533974
48.8270384561,2.4673019447,0.0005284364
48.8319323467,2.4673019447,-4.652025e-06
48.8368262373,2.4673019447,7.710271e-05
48.8417201279,2.4673019447,0.0003943833
48.8466140185,2.4673019447,0.00042136083
48.8515079091,2.4673019447,0.00028778517
48.8564017997,2.4673019447,0.0003272038
48.8612956903,2.4673019447,0.00027519785
48.8661895809,2.4673019447,0.00029142533
48.8710834715,2.4673019447,0.00015592741
48.8759773621,2.4673019447,-0.00012995068
48.8808712527,2.4673019447,-0.00013496328
48.8857651433,2.4673019447,-9.6071104e-05
48.8906590339,2.4673019447,-2.634663e-05
48.8955529245,2.4673019447,6.606482e-05
48.9004468151,2.4673019447,0.00010708671
48.9053407057,2.4673019447,8.103152e-05
48.9102345963,2.4673019447,6.709133e-05
48.9151284869,2.4673019447,5.767816e-05
48.9200223775,2.4673019447,4.0494517e-05
48.9249162681,2.4673019447,2.7934246e-05
48.9298101587,2.4673019447,2.141111e-05
48.9347040493,2.4673019447,1.8345903e-05
48.9395979399,2.4673019447,1.8345903e-05
48.9444918305,2.4673019447,1.8345903e-05
48.9493857211,2.4673019447,2.0131345e-05
48.9542796117,2.4673019447,1.736298e-05
48.9591735023,2.4673019447,1.736298e-05
48.9640673929,2.4673019447,1.736298e-05
48.9689612835,2.4673019447,1.736298e-05
48.9738551741,2.4673019447,1.736298e-05
48.9787490647,2.4673019447,1.736298e-05
