LATITUDE,LONGITUDE,probability
48.7389484253,2.2275013053,-6.597132e-05
48.7438423159,2.2275013053,-6.597132e-05
48.7487362065,2.2275013053,-6.597132e-05
48.7536300971,2.2275013053,-6.597132e-05
48.7585239877,2.2275013053,-6.597132e-05
48.7634178783,2.2275013053,-6.597132e-05
48.7683117689,2.2275013053,-8.311136e-05
48.7732056595,2.2275013053,-9.289041e-05
48.7780995501,2.2275013053,-9.289041e-05
48.7829934407,2.2275013053,-9.1795715e-05
48.7878873313,2.2275013053,-8.739988e-05
48.7927812219,2.2275013053,-7.676206e-05
48.7976751125,2.2275013053,-5.5791425e-05
48.8025690031,2.2275013053,-6.104159e-05
48.8074628937,2.2275013053,-7.610181e-05
48.8123567843,2.2275013053,-8.849649e-05
48.8172506749,2.2275013053,-0.00021519107
48.8221445655,2.2275013053,-0.00013907591
48.8270384561,2.2275013053,-0.0001461123
48.8319323467,2.2275013053,0.00070305134
48.8368262373,2.2275013053,0.0010573172
48.8417201279,2.2275013053,0.0011369402
48.8466140185,2.2275013053,0.0010809415
48.8515079091,2.2275013053,0.0007921461
48.8564017997,2.2275013053,0.00065381447
48.8612956903,2.2275013053,0.00022332754
48.8661895809,2.2275013053,0.00021375672
48.8710834715,2.2275013053,6.867635e-05
48.8759773621,2.2275013053,3.618351e-05
48.8808712527,2.2275013053,-0.00013077428
48.8857651433,2.2275013053,-9.3800816e-05
48.8906590339,2.2275013053,-2.0081337e-05
48.8955529245,2.2275013053,9.336443e-07
48.9004468151,2.2275013053,-1.1586999e-05
48.9053407057,2.2275013053,-2.8482598e-05
48.9102345963,2.2275013053,-3.6554047e-05
48.9151284869,2.2275013053,-3.8269878e-05
48.9200223775,2.2275013053,-4.0768515e-05
48.9249162681,2.2275013053,-5.29576e-05
48.9298101587,2.2275013053,-6.1260806e-05
48.9347040493,2.2275013053,-6.414436e-05
48.9395979399,2.2275013053,-6.414436e-05
48.9444918305,2.2275013053,-6.414436e-05
48.9493857211,2.2275013053,-6.7178815e-05
48.9542796117,2.2275013053,-7.260199e-05
48.9591735023,2.2275013053,-7.260199e-05
48.9640673929,2.2275013053,-7.260199e-05
48.9689612835,2.2275013053,-7.260199e-05
48.9738551741,2.2275013053,-7.260199e-05
48.9787490647,2.2275013053,-7.260199e-05
48.7389484253,2.2323951959,-6.597132e-05
48.7438423159,2.2323951959,-6.597132e-05
48.7487362065,2.2323951959,-6.597132e-05
48.7536300971,2.2323951959,-6.597132e-05
48.7585239877,2.2323951959,-6.597132e-05
48.7634178783,2.2323951959,-6.597132e-05
48.7683117689,2.2323951959,-8.311136e-05
48.7732056595,2.2323951959,-9.289041e-05
48.7780995501,2.2323951959,-9.289041e-05
48.7829934407,2.2323951959,-9.1795715e-05
48.7878873313,2.2323951959,-8.739988e-05
48.7927812219,2.2323951959,-7.676206e-05
48.7976751125,2.2323951959,-5.5791425e-05
48.8025690031,2.2323951959,-6.104159e-05
48.8074628937,2.2323951959,-7.610181e-05
48.8123567843,2.2323951959,-8.849649e-05
48.8172506749,2.2323951959,-0.00021519107
48.8221445655,2.2323951959,-0.00013907591
48.8270384561,2.2323951959,-0.0001461123
48.8319323467,2.2323951959,0.00070305134
48.8368262373,2.2323951959,0.0010573172
48.8417201279,2.2323951959,0.0011369402
48.8466140185,2.2323951959,0.0010809415
48.8515079091,2.2323951959,0.0007921461
48.8564017997,2.2323951959,0.00065381447
48.8612956903,2.2323951959,0.00022332754
48.8661895809,2.2323951959,0.00021375672
48.8710834715,2.2323951959,6.867635e-05
48.8759773621,2.2323951959,3.618351e-05
48.8808712527,2.2323951959,-0.00013077428
48.8857651433,2.2323951959,-9.3800816e-05
48.8906590339,2.2323951959,-2.0081337e-05
48.8955529245,2.2323951959,9.336443e-07
48.9004468151,2.2323951959,-1.1586999e-05
48.9053407057,2.2323951959,-2.8482598e-05
48.9102345963,2.2323951959,-3.6554047e-05
48.9151284869,2.2323951959,-3.8269878e-05
48.9200223775,2.2323951959,-4.0768515e-05
48.9249162681,2.2323951959,-5.29576e-05
48.9298101587,2.2323951959,-6.1260806e-05
48.9347040493,2.2323951959,-6.414436e-05
48.9395979399,2.2323951959,-6.414436e-05
48.9444918305,2.2323951959,-6.414436e-05
48.9493857211,2.2323951959,-6.7178815e-05
48.9542796117,2.2323951959,-7.260199e-05
48.9591735023,2.2323951959,-7.260199e-05
48.9640673929,2.2323951959,-7.260199e-05
48.9689612835,2.2323951959,-7.260199e-05
48.9738551741,2.2323951959,-7.260199e-05
48.9787490647,2.2323951959,-7.260199e-05
48.7389484253,2.2372890865,-6.6655026e-05
48.7438423159,2.2372890865,-6.6655026e-05
48.7487362065,2.2372890865,-6.6655026e-05
48.7536300971,2.2372890865,-6.6655026e-05
48.7585239877,2.2372890865,-6.6655026e-05
48.7634178783,2.2372890865,-6.6655026e-05
48.7683117689,2.2372890865,-8.3795065e-05
48.7732056595,2.2372890865,-9.287383e-05
48.7780995501,2.2372890865,-9.287383e-05
48.7829934407,2.2372890865,-9.177914e-05
48.7878873313,2.2372890865,-8.7383305e-05
48.7927812219,2.2372890865,-7.6745484e-05
48.7976751125,2.2372890865,-5.5774843e-05
48.8025690031,2.2372890865,-6.1025014e-05
48.8074628937,2.2372890865,-7.6085234e-05
48.8123567843,2.2372890865,-8.8479916e-05
48.8172506749,2.2372890865,-0.0002151745
48.8221445655,2.2372890865,-0.00013905934
48.8270384561,2.2372890865,-0.00012680957
48.8319323467,2.2372890865,0.00072235405
48.8368262373,2.2372890865,0.0010766198
48.8417201279,2.2372890865,0.0011562428
48.8466140185,2.2372890865,0.0011002441
48.8515079091,2.2372890865,0.00078319246
48.8564017997,2.2372890865,0.00064486085
48.8612956903,2.2372890865,0.00021437387
48.8661895809,2.2372890865,0.00020480304
48.8710834715,2.2372890865,5.9818616e-05
48.8759773621,2.2372890865,3.681416e-05
48.8808712527,2.2372890865,-0.00013014364
48.8857651433,2.2372890865,-9.3170165e-05
48.8906590339,2.2372890865,-1.945069e-05
48.8955529245,2.2372890865,1.5642953e-06
48.9004468151,2.2372890865,-1.0956347e-05
48.9053407057,2.2372890865,-2.7851951e-05
48.9102345963,2.2372890865,-3.5923393e-05
48.9151284869,2.2372890865,-3.7639224e-05
48.9200223775,2.2372890865,-4.013786e-05
48.9249162681,2.2372890865,-5.232695e-05
48.9298101587,2.2372890865,-6.0630147e-05
48.9347040493,2.2372890865,-6.35137e-05
48.9395979399,2.2372890865,-6.35137e-05
48.9444918305,2.2372890865,-6.35137e-05
48.9493857211,2.2372890865,-6.6548164e-05
48.9542796117,2.2372890865,-7.205759e-05
48.9591735023,2.2372890865,-7.205759e-05
48.9640673929,2.2372890865,-7.205759e-05
48.9689612835,2.2372890865,-7.205759e-05
48.9738551741,2.2372890865,-7.205759e-05
48.9787490647,2.2372890865,-7.205759e-05
48.7389484253,2.2421829771,-5.3120017e-05
48.7438423159,2.2421829771,-5.3120017e-05
48.7487362065,2.2421829771,-5.3120017e-05
48.7536300971,2.2421829771,-5.3120017e-05
48.7585239877,2.2421829771,-5.3120017e-05
48.7634178783,2.2421829771,-5.3120017e-05
48.7683117689,2.2421829771,-7.026005e-05
48.7732056595,2.2421829771,-7.9338824e-05
48.7780995501,2.2421829771,-7.9338824e-05
48.7829934407,2.2421829771,-7.8244135e-05
48.7878873313,2.2421829771,-7.384831e-05
48.7927812219,2.2421829771,-6.321048e-05
48.7976751125,2.2421829771,-4.223985e-05
48.8025690031,2.2421829771,-4.7490008e-05
48.8074628937,2.2421829771,-6.255022e-05
48.8123567843,2.2421829771,-8.079282e-05
48.8172506749,2.2421829771,-0.00021184963
48.8221445655,2.2421829771,-9.0340414e-05
48.8270384561,2.2421829771,-9.5539835e-05
48.8319323467,2.2421829771,0.0007743194
48.8368262373,2.2421829771,0.0011285855
48.8417201279,2.2421829771,0.0012082085
48.8466140185,2.2421829771,0.0011522098
48.8515079091,2.2421829771,0.0008439777
48.8564017997,2.2421829771,0.00065666536
48.8612956903,2.2421829771,0.00024681466
48.8661895809,2.2421829771,0.00023724376
48.8710834715,2.2421829771,9.225939e-05
48.8759773621,2.2421829771,6.925489e-05
48.8808712527,2.2421829771,-0.00010886889
48.8857651433,2.2421829771,-8.94e-05
48.8906590339,2.2421829771,-1.5680525e-05
48.8955529245,2.2421829771,5.33446e-06
48.9004468151,2.2421829771,-1.6990642e-05
48.9053407057,2.2421829771,-3.3886237e-05
48.9102345963,2.2421829771,-4.1957683e-05
48.9151284869,2.2421829771,-4.367353e-05
48.9200223775,2.2421829771,-4.617216e-05
48.9249162681,2.2421829771,-5.836125e-05
48.9298101587,2.2421829771,-6.666448e-05
48.9347040493,2.2421829771,-6.9548e-05
48.9395979399,2.2421829771,-6.9548e-05
48.9444918305,2.2421829771,-7.080952e-05
48.9493857211,2.2421829771,-7.384397e-05
48.9542796117,2.2421829771,-7.935341e-05
48.9591735023,2.2421829771,-7.935341e-05
48.9640673929,2.2421829771,-7.935341e-05
48.9689612835,2.2421829771,-7.935341e-05
48.9738551741,2.2421829771,-7.935341e-05
48.9787490647,2.2421829771,-7.935341e-05
48.7389484253,2.2470768677,-6.01375e-05
48.7438423159,2.2470768677,-6.01375e-05
48.7487362065,2.2470768677,-6.01375e-05
48.7536300971,2.2470768677,-6.01375e-05
48.7585239877,2.2470768677,-6.01375e-05
48.7634178783,2.2470768677,-6.01375e-05
48.7683117689,2.2470768677,-7.7277546e-05
48.7732056595,2.2470768677,-8.635631e-05
48.7780995501,2.2470768677,-8.1319195e-05
48.7829934407,2.2470768677,-8.0224505e-05
48.7878873313,2.2470768677,-7.582867e-05
48.7927812219,2.2470768677,-6.519085e-05
48.7976751125,2.2470768677,-4.4220214e-05
48.8025690031,2.2470768677,-4.082172e-05
48.8074628937,2.2470768677,-4.588133e-05
48.8123567843,2.2470768677,-5.2418196e-05
48.8172506749,2.2470768677,-0.00020533604
48.8221445655,2.2470768677,-1.5847074e-07
48.8270384561,2.2470768677,4.9647562e-05
48.8319323467,2.2470768677,0.0011359681
48.8368262373,2.2470768677,0.0015315367
48.8417201279,2.2470768677,0.0016204407
48.8466140185,2.2470768677,0.0015644421
48.8515079091,2.2470768677,0.0010970928
48.8564017997,2.2470768677,0.0007605431
48.8612956903,2.2470768677,0.00031952787
48.8661895809,2.2470768677,0.00030995707
48.8710834715,2.2470768677,0.00015864507
48.8759773621,2.2470768677,0.0001356406
48.8808712527,2.2470768677,-1.3672419e-05
48.8857651433,2.2470768677,-8.183117e-05
48.8906590339,2.2470768677,-1.2072713e-05
48.8955529245,2.2470768677,8.942271e-06
48.9004468151,2.2470768677,-1.3382845e-05
48.9053407057,2.2470768677,-1.722094e-05
48.9102345963,2.2470768677,-2.5292386e-05
48.9151284869,2.2470768677,-2.7008215e-05
48.9200223775,2.2470768677,-2.950685e-05
48.9249162681,2.2470768677,-4.169595e-05
48.9298101587,2.2470768677,-4.9999166e-05
48.9347040493,2.2470768677,-5.28827e-05
48.9395979399,2.2470768677,-5.28827e-05
48.9444918305,2.2470768677,-5.4144213e-05
48.9493857211,2.2470768677,-5.717867e-05
48.9542796117,2.2470768677,-6.2688094e-05
48.9591735023,2.2470768677,-6.2688094e-05
48.9640673929,2.2470768677,-6.2688094e-05
48.9689612835,2.2470768677,-6.2688094e-05
48.9738551741,2.2470768677,-6.2688094e-05
48.9787490647,2.2470768677,-6.2688094e-05
48.7389484253,2.2519707583,-5.6611883e-05
48.7438423159,2.2519707583,-5.6611883e-05
48.7487362065,2.2519707583,-5.6611883e-05
48.7536300971,2.2519707583,-5.6611883e-05
48.7585239877,2.2519707583,-5.6611883e-05
48.7634178783,2.2519707583,-5.6611883e-05
48.7683117689,2.2519707583,-7.375192e-05
48.7732056595,2.2519707583,-8.28307e-05
48.7780995501,2.2519707583,-7.779357e-05
48.7829934407,2.2519707583,-7.6698874e-05
48.7878873313,2.2519707583,-7.2303046e-05
48.7927812219,2.2519707583,-6.166523e-05
48.7976751125,2.2519707583,-4.06946e-05
48.8025690031,2.2519707583,-3.7296097e-05
48.8074628937,2.2519707583,-4.235572e-05
48.8123567843,2.2519707583,-2.7831327e-05
48.8172506749,2.2519707583,-0.00012328815
48.8221445655,2.2519707583,0.00010003881
48.8270384561,2.2519707583,0.00016661004
48.8319323467,2.2519707583,0.0012529301
48.8368262373,2.2519707583,0.0016484989
48.8417201279,2.2519707583,0.0017374028
48.8466140185,2.2519707583,0.0016814041
48.8515079091,2.2519707583,0.0011825244
48.8564017997,2.2519707583,0.00084597484
48.8612956903,2.2519707583,0.00040495975
48.8661895809,2.2519707583,0.000395389
48.8710834715,2.2519707583,0.00024407706
48.8759773621,2.2519707583,0.00017997184
48.8808712527,2.2519707583,3.0658633e-05
48.8857651433,2.2519707583,-7.3356e-05
48.8906590339,2.2519707583,-5.7096113e-06
48.8955529245,2.2519707583,2.8823577e-05
48.9004468151,2.2519707583,6.498488e-06
48.9053407057,2.2519707583,-1.3889201e-05
48.9102345963,2.2519707583,-2.1960655e-05
48.9151284869,2.2519707583,-2.3676483e-05
48.9200223775,2.2519707583,-2.6175116e-05
48.9249162681,2.2519707583,-3.8364207e-05
48.9298101587,2.2519707583,-4.6667425e-05
48.9347040493,2.2519707583,-4.9550967e-05
48.9395979399,2.2519707583,-4.9550967e-05
48.9444918305,2.2519707583,-5.081248e-05
48.9493857211,2.2519707583,-5.3846932e-05
48.9542796117,2.2519707583,-5.9356367e-05
48.9591735023,2.2519707583,-5.9356367e-05
48.9640673929,2.2519707583,-5.9356367e-05
48.9689612835,2.2519707583,-5.9356367e-05
48.9738551741,2.2519707583,-5.9356367e-05
48.9787490647,2.2519707583,-5.9356367e-05
48.7389484253,2.2568646489,-1.1563701e-05
48.7438423159,2.2568646489,-1.1563701e-05
48.7487362065,2.2568646489,-1.1563701e-05
48.7536300971,2.2568646489,-1.1563701e-05
48.7585239877,2.2568646489,-1.1563701e-05
48.7634178783,2.2568646489,-1.1563701e-05
48.7683117689,2.2568646489,-2.8703744e-05
48.7732056595,2.2568646489,-3.7782513e-05
48.7780995501,2.2568646489,-3.274539e-05
48.7829934407,2.2568646489,-3.1650692e-05
48.7878873313,2.2568646489,-2.7254864e-05
48.7927812219,2.2568646489,-1.6617047e-05
48.7976751125,2.2568646489,4.353582e-06
48.8025690031,2.2568646489,7.752088e-06
48.8074628937,2.2568646489,2.6924645e-06
48.8123567843,2.2568646489,1.7216866e-05
48.8172506749,2.2568646489,-4.939314e-05
48.8221445655,2.2568646489,0.00022164761
48.8270384561,2.2568646489,0.00047826872
48.8319323467,2.2568646489,0.0015645891
48.8368262373,2.2568646489,0.0021896486
48.8417201279,2.2568646489,0.0022785524
48.8466140185,2.2568646489,0.0022225538
48.8515079091,2.2568646489,0.0016214295
48.8564017997,2.2568646489,0.001284879
48.8612956903,2.2568646489,0.000843865
48.8661895809,2.2568646489,0.00083429395
48.8710834715,2.2568646489,0.00055573595
48.8759773621,2.2568646489,0.00041714107
48.8808712527,2.2568646489,0.00023898126
48.8857651433,2.2568646489,0.00013496664
48.8906590339,2.2568646489,4.0310457e-05
48.8955529245,2.2568646489,4.7096284e-05
48.9004468151,2.2568646489,6.498488e-06
48.9053407057,2.2568646489,-1.3889201e-05
48.9102345963,2.2568646489,-2.1960655e-05
48.9151284869,2.2568646489,-2.3676483e-05
48.9200223775,2.2568646489,-2.6175116e-05
48.9249162681,2.2568646489,-3.8364207e-05
48.9298101587,2.2568646489,-4.6667425e-05
48.9347040493,2.2568646489,-4.9550967e-05
48.9395979399,2.2568646489,-4.9550967e-05
48.9444918305,2.2568646489,-5.081248e-05
48.9493857211,2.2568646489,-5.3846932e-05
48.9542796117,2.2568646489,-5.9356367e-05
48.9591735023,2.2568646489,-5.9356367e-05
48.9640673929,2.2568646489,-5.9356367e-05
48.9689612835,2.2568646489,-5.9356367e-05
48.9738551741,2.2568646489,-5.9356367e-05
48.9787490647,2.2568646489,-5.9356367e-05
48.7389484253,2.2617585395,-1.8987866e-05
48.7438423159,2.2617585395,-1.8987866e-05
48.7487362065,2.2617585395,-1.8987866e-05
48.7536300971,2.2617585395,-1.8987866e-05
48.7585239877,2.2617585395,-1.8987866e-05
48.7634178783,2.2617585395,-1.8987866e-05
48.7683117689,2.2617585395,-3.6127898e-05
48.7732056595,2.2617585395,-4.520666e-05
48.7780995501,2.2617585395,-4.0169543e-05
48.7829934407,2.2617585395,-3.907485e-05
48.7878873313,2.2617585395,-3.4679015e-05
48.7927812219,2.2617585395,-2.4041197e-05
48.7976751125,2.2617585395,-3.0705637e-06
48.8025690031,2.2617585395,3.2793702e-07
48.8074628937,2.2617585395,-4.7316807e-06
48.8123567843,2.2617585395,-1.5915033e-05
48.8172506749,2.2617585395,-8.252503e-05
48.8221445655,2.2617585395,0.00018851578
48.8270384561,2.2617585395,0.0004953802
48.8319323467,2.2617585395,0.0017353061
48.8368262373,2.2617585395,0.0026242156
48.8417201279,2.2617585395,0.0027131194
48.8466140185,2.2617585395,0.0026571208
48.8515079091,2.2617585395,0.0020559973
48.8564017997,2.2617585395,0.001719446
48.8612956903,2.2617585395,0.001278431
48.8661895809,2.2617585395,0.0011180526
48.8710834715,2.2617585395,0.0006034049
48.8759773621,2.2617585395,0.00046481012
48.8808712527,2.2617585395,0.00023640694
48.8857651433,2.2617585395,0.00013239232
48.8906590339,2.2617585395,3.7736132e-05
48.8955529245,2.2617585395,4.4521963e-05
48.9004468151,2.2617585395,3.9241613e-06
48.9053407057,2.2617585395,-1.6463526e-05
48.9102345963,2.2617585395,-2.453498e-05
48.9151284869,2.2617585395,-2.6250807e-05
48.9200223775,2.2617585395,-2.8749444e-05
48.9249162681,2.2617585395,-4.093853e-05
48.9298101587,2.2617585395,-4.9241753e-05
48.9347040493,2.2617585395,-5.2125295e-05
48.9395979399,2.2617585395,-5.2125295e-05
48.9444918305,2.2617585395,-5.442338e-05
48.9493857211,2.2617585395,-5.8611346e-05
48.9542796117,2.2617585395,-6.41208e-05
48.9591735023,2.2617585395,-6.41208e-05
48.9640673929,2.2617585395,-6.41208e-05
48.9689612835,2.2617585395,-6.41208e-05
48.9738551741,2.2617585395,-6.41208e-05
48.9787490647,2.2617585395,-6.41208e-05
48.7389484253,2.2666524301,-1.4860036e-05
48.7438423159,2.2666524301,-1.4860036e-05
48.7487362065,2.2666524301,-1.4860036e-05
48.7536300971,2.2666524301,-1.4860036e-05
48.7585239877,2.2666524301,-1.4860036e-05
48.7634178783,2.2666524301,-1.4860036e-05
48.7683117689,2.2666524301,-3.2000058e-05
48.7732056595,2.2666524301,-4.107883e-05
48.7780995501,2.2666524301,-3.6041718e-05
48.7829934407,2.2666524301,-3.4947025e-05
48.7878873313,2.2666524301,-3.0551186e-05
48.7927812219,2.2666524301,-1.9913368e-05
48.7976751125,2.2666524301,1.0572691e-06
48.8025690031,2.2666524301,4.4557664e-06
48.8074628937,2.2666524301,-6.0385395e-07
48.8123567843,2.2666524301,-1.1787206e-05
48.8172506749,2.2666524301,-0.00010316903
48.8221445655,2.2666524301,0.00023159782
48.8270384561,2.2666524301,0.0008023115
48.8319323467,2.2666524301,0.0020422398
48.8368262373,2.2666524301,0.0029311476
48.8417201279,2.2666524301,0.0030200514
48.8466140185,2.2666524301,0.0029640528
48.8515079091,2.2666524301,0.0023629295
48.8564017997,2.2666524301,0.0020435106
48.8612956903,2.2666524301,0.0015895691
48.8661895809,2.2666524301,0.0014456994
48.8710834715,2.2666524301,0.0009310515
48.8759773621,2.2666524301,0.000792457
48.8808712527,2.2666524301,0.00054529577
48.8857651433,2.2666524301,0.00037371082
48.8906590339,2.2666524301,0.0002790545
48.8955529245,2.2666524301,4.8589545e-06
48.9004468151,2.2666524301,-3.5738864e-05
48.9053407057,2.2666524301,-1.185588e-05
48.9102345963,2.2666524301,-1.9927338e-05
48.9151284869,2.2666524301,-2.1643165e-05
48.9200223775,2.2666524301,-2.4141806e-05
48.9249162681,2.2666524301,-3.6330883e-05
48.9298101587,2.2666524301,-4.463411e-05
48.9347040493,2.2666524301,-4.7517646e-05
48.9395979399,2.2666524301,-4.7517646e-05
48.9444918305,2.2666524301,-4.9815735e-05
48.9493857211,2.2666524301,-5.4003707e-05
48.9542796117,2.2666524301,-5.9513142e-05
48.9591735023,2.2666524301,-5.9513142e-05
48.9640673929,2.2666524301,-5.9513142e-05
48.9689612835,2.2666524301,-5.9513142e-05
48.9738551741,2.2666524301,-5.9513142e-05
48.9787490647,2.2666524301,-5.9513142e-05
48.7389484253,2.2715463207,-1.4726984e-05
48.7438423159,2.2715463207,-1.4726984e-05
48.7487362065,2.2715463207,-1.4726984e-05
48.7536300971,2.2715463207,-1.4726984e-05
48.7585239877,2.2715463207,-1.4726984e-05
48.7634178783,2.2715463207,-1.4726984e-05
48.7683117689,2.2715463207,-3.1867006e-05
48.7732056595,2.2715463207,-4.094578e-05
48.7780995501,2.2715463207,-3.5908666e-05
48.7829934407,2.2715463207,-3.4813973e-05
48.7878873313,2.2715463207,-3.0418134e-05
48.7927812219,2.2715463207,-1.9780317e-05
48.7976751125,2.2715463207,1.1903209e-06
48.8025690031,2.2715463207,4.5888182e-06
48.8074628937,2.2715463207,-4.7080397e-07
48.8123567843,2.2715463207,1.0899108e-06
48.8172506749,2.2715463207,-2.2824393e-06
48.8221445655,2.2715463207,0.0005282614
48.8270384561,2.2715463207,0.0010989744
48.8319323467,2.2715463207,0.0023694052
48.8368262373,2.2715463207,0.0035904883
48.8417201279,2.2715463207,0.0036793922
48.8466140185,2.2715463207,0.0036233936
48.8515079091,2.2715463207,0.0030222712
48.8564017997,2.2715463207,0.002755268
48.8612956903,2.2715463207,0.0022861399
48.8661895809,2.2715463207,0.0021344975
48.8710834715,2.2715463207,0.0013108625
48.8759773621,2.2715463207,0.0012332433
48.8808712527,2.2715463207,0.00094287837
48.8857651433,2.2715463207,0.00047345436
48.8906590339,2.2715463207,0.00037879788
48.8955529245,2.2715463207,0.00018272297
48.9004468151,2.2715463207,0.00011051917
48.9053407057,2.2715463207,-1.45825625e-05
48.9102345963,2.2715463207,-2.2654021e-05
48.9151284869,2.2715463207,-2.4369849e-05
48.9200223775,2.2715463207,-2.6868487e-05
48.9249162681,2.2715463207,-3.9057566e-05
48.9298101587,2.2715463207,-4.7360794e-05
48.9347040493,2.2715463207,-5.024433e-05
48.9395979399,2.2715463207,-5.024433e-05
48.9444918305,2.2715463207,-5.254242e-05
48.9493857211,2.2715463207,-5.67304e-05
48.9542796117,2.2715463207,-6.2239815e-05
48.9591735023,2.2715463207,-6.2239815e-05
48.9640673929,2.2715463207,-6.2239815e-05
48.9689612835,2.2715463207,-6.2239815e-05
48.9738551741,2.2715463207,-6.2239815e-05
48.9787490647,2.2715463207,-6.2239815e-05
48.7389484253,2.2764402113,4.454704e-06
48.7438423159,2.2764402113,4.454704e-06
48.7487362065,2.2764402113,4.454704e-06
48.7536300971,2.2764402113,4.454704e-06
48.7585239877,2.2764402113,4.454704e-06
48.7634178783,2.2764402113,4.454704e-06
48.7683117689,2.2764402113,-1.5058738e-06
48.7732056595,2.2764402113,-1.05846475e-05
48.7780995501,2.2764402113,-5.547531e-06
48.7829934407,2.2764402113,-4.452837e-06
48.7878873313,2.2764402113,-5.700342e-08
48.7927812219,2.2764402113,1.0580818e-05
48.7976751125,2.2764402113,3.1551448e-05
48.8025690031,2.2764402113,3.1358755e-05
48.8074628937,2.2764402113,2.629913e-05
48.8123567843,2.2764402113,3.9127153e-05
48.8172506749,2.2764402113,9.862143e-05
48.8221445655,2.2764402113,0.0007931754
48.8270384561,2.2764402113,0.0017000932
48.8319323467,2.2764402113,0.0033381109
48.8368262373,2.2764402113,0.004640715
48.8417201279,2.2764402113,0.004725534
48.8466140185,2.2764402113,0.004669535
48.8515079091,2.2764402113,0.004068413
48.8564017997,2.2764402113,0.0037852945
48.8612956903,2.2764402113,0.003070092
48.8661895809,2.2764402113,0.002558989
48.8710834715,2.2764402113,0.0016401793
48.8759773621,2.2764402113,0.0015625601
48.8808712527,2.2764402113,0.0012420377
48.8857651433,2.2764402113,0.0006960765
48.8906590339,2.2764402113,0.00064190314
48.8955529245,2.2764402113,0.00041566734
48.9004468151,2.2764402113,0.00023169321
48.9053407057,2.2764402113,-1.5432046e-05
48.9102345963,2.2764402113,-2.3503504e-05
48.9151284869,2.2764402113,-2.5219331e-05
48.9200223775,2.2764402113,-2.771796e-05
48.9249162681,2.2764402113,-3.990705e-05
48.9298101587,2.2764402113,-4.8210273e-05
48.9347040493,2.2764402113,-5.109382e-05
48.9395979399,2.2764402113,-5.109382e-05
48.9444918305,2.2764402113,-5.33919e-05
48.9493857211,2.2764402113,-5.7579888e-05
48.9542796117,2.2764402113,-6.308932e-05
48.9591735023,2.2764402113,-6.308932e-05
48.9640673929,2.2764402113,-6.308932e-05
48.9689612835,2.2764402113,-6.308932e-05
48.9738551741,2.2764402113,-6.308932e-05
48.9787490647,2.2764402113,-6.308932e-05
48.7389484253,2.2813341019,0.00013986204
48.7438423159,2.2813341019,0.00013986204
48.7487362065,2.2813341019,0.00013986204
48.7536300971,2.2813341019,0.00013986204
48.7585239877,2.2813341019,0.00013986204
48.7634178783,2.2813341019,0.00013986204
48.7683117689,2.2813341019,0.00013466559
48.7732056595,2.2813341019,0.00012558675
48.7780995501,2.2813341019,0.00013062394
48.7829934407,2.2813341019,0.00013171864
48.7878873313,2.2813341019,0.00013611447
48.7927812219,2.2813341019,0.00014675227
48.7976751125,2.2813341019,0.00016772292
48.8025690031,2.2813341019,0.00016411241
48.8074628937,2.2813341019,0.00015905284
48.8123567843,2.2813341019,0.00021941609
48.8172506749,2.2813341019,0.00036274534
48.8221445655,2.2813341019,0.0011342646
48.8270384561,2.2813341019,0.0021661925
48.8319323467,2.2813341019,0.003832548
48.8368262373,2.2813341019,0.005135152
48.8417201279,2.2813341019,0.0052227285
48.8466140185,2.2813341019,0.005061062
48.8515079091,2.2813341019,0.0043577165
48.8564017997,2.2813341019,0.0039948425
48.8612956903,2.2813341019,0.0032550448
48.8661895809,2.2813341019,0.0026823918
48.8710834715,2.2813341019,0.0017297262
48.8759773621,2.2813341019,0.0016912451
48.8808712527,2.2813341019,0.001370723
48.8857651433,2.2813341019,0.00083959935
48.8906590339,2.2813341019,0.0007253615
48.8955529245,2.2813341019,0.00049177
48.9004468151,2.2813341019,0.00030773666
48.9053407057,2.2813341019,5.0622628e-05
48.9102345963,2.2813341019,4.2551157e-05
48.9151284869,2.2813341019,4.083533e-05
48.9200223775,2.2813341019,3.8336682e-05
48.9249162681,2.2813341019,2.6147634e-05
48.9298101587,2.2813341019,1.7844424e-05
48.9347040493,2.2813341019,1.4960889e-05
48.9395979399,2.2813341019,1.4960889e-05
48.9444918305,2.2813341019,1.266281e-05
48.9493857211,2.2813341019,5.52908e-06
48.9542796117,2.2813341019,1.9649875e-08
48.9591735023,2.2813341019,1.9649875e-08
48.9640673929,2.2813341019,1.9649875e-08
48.9689612835,2.2813341019,1.9649875e-08
48.9738551741,2.2813341019,1.9649875e-08
48.9787490647,2.2813341019,1.9649875e-08
48.7389484253,2.2862279925,0.00014999352
48.7438423159,2.2862279925,0.00014999352
48.7487362065,2.2862279925,0.00014999352
48.7536300971,2.2862279925,0.00014999352
48.7585239877,2.2862279925,0.00014999352
48.7634178783,2.2862279925,0.00014999352
48.7683117689,2.2862279925,0.00015055492
48.7732056595,2.2862279925,0.00015678743
48.7780995501,2.2862279925,0.00016343188
48.7829934407,2.2862279925,0.00016452656
48.7878873313,2.2862279925,0.00017154217
48.7927812219,2.2862279925,0.0001853068
48.7976751125,2.2862279925,0.00020675697
48.8025690031,2.2862279925,0.0002068037
48.8074628937,2.2862279925,0.0002922859
48.8123567843,2.2862279925,0.000448953
48.8172506749,2.2862279925,0.00072835357
48.8221445655,2.2862279925,0.0015613773
48.8270384561,2.2862279925,0.0022256316
48.8319323467,2.2862279925,0.003864463
48.8368262373,2.2862279925,0.00503982
48.8417201279,2.2862279925,0.0051273964
48.8466140185,2.2862279925,0.00496573
48.8515079091,2.2862279925,0.0042167082
48.8564017997,2.2862279925,0.0037803315
48.8612956903,2.2862279925,0.003142576
48.8661895809,2.2862279925,0.00242207
48.8710834715,2.2862279925,0.0016323683
48.8759773621,2.2862279925,0.0016011674
48.8808712527,2.2862279925,0.0012871159
48.8857651433,2.2862279925,0.00087040063
48.8906590339,2.2862279925,0.00090635056
48.8955529245,2.2862279925,0.0006904782
48.9004468151,2.2862279925,0.00041820356
48.9053407057,2.2862279925,8.781387e-05
48.9102345963,2.2862279925,7.540856e-05
48.9151284869,2.2862279925,7.369273e-05
48.9200223775,2.2862279925,6.112434e-05
48.9249162681,2.2862279925,4.614063e-05
48.9298101587,2.2862279925,3.7837424e-05
48.9347040493,2.2862279925,3.602831e-05
48.9395979399,2.2862279925,3.278155e-05
48.9444918305,2.2862279925,3.0483465e-05
48.9493857211,2.2862279925,2.3349734e-05
48.9542796117,2.2862279925,1.7840299e-05
48.9591735023,2.2862279925,1.7840299e-05
48.9640673929,2.2862279925,1.7840299e-05
48.9689612835,2.2862279925,1.7840299e-05
48.9738551741,2.2862279925,1.7840299e-05
48.9787490647,2.2862279925,1.7840299e-05
48.7389484253,2.2911218831,0.00013394692
48.7438423159,2.2911218831,0.00013394692
48.7487362065,2.2911218831,0.00013394692
48.7536300971,2.2911218831,0.00013394692
48.7585239877,2.2911218831,0.00013394692
48.7634178783,2.2911218831,0.00013394692
48.7683117689,2.2911218831,0.00013450834
48.7732056595,2.2911218831,0.0001407409
48.7780995501,2.2911218831,0.00014738532
48.7829934407,2.2911218831,0.00014848
48.7878873313,2.2911218831,0.00015549557
48.7927812219,2.2911218831,0.00016926021
48.7976751125,2.2911218831,0.00019071046
48.8025690031,2.2911218831,0.00019075717
48.8074628937,2.2911218831,0.00027623939
48.8123567843,2.2911218831,0.0004329065
48.8172506749,2.2911218831,0.000712307
48.8221445655,2.2911218831,0.0015453309
48.8270384561,2.2911218831,0.002209585
48.8319323467,2.2911218831,0.0038374728
48.8368262373,2.2911218831,0.0049942657
48.8417201279,2.2911218831,0.005081842
48.8466140185,2.2911218831,0.0049201758
48.8515079091,2.2911218831,0.004210583
48.8564017997,2.2911218831,0.0037742062
48.8612956903,2.2911218831,0.0031550142
48.8661895809,2.2911218831,0.0024345082
48.8710834715,2.2911218831,0.0016603061
48.8759773621,2.2911218831,0.0016291052
48.8808712527,2.2911218831,0.0012498394
48.8857651433,2.2911218831,0.0008254239
48.8906590339,2.2911218831,0.00092658785
48.8955529245,2.2911218831,0.0007334237
48.9004468151,2.2911218831,0.0004392913
48.9053407057,2.2911218831,0.00011337133
48.9102345963,2.2911218831,9.349444e-05
48.9151284869,2.2911218831,7.555813e-05
48.9200223775,2.2911218831,6.2989726e-05
48.9249162681,2.2911218831,4.8006033e-05
48.9298101587,2.2911218831,3.8776823e-05
48.9347040493,2.2911218831,3.696773e-05
48.9395979399,2.2911218831,3.3720957e-05
48.9444918305,2.2911218831,3.1422867e-05
48.9493857211,2.2911218831,2.4289133e-05
48.9542796117,2.2911218831,1.8779698e-05
48.9591735023,2.2911218831,1.8779698e-05
48.9640673929,2.2911218831,1.8779698e-05
48.9689612835,2.2911218831,1.8779698e-05
48.9738551741,2.2911218831,1.8779698e-05
48.9787490647,2.2911218831,1.8779698e-05
48.7389484253,2.2960157737,0.00012068259
48.7438423159,2.2960157737,0.00012068259
48.7487362065,2.2960157737,0.00012068259
48.7536300971,2.2960157737,0.00012068259
48.7585239877,2.2960157737,0.00012068259
48.7634178783,2.2960157737,0.00012068259
48.7683117689,2.2960157737,0.00012124402
48.7732056595,2.2960157737,0.00012747657
48.7780995501,2.2960157737,0.00013412097
48.7829934407,2.2960157737,0.00013714607
48.7878873313,2.2960157737,0.00014416168
48.7927812219,2.2960157737,0.0001579263
48.7976751125,2.2960157737,0.00017937656
48.8025690031,2.2960157737,0.00017942328
48.8074628937,2.2960157737,0.0002649055
48.8123567843,2.2960157737,0.00041318272
48.8172506749,2.2960157737,0.0006938373
48.8221445655,2.2960157737,0.001508722
48.8270384561,2.2960157737,0.002159668
48.8319323467,2.2960157737,0.0035261041
48.8368262373,2.2960157737,0.0041273865
48.8417201279,2.2960157737,0.004205257
48.8466140185,2.2960157737,0.004043591
48.8515079091,2.2960157737,0.0033339981
48.8564017997,2.2960157737,0.0028976197
48.8612956903,2.2960157737,0.0022784276
48.8661895809,2.2960157737,0.0020273735
48.8710834715,2.2960157737,0.0018780149
48.8759773621,2.2960157737,0.001846814
48.8808712527,2.2960157737,0.0014675484
48.8857651433,2.2960157737,0.0007962485
48.8906590339,2.2960157737,0.0008886787
48.8955529245,2.2960157737,0.000690998
48.9004468151,2.2960157737,0.00042183185
48.9053407057,2.2960157737,8.631074e-05
48.9102345963,2.2960157737,8.601509e-05
48.9151284869,2.2960157737,5.8655023e-05
48.9200223775,2.2960157737,4.608665e-05
48.9249162681,2.2960157737,3.1111125e-05
48.9298101587,2.2960157737,2.18819e-05
48.9347040493,2.2960157737,2.0072817e-05
48.9395979399,2.2960157737,1.6826034e-05
48.9444918305,2.2960157737,1.4527951e-05
48.9493857211,2.2960157737,7.3942247e-06
48.9542796117,2.2960157737,1.8847846e-06
48.9591735023,2.2960157737,1.8847846e-06
48.9640673929,2.2960157737,1.8847846e-06
48.9689612835,2.2960157737,1.8847846e-06
48.9738551741,2.2960157737,1.8847846e-06
48.9787490647,2.2960157737,1.8847846e-06
48.7389484253,2.3009096643,0.00010821627
48.7438423159,2.3009096643,0.00010821627
48.7487362065,2.3009096643,0.00010821627
48.7536300971,2.3009096643,0.00010821627
48.7585239877,2.3009096643,0.00010821627
48.7634178783,2.3009096643,0.00010821627
48.7683117689,2.3009096643,0.00010877769
48.7732056595,2.3009096643,0.000115010225
48.7780995501,2.3009096643,0.00012165469
48.7829934407,2.3009096643,0.00012467983
48.7878873313,2.3009096643,0.00013169543
48.7927812219,2.3009096643,0.00014794986
48.7976751125,2.3009096643,0.00016940014
48.8025690031,2.3009096643,0.00016944687
48.8074628937,2.3009096643,0.00025492904
48.8123567843,2.3009096643,0.00043154237
48.8172506749,2.3009096643,0.000694196
48.8221445655,2.3009096643,0.0015116875
48.8270384561,2.3009096643,0.0021122256
48.8319323467,2.3009096643,0.0034786616
48.8368262373,2.3009096643,0.0040799435
48.8417201279,2.3009096643,0.0041578147
48.8466140185,2.3009096643,0.0039961487
48.8515079091,2.3009096643,0.0032865556
48.8564017997,2.3009096643,0.0028501772
48.8612956903,2.3009096643,0.0022309853
48.8661895809,2.3009096643,0.0019799308
48.8710834715,2.3009096643,0.0018305728
48.8759773621,2.3009096643,0.0017993719
48.8808712527,2.3009096643,0.0014710833
48.8857651433,2.3009096643,0.00079978333
48.8906590339,2.3009096643,0.00094250997
48.8955529245,2.3009096643,0.0007495138
48.9004468151,2.3009096643,0.00045987905
48.9053407057,2.3009096643,0.00012549371
48.9102345963,2.3009096643,9.8287666e-05
48.9151284869,2.3009096643,5.02134e-05
48.9200223775,2.3009096643,3.7644975e-05
48.9249162681,2.3009096643,2.266945e-05
48.9298101587,2.3009096643,1.326423e-05
48.9347040493,2.3009096643,1.1455136e-05
48.9395979399,2.3009096643,8.208358e-06
48.9444918305,2.3009096643,5.910282e-06
48.9493857211,2.3009096643,-1.2234494e-06
48.9542796117,2.3009096643,-6.732883e-06
48.9591735023,2.3009096643,-6.732883e-06
48.9640673929,2.3009096643,-6.732883e-06
48.9689612835,2.3009096643,-6.732883e-06
48.9738551741,2.3009096643,-6.732883e-06
48.9787490647,2.3009096643,-6.732883e-06
48.7389484253,2.3058035549,5.7834666e-05
48.7438423159,2.3058035549,5.7834666e-05
48.7487362065,2.3058035549,5.7834666e-05
48.7536300971,2.3058035549,5.7834666e-05
48.7585239877,2.3058035549,5.7834666e-05
48.7634178783,2.3058035549,5.7834666e-05
48.7683117689,2.3058035549,5.83961e-05
48.7732056595,2.3058035549,6.4628606e-05
48.7780995501,2.3058035549,7.1273025e-05
48.7829934407,2.3058035549,7.4298165e-05
48.7878873313,2.3058035549,8.131378e-05
48.7927812219,2.3058035549,9.756823e-05
48.7976751125,2.3058035549,0.00012804249
48.8025690031,2.3058035549,0.00012808916
48.8074628937,2.3058035549,0.00022461882
48.8123567843,2.3058035549,0.00039346702
48.8172506749,2.3058035549,0.0006984082
48.8221445655,2.3058035549,0.0015073783
48.8270384561,2.3058035549,0.0019259447
48.8319323467,2.3058035549,0.0032923827
48.8368262373,2.3058035549,0.0038936653
48.8417201279,2.3058035549,0.0039452375
48.8466140185,2.3058035549,0.0037835727
48.8515079091,2.3058035549,0.0030279628
48.8564017997,2.3058035549,0.0025915843
48.8612956903,2.3058035549,0.0020023354
48.8661895809,2.3058035549,0.0018366046
48.8710834715,2.3058035549,0.0016872465
48.8759773621,2.3058035549,0.0017010936
48.8808712527,2.3058035549,0.0013183408
48.8857651433,2.3058035549,0.0007388853
48.8906590339,2.3058035549,0.00082404993
48.8955529245,2.3058035549,0.00076142437
48.9004468151,2.3058035549,0.00046300102
48.9053407057,2.3058035549,0.00016607392
48.9102345963,2.3058035549,0.00011352529
48.9151284869,2.3058035549,6.545098e-05
48.9200223775,2.3058035549,4.1792955e-05
48.9249162681,2.3058035549,2.6817423e-05
48.9298101587,2.3058035549,1.7412214e-05
48.9347040493,2.3058035549,1.4838973e-05
48.9395979399,2.3058035549,1.15921985e-05
48.9444918305,2.3058035549,9.294113e-06
48.9493857211,2.3058035549,2.1603832e-06
48.9542796117,2.3058035549,-3.34905e-06
48.9591735023,2.3058035549,-3.34905e-06
48.9640673929,2.3058035549,-3.34905e-06
48.9689612835,2.3058035549,-3.34905e-06
48.9738551741,2.3058035549,-3.34905e-06
48.9787490647,2.3058035549,-3.34905e-06
48.7389484253,2.3106974455,6.30267e-05
48.7438423159,2.3106974455,6.30267e-05
48.7487362065,2.3106974455,6.30267e-05
48.7536300971,2.3106974455,6.30267e-05
48.7585239877,2.3106974455,6.30267e-05
48.7634178783,2.3106974455,6.30267e-05
48.7683117689,2.3106974455,6.358813e-05
48.7732056595,2.3106974455,6.982066e-05
48.7780995501,2.3106974455,7.646509e-05
48.7829934407,2.3106974455,7.9490215e-05
48.7878873313,2.3106974455,8.650585e-05
48.7927812219,2.3106974455,0.00010276031
48.7976751125,2.3106974455,0.00013323453
48.8025690031,2.3106974455,0.00014746869
48.8074628937,2.3106974455,0.0002439984
48.8123567843,2.3106974455,0.0004141436
48.8172506749,2.3106974455,0.00079176395
48.8221445655,2.3106974455,0.0015852497
48.8270384561,2.3106974455,0.0020038174
48.8319323467,2.3106974455,0.0033702538
48.8368262373,2.3106974455,0.0040833275
48.8417201279,2.3106974455,0.004134901
48.8466140185,2.3106974455,0.003950478
48.8515079091,2.3106974455,0.0031884958
48.8564017997,2.3106974455,0.0027521173
48.8612956903,2.3106974455,0.0021692426
48.8661895809,2.3106974455,0.0019246672
48.8710834715,2.3106974455,0.0017753089
48.8759773621,2.3106974455,0.001789156
48.8808712527,2.3106974455,0.0013731051
48.8857651433,2.3106974455,0.0008303159
48.8906590339,2.3106974455,0.0007360203
48.8955529245,2.3106974455,0.00067339477
48.9004468151,2.3106974455,0.00037497128
48.9053407057,2.3106974455,0.00017316015
48.9102345963,2.3106974455,0.00013047631
48.9151284869,2.3106974455,8.240195e-05
48.9200223775,2.3106974455,5.4868986e-05
48.9249162681,2.3106974455,3.989345e-05
48.9298101587,2.3106974455,3.048823e-05
48.9347040493,2.3106974455,2.1925207e-05
48.9395979399,2.3106974455,1.8678427e-05
48.9444918305,2.3106974455,1.6380349e-05
48.9493857211,2.3106974455,9.2466225e-06
48.9542796117,2.3106974455,3.7371888e-06
48.9591735023,2.3106974455,3.7371888e-06
48.9640673929,2.3106974455,3.7371888e-06
48.9689612835,2.3106974455,3.7371888e-06
48.9738551741,2.3106974455,3.7371888e-06
48.9787490647,2.3106974455,3.7371888e-06
48.7389484253,2.3155913361,5.3362397e-05
48.7438423159,2.3155913361,5.3362397e-05
48.7487362065,2.3155913361,5.3362397e-05
48.7536300971,2.3155913361,5.3362397e-05
48.7585239877,2.3155913361,5.3362397e-05
48.7634178783,2.3155913361,5.3362397e-05
48.7683117689,2.3155913361,5.392383e-05
48.7732056595,2.3155913361,6.015635e-05
48.7780995501,2.3155913361,6.6800785e-05
48.7829934407,2.3155913361,6.982591e-05
48.7878873313,2.3155913361,7.684152e-05
48.7927812219,2.3155913361,9.3095994e-05
48.7976751125,2.3155913361,0.00012357024
48.8025690031,2.3155913361,0.00015533058
48.8074628937,2.3155913361,0.00027605428
48.8123567843,2.3155913361,0.0004762383
48.8172506749,2.3155913361,0.0009772467
48.8221445655,2.3155913361,0.0017044352
48.8270384561,2.3155913361,0.002083927
48.8319323467,2.3155913361,0.0033243112
48.8368262373,2.3155913361,0.004161322
48.8417201279,2.3155913361,0.004188862
48.8466140185,2.3155913361,0.004024837
48.8515079091,2.3155913361,0.0032628542
48.8564017997,2.3155913361,0.0028264758
48.8612956903,2.3155913361,0.0022436015
48.8661895809,2.3155913361,0.0020392397
48.8710834715,2.3155913361,0.0018134016
48.8759773621,2.3155913361,0.0018272487
48.8808712527,2.3155913361,0.0015702102
48.8857651433,2.3155913361,0.0010133036
48.8906590339,2.3155913361,0.0006419727
48.8955529245,2.3155913361,0.0005775731
48.9004468151,2.3155913361,0.00032115713
48.9053407057,2.3155913361,0.00019372074
48.9102345963,2.3155913361,0.0001341593
48.9151284869,2.3155913361,8.608494e-05
48.9200223775,2.3155913361,5.8551974e-05
48.9249162681,2.3155913361,4.3576423e-05
48.9298101587,2.3155913361,3.4171208e-05
48.9347040493,2.3155913361,2.560817e-05
48.9395979399,2.3155913361,2.2361408e-05
48.9444918305,2.3155913361,2.006333e-05
48.9493857211,2.3155913361,1.2929598e-05
48.9542796117,2.3155913361,7.420156e-06
48.9591735023,2.3155913361,7.420156e-06
48.9640673929,2.3155913361,7.420156e-06
48.9689612835,2.3155913361,7.420156e-06
48.9738551741,2.3155913361,7.420156e-06
48.9787490647,2.3155913361,7.420156e-06
48.7389484253,2.3204852267,5.0175604e-05
48.7438423159,2.3204852267,5.0175604e-05
48.7487362065,2.3204852267,5.0175604e-05
48.7536300971,2.3204852267,5.0175604e-05
48.7585239877,2.3204852267,5.0175604e-05
48.7634178783,2.3204852267,5.0175604e-05
48.7683117689,2.3204852267,5.073704e-05
48.7732056595,2.3204852267,7.3839125e-05
48.7780995501,2.3204852267,8.048356e-05
48.7829934407,2.3204852267,8.350868e-05
48.7878873313,2.3204852267,9.052431e-05
48.7927812219,2.3204852267,0.00010677878
48.7976751125,2.3204852267,0.00013725292
48.8025690031,2.3204852267,0.00018568279
48.8074628937,2.3204852267,0.00034906482
48.8123567843,2.3204852267,0.000574859
48.8172506749,2.3204852267,0.0010503771
48.8221445655,2.3204852267,0.0016923082
48.8270384561,2.3204852267,0.0021370063
48.8319323467,2.3204852267,0.002712073
48.8368262373,2.3204852267,0.0034371929
48.8417201279,2.3204852267,0.0035703594
48.8466140185,2.3204852267,0.0033781724
48.8515079091,2.3204852267,0.0026161892
48.8564017997,2.3204852267,0.0021798108
48.8612956903,2.3204852267,0.0022670887
48.8661895809,2.3204852267,0.0021562173
48.8710834715,2.3204852267,0.0021461893
48.8759773621,2.3204852267,0.002207483
48.8808712527,2.3204852267,0.0019504442
48.8857651433,2.3204852267,0.0012344283
48.8906590339,2.3204852267,0.00066626107
48.8955529245,2.3204852267,0.00036418164
48.9004468151,2.3204852267,0.00031413767
48.9053407057,2.3204852267,0.00018670122
48.9102345963,2.3204852267,0.00012713978
48.9151284869,2.3204852267,7.906542e-05
48.9200223775,2.3204852267,5.153245e-05
48.9249162681,2.3204852267,3.6556914e-05
48.9298101587,2.3204852267,2.7151706e-05
48.9347040493,2.3204852267,1.858867e-05
48.9395979399,2.3204852267,1.5341902e-05
48.9444918305,2.3204852267,1.30438175e-05
48.9493857211,2.3204852267,5.9100876e-06
48.9542796117,2.3204852267,4.006531e-07
48.9591735023,2.3204852267,4.006531e-07
48.9640673929,2.3204852267,4.006531e-07
48.9689612835,2.3204852267,4.006531e-07
48.9738551741,2.3204852267,4.006531e-07
48.9787490647,2.3204852267,4.006531e-07
48.7389484253,2.3253791173,7.6412296e-05
48.7438423159,2.3253791173,7.6412296e-05
48.7487362065,2.3253791173,7.6412296e-05
48.7536300971,2.3253791173,7.6412296e-05
48.7585239877,2.3253791173,7.6412296e-05
48.7634178783,2.3253791173,7.6412296e-05
48.7683117689,2.3253791173,8.5399035e-05
48.7732056595,2.3253791173,0.00012920298
48.7780995501,2.3253791173,0.00013584741
48.7829934407,2.3253791173,0.00013887255
48.7878873313,2.3253791173,0.00014588815
48.7927812219,2.3253791173,0.0001621426
48.7976751125,2.3253791173,0.00019261676
48.8025690031,2.3253791173,0.00024104652
48.8074628937,2.3253791173,0.00041089836
48.8123567843,2.3253791173,0.0006963837
48.8172506749,2.3253791173,0.0012579124
48.8221445655,2.3253791173,0.0018814047
48.8270384561,2.3253791173,0.0023602142
48.8319323467,2.3253791173,0.0028664502
48.8368262373,2.3253791173,0.0035716656
48.8417201279,2.3253791173,0.0037240123
48.8466140185,2.3253791173,0.003434478
48.8515079091,2.3253791173,0.002612558
48.8564017997,2.3253791173,0.0021761796
48.8612956903,2.3253791173,0.002300759
48.8661895809,2.3253791173,0.0021898877
48.8710834715,2.3253791173,0.0022556013
48.8759773621,2.3253791173,0.002301179
48.8808712527,2.3253791173,0.0019819809
48.8857651433,2.3253791173,0.0013517078
48.8906590339,2.3253791173,0.0007768424
48.8955529245,2.3253791173,0.000506151
48.9004468151,2.3253791173,0.00038026168
48.9053407057,2.3253791173,0.00022254647
48.9102345963,2.3253791173,0.00017165618
48.9151284869,2.3253791173,0.00010944866
48.9200223775,2.3253791173,8.191568e-05
48.9249162681,2.3253791173,6.694017e-05
48.9298101587,2.3253791173,5.7534948e-05
48.9347040493,2.3253791173,4.897194e-05
48.9395979399,2.3253791173,4.572515e-05
48.9444918305,2.3253791173,4.3427055e-05
48.9493857211,2.3253791173,2.826752e-05
48.9542796117,2.3253791173,2.85405e-05
48.9591735023,2.3253791173,2.85405e-05
48.9640673929,2.3253791173,2.85405e-05
48.9689612835,2.3253791173,2.85405e-05
48.9738551741,2.3253791173,2.85405e-05
48.9787490647,2.3253791173,2.85405e-05
48.7389484253,2.3302730079,7.9155914e-05
48.7438423159,2.3302730079,7.9155914e-05
48.7487362065,2.3302730079,7.9155914e-05
48.7536300971,2.3302730079,7.9155914e-05
48.7585239877,2.3302730079,7.9155914e-05
48.7634178783,2.3302730079,7.9155914e-05
48.7683117689,2.3302730079,8.814265e-05
48.7732056595,2.3302730079,0.00013194657
48.7780995501,2.3302730079,0.000138591
48.7829934407,2.3302730079,0.00014161614
48.7878873313,2.3302730079,0.00014863173
48.7927812219,2.3302730079,0.0001648862
48.7976751125,2.3302730079,0.00019536035
48.8025690031,2.3302730079,0.00024379013
48.8074628937,2.3302730079,0.0004429923
48.8123567843,2.3302730079,0.00075771386
48.8172506749,2.3302730079,0.0012809036
48.8221445655,2.3302730079,0.0018841485
48.8270384561,2.3302730079,0.0023629577
48.8319323467,2.3302730079,0.0028691937
48.8368262373,2.3302730079,0.003574409
48.8417201279,2.3302730079,0.0036857333
48.8466140185,2.3302730079,0.0033961996
48.8515079091,2.3302730079,0.0026140718
48.8564017997,2.3302730079,0.0021776934
48.8612956903,2.3302730079,0.002302273
48.8661895809,2.3302730079,0.0021914016
48.8710834715,2.3302730079,0.0022502984
48.8759773621,2.3302730079,0.0022958762
48.8808712527,2.3302730079,0.0019500582
48.8857651433,2.3302730079,0.0012911
48.8906590339,2.3302730079,0.0007162346
48.8955529245,2.3302730079,0.0005051112
48.9004468151,2.3302730079,0.00037521747
48.9053407057,2.3302730079,0.00022093601
48.9102345963,2.3302730079,0.00017004565
48.9151284869,2.3302730079,0.00010783817
48.9200223775,2.3302730079,7.710227e-05
48.9249162681,2.3302730079,6.212675e-05
48.9298101587,2.3302730079,5.2721545e-05
48.9347040493,2.3302730079,4.415853e-05
48.9395979399,2.3302730079,3.747803e-05
48.9444918305,2.3302730079,3.5179946e-05
48.9493857211,2.3302730079,2.00204e-05
48.9542796117,2.3302730079,2.0293379e-05
48.9591735023,2.3302730079,2.0293379e-05
48.9640673929,2.3302730079,2.0293379e-05
48.9689612835,2.3302730079,2.0293379e-05
48.9738551741,2.3302730079,2.0293379e-05
48.9787490647,2.3302730079,2.0293379e-05
48.7389484253,2.3351668985000003,9.1037306e-05
48.7438423159,2.3351668985000003,9.1037306e-05
48.7487362065,2.3351668985000003,9.1037306e-05
48.7536300971,2.3351668985000003,9.1037306e-05
48.7585239877,2.3351668985000003,9.1037306e-05
48.7634178783,2.3351668985000003,9.1037306e-05
48.7683117689,2.3351668985000003,0.00010002403
48.7732056595,2.3351668985000003,0.000143828
48.7780995501,2.3351668985000003,0.00015047244
48.7829934407,2.3351668985000003,0.00015349757
48.7878873313,2.3351668985000003,0.00016051317
48.7927812219,2.3351668985000003,0.00017676763
48.7976751125,2.3351668985000003,0.00020724178
48.8025690031,2.3351668985000003,0.00025567156
48.8074628937,2.3351668985000003,0.00045487372
48.8123567843,2.3351668985000003,0.00086754444
48.8172506749,2.3351668985000003,0.0013177096
48.8221445655,2.3351668985000003,0.0018930432
48.8270384561,2.3351668985000003,0.0023652331
48.8319323467,2.3351668985000003,0.0028621645
48.8368262373,2.3351668985000003,0.0034415063
48.8417201279,2.3351668985000003,0.0034603532
48.8466140185,2.3351668985000003,0.0032248734
48.8515079091,2.3351668985000003,0.0026165333
48.8564017997,2.3351668985000003,0.0023037158
48.8612956903,2.3351668985000003,0.0024282953
48.8661895809,2.3351668985000003,0.002317424
48.8710834715,2.3351668985000003,0.002263706
48.8759773621,2.3351668985000003,0.002143067
48.8808712527,2.3351668985000003,0.0017972476
48.8857651433,2.3351668985000003,0.0011382911
48.8906590339,2.3351668985000003,0.00062591326
48.8955529245,2.3351668985000003,0.0004954303
48.9004468151,2.3351668985000003,0.00039412588
48.9053407057,2.3351668985000003,0.00024911162
48.9102345963,2.3351668985000003,0.00019822145
48.9151284869,2.3351668985000003,0.00013601403
48.9200223775,2.3351668985000003,0.000105278064
48.9249162681,2.3351668985000003,9.030254e-05
48.9298101587,2.3351668985000003,7.162993e-05
48.9347040493,2.3351668985000003,6.306692e-05
48.9395979399,2.3351668985000003,5.6386434e-05
48.9444918305,2.3351668985000003,5.4088367e-05
48.9493857211,2.3351668985000003,3.8928814e-05
48.9542796117,2.3351668985000003,3.9201794e-05
48.9591735023,2.3351668985000003,3.9201794e-05
48.9640673929,2.3351668985000003,3.9201794e-05
48.9689612835,2.3351668985000003,3.9201794e-05
48.9738551741,2.3351668985000003,3.9201794e-05
48.9787490647,2.3351668985000003,3.9201794e-05
48.7389484253,2.3400607891000003,-8.672218e-06
48.7438423159,2.3400607891000003,-8.672218e-06
48.7487362065,2.3400607891000003,-8.672218e-06
48.7536300971,2.3400607891000003,-8.672218e-06
48.7585239877,2.3400607891000003,-8.672218e-06
48.7634178783,2.3400607891000003,-8.672218e-06
48.7683117689,2.3400607891000003,3.145256e-07
48.7732056595,2.3400607891000003,2.8390157e-05
48.7780995501,2.3400607891000003,3.5034598e-05
48.7829934407,2.3400607891000003,3.80597e-05
48.7878873313,2.3400607891000003,4.507528e-05
48.7927812219,2.3400607891000003,6.1329716e-05
48.7976751125,2.3400607891000003,9.180387e-05
48.8025690031,2.3400607891000003,0.00014023375
48.8074628937,2.3400607891000003,0.00034058368
48.8123567843,2.3400607891000003,0.0006749399
48.8172506749,2.3400607891000003,0.0011436183
48.8221445655,2.3400607891000003,0.0015319607
48.8270384561,2.3400607891000003,0.0018455213
48.8319323467,2.3400607891000003,0.0023344872
48.8368262373,2.3400607891000003,0.002545924
48.8417201279,2.3400607891000003,0.0025647709
48.8466140185,2.3400607891000003,0.002329291
48.8515079091,2.3400607891000003,0.0021132124
48.8564017997,2.3400607891000003,0.0020416034
48.8612956903,2.3400607891000003,0.0021907801
48.8661895809,2.3400607891000003,0.0022182588
48.8710834715,2.3400607891000003,0.0021645406
48.8759773621,2.3400607891000003,0.001987174
48.8808712527,2.3400607891000003,0.0016413556
48.8857651433,2.3400607891000003,0.000982398
48.8906590339,2.3400607891000003,0.00044958616
48.8955529245,2.3400607891000003,0.00031910313
48.9004468151,2.3400607891000003,0.0002487017
48.9053407057,2.3400607891000003,0.00016863183
48.9102345963,2.3400607891000003,0.00017578424
48.9151284869,2.3400607891000003,0.00011357676
48.9200223775,2.3400607891000003,8.284083e-05
48.9249162681,2.3400607891000003,5.6353063e-05
48.9298101587,2.3400607891000003,3.768046e-05
48.9347040493,2.3400607891000003,2.9117447e-05
48.9395979399,2.3400607891000003,2.2436936e-05
48.9444918305,2.3400607891000003,2.0138847e-05
48.9493857211,2.3400607891000003,4.979309e-06
48.9542796117,2.3400607891000003,5.2522882e-06
48.9591735023,2.3400607891000003,5.2522882e-06
48.9640673929,2.3400607891000003,5.2522882e-06
48.9689612835,2.3400607891000003,5.2522882e-06
48.9738551741,2.3400607891000003,5.2522882e-06
48.9787490647,2.3400607891000003,5.2522882e-06
48.7389484253,2.3449546797000003,-6.174837e-05
48.7438423159,2.3449546797000003,-6.174837e-05
48.7487362065,2.3449546797000003,-6.174837e-05
48.7536300971,2.3449546797000003,-6.174837e-05
48.7585239877,2.3449546797000003,-6.174837e-05
48.7634178783,2.3449546797000003,-6.174837e-05
48.7683117689,2.3449546797000003,-5.2761625e-05
48.7732056595,2.3449546797000003,-2.4686029e-05
48.7780995501,2.3449546797000003,-1.8041595e-05
48.7829934407,2.3449546797000003,-1.5016465e-05
48.7878873313,2.3449546797000003,-8.0008695e-06
48.7927812219,2.3449546797000003,8.253557e-06
48.7976751125,2.3449546797000003,3.8727765e-05
48.8025690031,2.3449546797000003,8.715763e-05
48.8074628937,2.3449546797000003,0.00028750752
48.8123567843,2.3449546797000003,0.0005904586
48.8172506749,2.3449546797000003,0.00083741226
48.8221445655,2.3449546797000003,0.0010479738
48.8270384561,2.3449546797000003,0.0013316121
48.8319323467,2.3449546797000003,0.0018242424
48.8368262373,2.3449546797000003,0.0020790831
48.8417201279,2.3449546797000003,0.0021082922
48.8466140185,2.3449546797000003,0.001929705
48.8515079091,2.3449546797000003,0.0017196316
48.8564017997,2.3449546797000003,0.0017277775
48.8612956903,2.3449546797000003,0.0018769546
48.8661895809,2.3449546797000003,0.0018682452
48.8710834715,2.3449546797000003,0.0017057112
48.8759773621,2.3449546797000003,0.0015283448
48.8808712527,2.3449546797000003,0.0012121194
48.8857651433,2.3449546797000003,0.0005628227
48.8906590339,2.3449546797000003,0.00014650224
48.8955529245,2.3449546797000003,6.3141764e-05
48.9004468151,2.3449546797000003,0.00012084209
48.9053407057,2.3449546797000003,0.00012166749
48.9102345963,2.3449546797000003,0.00012736153
48.9151284869,2.3449546797000003,6.515409e-05
48.9200223775,2.3449546797000003,3.441814e-05
48.9249162681,2.3449546797000003,7.930376e-06
48.9298101587,2.3449546797000003,-1.5097128e-05
48.9347040493,2.3449546797000003,-2.8827406e-05
48.9395979399,2.3449546797000003,-3.5507885e-05
48.9444918305,2.3449546797000003,-3.9368817e-05
48.9493857211,2.3449546797000003,-5.4528355e-05
48.9542796117,2.3449546797000003,-5.4255375e-05
48.9591735023,2.3449546797000003,-5.4255375e-05
48.9640673929,2.3449546797000003,-5.4255375e-05
48.9689612835,2.3449546797000003,-5.4255375e-05
48.9738551741,2.3449546797000003,-5.4255375e-05
48.9787490647,2.3449546797000003,-5.4255375e-05
48.7389484253,2.3498485703,-8.3780105e-05
48.7438423159,2.3498485703,-8.3780105e-05
48.7487362065,2.3498485703,-8.3780105e-05
48.7536300971,2.3498485703,-8.3780105e-05
48.7585239877,2.3498485703,-8.3780105e-05
48.7634178783,2.3498485703,-8.3780105e-05
48.7683117689,2.3498485703,-7.4793345e-05
48.7732056595,2.3498485703,-4.6717734e-05
48.7780995501,2.3498485703,-4.0073304e-05
48.7829934407,2.3498485703,-3.704818e-05
48.7878873313,2.3498485703,-3.003257e-05
48.7927812219,2.3498485703,-1.3778137e-05
48.7976751125,2.3498485703,1.669603e-05
48.8025690031,2.3498485703,6.5125925e-05
48.8074628937,2.3498485703,0.0002654758
48.8123567843,2.3498485703,0.0005684269
48.8172506749,2.3498485703,0.0008114762
48.8221445655,2.3498485703,0.0010220379
48.8270384561,2.3498485703,0.0013056763
48.8319323467,2.3498485703,0.0018130413
48.8368262373,2.3498485703,0.0020678816
48.8417201279,2.3498485703,0.0020965124
48.8466140185,2.3498485703,0.001920594
48.8515079091,2.3498485703,0.0017794917
48.8564017997,2.3498485703,0.0017876365
48.8612956903,2.3498485703,0.0019894552
48.8661895809,2.3498485703,0.0019355636
48.8710834715,2.3498485703,0.0017652849
48.8759773621,2.3498485703,0.0015879183
48.8808712527,2.3498485703,0.001316875
48.8857651433,2.3498485703,0.0006951151
48.8906590339,2.3498485703,0.00026246384
48.8955529245,2.3498485703,0.000127293
48.9004468151,2.3498485703,0.00014068135
48.9053407057,2.3498485703,8.965985e-05
48.9102345963,2.3498485703,0.000101764286
48.9151284869,2.3498485703,3.9556857e-05
48.9200223775,2.3498485703,1.20238155e-05
48.9249162681,2.3498485703,-1.4463964e-05
48.9298101587,2.3498485703,-3.749146e-05
48.9347040493,2.3498485703,-5.0457602e-05
48.9395979399,2.3498485703,-5.998764e-05
48.9444918305,2.3498485703,-6.7034154e-05
48.9493857211,2.3498485703,-8.2193714e-05
48.9542796117,2.3498485703,-8.192073e-05
48.9591735023,2.3498485703,-8.192073e-05
48.9640673929,2.3498485703,-8.192073e-05
48.9689612835,2.3498485703,-8.192073e-05
48.9738551741,2.3498485703,-8.192073e-05
48.9787490647,2.3498485703,-8.192073e-05
48.7389484253,2.3547424609,-0.00017844584
48.7438423159,2.3547424609,-0.00017844584
48.7487362065,2.3547424609,-0.00017844584
48.7536300971,2.3547424609,-0.00017844584
48.7585239877,2.3547424609,-0.00017844584
48.7634178783,2.3547424609,-0.00017844584
48.7683117689,2.3547424609,-0.0001694591
48.7732056595,2.3547424609,-0.00014138348
48.7780995501,2.3547424609,-0.0001347391
48.7829934407,2.3547424609,-0.00013171397
48.7878873313,2.3547424609,-0.00012469834
48.7927812219,2.3547424609,-0.00010844388
48.7976751125,2.3547424609,-7.796973e-05
48.8025690031,2.3547424609,-2.9539875e-05
48.8074628937,2.3547424609,0.00017244785
48.8123567843,2.3547424609,0.00040644585
48.8172506749,2.3547424609,0.0004994313
48.8221445655,2.3547424609,0.00066430325
48.8270384561,2.3547424609,0.0010174527
48.8319323467,2.3547424609,0.0014585216
48.8368262373,2.3547424609,0.001706894
48.8417201279,2.3547424609,0.001735524
48.8466140185,2.3547424609,0.001559605
48.8515079091,2.3547424609,0.0014185032
48.8564017997,2.3547424609,0.0013209586
48.8612956903,2.3547424609,0.0014834187
48.8661895809,2.3547424609,0.0014683591
48.8710834715,2.3547424609,0.0015278284
48.8759773621,2.3547424609,0.0015988019
48.8808712527,2.3547424609,0.0014433397
48.8857651433,2.3547424609,0.0008392105
48.8906590339,2.3547424609,0.00033290667
48.8955529245,2.3547424609,8.2399834e-05
48.9004468151,2.3547424609,6.194955e-05
48.9053407057,2.3547424609,7.406388e-05
48.9102345963,2.3547424609,8.622426e-05
48.9151284869,2.3547424609,2.4016868e-05
48.9200223775,2.3547424609,-3.5161809e-06
48.9249162681,2.3547424609,-3.0003963e-05
48.9298101587,2.3547424609,-5.3031446e-05
48.9347040493,2.3547424609,-6.59976e-05
48.9395979399,2.3547424609,-7.552765e-05
48.9444918305,2.3547424609,-8.257417e-05
48.9493857211,2.3547424609,-8.063317e-05
48.9542796117,2.3547424609,-8.036019e-05
48.9591735023,2.3547424609,-8.036019e-05
48.9640673929,2.3547424609,-8.036019e-05
48.9689612835,2.3547424609,-8.036019e-05
48.9738551741,2.3547424609,-8.036019e-05
48.9787490647,2.3547424609,-8.036019e-05
48.7389484253,2.3596363515,-0.00012365148
48.7438423159,2.3596363515,-0.00012365148
48.7487362065,2.3596363515,-0.00012365148
48.7536300971,2.3596363515,-0.00012365148
48.7585239877,2.3596363515,-0.00012365148
48.7634178783,2.3596363515,-0.00012365148
48.7683117689,2.3596363515,-0.00011466475
48.7732056595,2.3596363515,-8.658915e-05
48.7780995501,2.3596363515,-7.994472e-05
48.7829934407,2.3596363515,-7.691959e-05
48.7878873313,2.3596363515,-6.990399e-05
48.7927812219,2.3596363515,-5.364952e-05
48.7976751125,2.3596363515,-2.3175355e-05
48.8025690031,2.3596363515,2.5254474e-05
48.8074628937,2.3596363515,0.00022724216
48.8123567843,2.3596363515,0.0004612402
48.8172506749,2.3596363515,0.00055422576
48.8221445655,2.3596363515,0.00071909756
48.8270384561,2.3596363515,0.001072247
48.8319323467,2.3596363515,0.0015133163
48.8368262373,2.3596363515,0.0017616878
48.8417201279,2.3596363515,0.0017903183
48.8466140185,2.3596363515,0.0016143993
48.8515079091,2.3596363515,0.0014732976
48.8564017997,2.3596363515,0.001375753
48.8612956903,2.3596363515,0.0015079691
48.8661895809,2.3596363515,0.0014929088
48.8710834715,2.3596363515,0.0015368788
48.8759773621,2.3596363515,0.001607852
48.8808712527,2.3596363515,0.0014860386
48.8857651433,2.3596363515,0.00088406284
48.8906590339,2.3596363515,0.0003777594
48.8955529245,2.3596363515,0.00012725257
48.9004468151,2.3596363515,0.00010464813
48.9053407057,2.3596363515,0.00011016857
48.9102345963,2.3596363515,0.00012232899
48.9151284869,2.3596363515,6.0121438e-05
48.9200223775,2.3596363515,3.2588458e-05
48.9249162681,2.3596363515,1.269461e-05
48.9298101587,2.3596363515,-1.0332879e-05
48.9347040493,2.3596363515,-2.3299e-05
48.9395979399,2.3596363515,-3.2829055e-05
48.9444918305,2.3596363515,-3.987557e-05
48.9493857211,2.3596363515,-3.7934566e-05
48.9542796117,2.3596363515,-3.7661586e-05
48.9591735023,2.3596363515,-3.7661586e-05
48.9640673929,2.3596363515,-3.7661586e-05
48.9689612835,2.3596363515,-3.7661586e-05
48.9738551741,2.3596363515,-3.7661586e-05
48.9787490647,2.3596363515,-3.7661586e-05
48.7389484253,2.3645302421,-0.00012149588
48.7438423159,2.3645302421,-0.00012149588
48.7487362065,2.3645302421,-0.00012149588
48.7536300971,2.3645302421,-0.00012149588
48.7585239877,2.3645302421,-0.00012149588
48.7634178783,2.3645302421,-0.00012149588
48.7683117689,2.3645302421,-0.00010189636
48.7732056595,2.3645302421,-7.382072e-05
48.7780995501,2.3645302421,-6.71763e-05
48.7829934407,2.3645302421,-6.415117e-05
48.7878873313,2.3645302421,-5.7135574e-05
48.7927812219,2.3645302421,-4.0881114e-05
48.7976751125,2.3645302421,-1.04069395e-05
48.8025690031,2.3645302421,3.8022863e-05
48.8074628937,2.3645302421,0.0002335408
48.8123567843,2.3645302421,0.00046521673
48.8172506749,2.3645302421,0.00051528553
48.8221445655,2.3645302421,0.00069298624
48.8270384561,2.3645302421,0.0010461358
48.8319323467,2.3645302421,0.0014142357
48.8368262373,2.3645302421,0.001614718
48.8417201279,2.3645302421,0.0017205615
48.8466140185,2.3645302421,0.0015446425
48.8515079091,2.3645302421,0.0012162469
48.8564017997,2.3645302421,0.0011125988
48.8612956903,2.3645302421,0.0011062804
48.8661895809,2.3645302421,0.0009753051
48.8710834715,2.3645302421,0.0010486394
48.8759773621,2.3645302421,0.0011690131
48.8808712527,2.3645302421,0.0011466837
48.8857651433,2.3645302421,0.00075523555
48.8906590339,2.3645302421,0.00031101238
48.8955529245,2.3645302421,9.2771064e-05
48.9004468151,2.3645302421,7.483328e-05
48.9053407057,2.3645302421,8.1013925e-05
48.9102345963,2.3645302421,0.00011519017
48.9151284869,2.3645302421,5.2982672e-05
48.9200223775,2.3645302421,2.5449717e-05
48.9249162681,2.3645302421,5.555877e-06
48.9298101587,2.3645302421,-1.2828534e-05
48.9347040493,2.3645302421,-2.579467e-05
48.9395979399,2.3645302421,-3.532471e-05
48.9444918305,2.3645302421,-4.2371234e-05
48.9493857211,2.3645302421,-3.107945e-05
48.9542796117,2.3645302421,-3.080647e-05
48.9591735023,2.3645302421,-3.080647e-05
48.9640673929,2.3645302421,-3.080647e-05
48.9689612835,2.3645302421,-3.080647e-05
48.9738551741,2.3645302421,-3.080647e-05
48.9787490647,2.3645302421,-3.080647e-05
48.7389484253,2.3694241327,-7.783015e-05
48.7438423159,2.3694241327,-7.783015e-05
48.7487362065,2.3694241327,-7.783015e-05
48.7536300971,2.3694241327,-7.783015e-05
48.7585239877,2.3694241327,-7.783015e-05
48.7634178783,2.3694241327,-7.783015e-05
48.7683117689,2.3694241327,-5.8230635e-05
48.7732056595,2.3694241327,-4.2973006e-05
48.7780995501,2.3694241327,-3.632858e-05
48.7829934407,2.3694241327,-3.3303448e-05
48.7878873313,2.3694241327,-2.628785e-05
48.7927812219,2.3694241327,-1.0033388e-05
48.7976751125,2.3694241327,2.044081e-05
48.8025690031,2.3694241327,6.887055e-05
48.8074628937,2.3694241327,0.0002615225
48.8123567843,2.3694241327,0.00047575697
48.8172506749,2.3694241327,0.00051119
48.8221445655,2.3694241327,0.0006917568
48.8270384561,2.3694241327,0.0010776352
48.8319323467,2.3694241327,0.0014441551
48.8368262373,2.3694241327,0.0017163012
48.8417201279,2.3694241327,0.00188526
48.8466140185,2.3694241327,0.0016631812
48.8515079091,2.3694241327,0.0012992412
48.8564017997,2.3694241327,0.0011230105
48.8612956903,2.3694241327,0.0010437996
48.8661895809,2.3694241327,0.0006659631
48.8710834715,2.3694241327,0.0006300273
48.8759773621,2.3694241327,0.0007504003
48.8808712527,2.3694241327,0.0007127639
48.8857651433,2.3694241327,0.0007255775
48.8906590339,2.3694241327,0.00028735306
48.8955529245,2.3694241327,6.910201e-05
48.9004468151,2.3694241327,0.00012140181
48.9053407057,2.3694241327,0.00012758245
48.9102345963,2.3694241327,0.00015522046
48.9151284869,2.3694241327,9.301298e-05
48.9200223775,2.3694241327,6.548e-05
48.9249162681,2.3694241327,4.5586166e-05
48.9298101587,2.3694241327,2.7201757e-05
48.9347040493,2.3694241327,1.4235625e-05
48.9395979399,2.3694241327,4.705583e-06
48.9444918305,2.3694241327,-2.3409393e-06
48.9493857211,2.3694241327,8.950846e-06
48.9542796117,2.3694241327,9.2238215e-06
48.9591735023,2.3694241327,9.2238215e-06
48.9640673929,2.3694241327,9.2238215e-06
48.9689612835,2.3694241327,9.2238215e-06
48.9738551741,2.3694241327,9.2238215e-06
48.9787490647,2.3694241327,9.2238215e-06
48.7389484253,2.3743180233,-7.5119075e-05
48.7438423159,2.3743180233,-7.5119075e-05
48.7487362065,2.3743180233,-7.5119075e-05
48.7536300971,2.3743180233,-7.5119075e-05
48.7585239877,2.3743180233,-7.5119075e-05
48.7634178783,2.3743180233,-7.5119075e-05
48.7683117689,2.3743180233,-6.17737e-05
48.7732056595,2.3743180233,-4.6516085e-05
48.7780995501,2.3743180233,-3.9871644e-05
48.7829934407,2.3743180233,-3.684652e-05
48.7878873313,2.3743180233,-2.9830928e-05
48.7927812219,2.3743180233,-1.3576447e-05
48.7976751125,2.3743180233,1.6897704e-05
48.8025690031,2.3743180233,4.3084357e-05
48.8074628937,2.3743180233,0.00019058936
48.8123567843,2.3743180233,0.0002507109
48.8172506749,2.3743180233,0.00040579258
48.8221445655,2.3743180233,0.00068340544
48.8270384561,2.3743180233,0.00094345544
48.8319323467,2.3743180233,0.0013064581
48.8368262373,2.3743180233,0.0015386215
48.8417201279,2.3743180233,0.0016789743
48.8466140185,2.3743180233,0.0014666403
48.8515079091,2.3743180233,0.0011390852
48.8564017997,2.3743180233,0.001052973
48.8612956903,2.3743180233,0.000973762
48.8661895809,2.3743180233,0.0005914841
48.8710834715,2.3743180233,0.0006335864
48.8759773621,2.3743180233,0.0007539596
48.8808712527,2.3743180233,0.0007128951
48.8857651433,2.3743180233,0.00076204195
48.8906590339,2.3743180233,0.00030108445
48.8955529245,2.3743180233,8.283343e-05
48.9004468151,2.3743180233,0.00014625875
48.9053407057,2.3743180233,0.00018155099
48.9102345963,2.3743180233,0.00018596135
48.9151284869,2.3743180233,0.00012375385
48.9200223775,2.3743180233,9.622085e-05
48.9249162681,2.3743180233,7.6327015e-05
48.9298101587,2.3743180233,5.7942612e-05
48.9347040493,2.3743180233,4.4976492e-05
48.9395979399,2.3743180233,3.5446443e-05
48.9444918305,2.3743180233,2.839994e-05
48.9493857211,2.3743180233,3.9691717e-05
48.9542796117,2.3743180233,3.9964696e-05
48.9591735023,2.3743180233,3.9964696e-05
48.9640673929,2.3743180233,3.9964696e-05
48.9689612835,2.3743180233,3.9964696e-05
48.9738551741,2.3743180233,3.9964696e-05
48.9787490647,2.3743180233,3.9964696e-05
48.7389484253,2.3792119139,-0.00013182744
48.7438423159,2.3792119139,-0.00013182744
48.7487362065,2.3792119139,-0.00013182744
48.7536300971,2.3792119139,-0.00013182744
48.7585239877,2.3792119139,-0.00013182744
48.7634178783,2.3792119139,-0.00013182744
48.7683117689,2.3792119139,-0.00012280454
48.7732056595,2.3792119139,-0.00012068417
48.7780995501,2.3792119139,-0.00011403974
48.7829934407,2.3792119139,-0.00011101462
48.7878873313,2.3792119139,-0.000103999024
48.7927812219,2.3792119139,-8.774458e-05
48.7976751125,2.3792119139,-6.1980616e-05
48.8025690031,2.3792119139,-4.4766297e-05
48.8074628937,2.3792119139,6.4510146e-05
48.8123567843,2.3792119139,0.00011173602
48.8172506749,2.3792119139,0.0002777035
48.8221445655,2.3792119139,0.0005459812
48.8270384561,2.3792119139,0.0008808864
48.8319323467,2.3792119139,0.0012324098
48.8368262373,2.3792119139,0.0014645736
48.8417201279,2.3792119139,0.0015435322
48.8466140185,2.3792119139,0.0013311979
48.8515079091,2.3792119139,0.00095353695
48.8564017997,2.3792119139,0.0007700479
48.8612956903,2.3792119139,0.00069083757
48.8661895809,2.3792119139,0.0004095073
48.8710834715,2.3792119139,0.0004839821
48.8759773621,2.3792119139,0.00056269916
48.8808712527,2.3792119139,0.00052163453
48.8857651433,2.3792119139,0.00063024374
48.8906590339,2.3792119139,0.00016675933
48.8955529245,2.3792119139,8.7986424e-05
48.9004468151,2.3792119139,4.6645247e-05
48.9053407057,2.3792119139,0.00010977065
48.9102345963,2.3792119139,0.000114180984
48.9151284869,2.3792119139,5.1973548e-05
48.9200223775,2.3792119139,2.520002e-05
48.9249162681,2.3792119139,5.3061794e-06
48.9298101587,2.3792119139,-1.3078242e-05
48.9347040493,2.3792119139,-2.6044372e-05
48.9395979399,2.3792119139,-3.557442e-05
48.9444918305,2.3792119139,-4.1058105e-05
48.9493857211,2.3792119139,-2.9766325e-05
48.9542796117,2.3792119139,-2.9493345e-05
48.9591735023,2.3792119139,-2.9493345e-05
48.9640673929,2.3792119139,-2.9493345e-05
48.9689612835,2.3792119139,-2.9493345e-05
48.9738551741,2.3792119139,-2.9493345e-05
48.9787490647,2.3792119139,-2.9493345e-05
48.7389484253,2.3841058045,-9.281748e-05
48.7438423159,2.3841058045,-9.281748e-05
48.7487362065,2.3841058045,-9.281748e-05
48.7536300971,2.3841058045,-9.281748e-05
48.7585239877,2.3841058045,-9.281748e-05
48.7634178783,2.3841058045,-9.281748e-05
48.7683117689,2.3841058045,-8.3794606e-05
48.7732056595,2.3841058045,-8.16742e-05
48.7780995501,2.3841058045,-7.5029784e-05
48.7829934407,2.3841058045,-7.200466e-05
48.7878873313,2.3841058045,-6.498905e-05
48.7927812219,2.3841058045,-4.8734582e-05
48.7976751125,2.3841058045,-2.2970638e-05
48.8025690031,2.3841058045,-5.7563393e-06
48.8074628937,2.3841058045,0.00010352009
48.8123567843,2.3841058045,0.00015074603
48.8172506749,2.3841058045,0.00014080714
48.8221445655,2.3841058045,0.0003420035
48.8270384561,2.3841058045,0.00083987904
48.8319323467,2.3841058045,0.0011914022
48.8368262373,2.3841058045,0.0012673044
48.8417201279,2.3841058045,0.0012977778
48.8466140185,2.3841058045,0.0010854433
48.8515079091,2.3841058045,0.0007359432
48.8564017997,2.3841058045,0.00051141373
48.8612956903,2.3841058045,0.00042074057
48.8661895809,2.3841058045,0.0001321534
48.8710834715,2.3841058045,0.0002066277
48.8759773621,2.3841058045,0.0002722447
48.8808712527,2.3841058045,0.00017312152
48.8857651433,2.3841058045,0.00022254177
48.8906590339,2.3841058045,0.00015608534
48.8955529245,2.3841058045,0.000112607595
48.9004468151,2.3841058045,0.0001582698
48.9053407057,2.3841058045,0.0001675062
48.9102345963,2.3841058045,0.00017191659
48.9151284869,2.3841058045,0.00010970909
48.9200223775,2.3841058045,8.293558e-05
48.9249162681,2.3841058045,6.304175e-05
48.9298101587,2.3841058045,4.4657325e-05
48.9347040493,2.3841058045,3.169119e-05
48.9395979399,2.3841058045,2.5010697e-05
48.9444918305,2.3841058045,2.2712611e-05
48.9493857211,2.3841058045,3.400438e-05
48.9542796117,2.3841058045,3.427736e-05
48.9591735023,2.3841058045,3.427736e-05
48.9640673929,2.3841058045,3.427736e-05
48.9689612835,2.3841058045,3.427736e-05
48.9738551741,2.3841058045,3.427736e-05
48.9787490647,2.3841058045,3.427736e-05
48.7389484253,2.3889996951,-9.209861e-05
48.7438423159,2.3889996951,-9.209861e-05
48.7487362065,2.3889996951,-9.209861e-05
48.7536300971,2.3889996951,-9.209861e-05
48.7585239877,2.3889996951,-9.209861e-05
48.7634178783,2.3889996951,-9.209861e-05
48.7683117689,2.3889996951,-8.307574e-05
48.7732056595,2.3889996951,-8.095534e-05
48.7780995501,2.3889996951,-7.431092e-05
48.7829934407,2.3889996951,-7.128578e-05
48.7878873313,2.3889996951,-6.688995e-05
48.7927812219,2.3889996951,-5.063547e-05
48.7976751125,2.3889996951,-2.4871531e-05
48.8025690031,2.3889996951,-7.657238e-06
48.8074628937,2.3889996951,0.0001016192
48.8123567843,2.3889996951,0.0001779384
48.8172506749,2.3889996951,8.575561e-05
48.8221445655,2.3889996951,0.00023084648
48.8270384561,2.3889996951,0.00082512305
48.8319323467,2.3889996951,0.0011102145
48.8368262373,2.3889996951,0.0010953521
48.8417201279,2.3889996951,0.0011156114
48.8466140185,2.3889996951,0.00090605166
48.8515079091,2.3889996951,0.00058240065
48.8564017997,2.3889996951,0.00043045369
48.8612956903,2.3889996951,0.00016644706
48.8661895809,2.3889996951,-7.234589e-05
48.8710834715,2.3889996951,2.1284554e-06
48.8759773621,2.3889996951,6.774543e-05
48.8808712527,2.3889996951,1.2518082e-05
48.8857651433,2.3889996951,-7.824731e-05
48.8906590339,2.3889996951,0.0001941234
48.8955529245,2.3889996951,0.00011178902
48.9004468151,2.3889996951,0.00016555311
48.9053407057,2.3889996951,0.00014464681
48.9102345963,2.3889996951,0.0001282634
48.9151284869,2.3889996951,6.605592e-05
48.9200223775,2.3889996951,3.9282357e-05
48.9249162681,2.3889996951,1.938852e-05
48.9298101587,2.3889996951,1.004109e-06
48.9347040493,2.3889996951,-7.86919e-06
48.9395979399,2.3889996951,-1.1790785e-05
48.9444918305,2.3889996951,-1.4088863e-05
48.9493857211,2.3889996951,-2.7971018e-06
48.9542796117,2.3889996951,-2.5241225e-06
48.9591735023,2.3889996951,-2.5241225e-06
48.9640673929,2.3889996951,-2.5241225e-06
48.9689612835,2.3889996951,-2.5241225e-06
48.9738551741,2.3889996951,-2.5241225e-06
48.9787490647,2.3889996951,-2.5241225e-06
48.7389484253,2.3938935857,-7.689019e-05
48.7438423159,2.3938935857,-7.689019e-05
48.7487362065,2.3938935857,-7.689019e-05
48.7536300971,2.3938935857,-7.689019e-05
48.7585239877,2.3938935857,-7.689019e-05
48.7634178783,2.3938935857,-7.689019e-05
48.7683117689,2.3938935857,-6.786732e-05
48.7732056595,2.3938935857,-6.574693e-05
48.7780995501,2.3938935857,-5.9102476e-05
48.7829934407,2.3938935857,-5.6077344e-05
48.7878873313,2.3938935857,-5.1681523e-05
48.7927812219,2.3938935857,-3.8553855e-05
48.7976751125,2.3938935857,-1.2789907e-05
48.8025690031,2.3938935857,4.424385e-06
48.8074628937,2.3938935857,5.3255295e-05
48.8123567843,2.3938935857,0.00010102267
48.8172506749,2.3938935857,4.009284e-05
48.8221445655,2.3938935857,0.00028492854
48.8270384561,2.3938935857,0.0006863619
48.8319323467,2.3938935857,0.0009054183
48.8368262373,2.3938935857,0.0008688015
48.8417201279,2.3938935857,0.00088906096
48.8466140185,2.3938935857,0.00067950017
48.8515079091,2.3938935857,0.0004329145
48.8564017997,2.3938935857,0.00027904936
48.8612956903,2.3938935857,0.00017813119
48.8661895809,2.3938935857,1.0054081e-05
48.8710834715,2.3938935857,8.4528416e-05
48.8759773621,2.3938935857,0.00012561686
48.8808712527,2.3938935857,7.0389404e-05
48.8857651433,2.3938935857,-0.0001852382
48.8906590339,2.3938935857,0.00021701444
48.8955529245,2.3938935857,0.00013468007
48.9004468151,2.3938935857,0.00027711445
48.9053407057,2.3938935857,0.00019618726
48.9102345963,2.3938935857,0.00016854584
48.9151284869,2.3938935857,0.00010194646
48.9200223775,2.3938935857,7.517292e-05
48.9249162681,2.3938935857,5.807372e-05
48.9298101587,2.3938935857,4.4220225e-05
48.9347040493,2.3938935857,3.5346875e-05
48.9395979399,2.3938935857,3.5346875e-05
48.9444918305,2.3938935857,3.30488e-05
48.9493857211,2.3938935857,4.4340577e-05
48.9542796117,2.3938935857,4.4613556e-05
48.9591735023,2.3938935857,4.4613556e-05
48.9640673929,2.3938935857,4.4613556e-05
48.9689612835,2.3938935857,4.4613556e-05
48.9738551741,2.3938935857,4.4613556e-05
48.9787490647,2.3938935857,4.4613556e-05
48.7389484253,2.3987874763,-2.3987188e-05
48.7438423159,2.3987874763,-2.3987188e-05
48.7487362065,2.3987874763,-2.3987188e-05
48.7536300971,2.3987874763,-2.3987188e-05
48.7585239877,2.3987874763,-2.3987188e-05
48.7634178783,2.3987874763,-2.3987188e-05
48.7683117689,2.3987874763,-2.1292408e-05
48.7732056595,2.3987874763,-1.9172001e-05
48.7780995501,2.3987874763,-1.252757e-05
48.7829934407,2.3987874763,-9.50244e-06
48.7878873313,2.3987874763,-5.106619e-06
48.7927812219,2.3987874763,8.0210475e-06
48.7976751125,2.3987874763,3.3785025e-05
48.8025690031,2.3987874763,5.0999282e-05
48.8074628937,2.3987874763,7.737635e-05
48.8123567843,2.3987874763,0.00012514372
48.8172506749,2.3987874763,6.421394e-05
48.8221445655,2.3987874763,0.00030904956
48.8270384561,2.3987874763,0.0007104829
48.8319323467,2.3987874763,0.00074821844
48.8368262373,2.3987874763,0.0007116014
48.8417201279,2.3987874763,0.00073186087
48.8466140185,2.3987874763,0.0006497796
48.8515079091,2.3987874763,0.00040737295
48.8564017997,2.3987874763,0.0002559613
48.8612956903,2.3987874763,0.00016770524
48.8661895809,2.3987874763,1.6102762e-05
48.8710834715,2.3987874763,9.0577094e-05
48.8759773621,2.3987874763,0.00013166547
48.8808712527,2.3987874763,7.6438126e-05
48.8857651433,2.3987874763,-5.678435e-05
48.8906590339,2.3987874763,0.0003107431
48.8955529245,2.3987874763,0.00022730784
48.9004468151,2.3987874763,0.00034763812
48.9053407057,2.3987874763,0.000197346
48.9102345963,2.3987874763,0.0001515022
48.9151284869,2.3987874763,0.000102397295
48.9200223775,2.3987874763,8.5607426e-05
48.9249162681,2.3987874763,7.341835e-05
48.9298101587,2.3987874763,5.9564823e-05
48.9347040493,2.3987874763,5.0691502e-05
48.9395979399,2.3987874763,5.0691502e-05
48.9444918305,2.3987874763,4.839342e-05
48.9493857211,2.3987874763,5.9685197e-05
48.9542796117,2.3987874763,6.628627e-05
48.9591735023,2.3987874763,6.628627e-05
48.9640673929,2.3987874763,6.628627e-05
48.9689612835,2.3987874763,6.628627e-05
48.9738551741,2.3987874763,6.628627e-05
48.9787490647,2.3987874763,6.628627e-05
48.7389484253,2.4036813669,-6.772635e-06
48.7438423159,2.4036813669,-6.772635e-06
48.7487362065,2.4036813669,-6.772635e-06
48.7536300971,2.4036813669,-6.772635e-06
48.7585239877,2.4036813669,-6.772635e-06
48.7634178783,2.4036813669,-6.772635e-06
48.7683117689,2.4036813669,-4.0778514e-06
48.7732056595,2.4036813669,-1.9574659e-06
48.7780995501,2.4036813669,4.686966e-06
48.7829934407,2.4036813669,7.712096e-06
48.7878873313,2.4036813669,1.2107922e-05
48.7927812219,2.4036813669,2.5235599e-05
48.7976751125,2.4036813669,5.0999544e-05
48.8025690031,2.4036813669,6.821384e-05
48.8074628937,2.4036813669,9.4590905e-05
48.8123567843,2.4036813669,0.00014235833
48.8172506749,2.4036813669,8.142845e-05
48.8221445655,2.4036813669,0.00022097465
48.8270384561,2.4036813669,0.0005556832
48.8319323467,2.4036813669,0.0006237831
48.8368262373,2.4036813669,0.0006258154
48.8417201279,2.4036813669,0.0006283142
48.8466140185,2.4036813669,0.000546233
48.8515079091,2.4036813669,0.00030382676
48.8564017997,2.4036813669,0.0002365291
48.8612956903,2.4036813669,0.0001482722
48.8661895809,2.4036813669,6.0463506e-05
48.8710834715,2.4036813669,0.00015997047
48.8759773621,2.4036813669,0.00016240918
48.8808712527,2.4036813669,0.0001487383
48.8857651433,2.4036813669,8.905896e-05
48.8906590339,2.4036813669,0.0002883906
48.8955529245,2.4036813669,0.00026491273
48.9004468151,2.4036813669,0.00037195053
48.9053407057,2.4036813669,0.00012360747
48.9102345963,2.4036813669,0.000116216564
48.9151284869,2.4036813669,0.00010132664
48.9200223775,2.4036813669,9.172323e-05
48.9249162681,2.4036813669,7.9534184e-05
48.9298101587,2.4036813669,6.568063e-05
48.9347040493,2.4036813669,6.261542e-05
48.9395979399,2.4036813669,6.261542e-05
48.9444918305,2.4036813669,6.031734e-05
48.9493857211,2.4036813669,7.160913e-05
48.9542796117,2.4036813669,7.821022e-05
48.9591735023,2.4036813669,7.821022e-05
48.9640673929,2.4036813669,7.821022e-05
48.9689612835,2.4036813669,7.821022e-05
48.9738551741,2.4036813669,7.821022e-05
48.9787490647,2.4036813669,7.821022e-05
48.7389484253,2.4085752575,-1.2637444e-05
48.7438423159,2.4085752575,-1.2637444e-05
48.7487362065,2.4085752575,-1.2637444e-05
48.7536300971,2.4085752575,-1.2637444e-05
48.7585239877,2.4085752575,-1.2637444e-05
48.7634178783,2.4085752575,-1.2637444e-05
48.7683117689,2.4085752575,-9.942664e-06
48.7732056595,2.4085752575,-7.82227e-06
48.7780995501,2.4085752575,-1.1778307e-06
48.7829934407,2.4085752575,1.8472924e-06
48.7878873313,2.4085752575,6.2431236e-06
48.7927812219,2.4085752575,1.9370786e-05
48.7976751125,2.4085752575,4.513475e-05
48.8025690031,2.4085752575,6.234904e-05
48.8074628937,2.4085752575,8.8726105e-05
48.8123567843,2.4085752575,0.0001364935
48.8172506749,2.4085752575,4.339085e-05
48.8221445655,2.4085752575,0.00013972938
48.8270384561,2.4085752575,0.00036873933
48.8319323467,2.4085752575,0.00043683968
48.8368262373,2.4085752575,0.0005552668
48.8417201279,2.4085752575,0.0005577656
48.8466140185,2.4085752575,0.00047568418
48.8515079091,2.4085752575,0.00030589
48.8564017997,2.4085752575,0.00026332124
48.8612956903,2.4085752575,0.00024313852
48.8661895809,2.4085752575,0.00019199593
48.8710834715,2.4085752575,0.00021214563
48.8759773621,2.4085752575,0.00018590072
48.8808712527,2.4085752575,8.547958e-05
48.8857651433,2.4085752575,-1.0866003e-05
48.8906590339,2.4085752575,0.00015434744
48.8955529245,2.4085752575,0.00013086948
48.9004468151,2.4085752575,0.0003146049
48.9053407057,2.4085752575,0.00015986772
48.9102345963,2.4085752575,0.00016170376
48.9151284869,2.4085752575,0.00014576458
48.9200223775,2.4085752575,0.00013616118
48.9249162681,2.4085752575,0.00013067055
48.9298101587,2.4085752575,0.00011681702
48.9347040493,2.4085752575,0.00011375182
48.9395979399,2.4085752575,0.00011375182
48.9444918305,2.4085752575,0.00011145372
48.9493857211,2.4085752575,0.00012274552
48.9542796117,2.4085752575,0.00012934662
48.9591735023,2.4085752575,0.00012934662
48.9640673929,2.4085752575,0.00012934662
48.9689612835,2.4085752575,0.00012934662
48.9738551741,2.4085752575,0.00012934662
48.9787490647,2.4085752575,0.00012934662
48.7389484253,2.4134691481,1.5335476e-05
48.7438423159,2.4134691481,1.5335476e-05
48.7487362065,2.4134691481,1.5335476e-05
48.7536300971,2.4134691481,1.5335476e-05
48.7585239877,2.4134691481,1.5335476e-05
48.7634178783,2.4134691481,1.5335476e-05
48.7683117689,2.4134691481,1.8030256e-05
48.7732056595,2.4134691481,2.0150648e-05
48.7780995501,2.4134691481,2.6795087e-05
48.7829934407,2.4134691481,2.9820216e-05
48.7878873313,2.4134691481,3.421606e-05
48.7927812219,2.4134691481,4.7343703e-05
48.7976751125,2.4134691481,7.310768e-05
48.8025690031,2.4134691481,9.032198e-05
48.8074628937,2.4134691481,0.00011669903
48.8123567843,2.4134691481,0.0001911449
48.8172506749,2.4134691481,0.00010030601
48.8221445655,2.4134691481,7.022571e-05
48.8270384561,2.4134691481,0.00023271251
48.8319323467,2.4134691481,0.00030081283
48.8368262373,2.4134691481,0.0004192397
48.8417201279,2.4134691481,0.0004217385
48.8466140185,2.4134691481,0.0003396573
48.8515079091,2.4134691481,0.00027548496
48.8564017997,2.4134691481,0.00021740457
48.8612956903,2.4134691481,0.00026314467
48.8661895809,2.4134691481,0.00029281553
48.8710834715,2.4134691481,0.00027755598
48.8759773621,2.4134691481,0.0002513112
48.8808712527,2.4134691481,0.00016440447
48.8857651433,2.4134691481,9.5917116e-05
48.8906590339,2.4134691481,0.00013225059
48.8955529245,2.4134691481,7.140248e-05
48.9004468151,2.4134691481,0.00019998908
48.9053407057,2.4134691481,0.0001421545
48.9102345963,2.4134691481,0.00016063631
48.9151284869,2.4134691481,0.00014368423
48.9200223775,2.4134691481,0.00013408081
48.9249162681,2.4134691481,0.00012859023
48.9298101587,2.4134691481,0.000114736664
48.9347040493,2.4134691481,0.00011167146
48.9395979399,2.4134691481,0.00011167146
48.9444918305,2.4134691481,0.00010937338
48.9493857211,2.4134691481,0.00012066516
48.9542796117,2.4134691481,0.00012726625
48.9591735023,2.4134691481,0.00012726625
48.9640673929,2.4134691481,0.00012726625
48.9689612835,2.4134691481,0.00012726625
48.9738551741,2.4134691481,0.00012726625
48.9787490647,2.4134691481,0.00012726625
48.7389484253,2.4183630387,2.8911501e-05
48.7438423159,2.4183630387,2.8911501e-05
48.7487362065,2.4183630387,2.8911501e-05
48.7536300971,2.4183630387,2.8911501e-05
48.7585239877,2.4183630387,2.8911501e-05
48.7634178783,2.4183630387,2.8911501e-05
48.7683117689,2.4183630387,3.1606276e-05
48.7732056595,2.4183630387,3.3726672e-05
48.7780995501,2.4183630387,3.3726672e-05
48.7829934407,2.4183630387,3.6751793e-05
48.7878873313,2.4183630387,4.1147614e-05
48.7927812219,2.4183630387,5.4275268e-05
48.7976751125,2.4183630387,8.003927e-05
48.8025690031,2.4183630387,9.725356e-05
48.8074628937,2.4183630387,0.0001382211
48.8123567843,2.4183630387,0.00021266699
48.8172506749,2.4183630387,9.537301e-05
48.8221445655,2.4183630387,2.3463725e-05
48.8270384561,2.4183630387,2.5554618e-06
48.8319323467,2.4183630387,0.00012683187
48.8368262373,2.4183630387,0.00029211046
48.8417201279,2.4183630387,0.0002946093
48.8466140185,2.4183630387,0.0003018625
48.8515079091,2.4183630387,0.00022034871
48.8564017997,2.4183630387,0.0002359358
48.8612956903,2.4183630387,0.00023289704
48.8661895809,2.4183630387,0.0003117444
48.8710834715,2.4183630387,0.0002728682
48.8759773621,2.4183630387,0.00024662344
48.8808712527,2.4183630387,0.00013551631
48.8857651433,2.4183630387,0.00012890938
48.8906590339,2.4183630387,0.00021016672
48.8955529245,2.4183630387,0.00016175155
48.9004468151,2.4183630387,0.0002189411
48.9053407057,2.4183630387,0.00013933626
48.9102345963,2.4183630387,0.00013126877
48.9151284869,2.4183630387,0.00011431668
48.9200223775,2.4183630387,0.000104713276
48.9249162681,2.4183630387,9.922265e-05
48.9298101587,2.4183630387,9.2699505e-05
48.9347040493,2.4183630387,8.963432e-05
48.9395979399,2.4183630387,8.963432e-05
48.9444918305,2.4183630387,8.859776e-05
48.9493857211,2.4183630387,8.764874e-05
48.9542796117,2.4183630387,9.424979e-05
48.9591735023,2.4183630387,9.424979e-05
48.9640673929,2.4183630387,9.424979e-05
48.9689612835,2.4183630387,9.424979e-05
48.9738551741,2.4183630387,9.424979e-05
48.9787490647,2.4183630387,9.424979e-05
48.7389484253,2.4232569293,3.2957138e-05
48.7438423159,2.4232569293,3.2957138e-05
48.7487362065,2.4232569293,3.2957138e-05
48.7536300971,2.4232569293,3.2957138e-05
48.7585239877,2.4232569293,3.2957138e-05
48.7634178783,2.4232569293,3.2957138e-05
48.7683117689,2.4232569293,3.56519e-05
48.7732056595,2.4232569293,3.7772304e-05
48.7780995501,2.4232569293,3.7772304e-05
48.7829934407,2.4232569293,4.0797408e-05
48.7878873313,2.4232569293,4.519325e-05
48.7927812219,2.4232569293,5.832091e-05
48.7976751125,2.4232569293,8.408489e-05
48.8025690031,2.4232569293,0.00010129919
48.8074628937,2.4232569293,0.00014226674
48.8123567843,2.4232569293,0.00022256054
48.8172506749,2.4232569293,6.3710475e-05
48.8221445655,2.4232569293,-6.194451e-05
48.8270384561,2.4232569293,-5.113118e-05
48.8319323467,2.4232569293,9.145971e-05
48.8368262373,2.4232569293,0.00015449451
48.8417201279,2.4232569293,0.00015699334
48.8466140185,2.4232569293,0.0001741471
48.8515079091,2.4232569293,0.00012973142
48.8564017997,2.4232569293,0.00014776415
48.8612956903,2.4232569293,0.0001640183
48.8661895809,2.4232569293,0.00019240633
48.8710834715,2.4232569293,0.00015318657
48.8759773621,2.4232569293,0.0001269417
48.8808712527,2.4232569293,9.56531e-05
48.8857651433,2.4232569293,0.00010539111
48.8906590339,2.4232569293,0.00018664844
48.8955529245,2.4232569293,0.00014903699
48.9004468151,2.4232569293,0.00017844877
48.9053407057,2.4232569293,0.00013270129
48.9102345963,2.4232569293,0.00012463382
48.9151284869,2.4232569293,0.00010768168
48.9200223775,2.4232569293,0.00010523652
48.9249162681,2.4232569293,9.974588e-05
48.9298101587,2.4232569293,9.322275e-05
48.9347040493,2.4232569293,9.015755e-05
48.9395979399,2.4232569293,9.015755e-05
48.9444918305,2.4232569293,8.9120986e-05
48.9493857211,2.4232569293,8.817197e-05
48.9542796117,2.4232569293,9.477304e-05
48.9591735023,2.4232569293,9.477304e-05
48.9640673929,2.4232569293,9.477304e-05
48.9689612835,2.4232569293,9.477304e-05
48.9738551741,2.4232569293,9.477304e-05
48.9787490647,2.4232569293,9.477304e-05
48.7389484253,2.4281508199,9.971803e-06
48.7438423159,2.4281508199,9.971803e-06
48.7487362065,2.4281508199,9.971803e-06
48.7536300971,2.4281508199,9.971803e-06
48.7585239877,2.4281508199,9.971803e-06
48.7634178783,2.4281508199,9.971803e-06
48.7683117689,2.4281508199,1.2666585e-05
48.7732056595,2.4281508199,1.47869805e-05
48.7780995501,2.4281508199,1.47869805e-05
48.7829934407,2.4281508199,1.7812104e-05
48.7878873313,2.4281508199,2.2207936e-05
48.7927812219,2.4281508199,3.5335594e-05
48.7976751125,2.4281508199,6.109957e-05
48.8025690031,2.4281508199,7.8313846e-05
48.8074628937,2.4281508199,0.00011928138
48.8123567843,2.4281508199,0.00019957518
48.8172506749,2.4281508199,2.0663163e-05
48.8221445655,2.4281508199,-0.000104991836
48.8270384561,2.4281508199,-0.00013132344
48.8319323467,2.4281508199,4.0266073e-05
48.8368262373,2.4281508199,0.0001125295
48.8417201279,2.4281508199,0.00014076877
48.8466140185,2.4281508199,0.00015792256
48.8515079091,2.4281508199,6.271504e-05
48.8564017997,2.4281508199,3.5085613e-05
48.8612956903,2.4281508199,3.0703573e-05
48.8661895809,2.4281508199,7.9672594e-05
48.8710834715,2.4281508199,6.440355e-05
48.8759773621,2.4281508199,3.8158643e-05
48.8808712527,2.4281508199,6.870056e-06
48.8857651433,2.4281508199,-6.339881e-06
48.8906590339,2.4281508199,8.486885e-05
48.8955529245,2.4281508199,5.3791693e-05
48.9004468151,2.4281508199,0.000116121664
48.9053407057,2.4281508199,0.0001096999
48.9102345963,2.4281508199,0.00010163237
48.9151284869,2.4281508199,8.4680294e-05
48.9200223775,2.4281508199,8.2235136e-05
48.9249162681,2.4281508199,7.6744494e-05
48.9298101587,2.4281508199,7.0221366e-05
48.9347040493,2.4281508199,6.715614e-05
48.9395979399,2.4281508199,6.715614e-05
48.9444918305,2.4281508199,6.6119595e-05
48.9493857211,2.4281508199,6.517058e-05
48.9542796117,2.4281508199,7.1771654e-05
48.9591735023,2.4281508199,7.1771654e-05
48.9640673929,2.4281508199,7.1771654e-05
48.9689612835,2.4281508199,7.1771654e-05
48.9738551741,2.4281508199,7.1771654e-05
48.9787490647,2.4281508199,7.1771654e-05
48.7389484253,2.4330447105,9.819315e-06
48.7438423159,2.4330447105,9.819315e-06
48.7487362065,2.4330447105,9.819315e-06
48.7536300971,2.4330447105,9.819315e-06
48.7585239877,2.4330447105,9.819315e-06
48.7634178783,2.4330447105,9.819315e-06
48.7683117689,2.4330447105,1.2514091e-05
48.7732056595,2.4330447105,1.4634487e-05
48.7780995501,2.4330447105,1.4634487e-05
48.7829934407,2.4330447105,1.7659611e-05
48.7878873313,2.4330447105,2.205544e-05
48.7927812219,2.4330447105,3.5183097e-05
48.7976751125,2.4330447105,6.0947074e-05
48.8025690031,2.4330447105,7.816135e-05
48.8074628937,2.4330447105,0.000119128905
48.8123567843,2.4330447105,0.0002302381
48.8172506749,2.4330447105,5.1326053e-05
48.8221445655,2.4330447105,-7.432895e-05
48.8270384561,2.4330447105,-0.000100660516
48.8319323467,2.4330447105,7.092897e-05
48.8368262373,2.4330447105,0.00014319245
48.8417201279,2.4330447105,0.00017143166
48.8466140185,2.4330447105,0.00018858546
48.8515079091,2.4330447105,5.4263804e-05
48.8564017997,2.4330447105,-4.1810995e-06
48.8612956903,2.4330447105,-8.5630845e-06
48.8661895809,2.4330447105,5.5067314e-05
48.8710834715,2.4330447105,4.961415e-05
48.8759773621,2.4330447105,2.336925e-05
48.8808712527,2.4330447105,-7.919327e-06
48.8857651433,2.4330447105,-2.1129255e-05
48.8906590339,2.4330447105,7.007949e-05
48.8955529245,2.4330447105,3.9002298e-05
48.9004468151,2.4330447105,0.000106594525
48.9053407057,2.4330447105,0.00010775272
48.9102345963,2.4330447105,9.968521e-05
48.9151284869,2.4330447105,8.843335e-05
48.9200223775,2.4330447105,8.598819e-05
48.9249162681,2.4330447105,8.0497564e-05
48.9298101587,2.4330447105,7.397442e-05
48.9347040493,2.4330447105,7.090922e-05
48.9395979399,2.4330447105,7.090922e-05
48.9444918305,2.4330447105,6.987264e-05
48.9493857211,2.4330447105,6.8923626e-05
48.9542796117,2.4330447105,7.552471e-05
48.9591735023,2.4330447105,7.552471e-05
48.9640673929,2.4330447105,7.552471e-05
48.9689612835,2.4330447105,7.552471e-05
48.9738551741,2.4330447105,7.552471e-05
48.9787490647,2.4330447105,7.552471e-05
48.7389484253,2.4379386011,1.2827454e-05
48.7438423159,2.4379386011,1.2827454e-05
48.7487362065,2.4379386011,1.2827454e-05
48.7536300971,2.4379386011,1.2827454e-05
48.7585239877,2.4379386011,1.2827454e-05
48.7634178783,2.4379386011,1.2827454e-05
48.7683117689,2.4379386011,1.5522237e-05
48.7732056595,2.4379386011,1.4542807e-05
48.7780995501,2.4379386011,1.4542807e-05
48.7829934407,2.4379386011,1.7567932e-05
48.7878873313,2.4379386011,2.196376e-05
48.7927812219,2.4379386011,3.509142e-05
48.7976751125,2.4379386011,6.0855396e-05
48.8025690031,2.4379386011,6.682278e-05
48.8074628937,2.4379386011,0.00010779024
48.8123567843,2.4379386011,0.00021889951
48.8172506749,2.4379386011,9.497493e-05
48.8221445655,2.4379386011,-3.0588384e-05
48.8270384561,2.4379386011,-5.6919984e-05
48.8319323467,2.4379386011,0.00011466956
48.8368262373,2.4379386011,0.00018693297
48.8417201279,2.4379386011,0.00021652647
48.8466140185,2.4379386011,0.0002336803
48.8515079091,2.4379386011,0.0001106055
48.8564017997,2.4379386011,5.2160634e-05
48.8612956903,2.4379386011,4.7778638e-05
48.8661895809,2.4379386011,0.000111409
48.8710834715,2.4379386011,0.00010595588
48.8759773621,2.4379386011,7.971101e-05
48.8808712527,2.4379386011,4.8422415e-05
48.8857651433,2.4379386011,3.521249e-05
48.8906590339,2.4379386011,0.00012642122
48.8955529245,2.4379386011,9.5344054e-05
48.9004468151,2.4379386011,0.00010794878
48.9053407057,2.4379386011,0.00010910697
48.9102345963,2.4379386011,0.00010103946
48.9151284869,2.4379386011,8.97876e-05
48.9200223775,2.4379386011,8.734244e-05
48.9249162681,2.4379386011,8.185182e-05
48.9298101587,2.4379386011,7.532867e-05
48.9347040493,2.4379386011,7.226347e-05
48.9395979399,2.4379386011,7.226347e-05
48.9444918305,2.4379386011,7.1226896e-05
48.9493857211,2.4379386011,7.027788e-05
48.9542796117,2.4379386011,7.687896e-05
48.9591735023,2.4379386011,7.687896e-05
48.9640673929,2.4379386011,7.687896e-05
48.9689612835,2.4379386011,7.687896e-05
48.9738551741,2.4379386011,7.687896e-05
48.9787490647,2.4379386011,7.687896e-05
48.7389484253,2.4428324917,1.2827454e-05
48.7438423159,2.4428324917,1.2827454e-05
48.7487362065,2.4428324917,1.2827454e-05
48.7536300971,2.4428324917,1.2827454e-05
48.7585239877,2.4428324917,1.2827454e-05
48.7634178783,2.4428324917,1.2827454e-05
48.7683117689,2.4428324917,1.5522237e-05
48.7732056595,2.4428324917,1.4542807e-05
48.7780995501,2.4428324917,1.4542807e-05
48.7829934407,2.4428324917,1.7567932e-05
48.7878873313,2.4428324917,2.196376e-05
48.7927812219,2.4428324917,3.509142e-05
48.7976751125,2.4428324917,6.0855396e-05
48.8025690031,2.4428324917,5.6584933e-05
48.8074628937,2.4428324917,0.000111416004
48.8123567843,2.4428324917,0.00022252527
48.8172506749,2.4428324917,9.86007e-05
48.8221445655,2.4428324917,3.0079768e-06
48.8270384561,2.4428324917,-2.3323606e-05
48.8319323467,2.4428324917,0.00013941804
48.8368262373,2.4428324917,0.0002116815
48.8417201279,2.4428324917,0.00024127497
48.8466140185,2.4428324917,0.00025842874
48.8515079091,2.4428324917,0.00014559182
48.8564017997,2.4428324917,8.714693e-05
48.8612956903,2.4428324917,8.25671e-05
48.8661895809,2.4428324917,0.0001461975
48.8710834715,2.4428324917,0.00014074439
48.8759773621,2.4428324917,0.0001144995
48.8808712527,2.4428324917,8.32109e-05
48.8857651433,2.4428324917,7.904668e-05
48.8906590339,2.4428324917,0.00012840946
48.8955529245,2.4428324917,9.7332326e-05
48.9004468151,2.4428324917,0.000109937064
48.9053407057,2.4428324917,0.00011109524
48.9102345963,2.4428324917,0.00010302772
48.9151284869,2.4428324917,9.177586e-05
48.9200223775,2.4428324917,8.9330715e-05
48.9249162681,2.4428324917,8.384009e-05
48.9298101587,2.4428324917,7.7316945e-05
48.9347040493,2.4428324917,7.4251744e-05
48.9395979399,2.4428324917,7.4251744e-05
48.9444918305,2.4428324917,7.321518e-05
48.9493857211,2.4428324917,7.2266164e-05
48.9542796117,2.4428324917,7.886723e-05
48.9591735023,2.4428324917,7.886723e-05
48.9640673929,2.4428324917,7.886723e-05
48.9689612835,2.4428324917,7.886723e-05
48.9738551741,2.4428324917,7.886723e-05
48.9787490647,2.4428324917,7.886723e-05
48.7389484253,2.4477263823,1.1869414e-05
48.7438423159,2.4477263823,1.1869414e-05
48.7487362065,2.4477263823,1.1869414e-05
48.7536300971,2.4477263823,1.1869414e-05
48.7585239877,2.4477263823,1.1869414e-05
48.7634178783,2.4477263823,1.1869414e-05
48.7683117689,2.4477263823,1.4564198e-05
48.7732056595,2.4477263823,1.3584767e-05
48.7780995501,2.4477263823,1.3584767e-05
48.7829934407,2.4477263823,1.660989e-05
48.7878873313,2.4477263823,2.1005719e-05
48.7927812219,2.4477263823,3.4133383e-05
48.7976751125,2.4477263823,5.989736e-05
48.8025690031,2.4477263823,5.5626897e-05
48.8074628937,2.4477263823,0.000110457964
48.8123567843,2.4477263823,0.00024573907
48.8172506749,2.4477263823,0.00012517883
48.8221445655,2.4477263823,1.5177439e-05
48.8270384561,2.4477263823,-2.4281648e-05
48.8319323467,2.4477263823,0.00014995258
48.8368262373,2.4477263823,0.00017212529
48.8417201279,2.4477263823,0.00020171877
48.8466140185,2.4477263823,0.00020534574
48.8515079091,2.4477263823,9.2508824e-05
48.8564017997,2.4477263823,3.4063978e-05
48.8612956903,2.4477263823,2.948414e-05
48.8661895809,2.4477263823,0.00010052705
48.8710834715,2.4477263823,9.5073905e-05
48.8759773621,2.4477263823,6.882899e-05
48.8808712527,2.4477263823,3.7540416e-05
48.8857651433,2.4477263823,7.197435e-05
48.8906590339,2.4477263823,0.00012133714
48.8955529245,2.4477263823,9.6374286e-05
48.9004468151,2.4477263823,0.000108979024
48.9053407057,2.4477263823,0.0001101372
48.9102345963,2.4477263823,0.00010206968
48.9151284869,2.4477263823,9.081782e-05
48.9200223775,2.4477263823,8.8372675e-05
48.9249162681,2.4477263823,8.288205e-05
48.9298101587,2.4477263823,7.6358905e-05
48.9347040493,2.4477263823,7.3293704e-05
48.9395979399,2.4477263823,7.3293704e-05
48.9444918305,2.4477263823,7.225714e-05
48.9493857211,2.4477263823,7.1308124e-05
48.9542796117,2.4477263823,7.790919e-05
48.9591735023,2.4477263823,7.790919e-05
48.9640673929,2.4477263823,7.790919e-05
48.9689612835,2.4477263823,7.790919e-05
48.9738551741,2.4477263823,7.790919e-05
48.9787490647,2.4477263823,7.790919e-05
48.7389484253,2.4526202729,5.4664306e-06
48.7438423159,2.4526202729,5.4664306e-06
48.7487362065,2.4526202729,5.4664306e-06
48.7536300971,2.4526202729,5.4664306e-06
48.7585239877,2.4526202729,5.4664306e-06
48.7634178783,2.4526202729,5.4664306e-06
48.7683117689,2.4526202729,8.161212e-06
48.7732056595,2.4526202729,7.18178e-06
48.7780995501,2.4526202729,7.18178e-06
48.7829934407,2.4526202729,1.0206903e-05
48.7878873313,2.4526202729,1.4602737e-05
48.7927812219,2.4526202729,2.7730399e-05
48.7976751125,2.4526202729,5.3494383e-05
48.8025690031,2.4526202729,4.9223898e-05
48.8074628937,2.4526202729,0.000109996
48.8123567843,2.4526202729,0.00028258472
48.8172506749,2.4526202729,0.00019871688
48.8221445655,2.4526202729,0.00015295375
48.8270384561,2.4526202729,9.5646275e-05
48.8319323467,2.4526202729,0.0002553143
48.8368262373,2.4526202729,0.00019821068
48.8417201279,2.4526202729,0.00021432861
48.8466140185,2.4526202729,0.00021795559
48.8515079091,2.4526202729,0.00010654887
48.8564017997,2.4526202729,4.091446e-05
48.8612956903,2.4526202729,2.873974e-05
48.8661895809,2.4526202729,9.978265e-05
48.8710834715,2.4526202729,9.432953e-05
48.8759773621,2.4526202729,6.277989e-05
48.8808712527,2.4526202729,3.1491316e-05
48.8857651433,2.4526202729,5.8996127e-05
48.8906590339,2.4526202729,0.00011366361
48.8955529245,2.4526202729,8.870074e-05
48.9004468151,2.4526202729,0.00010420697
48.9053407057,2.4526202729,0.000105365165
48.9102345963,2.4526202729,9.729764e-05
48.9151284869,2.4526202729,8.604581e-05
48.9200223775,2.4526202729,8.360064e-05
48.9249162681,2.4526202729,7.811001e-05
48.9298101587,2.4526202729,7.158688e-05
48.9347040493,2.4526202729,6.8521666e-05
48.9395979399,2.4526202729,6.8521666e-05
48.9444918305,2.4526202729,6.74851e-05
48.9493857211,2.4526202729,6.653609e-05
48.9542796117,2.4526202729,7.313717e-05
48.9591735023,2.4526202729,7.313717e-05
48.9640673929,2.4526202729,7.313717e-05
48.9689612835,2.4526202729,7.313717e-05
48.9738551741,2.4526202729,7.313717e-05
48.9787490647,2.4526202729,7.313717e-05
48.7389484253,2.4575141635,5.5443006e-06
48.7438423159,2.4575141635,5.5443006e-06
48.7487362065,2.4575141635,5.5443006e-06
48.7536300971,2.4575141635,5.5443006e-06
48.7585239877,2.4575141635,5.5443006e-06
48.7634178783,2.4575141635,5.5443006e-06
48.7683117689,2.4575141635,8.239081e-06
48.7732056595,2.4575141635,7.2596526e-06
48.7780995501,2.4575141635,7.2596526e-06
48.7829934407,2.4575141635,1.0284778e-05
48.7878873313,2.4575141635,1.4680615e-05
48.7927812219,2.4575141635,2.780827e-05
48.7976751125,2.4575141635,5.3572243e-05
48.8025690031,2.4575141635,4.9301758e-05
48.8074628937,2.4575141635,0.00011007388
48.8123567843,2.4575141635,0.00028345437
48.8172506749,2.4575141635,0.0002596796
48.8221445655,2.4575141635,0.00020782676
48.8270384561,2.4575141635,0.00015197288
48.8319323467,2.4575141635,0.00027641718
48.8368262373,2.4575141635,0.00021931352
48.8417201279,2.4575141635,0.0002153538
48.8466140185,2.4575141635,0.00021898077
48.8515079091,2.4575141635,0.00010757405
48.8564017997,2.4575141635,4.1939642e-05
48.8612956903,2.4575141635,2.9764919e-05
48.8661895809,2.4575141635,0.00010080783
48.8710834715,2.4575141635,9.535471e-05
48.8759773621,2.4575141635,6.380507e-05
48.8808712527,2.4575141635,3.25165e-05
48.8857651433,2.4575141635,6.0021317e-05
48.8906590339,2.4575141635,0.000114688795
48.8955529245,2.4575141635,8.9183515e-05
48.9004468151,2.4575141635,0.00010468973
48.9053407057,2.4575141635,0.00010584794
48.9102345963,2.4575141635,9.7780416e-05
48.9151284869,2.4575141635,8.6528584e-05
48.9200223775,2.4575141635,8.408341e-05
48.9249162681,2.4575141635,7.8592784e-05
48.9298101587,2.4575141635,7.2069655e-05
48.9347040493,2.4575141635,6.900444e-05
48.9395979399,2.4575141635,6.900444e-05
48.9444918305,2.4575141635,6.796788e-05
48.9493857211,2.4575141635,6.701885e-05
48.9542796117,2.4575141635,7.361994e-05
48.9591735023,2.4575141635,7.361994e-05
48.9640673929,2.4575141635,7.361994e-05
48.9689612835,2.4575141635,7.361994e-05
48.9738551741,2.4575141635,7.361994e-05
48.9787490647,2.4575141635,7.361994e-05
48.7389484253,2.4624080541,6.4924757e-06
48.7438423159,2.4624080541,6.4924757e-06
48.7487362065,2.4624080541,6.4924757e-06
48.7536300971,2.4624080541,6.4924757e-06
48.7585239877,2.4624080541,6.4924757e-06
48.7634178783,2.4624080541,6.4924757e-06
48.7683117689,2.4624080541,9.187255e-06
48.7732056595,2.4624080541,8.207828e-06
48.7780995501,2.4624080541,8.207828e-06
48.7829934407,2.4624080541,1.1232953e-05
48.7878873313,2.4624080541,1.562879e-05
48.7927812219,2.4624080541,2.4746345e-05
48.7976751125,2.4624080541,5.0510313e-05
48.8025690031,2.4624080541,4.6239846e-05
48.8074628937,2.4624080541,0.00010107092
48.8123567843,2.4624080541,0.00027445145
48.8172506749,2.4624080541,0.00026062777
48.8221445655,2.4624080541,0.00033022382
48.8270384561,2.4624080541,0.00033852542
48.8319323467,2.4624080541,0.00037284597
48.8368262373,2.4624080541,0.00023508919
48.8417201279,2.4624080541,0.00023112947
48.8466140185,2.4624080541,0.00022889604
48.8515079091,2.4624080541,0.000108522225
48.8564017997,2.4624080541,4.2887816e-05
48.8612956903,2.4624080541,3.0713094e-05
48.8661895809,2.4624080541,0.000101756006
48.8710834715,2.4624080541,9.630289e-05
48.8759773621,2.4624080541,6.475324e-05
48.8808712527,2.4624080541,3.3464672e-05
48.8857651433,2.4624080541,6.096949e-05
48.8906590339,2.4624080541,0.00011563697
48.8955529245,2.4624080541,9.013169e-05
48.9004468151,2.4624080541,0.000105637904
48.9053407057,2.4624080541,0.00010679611
48.9102345963,2.4624080541,9.872859e-05
48.9151284869,2.4624080541,8.747676e-05
48.9200223775,2.4624080541,8.5031585e-05
48.9249162681,2.4624080541,7.954096e-05
48.9298101587,2.4624080541,7.301783e-05
48.9347040493,2.4624080541,6.995261e-05
48.9395979399,2.4624080541,6.995261e-05
48.9444918305,2.4624080541,6.891605e-05
48.9493857211,2.4624080541,6.796703e-05
48.9542796117,2.4624080541,7.456812e-05
48.9591735023,2.4624080541,7.456812e-05
48.9640673929,2.4624080541,7.456812e-05
48.9689612835,2.4624080541,7.456812e-05
48.9738551741,2.4624080541,7.456812e-05
48.9787490647,2.4624080541,7.456812e-05
48.7389484253,2.4673019447,1.1932016e-05
48.7438423159,2.4673019447,1.1932016e-05
48.7487362065,2.4673019447,1.1932016e-05
48.7536300971,2.4673019447,1.1932016e-05
48.7585239877,2.4673019447,1.1932016e-05
48.7634178783,2.4673019447,1.1932016e-05
48.7683117689,2.4673019447,1.4626792e-05
48.7732056595,2.4673019447,1.4671852e-05
48.7780995501,2.4673019447,1.4671852e-05
48.7829934407,2.4673019447,1.7696979e-05
48.7878873313,2.4673019447,2.209281e-05
48.7927812219,2.4673019447,3.1210377e-05
48.7976751125,2.4673019447,4.42498e-05
48.8025690031,2.4673019447,1.1690561e-05
48.8074628937,2.4673019447,-1.4640013e-06
48.8123567843,2.4673019447,5.7603807e-05
48.8172506749,2.4673019447,2.7451226e-05
48.8221445655,2.4673019447,0.000348167
48.8270384561,2.4673019447,0.00036126352
48.8319323467,2.4673019447,0.000395584
48.8368262373,2.4673019447,0.00018220917
48.8417201279,2.4673019447,0.00014156093
48.8466140185,2.4673019447,0.00013932753
48.8515079091,2.4673019447,4.1296265e-05
48.8564017997,2.4673019447,3.807506e-05
48.8612956903,2.4673019447,2.5900354e-05
48.8661895809,2.4673019447,7.763638e-05
48.8710834715,2.4673019447,7.12709e-05
48.8759773621,2.4673019447,3.9721297e-05
48.8808712527,2.4673019447,2.7190847e-05
48.8857651433,2.4673019447,5.4695647e-05
48.8906590339,2.4673019447,0.00010936315
48.8955529245,2.4673019447,8.7136366e-05
48.9004468151,2.4673019447,0.00010264258
48.9053407057,2.4673019447,0.00010107165
48.9102345963,2.4673019447,9.300414e-05
48.9151284869,2.4673019447,8.1752296e-05
48.9200223775,2.4673019447,7.930714e-05
48.9249162681,2.4673019447,7.3816496e-05
48.9298101587,2.4673019447,6.862162e-05
48.9347040493,2.4673019447,6.55564e-05
48.9395979399,2.4673019447,6.55564e-05
48.9444918305,2.4673019447,6.55564e-05
48.9493857211,2.4673019447,6.57609e-05
48.9542796117,2.4673019447,7.208901e-05
48.9591735023,2.4673019447,7.208901e-05
48.9640673929,2.4673019447,7.208901e-05
48.9689612835,2.4673019447,7.208901e-05
48.9738551741,2.4673019447,7.208901e-05
48.9787490647,2.4673019447,7.208901e-05
