LATITUDE,LONGITUDE,probability
48.7389484253,2.2275013053,1.9586560551282673e-61
48.7438423159,2.2275013053,6.755375183467152e-60
48.7487362065,2.2275013053,1.539000734263855e-58
48.7536300971,2.2275013053,2.4012226372930622e-57
48.7585239877,2.2275013053,1.5090541489591416e-51
48.7634178783,2.2275013053,6.851934770999935e-45
48.7683117689,2.2275013053,7.984264261545139e-39
48.7732056595,2.2275013053,2.3876092181591728e-33
48.7780995501,2.2275013053,1.8323070503767708e-28
48.7829934407,2.2275013053,3.608609763963253e-24
48.7878873313,2.2275013053,1.8238463506520812e-20
48.7927812219,2.2275013053,2.365610497149446e-17
48.7976751125,2.2275013053,7.87417187572968e-15
48.8025690031,2.2275013053,6.726253070324969e-13
48.8074628937,2.2275013053,1.4745115467507213e-11
48.8123567843,2.2275013053,8.29525639095703e-11
48.8172506749,2.2275013053,1.197617438813819e-10
48.8221445655,2.2275013053,4.437241541159257e-11
48.8270384561,2.2275013053,4.21905017791891e-12
48.8319323467,2.2275013053,1.0294919911361082e-13
48.8368262373,2.2275013053,6.44670675580287e-16
48.8417201279,2.2275013053,1.0359994396388664e-18
48.8466140185,2.2275013053,4.272556226893813e-22
48.8515079091,2.2275013053,4.5219183314946733e-26
48.8564017997,2.2275013053,1.2281864554970597e-30
48.8612956903,2.2275013053,8.560764583044269e-36
48.8661895809,2.2275013053,1.5313253303739205e-41
48.8710834715,2.2275013053,7.029574533453247e-48
48.8759773621,2.2275013053,8.28127630451249e-55
48.8808712527,2.2275013053,2.503641678604523e-62
48.8857651433,2.2275013053,5.772341282842047e-70
48.8906590339,2.2275013053,1.5093282443324043e-69
48.8955529245,2.2275013053,3.8508755533542396e-69
48.9004468151,2.2275013053,6.360801348100033e-69
48.9053407057,2.2275013053,6.802064480761951e-69
48.9102345963,2.2275013053,4.709190076295422e-69
48.9151284869,2.2275013053,2.110708501118801e-69
48.9200223775,2.2275013053,6.124728784691773e-70
48.9249162681,2.2275013053,1.1505937968296806e-70
48.9298101587,2.2275013053,1.39937386317459e-71
48.9347040493,2.2275013053,1.1018489229561985e-72
48.9395979399,2.2275013053,5.616773466101002e-74
48.9444918305,2.2275013053,1.8536525325899787e-75
48.9493857211,2.2275013053,3.9604662153670315e-77
48.9542796117,2.2275013053,5.478237550914198e-79
48.9591735023,2.2275013053,4.905824091510712e-81
48.9640673929,2.2275013053,2.8441968186263844e-83
48.9689612835,2.2275013053,1.0675393309570499e-85
48.9738551741,2.2275013053,2.5940878903263e-88
48.9787490647,2.2275013053,4.080957309445815e-91
48.7389484253,2.2323951959,1.5254442775585955e-58
48.7438423159,2.2323951959,6.001526942435993e-57
48.7487362065,2.2323951959,1.559643095618338e-55
48.7536300971,2.2323951959,2.6773150675677856e-54
48.7585239877,2.2323951959,1.5749204468958524e-51
48.7634178783,2.2323951959,7.799450515760916e-45
48.7683117689,2.2323951959,1.0107148606289244e-38
48.7732056595,2.2323951959,3.361243454945538e-33
48.7780995501,2.2323951959,2.868652546829887e-28
48.7829934407,2.2323951959,6.282935345862725e-24
48.7878873313,2.2323951959,3.531456763148858e-20
48.7927812219,2.2323951959,5.0939169214096445e-17
48.7976751125,2.2323951959,1.8856300181590872e-14
48.8025690031,2.2323951959,1.7912977089061157e-12
48.8074628937,2.2323951959,4.3670254112589e-11
48.8123567843,2.2323951959,2.7321864245195183e-10
48.8172506749,2.2323951959,4.3867370295040925e-10
48.8221445655,2.2323951959,1.8075051095796828e-10
48.8270384561,2.2323951959,1.9112791763677015e-11
48.8319323467,2.2323951959,5.186511964373303e-13
48.8368262373,2.2323951959,3.6118799040851776e-15
48.8417201279,2.2323951959,6.4550242829625144e-18
48.8466140185,2.2323951959,2.9605276443577517e-21
48.8515079091,2.2323951959,3.4845525832285954e-25
48.8564017997,2.2323951959,1.0525229782087715e-29
48.8612956903,2.2323951959,8.158734691044434e-35
48.8661895809,2.2323951959,1.6230081369150516e-40
48.8710834715,2.2323951959,8.285624453651658e-47
48.8759773621,2.2323951959,1.0855165627136679e-53
48.8808712527,2.2323951959,3.649770370769277e-61
48.8857651433,2.2323951959,4.590417155351487e-65
48.8906590339,2.2323951959,1.4470957506723831e-64
48.8955529245,2.2323951959,2.953580008986525e-64
48.9004468151,2.2323951959,3.9028043022928484e-64
48.9053407057,2.2323951959,3.338730571407201e-64
48.9102345963,2.2323951959,1.8491091009073064e-64
48.9151284869,2.2323951959,6.630102796075134e-65
48.9200223775,2.2323951959,1.5390564572260884e-65
48.9249162681,2.2323951959,2.3129455250765786e-66
48.9298101587,2.2323951959,2.2503642548656914e-67
48.9347040493,2.2323951959,1.4174795461906107e-68
48.9395979399,2.2323951959,5.780392707779761e-70
48.9444918305,2.2323951959,1.5260699884654601e-71
48.9493857211,2.2323951959,2.608363548396757e-73
48.9542796117,2.2323951959,2.8862793129357146e-75
48.9591735023,2.2323951959,2.0676887006113693e-77
48.9640673929,2.2323951959,9.589777167499492e-80
48.9689612835,2.2323951959,2.8794427007836665e-82
48.9738551741,2.2323951959,5.597381772654876e-85
48.9787490647,2.2323951959,7.044302238368322e-88
48.7389484253,2.2372890865,8.71230237606191e-56
48.7438423159,2.2372890865,3.909961395256589e-54
48.7487362065,2.2372890865,1.159071036963599e-52
48.7536300971,2.2372890865,2.269581098829003e-51
48.7585239877,2.2372890865,3.084931801993065e-50
48.7634178783,2.2372890865,8.392859905354074e-45
48.7683117689,2.2372890865,1.2094965318086052e-38
48.7732056595,2.2372890865,4.473206216387553e-33
48.7780995501,2.2372890865,4.2456078113695455e-28
48.7829934407,2.2372890865,1.0341117886638636e-23
48.7878873313,2.2372890865,6.464006222881288e-20
48.7927812219,2.2372890865,1.0369139187600727e-16
48.7976751125,2.2372890865,4.2686476099131596e-14
48.8025690031,2.2372890865,4.5096679448912054e-12
48.8074628937,2.2372890865,1.222659390770423e-10
48.8123567843,2.2372890865,8.506934168816279e-10
48.8172506749,2.2372890865,1.5189634284925288e-09
48.8221445655,2.2372890865,6.960304262203188e-10
48.8270384561,2.2372890865,8.184945525054499e-11
48.8319323467,2.2372890865,2.470074335771742e-12
48.8368262373,2.2372890865,1.912982137843203e-14
48.8417201279,2.2372890865,3.8020556386479147e-17
48.8466140185,2.2372890865,1.9392450101061844e-20
48.8515079091,2.2372890865,2.5383620077571605e-24
48.8564017997,2.2372890865,8.526702234078687e-29
48.8612956903,2.2372890865,7.350473171162073e-34
48.8661895809,2.2372890865,1.626133355292758e-39
48.8710834715,2.2372890865,9.2321676204003e-46
48.8759773621,2.2372890865,1.3451101982542523e-52
48.8808712527,2.2372890865,5.867461674864932e-60
48.8857651433,2.2372890865,3.264636412510278e-60
48.8906590339,2.2372890865,8.233517418691779e-60
48.8955529245,2.2372890865,1.3443506668735566e-59
48.9004468151,2.2372890865,1.4210726753343194e-59
48.9053407057,2.2372890865,9.725155949432458e-60
48.9102345963,2.2372890865,4.308771100849341e-60
48.9151284869,2.2372890865,1.2359099702897116e-60
48.9200223775,2.2372890865,2.295074627935935e-61
48.9249162681,2.2372890865,2.7592010809927637e-62
48.9298101587,2.2372890865,2.1475656788300071e-63
48.9347040493,2.2372890865,1.082146655248512e-64
48.9395979399,2.2372890865,3.530224720214106e-66
48.9444918305,2.2372890865,7.455815381087744e-68
48.9493857211,2.2372890865,1.0194466498230437e-69
48.9542796117,2.2372890865,9.024235575768299e-72
48.9591735023,2.2372890865,5.1716950471504324e-74
48.9640673929,2.2372890865,1.9188099265324035e-76
48.9689612835,2.2372890865,4.609009127016346e-79
48.9738551741,2.2372890865,7.167368658924501e-82
48.9787490647,2.2372890865,7.215866371335827e-85
48.7389484253,2.2421829771,3.6489503592896206e-53
48.7438423159,2.2421829771,1.8680203458526004e-51
48.7487362065,2.2421829771,6.316744397736095e-50
48.7536300971,2.2421829771,1.4109221791544047e-48
48.7585239877,2.2421829771,2.081801851414076e-47
48.7634178783,2.2421829771,8.740006001295181e-45
48.7683117689,2.2421829771,1.3682418580121069e-38
48.7732056595,2.2421829771,5.6275595267892794e-33
48.7780995501,2.2421829771,5.939966908402751e-28
48.7829934407,2.2421829771,1.6089947053330897e-23
48.7878873313,2.2421829771,1.1184893827274376e-19
48.7927812219,2.2421829771,1.995334805903266e-16
48.7976751125,2.2421829771,9.134953734721742e-14
48.8025690031,2.2421829771,1.0732566484576498e-11
48.8074628937,2.2421829771,3.235992335084988e-10
48.8123567843,2.2421829771,2.5039061248791835e-09
48.8172506749,2.2421829771,4.9720474226690295e-09
48.8221445655,2.2421829771,2.5337230563454356e-09
48.8270384561,2.2421829771,3.313520685591628e-10
48.8319323467,2.2421829771,1.1120565960856652e-11
48.8368262373,2.2421829771,9.577910101965123e-14
48.8417201279,2.2421829771,2.1170020787268349e-16
48.8466140185,2.2421829771,1.200821554654887e-19
48.8515079091,2.2421829771,1.7480036214396923e-23
48.8564017997,2.2421829771,6.52999493324242e-28
48.8612956903,2.2421829771,6.260226165099489e-33
48.8661895809,2.2421829771,1.540188457667591e-38
48.8710834715,2.2421829771,9.724434735471363e-45
48.8759773621,2.2421829771,1.5756656166956796e-51
48.8808712527,2.2421829771,4.428077236606373e-56
48.8857651433,2.2421829771,1.3779131307364326e-55
48.8906590339,2.2421829771,2.7800212794157128e-55
48.8955529245,2.2421829771,3.631206651100966e-55
48.9004468151,2.2421829771,3.0706503990026168e-55
48.9053407057,2.2421829771,1.6810721211800313e-55
48.9102345963,2.2421829771,5.958252193779831e-56
48.9151284869,2.2421829771,1.3671871907064457e-56
48.9200223775,2.2421829771,2.031017397595544e-57
48.9249162681,2.2421829771,1.9533311231416162e-58
48.9298101587,2.2421829771,1.216227054159054e-59
48.9347040493,2.2421829771,4.902640101149968e-61
48.9395979399,2.2421829771,1.2794459096092578e-62
48.9444918305,2.2421829771,2.161675053812983e-64
48.9493857211,2.2421829771,2.3644789652688367e-66
48.9542796117,2.2421829771,1.6743916997760721e-68
48.9591735023,2.2421829771,7.676358231020858e-71
48.9640673929,2.2421829771,2.2783999814302817e-73
48.9689612835,2.2421829771,4.378055539905153e-76
48.9738551741,2.2421829771,5.446394914742462e-79
48.9787490647,2.2421829771,4.386453743791496e-82
48.7389484253,2.2470768677,1.1207310229119303e-50
48.7438423159,2.2470768677,6.544691172589563e-49
48.7487362065,2.2470768677,2.52449768796866e-47
48.7536300971,2.2470768677,6.432189804284308e-46
48.7585239877,2.2470768677,1.0825322106203796e-44
48.7634178783,2.2470768677,1.2855234788004026e-43
48.7683117689,2.2470768677,1.463286919463175e-38
48.7732056595,2.2470768677,6.692733055256783e-33
48.7780995501,2.2470768677,7.856161541170276e-28
48.7829934407,2.2470768677,2.3665951411276393e-23
48.7878873313,2.2470768677,1.8295496236704967e-19
48.7927812219,2.2470768677,3.629702913215726e-16
48.7976751125,2.2470768677,1.848011323374517e-13
48.8025690031,2.2470768677,2.414598004403301e-11
48.8074628937,2.2470768677,8.096395377362073e-10
48.8123567843,2.2470768677,6.966990857000597e-09
48.8172506749,2.2470768677,1.538528106215826e-08
48.8221445655,2.2470768677,8.71911267354755e-09
48.8270384561,2.2470768677,1.2680775304720172e-09
48.8319323467,2.2470768677,4.7328853789649144e-11
48.8368262373,2.2470768677,4.533282981949308e-13
48.8417201279,2.2470768677,1.114310796103567e-15
48.8466140185,2.2470768677,7.0292099321056605e-19
48.8515079091,2.2470768677,1.137924267435821e-22
48.8564017997,2.2470768677,4.727449241789927e-27
48.8612956903,2.2470768677,5.040191725772639e-32
48.8661895809,2.2470768677,1.3790305915617913e-37
48.8710834715,2.2470768677,9.682943469772809e-44
48.8759773621,2.2470768677,1.7807584223133785e-50
48.8808712527,2.2470768677,1.3843894573911535e-51
48.8857651433,2.2470768677,3.451305748523524e-51
48.8906590339,2.2470768677,5.570387440371736e-51
48.8955529245,2.2470768677,5.820548798812088e-51
48.9004468151,2.2470768677,3.9374860659773204e-51
48.9053407057,2.2470768677,1.724450325974871e-51
48.9102345963,2.2470768677,4.889437635279574e-52
48.9151284869,2.2470768677,8.975190947736756e-53
48.9200223775,2.2470768677,1.066608515033219e-53
48.9249162681,2.2470768677,8.206216291058894e-55
48.9298101587,2.2470768677,4.087496897594548e-56
48.9347040493,2.2470768677,1.318100352454359e-57
48.9395979399,2.2470768677,2.75179501666065e-59
48.9444918305,2.2470768677,3.7192917524373755e-61
48.9493857211,2.2470768677,3.254475285388099e-63
48.9542796117,2.2470768677,1.8436491273741665e-65
48.9591735023,2.2470768677,6.761641331371715e-68
48.9640673929,2.2470768677,1.6054713189670475e-70
48.9689612835,2.2470768677,2.4679112429530285e-73
48.9738551741,2.2470768677,2.456026706890535e-76
48.9787490647,2.2470768677,1.582388788175937e-79
48.7389484253,2.2519707583,2.524255184066588e-48
48.7438423159,2.2519707583,1.6814932855352991e-46
48.7487362065,2.2519707583,7.398694139590404e-45
48.7536300971,2.2519707583,2.1503693710324935e-43
48.7585239877,2.2519707583,4.1282796799616876e-42
48.7634178783,2.2519707583,5.235824935202824e-41
48.7683117689,2.2519707583,1.5230472550920593e-38
48.7732056595,2.2519707583,7.524354973464877e-33
48.7780995501,2.2519707583,9.822431573239236e-28
48.7829934407,2.2519707583,3.290603457260667e-23
48.7878873313,2.2519707583,2.8290377899872356e-19
48.7927812219,2.2519707583,6.241782184889277e-16
48.7976751125,2.2519707583,3.5341512452671303e-13
48.8025690031,2.2519707583,5.135329502799536e-11
48.8074628937,2.2519707583,1.9149531790292915e-09
48.8123567843,2.2519707583,1.8325450777530782e-08
48.8172506749,2.2519707583,4.5004696240794375e-08
48.8221445655,2.2519707583,2.836401233926354e-08
48.8270384561,2.2519707583,4.587585387156206e-09
48.8319323467,2.2519707583,1.9041770376180783e-10
48.8368262373,2.2519707583,2.028323215235606e-12
48.8417201279,2.2519707583,5.544644215908051e-15
48.8466140185,2.2519707583,3.88970712837809e-18
48.8515079091,2.2519707583,7.0027210305443955e-22
48.8564017997,2.2519707583,3.235366230727559e-26
48.8612956903,2.2519707583,3.836071991657089e-31
48.8661895809,2.2519707583,1.1672306688640986e-36
48.8710834715,2.2519707583,9.114525527446724e-43
48.8759773621,2.2519707583,8.532792942466943e-48
48.8808712527,2.2519707583,2.572281598769537e-47
48.8857651433,2.2519707583,5.130026423626446e-47
48.8906590339,2.2519707583,6.623648185999767e-47
48.8955529245,2.2519707583,5.536706156573871e-47
48.9004468151,2.2519707583,2.9962790468013277e-47
48.9053407057,2.2519707583,1.0497589903997691e-47
48.9102345963,2.2519707583,2.381077393650054e-48
48.9151284869,2.2519707583,3.4965036374543876e-49
48.9200223775,2.2519707583,3.324076580292044e-50
48.9249162681,2.2519707583,2.0459010264580573e-51
48.9298101587,2.2519707583,8.152199206096581e-53
48.9347040493,2.2519707583,2.1030108353072424e-54
48.9395979399,2.2519707583,3.512244981794016e-56
48.9444918305,2.2519707583,3.7975600900807755e-58
48.9493857211,2.2519707583,2.658282131560515e-60
48.9542796117,2.2519707583,1.2046865263524616e-62
48.9591735023,2.2519707583,3.534464285590886e-65
48.9640673929,2.2519707583,6.713511014263889e-68
48.9689612835,2.2519707583,8.255671000932033e-71
48.9738551741,2.2519707583,6.572515404484038e-74
48.9787490647,2.2519707583,3.387563239680513e-77
48.7389484253,2.2568646489,4.169312743146825e-46
48.7438423159,2.2568646489,3.16810480582759e-44
48.7487362065,2.2568646489,1.5901335256849763e-42
48.7536300971,2.2568646489,5.271882268435464e-41
48.7585239877,2.2568646489,1.154505129319887e-39
48.7634178783,2.2568646489,1.670029920571966e-38
48.7683117689,2.2568646489,1.7370581339017708e-37
48.7732056595,2.2568646489,7.997821135028755e-33
48.7780995501,2.2568646489,1.1609401957661482e-27
48.7829934407,2.2568646489,4.325231511380216e-23
48.7878873313,2.2568646489,4.135381033414934e-19
48.7927812219,2.2568646489,1.0146782850650878e-15
48.7976751125,2.2568646489,6.389220292831526e-13
48.8025690031,2.2568646489,1.0324618661214513e-10
48.8074628937,2.2568646489,4.281607370214976e-09
48.8123567843,2.2568646489,4.55665681528794e-08
48.8172506749,2.2568646489,1.2444930240062542e-07
48.8221445655,2.2568646489,8.722586419186322e-08
48.8270384561,2.2568646489,1.5689343639118886e-08
48.8319323467,2.2568646489,7.242207639929657e-10
48.8368262373,2.2568646489,8.579143049522284e-12
48.8417201279,2.2568646489,2.6080963865821488e-14
48.8466140185,2.2568646489,2.034746006499054e-17
48.8515079091,2.2568646489,4.073836799078307e-21
48.8564017997,2.2568646489,2.093166866558596e-25
48.8612956903,2.2568646489,2.7600105627078476e-30
48.8661895809,2.2568646489,9.339510519288072e-36
48.8710834715,2.2568646489,8.140664717602843e-42
48.8759773621,2.2568646489,1.1509598349898834e-43
48.8808712527,2.2568646489,2.836309127394504e-43
48.8857651433,2.2568646489,4.525122499958306e-43
48.8906590339,2.2568646489,4.6739459089677866e-43
48.8955529245,2.2568646489,3.1254574236005366e-43
48.9004468151,2.2568646489,1.3530693478942436e-43
48.9053407057,2.2568646489,3.792303509313439e-44
48.9102345963,2.2568646489,6.881176280755247e-45
48.9151284869,2.2568646489,8.083488837891379e-46
48.9200223775,2.2568646489,6.147684421398568e-47
48.9249162681,2.2568646489,3.026919367624277e-48
48.9298101587,2.2568646489,9.648653316097464e-50
48.9347040493,2.2568646489,1.991173554560556e-51
48.9395979399,2.2568646489,2.660284552772058e-53
48.9444918305,2.2568646489,2.301037165468027e-55
48.9493857211,2.2568646489,1.2885335693554166e-57
48.9542796117,2.2568646489,4.671371482364438e-60
48.9591735023,2.2568646489,1.0964015388115971e-62
48.9640673929,2.2568646489,1.6659863210669143e-65
48.9689612835,2.2568646489,1.6388899406367745e-68
48.9738551741,2.2568646489,1.0437697627330678e-71
48.9787490647,2.2568646489,4.3036425921157067e-75
48.7389484253,2.2617585395,5.056131768979535e-44
48.7438423159,2.2617585395,4.377261451379146e-42
48.7487362065,2.2617585395,2.506170061410242e-40
48.7536300971,2.2617585395,9.478001299380754e-39
48.7585239877,2.2617585395,2.3676693113988934e-37
48.7634178783,2.2617585395,3.906819814153316e-36
48.7683117689,2.2617585395,4.259454688394479e-35
48.7732056595,2.2617585395,8.34084699691316e-33
48.7780995501,2.2617585395,1.2971296809588166e-27
48.7829934407,2.2617585395,5.374343176951573e-23
48.7878873313,2.2617585395,5.714451379771376e-19
48.7927812219,2.2617585395,1.5593024121844086e-15
48.7976751125,2.2617585395,1.0919250292210117e-12
48.8025690031,2.2617585395,1.9622844089726117e-10
48.8074628937,2.2617585395,9.049774308669747e-09
48.8123567843,2.2617585395,1.0710758096541624e-07
48.8172506749,2.2617585395,3.253189424491452e-07
48.8221445655,2.2617585395,2.535742799588496e-07
48.8270384561,2.2617585395,5.072333765161624e-08
48.8319323467,2.2617585395,2.603858247762068e-09
48.8368262373,2.2617585395,3.430314430629673e-11
48.8417201279,2.2617585395,1.159732474568134e-13
48.8466140185,2.2617585395,1.0062112312277348e-16
48.8515079091,2.2617585395,2.2404121151586824e-20
48.8564017997,2.2617585395,1.280187859723865e-24
48.8612956903,2.2617585395,1.8772661534936784e-29
48.8661895809,2.2617585395,7.06454105934401e-35
48.8710834715,2.2617585395,3.77388729471278e-40
48.8759773621,2.2617585395,9.414283928368267e-40
48.8808712527,2.2617585395,1.8559368100184008e-39
48.8857651433,2.2617585395,2.3687304893991865e-39
48.8906590339,2.2617585395,1.9572426839361156e-39
48.8955529245,2.2617585395,1.047008651112018e-39
48.9004468151,2.2617585395,3.6260386209279e-40
48.9053407057,2.2617585395,8.130011208236407e-41
48.9102345963,2.2617585395,1.1801206960275924e-41
48.9151284869,2.2617585395,1.1090171768789607e-42
48.9200223775,2.2617585395,6.747248139682669e-44
48.9249162681,2.2617585395,2.6576124848490296e-45
48.9298101587,2.2617585395,6.776932999094273e-47
48.9347040493,2.2617585395,1.1187969973777822e-48
48.9395979399,2.2617585395,1.1957653259935958e-50
48.9444918305,2.2617585395,8.2740317516910465e-53
48.9493857211,2.2617585395,3.706508274737676e-55
48.9542796117,2.2617585395,1.0749526344947234e-57
48.9591735023,2.2617585395,2.018321034543787e-60
48.9640673929,2.2617585395,2.4533964236382104e-63
48.9689612835,2.2617585395,1.9307310142312454e-66
48.9738551741,2.2617585395,9.836766931678513e-70
48.9787490647,2.2617585395,3.2445879705069357e-73
48.7389484253,2.2666524301,6.62972532522485e-42
48.7438423159,2.2666524301,4.435695147035196e-40
48.7487362065,2.2666524301,2.896582641872396e-38
48.7536300971,2.2666524301,1.2495862798325385e-36
48.7585239877,2.2666524301,3.5607759393397546e-35
48.7634178783,2.2666524301,6.7022573576066355e-34
48.7683117689,2.2666524301,8.332900130570977e-33
48.7732056595,2.2666524301,7.606402099346543e-32
48.7780995501,2.2666524301,1.3704268468465978e-27
48.7829934407,2.2666524301,6.312823800256116e-23
48.7878873313,2.2666524301,7.464758809308595e-19
48.7927812219,2.2666524301,2.2652417792336273e-15
48.7976751125,2.2666524301,1.764087034938833e-12
48.8025690031,2.2666524301,3.525592532883494e-10
48.8074628937,2.2666524301,1.808218463363227e-08
48.8123567843,2.2666524301,2.3799968271339444e-07
48.8172506749,2.2666524301,8.039122036770537e-07
48.8221445655,2.2666524301,6.968636176699435e-07
48.8270384561,2.2666524301,1.55022314792286e-07
48.8319323467,2.2666524301,8.85010589526646e-09
48.8368262373,2.2666524301,1.2966158456281729e-10
48.8417201279,2.2666524301,4.875100538639264e-13
48.8466140185,2.2666524301,4.703980954687815e-16
48.8515079091,2.2666524301,1.1648139957113475e-19
48.8564017997,2.2666524301,7.402095255177945e-24
48.8612956903,2.2666524301,1.2071379106953424e-28
48.8661895809,2.2666524301,5.056951507525651e-34
48.8710834715,2.2666524301,1.8764904578888407e-36
48.8759773621,2.2666524301,4.569785253219596e-36
48.8808712527,2.2666524301,7.206881474401483e-36
48.8857651433,2.2666524301,7.358266805438553e-36
48.8906590339,2.2666524301,4.863850817045512e-36
48.8955529245,2.2666524301,2.0814286317262204e-36
48.9004468151,2.2666524301,5.766593874933229e-37
48.9053407057,2.2666524301,1.0343172598510488e-37
48.9102345963,2.2666524301,1.201060103724754e-38
48.9151284869,2.2666524301,9.029262387619547e-40
48.9200223775,2.2666524301,4.3945698305999324e-41
48.9249162681,2.2666524301,1.3847042643260056e-42
48.9298101587,2.2666524301,2.824712507688762e-44
48.9347040493,2.2666524301,3.730508551345943e-46
48.9395979399,2.2666524301,3.189615919749191e-48
48.9444918305,2.2666524301,1.7655714774802881e-50
48.9493857211,2.2666524301,6.327159487596374e-53
48.9542796117,2.2666524301,1.4679417512224876e-55
48.9591735023,2.2666524301,2.20488238318886e-58
48.9640673929,2.2666524301,2.144068200558462e-61
48.9689612835,2.2666524301,1.349796592436033e-64
48.9738551741,2.2666524301,5.50141772951752e-68
48.9787490647,2.2666524301,1.4516351696441654e-71
48.7389484253,2.2715463207,3.874481433565093e-38
48.7438423159,2.2715463207,3.4425218668505355e-38
48.7487362065,2.2715463207,2.4550908468928365e-36
48.7536300971,2.2715463207,1.208131365017741e-34
48.7585239877,2.2715463207,3.9270521776303956e-33
48.7634178783,2.2715463207,8.431740704759234e-32
48.7683117689,2.2715463207,1.1958201618023156e-30
48.7732056595,2.2715463207,1.1209288995468265e-29
48.7780995501,2.2715463207,1.437287097259743e-27
48.7829934407,2.2715463207,7.009804494205638e-23
48.7878873313,2.2715463207,9.218053962598794e-19
48.7927812219,2.2715463207,3.1108638485344214e-15
48.7976751125,2.2715463207,2.6941974965310224e-12
48.8025690031,2.2715463207,5.988037786336148e-10
48.8074628937,2.2715463207,3.415437653249744e-08
48.8123567843,2.2715463207,4.99936740051249e-07
48.8172506749,2.2715463207,1.8779799903689613e-06
48.8221445655,2.2715463207,1.8104013627656826e-06
48.8270384561,2.2715463207,4.4788680429670545e-07
48.8319323467,2.2715463207,2.8436327200119504e-08
48.8368262373,2.2715463207,4.6333322627521946e-10
48.8417201279,2.2715463207,1.9374493785120623e-12
48.8466140185,2.2715463207,2.0791416342851932e-15
48.8515079091,2.2715463207,5.725985284359704e-19
48.8564017997,2.2715463207,4.046878433215806e-23
48.8612956903,2.2715463207,7.339788918916135e-28
48.8661895809,2.2715463207,5.660267412455021e-33
48.8710834715,2.2715463207,6.755047727574582e-33
48.8759773621,2.2715463207,1.3163727106524485e-32
48.8808712527,2.2715463207,1.6607572038905307e-32
48.8857651433,2.2715463207,1.3564693433094695e-32
48.8906590339,2.2715463207,7.172827467193043e-33
48.8955529245,2.2715463207,2.4555419035980598e-33
48.9004468151,2.2715463207,5.442279954554346e-34
48.9053407057,2.2715463207,7.808919946563801e-35
48.9102345963,2.2715463207,7.254001256364567e-36
48.9151284869,2.2715463207,4.3625543022123215e-37
48.9200223775,2.2715463207,1.69855896827685e-38
48.9249162681,2.2715463207,4.281510122893877e-40
48.9298101587,2.2715463207,6.986986195175404e-42
48.9347040493,2.2715463207,7.381750442227242e-44
48.9395979399,2.2715463207,5.049000292507148e-46
48.9444918305,2.2715463207,2.235774489698282e-48
48.9493857211,2.2715463207,6.409544406255338e-51
48.9542796117,2.2715463207,1.189605294779183e-53
48.9591735023,2.2715463207,1.4294046146622512e-56
48.9640673929,2.2715463207,1.1119468649233512e-59
48.9689612835,2.2715463207,5.600018389255426e-63
48.9738551741,2.2715463207,1.8258766516004702e-66
48.9787490647,2.2715463207,3.8541621373536604e-70
48.7389484253,2.2764402113,3.5310619637216963e-34
48.7438423159,2.2764402113,2.0490375762360913e-35
48.7487362065,2.2764402113,1.5337424008161104e-34
48.7536300971,2.2764402113,8.56567905157702e-33
48.7585239877,2.2764402113,3.1760484645389847e-31
48.7634178783,2.2764402113,7.778785719769266e-30
48.7683117689,2.2764402113,1.258445903659432e-28
48.7732056595,2.2764402113,1.3447985347942728e-27
48.7780995501,2.2764402113,1.0783565815678775e-26
48.7829934407,2.2764402113,7.362545847713394e-23
48.7878873313,2.2764402113,1.076081080289896e-18
48.7927812219,2.2764402113,4.038589202147469e-15
48.7976751125,2.2764402113,3.889744788282892e-12
48.8025690031,2.2764402113,9.614336087796373e-10
48.8074628937,2.2764402113,6.09852062262297e-08
48.8123567843,2.2764402113,9.927442273135249e-07
48.8172506749,2.2764402113,4.147243622040817e-06
48.8221445655,2.2764402113,4.4462555125721535e-06
48.8270384561,2.2764402113,1.2233420817732414e-06
48.8319323467,2.2764402113,8.638304146788187e-08
48.8368262373,2.2764402113,1.5654709831477769e-09
48.8417201279,2.2764402113,7.281184664659436e-12
48.8466140185,2.2764402113,8.691476978440292e-15
48.8515079091,2.2764402113,2.6625596915810543e-18
48.8564017997,2.2764402113,2.0930892352778352e-22
48.8612956903,2.2764402113,4.223694123514449e-27
48.8661895809,2.2764402113,6.016453428355371e-30
48.8710834715,2.2764402113,1.4434778483107638e-29
48.8759773621,2.2764402113,2.2502797928540608e-29
48.8808712527,2.2764402113,2.2711168606288508e-29
48.8857651433,2.2764402113,1.483949104994249e-29
48.8906590339,2.2764402113,6.277331941341842e-30
48.8955529245,2.2764402113,1.719126149150203e-30
48.9004468151,2.2764402113,3.0480140296949767e-31
48.9053407057,2.2764402113,3.498668062811959e-32
48.9102345963,2.2764402113,2.5999505210150868e-33
48.9151284869,2.2764402113,1.2508464177657854e-34
48.9200223775,2.2764402113,3.8960045798812835e-36
48.9249162681,2.2764402113,7.856181202449391e-38
48.9298101587,2.2764402113,1.0256049034910659e-39
48.9347040493,2.2764402113,8.668126662944921e-42
48.9395979399,2.2764402113,4.74293281319529e-44
48.9444918305,2.2764402113,1.6801391819754677e-46
48.9493857211,2.2764402113,3.853187217394884e-49
48.9542796117,2.2764402113,5.7209944353417934e-52
48.9591735023,2.2764402113,5.49919985517815e-55
48.9640673929,2.2764402113,3.4221894248574994e-58
48.9689612835,2.2764402113,1.37874880817894e-61
48.9738551741,2.2764402113,3.5961915704133333e-65
48.9787490647,2.2764402113,6.072633218551606e-69
48.7389484253,2.2813341019,1.6601174847062413e-30
48.7438423159,2.2813341019,1.2167487667093004e-31
48.7487362065,2.2813341019,1.399405707763753e-32
48.7536300971,2.2813341019,4.45675862563746e-31
48.7585239877,2.2813341019,1.88367624058397e-29
48.7634178783,2.2813341019,5.262653756213814e-28
48.7683117689,2.2813341019,9.711843108253116e-27
48.7732056595,2.2813341019,1.1838497600147315e-25
48.7780995501,2.2813341019,9.54364212674937e-25
48.7829934407,2.2813341019,7.808463460176482e-23
48.7878873313,2.2813341019,1.1875157682170263e-18
48.7927812219,2.2813341019,4.956334694055932e-15
48.7976751125,2.2813341019,5.308785515747726e-12
48.8025690031,2.2813341019,1.4592742375925443e-09
48.8074628937,2.2813341019,1.0294066055486049e-07
48.8123567843,2.2813341019,1.863580791752598e-06
48.8172506749,2.2813341019,8.65819597082795e-06
48.8221445655,2.2813341019,1.0323748544885414e-05
48.8270384561,2.2813341019,3.1593591856334183e-06
48.8319323467,2.2813341019,2.481638080717204e-07
48.8368262373,2.2813341019,5.003547258083908e-09
48.8417201279,2.2813341019,2.589520476080017e-11
48.8466140185,2.2813341019,3.439751372524529e-14
48.8515079091,2.2813341019,1.1725332292712178e-17
48.8564017997,2.2813341019,1.0254557660952115e-21
48.8612956903,2.2813341019,2.6198651399453844e-26
48.8661895809,2.2813341019,9.502703663549003e-27
48.8710834715,2.2813341019,1.8304870342308418e-26
48.8759773621,2.2813341019,2.2828046121449904e-26
48.8808712527,2.2813341019,1.8430935919777203e-26
48.8857651433,2.2813341019,9.63391034986123e-27
48.8906590339,2.2813341019,3.260125926393898e-27
48.8955529245,2.2813341019,7.142376079078494e-28
48.9004468151,2.2813341019,1.0130423845671046e-28
48.9053407057,2.2813341019,9.302273018572112e-30
48.9102345963,2.2813341019,5.530025207229096e-31
48.9151284869,2.2813341019,2.1283434129460037e-32
48.9200223775,2.2813341019,5.303137161330262e-34
48.9249162681,2.2813341019,8.554617183552494e-36
48.9298101587,2.2813341019,8.933977680493342e-38
48.9347040493,2.2813341019,6.040400155717581e-40
48.9395979399,2.2813341019,2.644010165606649e-42
48.9444918305,2.2813341019,7.492678440848426e-45
48.9493857211,2.2813341019,1.3746357431756715e-47
48.9542796117,2.2813341019,1.63273135624572e-50
48.9591735023,2.2813341019,1.2555048596384966e-53
48.9640673929,2.2813341019,6.250267810337575e-57
48.9689612835,2.2813341019,2.0144450170973853e-60
48.9738551741,2.2813341019,4.2032843759158755e-64
48.9787490647,2.2813341019,5.678043199452813e-68
48.7389484253,2.2862279925,3.996480601663822e-27
48.7438423159,2.2862279925,4.050039011684791e-28
48.7487362065,2.2862279925,3.266602510563013e-29
48.7536300971,2.2862279925,1.9032953880449462e-29
48.7585239877,2.2862279925,8.193655429968389e-28
48.7634178783,2.2862279925,2.610936305228504e-26
48.7683117689,2.2862279925,5.496258975234539e-25
48.7732056595,2.2862279925,7.6425136096888e-24
48.7780995501,2.2862279925,7.019550792196177e-23
48.7829934407,2.2862279925,4.943534367123554e-22
48.7878873313,2.2862279925,1.2405119513132042e-18
48.7927812219,2.2862279925,5.750085801826354e-15
48.7976751125,2.2862279925,6.849395490641022e-12
48.8025690031,2.2862279925,2.0938207002273927e-09
48.8074628937,2.2862279925,1.6426323301487296e-07
48.8123567843,2.2862279925,3.307244600196748e-06
48.8172506749,2.2862279925,1.708998107368311e-05
48.8221445655,2.2862279925,2.2667808965004063e-05
48.8270384561,2.2862279925,7.718510401720462e-06
48.8319323467,2.2862279925,6.748117751011472e-07
48.8368262373,2.2862279925,1.5149469437748073e-08
48.8417201279,2.2862279925,8.732569468111831e-11
48.8466140185,2.2862279925,1.2920293530323952e-13
48.8515079091,2.2862279925,4.904028361575465e-17
48.8564017997,2.2862279925,4.773399996007886e-21
48.8612956903,2.2862279925,3.874567427948672e-24
48.8661895809,2.2862279925,8.939157558217808e-24
48.8710834715,2.2862279925,1.3775195226492154e-23
48.8759773621,2.2862279925,1.3742809724207184e-23
48.8808712527,2.2862279925,8.87625699831829e-24
48.8857651433,2.2862279925,3.711596582487191e-24
48.8906590339,2.2862279925,1.0047736281754329e-24
48.8955529245,2.2862279925,1.7609711988421512e-25
48.9004468151,2.2862279925,1.9980798576932656e-26
48.9053407057,2.2862279925,1.4677429198461992e-27
48.9102345963,2.2862279925,6.980133195534021e-29
48.9151284869,2.2862279925,2.1490869617663343e-30
48.9200223775,2.2862279925,4.2837175968159974e-32
48.9249162681,2.2862279925,5.527951688273222e-34
48.9298101587,2.2862279925,4.618321992308696e-36
48.9347040493,2.2862279925,2.497932753088261e-38
48.9395979399,2.2862279925,8.746893520699799e-41
48.9444918305,2.2862279925,1.982912271432071e-43
48.9493857211,2.2862279925,2.9102461591185163e-46
48.9542796117,2.2862279925,2.7652379759517502e-49
48.9591735023,2.2862279925,1.7010295726725366e-52
48.9640673929,2.2862279925,6.774352308199389e-56
48.9689612835,2.2862279925,1.7466273540345435e-59
48.9738551741,2.2862279925,2.915474850302854e-63
48.9787490647,2.2862279925,3.1506118710488056e-67
48.7389484253,2.2911218831,4.9261225258841456e-24
48.7438423159,2.2911218831,6.906494440179466e-25
48.7487362065,2.2911218831,7.652454068588606e-26
48.7536300971,2.2911218831,7.174201464604971e-27
48.7585239877,2.2911218831,2.659349179175166e-26
48.7634178783,2.2911218831,9.49943185569243e-25
48.7683117689,2.2911218831,2.2810308644330724e-23
48.7732056595,2.2911218831,3.618047724639718e-22
48.7780995501,2.2911218831,3.790666568874552e-21
48.7829934407,2.2911218831,2.6294146888139282e-20
48.7878873313,2.2911218831,1.3415951560593772e-18
48.7927812219,2.2911218831,6.306600761830681e-15
48.7976751125,2.2911218831,8.354004674425335e-12
48.8025690031,2.2911218831,2.84010857986098e-09
48.8074628937,2.2911218831,2.4780401109290197e-07
48.8123567843,2.2911218831,5.549506548473122e-06
48.8172506749,2.2911218831,3.190442700318445e-05
48.8221445655,2.2911218831,4.710055086504952e-05
48.8270384561,2.2911218831,1.7862645998174867e-05
48.8319323467,2.2911218831,1.7408382472001383e-06
48.8368262373,2.2911218831,4.360037353333745e-08
48.8417201279,2.2911218831,2.8050375457823187e-10
48.8466140185,2.2911218831,4.630665458291457e-13
48.8515079091,2.2911218831,1.958839044970872e-16
48.8564017997,2.2911218831,2.2098198632961453e-20
48.8612956903,2.2911218831,2.621341083673437e-21
48.8661895809,2.2911218831,4.9902987444997405e-21
48.8710834715,2.2911218831,6.15181744388995e-21
48.8759773621,2.2911218831,4.909721941970668e-21
48.8808712527,2.2911218831,2.5368040253318083e-21
48.8857651433,2.2911218831,8.485813895851718e-22
48.8906590339,2.2911218831,1.837708615021554e-22
48.8955529245,2.2911218831,2.5765368795399624e-23
48.9004468151,2.2911218831,2.3386898920377603e-24
48.9053407057,2.2911218831,1.374312439824789e-25
48.9102345963,2.2911218831,5.228473126460504e-27
48.9151284869,2.2911218831,1.287777539761222e-28
48.9200223775,2.2911218831,2.053446422358096e-30
48.9249162681,2.2911218831,2.119837004794655e-32
48.9298101587,2.2911218831,1.4167659996990844e-34
48.9347040493,2.2911218831,6.130139338683098e-37
48.9395979399,2.2911218831,1.7171930815025812e-39
48.9444918305,2.2911218831,3.1141854944390154e-42
48.9493857211,2.2911218831,3.656338440982565e-45
48.9542796117,2.2911218831,2.7792323927672914e-48
48.9591735023,2.2911218831,1.3676655291728838e-51
48.9640673929,2.2911218831,4.3572402087960085e-55
48.9689612835,2.2911218831,8.987101939086334e-59
48.9738551741,2.2911218831,1.2000639689814384e-62
48.9787490647,2.2911218831,1.0374464498379695e-66
48.7389484253,2.2960157737,3.10900342880083e-21
48.7438423159,2.2960157737,6.030409637154359e-22
48.7487362065,2.2960157737,9.24338904790217e-23
48.7536300971,2.2960157737,1.1205995873167294e-23
48.7585239877,2.2960157737,1.682858417239344e-24
48.7634178783,2.2960157737,2.5425014916868915e-23
48.7683117689,2.2960157737,6.942190848378359e-22
48.7732056595,2.2960157737,1.2560611786912949e-20
48.7780995501,2.2960157737,1.5011569780121754e-19
48.7829934407,2.2960157737,1.185108583245985e-18
48.7878873313,2.2960157737,7.318380660145505e-18
48.7927812219,2.2960157737,6.559394547553478e-15
48.7976751125,2.2960157737,9.632365851899264e-12
48.8025690031,2.2960157737,3.6420795665476933e-09
48.8074628937,2.2960157737,3.534795422937294e-07
48.8123567843,2.2960157737,8.808386665687862e-06
48.8172506749,2.2960157737,5.6385326770012385e-05
48.8221445655,2.2960157737,9.279004022436233e-05
48.8270384561,2.2960157737,3.92888606502532e-05
48.8319323467,2.2960157737,4.2825038680592586e-06
48.8368262373,2.2960157737,1.201228288657031e-07
48.8417201279,2.2960157737,8.656354612686208e-10
48.8466140185,2.2960157737,1.5982256539900827e-12
48.8515079091,2.2960157737,7.539350392526651e-16
48.8564017997,2.2960157737,5.519185934636359e-19
48.8612956903,2.2960157737,1.0853159889207323e-18
48.8661895809,2.2960157737,1.6532217348785421e-18
48.8710834715,2.2960157737,1.6303606588626717e-18
48.8759773621,2.2960157737,1.0409091627455053e-18
48.8808712527,2.2960157737,4.3024768220705548e-19
48.8857651433,2.2960157737,1.151332623847274e-19
48.8906590339,2.2960157737,1.9946175958071962e-20
48.8955529245,2.2960157737,2.2371496917029785e-21
48.9004468151,2.2960157737,1.6244524618428218e-22
48.9053407057,2.2960157737,7.636520682268525e-24
48.9102345963,2.2960157737,2.3241310966628217e-25
48.9151284869,2.2960157737,4.5793335127504786e-27
48.9200223775,2.2960157737,5.841447672881656e-29
48.9249162681,2.2960157737,4.824088544974672e-31
48.9298101587,2.2960157737,2.5792094658863345e-33
48.9347040493,2.2960157737,8.927595837330554e-36
48.9395979399,2.2960157737,2.0005941363540977e-38
48.9444918305,2.2960157737,2.9024184472131615e-41
48.9493857211,2.2960157737,2.726073891020231e-44
48.9542796117,2.2960157737,1.6576459792284511e-47
48.9591735023,2.2960157737,6.525630953296025e-51
48.9640673929,2.2960157737,1.663143786543459e-54
48.9689612835,2.2960157737,2.7441866642638806e-58
48.9738551741,2.2960157737,2.931393124654432e-62
48.9787490647,2.2960157737,2.027267433796772e-66
48.7389484253,2.3009096643,1.0046751997869506e-18
48.7438423159,2.3009096643,2.696028499251721e-19
48.7487362065,2.3009096643,5.71717664428451e-20
48.7536300971,2.3009096643,9.580842101250721e-21
48.7585239877,2.3009096643,1.2792172249925362e-21
48.7634178783,2.3009096643,6.28633087050481e-22
48.7683117689,2.3009096643,1.550465032516116e-20
48.7732056595,2.3009096643,3.1977659722455706e-19
48.7780995501,2.3009096643,4.359484582269579e-18
48.7829934407,2.3009096643,3.9257540153648455e-17
48.7878873313,2.3009096643,2.345151721958556e-16
48.7927812219,2.3009096643,7.325538134209555e-15
48.7976751125,2.3009096643,1.050230125169687e-11
48.8025690031,2.3009096643,4.416301466761152e-09
48.8074628937,2.3009096643,4.76987935113042e-07
48.8123567843,2.3009096643,1.323915466240545e-05
48.8172506749,2.3009096643,9.45500842451064e-05
48.8221445655,2.3009096643,0.0001740320683049813
48.8270384561,2.3009096643,8.268066295908567e-05
48.8319323467,2.3009096643,1.0141446609848428e-05
48.8368262373,2.3009096643,3.20522281494205e-07
48.8417201279,2.3009096643,2.598792955243522e-09
48.8466140185,2.3009096643,5.3751049562095496e-12
48.8515079091,2.3009096643,2.8709624492844353e-15
48.8564017997,2.3009096643,1.420797838293785e-16
48.8612956903,2.3009096643,2.6672182580959665e-16
48.8661895809,2.3009096643,3.2502011429600626e-16
48.8710834715,2.3009096643,2.564120944848069e-16
48.8759773621,2.3009096643,1.3096140848676977e-16
48.8808712527,2.3009096643,4.330367272758247e-17
48.8857651433,2.3009096643,9.270063093447425e-18
48.8906590339,2.3009096643,1.2847458152278198e-18
48.8955529245,2.3009096643,1.1527318609377245e-19
48.9004468151,2.3009096643,6.696007722095027e-21
48.9053407057,2.3009096643,2.5181416610088e-22
48.9102345963,2.3009096643,6.1308534375114504e-24
48.9151284869,2.3009096643,9.663585057468103e-26
48.9200223775,2.3009096643,9.861254713124364e-28
48.9249162681,2.3009096643,6.514823334123503e-30
48.9298101587,2.3009096643,2.7864398553790465e-32
48.9347040493,2.3009096643,7.715663293153061e-35
48.9395979399,2.3009096643,1.3831631954300697e-37
48.9444918305,2.3009096643,1.6052775980451321e-40
48.9493857211,2.3009096643,1.206155855175678e-43
48.9542796117,2.3009096643,5.867232216717721e-47
48.9591735023,2.3009096643,1.8477350145941135e-50
48.9640673929,2.3009096643,3.7672345788346955e-54
48.9689612835,2.3009096643,4.9725848483860544e-58
48.9738551741,2.3009096643,4.249308914844708e-62
48.9787490647,2.3009096643,2.350882754450357e-66
48.7389484253,2.3058035549,1.662335396089739e-16
48.7438423159,2.3058035549,6.171498579970247e-17
48.7487362065,2.3058035549,1.8105934285238653e-17
48.7536300971,2.3058035549,4.197683957945168e-18
48.7585239877,2.3058035549,7.691853026657955e-19
48.7634178783,2.3058035549,1.18457243290984e-19
48.7683117689,2.3058035549,2.66317858103815e-19
48.7732056595,2.3058035549,5.971216491821328e-18
48.7780995501,2.3058035549,9.284167887283838e-17
48.7829934407,2.3058035549,9.53683411507047e-16
48.7878873313,2.3058035549,6.471724179079554e-15
48.7927812219,2.3058035549,3.4939255925596655e-14
48.7976751125,2.3058035549,1.0908369592513054e-11
48.8025690031,2.3058035549,5.065992970108943e-09
48.8074628937,2.3058035549,6.095419373178117e-07
48.8123567843,2.3058035549,1.888700517197254e-05
48.8172506749,2.3058035549,0.00015110840903898246
48.8221445655,2.3058035549,0.00031308563977784735
48.8270384561,2.3058035549,0.0001682752012455198
48.8319323467,2.3058035549,2.342490583293216e-05
48.8368262373,2.3058035549,8.396508618637741e-07
48.8417201279,2.3058035549,7.680552966652691e-09
48.8466140185,2.3058035549,1.7769842389042726e-11
48.8515079091,2.3058035549,2.1437995068219015e-14
48.8564017997,2.3058035549,2.583515605915548e-14
48.8612956903,2.3058035549,3.889883120944972e-14
48.8661895809,2.3058035549,3.7919617008248485e-14
48.8710834715,2.3058035549,2.393138846357812e-14
48.8759773621,2.3058035549,9.777963555140204e-15
48.8808712527,2.3058035549,2.5864583868903424e-15
48.8857651433,2.3058035549,4.42934124396301e-16
48.8906590339,2.3058035549,4.9107672262336915e-17
48.8955529245,2.3058035549,3.524813317881864e-18
48.9004468151,2.3058035549,1.6379455339800369e-19
48.9053407057,2.3058035549,4.927644349542345e-21
48.9102345963,2.3058035549,9.597449108380137e-23
48.9151284869,2.3058035549,1.2101768588978762e-24
48.9200223775,2.3058035549,9.879123935713591e-27
48.9249162681,2.3058035549,5.221130965175602e-29
48.9298101587,2.3058035549,1.786435349601934e-31
48.9347040493,2.3058035549,3.957187096293545e-34
48.9395979399,2.3058035549,5.674955079378025e-37
48.9444918305,2.3058035549,5.2688378793398475e-40
48.9493857211,2.3058035549,3.1669689592011577e-43
48.9542796117,2.3058035549,1.2323933360389795e-46
48.9591735023,2.3058035549,3.1047843413269807e-50
48.9640673929,2.3058035549,5.063958070925765e-54
48.9689612835,2.3058035549,5.347186433431838e-58
48.9738551741,2.3058035549,3.6554185815037547e-62
48.9787490647,2.3058035549,1.6178023707282647e-66
48.7389484253,2.3106974455,1.4083159971048548e-14
48.7438423159,2.3106974455,7.233446566134377e-15
48.7487362065,2.3106974455,2.9359507623181303e-15
48.7536300971,2.3106974455,9.416957041799616e-16
48.7585239877,2.3106974455,2.3868929209526487e-16
48.7634178783,2.3106974455,4.7883804702959344e-17
48.7683117689,2.3106974455,1.0610872760894807e-17
48.7732056595,2.3106974455,8.268206027976081e-17
48.7780995501,2.3106974455,1.4500283882597382e-15
48.7829934407,2.3106974455,1.6989648694428224e-14
48.7878873313,2.3106974455,1.3149831041361059e-13
48.7927812219,2.3106974455,6.774814976499421e-13
48.7976751125,2.3106974455,1.2821750186495853e-11
48.8025690031,2.3106974455,5.50717191096841e-09
48.8074628937,2.3106974455,7.392300495330068e-07
48.8123567843,2.3106974455,2.5682892837636603e-05
48.8172506749,2.3106974455,0.00023184314946740988
48.8221445655,2.3106974455,0.0005459236651681037
48.8270384561,2.3106974455,0.0003353038077894295
48.8319323467,2.3106974455,5.337334312476215e-05
48.8368262373,2.3106974455,2.175390201241561e-06
48.8417201279,2.3106974455,2.2388901293576687e-08
48.8466140185,2.3106974455,5.8060824002634107e-11
48.8515079091,2.3106974455,1.5388822705283263e-12
48.8564017997,2.3106974455,2.7948824069078104e-12
48.8612956903,2.3106974455,3.36658155632126e-12
48.8661895809,2.3106974455,2.6253802693180984e-12
48.8710834715,2.3106974455,1.3254759677065925e-12
48.8759773621,2.3106974455,4.332395163663826e-13
48.8808712527,2.3106974455,9.167709228044934e-14
48.8857651433,2.3106974455,1.2559436713450963e-14
48.8906590339,2.3106974455,1.1139252717976564e-15
48.8955529245,2.3106974455,6.396148166563772e-17
48.9004468151,2.3106974455,2.3777026280485997e-18
48.9053407057,2.3106974455,5.722332952947879e-20
48.9102345963,2.3106974455,8.91590172506121e-22
48.9151284869,2.3106974455,8.993608651146624e-24
48.9200223775,2.3106974455,5.873260477515621e-26
48.9249162681,2.3106974455,2.483139406540781e-28
48.9298101587,2.3106974455,6.79672198182569e-31
48.9347040493,2.3106974455,1.2044103325706358e-33
48.9395979399,2.3106974455,1.3817389599307384e-36
48.9444918305,2.3106974455,1.0262521912501174e-39
48.9493857211,2.3106974455,4.934677272960775e-43
48.9542796117,2.3106974455,1.536172465203017e-46
48.9591735023,2.3106974455,3.0959772537997826e-50
48.9640673929,2.3106974455,4.0395418296774746e-54
48.9689612835,2.3106974455,3.4122671214060684e-58
48.9738551741,2.3106974455,1.8660810259013168e-62
48.9787490647,2.3106974455,6.606851357900708e-67
48.7389484253,2.3155913361,6.108999113810874e-13
48.7438423159,2.3155913361,4.340986262701924e-13
48.7487362065,2.3155913361,2.437614844258835e-13
48.7536300971,2.3155913361,1.0816832029369186e-13
48.7585239877,2.3155913361,3.793093115813445e-14
48.7634178783,2.3155913361,1.0511602353917816e-14
48.7683117689,2.3155913361,2.3285206743290116e-15
48.7732056595,2.3155913361,1.2189298637453464e-15
48.7780995501,2.3155913361,1.6660000783531508e-14
48.7829934407,2.3155913361,2.2195971109833478e-13
48.7878873313,2.3155913361,1.959615002261846e-12
48.7927812219,2.3155913361,1.1432475124635167e-11
48.7976751125,2.3155913361,5.376052889053454e-11
48.8025690031,2.3155913361,5.779891692818935e-09
48.8074628937,2.3155913361,8.539175751389716e-07
48.8123567843,2.3155913361,3.349052799051075e-05
48.8172506749,2.3155913361,0.0003444284138825054
48.8221445655,2.3155913361,0.0009311954011722469
48.8270384561,2.3155913361,0.0006582021176968583
48.8319323467,2.3155913361,0.00011992025574910689
48.8368262373,2.3155913361,5.528860365701689e-06
48.8417201279,2.3155913361,6.345791864464118e-08
48.8466140185,2.3155913361,2.317540591448637e-10
48.8515079091,2.3155913361,1.206805910375724e-10
48.8564017997,2.3155913361,1.794378927642011e-10
48.8612956903,2.3155913361,1.7290848244458274e-10
48.8661895809,2.3155913361,1.0786860517318513e-10
48.8710834715,2.3155913361,4.35662711928322e-11
48.8759773621,2.3155913361,1.1391535861232399e-11
48.8808712527,2.3155913361,1.928371642396131e-12
48.8857651433,2.3155913361,2.113371053083215e-13
48.8906590339,2.3155913361,1.4994684640381948e-14
48.8955529245,2.3155913361,6.887719965882913e-16
48.9004468151,2.3155913361,2.048284084969314e-17
48.9053407057,2.3155913361,3.943496529957207e-19
48.9102345963,2.3155913361,4.915291730345761e-21
48.9151284869,2.3155913361,3.966374328330107e-23
48.9200223775,2.3155913361,2.0721188506098724e-25
48.9249162681,2.3155913361,7.008291998260964e-28
48.9298101587,2.3155913361,1.5345684973864037e-30
48.9347040493,2.3155913361,2.175389020355608e-33
48.9395979399,2.3155913361,1.9964762560891167e-36
48.9444918305,2.3155913361,1.1862273427834367e-39
48.9493857211,2.3155913361,4.562976948653525e-43
48.9542796117,2.3155913361,1.1363318582762753e-46
48.9591735023,2.3155913361,1.832055619378482e-50
48.9640673929,2.3155913361,1.9122676995039693e-54
48.9689612835,2.3155913361,1.292216517321448e-58
48.9738551741,2.3155913361,5.653253367812166e-63
48.9787490647,2.3155913361,1.6011726966384664e-67
48.7389484253,2.3204852267,1.356839572454673e-11
48.7438423159,2.3204852267,1.3338900558886281e-11
48.7487362065,2.3204852267,1.0362627654082377e-11
48.7536300971,2.3204852267,6.361771661912261e-12
48.7585239877,2.3204852267,3.086345857813913e-12
48.7634178783,2.3204852267,1.1832339424106099e-12
48.7683117689,2.3204852267,3.5864269908632425e-13
48.7732056595,2.3204852267,9.186294260438048e-14
48.7780995501,2.3204852267,1.5569843408850133e-13
48.7829934407,2.3204852267,2.1288006058626247e-12
48.7878873313,2.3204852267,2.1415455762759042e-11
48.7927812219,2.3204852267,1.4246623786091184e-10
48.7976751125,2.3204852267,6.345233208315148e-10
48.8025690031,2.3204852267,7.367957858165133e-09
48.8074628937,2.3204852267,9.464299748089755e-07
48.8123567843,2.3204852267,4.212895786108028e-05
48.8172506749,2.3204852267,0.0004980753842929649
48.8221445655,2.3204852267,0.0015546180897696579
48.8270384561,2.3204852267,0.0012627286223282493
48.8319323467,2.3204852267,0.00026114846766902834
48.8368262373,2.3204852267,1.3457974557146832e-05
48.8417201279,2.3204852267,1.7121750092414974e-07
48.8466140185,2.3204852267,3.6456722823656775e-09
48.8515079091,2.3204852267,5.7420803670595366e-09
48.8564017997,2.3204852267,6.836599916191038e-09
48.8612956903,2.3204852267,5.270089975342448e-09
48.8661895809,2.3204852267,2.6301013255038467e-09
48.8710834715,2.3204852267,8.497741081441589e-10
48.8759773621,2.3204852267,1.7775059870114877e-10
48.8808712527,2.3204852267,2.407105989750939e-11
48.8857651433,2.3204852267,2.1103569476930447e-12
48.8906590339,2.3204852267,1.197824486629478e-13
48.8955529245,2.3204852267,4.4015639792650685e-15
48.9004468151,2.3204852267,1.0471223142423815e-16
48.9053407057,2.3204852267,1.6127400593364918e-18
48.9102345963,2.3204852267,1.60808091000997e-20
48.9151284869,2.3204852267,1.0380732085548654e-22
48.9200223775,2.3204852267,4.338350461352386e-25
48.9249162681,2.3204852267,1.1738101097681156e-27
48.9298101587,2.3204852267,2.0561160470228892e-30
48.9347040493,2.3204852267,2.3317069275242368e-33
48.9395979399,2.3204852267,1.7118939890151753e-36
48.9444918305,2.3204852267,8.136850459727393e-40
48.9493857211,2.3204852267,2.5038733953277245e-43
48.9542796117,2.3204852267,4.988212660234017e-47
48.9591735023,2.3204852267,6.433600929243152e-51
48.9640673929,2.3204852267,5.372047452605282e-55
48.9689612835,2.3204852267,2.9040368675103523e-59
48.9738551741,2.3204852267,1.0163445774684178e-63
48.9787490647,2.3204852267,2.3028008803969016e-68
48.7389484253,2.3253791173,1.5430337674704585e-10
48.7438423159,2.3253791173,2.0986506391622973e-10
48.7487362065,2.3253791173,2.2556057380398283e-10
48.7536300971,2.3253791173,1.915775251422023e-10
48.7585239877,2.3253791173,1.2858320663092e-10
48.7634178783,2.3253791173,6.81996829937811e-11
48.7683117689,2.3253791173,2.8585845735363588e-11
48.7732056595,2.3253791173,9.500512639758838e-12
48.7780995501,2.3253791173,3.3370703033189485e-12
48.7829934407,2.3253791173,1.545134200137765e-11
48.7878873313,2.3253791173,1.717049619257275e-10
48.7927812219,2.3253791173,1.30235541926497e-09
48.7976751125,2.3253791173,6.535025652656954e-09
48.8025690031,2.3253791173,2.6795080983795494e-08
48.8074628937,2.3253791173,1.0464652481947219e-06
48.8123567843,2.3253791173,5.126218352837932e-05
48.8172506749,2.3253791173,0.0006984273825584298
48.8221445655,2.3253791173,0.002507232922389202
48.8270384561,2.3253791173,0.0023149512972693263
48.8319323467,2.3253791173,0.0005357577289205409
48.8368262373,2.3253791173,3.0455625908660885e-05
48.8417201279,2.3253791173,4.6805729321550884e-07
48.8466140185,2.3253791173,1.1170148709713535e-07
48.8515079091,2.3253791173,1.6228108697794495e-07
48.8564017997,2.3253791173,1.5457554954837323e-07
48.8612956903,2.3253791173,9.532226046067338e-08
48.8661895809,2.3253791173,3.805611655405922e-08
48.8710834715,2.3253791173,9.836286489384594e-09
48.8759773621,2.3253791173,1.6459416456660638e-09
48.8808712527,2.3253791173,1.783094095741506e-10
48.8857651433,2.3253791173,1.2505776233380985e-11
48.8906590339,2.3253791173,5.678368969263539e-13
48.8955529245,2.3253791173,1.669218261897663e-14
48.9004468151,2.3253791173,3.1767219925959906e-16
48.9053407057,2.3253791173,3.9140093202514454e-18
48.9102345963,2.3253791173,3.122058704132494e-20
48.9151284869,2.3253791173,1.6122665280264797e-22
48.9200223775,2.3253791173,5.390253301346538e-25
48.9249162681,2.3253791173,1.1666969815223501e-27
48.9298101587,2.3253791173,1.6348711792832137e-30
48.9347040493,2.3253791173,1.483151669511104e-33
48.9395979399,2.3253791173,8.71092261534598e-37
48.9444918305,2.3253791173,3.312221026995049e-40
48.9493857211,2.3253791173,8.153630521052439e-44
48.9542796117,2.3253791173,1.2994492087002583e-47
48.9591735023,2.3253791173,1.3407387264063356e-51
48.9640673929,2.3253791173,8.95582424946935e-56
48.9689612835,2.3253791173,3.8729646614769926e-60
48.9738551741,2.3253791173,1.0843215019631318e-64
48.9787490647,2.3253791173,1.9653919322153337e-69
48.7389484253,2.3302730079,8.984850362700832e-10
48.7438423159,2.3302730079,1.6906306979647078e-09
48.7487362065,2.3302730079,2.5138825161190357e-09
48.7536300971,2.3302730079,2.953925443177838e-09
48.7585239877,2.3302730079,2.742915361763346e-09
48.7634178783,2.3302730079,2.012721185152219e-09
48.7683117689,2.3302730079,1.1671164578153258e-09
48.7732056595,2.3302730079,5.349409677642802e-10
48.7780995501,2.3302730079,1.9754255352097548e-10
48.7829934407,2.3302730079,1.3238224803662789e-10
48.7878873313,2.3302730079,1.0211312039153787e-09
48.7927812219,2.3302730079,8.732899728774765e-09
48.7976751125,2.3302730079,4.992574901056013e-08
48.8025690031,2.3302730079,1.9315234438221648e-07
48.8074628937,2.3302730079,1.4853330977376821e-06
48.8123567843,2.3302730079,6.051176520187402e-05
48.8172506749,2.3302730079,0.0009361740022029792
48.8221445655,2.3302730079,0.003816084821611584
48.8270384561,2.3302730079,0.0039431640214847114
48.8319323467,2.3302730079,0.0010065485948756512
48.8368262373,2.3302730079,6.282146914017895e-05
48.8417201279,2.3302730079,2.2045133026338356e-06
48.8466140185,2.3302730079,2.3161007855676e-06
48.8515079091,2.3302730079,2.7218608537150393e-06
48.8564017997,2.3302730079,2.0740348893321125e-06
48.8612956903,2.3302730079,1.0231639030345607e-06
48.8661895809,2.3302730079,3.267766590924291e-07
48.8710834715,2.3302730079,6.756681005674726e-08
48.8759773621,2.3302730079,9.04466251923653e-09
48.8808712527,2.3302730079,7.83840829196831e-10
48.8857651433,2.3302730079,4.397845415561514e-11
48.8906590339,2.3302730079,1.597454884710771e-12
48.8955529245,2.3302730079,3.756590077649321e-14
48.9004468151,2.3302730079,5.719203844706388e-16
48.9053407057,2.3302730079,5.637076239059179e-18
48.9102345963,2.3302730079,3.5970692973642416e-20
48.9151284869,2.3302730079,1.4860049776027998e-22
48.9200223775,2.3302730079,3.974369920987723e-25
48.9249162681,2.3302730079,6.881654648424185e-28
48.9298101587,2.3302730079,7.7142555972872095e-31
48.9347040493,2.3302730079,5.598500716261873e-34
48.9395979399,2.3302730079,2.6304255571850857e-37
48.9444918305,2.3302730079,8.00123187480326e-41
48.9493857211,2.3302730079,1.5756663520666163e-44
48.9542796117,2.3302730079,2.0088533281921608e-48
48.9591735023,2.3302730079,1.6580925213906064e-52
48.9640673929,2.3302730079,8.860247542240942e-57
48.9689612835,2.3302730079,3.065204922195754e-61
48.9738551741,2.3302730079,6.865145348316351e-66
48.9787490647,2.3302730079,9.954432872962614e-71
48.7389484253,2.3351668985000003,2.6787658675143647e-09
48.7438423159,2.3351668985000003,6.9734203160791055e-09
48.7487362065,2.3351668985000003,1.434548559937964e-08
48.7536300971,2.3351668985000003,2.3320775602408838e-08
48.7585239877,2.3351668985000003,2.995911992489869e-08
48.7634178783,2.3351668985000003,3.0413992825183416e-08
48.7683117689,2.3351668985000003,2.439923882581534e-08
48.7732056595,2.3351668985000003,1.5468482663799827e-08
48.7780995501,2.3351668985000003,7.762042803851238e-09
48.7829934407,2.3351668985000003,3.358628135297771e-09
48.7878873313,2.3351668985000003,5.306529441041892e-09
48.7927812219,2.3351668985000003,4.315803815467187e-08
48.7976751125,2.3351668985000003,2.799923867418795e-07
48.8025690031,2.3351668985000003,1.2099740829685412e-06
48.8074628937,2.3351668985000003,4.413873154936834e-06
48.8123567843,2.3351668985000003,7.243954851859823e-05
48.8172506749,2.3351668985000003,0.0011792908499842654
48.8221445655,2.3351668985000003,0.005350345286813123
48.8270384561,2.3351668985000003,0.006093026462393868
48.8319323467,2.3351668985000003,0.001698466075392205
48.8368262373,2.3351668985000003,0.00012279373150042778
48.8417201279,2.3351668985000003,2.1661207822652877e-05
48.8466140185,2.3351668985000003,2.8784972697592266e-05
48.8515079091,2.3351668985000003,2.709210298202914e-05
48.8564017997,2.3351668985000003,1.651452517722253e-05
48.8612956903,2.3351668985000003,6.5173444909090405e-06
48.8661895809,2.3351668985000003,1.6651453961191512e-06
48.8710834715,2.3351668985000003,2.754293601397216e-07
48.8759773621,2.3351668985000003,2.9494760288383703e-08
48.8808712527,2.3351668985000003,2.04482465214468e-09
48.8857651433,2.3351668985000003,9.177910901587278e-11
48.8906590339,2.3351668985000003,2.6669088085534317e-12
48.8955529245,2.3351668985000003,5.017057262396032e-14
48.9004468151,2.3351668985000003,6.110355997133913e-16
48.9053407057,2.3351668985000003,4.817930520308891e-18
48.9102345963,2.3351668985000003,2.4594110244599196e-20
48.9151284869,2.3351668985000003,8.127898316240247e-23
48.9200223775,2.3351668985000003,1.7390095684228241e-25
48.9249162681,2.3351668985000003,2.4088083335229796e-28
48.9298101587,2.3351668985000003,2.1601259884831195e-31
48.9347040493,2.3351668985000003,1.2541009084549106e-34
48.9395979399,2.3351668985000003,4.713705511397738e-38
48.9444918305,2.3351668985000003,1.1470146744058358e-41
48.9493857211,2.3351668985000003,1.806974672342879e-45
48.9542796117,2.3351668985000003,1.8429422224103807e-49
48.9591735023,2.3351668985000003,1.2168805181473874e-53
48.9640673929,2.3351668985000003,5.201884679141045e-58
48.9689612835,2.3351668985000003,1.4396272726359852e-62
48.9738551741,2.3351668985000003,2.579383838412884e-67
48.9787490647,2.3351668985000003,2.991978351344932e-72
48.7389484253,2.3400607891000003,4.089282878297259e-09
48.7438423159,2.3400607891000003,1.4727581150393573e-08
48.7487362065,2.3400607891000003,4.1915439066354086e-08
48.7536300971,2.3400607891000003,9.427031108249339e-08
48.7585239877,2.3400607891000003,1.675460469890787e-07
48.7634178783,2.3400607891000003,2.353161620868446e-07
48.7683117689,2.3400607891000003,2.611726372366385e-07
48.7732056595,2.3400607891000003,2.29067452840955e-07
48.7780995501,2.3400607891000003,1.5879607927093266e-07
48.7829934407,2.3400607891000003,8.776277000371165e-08
48.7878873313,2.3400607891000003,5.137451490611898e-08
48.7927812219,2.3400607891000003,1.67607202212183e-07
48.7976751125,2.3400607891000003,1.154708901928652e-06
48.8025690031,2.3400607891000003,5.66150943519149e-06
48.8074628937,2.3400607891000003,1.925982040002512e-05
48.8123567843,2.3400607891000003,0.00010719988448130603
48.8172506749,2.3400607891000003,0.0013996424808015045
48.8221445655,2.3400607891000003,0.006809021558040148
48.8270384561,2.3400607891000003,0.00843223155063445
48.8319323467,2.3400607891000003,0.0025783077105428803
48.8368262373,2.3400607891000003,0.00028828704307764884
48.8417201279,2.3400607891000003,0.0001864209750601036
48.8466140185,2.3400607891000003,0.00021253861700024844
48.8515079091,2.3400607891000003,0.00016003009999139193
48.8564017997,2.3400607891000003,7.803540338198959e-05
48.8612956903,2.3400607891000003,2.4636036585950618e-05
48.8661895809,2.3400607891000003,5.03532932592415e-06
48.8710834715,2.3400607891000003,6.66287435676131e-07
48.8759773621,2.3400607891000003,5.707842047165167e-08
48.8808712527,2.3400607891000003,3.165620387831748e-09
48.8857651433,2.3400607891000003,1.1366383001412866e-10
48.8906590339,2.3400607891000003,2.6421793934649945e-12
48.8955529245,2.3400607891000003,3.976297589556502e-14
48.9004468151,2.3400607891000003,3.874110664490539e-16
48.9053407057,2.3400607891000003,2.443665334985039e-18
48.9102345963,2.3400607891000003,9.979022401159162e-21
48.9151284869,2.3400607891000003,2.6382189197808394e-23
48.9200223775,2.3400607891000003,4.515545545118974e-26
48.9249162681,2.3400607891000003,5.003641514475346e-29
48.9298101587,2.3400607891000003,3.589539285284041e-32
48.9347040493,2.3400607891000003,1.6671235942168603e-35
48.9395979399,2.3400607891000003,5.012720025413255e-39
48.9444918305,2.3400607891000003,9.757884269996912e-43
48.9493857211,2.3400607891000003,1.2297432314259883e-46
48.9542796117,2.3400607891000003,1.003343825157984e-50
48.9591735023,2.3400607891000003,5.29982692522831e-55
48.9640673929,2.3400607891000003,1.8123837337919302e-59
48.9689612835,2.3400607891000003,4.012501315314877e-64
48.9738551741,2.3400607891000003,5.75117765680609e-69
48.9787490647,2.3400607891000003,5.3367264531165374e-74
48.7389484253,2.3449546797000003,3.1963037277091718e-09
48.7438423159,2.3449546797000003,1.5925955421447105e-08
48.7487362065,2.3449546797000003,6.270775823619439e-08
48.7536300971,2.3449546797000003,1.9511712130476796e-07
48.7585239877,2.3449546797000003,4.797641688718188e-07
48.7634178783,2.3449546797000003,9.322203184458057e-07
48.7683117689,2.3449546797000003,1.4314218751192665e-06
48.7732056595,2.3449546797000003,1.7369021827298969e-06
48.7780995501,2.3449546797000003,1.6655407889678778e-06
48.7829934407,2.3449546797000003,1.2636527392336598e-06
48.7878873313,2.3449546797000003,7.875346638832857e-07
48.7927812219,2.3449546797000003,7.66667550996381e-07
48.7976751125,2.3449546797000003,3.6055039108614025e-06
48.8025690031,2.3449546797000003,1.9504674628162546e-05
48.8074628937,2.3449546797000003,7.284232144521572e-05
48.8123567843,2.3449546797000003,0.00024030658079244335
48.8172506749,2.3449546797000003,0.0016795417900149143
48.8221445655,2.3449546797000003,0.007948061612782612
48.8270384561,2.3449546797000003,0.010557587679940559
48.8319323467,2.3449546797000003,0.003747168651717019
48.8368262373,2.3449546797000003,0.0009873177403142597
48.8417201279,2.3449546797000003,0.0010113457131851334
48.8466140185,2.3449546797000003,0.0009317655175007861
48.8515079091,2.3449546797000003,0.0005610048184629728
48.8564017997,2.3449546797000003,0.0002188253059557252
48.8612956903,2.3449546797000003,5.52645411903306e-05
48.8661895809,2.3449546797000003,9.036044058087163e-06
48.8710834715,2.3449546797000003,9.5650581409764e-07
48.8759773621,2.3449546797000003,6.555013613187192e-08
48.8808712527,2.3449546797000003,2.908279675877233e-09
48.8857651433,2.3449546797000003,8.353631353785616e-11
48.8906590339,2.3449546797000003,1.5534275664730914e-12
48.8955529245,2.3449546797000003,1.870179418042573e-14
48.9004468151,2.3449546797000003,1.457646124004061e-16
48.9053407057,2.3449546797000003,7.35525094855778e-19
48.9102345963,2.3449546797000003,2.402810111168678e-21
48.9151284869,2.3449546797000003,5.0818046990337815e-24
48.9200223775,2.3449546797000003,6.958138254666261e-27
48.9249162681,2.3449546797000003,6.168004763967318e-30
48.9298101587,2.3449546797000003,3.539752611255529e-33
48.9347040493,2.3449546797000003,1.3151572538324383e-36
48.9395979399,2.3449546797000003,3.163435777962604e-40
48.9444918305,2.3449546797000003,4.92625539051833e-44
48.9493857211,2.3449546797000003,4.966510839100693e-48
48.9542796117,2.3449546797000003,3.2416223328377997e-52
48.9591735023,2.3449546797000003,1.3697774342765435e-56
48.9640673929,2.3449546797000003,3.7472628932478175e-61
48.9689612835,2.3449546797000003,6.636741179500503e-66
48.9738551741,2.3449546797000003,7.609781089410955e-71
48.9787490647,2.3449546797000003,5.648927611139802e-76
48.7389484253,2.3498485703,1.2791969581823442e-09
48.7438423159,2.3498485703,8.817958623762022e-09
48.7487362065,2.3498485703,4.8034914320578054e-08
48.7536300971,2.3498485703,2.0677798989237895e-07
48.7585239877,2.3498485703,7.03412243110817e-07
48.7634178783,2.3498485703,1.890923077131547e-06
48.7683117689,2.3498485703,4.0169472445982605e-06
48.7732056595,2.3498485703,6.743367168514008e-06
48.7780995501,2.3498485703,8.945799371632025e-06
48.7829934407,2.3498485703,9.380495764825383e-06
48.7878873313,2.3498485703,7.823171341923581e-06
48.7927812219,2.3498485703,5.87915598766937e-06
48.7976751125,2.3498485703,1.0309240629171276e-05
48.8025690031,2.3498485703,5.0180706791390975e-05
48.8074628937,2.3498485703,0.000208456230735092
48.8123567843,2.3498485703,0.0006354373016182793
48.8172506749,2.3498485703,0.0023840530396833015
48.8221445655,2.3498485703,0.009112758831976162
48.8270384561,2.3498485703,0.012754102830569701
48.8319323467,2.3498485703,0.006055292899047571
48.8368262373,2.3498485703,0.003353557370042225
48.8417201279,2.3498485703,0.0033030222525480967
48.8466140185,2.3498485703,0.002427563626738794
48.8515079091,2.3498485703,0.0011675260451978766
48.8564017997,2.3498485703,0.0003641815769475709
48.8612956903,2.3498485703,7.357098019950136e-05
48.8661895809,2.3498485703,9.622893548203086e-06
48.8710834715,2.3498485703,8.148707460341279e-07
48.8759773621,2.3498485703,4.467349728827331e-08
48.8808712527,2.3498485703,1.5855798041011362e-09
48.8857651433,2.3498485703,3.6433668705010335e-11
48.8906590339,2.3498485703,5.419937610826673e-13
48.8955529245,2.3498485703,5.219900660120292e-15
48.9004468151,2.3498485703,3.2546684452211665e-17
48.9053407057,2.3498485703,1.3137956891152478e-19
48.9102345963,2.3498485703,3.433408478692582e-22
48.9151284869,2.3498485703,5.808977330319345e-25
48.9200223775,2.3498485703,6.362831926429473e-28
48.9249162681,2.3498485703,4.512090325465981e-31
48.9298101587,2.3498485703,2.071484471386633e-34
48.9347040493,2.3498485703,6.156900605606604e-38
48.9395979399,2.3498485703,1.184729402046607e-41
48.9444918305,2.3498485703,1.475885800358288e-45
48.9493857211,2.3498485703,1.1903177383686882e-49
48.9542796117,2.3498485703,6.215121460623682e-54
48.9591735023,2.3498485703,2.100936366888087e-58
48.9640673929,2.3498485703,4.5978282102412915e-63
48.9689612835,2.3498485703,6.514320864170868e-68
48.9738551741,2.3498485703,5.975333025574434e-73
48.9787490647,2.3498485703,3.5483924585116465e-78
48.7389484253,2.3547424609,2.6212912894123684e-10
48.7438423159,2.3547424609,2.4998796841594943e-09
48.7487362065,2.3547424609,1.8840015470279836e-08
48.7536300971,2.3547424609,1.1220229188279943e-07
48.7585239877,2.3547424609,5.280566620544008e-07
48.7634178783,2.3547424609,1.9638922183049855e-06
48.7683117689,2.3547424609,5.77182425023356e-06
48.7732056595,2.3547424609,1.3405002818864557e-05
48.7780995501,2.3547424609,2.4602554171287736e-05
48.7829934407,2.3547424609,3.568468135607165e-05
48.7878873313,2.3547424609,4.096318981798065e-05
48.7927812219,2.3547424609,3.816709710000451e-05
48.7976751125,2.3547424609,3.896390768842431e-05
48.8025690031,2.3547424609,0.00010588714070780859
48.8074628937,2.3547424609,0.00044598143084203633
48.8123567843,2.3547424609,0.001452931577159772
48.8172506749,2.3547424609,0.0041406460349001535
48.8221445655,2.3547424609,0.01165523241589001
48.8270384561,2.3547424609,0.01677800897162658
48.8319323467,2.3547424609,0.01119684270183145
48.8368262373,2.3547424609,0.008106065381491273
48.8417201279,2.3547424609,0.00651906952610124
48.8466140185,2.3547424609,0.00377708870277949
48.8515079091,2.3547424609,0.0014452021557495472
48.8564017997,2.3547424609,0.00035995915874680924
48.8612956903,2.3547424609,5.813745957811692e-05
48.8661895809,2.3547424609,6.081997123883735e-06
48.8710834715,2.3547424609,4.119812177440046e-07
48.8759773621,2.3547424609,1.8067800886787743e-08
48.8808712527,2.3547424609,5.12998543388463e-10
48.8857651433,2.3547424609,9.429867805359896e-12
48.8906590339,2.3547424609,1.122205326888748e-13
48.8955529245,2.3547424609,8.646012155439471e-16
48.9004468151,2.3547424609,4.312568442568991e-18
48.9053407057,2.3547424609,1.3926203938651534e-20
48.9102345963,2.3547424609,2.911428134564525e-23
48.9151284869,2.3547424609,3.9405420416065033e-26
48.9200223775,2.3547424609,3.45288744013279e-29
48.9249162681,2.3547424609,1.9587790073067775e-32
48.9298101587,2.3547424609,7.193910401998768e-36
48.9347040493,2.3547424609,1.7104924898929808e-39
48.9395979399,2.3547424609,2.6330183300489935e-43
48.9444918305,2.3547424609,2.623995928880935e-47
48.9493857211,2.3547424609,1.6929689585342156e-51
48.9542796117,2.3547424609,7.071497627630211e-56
48.9591735023,2.3547424609,1.9122752483821798e-60
48.9640673929,2.3547424609,3.347853694659298e-65
48.9689612835,2.3547424609,3.794614498251607e-70
48.9738551741,2.3547424609,2.785630692615866e-75
48.9787490647,2.3547424609,1.3376287864020733e-80
48.7389484253,2.3596363515,2.7503099514557824e-11
48.7438423159,2.3596363515,3.6287633555332877e-10
48.7487362065,2.3596363515,3.783502099850428e-09
48.7536300971,2.3596363515,3.117364866648273e-08
48.7585239877,2.3596363515,2.0297363000228197e-07
48.7634178783,2.3596363515,1.0443592702582283e-06
48.7683117689,2.3596363515,4.246377101359309e-06
48.7732056595,2.3596363515,1.3644120286320789e-05
48.7780995501,2.3596363515,3.464426970231269e-05
48.7829934407,2.3596363515,6.951647549252238e-05
48.7878873313,2.3596363515,0.00011028569353976557
48.7927812219,2.3596363515,0.00013928969989143473
48.7976751125,2.3596363515,0.00015158550546869737
48.8025690031,2.3596363515,0.0002306643164923453
48.8074628937,2.3596363515,0.0007503512208804281
48.8123567843,2.3596363515,0.0025877851088721747
48.8172506749,2.3596363515,0.007173241723745429
48.8221445655,2.3596363515,0.016883208065306136
48.8270384561,2.3596363515,0.024390103808337654
48.8319323467,2.3596363515,0.01939341492299539
48.8368262373,2.3596363515,0.013256049495387336
48.8417201279,2.3596363515,0.008119250283299921
48.8466140185,2.3596363515,0.0036058134523750097
48.8515079091,2.3596363515,0.0010795445800334097
48.8564017997,2.3596363515,0.0002128507183053206
48.8612956903,2.3596363515,2.7368410890819425e-05
48.8661895809,2.3596363515,2.2853521624142326e-06
48.8710834715,2.3596363515,1.2371384925852396e-07
48.8759773621,2.3596363515,4.338276091319165e-09
48.8808712527,2.3596363515,9.85161899016215e-11
48.8857651433,2.3596363515,1.4485282243193092e-12
48.8906590339,2.3596363515,1.378945739236255e-14
48.8955529245,2.3596363515,8.498757554817207e-17
48.9004468151,2.3596363515,3.391140599041936e-19
48.9053407057,2.3596363515,8.760228377412752e-22
48.9102345963,2.3596363515,1.4650855321085756e-24
48.9151284869,2.3596363515,1.5863089963790084e-27
48.9200223775,2.3596363515,1.1119609343031617e-30
48.9249162681,2.3596363515,5.046242298193202e-34
48.9298101587,2.3596363515,1.4825993793679805e-37
48.9347040493,2.3596363515,2.8200695541894415e-41
48.9395979399,2.3596363515,3.4730118617453516e-45
48.9444918305,2.3596363515,2.7714415619674914e-49
48.9493857211,2.3596363515,1.448485437744807e-53
48.9542796117,2.3596363515,5.810684307548801e-58
48.9591735023,2.3596363515,5.368904943021965e-62
48.9640673929,2.3596363515,1.4486024455687014e-65
48.9689612835,2.3596363515,3.7497500866265173e-69
48.9738551741,2.3596363515,7.742353314551271e-73
48.9787490647,2.3596363515,1.2637040533288702e-76
48.7389484253,2.3645302421,1.4775306058954437e-12
48.7438423159,2.3645302421,2.697035586795875e-11
48.7487362065,2.3645302421,3.8904083902729485e-10
48.7536300971,2.3645302421,4.434677419547137e-09
48.7585239877,2.3645302421,3.994727883324516e-08
48.7634178783,2.3645302421,2.8436143194124587e-07
48.7683117689,2.3645302421,1.5996041046173025e-06
48.7732056595,2.3645302421,7.110705156600523e-06
48.7780995501,2.3645302421,2.497879910245118e-05
48.7829934407,2.3645302421,6.934190558567941e-05
48.7878873313,2.3645302421,0.00015215322554794125
48.7927812219,2.3645302421,0.00026459359225028016
48.7976751125,2.3645302421,0.00037424028077248585
48.8025690031,2.3645302421,0.0005153864544648473
48.8074628937,2.3645302421,0.0011248189683975938
48.8123567843,2.3645302421,0.0036012771115358252
48.8172506749,2.3645302421,0.010314493005355644
48.8221445655,2.3645302421,0.023206796858878505
48.8270384561,2.3645302421,0.03349912438057753
48.8319323467,2.3645302421,0.027710880242635374
48.8368262373,2.3645302421,0.016432185504321205
48.8417201279,2.3645302421,0.007541333796315367
48.8466140185,2.3645302421,0.0024614426010751743
48.8515079091,2.3645302421,0.0005491435010560722
48.8564017997,2.3645302421,8.225152099971102e-05
48.8612956903,2.3645302421,8.167326225604395e-06
48.8661895809,2.3645302421,5.32992512363072e-07
48.8710834715,2.3645302421,2.2731167494976683e-08
48.8759773621,2.3645302421,6.313157766947309e-10
48.8808712527,2.3645302421,1.1393195168622787e-11
48.8857651433,2.3645302421,1.334233460407793e-13
48.8906590339,2.3645302421,1.013076386522069e-15
48.8955529245,2.3645302421,4.984835120556996e-18
48.9004468151,2.3645302421,1.5889862131472107e-20
48.9053407057,2.3645302421,3.2808500061690485e-23
48.9102345963,2.3645302421,4.388744140080824e-26
48.9151284869,2.3645302421,3.811472917200154e-29
48.9200223775,2.3645302421,2.1841087702276187e-32
48.9249162681,2.3645302421,9.403140227936228e-36
48.9298101587,2.3645302421,5.8064476074111157e-39
48.9347040493,2.3645302421,7.775750294419779e-42
48.9395979399,2.3645302421,1.1162987717576076e-44
48.9444918305,2.3645302421,1.3068329040316996e-47
48.9493857211,2.3645302421,1.211615502552552e-50
48.9542796117,2.3645302421,8.878109918313662e-54
48.9591735023,2.3645302421,5.140873548366988e-57
48.9640673929,2.3645302421,2.3524030758891415e-60
48.9689612835,2.3645302421,8.506382029774536e-64
48.9738551741,2.3645302421,2.4307279419011608e-67
48.9787490647,2.3645302421,5.488910487290797e-71
48.7389484253,2.3694241327,4.064244444712845e-14
48.7438423159,2.3694241327,1.0263682197166334e-12
48.7487362065,2.3694241327,2.0482591169624008e-11
48.7536300971,2.3694241327,3.230166599597934e-10
48.7585239877,2.3694241327,4.02553190228838e-09
48.7634178783,2.3694241327,3.964422647980805e-08
48.7683117689,2.3694241327,3.0852826038758265e-07
48.7732056595,2.3694241327,1.8974410868215728e-06
48.7780995501,2.3694241327,9.221474650045256e-06
48.7829934407,2.3694241327,3.541576279910057e-05
48.7878873313,2.3694241327,0.00010750323661733787
48.7927812219,2.3694241327,0.0002582929660762104
48.7976751125,2.3694241327,0.0004970855242866803
48.8025690031,2.3694241327,0.0008253246992585226
48.8074628937,2.3694241327,0.0015471115138770823
48.8123567843,2.3694241327,0.0041088745874101945
48.8172506749,2.3694241327,0.011528027397972934
48.8221445655,2.3694241327,0.026012610226951876
48.8270384561,2.3694241327,0.03845257499380004
48.8319323467,2.3694241327,0.0330603003550582
48.8368262373,2.3694241327,0.01877960285626835
48.8417201279,2.3694241327,0.00753090204147856
48.8466140185,2.3694241327,0.002037668610995757
48.8515079091,2.3694241327,0.0003645183585874295
48.8564017997,2.3694241327,4.296325224807008e-05
48.8612956903,2.3694241327,3.3310469939989064e-06
48.8661895809,2.3694241327,1.6966510218893478e-07
48.8710834715,2.3694241327,5.671181082556993e-09
48.8759773621,2.3694241327,1.243218722053816e-10
48.8808712527,2.3694241327,1.7877561848999125e-12
48.8857651433,2.3694241327,1.6910268217904107e-14
48.8906590339,2.3694241327,1.0658146041869544e-16
48.8955529245,2.3694241327,4.750068195840291e-19
48.9004468151,2.3694241327,1.8976441521696487e-21
48.9053407057,2.3694241327,1.0426096277691117e-23
48.9102345963,2.3694241327,7.403435443213235e-26
48.9151284869,2.3694241327,4.806606135101782e-28
48.9200223775,2.3694241327,2.5242205817429e-30
48.9249162681,2.3694241327,1.0504645762986409e-32
48.9298101587,2.3694241327,3.4555012172702783e-35
48.9347040493,2.3694241327,8.982731880891553e-38
48.9395979399,2.3694241327,1.8452906393297796e-40
48.9444918305,2.3694241327,2.9955700557204898e-43
48.9493857211,2.3694241327,3.842841829035205e-46
48.9542796117,2.3694241327,3.8956852690552104e-49
48.9591735023,2.3694241327,3.1208546474358337e-52
48.9640673929,2.3694241327,1.975702484677017e-55
48.9689612835,2.3694241327,9.883889355556037e-59
48.9738551741,2.3694241327,3.907441900318869e-62
48.9787490647,2.3694241327,1.220718449662724e-65
48.7389484253,2.3743180233,5.724158430222004e-16
48.7438423159,2.3743180233,1.9998996527397932e-14
48.7487362065,2.3743180233,5.521576449732509e-13
48.7536300971,2.3743180233,1.2046927573210514e-11
48.7585239877,2.3743180233,2.0770542225164117e-10
48.7634178783,2.3743180233,2.8299430390879396e-09
48.7683117689,2.3743180233,3.0469538882884026e-08
48.7732056595,2.3743180233,2.5924622334409406e-07
48.7780995501,2.3743180233,1.7430825334646992e-06
48.7829934407,2.3743180233,9.261670413434074e-06
48.7878873313,2.3743180233,3.8894980413357145e-05
48.7927812219,2.3743180233,0.0001292604716851351
48.7976751125,2.3743180233,0.0003426774915512531
48.8025690031,2.3743180233,0.0007548217287009731
48.8074628937,2.3743180233,0.0015854558849253753
48.8123567843,2.3743180233,0.003837927949418293
48.8172506749,2.3743180233,0.010072047313185756
48.8221445655,2.3743180233,0.022928183538161735
48.8270384561,2.3743180233,0.03592314643789724
48.8319323467,2.3743180233,0.03372155924303586
48.8368262373,2.3743180233,0.020874330766449418
48.8417201279,2.3743180233,0.00904356854841434
48.8466140185,2.3743180233,0.00264201511363853
48.8515079091,2.3743180233,0.0005116486237181927
48.8564017997,2.3743180233,6.557948340003948e-05
48.8612956903,2.3743180233,5.566782029461397e-06
48.8661895809,2.3743180233,3.1355986000976256e-07
48.8710834715,2.3743180233,1.178609361552967e-08
48.8759773621,2.3743180233,3.009700094065225e-10
48.8808712527,2.3743180233,5.53621778631024e-12
48.8857651433,2.3743180233,8.657446235259457e-14
48.8906590339,2.3743180233,1.4838418000124523e-15
48.8955529245,2.3743180233,2.859598346521269e-17
48.9004468151,2.3743180233,5.09468613295742e-19
48.9053407057,2.3743180233,7.461059932611506e-21
48.9102345963,2.3743180233,8.696855623131673e-23
48.9151284869,2.3743180233,8.019348974674825e-25
48.9200223775,2.3743180233,5.844257980481408e-27
48.9249162681,2.3743180233,3.3657625628778197e-29
48.9298101587,2.3743180233,1.5317798584202097e-31
48.9347040493,2.3743180233,5.508934267477029e-34
48.9395979399,2.3743180233,1.565658907197104e-36
48.9444918305,2.3743180233,3.5162928771603826e-39
48.9493857211,2.3743180233,6.240670512869881e-42
48.9542796117,2.3743180233,8.752574011893763e-45
48.9591735023,2.3743180233,9.70060129399446e-48
48.9640673929,2.3743180233,8.496104453498594e-51
48.9689612835,2.3743180233,5.88029827983028e-54
48.9738551741,2.3743180233,3.216156656009312e-57
48.9787490647,2.3743180233,1.3900593973378683e-60
48.7389484253,2.3792119139,4.127926536324165e-18
48.7438423159,2.3792119139,1.9952701408397627e-16
48.7487362065,2.3792119139,7.621312546751537e-15
48.7536300971,2.3792119139,2.300467839056271e-13
48.7585239877,2.3792119139,5.487327553814562e-12
48.7634178783,2.3792119139,1.0343414549817646e-10
48.7683117689,2.3792119139,1.5407256915215277e-09
48.7732056595,2.3792119139,1.8136158896475834e-08
48.7780995501,2.3792119139,1.687043510992132e-07
48.7829934407,2.3792119139,1.2401880721078024e-06
48.7878873313,2.3792119139,7.207081607602094e-06
48.7927812219,2.3792119139,3.316473536941411e-05
48.7976751125,2.3792119139,0.00012180540770752082
48.8025690031,2.3792119139,0.0003676962690543037
48.8074628937,2.3792119139,0.000985673518664481
48.8123567843,2.3792119139,0.0026035871243250824
48.8172506749,2.3792119139,0.006849317237552681
48.8221445655,2.3792119139,0.016181256650855406
48.8270384561,2.3792119139,0.02761052328776904
48.8319323467,2.3792119139,0.028862044918244307
48.8368262373,2.3792119139,0.020173743651600236
48.8417201279,2.3792119139,0.009980555715085054
48.8466140185,2.3792119139,0.0033523068736341782
48.8515079091,2.3792119139,0.0007510454364947769
48.8564017997,2.3792119139,0.00011249022370663895
48.8612956903,2.3792119139,1.140801248612162e-05
48.8661895809,2.3792119139,8.108904352322137e-07
48.8710834715,2.3792119139,4.3992991739186816e-08
48.8759773621,2.3792119139,2.126536155721069e-09
48.8808712527,2.3792119139,1.0351417458198074e-10
48.8857651433,2.3792119139,4.840597272097861e-12
48.8906590339,2.3792119139,1.9450125612555748e-13
48.8955529245,2.3792119139,6.324371148558699e-15
48.9004468151,2.3792119139,1.6334303381814252e-16
48.9053407057,2.3792119139,3.3368121360887234e-18
48.9102345963,2.3792119139,5.387374770464775e-20
48.9151284869,2.3792119139,6.873652881306294e-22
48.9200223775,2.3792119139,6.930379003188104e-24
48.9249162681,2.3792119139,5.521851888362793e-26
48.9298101587,2.3792119139,3.4767290792406886e-28
48.9347040493,2.3792119139,1.7298771889397132e-30
48.9395979399,2.3792119139,6.80170855236448e-33
48.9444918305,2.3792119139,2.1133872882046982e-35
48.9493857211,2.3792119139,5.189177041444629e-38
48.9542796117,2.3792119139,1.006876512510321e-40
48.9591735023,2.3792119139,1.5438754361902527e-43
48.9640673929,2.3792119139,1.870710697707684e-46
48.9689612835,2.3792119139,1.791262884145338e-49
48.9738551741,2.3792119139,1.3554089520950374e-52
48.9787490647,2.3792119139,8.104751384804756e-56
48.7389484253,2.3841058045,1.5241958101684225e-20
48.7438423159,2.3841058045,1.019256973338431e-18
48.7487362065,2.3841058045,5.386230620578373e-17
48.7536300971,2.3841058045,2.2492851931428656e-15
48.7585239877,2.3841058045,7.422709219308908e-14
48.7634178783,2.3841058045,1.9357036469693888e-12
48.7683117689,2.3841058045,3.9891000406483894e-11
48.7732056595,2.3841058045,6.496470726320764e-10
48.7780995501,2.3841058045,8.361420360129348e-09
48.7829934407,2.3841058045,8.50780467263686e-08
48.7878873313,2.3841058045,6.850942235633075e-07
48.7927812219,2.3841058045,4.380072718882896e-06
48.7976751125,2.3841058045,2.243866634342316e-05
48.8025690031,2.3841058045,9.430917782460627e-05
48.8074628937,2.3841058045,0.00034087748785612644
48.8123567843,2.3841058045,0.001116898163694617
48.8172506749,2.3841058045,0.0033682449957124034
48.8221445655,2.3841058045,0.00901114246584066
48.8270384561,2.3841058045,0.01739850112922303
48.8319323467,2.3841058045,0.02022201218492752
48.8368262373,2.3841058045,0.015847450033814575
48.8417201279,2.3841058045,0.009020282065487323
48.8466140185,2.3841058045,0.0035621611285079247
48.8515079091,2.3841058045,0.0009693645221092853
48.8564017997,2.3841058045,0.0001883844881660725
48.8612956903,2.3841058045,2.8209978185485022e-05
48.8661895809,2.3841058045,3.626463013469864e-06
48.8710834715,2.3841058045,4.2909708348577155e-07
48.8759773621,2.3841058045,4.552744334326813e-08
48.8808712527,2.3841058045,4.0611473328700935e-09
48.8857651433,2.3841058045,2.923552190245531e-10
48.8906590339,2.3841058045,1.6722725214410864e-11
48.8955529245,2.3841058045,7.5676156592929e-13
48.9004468151,2.3841058045,2.706791187713324e-14
48.9053407057,2.3841058045,7.651046563378227e-16
48.9102345963,2.3841058045,1.7090181550618382e-17
48.9151284869,2.3841058045,3.016691989963391e-19
48.9200223775,2.3841058045,4.2079793523839266e-21
48.9249162681,2.3841058045,4.6384679059265965e-23
48.9298101587,2.3841058045,4.0404881460804897e-25
48.9347040493,2.3841058045,2.781323101462336e-27
48.9395979399,2.3841058045,1.5129597490718377e-29
48.9444918305,2.3841058045,6.503716926407317e-32
48.9493857211,2.3841058045,2.2092975536446193e-34
48.9542796117,2.3841058045,5.930688555039982e-37
48.9591735023,2.3841058045,1.2580976452434519e-39
48.9640673929,2.3841058045,2.1090258654027837e-42
48.9689612835,2.3841058045,2.7938802498826446e-45
48.9738551741,2.3841058045,2.9247718513115954e-48
48.9787490647,2.3841058045,2.4195495814205656e-51
48.7389484253,2.3889996951,2.881628944878415e-23
48.7438423159,2.3889996951,2.6659633882117394e-21
48.7487362065,2.3889996951,1.949075795817509e-19
48.7536300971,2.3889996951,1.1260622261859222e-17
48.7585239877,2.3889996951,5.141140333860641e-16
48.7634178783,2.3889996951,1.854988368389816e-14
48.7683117689,2.3889996951,5.290424979697118e-13
48.7732056595,2.3889996951,1.193324127397389e-11
48.7780995501,2.3889996951,2.1316465313215105e-10
48.7829934407,2.3889996951,3.0219541477536343e-09
48.7878873313,2.3889996951,3.407861228138157e-08
48.7927812219,2.3889996951,3.0634852782610535e-07
48.7976751125,2.3889996951,2.207673910152662e-06
48.8025690031,2.3889996951,1.3004005759305467e-05
48.8074628937,2.3889996951,6.502892835398922e-05
48.8123567843,2.3889996951,0.0002847069736722768
48.8172506749,2.3889996951,0.0011061172705281144
48.8221445655,2.3889996951,0.0037776822568687672
48.8270384561,2.3889996951,0.00875803986709926
48.8319323467,2.3889996951,0.011286895585887594
48.8368262373,2.3889996951,0.009878158003691835
48.8417201279,2.3889996951,0.006697889475105519
48.8466140185,2.3889996951,0.0033494833517482177
48.8515079091,2.3889996951,0.00126091692493302
48.8564017997,2.3889996951,0.00038546549290057104
48.8612956903,2.3889996951,0.00010230738057550028
48.8661895809,2.3889996951,2.3755540394616278e-05
48.8710834715,2.3889996951,4.645442539063442e-06
48.8759773621,2.3889996951,7.375524521128824e-07
48.8808712527,2.3889996951,9.333876927974728e-08
48.8857651433,2.3889996951,9.354848013859262e-09
48.8906590339,2.3889996951,7.412496733177081e-10
48.8955529245,2.3889996951,4.641769056452769e-11
48.9004468151,2.3889996951,2.29702360688816e-12
48.9053407057,2.3889996951,8.98268650656258e-14
48.9102345963,2.3889996951,2.7759101424383633e-15
48.9151284869,2.3889996951,6.778957221625829e-17
48.9200223775,2.3889996951,1.3082137464499273e-18
48.9249162681,2.3889996951,1.9950456998387066e-20
48.9298101587,2.3889996951,2.4042814933845506e-22
48.9347040493,2.3889996951,2.2896869229070266e-24
48.9395979399,2.3889996951,1.7231584698782395e-26
48.9444918305,2.3889996951,1.0247847629787887e-28
48.9493857211,2.3889996951,4.816132481699176e-31
48.9542796117,2.3889996951,1.78863825660217e-33
48.9591735023,2.3889996951,5.2493427580949176e-36
48.9640673929,2.3889996951,1.2174346880963909e-38
48.9689612835,2.3889996951,2.2312320398419596e-41
48.9738551741,2.3889996951,3.2314848822702877e-44
48.9787490647,2.3889996951,3.698433757545641e-47
48.7389484253,2.3938935857,2.789504284388886e-26
48.7438423159,2.3938935857,3.570558422466597e-24
48.7487362065,2.3938935857,3.6124060626959115e-22
48.7536300971,2.3938935857,2.890833770177595e-20
48.7585239877,2.3938935857,1.83411289188386e-18
48.7634178783,2.3938935857,9.277301396698222e-17
48.7683117689,2.3938935857,3.7752306723898165e-15
48.7732056595,2.3938935857,1.2450125125102953e-13
48.7780995501,2.3938935857,3.3111207249868884e-12
48.7829934407,2.3938935857,6.950358440990332e-11
48.7878873313,2.3938935857,1.1215490851967138e-09
48.7927812219,2.3938935857,1.3766178238023932e-08
48.7976751125,2.3938935857,1.3157688947422416e-07
48.8025690031,2.3938935857,1.04166909827943e-06
48.8074628937,2.3938935857,7.25940354541981e-06
48.8123567843,2.3938935857,4.4591001438914906e-05
48.8172506749,2.3938935857,0.00024866233151000854
48.8221445655,2.3938935857,0.00125341360162991
48.8270384561,2.3938935857,0.00366205840024548
48.8319323467,2.3938935857,0.00498639903488817
48.8368262373,2.3938935857,0.004610610474586107
48.8417201279,2.3938935857,0.003820055657082548
48.8466140185,2.3938935857,0.0025941254961601764
48.8515079091,2.3938935857,0.0014563269403437605
48.8564017997,2.3938935857,0.0007065603679477198
48.8612956903,2.3938935857,0.00029467107356516474
48.8661895809,2.3938935857,0.00010195437097743896
48.8710834715,2.3938935857,2.8432798319594433e-05
48.8759773621,2.3938935857,6.304646165726671e-06
48.8808712527,2.3938935857,1.1064278434312221e-06
48.8857651433,2.3938935857,1.534892697087263e-07
48.8906590339,2.3938935857,1.6827267993118005e-08
48.8955529245,2.3938935857,1.4578424758555709e-09
48.9004468151,2.3938935857,9.980820906734753e-11
48.9053407057,2.3938935857,5.39983244423517e-12
48.9102345963,2.3938935857,2.308620951961577e-13
48.9151284869,2.3938935857,7.799797128064346e-15
48.9200223775,2.3938935857,2.0824390834353525e-16
48.9249162681,2.3938935857,4.393591044391518e-18
48.9298101587,2.3938935857,7.325297709245236e-20
48.9347040493,2.3938935857,9.65137641781739e-22
48.9395979399,2.3938935857,1.0048738706402773e-23
48.9444918305,2.3938935857,8.267842182134764e-26
48.9493857211,2.3938935857,5.37565177081528e-28
48.9542796117,2.3938935857,2.7620300709455928e-30
48.9591735023,2.3938935857,1.1214605538908774e-32
48.9640673929,2.3938935857,3.598304626892296e-35
48.9689612835,2.3938935857,9.123682786240202e-38
48.9738551741,2.3938935857,1.8281033828501613e-40
48.9787490647,2.3938935857,2.8946072960820466e-43
48.7389484253,2.3987874763,1.421782275631949e-29
48.7438423159,2.3987874763,2.7373358700140597e-27
48.7487362065,2.3987874763,4.806699246876986e-25
48.7536300971,2.3987874763,8.058347597980924e-23
48.7585239877,2.3987874763,1.185922253570496e-20
48.7634178783,2.3987874763,1.3366549198325386e-18
48.7683117689,2.3987874763,1.0545630762568228e-16
48.7732056595,2.3987874763,5.589473827475402e-15
48.7780995501,2.3987874763,1.9603365308347347e-13
48.7829934407,2.3987874763,4.544149681974634e-12
48.7878873313,2.3987874763,7.056491866369865e-11
48.7927812219,2.3987874763,7.690324396084978e-10
48.7976751125,2.3987874763,6.703037976340871e-09
48.8025690031,2.3987874763,5.8729654820525454e-08
48.8074628937,2.3987874763,5.576484167834129e-07
48.8123567843,2.3987874763,5.006897141023477e-06
48.8172506749,2.3987874763,4.8808770403078955e-05
48.8221445655,2.3987874763,0.0004245576373707436
48.8270384561,2.3987874763,0.0015495581973853842
48.8319323467,2.3987874763,0.002000670682602042
48.8368262373,2.3987874763,0.0015713166192470292
48.8417201279,2.3987874763,0.0014692681194868698
48.8466140185,2.3987874763,0.0013538963136561616
48.8515079091,2.3987874763,0.0011061335819432254
48.8564017997,2.3987874763,0.0007918564458173664
48.8612956903,2.3987874763,0.0004762530147798871
48.8661895809,2.3987874763,0.00023206885280306478
48.8710834715,2.3987874763,9.005049670110452e-05
48.8759773621,2.3987874763,2.7664942974278182e-05
48.8808712527,2.3987874763,6.718844444177268e-06
48.8857651433,2.3987874763,1.2895685349118493e-06
48.8906590339,2.3987874763,1.9559430868094715e-07
48.8955529245,2.3987874763,2.344373106559994e-08
48.9004468151,2.3987874763,2.220524711467464e-09
48.9053407057,2.3987874763,1.662045154640888e-10
48.9102345963,2.3987874763,9.830788477144752e-12
48.9151284869,2.3987874763,4.59507082900066e-13
48.9200223775,2.3987874763,1.6972835161140292e-14
48.9249162681,2.3987874763,4.954215592508473e-16
48.9298101587,2.3987874763,1.1427565924415307e-17
48.9347040493,2.3987874763,2.0830077892823566e-19
48.9395979399,2.3987874763,3.0004498870233855e-21
48.9444918305,2.3987874763,3.415389087014283e-23
48.9493857211,2.3987874763,3.0722200579351953e-25
48.9542796117,2.3987874763,2.183849869688233e-27
48.9591735023,2.3987874763,1.2267372791294084e-29
48.9640673929,2.3987874763,5.445511408769582e-32
48.9689612835,2.3987874763,1.9102231607566885e-34
48.9738551741,2.3987874763,5.2952670305431714e-37
48.9787490647,2.3987874763,1.1599785274139512e-39
48.7389484253,2.4036813669,4.476406322212842e-31
48.7438423159,2.4036813669,2.6300299498268343e-28
48.7487362065,2.4036813669,1.0033753168563201e-25
48.7536300971,2.4036813669,2.4806679018099022e-23
48.7585239877,2.4036813669,3.972062499441771e-21
48.7634178783,2.4036813669,4.1183471108226776e-19
48.7683117689,2.4036813669,2.7648513701607922e-17
48.7732056595,2.4036813669,1.201961984265963e-15
48.7780995501,2.4036813669,3.3845163526941864e-14
48.7829934407,2.4036813669,6.179133820246295e-13
48.7878873313,2.4036813669,7.348808341648312e-12
48.7927812219,2.4036813669,5.847973727584626e-11
48.7976751125,2.4036813669,3.64301592763927e-10
48.8025690031,2.4036813669,2.9669222335723293e-09
48.8074628937,2.4036813669,3.719481975523543e-08
48.8123567843,2.4036813669,5.506409191575884e-07
48.8172506749,2.4036813669,1.2943509378757637e-05
48.8221445655,2.4036813669,0.0001832703773601321
48.8270384561,2.4036813669,0.0007852654745896255
48.8319323467,2.4036813669,0.0009539809412591186
48.8368262373,2.4036813669,0.00047990775522116887
48.8417201279,2.4036813669,0.0003577439903776315
48.8466140185,2.4036813669,0.00041513966725606596
48.8515079091,2.4036813669,0.0004707828434084636
48.8564017997,2.4036813669,0.0004762230979788488
48.8612956903,2.4036813669,0.0004015263781936227
48.8661895809,2.4036813669,0.00027203836739108685
48.8710834715,2.4036813669,0.0001462412830748132
48.8759773621,2.4036813669,6.217499936332424e-05
48.8808712527,2.4036813669,2.089181322233348e-05
48.8857651433,2.4036813669,5.547563898936886e-06
48.8906590339,2.4036813669,1.1640929200527057e-06
48.8955529245,2.4036813669,1.9303292157531212e-07
48.9004468151,2.4036813669,2.5294928180362477e-08
48.9053407057,2.4036813669,2.6193518685045533e-09
48.9102345963,2.4036813669,2.1434460668940524e-10
48.9151284869,2.4036813669,1.3860841673422127e-11
48.9200223775,2.4036813669,7.083126047457695e-13
48.9249162681,2.4036813669,2.860346609125782e-14
48.9298101587,2.4036813669,9.127895945795037e-16
48.9347040493,2.4036813669,2.3018712222323685e-17
48.9395979399,2.4036813669,4.58722129085711e-19
48.9444918305,2.4036813669,7.223982483755899e-21
48.9493857211,2.4036813669,8.990047829060098e-23
48.9542796117,2.4036813669,8.841086616427303e-25
48.9591735023,2.4036813669,6.87080485055365e-27
48.9640673929,2.4036813669,4.219567191009433e-29
48.9689612835,2.4036813669,2.047795221223814e-31
48.9738551741,2.4036813669,7.85350398805669e-34
48.9787490647,2.4036813669,2.380119361072164e-36
48.7389484253,2.4085752575,2.9878885289607876e-31
48.7438423159,2.4085752575,1.4108047921811449e-28
48.7487362065,2.4085752575,4.312669258823707e-26
48.7536300971,2.4085752575,8.534970640000992e-24
48.7585239877,2.4085752575,1.0935397671697748e-21
48.7634178783,2.4085752575,9.070764828383763e-20
48.7683117689,2.4085752575,4.87113731637429e-18
48.7732056595,2.4085752575,1.693540079653685e-16
48.7780995501,2.4085752575,3.8119574370479486e-15
48.7829934407,2.4085752575,5.555964249894555e-14
48.7878873313,2.4085752575,5.25213431583139e-13
48.7927812219,2.4085752575,3.277389894012983e-12
48.7976751125,2.4085752575,1.611373106891849e-11
48.8025690031,2.4085752575,1.3791499485311497e-10
48.8074628937,2.4085752575,2.4212210292710312e-09
48.8123567843,2.4085752575,9.3693509185125e-08
48.8172506749,2.4085752575,5.019532213019082e-06
48.8221445655,2.4085752575,9.14288232110122e-05
48.8270384561,2.4085752575,0.0004417355221919187
48.8319323467,2.4085752575,0.0005584376099380187
48.8368262373,2.4085752575,0.0002052584184133639
48.8417201279,2.4085752575,6.380268967560937e-05
48.8466140185,2.4085752575,7.216527939571824e-05
48.8515079091,2.4085752575,0.00010692102392424923
48.8564017997,2.4085752575,0.00014888252406951787
48.8612956903,2.4085752575,0.00017415989460576602
48.8661895809,2.4085752575,0.00016348247092851217
48.8710834715,2.4085752575,0.00012163469308274634
48.8759773621,2.4085752575,7.155012126952451e-05
48.8808712527,2.4085752575,3.326205221192302e-05
48.8857651433,2.4085752575,1.221937588651866e-05
48.8906590339,2.4085752575,3.547379109151143e-06
48.8955529245,2.4085752575,8.138128238632595e-07
48.9004468151,2.4085752575,1.4753660324484294e-07
48.9053407057,2.4085752575,2.1136513770369808e-08
48.9102345963,2.4085752575,2.392903905225089e-09
48.9151284869,2.4085752575,2.1407969882926164e-10
48.9200223775,2.4085752575,1.5135056162138067e-11
48.9249162681,2.4085752575,8.455726234352471e-13
48.9298101587,2.4085752575,3.733155802874471e-14
48.9347040493,2.4085752575,1.3024457487123464e-15
48.9395979399,2.4085752575,3.59088498117145e-17
48.9444918305,2.4085752575,7.823510534501099e-19
48.9493857211,2.4085752575,1.346976980785677e-20
48.9542796117,2.4085752575,1.832639323775342e-22
48.9591735023,2.4085752575,1.970389813182211e-24
48.9640673929,2.4085752575,1.6741163234416637e-26
48.9689612835,2.4085752575,1.1240287860488952e-28
48.9738551741,2.4085752575,5.963861664140311e-31
48.9787490647,2.4085752575,2.500552711223023e-33
48.7389484253,2.4134691481,1.192861836060438e-31
48.7438423159,2.4134691481,4.505765165733215e-29
48.7487362065,2.4134691481,1.1018526632797366e-26
48.7536300971,2.4134691481,1.7444360856647684e-24
48.7585239877,2.4134691481,1.7879820813773022e-22
48.7634178783,2.4134691481,1.1864455926293778e-20
48.7683117689,2.4134691481,5.096934684645717e-19
48.7732056595,2.4134691481,1.4175781641178662e-17
48.7780995501,2.4134691481,2.5524871103137666e-16
48.7829934407,2.4134691481,2.9756933657794066e-15
48.7878873313,2.4134691481,2.248523322721496e-14
48.7927812219,2.4134691481,1.1212610247411645e-13
48.7976751125,2.4134691481,4.760108096557126e-13
48.8025690031,2.4134691481,5.3389914608805234e-12
48.8074628937,2.4134691481,1.9103545879765696e-10
48.8123567843,2.4134691481,2.8256750950365828e-08
48.8172506749,2.4134691481,2.194178294201253e-06
48.8221445655,2.4134691481,4.583855493614955e-05
48.8270384561,2.4134691481,0.0002469349618775549
48.8319323467,2.4134691481,0.00034235263329354643
48.8368262373,2.4134691481,0.00012414011773603578
48.8417201279,2.4134691481,1.5974022183622093e-05
48.8466140185,2.4134691481,7.626428095190943e-06
48.8515079091,2.4134691481,1.2962433196962918e-05
48.8564017997,2.4134691481,2.4046758960525452e-05
48.8612956903,2.4134691481,3.8750207172862124e-05
48.8661895809,2.4134691481,5.032228669567219e-05
48.8710834715,2.4134691481,5.180380170581173e-05
48.8759773621,2.4134691481,4.215971265076749e-05
48.8808712527,2.4134691481,2.7115083757210122e-05
48.8857651433,2.4134691481,1.37811124624138e-05
48.8906590339,2.4134691481,5.534979976540467e-06
48.8955529245,2.4134691481,1.7567346368649383e-06
48.9004468151,2.4134691481,4.4061025382128097e-07
48.9053407057,2.4134691481,8.732957778027561e-08
48.9102345963,2.4134691481,1.3678121154492047e-08
48.9151284869,2.4134691481,1.6929723182400971e-09
48.9200223775,2.4134691481,1.6558904175500678e-10
48.9249162681,2.4134691481,1.2798870767208334e-11
48.9298101587,2.4134691481,7.817538702621906e-13
48.9347040493,2.4134691481,3.7733470525463544e-14
48.9395979399,2.4134691481,1.4392683903400199e-15
48.9444918305,2.4134691481,4.338255726228199e-17
48.9493857211,2.4134691481,1.0333485516283959e-18
48.9542796117,2.4134691481,1.9450772153813083e-20
48.9591735023,2.4134691481,2.893244812483793e-22
48.9640673929,2.4134691481,3.40088420214923e-24
48.9689612835,2.4134691481,3.15905241266351e-26
48.9738551741,2.4134691481,2.318889976130569e-28
48.9787490647,2.4134691481,1.3451223231116904e-30
48.7389484253,2.4183630387,2.8261234656622477e-32
48.7438423159,2.4183630387,8.539751371567532e-30
48.7487362065,2.4183630387,1.670613112861924e-27
48.7536300971,2.4183630387,2.1158413906830333e-25
48.7585239877,2.4183630387,1.7348698317004204e-23
48.7634178783,2.4183630387,9.20931323731109e-22
48.7683117689,2.4183630387,3.164930373117879e-20
48.7732056595,2.4183630387,7.041702575028525e-19
48.7780995501,2.4183630387,1.0143051180877825e-17
48.7829934407,2.4183630387,9.459227463164427e-17
48.7878873313,2.4183630387,5.717069396122238e-16
48.7927812219,2.4183630387,2.292413687881753e-15
48.7976751125,2.4183630387,9.344683644866643e-15
48.8025690031,2.4183630387,1.7951193859199227e-13
48.8074628937,2.4183630387,3.316621609435525e-11
48.8123567843,2.4183630387,1.041686049789008e-08
48.8172506749,2.4183630387,9.424168264968736e-07
48.8221445655,2.4183630387,2.199687405429703e-05
48.8270384561,2.4183630387,0.00013183154766153196
48.8319323467,2.4183630387,0.00020282845347742808
48.8368262373,2.4183630387,8.026178480923883e-05
48.8417201279,2.4183630387,8.491777195666657e-06
48.8466140185,2.4183630387,7.285260505808025e-07
48.8515079091,2.4183630387,8.828641024003965e-07
48.8564017997,2.4183630387,2.0173801248167675e-06
48.8612956903,2.4183630387,4.4221720800293e-06
48.8661895809,2.4183630387,7.932771513238195e-06
48.8710834715,2.4183630387,1.1297041008233309e-05
48.8759773621,2.4183630387,1.2719633677965435e-05
48.8808712527,2.4183630387,1.131778584850356e-05
48.8857651433,2.4183630387,7.958075026116968e-06
48.8906590339,2.4183630387,4.42194151677065e-06
48.8955529245,2.4183630387,1.94167388249329e-06
48.9004468151,2.4183630387,6.737486511198976e-07
48.9053407057,2.4183630387,1.8474719513009277e-07
48.9102345963,2.4183630387,4.0032814438022845e-08
48.9151284869,2.4183630387,6.855083015918861e-09
48.9200223775,2.4183630387,9.276147347890718e-10
48.9249162681,2.4183630387,9.919296768028358e-11
48.9298101587,2.4183630387,8.382092594426492e-12
48.9347040493,2.4183630387,5.597348522566149e-13
48.9395979399,2.4183630387,2.953728475149198e-14
48.9444918305,2.4183630387,1.2317345267111146e-15
48.9493857211,2.4183630387,4.059027426941415e-17
48.9542796117,2.4183630387,1.057024811298114e-18
48.9591735023,2.4183630387,2.1752376031492583e-20
48.9640673929,2.4183630387,3.537419357764438e-22
48.9689612835,2.4183630387,4.545950672761408e-24
48.9738551741,2.4183630387,4.616589026646906e-26
48.9787490647,2.4183630387,3.7048961243699156e-28
48.7389484253,2.4232569293,3.973440272999591e-33
48.7438423159,2.4232569293,9.604980148659422e-31
48.7487362065,2.4232569293,1.5031517178007512e-28
48.7536300971,2.4232569293,1.5229502864910427e-26
48.7585239877,2.4232569293,9.989533322821554e-25
48.7634178783,2.4232569293,4.2421032670041907e-23
48.7683117689,2.4232569293,1.1662558550195275e-21
48.7732056595,2.4232569293,2.075788090035933e-20
48.7780995501,2.4232569293,2.391934173850536e-19
48.7829934407,2.4232569293,1.7844612295610662e-18
48.7878873313,2.4232569293,8.62864099262345e-18
48.7927812219,2.4232569293,2.806325323046058e-17
48.7976751125,2.4232569293,1.334718985131628e-16
48.8025690031,2.4232569293,9.935520696380454e-15
48.8074628937,2.4232569293,9.75393038809437e-12
48.8123567843,2.4232569293,3.8057386043375834e-09
48.8172506749,2.4232569293,3.84971346131391e-07
48.8221445655,2.4232569293,9.998167984146282e-06
48.8270384561,2.4232569293,6.664068832357636e-05
48.8319323467,2.4232569293,0.00011399311655028433
48.8368262373,2.4232569293,5.00513564993359e-05
48.8417201279,2.4232569293,5.661326123701243e-06
48.8466140185,2.4232569293,1.9335512747712893e-07
48.8515079091,2.4232569293,4.076264687913679e-08
48.8564017997,2.4232569293,9.050622682217232e-08
48.8612956903,2.4232569293,2.594481791575768e-07
48.8661895809,2.4232569293,6.404856071617096e-07
48.8710834715,2.4232569293,1.2614359732404204e-06
48.8759773621,2.4232569293,1.9649009842231557e-06
48.8808712527,2.4232569293,2.4188031583623326e-06
48.8857651433,2.4232569293,2.3529910436964974e-06
48.8906590339,2.4232569293,1.8088327997853777e-06
48.8955529245,2.4232569293,1.0988411209938899e-06
48.9004468151,2.4232569293,5.275087978479309e-07
48.9053407057,2.4232569293,2.0011647130604272e-07
48.9102345963,2.4232569293,5.999213120280078e-08
48.9151284869,2.4232569293,1.4212290293251045e-08
48.9200223775,2.4232569293,2.6606771130969304e-09
48.9249162681,2.4232569293,3.936213107765789e-10
48.9298101587,2.4232569293,4.6017535674385443e-11
48.9347040493,2.4232569293,4.251345856059815e-12
48.9395979399,2.4232569293,3.1037579272412073e-13
48.9444918305,2.4232569293,1.790637071627278e-14
48.9493857211,2.4232569293,8.163673483362586e-16
48.9542796117,2.4232569293,2.941182722150749e-17
48.9591735023,2.4232569293,8.373686761202e-19
48.9640673929,2.4232569293,1.883951598710644e-20
48.9689612835,2.4232569293,3.349508591238327e-22
48.9738551741,2.4232569293,4.7059875752914016e-24
48.9787490647,2.4232569293,5.224909607945409e-26
48.7389484253,2.4281508199,3.31525408356734e-34
48.7438423159,2.4281508199,6.410948493225571e-32
48.7487362065,2.4281508199,8.026095450194089e-30
48.7536300971,2.4281508199,6.5052338980911705e-28
48.7585239877,2.4281508199,3.4134856077260814e-26
48.7634178783,2.4281508199,1.1596042524509855e-24
48.7683117689,2.4281508199,2.5503400220149547e-23
48.7732056595,2.4281508199,3.63130680554349e-22
48.7780995501,2.4281508199,3.3473773587199315e-21
48.7829934407,2.4281508199,1.9977324024896843e-20
48.7878873313,2.4281508199,7.730785198863602e-20
48.7927812219,2.4281508199,2.0820928112325132e-19
48.7976751125,2.4281508199,1.782107955920234e-18
48.8025690031,2.4281508199,1.8271445441034698e-15
48.8074628937,2.4281508199,3.0159956728673927e-12
48.8123567843,2.4281508199,1.3218257283406688e-09
48.8172506749,2.4281508199,1.48768189843318e-07
48.8221445655,2.4281508199,4.2970014193842335e-06
48.8270384561,2.4281508199,3.185143159224002e-05
48.8319323467,2.4281508199,6.0589875326705763e-05
48.8368262373,2.4281508199,2.957908179971263e-05
48.8417201279,2.4281508199,3.706817826822222e-06
48.8466140185,2.4281508199,1.207048144815616e-07
48.8515079091,2.4281508199,2.5649813934953796e-09
48.8564017997,2.4281508199,2.4506087961863443e-09
48.8612956903,2.4281508199,7.913600429032636e-09
48.8661895809,2.4281508199,2.6502547507672394e-08
48.8710834715,2.4281508199,7.212309483511456e-08
48.8759773621,2.4281508199,1.554161295471785e-07
48.8808712527,2.4281508199,2.646842540471621e-07
48.8857651433,2.4281508199,3.562222233751278e-07
48.8906590339,2.4281508199,3.788544076403475e-07
48.8955529245,2.4281508199,3.1840656033609306e-07
48.9004468151,2.4281508199,2.1147059895078053e-07
48.9053407057,2.4281508199,1.1098807234223592e-07
48.9102345963,2.4281508199,4.603211683824282e-08
48.9151284869,2.4281508199,1.5087035430815544e-08
48.9200223775,2.4281508199,3.907555892140414e-09
48.9249162681,2.4281508199,7.997694528392927e-10
48.9298101587,2.4281508199,1.2935486018197892e-10
48.9347040493,2.4281508199,1.653327976246865e-11
48.9395979399,2.4281508199,1.6699120684245782e-12
48.9444918305,2.4281508199,1.3328660844411656e-13
48.9493857211,2.4281508199,8.406936288749778e-15
48.9542796117,2.4281508199,4.1903212583056107e-16
48.9591735023,2.4281508199,1.650498786241695e-17
48.9640673929,2.4281508199,5.137376839377669e-19
48.9689612835,2.4281508199,1.2636475588985495e-20
48.9738551741,2.4281508199,2.45622884406334e-22
48.9787490647,2.4281508199,3.7728541484271844e-24
48.7389484253,2.4330447105,1.641502389491763e-35
48.7438423159,2.4330447105,2.539350648543714e-33
48.7487362065,2.4330447105,2.543199293312541e-31
48.7536300971,2.4330447105,1.6489772996262307e-29
48.7585239877,2.4330447105,6.921903229370995e-28
48.7634178783,2.4330447105,1.8811045475551544e-26
48.7683117689,2.4330447105,3.309610661134697e-25
48.7732056595,2.4330447105,3.769792515620743e-24
48.7780995501,2.4330447105,2.7799360518940754e-23
48.7829934407,2.4330447105,1.3272277328140002e-22
48.7878873313,2.4330447105,4.112985140512078e-22
48.7927812219,2.4330447105,9.735783720138823e-22
48.7976751125,2.4330447105,7.798019584695194e-20
48.8025690031,2.4330447105,4.692482872889324e-16
48.8074628937,2.4330447105,8.903047787266372e-13
48.8123567843,2.4330447105,4.3422044726191013e-10
48.8172506749,2.4330447105,5.4350399833555705e-08
48.8221445655,2.4330447105,1.745832343776367e-06
48.8270384561,2.4330447105,1.4391599395956293e-05
48.8319323467,2.4330447105,3.0445443541298146e-05
48.8368262373,2.4330447105,1.6528849032475105e-05
48.8417201279,2.4330447105,2.3029104633228156e-06
48.8466140185,2.4330447105,8.240293152133483e-08
48.8515079091,2.4330447105,8.190883283981377e-10
48.8564017997,2.4330447105,5.939199953637846e-11
48.8612956903,2.4330447105,1.329896459841768e-10
48.8661895809,2.4330447105,5.638119369118479e-10
48.8710834715,2.4330447105,2.1117713104225452e-09
48.8759773621,2.4330447105,6.294229445689463e-09
48.8808712527,2.4330447105,1.483010576557865e-08
48.8857651433,2.4330447105,2.7612786646382795e-08
48.8906590339,2.4330447105,4.0628870938279285e-08
48.8955529245,2.4330447105,4.724083884874829e-08
48.9004468151,2.4330447105,4.340690021923504e-08
48.9053407057,2.4330447105,3.151797236821406e-08
48.9102345963,2.4330447105,1.8084899218894304e-08
48.9151284869,2.4330447105,8.20034719684648e-09
48.9200223775,2.4330447105,2.9383715684005274e-09
48.9249162681,2.4330447105,8.320310061828407e-10
48.9298101587,2.4330447105,1.8617897443486858e-10
48.9347040493,2.4330447105,3.2921535388068904e-11
48.9395979399,2.4330447105,4.600318009621484e-12
48.9444918305,2.4330447105,5.079885840551726e-13
48.9493857211,2.4330447105,4.43280243473778e-14
48.9542796117,2.4330447105,3.0567584673645426e-15
48.9591735023,2.4330447105,1.6657207552607547e-16
48.9640673929,2.4330447105,7.173012630351759e-18
48.9689612835,2.4330447105,2.440952447727265e-19
48.9738551741,2.4330447105,6.564102703699205e-21
48.9787490647,2.4330447105,1.3949214132759736e-22
48.7389484253,2.4379386011,4.823261306437327e-37
48.7438423159,2.4379386011,5.968945773175698e-35
48.7487362065,2.4379386011,4.7822363846946044e-33
48.7536300971,2.4379386011,2.48051015235483e-31
48.7585239877,2.4379386011,8.329665124699205e-30
48.7634178783,2.4379386011,1.8108840291303199e-28
48.7683117689,2.4379386011,2.5487679580093905e-27
48.7732056595,2.4379386011,2.322450814958793e-26
48.7780995501,2.4379386011,1.3700599473019656e-25
48.7829934407,2.4379386011,5.232788318283719e-25
48.7878873313,2.4379386011,1.3007721299288382e-24
48.7927812219,2.4379386011,3.614062161720838e-24
48.7976751125,2.4379386011,1.4397362708063582e-20
48.8025690031,2.4379386011,1.176304646783526e-16
48.8074628937,2.4379386011,2.4860770106681886e-13
48.8123567843,2.4379386011,1.3484769236116674e-10
48.8172506749,2.4379386011,1.8770665583270314e-08
48.8221445655,2.4379386011,6.705366395686939e-07
48.8270384561,2.4379386011,6.1471246456301005e-06
48.8319323467,2.4379386011,1.4461994407160372e-05
48.8368262373,2.4379386011,8.731543839374821e-06
48.8417201279,2.4379386011,1.3528850473181935e-06
48.8466140185,2.4379386011,5.3796348118616964e-08
48.8515079091,2.4379386011,5.511041989203167e-10
48.8564017997,2.4379386011,3.0904733666568994e-12
48.8612956903,2.4379386011,1.6466426724594665e-12
48.8661895809,2.4379386011,6.2883755986163774e-12
48.8710834715,2.4379386011,3.168730395530226e-11
48.8759773621,2.4379386011,1.305234773901616e-10
48.8808712527,2.4379386011,4.254506062555412e-10
48.8857651433,2.4379386011,1.095942980700125e-09
48.8906590339,2.4379386011,2.2309285052236416e-09
48.8955529245,2.4379386011,3.588737425604765e-09
48.9004468151,2.4379386011,4.562007976709965e-09
48.9053407057,2.4379386011,4.582776969440768e-09
48.9102345963,2.4379386011,3.6379751531266418e-09
48.9151284869,2.4379386011,2.282175613338371e-09
48.9200223775,2.4379386011,1.1313493121521333e-09
48.9249162681,2.4379386011,4.432030077785364e-10
48.9298101587,2.4379386011,1.372040736758674e-10
48.9347040493,2.4379386011,3.356523082307545e-11
48.9395979399,2.4379386011,6.488892737531008e-12
48.9444918305,2.4379386011,9.913108908246138e-13
48.9493857211,2.4379386011,1.1967611565687092e-13
48.9542796117,2.4379386011,1.1417300118232214e-14
48.9591735023,2.4379386011,8.607512749485815e-16
48.9640673929,2.4379386011,5.1280264574246445e-17
48.9689612835,2.4379386011,2.414244022721028e-18
48.9738551741,2.4379386011,8.981945127551675e-20
48.9787490647,2.4379386011,2.6406932500528286e-21
48.7389484253,2.4428324917,8.410360931373938e-39
48.7438423159,2.4428324917,8.32620621923632e-37
48.7487362065,2.4428324917,5.336496829075415e-35
48.7536300971,2.4428324917,2.214327797064783e-33
48.7585239877,2.4428324917,5.948454330787667e-32
48.7634178783,2.4428324917,1.0345295850119009e-30
48.7683117689,2.4428324917,1.1648185058628833e-29
48.7732056595,2.4428324917,8.49083056564721e-29
48.7780995501,2.4428324917,4.0069965372060633e-28
48.7829934407,2.4428324917,1.2243532305347708e-27
48.7878873313,2.4428324917,2.454964709091802e-27
48.7927812219,2.4428324917,9.438348273260937e-26
48.7976751125,2.4428324917,3.0490281923909877e-21
48.8025690031,2.4428324917,2.792044247630602e-17
48.8074628937,2.4428324917,6.562771868761538e-14
48.8123567843,2.4428324917,3.9587655854556154e-11
48.8172506749,2.4428324917,6.128284834827308e-09
48.8221445655,2.4428324917,2.4345839869887375e-07
48.8270384561,2.4428324917,2.4820883801894225e-06
48.8319323467,2.4428324917,6.494061291981936e-06
48.8368262373,2.4428324917,4.360358395670851e-06
48.8417201279,2.4428324917,7.513368073254882e-07
48.8466140185,2.4428324917,3.3224187691458965e-08
48.8515079091,2.4428324917,3.770892830433852e-10
48.8564017997,2.4428324917,1.1440375818721053e-12
48.8612956903,2.4428324917,2.909089606494433e-14
48.8661895809,2.4428324917,4.23658405109794e-14
48.8710834715,2.4428324917,2.448763835610111e-13
48.8759773621,2.4428324917,1.3860761721902168e-12
48.8808712527,2.4428324917,6.2494795488482216e-12
48.8857651433,2.4428324917,2.2271742325698003e-11
48.8906590339,2.4428324917,6.272274283008861e-11
48.8955529245,2.4428324917,1.3958998368113164e-10
48.9004468151,2.4428324917,2.4549451719880587e-10
48.9053407057,2.4428324917,3.4118321944471554e-10
48.9102345963,2.4428324917,3.7470704093843257e-10
48.9151284869,2.4428324917,3.2520287001406997e-10
48.9200223775,2.4428324917,2.2303612480631906e-10
48.9249162681,2.4428324917,1.2087997926196882e-10
48.9298101587,2.4428324917,5.177163349127234e-11
48.9347040493,2.4428324917,1.7522161717202654e-11
48.9395979399,2.4428324917,4.686426666858042e-12
48.9444918305,2.4428324917,9.904995714985649e-13
48.9493857211,2.4428324917,1.654341191854971e-13
48.9542796117,2.4428324917,2.1835050468163363e-14
48.9591735023,2.4428324917,2.2774121942072158e-15
48.9640673929,2.4428324917,1.8770999945903227e-16
48.9689612835,2.4428324917,1.2226200124489729e-17
48.9738551741,2.4428324917,6.292944726115005e-19
48.9787490647,2.4428324917,2.5596150739312832e-20
48.7389484253,2.4477263823,8.702881059156778e-41
48.7438423159,2.4477263823,6.892412539827066e-39
48.7487362065,2.4477263823,3.5339145432157933e-37
48.7536300971,2.4477263823,1.1730523290101002e-35
48.7585239877,2.4477263823,2.5208981093186854e-34
48.7634178783,2.4477263823,3.507274539264496e-33
48.7683117689,2.4477263823,3.1590812513624867e-32
48.7732056595,2.4477263823,1.8421644444890072e-31
48.7780995501,2.4477263823,6.954614191433842e-31
48.7829934407,2.4477263823,1.7001481197608818e-30
48.7878873313,2.4477263823,2.9027389108526334e-30
48.7927812219,2.4477263823,1.5522384891683278e-26
48.7976751125,2.4477263823,6.150835050313258e-22
48.8025690031,2.4477263823,6.2651872406994455e-18
48.8074628937,2.4477263823,1.6377320365506106e-14
48.8123567843,2.4477263823,1.0986473540852876e-11
48.8172506749,2.4477263823,1.891387199616862e-09
48.8221445655,2.4477263823,8.356207935637379e-08
48.8270384561,2.4477263823,9.474246779371281e-07
48.8319323467,2.4477263823,2.7566828766853864e-06
48.8368262373,2.4477263823,2.0584275503844956e-06
48.8417201279,2.4477263823,3.944491504699712e-07
48.8466140185,2.4477263823,1.9397829685696912e-08
48.8515079091,2.4477263823,2.4480697116364424e-10
48.8564017997,2.4477263823,7.938541736781459e-13
48.8612956903,2.4477263823,1.2756547187460167e-15
48.8661895809,2.4477263823,3.4263009492368914e-16
48.8710834715,2.4477263823,1.0203248246657365e-15
48.8759773621,2.4477263823,7.545184244117927e-15
48.8808712527,2.4477263823,4.7004098943044977e-14
48.8857651433,2.4477263823,2.317442898937407e-13
48.8906590339,2.4477263823,9.029275856819655e-13
48.8955529245,2.4477263823,2.780067359457701e-12
48.9004468151,2.4477263823,6.764193824696102e-12
48.9053407057,2.4477263823,1.3005740774256394e-11
48.9102345963,2.4477263823,1.976116155018414e-11
48.9151284869,2.4477263823,2.372729165948738e-11
48.9200223775,2.4477263823,2.2513457349005372e-11
48.9249162681,2.4477263823,1.6880859070048713e-11
48.9298101587,2.4477263823,1.0002423062830687e-11
48.9347040493,2.4477263823,4.683539851990672e-12
48.9395979399,2.4477263823,1.733011902436232e-12
48.9444918305,2.4477263823,5.067423441236682e-13
48.9493857211,2.4477263823,1.1709306435849875e-13
48.9542796117,2.4477263823,2.1381268756758054e-14
48.9591735023,2.4477263823,3.08527655054995e-15
48.9640673929,2.4477263823,3.518139445859969e-16
48.9689612835,2.4477263823,3.170226743336897e-17
48.9738551741,2.4477263823,2.2574904737781196e-18
48.9787490647,2.4477263823,1.2703396469118835e-19
48.7389484253,2.4526202729,5.34424098681271e-43
48.7438423159,2.4526202729,3.3858673220511504e-41
48.7487362065,2.4526202729,1.3887702416532656e-39
48.7536300971,2.4526202729,3.6878006073605806e-38
48.7585239877,2.4526202729,6.339879808865659e-37
48.7634178783,2.4526202729,7.056204864727358e-36
48.7683117689,2.4526202729,5.084378827292106e-35
48.7732056595,2.4526202729,2.3718170611349382e-34
48.7780995501,2.4526202729,7.1631154661869465e-34
48.7829934407,2.4526202729,1.401377654231161e-33
48.7878873313,2.4526202729,1.7510576290739916e-32
48.7927812219,2.4526202729,2.6580082402927317e-27
48.7976751125,2.4526202729,1.1732316240739383e-22
48.8025690031,2.4526202729,1.3290118230673208e-18
48.8074628937,2.4526202729,3.863497421760295e-15
48.8123567843,2.4526202729,2.882299263791387e-12
48.8172506749,2.4526202729,5.518285633118871e-10
48.8221445655,2.4526202729,2.711289819236061e-08
48.8270384561,2.4526202729,3.418647887128816e-07
48.8319323467,2.4526202729,1.106214792630959e-06
48.8368262373,2.4526202729,9.186100935494535e-07
48.8417201279,2.4526202729,1.9576255560529017e-07
48.8466140185,2.4526202729,1.0706183940228572e-08
48.8515079091,2.4526202729,1.5026107069071914e-10
48.8564017997,2.4526202729,5.412245802197778e-13
48.8612956903,2.4526202729,5.113252558125629e-16
48.8661895809,2.4526202729,5.375172984591526e-18
48.8710834715,2.4526202729,3.483354562764981e-18
48.8759773621,2.4526202729,2.1285261572852532e-17
48.8808712527,2.4526202729,1.8104811534576316e-16
48.8857651433,2.4526202729,1.234676921789814e-15
48.8906590339,2.4526202729,6.655325496177183e-15
48.8955529245,2.4526202729,2.834946521014425e-14
48.9004468151,2.4526202729,9.542864990857226e-14
48.9053407057,2.4526202729,2.5384640295503646e-13
48.9102345963,2.4526202729,5.336070673826604e-13
48.9151284869,2.4526202729,8.864014489024729e-13
48.9200223775,2.4526202729,1.1635838013572955e-12
48.9249162681,2.4526202729,1.2070442766215017e-12
48.9298101587,2.4526202729,9.894800917289393e-13
48.9347040493,2.4526202729,6.409870349640716e-13
48.9395979399,2.4526202729,3.2813288352381866e-13
48.9444918305,2.4526202729,1.3274207120446185e-13
48.9493857211,2.4526202729,4.2435150776930213e-14
48.9542796117,2.4526202729,1.0720159191285717e-14
48.9591735023,2.4526202729,2.1401048172042542e-15
48.9640673929,2.4526202729,3.3761923359076886e-16
48.9689612835,2.4526202729,4.208987537662216e-17
48.9738551741,2.4526202729,4.1465454031841646e-18
48.9787490647,2.4526202729,3.22814872821272e-19
48.7389484253,2.4575141635,1.9475274603589125e-45
48.7438423159,2.4575141635,9.87059150859199e-44
48.7487362065,2.4575141635,3.238764212867328e-42
48.7536300971,2.4575141635,6.88005718682604e-41
48.7585239877,2.4575141635,9.461964796283567e-40
48.7634178783,2.4575141635,8.424558905214568e-39
48.7683117689,2.4575141635,4.856121879616998e-38
48.7732056595,2.4575141635,1.812210132178907e-37
48.7780995501,2.4575141635,4.3783071025807855e-37
48.7829934407,2.4575141635,6.891525272854992e-37
48.7878873313,2.4575141635,2.254221865755746e-33
48.7927812219,2.4575141635,4.309595336505145e-28
48.7976751125,2.4575141635,2.1155231668174426e-23
48.8025690031,2.4575141635,2.6650531842673793e-19
48.8074628937,2.4575141635,8.615899747626396e-16
48.8123567843,2.4575141635,7.148288222050834e-13
48.8172506749,2.4575141635,1.5219841676443567e-10
48.8221445655,2.4575141635,8.316199051780362e-09
48.8270384561,2.4575141635,1.166128147659219e-07
48.8319323467,2.4575141635,4.1963754958060055e-07
48.8368262373,2.4575141635,3.8753333683950807e-07
48.8417201279,2.4575141635,9.18439291258029e-08
48.8466140185,2.4575141635,5.585968768199039e-09
48.8515079091,2.4575141635,8.718729700512849e-11
48.8564017997,2.4575141635,3.492326294147913e-13
48.8612956903,2.4575141635,3.5913760288098796e-16
48.8661895809,2.4575141635,1.7256581752121132e-19
48.8710834715,2.4575141635,2.908509711446862e-20
48.8759773621,2.4575141635,3.612557692847698e-20
48.8808712527,2.4575141635,3.5785283472033364e-19
48.8857651433,2.4575141635,3.3681853890571642e-18
48.8906590339,2.4575141635,2.511737520370689e-17
48.8955529245,2.4575141635,1.4802085647839705e-16
48.9004468151,2.4575141635,6.893344849269903e-16
48.9053407057,2.4575141635,2.536853707624915e-15
48.9102345963,2.4575141635,7.377669005009966e-15
48.9151284869,2.4575141635,1.6955134350692817e-14
48.9200223775,2.4575141635,3.0792264526933636e-14
48.9249162681,2.4575141635,4.4191663264516594e-14
48.9298101587,2.4575141635,5.0118422319596026e-14
48.9347040493,2.4575141635,4.491720871979048e-14
48.9395979399,2.4575141635,3.18116689317783e-14
48.9444918305,2.4575141635,1.780403637907412e-14
48.9493857211,2.4575141635,7.874243072783373e-15
48.9542796117,2.4575141635,2.7520573897486737e-15
48.9591735023,2.4575141635,7.600890575880103e-16
48.9640673929,2.4575141635,1.65893664148745e-16
48.9689612835,2.4575141635,2.861234440793448e-17
48.9738551741,2.4575141635,3.8997378482618484e-18
48.9787490647,2.4575141635,4.20025548854874e-19
48.7389484253,2.4624080541,4.211683406543534e-48
48.7438423159,2.4624080541,1.7076190595763742e-46
48.7487362065,2.4624080541,4.482319738266336e-45
48.7536300971,2.4624080541,7.61712768825576e-44
48.7585239877,2.4624080541,8.380235096486652e-43
48.7634178783,2.4624080541,5.96894713366552e-42
48.7683117689,2.4624080541,2.7524271052859583e-41
48.7732056595,2.4624080541,8.216947164801683e-41
48.7780995501,2.4624080541,1.5881377144679183e-40
48.7829934407,2.4624080541,5.7488307053688475e-40
48.7878873313,2.4624080541,3.105225499449353e-34
48.7927812219,2.4624080541,6.605560404473736e-29
48.7976751125,2.4624080541,3.6060693512630935e-24
48.8025690031,2.4624080541,5.0520209638030037e-20
48.8074628937,2.4624080541,1.816363954500711e-16
48.8123567843,2.4624080541,1.675896781931694e-13
48.8172506749,2.4624080541,3.9682435656029165e-11
48.8221445655,2.4624080541,2.411326593873312e-09
48.8270384561,2.4624080541,3.76028197167288e-08
48.8319323467,2.4624080541,1.5048438946288847e-07
48.8368262373,2.4624080541,1.5455005009792605e-07
48.8417201279,2.4624080541,4.073366723582623e-08
48.8466140185,2.4624080541,2.7551454663262608e-09
48.8515079091,2.4624080541,4.7823594761158096e-11
48.8564017997,2.4624080541,2.1303284451050733e-13
48.8612956903,2.4624080541,2.435343001480361e-16
48.8661895809,2.4624080541,7.23120649992107e-20
48.8710834715,2.4624080541,3.508911984233499e-22
48.8759773621,2.4624080541,1.1226781940090138e-22
48.8808712527,2.4624080541,3.760191111139714e-22
48.8857651433,2.4624080541,4.706193673957e-21
48.8906590339,2.4624080541,4.853652818624243e-20
48.8955529245,2.4624080541,3.957213212518193e-19
48.9004468151,2.4624080541,2.549586321272043e-18
48.9053407057,2.4624080541,1.298100517086972e-17
48.9102345963,2.4624080541,5.222822308896559e-17
48.9151284869,2.4624080541,1.6605826772457413e-16
48.9200223775,2.4624080541,4.1722860990824575e-16
48.9249162681,2.4624080541,8.284112417337342e-16
48.9298101587,2.4624080541,1.2997990393207568e-15
48.9347040493,2.4624080541,1.6116278535352594e-15
48.9395979399,2.4624080541,1.5791073053454361e-15
48.9444918305,2.4624080541,1.2226913670825688e-15
48.9493857211,2.4624080541,7.481356912160654e-16
48.9542796117,2.4624080541,3.6174474204867633e-16
48.9591735023,2.4624080541,1.382236655287424e-16
48.9640673929,2.4624080541,4.173696923632758e-17
48.9689612835,2.4624080541,9.959045986973654e-18
48.9738551741,2.4624080541,1.8779018570045897e-18
48.9787490647,2.4624080541,2.7982490829970784e-19
48.7389484253,2.4673019447,5.405083613153673e-51
48.7438423159,2.4673019447,1.7531270029597178e-49
48.7487362065,2.4673019447,3.6812974093299226e-48
48.7536300971,2.4673019447,5.004549564709239e-47
48.7585239877,2.4673019447,4.404591618247088e-46
48.7634178783,2.4673019447,2.5097060912937397e-45
48.7683117689,2.4673019447,9.257988672500701e-45
48.7732056595,2.4673019447,2.2109912151240584e-44
48.7780995501,2.4673019447,3.419880037396304e-44
48.7829934407,2.4673019447,4.392404456211226e-41
48.7878873313,2.4673019447,4.045800813915078e-35
48.7927812219,2.4673019447,9.571173965848467e-30
48.7976751125,2.4673019447,5.810755366336512e-25
48.8025690031,2.4673019447,9.053294235729093e-21
48.8074628937,2.4673019447,3.619823041882397e-17
48.8123567843,2.4673019447,3.71428057053754e-14
48.8172506749,2.4673019447,9.780672888522796e-12
48.8221445655,2.4673019447,6.609512428386243e-10
48.8270384561,2.4673019447,1.146243205304921e-08
48.8319323467,2.4673019447,5.1014165463800585e-08
48.8368262373,2.4673019447,5.8265497645134785e-08
48.8417201279,2.4673019447,1.7078070232274498e-08
48.8466140185,2.4673019447,1.2846144172742813e-09
48.8515079091,2.4673019447,2.479781695061191e-11
48.8564017997,2.4673019447,1.2284592913151293e-13
48.8612956903,2.4673019447,1.5617617390633836e-16
48.8661895809,2.4673019447,5.096074107495709e-20
48.8710834715,2.4673019447,7.477300710743434e-24
48.8759773621,2.4673019447,9.700399684549087e-25
48.8808712527,2.4673019447,3.7657239972374744e-25
48.8857651433,2.4673019447,3.3893104013136944e-24
48.8906590339,2.4673019447,4.8025151688806156e-23
48.8955529245,2.4673019447,5.416821963766673e-22
48.9004468151,2.4673019447,4.828340901932331e-21
48.9053407057,2.4673019447,3.401024119345753e-20
48.9102345963,2.4673019447,1.8931273232138403e-19
48.9151284869,2.4673019447,8.327377648984776e-19
48.9200223775,2.4673019447,2.894643087572359e-18
48.9249162681,2.4673019447,7.951336065452545e-18
48.9298101587,2.4673019447,1.7260108503025185e-17
48.9347040493,2.4673019447,2.9607740022554047e-17
48.9395979399,2.4673019447,4.0135189784204493e-17
48.9444918305,2.4673019447,4.299358977095398e-17
48.9493857211,2.4673019447,3.639489080175433e-17
48.9542796117,2.4673019447,2.434643953146457e-17
48.9591735023,2.4673019447,1.287030446100746e-17
48.9640673929,2.4673019447,5.3765106249368274e-18
48.9689612835,2.4673019447,1.7748862343146097e-18
48.9738551741,2.4673019447,4.630190493110501e-19
48.9787490647,2.4673019447,9.545210752910182e-20
