LATITUDE,LONGITUDE,probability
48.7389484253,2.2275013053,3.328531515207827e-235
48.7438423159,2.2275013053,3.855455230227275e-220
48.7487362065,2.2275013053,1.1858727260920924e-205
48.7536300971,2.2275013053,9.685898694728205e-192
48.7585239877,2.2275013053,2.1007829751087197e-178
48.7634178783,2.2275013053,1.2099345580605958e-165
48.7683117689,2.2275013053,1.8504697858275098e-153
48.7732056595,2.2275013053,7.515217268972726e-142
48.7780995501,2.2275013053,8.104766521557493e-131
48.7829934407,2.2275013053,2.3210200985862102e-120
48.7878873313,2.2275013053,1.765048807995506e-110
48.7927812219,2.2275013053,3.564297635028973e-101
48.7976751125,2.2275013053,1.911307794296693e-92
48.8025690031,2.2275013053,2.721615216918313e-84
48.8074628937,2.2275013053,1.029111054458585e-76
48.8123567843,2.2275013053,1.0333255962899633e-69
48.8172506749,2.2275013053,2.755190019564257e-63
48.8221445655,2.2275013053,1.9507667787670307e-57
48.8270384561,2.2275013053,3.6677402448107926e-52
48.8319323467,2.2275013053,1.8311807553894457e-47
48.8368262373,2.2275013053,2.4277462142687165e-43
48.8417201279,2.2275013053,8.547021192915631e-40
48.8466140185,2.2275013053,7.990348127528049e-37
48.8515079091,2.2275013053,1.983608894300375e-34
48.8564017997,2.2275013053,1.3076328366009296e-32
48.8612956903,2.2275013053,2.2890486020527624e-31
48.8661895809,2.2275013053,1.0640539179581146e-30
48.8710834715,2.2275013053,1.31344436509996e-30
48.8759773621,2.2275013053,4.305257711818339e-31
48.8808712527,2.2275013053,3.747365466201414e-32
48.8857651433,2.2275013053,8.661485293614015e-34
48.8906590339,2.2275013053,5.3161609332042404e-36
48.8955529245,2.2275013053,8.66449573202437e-39
48.9004468151,2.2275013053,3.749970833088393e-42
48.9053407057,2.2275013053,4.309748356783923e-46
48.9102345963,2.2275013053,1.3152713521225532e-50
48.9151284869,2.2275013053,1.0659043490017962e-55
48.9200223775,2.2275013053,2.293826325597119e-61
48.9249162681,2.2275013053,1.3108175774586743e-67
48.9298101587,2.2275013053,1.9891310896429533e-74
48.9347040493,2.2275013053,8.015377469819675e-82
48.9395979399,2.2275013053,8.576774244509534e-90
48.9444918305,2.2275013053,2.4370441856827674e-98
48.9493857211,2.2275013053,1.8388328478049164e-107
48.9542796117,2.2275013053,3.6843470153462814e-117
48.9591735023,2.2275013053,1.960280538256802e-127
48.9640673929,2.2275013053,2.769589178438177e-138
48.9689612835,2.2275013053,5.9321357380574075e-146
48.9738551741,2.2275013053,3.5222818695105574e-143
48.9787490647,2.2275013053,1.801962638386138e-140
48.7389484253,2.2323951959,1.6495221463151213e-228
48.7438423159,2.2323951959,1.3346577460076025e-213
48.7487362065,2.2323951959,2.8676166753178467e-199
48.7536300971,2.2323951959,1.6361070205843613e-185
48.7585239877,2.2323951959,2.478801466835802e-172
48.7634178783,2.2323951959,9.972664433982293e-160
48.7683117689,2.2323951959,1.0654181539080239e-147
48.7732056595,2.2323951959,3.0225145795611273e-136
48.7780995501,2.2323951959,2.276963880629834e-125
48.7829934407,2.2323951959,4.554946745319885e-115
48.7878873313,2.2323951959,2.419635185256981e-105
48.7927812219,2.2323951959,3.413154157056633e-96
48.7976751125,2.2323951959,1.2785017939934514e-87
48.8025690031,2.2323951959,1.2717044905166405e-79
48.8074628937,2.2323951959,3.3590037842743675e-72
48.8123567843,2.2323951959,2.3559941438454493e-65
48.8172506749,2.2323951959,4.388108378161146e-59
48.8221445655,2.2323951959,2.1703006935714575e-53
48.8270384561,2.2323951959,2.850374330852155e-48
48.8319323467,2.2323951959,9.940845237608285e-44
48.8368262373,2.2323951959,9.206279421746661e-40
48.8417201279,2.2323951959,2.264041675181826e-36
48.8466140185,2.2323951959,1.4785094569944616e-33
48.8515079091,2.2323951959,2.563912630898215e-31
48.8564017997,2.2323951959,1.1806516059819881e-29
48.8612956903,2.2323951959,1.443709212352308e-28
48.8661895809,2.2323951959,4.687886825740272e-28
48.8710834715,2.2323951959,4.042164042149246e-28
48.8759773621,2.2323951959,9.255293075326543e-29
48.8808712527,2.2323951959,5.627374806001839e-30
48.8857651433,2.2323951959,9.085753152364949e-32
48.8906590339,2.2323951959,3.895430409159953e-34
48.8955529245,2.2323951959,4.434956783028814e-37
48.9004468151,2.2323951959,1.3407961656889646e-40
48.9053407057,2.2323951959,1.0764046164596208e-44
48.9102345963,2.2323951959,2.2947097940324625e-49
48.9151284869,2.2323951959,1.2990306914898065e-54
48.9200223775,2.2323951959,1.952767237096276e-60
48.9249162681,2.2323951959,7.795087117299078e-67
48.9298101587,2.2323951959,8.262869458614509e-74
48.9347040493,2.2323951959,2.325842141582233e-81
48.9395979399,2.2323951959,1.7384772186324897e-89
48.9444918305,2.2323951959,3.450620498899147e-98
48.9493857211,2.2323951959,1.8187157055500046e-107
48.9542796117,2.2323951959,2.5454927333336963e-117
48.9591735023,2.2323951959,9.460592388175518e-128
48.9640673929,2.2323951959,2.2219203394141362e-136
48.9689612835,2.2323951959,1.091696628885674e-133
48.9738551741,2.2323951959,4.640201670720112e-131
48.9787490647,2.2323951959,1.6990427709170948e-128
48.7389484253,2.2372890865,5.615343921514298e-222
48.7438423159,2.2372890865,3.173780522982928e-207
48.7487362065,2.2372890865,4.763397736069772e-193
48.7536300971,2.2372890865,1.898437161027981e-179
48.7585239877,2.2372890865,2.0091623540025702e-166
48.7634178783,2.2372890865,5.646421088158969e-154
48.7683117689,2.2372890865,4.213770895266767e-142
48.7732056595,2.2372890865,8.35041386165745e-131
48.7780995501,2.2372890865,4.3942474254411075e-120
48.7829934407,2.2372890865,6.140453383286192e-110
48.7878873313,2.2372890865,2.2785354802706852e-100
48.7927812219,2.2372890865,2.2451769645494624e-91
48.7976751125,2.2372890865,5.8746877097194386e-83
48.8025690031,2.2372890865,4.0818629364838477e-75
48.8074628937,2.2372890865,7.531326494395606e-68
48.8123567843,2.2372890865,3.689979541453713e-61
48.8172506749,2.2372890865,4.80082490176608e-55
48.8221445655,2.2372890865,1.6586211529357705e-49
48.8270384561,2.2372890865,1.5216611699416833e-44
48.8319323467,2.2372890865,3.707047425238344e-40
48.8368262373,2.2372890865,2.398157770028331e-36
48.8417201279,2.2372890865,4.119711323819143e-33
48.8466140185,2.2372890865,1.879296239011197e-30
48.8515079091,2.2372890865,2.2764762784618965e-28
48.8564017997,2.2372890865,7.322686458291467e-27
48.8612956903,2.2372890865,6.254853957683888e-26
48.8661895809,2.2372890865,1.4187417011190282e-25
48.8710834715,2.2372890865,8.545331589143094e-26
48.8759773621,2.2372890865,1.3667652557139417e-26
48.8808712527,2.2372890865,5.804948430602883e-28
48.8857651433,2.2372890865,6.54699828197332e-30
48.8906590339,2.2372890865,1.9607648514137748e-32
48.8955529245,2.2372890865,1.5593665882613328e-35
48.9004468151,2.2372890865,3.2931412671051726e-39
48.9053407057,2.2372890865,1.8467662240235327e-43
48.9102345963,2.2372890865,2.750128014303869e-48
48.9151284869,2.2372890865,1.0875101581530185e-53
48.9200223775,2.2372890865,1.141965963104927e-59
48.9249162681,2.2372890865,3.184288602364714e-66
48.9298101587,2.2372890865,2.357822513423804e-73
48.9347040493,2.2372890865,4.636061871031797e-81
48.9395979399,2.2372890865,2.420620804005058e-89
48.9444918305,2.2372890865,3.356168252994156e-98
48.9493857211,2.2372890865,1.2356632020731992e-107
48.9542796117,2.2372890865,1.2080806479168103e-117
48.9591735023,2.2372890865,4.102508322735553e-127
48.9640673929,2.2372890865,1.553191715568643e-124
48.9689612835,2.2372890865,5.484956206142215e-122
48.9738551741,2.2372890865,1.6686061196392972e-119
48.9787490647,2.2372890865,4.3728750540094734e-117
48.7389484253,2.2421829771,1.313128728167902e-215
48.7438423159,2.2421829771,5.18437732286365e-201
48.7487362065,2.2421829771,5.435322617529759e-187
48.7536300971,2.2421829771,1.5131900503348365e-173
48.7585239877,2.2421829771,1.1186675803857828e-160
48.7634178783,2.2421829771,2.196079472772619e-148
48.7683117689,2.2421829771,1.1448128040240141e-136
48.7732056595,2.2421829771,1.5847484251271037e-125
48.7780995501,2.2421829771,5.825398033150861e-115
48.7829934407,2.2421829771,5.6863070359619005e-105
48.7878873313,2.2421829771,1.4739217662721581e-95
48.7927812219,2.2421829771,1.0145138585063163e-86
48.7976751125,2.2421829771,1.8543041093648115e-78
48.8025690031,2.2421829771,9.000017683424481e-71
48.8074628937,2.2421829771,1.1599658136664862e-63
48.8123567843,2.2421829771,3.969962846334187e-57
48.8172506749,2.2421829771,3.608004910656059e-51
48.8221445655,2.2421829771,8.707374482202784e-46
48.8270384561,2.2421829771,5.580161273760214e-41
48.8319323467,2.2421829771,9.49610928490013e-37
48.8368262373,2.2421829771,4.2912526282954906e-33
48.8417201279,2.2421829771,5.1494623366626276e-30
48.8466140185,2.2421829771,1.6408886646076844e-27
48.8515079091,2.2421829771,1.388467660773593e-25
48.8564017997,2.2421829771,3.119836596509434e-24
48.8612956903,2.2421829771,1.8615184826393867e-23
48.8661895809,2.2421829771,2.9494584482802276e-23
48.8710834715,2.2421829771,1.2409567254996273e-23
48.8759773621,2.2421829771,1.3864698092841832e-24
48.8808712527,2.2421829771,4.1134253710719913e-26
48.8857651433,2.2421829771,3.2406807760865687e-28
48.8906590339,2.2421829771,6.779666150583082e-31
48.8955529245,2.2421829771,3.7663423134136122e-34
48.9004468151,2.2421829771,5.556108211049648e-38
48.9053407057,2.2421829771,2.1765118036564056e-42
48.9102345963,2.2421829771,2.264074864509432e-47
48.9151284869,2.2421829771,6.254030068435478e-53
48.9200223775,2.2421829771,4.587420720008005e-59
48.9249162681,2.2421829771,8.935453599451585e-66
48.9298101587,2.2421829771,4.621724579914772e-73
48.9347040493,2.2421829771,6.347912674474264e-81
48.9395979399,2.2421829771,2.315246580517273e-89
48.9444918305,2.2421829771,2.2423478490351663e-98
48.9493857211,2.2421829771,5.7669759789525746e-108
48.9542796117,2.2421829771,6.9167910370405255e-118
48.9591735023,2.2421829771,1.014362991750506e-115
48.9640673929,2.2421829771,2.976149251149158e-113
48.9689612835,2.2421829771,7.522264265472069e-111
48.9738551741,2.2421829771,1.6378534319146995e-108
48.9787490647,2.2421829771,3.072090831927468e-106
48.7389484253,2.2470768677,2.1093613172957902e-209
48.7438423159,2.2470768677,5.817401604842939e-195
48.7487362065,2.2470768677,4.260362374901767e-181
48.7536300971,2.2470768677,8.285208842492384e-168
48.7585239877,2.2470768677,4.278581456927347e-155
48.7634178783,2.2470768677,5.867263250277747e-143
48.7683117689,2.2470768677,2.1365387279315984e-131
48.7732056595,2.2470768677,2.0659765593571458e-120
48.7780995501,2.2470768677,5.304927281814753e-110
48.7829934407,2.2470768677,3.6172031947320216e-100
48.7878873313,2.2470768677,6.549464637332184e-91
48.7927812219,2.2470768677,3.1490396042360044e-82
48.7976751125,2.2470768677,4.020590747381362e-74
48.8025690031,2.2470768677,1.3631418153904114e-66
48.8074628937,2.2470768677,1.2272460330738724e-59
48.8123567843,2.2470768677,2.934010466929638e-53
48.8172506749,2.2470768677,1.862649352985288e-47
48.8221445655,2.2470768677,3.140074688583398e-42
48.8270384561,2.2470768677,1.4056858580764972e-37
48.8319323467,2.2470768677,1.6709982624429057e-33
48.8368262373,2.2470768677,5.274765368734539e-30
48.8417201279,2.2470768677,4.421500915376322e-27
48.8466140185,2.2470768677,9.841826792126434e-25
48.8515079091,2.2470768677,5.817295713127992e-23
48.8564017997,2.2470768677,9.130740282100214e-22
48.8612956903,2.2470768677,3.805662436814605e-21
48.8661895809,2.2470768677,4.212054314046346e-21
48.8710834715,2.2470768677,1.237932848400174e-21
48.8759773621,2.2470768677,9.66139051133077e-23
48.8808712527,2.2470768677,2.0022652554112073e-24
48.8857651433,2.2470768677,1.101902101140059e-26
48.8906590339,2.2470768677,1.610289037331945e-29
48.8955529245,2.2470768677,6.248907364799874e-33
48.9004468151,2.2470768677,6.439375667332909e-37
48.9053407057,2.2470768677,1.762068805956488e-41
48.9102345963,2.2470768677,1.2803873915788661e-46
48.9151284869,2.2470768677,2.4705823814269804e-52
48.9200223775,2.2470768677,1.265892177981914e-58
48.9249162681,2.2470768677,1.7223980212737444e-65
48.9298101587,2.2470768677,6.223142484289018e-73
48.9347040493,2.2470768677,5.970702009381747e-81
48.9395979399,2.2470768677,1.5211795340214914e-89
48.9444918305,2.2470768677,1.0291412268310157e-98
48.9493857211,2.2470768677,1.9563452587513523e-108
48.9542796117,2.2470768677,3.040933764201128e-107
48.9591735023,2.2470768677,7.412786359562972e-105
48.9640673929,2.2470768677,1.5566413957530542e-102
48.9689612835,2.2470768677,2.8159713760624047e-100
48.9738551741,2.2470768677,4.388341987564068e-98
48.9787490647,2.2470768677,5.891220298013446e-96
48.7389484253,2.2519707583,2.3275948330142495e-203
48.7438423159,2.2519707583,4.4840889897356885e-189
48.7487362065,2.2519707583,2.293931718816575e-175
48.7536300971,2.2519707583,3.116206114588923e-162
48.7585239877,2.2519707583,1.124116414491183e-149
48.7634178783,2.2519707583,1.0768019385849758e-137
48.7683117689,2.2519707583,2.739048947137883e-126
48.7732056595,2.2519707583,1.8501339942088433e-115
48.7780995501,2.2519707583,3.3185319081820877e-105
48.7829934407,2.2519707583,1.580622784202065e-95
48.7878873313,2.2519707583,1.999170815373735e-86
48.7927812219,2.2519707583,6.7144584961378195e-78
48.7976751125,2.2519707583,5.988409758167718e-70
48.8025690031,2.2519707583,1.4182456176510255e-62
48.8074628937,2.2519707583,8.919300919066515e-56
48.8123567843,2.2519707583,1.489531211126763e-49
48.8172506749,2.2519707583,6.605532356189237e-44
48.8221445655,2.2519707583,7.778672121377706e-39
48.8270384561,2.2519707583,2.4324422199789432e-34
48.8319323467,2.2519707583,2.019849564420591e-30
48.8368262373,2.2519707583,4.453843394285702e-27
48.8417201279,2.2519707583,2.60789609998104e-24
48.8466140185,2.2519707583,4.0549457905005566e-22
48.8515079091,2.2519707583,1.6742459057132836e-20
48.8564017997,2.2519707583,1.8356626172215437e-19
48.8612956903,2.2519707583,5.344485548435734e-19
48.8661895809,2.2519707583,4.1319815688003277e-19
48.8710834715,2.2519707583,8.483015672965968e-20
48.8759773621,2.2519707583,4.624678943701903e-21
48.8808712527,2.2519707583,6.695026995983417e-23
48.8857651433,2.2519707583,2.5737271381809315e-25
48.8906590339,2.2519707583,2.6273147045537884e-28
48.8955529245,2.2519707583,7.121986010514143e-32
48.9004468151,2.2519707583,5.126601511822711e-36
48.9053407057,2.2519707583,9.79935365451342e-41
48.9102345963,2.2519707583,4.973987927478047e-46
48.9151284869,2.2519707583,6.704269246553712e-52
48.9200223775,2.2519707583,2.3995930381137646e-58
48.9249162681,2.2519707583,2.2806737515433514e-65
48.9298101587,2.2519707583,5.75609774938117e-73
48.9347040493,2.2519707583,3.8577366931789014e-81
48.9395979399,2.2519707583,6.865567297158571e-90
48.9444918305,2.2519707583,3.2623886804890653e-99
48.9493857211,2.2519707583,4.184713786786755e-99
48.9542796117,2.2519707583,8.475269067634872e-97
48.9591735023,2.2519707583,1.4786786372828924e-94
48.9640673929,2.2519707583,2.2224227347837815e-92
48.9689612835,2.2519707583,2.877478666064003e-90
48.9738551741,2.2519707583,3.2094463658193804e-88
48.9787490647,2.2519707583,3.0837609257578592e-86
48.7389484253,2.2568646489,1.7643178594256559e-197
48.7438423159,2.2568646489,2.3742810800257127e-183
48.7487362065,2.2568646489,8.48451779523491e-170
48.7536300971,2.2568646489,8.051218689195372e-157
48.7585239877,2.2568646489,2.0287825779232828e-144
48.7634178783,2.2568646489,1.3575280608399874e-132
48.7683117689,2.2568646489,2.4121346616686573e-121
48.7732056595,2.2568646489,1.1381348153262146e-110
48.7780995501,2.2568646489,1.426018937191764e-100
48.7829934407,2.2568646489,4.744563925262032e-91
48.7878873313,2.2568646489,4.1918596867030874e-82
48.7927812219,2.2568646489,9.834597655179879e-74
48.7976751125,2.2568646489,6.126971811666146e-66
48.8025690031,2.2568646489,1.0136186498132777e-58
48.8074628937,2.2568646489,4.452897806230292e-52
48.8123567843,2.2568646489,5.19457820460068e-46
48.8172506749,2.2568646489,1.609152761780763e-40
48.8221445655,2.2568646489,1.3236820699677842e-35
48.8270384561,2.2568646489,2.891408960117222e-31
48.8319323467,2.2568646489,1.6771611125916595e-27
48.8368262373,2.2568646489,2.5833275224539804e-24
48.8417201279,2.2568646489,1.0566315712282592e-21
48.8466140185,2.2568646489,1.1476438139542434e-19
48.8515079091,2.2568646489,3.3100159192925806e-18
48.8564017997,2.2568646489,2.5350846762003444e-17
48.8612956903,2.2568646489,5.1557788771563104e-17
48.8661895809,2.2568646489,2.784424977541333e-17
48.8710834715,2.2568646489,3.9931551458438454e-18
48.8759773621,2.2568646489,1.5206745321789068e-19
48.8808712527,2.2568646489,1.5377855872150864e-21
48.8857651433,2.2568646489,4.129473895164505e-24
48.8906590339,2.2568646489,2.944645978933763e-27
48.8955529245,2.2568646489,5.575847385064373e-31
48.9004468151,2.2568646489,2.8036777349074413e-35
48.9053407057,2.2568646489,3.743559432873922e-40
48.9102345963,2.2568646489,1.327335766993697e-45
48.9151284869,2.2568646489,1.2497302648308627e-51
48.9200223775,2.2568646489,3.1245767910926293e-58
48.9249162681,2.2568646489,2.0744622827869264e-65
48.9298101587,2.2568646489,3.657289243614844e-73
48.9347040493,2.2568646489,1.712192142028534e-81
48.9395979399,2.2568646489,2.1299094952487797e-90
48.9444918305,2.2568646489,2.6434420505149693e-91
48.9493857211,2.2568646489,4.448061058616113e-89
48.9542796117,2.2568646489,6.447691592459838e-87
48.9591735023,2.2568646489,8.051380298803785e-85
48.9640673929,2.2568646489,8.66101905144425e-83
48.9689612835,2.2568646489,8.026019600079305e-81
48.9738551741,2.2568646489,6.407136947403054e-79
48.9787490647,2.2568646489,4.406161042853114e-77
48.7389484253,2.2617585395,9.232176964747727e-192
48.7438423159,2.2617585395,8.635803926039285e-178
48.7487362065,2.2617585395,2.155691332926675e-164
48.7536300971,2.2617585395,1.428926213570708e-151
48.7585239877,2.2617585395,2.5151996064432018e-139
48.7634178783,2.2617585395,1.1756404885283676e-127
48.7683117689,2.2617585395,1.4592040889771245e-116
48.7732056595,2.2617585395,4.809467192519958e-106
48.7780995501,2.2617585395,4.209372120920825e-96
48.7829934407,2.2617585395,9.783113663978216e-87
48.7878873313,2.2617585395,6.037766362823577e-78
48.7927812219,2.2617585395,9.89498027884644e-70
48.7976751125,2.2617585395,4.306188012104627e-62
48.8025690031,2.2617585395,4.976344838648904e-55
48.8074628937,2.2617585395,1.527099631758073e-48
48.8123567843,2.2617585395,1.2444106024294295e-42
48.8172506749,2.2617585395,2.692771226910412e-37
48.8221445655,2.2617585395,1.5473004032399032e-32
48.8270384561,2.2617585395,2.360963345238403e-28
48.8319323467,2.2617585395,9.566284125864398e-25
48.8368262373,2.2617585395,1.0292875788177055e-21
48.8417201279,2.2617585395,2.9408279228165057e-19
48.8466140185,2.2617585395,2.2312175637202303e-17
48.8515079091,2.2617585395,4.495247951687962e-16
48.8564017997,2.2617585395,2.404943118180247e-15
48.8612956903,2.2617585395,3.4166098699328606e-15
48.8661895809,2.2617585395,1.28891832609464e-15
48.8710834715,2.2617585395,1.2912039064016136e-16
48.8759773621,2.2617585395,3.4348176760530067e-18
48.8808712527,2.2617585395,2.4263417560529897e-20
48.8857651433,2.2617585395,4.5513441982836503e-23
48.8906590339,2.2617585395,2.2670798350141577e-26
48.8955529245,2.2617585395,2.9987024378827024e-30
48.9004468151,2.2617585395,1.053269132172778e-34
48.9053407057,2.2617585395,9.823918836340591e-40
48.9102345963,2.2617585395,2.4331540152946857e-45
48.9151284869,2.2617585395,1.6002721957204747e-51
48.9200223775,2.2617585395,2.7948438225536168e-58
48.9249162681,2.2617585395,1.2961660865413028e-65
48.9298101587,2.2617585395,1.5962583766833472e-73
48.9347040493,2.2617585395,5.220648369439478e-82
48.9395979399,2.2617585395,7.665122261526873e-84
48.9444918305,2.2617585395,1.0716012705148026e-81
48.9493857211,2.2617585395,1.2905651925989474e-79
48.9542796117,2.2617585395,1.3389342295291101e-77
48.9591735023,2.2617585395,1.196660923913316e-75
48.9640673929,2.2617585395,9.213307023522954e-74
48.9689612835,2.2617585395,6.110722284085631e-72
48.9738551741,2.2617585395,3.4914201839159044e-70
48.9787490647,2.2617585395,1.7184791155575883e-68
48.7389484253,2.2666524301,4.446367790308398e-185
48.7438423159,2.2666524301,2.1576790813639368e-172
48.7487362065,2.2666524301,3.762345881483998e-159
48.7536300971,2.2666524301,1.7420905142480794e-146
48.7585239877,2.2666524301,2.142013178523089e-134
48.7634178783,2.2666524301,6.993796414564584e-123
48.7683117689,2.2666524301,6.063777523901232e-112
48.7732056595,2.2666524301,1.3960885234575323e-101
48.7780995501,2.2666524301,8.535364657234708e-92
48.7829934407,2.2666524301,1.3857045043869912e-82
48.7878873313,2.2666524301,5.9739089946446665e-74
48.7927812219,2.2666524301,6.838896028754477e-66
48.7976751125,2.2666524301,2.0789920341758062e-58
48.8025690031,2.2666524301,1.6782593466941183e-51
48.8074628937,2.2666524301,3.5975326907352354e-45
48.8123567843,2.2666524301,2.047810892557198e-39
48.8172506749,2.2666524301,3.095382861223965e-34
48.8221445655,2.2666524301,1.2424482929097562e-29
48.8270384561,2.2666524301,1.3242857291514666e-25
48.8319323467,2.2666524301,3.74821504461388e-22
48.8368262373,2.2666524301,2.817128940702944e-19
48.8417201279,2.2666524301,5.622485914551815e-17
48.8466140185,2.2666524301,2.9798160307227176e-15
48.8515079091,2.2666524301,4.193628485074261e-14
48.8564017997,2.2666524301,1.56721969258974e-13
48.8612956903,2.2666524301,1.5552823081599545e-13
48.8661895809,2.2666524301,4.098528965453034e-14
48.8710834715,2.2666524301,2.868046648727262e-15
48.8759773621,2.2666524301,5.3294677457697415e-17
48.8808712527,2.2666524301,2.6297889168556994e-19
48.8857651433,2.2666524301,3.4458579347843846e-22
48.8906590339,2.2666524301,1.1989836791244993e-25
48.8955529245,2.2666524301,1.1078184647955961e-29
48.9004468151,2.2666524301,2.718086996820961e-34
48.9053407057,2.2666524301,1.7709142455145684e-39
48.9102345963,2.2666524301,3.063875650992825e-45
48.9151284869,2.2666524301,1.4076159011716047e-51
48.9200223775,2.2666524301,1.7172622315033965e-58
48.9249162681,2.2666524301,5.56324899017142e-66
48.9298101587,2.2666524301,4.7859335998951405e-74
48.9347040493,2.2666524301,1.020267441996223e-76
48.9395979399,2.2666524301,1.1850616219622508e-74
48.9444918305,2.2666524301,1.185771133659469e-72
48.9493857211,2.2666524301,1.0220999860416554e-70
48.9542796117,2.2666524301,7.589592523657517e-69
48.9591735023,2.2666524301,4.854853239812712e-67
48.9640673929,2.2666524301,2.6752620000787138e-65
48.9689612835,2.2666524301,1.269957257859407e-63
48.9738551741,2.2666524301,5.1933125047011695e-62
48.9787490647,2.2666524301,1.829499848814079e-60
48.7389484253,2.2715463207,9.22806692820719e-177
48.7438423159,2.2715463207,3.712816934545304e-167
48.7487362065,2.2715463207,4.5106963755466e-154
48.7536300971,2.2715463207,1.458963278522355e-141
48.7585239877,2.2715463207,1.2530966037144086e-129
48.7634178783,2.2715463207,2.8580128032662714e-118
48.7683117689,2.2715463207,1.7309447757372555e-107
48.7732056595,2.2715463207,2.783823391961847e-97
48.7780995501,2.2715463207,1.1888842468554673e-87
48.7829934407,2.2715463207,1.3482700595631766e-78
48.7878873313,2.2715463207,4.0602580264673427e-70
48.7927812219,2.2715463207,3.2469066443011696e-62
48.7976751125,2.2715463207,6.894859097573124e-55
48.8025690031,2.2715463207,3.887947699054463e-48
48.8074628937,2.2715463207,5.821767510067729e-42
48.8123567843,2.2715463207,2.314881303046703e-36
48.8172506749,2.2715463207,2.4442297260073026e-31
48.8221445655,2.2715463207,6.8532210646904e-27
48.8270384561,2.2715463207,5.102545497537773e-23
48.8319323467,2.2715463207,1.0088310853966702e-19
48.8368262373,2.2715463207,5.296505785034538e-17
48.8417201279,2.2715463207,7.384139136341314e-15
48.8466140185,2.2715463207,2.7336928501673324e-13
48.8515079091,2.2715463207,2.6874413040295046e-12
48.8564017997,2.2715463207,7.015646268931016e-12
48.8612956903,2.2715463207,4.86335312797752e-12
48.8661895809,2.2715463207,8.952479829873508e-13
48.8710834715,2.2715463207,4.3761310868835635e-14
48.8759773621,2.2715463207,5.680371235888438e-16
48.8808712527,2.2715463207,1.957954258223209e-18
48.8857651433,2.2715463207,1.7921228977077753e-21
48.8906590339,2.2715463207,4.355845440577429e-25
48.8955529245,2.2715463207,2.8113606304960444e-29
48.9004468151,2.2715463207,4.81836928371137e-34
48.9053407057,2.2715463207,2.192921217795047e-39
48.9102345963,2.2715463207,2.650241210520992e-45
48.9151284869,2.2715463207,8.505252304147572e-52
48.9200223775,2.2715463207,7.248170902741615e-59
48.9249162681,2.2715463207,1.6402518910991628e-66
48.9298101587,2.2715463207,6.233904798690425e-70
48.9347040493,2.2715463207,6.015806824224894e-68
48.9395979399,2.2715463207,5.001117219706503e-66
48.9444918305,2.2715463207,3.5815643180582604e-64
48.9493857211,2.2715463207,2.209586684639334e-62
48.9542796117,2.2715463207,1.1743076829937017e-60
48.9591735023,2.2715463207,5.376322712133752e-59
48.9640673929,2.2715463207,2.1204172317470633e-57
48.9689612835,2.2715463207,7.204268481787466e-56
48.9738551741,2.2715463207,2.1085845619015772e-54
48.9787490647,2.2715463207,5.316486609823766e-53
48.7389484253,2.2764402113,5.119773057797466e-169
48.7438423159,2.2764402113,1.0851066461927974e-161
48.7487362065,2.2764402113,3.714853461706526e-149
48.7536300971,2.2764402113,8.393261195537344e-137
48.7585239877,2.2764402113,5.035698266703607e-125
48.7634178783,2.2764402113,8.022839172173482e-114
48.7683117689,2.2764402113,3.394188034272753e-103
48.7732056595,2.2764402113,3.8131433742059904e-93
48.7780995501,2.2764402113,1.1375481728735763e-83
48.7829934407,2.2764402113,9.011475049309575e-75
48.7878873313,2.2764402113,1.8956641508508988e-66
48.7927812219,2.2764402113,1.0589277633314713e-58
48.7976751125,2.2764402113,1.5707631273133e-51
48.8025690031,2.2764402113,6.187204721008144e-45
48.8074628937,2.2764402113,6.471689903202257e-39
48.8123567843,2.2764402113,1.7975473456298474e-33
48.8172506749,2.2764402113,1.3258133931980977e-28
48.8221445655,2.2764402113,2.596712633614955e-24
48.8270384561,2.2764402113,1.3505317702702725e-20
48.8319323467,2.2764402113,1.8651988736087324e-17
48.8368262373,2.2764402113,6.840453722603514e-15
48.8417201279,2.2764402113,6.661685090007707e-13
48.8466140185,2.2764402113,1.722751806413561e-11
48.8515079091,2.2764402113,1.183043610210659e-10
48.8564017997,2.2764402113,2.1573381306379218e-10
48.8612956903,2.2764402113,1.0446603472657394e-10
48.8661895809,2.2764402113,1.343295086244009e-11
48.8710834715,2.2764402113,4.586772152751426e-13
48.8759773621,2.2764402113,4.158936920739071e-15
48.8808712527,2.2764402113,1.0013754152905218e-17
48.8857651433,2.2764402113,6.402519966536175e-21
48.8906590339,2.2764402113,1.0870371420302623e-24
48.8955529245,2.2764402113,4.9009159042197704e-29
48.9004468151,2.2764402113,5.867451963002002e-34
48.9053407057,2.2764402113,1.8653539888735688e-39
48.9102345963,2.2764402113,1.574752849417553e-45
48.9151284869,2.2764402113,3.5302297517765556e-52
48.9200223775,2.2764402113,2.1015191509169037e-59
48.9249162681,2.2764402113,1.7487220226473274e-63
48.9298101587,2.2764402113,1.4018193953809203e-61
48.9347040493,2.2764402113,9.682297629340191e-60
48.9395979399,2.2764402113,5.7609931820701896e-58
48.9444918305,2.2764402113,2.9529008357170184e-56
48.9493857211,2.2764402113,1.3038659167859769e-54
48.9542796117,2.2764402113,4.9596333531217945e-53
48.9591735023,2.2764402113,1.6251699357395368e-51
48.9640673929,2.2764402113,4.587547310811461e-50
48.9689612835,2.2764402113,1.1155650543673216e-48
48.9738551741,2.2764402113,2.3369090759482966e-47
48.9787490647,2.2764402113,4.217171840861905e-46
48.7389484253,2.2813341019,7.033906424082408e-162
48.7438423159,2.2813341019,1.0912456195792905e-154
48.7487362065,2.2813341019,2.1024561996505702e-144
48.7536300971,2.2813341019,3.3168806798472825e-132
48.7585239877,2.2813341019,1.3901049155269495e-120
48.7634178783,2.2813341019,1.5470513711156741e-109
48.7683117689,2.2813341019,4.571948358350344e-99
48.7732056595,2.2813341019,3.587875154286362e-89
48.7780995501,2.2813341019,7.476748190989417e-80
48.7829934407,2.2813341019,4.137400962251764e-71
48.7878873313,2.2813341019,6.079696408102221e-63
48.7927812219,2.2813341019,2.3723327285937432e-55
48.7976751125,2.2813341019,2.4581519933419958e-48
48.8025690031,2.2813341019,6.763652561786771e-42
48.8074628937,2.2813341019,4.941892264200625e-36
48.8123567843,2.2813341019,9.588367724919649e-31
48.8172506749,2.2813341019,4.9400974339376145e-26
48.8221445655,2.2813341019,6.758740514694354e-22
48.8270384561,2.2813341019,2.4554746605143616e-18
48.8319323467,2.2813341019,2.368888205464585e-15
48.8368262373,2.2813341019,6.068664095742096e-13
48.8417201279,2.2813341019,4.128393246827132e-11
48.8466140185,2.2813341019,7.457760692626922e-10
48.8515079091,2.2813341019,3.577463843326627e-09
48.8564017997,2.2813341019,4.5570258066500125e-09
48.8612956903,2.2813341019,1.5414418579777798e-09
48.8661895809,2.2813341019,1.384561443363813e-10
48.8710834715,2.2813341019,3.3024537481699627e-12
48.8759773621,2.2813341019,2.0917061803274848e-14
48.8808712527,2.2813341019,3.5180664684511274e-17
48.8857651433,2.2813341019,1.5712555569459277e-20
48.8906590339,2.2813341019,1.8634984589684416e-24
48.8955529245,2.2813341019,5.868818443363228e-29
48.9004468151,2.2813341019,4.9080811667129126e-34
48.9053407057,2.2813341019,1.0899641733980031e-39
48.9102345963,2.2813341019,6.4276487395581726e-46
48.9151284869,2.2813341019,1.0065412972236157e-52
48.9200223775,2.2813341019,2.2551491376178062e-57
48.9249162681,2.2813341019,1.499462059231674e-55
48.9298101587,2.2813341019,8.604686605483029e-54
48.9347040493,2.2813341019,4.253703378091346e-52
48.9395979399,2.2813341019,1.8114732101641367e-50
48.9444918305,2.2813341019,6.6455234971440535e-49
48.9493857211,2.2813341019,2.100192237365566e-47
48.9542796117,2.2813341019,5.717701368025596e-46
48.9591735023,2.2813341019,1.3409619571916655e-44
48.9640673929,2.2813341019,2.709218387023936e-43
48.9689612835,2.2813341019,4.715243666744185e-42
48.9738551741,2.2813341019,7.06963244564877e-41
48.9787490647,2.2813341019,9.131078966853675e-40
48.7389484253,2.2862279925,2.4101197655911037e-155
48.7438423159,2.2862279925,4.517576120771567e-148
48.7487362065,2.2862279925,8.597702915225135e-140
48.7536300971,2.2862279925,9.004130698244765e-128
48.7585239877,2.2862279925,2.636016902584447e-116
48.7634178783,2.2862279925,2.049246094915836e-105
48.7683117689,2.2862279925,4.230380843384873e-95
48.7732056595,2.2862279925,2.3190186573433517e-85
48.7780995501,2.2862279925,3.3757357558264546e-76
48.7829934407,2.2862279925,1.3048844929604352e-67
48.7878873313,2.2862279925,1.339414886808878e-59
48.7927812219,2.2862279925,3.650880334592322e-52
48.7976751125,2.2862279925,2.6425274061582716e-45
48.8025690031,2.2862279925,5.079030575181006e-39
48.8074628937,2.2862279925,2.5922780323753915e-33
48.8123567843,2.2862279925,3.5133527560943344e-28
48.8172506749,2.2862279925,1.2644491236529026e-23
48.8221445655,2.2862279925,1.2084269095382063e-19
48.8270384561,2.2862279925,3.0667532966677666e-16
48.8319323467,2.2862279925,2.0666965720582542e-13
48.8368262373,2.2862279925,3.698401211183108e-11
48.8417201279,2.2862279925,1.7574814564484083e-09
48.8466140185,2.2862279925,2.2177209816865288e-08
48.8515079091,2.2862279925,7.431260480552831e-08
48.8564017997,2.2862279925,6.612375206567942e-08
48.8612956903,2.2862279925,1.5623988778371617e-08
48.8661895809,2.2862279925,9.803152825872e-10
48.8710834715,2.2862279925,1.6333492335341854e-11
48.8759773621,2.2862279925,7.22656241901009e-14
48.8808712527,2.2862279925,8.490316666528968e-17
48.8857651433,2.2862279925,2.6488382806968145e-20
48.8906590339,2.2862279925,2.194453713534265e-24
48.8955529245,2.2862279925,4.827661719364075e-29
48.9004468151,2.2862279925,2.820243858103606e-34
48.9053407057,2.2862279925,4.374978453359471e-40
48.9102345963,2.2862279925,1.8022069076459807e-46
48.9151284869,2.2862279925,1.349996514772399e-51
48.9200223775,2.2862279925,7.362480073702612e-50
48.9249162681,2.2862279925,3.510240886375732e-48
48.9298101587,2.2862279925,1.441724495233453e-46
48.9347040493,2.2862279925,5.101057310246471e-45
48.9395979399,2.2862279925,1.5547862712173531e-43
48.9444918305,2.2862279925,4.082383125765302e-42
48.9493857211,2.2862279925,9.233989832175674e-41
48.9542796117,2.2862279925,1.799275194070451e-39
48.9591735023,2.2862279925,3.020218488660004e-38
48.9640673929,2.2862279925,4.367286667813203e-37
48.9689612835,2.2862279925,5.4402343292885017e-36
48.9738551741,2.2862279925,5.837892346829449e-35
48.9787490647,2.2862279925,5.3966857085747125e-34
48.7389484253,2.2911218831,3.657099140260145e-145
48.7438423159,2.2911218831,3.573152666976652e-141
48.7487362065,2.2911218831,7.6074204999264e-135
48.7536300971,2.2911218831,1.6790919277422943e-123
48.7585239877,2.2911218831,3.433693567540973e-112
48.7634178783,2.2911218831,1.8646452950198734e-101
48.7683117689,2.2911218831,2.6888733687794103e-91
48.7732056595,2.2911218831,1.0296364182103992e-81
48.7780995501,2.2911218831,1.0469763357934683e-72
48.7829934407,2.2911218831,2.8270224765848653e-64
48.7878873313,2.2911218831,2.027034229028514e-56
48.7927812219,2.2911218831,3.859511403960932e-49
48.7976751125,2.2911218831,1.951385168738168e-42
48.8025690031,2.2911218831,2.6199505624745118e-36
48.8074628937,2.2911218831,9.340768703017736e-31
48.8123567843,2.2911218831,8.843243125315956e-26
48.8172506749,2.2911218831,2.2232071848982923e-21
48.8221445655,2.2911218831,1.4841839632183615e-17
48.8270384561,2.2911218831,2.631085476164771e-14
48.8319323467,2.2911218831,1.2385729901996832e-11
48.8368262373,2.2911218831,1.5482734910182013e-09
48.8417201279,2.2911218831,5.139408946728929e-08
48.8466140185,2.2911218831,4.5302075507111594e-07
48.8515079091,2.2911218831,1.0603822471584052e-06
48.8564017997,2.2911218831,6.590922758285365e-07
48.8612956903,2.2911218831,1.0878510142864522e-07
48.8661895809,2.2911218831,4.767953872862446e-09
48.8710834715,2.2911218831,5.5492474944034466e-11
48.8759773621,2.2911218831,1.715045195586803e-13
48.8808712527,2.2911218831,1.4075261397546982e-16
48.8857651433,2.2911218831,3.067445067916439e-20
48.8906590339,2.2911218831,1.7751560802036848e-24
48.8955529245,2.2911218831,2.7279456895971e-29
48.9004468151,2.2911218831,1.1132028778094063e-34
48.9053407057,2.2911218831,1.2062917859416428e-40
48.9102345963,2.2911218831,3.955926862372789e-46
48.9151284869,2.2911218831,1.6594264869914855e-44
48.9200223775,2.2911218831,6.5733085408012314e-43
48.9249162681,2.2911218831,2.243068759390387e-41
48.9298101587,2.2911218831,6.593768938012367e-40
48.9347040493,2.2911218831,1.669772986066187e-38
48.9395979399,2.2911218831,3.6426186410761322e-37
48.9444918305,2.2911218831,6.845458620841825e-36
48.9493857211,2.2911218831,1.1082148418365482e-34
48.9542796117,2.2911218831,1.5455317936441323e-33
48.9591735023,2.2911218831,1.856797289920148e-32
48.9640673929,2.2911218831,1.9216912487251656e-31
48.9689612835,2.2911218831,1.713307436653415e-30
48.9738551741,2.2911218831,1.315889908224947e-29
48.9787490647,2.2911218831,8.70635519749086e-29
48.7389484253,2.2960157737,2.110488651780675e-133
48.7438423159,2.2960157737,1.2840512777526823e-129
48.7487362065,2.2960157737,6.73170663223161e-126
48.7536300971,2.2960157737,2.1550606189826312e-119
48.7585239877,2.2960157737,3.072469761884087e-108
48.7634178783,2.2960157737,1.1654967735744422e-97
48.7683117689,2.2960157737,1.174015863427542e-87
48.7732056595,2.2960157737,3.1403371722577457e-78
48.7780995501,2.2960157737,2.2305811099270428e-69
48.7829934407,2.2960157737,4.20725838998657e-61
48.7878873313,2.2960157737,2.1072680162747834e-53
48.7927812219,2.2960157737,2.80272050690304e-46
48.7976751125,2.2960157737,9.898724381099538e-40
48.8025690031,2.2960157737,9.283635872213844e-34
48.8074628937,2.2960157737,2.312045567376671e-28
48.8123567843,2.2960157737,1.52902330763777e-23
48.8172506749,2.2960157737,2.685166666561056e-19
48.8221445655,2.2960157737,1.252183030835141e-15
48.8270384561,2.2960157737,1.5506143761373763e-12
48.8319323467,2.2960157737,5.098932036917865e-10
48.8368262373,2.2960157737,4.452398889752798e-08
48.8417201279,2.2960157737,1.0324008024336466e-06
48.8466140185,2.2960157737,6.356850916221771e-06
48.8515079091,2.2960157737,1.039381887234132e-05
48.8564017997,2.2960157737,4.512816634824695e-06
48.8612956903,2.2960157737,5.203069847720944e-07
48.8661895809,2.2960157737,1.5929826647187853e-08
48.8710834715,2.2960157737,1.2950957213352692e-10
48.8759773621,2.2960157737,2.7959674596735495e-13
48.8808712527,2.2960157737,1.602882849000882e-16
48.8857651433,2.2960157737,2.4401182686600422e-20
48.8906590339,2.2960157737,9.864143829366539e-25
48.8955529245,2.2960157737,1.0588814519428046e-29
48.9004468151,2.2960157737,3.018385637405031e-35
48.9053407057,2.2960157737,6.778738201274349e-41
48.9102345963,2.2960157737,1.7168689190553496e-39
48.9151284869,2.2960157737,5.650363002055072e-38
48.9200223775,2.2960157737,1.6019469519390688e-36
48.9249162681,2.2960157737,3.912483149187561e-35
48.9298101587,2.2960157737,8.23169742339058e-34
48.9347040493,2.2960157737,1.4919658604183832e-32
48.9395979399,2.2960157737,2.329490488228505e-31
48.9444918305,2.2960157737,3.133253735413311e-30
48.9493857211,2.2960157737,3.630469223454195e-29
48.9542796117,2.2960157737,3.6237858227501845e-28
48.9591735023,2.2960157737,3.1159813700755395e-27
48.9640673929,2.2960157737,2.3081272695821234e-26
48.9689612835,2.2960157737,1.4728455956456955e-25
48.9738551741,2.2960157737,8.096312403706464e-25
48.9787490647,2.2960157737,3.833980178891029e-24
48.7389484253,2.3009096643,3.3247383421944754e-122
48.7438423159,2.3009096643,1.4477799529128882e-118
48.7487362065,2.3009096643,5.431005148243006e-115
48.7536300971,2.3009096643,1.755244208611956e-111
48.7585239877,2.3009096643,1.8890300874806493e-104
48.7634178783,2.3009096643,5.004246037337484e-94
48.7683117689,2.3009096643,3.521196917309134e-84
48.7732056595,2.3009096643,6.579325869099963e-75
48.7780995501,2.3009096643,3.264464173124188e-66
48.7829934407,2.3009096643,4.301122791852495e-58
48.7878873313,2.3009096643,1.504843030271106e-50
48.7927812219,2.3009096643,1.3981056353571935e-43
48.7976751125,2.3009096643,3.4492779846969792e-37
48.8025690031,2.3009096643,2.259726257045319e-31
48.8074628937,2.3009096643,3.93117966487264e-26
48.8123567843,2.3009096643,1.8160565945969016e-21
48.8172506749,2.3009096643,2.2277953318744405e-17
48.8221445655,2.3009096643,7.257058531366314e-14
48.8270384561,2.3009096643,6.277480717432653e-11
48.8319323467,2.3009096643,1.4419479171844248e-08
48.8368262373,2.3009096643,8.79535120714239e-07
48.8417201279,2.3009096643,1.4246107692821651e-05
48.8466140185,2.3009096643,6.127434610799241e-05
48.8515079091,2.3009096643,6.998429191423009e-05
48.8564017997,2.3009096643,2.122569334706066e-05
48.8612956903,2.3009096643,1.709474486720346e-06
48.8661895809,2.3009096643,3.655971374295549e-08
48.8710834715,2.3009096643,2.0762630489912643e-10
48.8759773621,2.3009096643,3.1311320850191763e-13
48.8808712527,2.3009096643,1.2538911213468782e-16
48.8857651433,2.3009096643,1.3333915271776355e-20
48.8906590339,2.3009096643,3.7652600837538817e-25
48.8955529245,2.3009096643,2.8233954165102494e-30
48.9004468151,2.3009096643,8.190828168144108e-36
48.9053407057,2.3009096643,8.153827269730762e-35
48.9102345963,2.3009096643,2.2295330546414746e-33
48.9151284869,2.3009096643,5.251687896763449e-32
48.9200223775,2.3009096643,1.0656546151272828e-30
48.9249162681,2.3009096643,1.862801592561416e-29
48.9298101587,2.3009096643,2.805106145982878e-28
48.9347040493,2.3009096643,3.638853469580569e-27
48.9395979399,2.3009096643,4.066421606737658e-26
48.9444918305,2.3009096643,3.9146488360180647e-25
48.9493857211,2.3009096643,3.2464280629854355e-24
48.9542796117,2.3009096643,2.3192700874619168e-23
48.9591735023,2.3009096643,1.4273465787475484e-22
48.9640673929,2.3009096643,7.567285488934034e-22
48.9689612835,2.3009096643,3.456076666552522e-21
48.9738551741,2.3009096643,1.359750370416104e-20
48.9787490647,2.3009096643,4.6085846865125665e-20
48.7389484253,2.3058035549,1.4296711375010654e-111
48.7438423159,2.3058035549,4.455813626438707e-108
48.7487362065,2.3058035549,1.196328512896147e-104
48.7536300971,2.3058035549,2.7669827958424323e-101
48.7585239877,2.3058035549,5.521063416670399e-98
48.7634178783,2.3058035549,1.4760695024108073e-90
48.7683117689,2.3058035549,7.2546989171492095e-81
48.7732056595,2.3058035549,9.468893825774991e-72
48.7780995501,2.3058035549,3.2818484766899783e-63
48.7829934407,2.3058035549,3.0204888010953215e-55
48.7878873313,2.3058035549,7.382022408372857e-48
48.7927812219,2.3058035549,4.790853753309201e-41
48.7976751125,2.3058035549,8.256384187399652e-35
48.8025690031,2.3058035549,3.778385782046053e-29
48.8074628937,2.3058035549,4.591579713934914e-24
48.8123567843,2.3058035549,1.4816901159308645e-19
48.8172506749,2.3058035549,1.2696735264057369e-15
48.8221445655,2.3058035549,2.8891239207421847e-12
48.8270384561,2.3058035549,1.7457405548593337e-09
48.8319323467,2.3058035549,2.801126080673557e-07
48.8368262373,2.3058035549,1.1935071868764615e-05
48.8417201279,2.3058035549,0.00013503826365155025
48.8466140185,2.3058035549,0.00040572155080308804
48.8515079091,2.3058035549,0.0003236970442644192
48.8564017997,2.3058035549,6.857863174226727e-05
48.8612956903,2.3058035549,3.858143025285516e-06
48.8661895809,2.3058035549,5.763778144898065e-08
48.8710834715,2.3058035549,2.2865232075335467e-10
48.8759773621,2.3058035549,2.408703793914506e-13
48.8808712527,2.3058035549,6.737993766670412e-17
48.8857651433,2.3058035549,5.0051516230317765e-21
48.8906590339,2.3058035549,9.872867454654035e-26
48.8955529245,2.3058035549,5.845467016269958e-31
48.9004468151,2.3058035549,1.777588595477035e-30
48.9053407057,2.3058035549,4.038282674748271e-29
48.9102345963,2.3058035549,7.903053478200767e-28
48.9151284869,2.3058035549,1.332372604673784e-26
48.9200223775,2.3058035549,1.9350359453601006e-25
48.9249162681,2.3058035549,2.420945139641388e-24
48.9298101587,2.3058035549,2.609236397560689e-23
48.9347040493,2.3058035549,2.4225596356387464e-22
48.9395979399,2.3058035549,1.9376177052184145e-21
48.9444918305,2.3058035549,1.3350400072380596e-20
48.9493857211,2.3058035549,7.924156339691311e-20
48.9542796117,2.3058035549,4.051766030506561e-19
48.9591735023,2.3058035549,1.784712442680434e-18
48.9640673929,2.3058035549,6.772121053640368e-18
48.9689612835,2.3058035549,2.2136743992923598e-17
48.9738551741,2.3058035549,6.233548476732122e-17
48.9787490647,2.3058035549,1.5121313193845518e-16
48.7389484253,2.3106974455,1.6781047027939295e-101
48.7438423159,2.3106974455,3.743309211172164e-98
48.7487362065,2.3106974455,7.193246119631792e-95
48.7536300971,2.3106974455,1.1907667685838065e-91
48.7585239877,2.3106974455,1.6980913953418075e-88
48.7634178783,2.3106974455,2.1159698964695984e-85
48.7683117689,2.3106974455,1.0267637880553758e-77
48.7732056595,2.3106974455,9.361163463349445e-69
48.7780995501,2.3106974455,2.2664068663305446e-60
48.7829934407,2.3106974455,1.4570865548859264e-52
48.7878873313,2.3106974455,2.487552467031651e-45
48.7927812219,2.3106974455,1.1277129653464588e-38
48.7976751125,2.3106974455,1.3575765347124192e-32
48.8025690031,2.3106974455,4.339797817839366e-27
48.8074628937,2.3106974455,3.6839531346992013e-22
48.8123567843,2.3106974455,8.304206142021596e-18
48.8172506749,2.3106974455,4.9707459973881194e-14
48.8221445655,2.3106974455,7.901043387495211e-11
48.8270384561,2.3106974455,3.334930188442478e-08
48.8319323467,2.3106974455,3.7379068351659885e-06
48.8368262373,2.3106974455,0.00011125246016981563
48.8417201279,2.3106974455,0.0008792860832647663
48.8466140185,2.3106974455,0.0018453986591287497
48.8515079091,2.3106974455,0.001028465261584727
48.8564017997,2.3106974455,0.00015220484556127477
48.8612956903,2.3106974455,5.981453840552539e-06
48.8661895809,2.3106974455,6.242009964596282e-08
48.8710834715,2.3106974455,1.7297430123691225e-10
48.8759773621,2.3106974455,1.2728526682550524e-13
48.8808712527,2.3106974455,2.4872195057544282e-17
48.8857651433,2.3106974455,1.2905936752873096e-21
48.8906590339,2.3106974455,1.859560488719226e-26
48.8955529245,2.3106974455,1.7788857952850334e-26
48.9004468151,2.3106974455,3.3575674872280364e-25
48.9053407057,2.3106974455,5.459290030775439e-24
48.9102345963,2.3106974455,7.646807422799446e-23
48.9151284869,2.3106974455,9.22691898852715e-22
48.9200223775,2.3106974455,9.591042839350464e-21
48.9249162681,2.3106974455,8.588306255692796e-20
48.9298101587,2.3106974455,6.624937470805374e-19
48.9347040493,2.3106974455,4.402391011024758e-18
48.9395979399,2.3106974455,2.5201594029917106e-17
48.9444918305,2.3106974455,1.2427963762163405e-16
48.9493857211,2.3106974455,5.279642473184761e-16
48.9542796117,2.3106974455,1.9321534664312526e-15
48.9591735023,2.3106974455,6.091318266833414e-15
48.9640673929,2.3106974455,1.6542971959521912e-14
48.9689612835,2.3106974455,3.870333101401138e-14
48.9738551741,2.3106974455,7.800379347115753e-14
48.9787490647,2.3106974455,1.3543024744054645e-13
48.7389484253,2.3155913361,5.3765809190707876e-92
48.7438423159,2.3155913361,8.583978390647114e-89
48.7487362065,2.3155913361,1.1806022692165288e-85
48.7536300971,2.3155913361,1.3987856888959882e-82
48.7585239877,2.3155913361,1.4276814470066532e-79
48.7634178783,2.3155913361,1.2552898996734907e-76
48.7683117689,2.3155913361,1.0506198453964988e-73
48.7732056595,2.3155913361,6.357368438016895e-66
48.7780995501,2.3155913361,1.0751522327877852e-57
48.7829934407,2.3155913361,4.8284329411869585e-50
48.7878873313,2.3155913361,5.758135393090967e-43
48.7927812219,2.3155913361,1.8234630435595192e-36
48.7976751125,2.3155913361,1.5333859670871202e-30
48.8025690031,2.3155913361,3.4240920260503424e-25
48.8074628937,2.3155913361,2.0303868748551053e-20
48.8123567843,2.3155913361,3.1970659239223297e-16
48.8172506749,2.3155913361,1.3367919173590295e-12
48.8221445655,2.3155913361,1.4842787016310012e-09
48.8270384561,2.3155913361,4.3762943553566623e-07
48.8319323467,2.3155913361,3.426391788547677e-05
48.8368262373,2.3155913361,0.0007123721637134062
48.8417201279,2.3155913361,0.003932930630364751
48.8466140185,2.3155913361,0.005765872796563428
48.8515079091,2.3155913361,0.002244673879589142
48.8564017997,2.3155913361,0.00023204962662200218
48.8612956903,2.3155913361,6.370124497331991e-06
48.8661895809,2.3155913361,4.643595607699176e-08
48.8710834715,2.3155913361,8.988770421414259e-11
48.8759773621,2.3155913361,4.620464215281174e-14
48.8808712527,2.3155913361,6.306842769126009e-18
48.8857651433,2.3155913361,2.3672135879471223e-22
48.8906590339,2.3155913361,8.199913419280519e-23
48.8955529245,2.3155913361,1.2814502225217182e-21
48.9004468151,2.3155913361,1.7311019818229454e-20
48.9053407057,2.3155913361,2.014558327095721e-19
48.9102345963,2.3155913361,2.0196197660493077e-18
48.9151284869,2.3155913361,1.744182592530097e-17
48.9200223775,2.3155913361,1.29761797181556e-16
48.9249162681,2.3155913361,8.316379986488731e-16
48.9298101587,2.3155913361,4.591497647473572e-15
48.9347040493,2.3155913361,2.1837704069173204e-14
48.9395979399,2.3155913361,8.947303215723007e-14
48.9444918305,2.3155913361,3.1579838391117236e-13
48.9493857211,2.3155913361,9.60196723529752e-13
48.9542796117,2.3155913361,2.5150296243744893e-12
48.9591735023,2.3155913361,5.674904520042167e-12
48.9640673929,2.3155913361,1.1030789109866191e-11
48.9689612835,2.3155913361,1.8470862406767283e-11
48.9738551741,2.3155913361,2.6644055731788457e-11
48.9787490647,2.3155913361,3.31089998890739e-11
48.7389484253,2.3204852267,4.7021615457220595e-83
48.7438423159,2.3204852267,5.373110295014424e-80
48.7487362065,2.3204852267,5.289157922440695e-77
48.7536300971,2.3204852267,4.4851800502090345e-74
48.7585239877,2.3204852267,3.276466998803485e-71
48.7634178783,2.3204852267,2.061884258463555e-68
48.7683117689,2.3204852267,1.1177780981261676e-65
48.7732056595,2.3204852267,8.185815113619321e-63
48.7780995501,2.3204852267,3.503623096415314e-55
48.7829934407,2.3204852267,1.099106534656532e-47
48.7878873313,2.3204852267,9.155967187222504e-41
48.7927812219,2.3204852267,2.0253873374477853e-34
48.7976751125,2.3204852267,1.1897381246041845e-28
48.8025690031,2.3204852267,1.855812483907858e-23
48.8074628937,2.3204852267,7.686988482406669e-19
48.8123567843,2.3204852267,8.455081419538589e-15
48.8172506749,2.3204852267,2.4695554554551478e-11
48.8221445655,2.3204852267,1.9153987385786244e-08
48.8270384561,2.3204852267,3.944927593067049e-06
48.8319323467,2.3204852267,0.00021575372417304006
48.8368262373,2.3204852267,0.003133408308251457
48.8417201279,2.3204852267,0.0120841221206777
48.8466140185,2.3204852267,0.012375211945967699
48.8515079091,2.3204852267,0.00336534514149139
48.8564017997,2.3204852267,0.00024302222992551972
48.8612956903,2.3204852267,4.66017061737108e-06
48.8661895809,2.3204852267,2.3729962849649742e-08
48.8710834715,2.3204852267,3.208719834858482e-11
48.8759773621,2.3204852267,1.1525459420386227e-14
48.8808712527,2.3204852267,2.609322815306996e-18
48.8857651433,2.3204852267,4.529560998839689e-19
48.8906590339,2.3204852267,2.2715109039908075e-18
48.8955529245,2.3204852267,2.5198584822884747e-17
48.9004468151,2.3204852267,2.436266690116285e-16
48.9053407057,2.3204852267,2.029213541316094e-15
48.9102345963,2.3204852267,1.4560064505511327e-14
48.9151284869,2.3204852267,8.999770092349956e-14
48.9200223775,2.3204852267,4.79216871880513e-13
48.9249162681,2.3204852267,2.1981906360535474e-12
48.9298101587,2.3204852267,8.686227021776902e-12
48.9347040493,2.3204852267,2.956851861472361e-11
48.9395979399,2.3204852267,8.670827107808179e-11
48.9444918305,2.3204852267,2.1904031494233932e-10
48.9493857211,2.3204852267,4.766725603871713e-10
48.9542796117,2.3204852267,8.936116428532052e-10
48.9591735023,2.3204852267,1.4431452801845266e-09
48.9640673929,2.3204852267,2.0077232897436374e-09
48.9689612835,2.3204852267,2.4061917263280377e-09
48.9738551741,2.3204852267,2.4842149449737846e-09
48.9787490647,2.3204852267,2.2094322043050964e-09
48.7389484253,2.3253791173,1.1225175292642456e-74
48.7438423159,2.3253791173,9.180516647580943e-72
48.7487362065,2.3253791173,6.468054669623934e-69
48.7536300971,2.3253791173,3.925661152486978e-66
48.7585239877,2.3253791173,2.0525063402198862e-63
48.7634178783,2.3253791173,9.244613803776243e-61
48.7683117689,2.3253791173,3.586952351621827e-58
48.7732056595,2.3253791173,1.1989427710583833e-55
48.7780995501,2.3253791173,1.1295029641992543e-52
48.7829934407,2.3253791173,1.7186532827021808e-45
48.7878873313,2.3253791173,1.0000905308847928e-38
48.7927812219,2.3253791173,1.545368115656707e-32
48.7976751125,2.3253791173,6.341091282797641e-27
48.8025690031,2.3253791173,6.909322874226385e-22
48.8074628937,2.3253791173,1.9991546700534938e-17
48.8123567843,2.3253791173,1.5360194992393948e-13
48.8172506749,2.3253791173,3.133909762754099e-10
48.8221445655,2.3253791173,1.6979139280452614e-07
48.8270384561,2.3253791173,2.442779572783238e-05
48.8319323467,2.3253791173,0.0009332377837012046
48.8368262373,2.3253791173,0.009467597205585614
48.8417201279,2.3253791173,0.025505078067172494
48.8466140185,2.3253791173,0.01824538226172971
48.8515079091,2.3253791173,0.0034659213359427995
48.8564017997,2.3253791173,0.00017483318186338598
48.8612956903,2.3253791173,2.3419005493068205e-06
48.8661895809,2.3253791173,8.330175575055992e-09
48.8710834715,2.3253791173,7.926071361316941e-12
48.8759773621,2.3253791173,5.3874955338019633e-14
48.8808712527,2.3253791173,2.3654525931811685e-14
48.8857651433,2.3253791173,7.172034975983061e-15
48.8906590339,2.3253791173,1.7454649167163453e-14
48.8955529245,2.3253791173,1.3527907562325856e-13
48.9004468151,2.3253791173,9.3590467473977e-13
48.9053407057,2.3253791173,5.579302205306556e-12
48.9102345963,2.3253791173,2.8652413671467646e-11
48.9151284869,2.3253791173,1.2675792158106943e-10
48.9200223775,2.3253791173,4.830828003460852e-10
48.9249162681,2.3253791173,1.5859906019940142e-09
48.9298101587,2.3253791173,4.485513959725068e-09
48.9347040493,2.3253791173,1.092839501349694e-08
48.9395979399,2.3253791173,2.2936815703020653e-08
48.9444918305,2.3253791173,4.147080201477079e-08
48.9493857211,2.3253791173,6.459282996914461e-08
48.9542796117,2.3253791173,8.666799693234096e-08
48.9591735023,2.3253791173,1.0017648172109337e-07
48.9640673929,2.3253791173,9.974826701237398e-08
48.9689612835,2.3253791173,8.556132712683134e-08
48.9738551741,2.3253791173,6.322403859119998e-08
48.9787490647,2.3253791173,4.0245703615817156e-08
48.7389484253,2.3302730079,7.314639804223319e-67
48.7438423159,2.3302730079,4.281665312651235e-64
48.7487362065,2.3302730079,2.1590617170342493e-61
48.7536300971,2.3302730079,9.378858117511959e-59
48.7585239877,2.3302730079,3.509679376863029e-56
48.7634178783,2.3302730079,1.131403428144253e-53
48.7683117689,2.3302730079,3.141956048735187e-51
48.7732056595,2.3302730079,7.516493561491258e-49
48.7780995501,2.3302730079,1.5491620611334695e-46
48.7829934407,2.3302730079,2.1210639783544245e-43
48.7878873313,2.3302730079,7.503943741408766e-37
48.7927812219,2.3302730079,8.099692609129835e-31
48.7976751125,2.3302730079,2.321610525279877e-25
48.8025690031,2.3302730079,1.7670531648942347e-20
48.8074628937,2.3302730079,3.571488808964502e-16
48.8123567843,2.3302730079,1.916851178682582e-12
48.8172506749,2.3302730079,2.731913372977823e-09
48.8221445655,2.3302730079,1.0339150975599174e-06
48.8270384561,2.3302730079,0.00010390638972098201
48.8319323467,2.3302730079,0.002772930972893348
48.8368262373,2.3302730079,0.019650576107744334
48.8417201279,2.3302730079,0.036978640559271005
48.8466140185,2.3302730079,0.01847847047030436
48.8515079091,2.3302730079,0.0024520003312398604
48.8564017997,2.3302730079,8.640014343980693e-05
48.8612956903,2.3302730079,8.084561855223137e-07
48.8661895809,2.3302730079,2.0781520054540424e-09
48.8710834715,2.3302730079,1.519128677829422e-10
48.8759773621,2.3302730079,1.6493072945743103e-10
48.8808712527,2.3302730079,9.176969322038395e-11
48.8857651433,2.3302730079,3.0576389793224185e-11
48.8906590339,2.3302730079,3.804095393847237e-11
48.8955529245,2.3302730079,1.983977642000018e-10
48.9004468151,2.3302730079,9.813992950683464e-10
48.9053407057,2.3302730079,4.187321062704337e-09
48.9102345963,2.3302730079,1.53908765064851e-08
48.9151284869,2.3302730079,4.873298695660717e-08
48.9200223775,2.3302730079,1.3292763484230955e-07
48.9249162681,2.3302730079,3.1234898041219616e-07
48.9298101587,2.3302730079,6.322625761381734e-07
48.9347040493,2.3302730079,1.102522418624045e-06
48.9395979399,2.3302730079,1.656189208529476e-06
48.9444918305,2.3302730079,2.1432115478870296e-06
48.9493857211,2.3302730079,2.389201064103471e-06
48.9542796117,2.3302730079,2.294420039341494e-06
48.9591735023,2.3302730079,1.8981289955982047e-06
48.9640673929,2.3302730079,1.3527298969455346e-06
48.9689612835,2.3302730079,8.304797023901753e-07
48.9738551741,2.3302730079,4.392173880977811e-07
48.9787490647,2.3302730079,2.0010714525048535e-07
48.7389484253,2.3351668985000003,1.3010589823252463e-59
48.7438423159,2.3351668985000003,5.450828747577689e-57
48.7487362065,2.3351668985000003,1.9672550046904177e-54
48.7536300971,2.3351668985000003,6.116336188530335e-52
48.7585239877,2.3351668985000003,1.6381535499122754e-49
48.7634178783,2.3351668985000003,3.7796399838079724e-47
48.7683117689,2.3351668985000003,7.512402191739372e-45
48.7732056595,2.3351668985000003,1.2862926722463956e-42
48.7780995501,2.3351668985000003,1.897288315250757e-40
48.7829934407,2.3351668985000003,2.412152403144652e-38
48.7878873313,2.3351668985000003,4.1315417098285295e-35
48.7927812219,2.3351668985000003,2.916228598366581e-29
48.7976751125,2.3351668985000003,5.838851861673458e-24
48.8025690031,2.3351668985000003,3.104391438231965e-19
48.8074628937,2.3351668985000003,4.382933928771854e-15
48.8123567843,2.3351668985000003,1.6432089659735568e-11
48.8172506749,2.3351668985000003,1.6359125841897573e-08
48.8221445655,2.3351668985000003,4.324807840404762e-06
48.8270384561,2.3351668985000003,0.00030360782693160897
48.8319323467,2.3351668985000003,0.005659766786724985
48.8368262373,2.3351668985000003,0.028017122844527474
48.8417201279,2.3351668985000003,0.03682883300935801
48.8466140185,2.3351668985000003,0.012855583873392577
48.8515079091,2.3351668985000003,0.0011916126136655956
48.8564017997,2.3351668985000003,2.9331058194887264e-05
48.8612956903,2.3351668985000003,1.9869354448436772e-07
48.8661895809,2.3351668985000003,3.697927403419255e-08
48.8710834715,2.3351668985000003,9.704760813861488e-08
48.8759773621,2.3351668985000003,1.2980437881412755e-07
48.8808712527,2.3351668985000003,8.822469157839051e-08
48.8857651433,2.3351668985000003,3.382817889975068e-08
48.8906590339,2.3351668985000003,2.4378328783505513e-08
48.8955529245,2.3351668985000003,7.968520593557546e-08
48.9004468151,2.3351668985000003,2.8092255073741713e-07
48.9053407057,2.3351668985000003,8.578217419920706e-07
48.9102345963,2.3351668985000003,2.256678660915161e-06
48.9151284869,2.3351668985000003,5.114170229124581e-06
48.9200223775,2.3351668985000003,9.984198502822886e-06
48.9249162681,2.3351668985000003,1.67912799680286e-05
48.9298101587,2.3351668985000003,2.4326911070243723e-05
48.9347040493,2.3351668985000003,3.0361463437945903e-05
48.9395979399,2.3351668985000003,3.264307050932927e-05
48.9444918305,2.3351668985000003,3.0233740002448692e-05
48.9493857211,2.3351668985000003,2.4122666553908006e-05
48.9542796117,2.3351668985000003,1.658025944550929e-05
48.9591735023,2.3351668985000003,9.817251098008921e-06
48.9640673929,2.3351668985000003,5.0075010042761825e-06
48.9689612835,2.3351668985000003,2.2003144946147966e-06
48.9738551741,2.3351668985000003,8.328773335172516e-07
48.9787490647,2.3351668985000003,2.7158757367492813e-07
48.7389484253,2.3400607891000003,6.316918196428532e-53
48.7438423159,2.3400607891000003,1.8941596722723437e-50
48.7487362065,2.3400607891000003,4.89283407063042e-48
48.7536300971,2.3400607891000003,1.0887720375348434e-45
48.7585239877,2.3400607891000003,2.087113167004792e-43
48.7634178783,2.3400607891000003,3.4465739885819866e-41
48.7683117689,2.3400607891000003,4.902998754574664e-39
48.7732056595,2.3400607891000003,6.00853407649533e-37
48.7780995501,2.3400607891000003,6.343191792587621e-35
48.7829934407,2.3400607891000003,5.768724226045368e-33
48.7878873313,2.3400607891000003,4.5331290513332165e-31
48.7927812219,2.3400607891000003,7.517416801619962e-28
48.7976751125,2.3400607891000003,1.0087554957212936e-22
48.8025690031,2.3400607891000003,3.746416698174144e-18
48.8074628937,2.3400607891000003,3.694820006492805e-14
48.8123567843,2.3400607891000003,9.676313445032709e-11
48.8172506749,2.3400607891000003,6.729239643029417e-08
48.8221445655,2.3400607891000003,1.2426862319302712e-05
48.8270384561,2.3400607891000003,0.0006093915162594747
48.8319323467,2.3400607891000003,0.007935435137589833
48.8368262373,2.3400607891000003,0.027440025695502582
48.8417201279,2.3400607891000003,0.025196354294172763
48.8466140185,2.3400607891000003,0.006143704626528269
48.8515079091,2.3400607891000003,0.00039780013875956023
48.8564017997,2.3400607891000003,6.8986140421481565e-06
48.8612956903,2.3400607891000003,7.792491045073625e-07
48.8661895809,2.3400607891000003,4.7907407891399495e-06
48.8710834715,2.3400607891000003,1.5490984556583765e-05
48.8759773621,2.3400607891000003,2.5309984991592628e-05
48.8808712527,2.3400607891000003,2.1024331213362642e-05
48.8857651433,2.3400607891000003,9.509939797555075e-06
48.8906590339,2.3400607891000003,4.75243514630835e-06
48.8955529245,2.3400607891000003,8.842426800307967e-06
48.9004468151,2.3400607891000003,2.195730188291556e-05
48.9053407057,2.3400607891000003,4.796938586907073e-05
48.9102345963,2.3400607891000003,9.031925246982139e-05
48.9151284869,2.3400607891000003,0.00014649795273472015
48.9200223775,2.3400607891000003,0.0002046988314692268
48.9249162681,2.3400607891000003,0.0002463949146619355
48.9298101587,2.3400607891000003,0.0002554939882292932
48.9347040493,2.3400607891000003,0.0002282244661351667
48.9395979399,2.3400607891000003,0.00017562093410878287
48.9444918305,2.3400607891000003,0.00011641875068827491
48.9493857211,2.3400607891000003,6.64817059197854e-05
48.9542796117,2.3400607891000003,3.2704984232425464e-05
48.9591735023,2.3400607891000003,1.3859842721103362e-05
48.9640673929,2.3400607891000003,5.059821879538486e-06
48.9689612835,2.3400607891000003,1.5912731105154354e-06
48.9738551741,2.3400607891000003,4.311087010069824e-07
48.9787490647,2.3400607891000003,1.0061469641855964e-07
48.7389484253,2.3449546797000003,8.371778850312133e-47
48.7438423159,2.3449546797000003,1.7966970775402724e-44
48.7487362065,2.3449546797000003,3.321731646390539e-42
48.7536300971,2.3449546797000003,5.290379118364715e-40
48.7585239877,2.3449546797000003,7.258411996662957e-38
48.7634178783,2.3449546797000003,8.578848622533651e-36
48.7683117689,2.3449546797000003,8.734719485839873e-34
48.7732056595,2.3449546797000003,7.661282710994344e-32
48.7780995501,2.3449546797000003,5.788773856435833e-30
48.7829934407,2.3449546797000003,3.7679423353329456e-28
48.7878873313,2.3449546797000003,2.1127843191833734e-26
48.7927812219,2.3449546797000003,1.0328103832976512e-24
48.7976751125,2.3449546797000003,1.2395985403585898e-21
48.8025690031,2.3449546797000003,3.1059158308692656e-17
48.8074628937,2.3449546797000003,2.1396093001615034e-13
48.8123567843,2.3449546797000003,3.914170990761164e-10
48.8172506749,2.3449546797000003,1.9014487695553338e-07
48.8221445655,2.3449546797000003,2.45283813749057e-05
48.8270384561,2.3449546797000003,0.000840219152102199
48.8319323467,2.3449546797000003,0.007642856201219362
48.8368262373,2.3449546797000003,0.01846112766219702
48.8417201279,2.3449546797000003,0.011841321934901774
48.8466140185,2.3449546797000003,0.002016887906178662
48.8515079091,2.3449546797000003,9.126575368505225e-05
48.8564017997,2.3449546797000003,2.385551419717465e-06
48.8612956903,2.3449546797000003,1.988729669424567e-05
48.8661895809,2.3449546797000003,0.00015530155818224418
48.8710834715,2.3449546797000003,0.0006130634420523562
48.8759773621,2.3449546797000003,0.0012238383599297836
48.8808712527,2.3449546797000003,0.0012428481710733883
48.8857651433,2.3449546797000003,0.0006718653136004156
48.8906590339,2.3449546797000003,0.0002816044101721741
48.8955529245,2.3449546797000003,0.0002783554504846874
48.9004468151,2.3449546797000003,0.00046940210287254707
48.9053407057,2.3449546797000003,0.0007322459416657425
48.9102345963,2.3449546797000003,0.0009867234801131904
48.9151284869,2.3449546797000003,0.0011454922644671731
48.9200223775,2.3449546797000003,0.0011455703040538661
48.9249162681,2.3449546797000003,0.000986924441692854
48.9298101587,2.3449546797000003,0.0007324510920824649
48.9347040493,2.3449546797000003,0.0004682803409155713
48.9395979399,2.3449546797000003,0.00025790857956681197
48.9444918305,2.3449546797000003,0.0001223652838751806
48.9493857211,2.3449546797000003,5.001303651149905e-05
48.9542796117,2.3449546797000003,1.760924732489642e-05
48.9591735023,2.3449546797000003,5.34110273910664e-06
48.9640673929,2.3449546797000003,1.3955764730496206e-06
48.9689612835,2.3449546797000003,3.1412963927583907e-07
48.9738551741,2.3449546797000003,6.091114460017933e-08
48.9787490647,2.3449546797000003,1.0174596009501134e-08
48.7389484253,2.3498485703,3.0285480551266196e-41
48.7438423159,2.3498485703,4.6519749116337394e-39
48.7487362065,2.3498485703,6.155634532805535e-37
48.7536300971,2.3498485703,7.01682846131368e-35
48.7585239877,2.3498485703,6.89035282049925e-33
48.7634178783,2.3498485703,5.828739286672373e-31
48.7683117689,2.3498485703,4.24756827758568e-29
48.7732056595,2.3498485703,2.6664821198629e-27
48.7780995501,2.3498485703,1.4420142489546e-25
48.7829934407,2.3498485703,6.717891672602455e-24
48.7878873313,2.3498485703,2.696056633654071e-22
48.7927812219,2.3498485703,9.321037495456953e-21
48.7976751125,2.3498485703,2.8735882830480555e-19
48.8025690031,2.3498485703,1.839837330488416e-16
48.8074628937,2.3498485703,8.512723425946653e-13
48.8123567843,2.3498485703,1.087636030445536e-09
48.8172506749,2.3498485703,3.690762105648484e-07
48.8221445655,2.3498485703,3.3257456750346336e-05
48.8270384561,2.3498485703,0.0007957955138670336
48.8319323467,2.3498485703,0.005056539111971135
48.8368262373,2.3498485703,0.008531879448335885
48.8417201279,2.3498485703,0.003822751884719436
48.8466140185,2.3498485703,0.00045487052855492976
48.8515079091,2.3498485703,1.479478230985594e-05
48.8564017997,2.3498485703,8.200672868446012e-06
48.8612956903,2.3498485703,0.0001352503710145107
48.8661895809,2.3498485703,0.0012608971215197471
48.8710834715,2.3498485703,0.006044053173725149
48.8759773621,2.3498485703,0.014717827456036293
48.8808712527,2.3498485703,0.018254901605523916
48.8857651433,2.3498485703,0.01186327785039093
48.8906590339,2.3498485703,0.004851971607875201
48.8955529245,2.3498485703,0.0026430871326883917
48.9004468151,2.3498485703,0.0027683121199009353
48.9053407057,2.3498485703,0.0030524837227052437
48.9102345963,2.3498485703,0.0029425201086973295
48.9151284869,2.3498485703,0.0024448772149594797
48.9200223775,2.3498485703,0.0017499770708876397
48.9249162681,2.3498485703,0.0010790468373691007
48.9298101587,2.3498485703,0.0005731665053485288
48.9347040493,2.3498485703,0.000262273178173626
48.9395979399,2.3498485703,0.00010338547405990774
48.9444918305,2.3498485703,3.510732476210325e-05
48.9493857211,2.3498485703,1.0269954482195661e-05
48.9542796117,2.3498485703,2.5880452745945864e-06
48.9591735023,2.3498485703,5.61833704429271e-07
48.9640673929,2.3498485703,1.0506940605045527e-07
48.9689612835,2.3498485703,1.6926896324817998e-08
48.9738551741,2.3498485703,2.3491511430621176e-09
48.9787490647,2.3498485703,2.8085176298778645e-10
48.7389484253,2.3547424609,2.990579954682333e-36
48.7438423159,2.3547424609,3.2877901763910973e-34
48.7487362065,2.3547424609,3.1137614514210223e-32
48.7536300971,2.3547424609,2.5403827246189523e-30
48.7585239877,2.3547424609,1.7854411192383995e-28
48.7634178783,2.3547424609,1.080996985743665e-26
48.7683117689,2.3547424609,5.638141903373558e-25
48.7732056595,2.3547424609,2.5332618926963714e-23
48.7780995501,2.3547424609,9.805206555315834e-22
48.7829934407,2.3547424609,3.2693842970132253e-20
48.7878873313,2.3547424609,9.390911906509156e-19
48.7927812219,2.3547424609,2.323711198455931e-17
48.7976751125,2.3547424609,4.953782983506304e-16
48.8025690031,2.3547424609,9.787390423308654e-15
48.8074628937,2.3547424609,2.469585828670657e-12
48.8123567843,2.3547424609,2.0780102421702074e-09
48.8172506749,2.3547424609,4.921306411253262e-07
48.8221445655,2.3547424609,3.0975987297708975e-05
48.8270384561,2.3547424609,0.0005177556186282935
48.8319323467,2.3547424609,0.002298087953541439
48.8368262373,2.3547424609,0.002708691971681876
48.8417201279,2.3547424609,0.0008482892436298875
48.8466140185,2.3547424609,7.308765845736171e-05
48.8515079091,2.3547424609,1.2619853749455659e-05
48.8564017997,2.3547424609,4.7850671609734695e-05
48.8612956903,2.3547424609,0.0003300953568607432
48.8661895809,2.3547424609,0.0027775621198249593
48.8710834715,2.3547424609,0.015207567437842542
48.8759773621,2.3547424609,0.044433336695774164
48.8808712527,2.3547424609,0.06685875081639622
48.8857651433,2.3547424609,0.052229209021518216
48.8906590339,2.3547424609,0.022941165448828547
48.8955529245,2.3547424609,0.008245473860797563
48.9004468151,2.3547424609,0.0046790816980341555
48.9053407057,2.3547424609,0.003486774286956269
48.9102345963,2.3547424609,0.0023956015084639765
48.9151284869,2.3547424609,0.0014243859071778873
48.9200223775,2.3547424609,0.0007297048213837599
48.9249162681,2.3547424609,0.0003220333982839443
48.9298101587,2.3547424609,0.00012242981765083754
48.9347040493,2.3547424609,4.0096462537694456e-05
48.9395979399,2.3547424609,1.1312471146339234e-05
48.9444918305,2.3547424609,2.7494224755139497e-06
48.9493857211,2.3547424609,5.756493801188063e-07
48.9542796117,2.3547424609,1.0382625105958258e-07
48.9591735023,2.3547424609,1.6132024508805554e-08
48.9640673929,2.3547424609,2.1592510634746265e-09
48.9689612835,2.3547424609,2.48971697259136e-10
48.9738551741,2.3547424609,2.4730300095987373e-11
48.9787490647,2.3547424609,2.1161252129765544e-12
48.7389484253,2.3596363515,8.060845438539833e-32
48.7438423159,2.3596363515,6.342712848974253e-30
48.7487362065,2.3596363515,4.299342810840479e-28
48.7536300971,2.3596363515,2.510508343310737e-26
48.7585239877,2.3596363515,1.2628559987867698e-24
48.7634178783,2.3596363515,5.472409180833497e-23
48.7683117689,2.3596363515,2.0428471019859263e-21
48.7732056595,2.3596363515,6.569400384957173e-20
48.7780995501,2.3596363515,1.819902699137123e-18
48.7829934407,2.3596363515,4.343133463675451e-17
48.7878873313,2.3596363515,8.92875179314089e-16
48.7927812219,2.3596363515,1.5812877053305777e-14
48.7976751125,2.3596363515,2.4124814632280095e-13
48.8025690031,2.3596363515,3.1725133579053846e-12
48.8074628937,2.3596363515,4.026321010911816e-11
48.8123567843,2.3596363515,3.0722308767094677e-09
48.8172506749,2.3596363515,4.536721892109971e-07
48.8221445655,2.3596363515,1.9839641997989032e-05
48.8270384561,2.3596363515,0.00023152963403732656
48.8319323467,2.3596363515,0.0007181552762985307
48.8368262373,2.3596363515,0.0005939843187134954
48.8417201279,2.3596363515,0.00014229332449956038
48.8466140185,2.3596363515,5.266082663863677e-05
48.8515079091,2.3596363515,0.00013376550832694463
48.8564017997,2.3596363515,0.00034345637177144296
48.8612956903,2.3596363515,0.0008324217697529941
48.8661895809,2.3596363515,0.002623819034065153
48.8710834715,2.3596363515,0.010995481930166081
48.8759773621,2.3596363515,0.034741903902117836
48.8808712527,2.3596363515,0.061560677075205544
48.8857651433,2.3596363515,0.05731527508821173
48.8906590339,2.3596363515,0.028472503843448974
48.8955529245,2.3596363515,0.00866182208768983
48.9004468151,2.3596363515,0.002571788218213896
48.9053407057,2.3596363515,0.001118714267688228
48.9102345963,2.3596363515,0.0005334467137703719
48.9151284869,2.3596363515,0.00022653546254932841
48.9200223775,2.3596363515,8.305523972737045e-05
48.9249162681,2.3596363515,2.623407586697822e-05
48.9298101587,2.3596363515,7.13834985631057e-06
48.9347040493,2.3596363515,1.6732562910970622e-06
48.9395979399,2.3596363515,3.3787781158607666e-07
48.9444918305,2.3596363515,5.8774568237684555e-08
48.9493857211,2.3596363515,8.807482542354915e-09
48.9542796117,2.3596363515,1.1369639728235565e-09
48.9591735023,2.3596363515,1.264370005011761e-10
48.9640673929,2.3596363515,1.2112512387492692e-11
48.9689612835,2.3596363515,9.99601393223037e-13
48.9738551741,2.3596363515,7.106439123623403e-14
48.9787490647,2.3596363515,4.352209535178557e-15
48.7389484253,2.3645302421,5.930755181510483e-28
48.7438423159,2.3645302421,3.340028972432159e-26
48.7487362065,2.3645302421,1.6204030048219865e-24
48.7536300971,2.3645302421,6.772178777018496e-23
48.7585239877,2.3645302421,2.4381833304711516e-21
48.7634178783,2.3645302421,7.562003426018475e-20
48.7683117689,2.3645302421,2.020412052551335e-18
48.7732056595,2.3645302421,4.6502424908094326e-17
48.7780995501,2.3645302421,9.220273813086972e-16
48.7829934407,2.3645302421,1.5748696204704328e-14
48.7878873313,2.3645302421,2.3172770541505473e-13
48.7927812219,2.3645302421,2.937270109240764e-12
48.7976751125,2.3645302421,3.20732069520452e-11
48.8025690031,2.3645302421,3.017021332040145e-10
48.8074628937,2.3645302421,2.4503936648930777e-09
48.8123567843,2.3645302421,1.951786878250676e-08
48.8172506749,2.3645302421,3.862142070228431e-07
48.8221445655,2.3645302421,9.241800892926658e-06
48.8270384561,2.3645302421,7.341282859114673e-05
48.8319323467,2.3645302421,0.00016297998351817643
48.8368262373,2.3645302421,0.00011869385497199444
48.8417201279,2.3645302421,9.969140188467036e-05
48.8466140185,2.3645302421,0.0002123444779912689
48.8515079091,2.3645302421,0.0004484195712899749
48.8564017997,2.3645302421,0.0008180794836034546
48.8612956903,2.3645302421,0.001293429608804806
48.8661895809,2.3645302421,0.0018864263358401134
48.8710834715,2.3645302421,0.0033188408581356402
48.8759773621,2.3645302421,0.007749941350439258
48.8808712527,2.3645302421,0.014523996401797556
48.8857651433,2.3645302421,0.015702533560360304
48.8906590339,2.3645302421,0.009032671542009155
48.8955529245,2.3645302421,0.002819165922004784
48.9004468151,2.3645302421,0.0005634888845679316
48.9053407057,2.3645302421,0.00011624431395513093
48.9102345963,2.3645302421,3.319981399244689e-05
48.9151284869,2.3645302421,9.84999675621859e-06
48.9200223775,2.3645302421,2.580576931465496e-06
48.9249162681,2.3645302421,5.833583336290186e-07
48.9298101587,2.3645302421,1.1360898764328457e-07
48.9347040493,2.3645302421,1.9060008984848787e-08
48.9395979399,2.3645302421,2.754647854179255e-09
48.9444918305,2.3645302421,3.4295855719821505e-10
48.9493857211,2.3645302421,3.678322196075626e-11
48.9542796117,2.3645302421,3.398524936824238e-12
48.9591735023,2.3645302421,2.704977909680573e-13
48.9640673929,2.3645302421,1.854682411163787e-14
48.9689612835,2.3645302421,1.095488827500729e-15
48.9738551741,2.3645302421,5.574153457960959e-17
48.9787490647,2.3645302421,2.4433318575958687e-18
48.7389484253,2.3694241327,1.191087390798444e-24
48.7438423159,2.3694241327,4.800977216176315e-23
48.7487362065,2.3694241327,1.6670484864874938e-21
48.7536300971,2.3694241327,4.986540916195286e-20
48.7585239877,2.3694241327,1.2849407756600704e-18
48.7634178783,2.3694241327,2.85232759697899e-17
48.7683117689,2.3694241327,5.45441609538154e-16
48.7732056595,2.3694241327,8.985240288885914e-15
48.7780995501,2.3694241327,1.275098382553766e-13
48.7829934407,2.3694241327,1.5587995174147006e-12
48.7878873313,2.3694241327,1.64160777079534e-11
48.7927812219,2.3694241327,1.4892962794139665e-10
48.7976751125,2.3694241327,1.1639260249968742e-09
48.8025690031,2.3694241327,7.836144981534883e-09
48.8074628937,2.3694241327,4.5452656812755866e-08
48.8123567843,2.3694241327,2.2858376707971703e-07
48.8172506749,2.3694241327,1.099866246261317e-06
48.8221445655,2.3694241327,6.253202132528138e-06
48.8270384561,2.3694241327,2.6555588069347642e-05
48.8319323467,2.3694241327,5.4511255078405515e-05
48.8368262373,2.3694241327,8.458929582865427e-05
48.8417201279,2.3694241327,0.0001551022144010501
48.8466140185,2.3694241327,0.0002711461733587216
48.8515079091,2.3694241327,0.0004108300595223031
48.8564017997,2.3694241327,0.0005362916837102628
48.8612956903,2.3694241327,0.0006032749839824661
48.8661895809,2.3694241327,0.0005886401607518891
48.8710834715,2.3694241327,0.0005350004481559866
48.8759773621,2.3694241327,0.0006069623708595615
48.8808712527,2.3694241327,0.0009164828113547428
48.8857651433,2.3694241327,0.0010785689365435576
48.8906590339,2.3694241327,0.0007221668252820965
48.8955529245,2.3694241327,0.00025568274899577
48.9004468151,2.3694241327,4.871979851061336e-05
48.9053407057,2.3694241327,5.822701664462743e-06
48.9102345963,2.3694241327,7.017661304199678e-07
48.9151284869,2.3694241327,1.2032027360907362e-07
48.9200223775,2.3694241327,2.192731817865443e-08
48.9249162681,2.3694241327,3.5411090311522084e-09
48.9298101587,2.3694241327,4.935514343049953e-10
48.9347040493,2.3694241327,5.926359197407708e-11
48.9395979399,2.3694241327,6.130229451310188e-12
48.9444918305,2.3694241327,5.462583223432848e-13
48.9493857211,2.3694241327,4.193261741610268e-14
48.9542796117,2.3694241327,2.7729270581685e-15
48.9591735023,2.3694241327,1.579637693048187e-16
48.9640673929,2.3694241327,7.751916742315282e-18
48.9689612835,2.3694241327,3.277127057565652e-19
48.9738551741,2.3694241327,1.193465938102036e-20
48.9787490647,2.3694241327,3.744202649288584e-22
48.7389484253,2.3743180233,6.529523426253826e-22
48.7438423159,2.3743180233,1.8837067022155626e-20
48.7487362065,2.3743180233,4.681420476355236e-19
48.7536300971,2.3743180233,1.002246588216995e-17
48.7585239877,2.3743180233,1.8484346090450282e-16
48.7634178783,2.3743180233,2.9367445065281538e-15
48.7683117689,2.3743180233,4.0193961057847767e-14
48.7732056595,2.3743180233,4.739014292723213e-13
48.7780995501,2.3743180233,4.813353946496521e-12
48.7829934407,2.3743180233,4.2115324082414235e-11
48.7878873313,2.3743180233,3.1744249531344995e-10
48.7927812219,2.3743180233,2.0612114696361703e-09
48.7976751125,2.3743180233,1.1529556591051329e-08
48.8025690031,2.3743180233,5.555654869341643e-08
48.8074628937,2.3743180233,2.3061955715839401e-07
48.8123567843,2.3743180233,8.253109187582716e-07
48.8172506749,2.3743180233,2.5767674602647924e-06
48.8221445655,2.3743180233,7.2867771434840455e-06
48.8270384561,2.3743180233,1.758160102771469e-05
48.8319323467,2.3743180233,3.264341518963005e-05
48.8368262373,2.3743180233,5.2131617124213716e-05
48.8417201279,2.3743180233,7.529488078964407e-05
48.8466140185,2.3743180233,9.473463498188678e-05
48.8515079091,2.3743180233,0.00010274312425424428
48.8564017997,2.3743180233,9.599171219669881e-05
48.8612956903,2.3743180233,7.725992063602514e-05
48.8661895809,2.3743180233,5.359955966029785e-05
48.8710834715,2.3743180233,3.242649944318061e-05
48.8759773621,2.3743180233,1.9313081501498583e-05
48.8808712527,2.3743180233,1.6788612925319324e-05
48.8857651433,2.3743180233,1.8737205098874055e-05
48.8906590339,2.3743180233,1.4447032602894111e-05
48.8955529245,2.3743180233,6.053088315935116e-06
48.9004468151,2.3743180233,1.3154973884148172e-06
48.9053407057,2.3743180233,1.4992662312005382e-07
48.9102345963,2.3743180233,9.936671201347149e-09
48.9151284869,2.3743180233,5.859070848772625e-10
48.9200223775,2.3743180233,5.3591537727441476e-11
48.9249162681,2.3743180233,5.88736385903963e-12
48.9298101587,2.3743180233,5.853426597186221e-13
48.9347040493,2.3743180233,5.0298867663110425e-14
48.9395979399,2.3743180233,3.723845155154193e-15
48.9444918305,2.3743180233,2.3749732199582874e-16
48.9493857211,2.3743180233,1.3048434286308449e-17
48.9542796117,2.3743180233,6.175763514383761e-19
48.9591735023,2.3743180233,2.5179985798625255e-20
48.9640673929,2.3743180233,8.844084289050678e-22
48.9689612835,2.3743180233,2.6759798192570686e-23
48.9738551741,2.3743180233,6.975018495529345e-25
48.9787490647,2.3743180233,1.5661756299211191e-26
48.7389484253,2.3792119139,9.770652525531789e-20
48.7438423159,2.3792119139,2.0174424191024222e-18
48.7487362065,2.3792119139,3.588486331250863e-17
48.7536300971,2.3792119139,5.498623872430697e-16
48.7585239877,2.3792119139,7.258206148197454e-15
48.7634178783,2.3792119139,8.253480951858595e-14
48.7683117689,2.3792119139,8.084954431523556e-13
48.7732056595,2.3792119139,6.82261034418285e-12
48.7780995501,2.3792119139,4.959708235514435e-11
48.7829934407,2.3792119139,3.105948557465629e-10
48.7878873313,2.3792119139,1.675579184537807e-09
48.7927812219,2.3792119139,7.786965013426995e-09
48.7976751125,2.3792119139,3.117482749995792e-08
48.8025690031,2.3792119139,1.0751584501570676e-07
48.8074628937,2.3792119139,3.1942960198923345e-07
48.8123567843,2.3792119139,8.177244114575327e-07
48.8172506749,2.3792119139,1.809912090131644e-06
48.8221445655,2.3792119139,3.501203485563364e-06
48.8270384561,2.3792119139,5.817467280021983e-06
48.8319323467,2.3792119139,8.054710705251687e-06
48.8368262373,2.3792119139,9.617825168658237e-06
48.8417201279,2.3792119139,1.0029115538539544e-05
48.8466140185,2.3792119139,9.035553823464728e-06
48.8515079091,2.3792119139,7.013709811516126e-06
48.8564017997,2.3792119139,4.690017373693178e-06
48.8612956903,2.3792119139,2.7016805033262237e-06
48.8661895809,2.3792119139,1.3407421591668255e-06
48.8710834715,2.3792119139,5.741002200079502e-07
48.8759773621,2.3792119139,2.1890783218042868e-07
48.8808712527,2.3792119139,9.885258232784345e-08
48.8857651433,2.3792119139,8.373562735975386e-08
48.8906590339,2.3792119139,7.207329785581421e-08
48.8955529245,2.3792119139,3.629644049281497e-08
48.9004468151,2.3792119139,9.499111271682769e-09
48.9053407057,2.3792119139,1.267784579060147e-09
48.9102345963,2.3792119139,8.666405514661391e-11
48.9151284869,2.3792119139,3.1724802021580948e-12
48.9200223775,2.3792119139,8.065227653249815e-14
48.9249162681,2.3792119139,3.073748853443904e-15
48.9298101587,2.3792119139,1.9128020952515323e-16
48.9347040493,2.3792119139,1.1656845340589351e-17
48.9395979399,2.3792119139,6.174671513091596e-19
48.9444918305,2.3792119139,2.8185363035695135e-20
48.9493857211,2.3792119139,1.108329929494112e-21
48.9542796117,2.3792119139,3.754456668260949e-23
48.9591735023,2.3792119139,1.0956143213891555e-24
48.9640673929,2.3792119139,2.7542342427777015e-26
48.9689612835,2.3792119139,5.964535326739709e-28
48.9738551741,2.3792119139,1.1127175185441651e-29
48.9787490647,2.3792119139,1.7882399986824264e-31
48.7389484253,2.3841058045,3.990891126542956e-18
48.7438423159,2.3841058045,5.897843446822998e-17
48.7487362065,2.3841058045,7.50843057230063e-16
48.7536300971,2.3841058045,8.234508213409576e-15
48.7585239877,2.3841058045,7.779626258417595e-14
48.7634178783,2.3841058045,6.33158393814833e-13
48.7683117689,2.3841058045,4.439137248281966e-12
48.7732056595,2.3841058045,2.681126747811994e-11
48.7780995501,2.3841058045,1.3949822665957405e-10
48.7829934407,2.3841058045,6.252484113683767e-10
48.7878873313,2.3841058045,2.4141768210647472e-09
48.7927812219,2.3841058045,8.030047671454828e-09
48.7976751125,2.3841058045,2.300910574128863e-08
48.8025690031,2.3841058045,5.679550065535012e-08
48.8074628937,2.3841058045,1.207708124820696e-07
48.8123567843,2.3841058045,2.2126570514176307e-07
48.8172506749,2.3841058045,3.501413049650302e-07
48.8221445655,2.3841058045,4.821687343217253e-07
48.8270384561,2.3841058045,5.705067615584236e-07
48.8319323467,2.3841058045,5.682522413777707e-07
48.8368262373,2.3841058045,4.882626158538839e-07
48.8417201279,2.3841058045,3.6479175751225873e-07
48.8466140185,2.3841058045,2.352382071632334e-07
48.8515079091,2.3841058045,1.3069141518813818e-07
48.8564017997,2.3841058045,6.25488744419262e-08
48.8612956903,2.3841058045,2.5788407326399795e-08
48.8661895809,2.3841058045,9.159323801038802e-09
48.8710834715,2.3841058045,2.802957679390208e-09
48.8759773621,2.3841058045,7.439918977763144e-10
48.8808712527,2.3841058045,1.942527265221758e-10
48.8857651433,2.3841058045,9.927479138658975e-11
48.8906590339,2.3841058045,8.956391599040712e-11
48.8955529245,2.3841058045,5.4431286459857554e-11
48.9004468151,2.3841058045,1.7375482291037888e-11
48.9053407057,2.3841058045,2.8197008734307147e-12
48.9102345963,2.3841058045,2.315391405664539e-13
48.9151284869,2.3841058045,9.630840450173563e-15
48.9200223775,2.3841058045,2.052398458735906e-16
48.9249162681,2.3841058045,2.435648054141748e-18
48.9298101587,2.3841058045,2.79705142908717e-20
48.9347040493,2.3841058045,7.671066108391737e-22
48.9395979399,2.3841058045,2.7987932068549714e-23
48.9444918305,2.3841058045,9.130741847334136e-25
48.9493857211,2.3841058045,2.5697099749992946e-26
48.9542796117,2.3841058045,6.230282846783615e-28
48.9591735023,2.3841058045,1.301260201663792e-29
48.9640673929,2.3841058045,2.341278629627029e-31
48.9689612835,2.3841058045,3.628896848425459e-33
48.9738551741,2.3841058045,4.845389733203982e-35
48.9787490647,2.3841058045,5.573337906323079e-37
48.7389484253,2.3889996951,4.449594336598725e-17
48.7438423159,2.3889996951,4.706407850012271e-16
48.7487362065,2.3889996951,4.288360326432158e-15
48.7536300971,2.3889996951,3.366088638663356e-14
48.7585239877,2.3889996951,2.276105536769845e-13
48.7634178783,2.3889996951,1.3258421182728363e-12
48.7683117689,2.3889996951,6.653096089665758e-12
48.7732056595,2.3889996951,2.8759964750008782e-11
48.7780995501,2.3889996951,1.0709901377379682e-10
48.7829934407,2.3889996951,3.4356994280042676e-10
48.7878873313,2.3889996951,9.494616381760622e-10
48.7927812219,2.3889996951,2.2603320898965596e-09
48.7976751125,2.3889996951,4.635532688690513e-09
48.8025690031,2.3889996951,8.189542250975188e-09
48.8074628937,2.3889996951,1.2463919922628789e-08
48.8123567843,2.3889996951,1.634614908712075e-08
48.8172506749,2.3889996951,1.8555938961538247e-08
48.8221445655,2.3889996951,1.8467746746133935e-08
48.8270384561,2.3889996951,1.57437134416709e-08
48.8319323467,2.3889996951,1.1116584900395117e-08
48.8368262373,2.3889996951,6.7830266098163e-09
48.8417201279,2.3889996951,3.6223013079175183e-09
48.8466140185,2.3889996951,1.6717293377451593e-09
48.8515079091,2.3889996951,6.647380810396691e-10
48.8564017997,2.3889996951,2.277030125217962e-10
48.8612956903,2.3889996951,6.719230934510875e-11
48.8661895809,2.3889996951,1.70805954761578e-11
48.8710834715,2.3889996951,3.740482153823016e-12
48.8759773621,2.3889996951,7.065168103462841e-13
48.8808712527,2.3889996951,1.2013710614964483e-13
48.8857651433,2.3889996951,3.2771637439035536e-14
48.8906590339,2.3889996951,2.7740448837400222e-14
48.8955529245,2.3889996951,2.0305208159213956e-14
48.9004468151,2.3889996951,7.92413821436473e-15
48.9053407057,2.3889996951,1.5707935047257736e-15
48.9102345963,2.3889996951,1.5734435505502952e-16
48.9151284869,2.3889996951,7.958598649802494e-18
48.9200223775,2.3889996951,2.0330449583015555e-19
48.9249162681,2.3889996951,2.6275599404357595e-21
48.9298101587,2.3889996951,1.7423254649201562e-23
48.9347040493,2.3889996951,6.860089800160833e-26
48.9395979399,2.3889996951,4.378842776452997e-28
48.9444918305,2.3889996951,8.151053032716342e-30
48.9493857211,2.3889996951,1.6266361258729212e-31
48.9542796117,2.3889996951,2.822108641249436e-33
48.9591735023,2.3889996951,4.2186629513023357e-35
48.9640673929,2.3889996951,5.432622847636881e-37
48.9689612835,2.3889996951,6.026662331437556e-39
48.9738551741,2.3889996951,5.759393222876513e-41
48.9787490647,2.3889996951,4.741428127996077e-43
48.7389484253,2.3938935857,1.3541762241635538e-16
48.7438423159,2.3938935857,1.0251563502079257e-15
48.7487362065,2.3938935857,6.685557013464176e-15
48.7536300971,2.3938935857,3.7559314390632835e-14
48.7585239877,2.3938935857,1.8177338052018711e-13
48.7634178783,2.3938935857,7.578364341663487e-13
48.7683117689,2.3938935857,2.7217814278878815e-12
48.7732056595,2.3938935857,8.420998317696992e-12
48.7780995501,2.3938935857,2.2444321631190314e-11
48.7829934407,2.3938935857,5.1532588211280815e-11
48.7878873313,2.3938935857,1.019271769480343e-10
48.7927812219,2.3938935857,1.7367231968932353e-10
48.7976751125,2.3938935857,2.549199256657492e-10
48.8025690031,2.3938935857,3.2233658357238545e-10
48.8074628937,2.3938935857,3.5112348271824057e-10
48.8123567843,2.3938935857,3.2996436153234526e-10
48.8172506749,2.3938935857,2.729453912491254e-10
48.8221445655,2.3938935857,2.09065090090527e-10
48.8270384561,2.3938935857,1.3362112176579476e-10
48.8319323467,2.3938935857,6.312208773750773e-11
48.8368262373,2.3938935857,2.597139263248138e-11
48.8417201279,2.3938935857,9.82252300229618e-12
48.8466140185,2.3938935857,3.2428813084367426e-12
48.8515079091,2.3938935857,9.229077575704814e-13
48.8564017997,2.3938935857,2.2626755341129313e-13
48.8612956903,2.3938935857,4.778799973212895e-14
48.8661895809,2.3938935857,8.694567779276118e-15
48.8710834715,2.3938935857,1.3627322140054325e-15
48.8759773621,2.3938935857,1.8403184823377149e-16
48.8808712527,2.3938935857,2.1679752430976936e-17
48.8857651433,2.3938935857,3.1855213300123837e-18
48.8906590339,2.3938935857,2.147048977173831e-18
48.8955529245,2.3938935857,1.8798725701834285e-18
48.9004468151,2.3938935857,8.968134243234826e-19
48.9053407057,2.3938935857,2.1717040318540615e-19
48.9102345963,2.3938935857,2.6561959855832943e-20
48.9151284869,2.3938935857,1.6400494068249961e-21
48.9200223775,2.3938935857,5.111641365618561e-23
48.9249162681,2.3938935857,8.042249534336124e-25
48.9298101587,2.3938935857,6.3882917926470414e-27
48.9347040493,2.3938935857,2.56561605382776e-29
48.9395979399,2.3938935857,5.295348442495798e-32
48.9444918305,2.3938935857,7.237912295724373e-35
48.9493857211,2.3938935857,3.082151565270207e-37
48.9542796117,2.3938935857,3.496423119658028e-39
48.9591735023,2.3938935857,3.7333659620733375e-41
48.9640673929,2.3938935857,3.4408862478960153e-43
48.9689612835,2.3938935857,2.7320165250913138e-45
48.9738551741,2.3938935857,1.8686543422363735e-47
48.9787490647,2.3938935857,1.101050392151125e-49
48.7389484253,2.3987874763,1.1249524794002962e-16
48.7438423159,2.3987874763,6.095297110315641e-16
48.7487362065,2.3987874763,2.8450385218383067e-15
48.7536300971,2.3987874763,1.1439683028996198e-14
48.7585239877,2.3987874763,3.962528510427538e-14
48.7634178783,2.3987874763,1.1823971589708158e-13
48.7683117689,2.3987874763,3.0393934543695134e-13
48.7732056595,2.3987874763,6.7304335203569e-13
48.7780995501,2.3987874763,1.2839015485309998e-12
48.7829934407,2.3987874763,2.1098567771344396e-12
48.7878873313,2.3987874763,2.9868044965427145e-12
48.7927812219,2.3987874763,3.64244654104384e-12
48.7976751125,2.3987874763,3.826591890556304e-12
48.8025690031,2.3987874763,3.463095958169701e-12
48.8074628937,2.3987874763,2.700805723356677e-12
48.8123567843,2.3987874763,1.845275128022883e-12
48.8172506749,2.3987874763,1.349443817109602e-12
48.8221445655,2.3987874763,1.2715425071501467e-12
48.8270384561,2.3987874763,7.200504447501331e-13
48.8319323467,2.3987874763,1.7013661143784805e-13
48.8368262373,2.3987874763,3.0522194815363926e-14
48.8417201279,2.3987874763,7.312256369568875e-15
48.8466140185,2.3987874763,1.7172556603062488e-15
48.8515079091,2.3987874763,3.497602162681566e-16
48.8564017997,2.3987874763,6.137337590941116e-17
48.8612956903,2.3987874763,9.277316328727398e-18
48.8661895809,2.3987874763,1.2080844280707846e-18
48.8710834715,2.3987874763,1.3552045341777886e-19
48.8759773621,2.3987874763,1.3096576203672812e-20
48.8808712527,2.3987874763,1.0937513558668943e-21
48.8857651433,2.3987874763,9.424094334101593e-23
48.8906590339,2.3987874763,4.176647814031868e-23
48.8955529245,2.3987874763,4.3147294554770355e-23
48.9004468151,2.3987874763,2.515111695386667e-23
48.9053407057,2.3987874763,7.438181702872754e-24
48.9102345963,2.3987874763,1.1107651926644534e-24
48.9151284869,2.3987874763,8.373085588589235e-26
48.9200223775,2.3987874763,3.18597498700374e-27
48.9249162681,2.3987874763,6.119145828645471e-29
48.9298101587,2.3987874763,5.932412055354606e-31
48.9347040493,2.3987874763,2.9031451571162166e-33
48.9395979399,2.3987874763,7.172030435504613e-36
48.9444918305,2.3987874763,8.953873912445988e-39
48.9493857211,2.3987874763,5.759637325718757e-42
48.9542796117,2.3987874763,2.965289734505349e-45
48.9591735023,2.3987874763,9.304628682721082e-48
48.9640673929,2.3987874763,5.951199406960632e-50
48.9689612835,2.3987874763,3.380611224712081e-52
48.9738551741,2.3987874763,1.6549521826207278e-54
48.9787490647,2.3987874763,6.979261120167681e-57
48.7389484253,2.4036813669,2.5509232793961815e-17
48.7438423159,2.4036813669,9.89245037865175e-17
48.7487362065,2.4036813669,3.304782883208494e-16
48.7536300971,2.4036813669,9.510745346333748e-16
48.7585239877,2.4036813669,2.35786395309397e-15
48.7634178783,2.4036813669,5.0356495857531e-15
48.7683117689,2.4036813669,9.264560643598336e-15
48.7732056595,2.4036813669,1.4683403192541784e-14
48.7780995501,2.4036813669,2.004754462391314e-14
48.7829934407,2.4036813669,2.357915417599825e-14
48.7878873313,2.4036813669,2.38906422069868e-14
48.7927812219,2.4036813669,2.0852589556725746e-14
48.7976751125,2.4036813669,1.5679231911270565e-14
48.8025690031,2.4036813669,1.0156607100659495e-14
48.8074628937,2.4036813669,5.7248487567289584e-15
48.8123567843,2.4036813669,4.152910866217005e-15
48.8172506749,2.4036813669,1.0497175998655622e-14
48.8221445655,2.4036813669,1.6716019932021906e-14
48.8270384561,2.4036813669,7.666575658691827e-15
48.8319323467,2.4036813669,9.58855138449366e-16
48.8368262373,2.4036813669,3.7659807367934123e-17
48.8417201279,2.4036813669,1.7278919044956284e-18
48.8466140185,2.4036813669,2.487790957641144e-19
48.8515079091,2.4036813669,3.6181853516623806e-20
48.8564017997,2.4036813669,4.544038234573987e-21
48.8612956903,2.4036813669,4.916206362463572e-22
48.8661895809,2.4036813669,4.581954861780577e-23
48.8710834715,2.4036813669,3.678782252229051e-24
48.8759773621,2.4036813669,2.544436535143329e-25
48.8808712527,2.4036813669,1.5171337249674203e-26
48.8857651433,2.4036813669,8.394503554607526e-28
48.8906590339,2.4036813669,2.0658784716934232e-28
48.8955529245,2.4036813669,2.4539935533708193e-28
48.9004468151,2.4036813669,1.7470588627961707e-28
48.9053407057,2.4036813669,6.308881489984359e-29
48.9102345963,2.4036813669,1.1502151564890705e-29
48.9151284869,2.4036813669,1.058529043987691e-30
48.9200223775,2.4036813669,4.9171988026907953e-32
48.9249162681,2.4036813669,1.1529844937122127e-33
48.9298101587,2.4036813669,1.3646453402317672e-35
48.9347040493,2.4036813669,8.15279976370561e-38
48.9395979399,2.4036813669,2.458581480535519e-40
48.9444918305,2.4036813669,3.742440432749189e-43
48.9493857211,2.4036813669,2.8756541081443195e-46
48.9542796117,2.4036813669,1.1163038990211576e-49
48.9591735023,2.4036813669,2.2426936076257265e-53
48.9640673929,2.4036813669,4.9647988022497557e-57
48.9689612835,2.4036813669,1.152610634569946e-59
48.9738551741,2.4036813669,4.001064493642981e-62
48.9787490647,2.4036813669,1.2075803831474367e-64
48.7389484253,2.4085752575,1.5789371535937187e-18
48.7438423159,2.4085752575,4.382451396722829e-18
48.7487362065,2.4085752575,1.0478568123119969e-17
48.7536300971,2.4085752575,2.1583374322177578e-17
48.7585239877,2.4085752575,3.829740197012101e-17
48.7634178783,2.4085752575,5.853988329629918e-17
48.7683117689,2.4085752575,7.708448232508187e-17
48.7732056595,2.4085752575,8.744090357695416e-17
48.7780995501,2.4085752575,8.544661883226571e-17
48.7829934407,2.4085752575,7.192960845312128e-17
48.7878873313,2.4085752575,5.216186119000528e-17
48.7927812219,2.4085752575,3.2585998485246265e-17
48.7976751125,2.4085752575,1.7536604667510032e-17
48.8025690031,2.4085752575,8.16901020906495e-18
48.8074628937,2.4085752575,5.787967826713359e-18
48.8123567843,2.4085752575,4.4948574418239654e-17
48.8172506749,2.4085752575,2.010949134312689e-16
48.8221445655,2.4085752575,2.442722237364149e-16
48.8270384561,2.4085752575,7.888670746352486e-17
48.8319323467,2.4085752575,6.767755747101777e-18
48.8368262373,2.4085752575,1.54629669678246e-19
48.8417201279,2.4085752575,1.0125247103495242e-21
48.8466140185,2.4085752575,1.1287505640443097e-23
48.8515079091,2.4085752575,1.022299080932223e-24
48.8564017997,2.4085752575,9.183505678216443e-26
48.8612956903,2.4085752575,7.111186542048284e-27
48.8661895809,2.4085752575,4.7436053905819275e-28
48.8710834715,2.4085752575,2.7258854769925246e-29
48.8759773621,2.4085752575,1.3493960351737012e-30
48.8808712527,2.4085752575,5.755297949953227e-32
48.8857651433,2.4085752575,2.1719403419912965e-33
48.8906590339,2.4085752575,2.656406877896242e-34
48.8955529245,2.4085752575,3.4578181167068514e-34
48.9004468151,2.4085752575,3.005228868266502e-34
48.9053407057,2.4085752575,1.3250106502401476e-34
48.9102345963,2.4085752575,2.9492271344983394e-35
48.9151284869,2.4085752575,3.313523742246967e-36
48.9200223775,2.4085752575,1.8791554628629793e-37
48.9249162681,2.4085752575,5.37930219243581e-39
48.9298101587,2.4085752575,7.772840670402803e-41
48.9347040493,2.4085752575,5.66923132907184e-43
48.9395979399,2.4085752575,2.0871765251931278e-45
48.9444918305,2.4085752575,3.878687407334575e-48
48.9493857211,2.4085752575,3.6383210353798187e-51
48.9542796117,2.4085752575,1.7226950290479988e-54
48.9591735023,2.4085752575,4.117336446494118e-58
48.9640673929,2.4085752575,4.970603283057499e-62
48.9689612835,2.4085752575,3.129900735017687e-66
48.9738551741,2.4085752575,3.5697387702105645e-70
48.9787490647,2.4085752575,5.717729930041239e-73
48.7389484253,2.4134691481,2.6676971096909278e-20
48.7438423159,2.4134691481,5.299495932753831e-20
48.7487362065,2.4134691481,9.069120594243877e-20
48.7536300971,2.4134691481,1.3369906166191992e-19
48.7585239877,2.4134691481,1.6979469235804085e-19
48.7634178783,2.4134691481,1.857600974989032e-19
48.7683117689,2.4134691481,1.7507063984232335e-19
48.7732056595,2.4134691481,1.4213687942207739e-19
48.7780995501,2.4134691481,9.941062460908775e-20
48.7829934407,2.4134691481,5.989511421555746e-20
48.7878873313,2.4134691481,3.1087268281169764e-20
48.7927812219,2.4134691481,1.3899743098899402e-20
48.7976751125,2.4134691481,5.363692652730443e-21
48.8025690031,2.4134691481,3.465864641025931e-21
48.8074628937,2.4134691481,7.716385817037201e-20
48.8123567843,2.4134691481,9.237481578757699e-19
48.8172506749,2.4134691481,2.9551960927035508e-18
48.8221445655,2.4134691481,2.5107893522538673e-18
48.8270384561,2.4134691481,5.664694378835294e-19
48.8319323467,2.4134691481,3.3937754757606144e-20
48.8368262373,2.4134691481,5.39929198521324e-22
48.8417201279,2.4134691481,2.2821455996319846e-24
48.8466140185,2.4134691481,2.6642406968029623e-27
48.8515079091,2.4134691481,8.636907089910062e-30
48.8564017997,2.4134691481,5.066759112395075e-31
48.8612956903,2.4134691481,2.807749021026977e-32
48.8661895809,2.4134691481,1.3405114517987311e-33
48.8710834715,2.4134691481,5.513347428114205e-35
48.8759773621,2.4134691481,1.9534071990298636e-36
48.8808712527,2.4134691481,5.962311346509904e-38
48.8857651433,2.4134691481,1.5812057551850983e-39
48.8906590339,2.4134691481,9.230823785901433e-41
48.8955529245,2.4134691481,1.207065828242325e-40
48.9004468151,2.4134691481,1.280083549828247e-40
48.9053407057,2.4134691481,6.890619219716476e-41
48.9102345963,2.4134691481,1.8724326694090178e-41
48.9151284869,2.4134691481,2.5682998492757903e-42
48.9200223775,2.4134691481,1.778180620883708e-43
48.9249162681,2.4134691481,6.214362896966324e-45
48.9298101587,2.4134691481,1.0962457883550512e-46
48.9347040493,2.4134691481,9.761349290624024e-49
48.9395979399,2.4134691481,4.38735076780837e-51
48.9444918305,2.4134691481,9.95372069824814e-54
48.9493857211,2.4134691481,1.1398799945503657e-56
48.9542796117,2.4134691481,6.589059092658423e-60
48.9591735023,2.4134691481,1.9225527803644545e-63
48.9640673929,2.4134691481,2.831547826421367e-67
48.9689612835,2.4134691481,2.1050635336878016e-71
48.9738551741,2.4134691481,7.904014548458351e-76
48.9787490647,2.4134691481,1.5697740904613283e-80
48.7389484253,2.4183630387,1.2303039531849276e-22
48.7438423159,2.4183630387,1.749267571769322e-22
48.7487362065,2.4183630387,2.142558258246265e-22
48.7536300971,2.4183630387,2.2606930691524274e-22
48.7585239877,2.4183630387,2.0548642420886668e-22
48.7634178783,2.4183630387,1.6090044139385022e-22
48.7683117689,2.4183630387,1.0853352411986925e-22
48.7732056595,2.4183630387,6.30671409105532e-23
48.7780995501,2.4183630387,3.1570026761318405e-23
48.7829934407,2.4183630387,1.361379873371016e-23
48.7878873313,2.4183630387,5.057272060405785e-24
48.7927812219,2.4183630387,1.6193338014367545e-24
48.7976751125,2.4183630387,8.660351053008769e-25
48.8025690031,2.4183630387,5.0222505363428274e-23
48.8074628937,2.4183630387,1.5884904992855869e-21
48.8123567843,2.4183630387,1.3369518673588122e-20
48.8172506749,2.4183630387,2.9880787192214687e-20
48.8221445655,2.4183630387,1.7734046022717625e-20
48.8270384561,2.4183630387,2.794879312670539e-21
48.8319323467,2.4183630387,1.169654819081774e-22
48.8368262373,2.4183630387,1.2998457347141104e-24
48.8417201279,2.4183630387,3.8358874850988824e-27
48.8466140185,2.4183630387,3.006235531393089e-30
48.8515079091,2.4183630387,6.420723278427787e-34
48.8564017997,2.4183630387,7.974385660289068e-37
48.8612956903,2.4183630387,3.0261187361408474e-38
48.8661895809,2.4183630387,1.0340385521847008e-39
48.8710834715,2.4183630387,3.0438787109242207e-41
48.8759773621,2.4183630387,7.7188131342603e-43
48.8808712527,2.4183630387,1.6861968616482888e-44
48.8857651433,2.4183630387,3.181045026379114e-46
48.8906590339,2.4183630387,9.163839096307113e-48
48.8955529245,2.4183630387,1.0440552024339018e-47
48.9004468151,2.4183630387,1.350137174197374e-47
48.9053407057,2.4183630387,8.872916994049383e-48
48.9102345963,2.4183630387,2.9435571200927034e-48
48.9151284869,2.4183630387,4.929121469815909e-49
48.9200223775,2.4183630387,4.166363645300311e-50
48.9249162681,2.4183630387,1.7776056186549164e-51
48.9298101587,2.4183630387,3.8282848454490674e-53
48.9347040493,2.4183630387,4.1616318885527606e-55
48.9395979399,2.4183630387,2.283566533610145e-57
48.9444918305,2.4183630387,6.324908763502534e-60
48.9493857211,2.4183630387,8.842711362822823e-63
48.9542796117,2.4183630387,6.240325192647176e-66
48.9591735023,2.4183630387,2.222898246428283e-69
48.9640673929,2.4183630387,3.9968931025351564e-73
48.9689612835,2.4183630387,3.627572271175039e-77
48.9738551741,2.4183630387,1.6618822884548e-81
48.9787490647,2.4183630387,3.843065952515303e-86
48.7389484253,2.4232569293,1.5487900425110124e-25
48.7438423159,2.4232569293,1.5760941399785153e-25
48.7487362065,2.4232569293,1.3816700051739317e-25
48.7536300971,2.4232569293,1.0434197996893918e-25
48.7585239877,2.4232569293,6.788071157614565e-26
48.7634178783,2.4232569293,3.804225634847328e-26
48.7683117689,2.4232569293,1.8366174993317148e-26
48.7732056595,2.4232569293,7.638423561157723e-27
48.7780995501,2.4232569293,2.7366630260128676e-27
48.7829934407,2.4232569293,8.44639689324103e-28
48.7878873313,2.4232569293,2.2460426830355047e-28
48.7927812219,2.4232569293,9.044689752771222e-29
48.7976751125,2.4232569293,1.2258858505070708e-26
48.8025690031,2.4232569293,1.0212638168015104e-24
48.8074628937,2.4232569293,2.2611194904924468e-23
48.8123567843,2.4232569293,1.3293802766941516e-22
48.8172506749,2.4232569293,2.075460051467952e-22
48.8221445655,2.4232569293,8.604367499141019e-23
48.8270384561,2.4232569293,9.47246368673273e-24
48.8319323467,2.4232569293,2.7691493037193925e-25
48.8368262373,2.4232569293,2.149657253442291e-27
48.8417201279,2.4232569293,4.431303486002716e-30
48.8466140185,2.4232569293,2.4256784907529686e-33
48.8515079091,2.4232569293,3.526030265893174e-37
48.8564017997,2.4232569293,1.3923466099860126e-41
48.8612956903,2.4232569293,9.041822918596487e-45
48.8661895809,2.4232569293,2.1772480798136574e-46
48.8710834715,2.4232569293,4.5871564525813985e-48
48.8759773621,2.4232569293,8.3255419894230605e-50
48.8808712527,2.4232569293,1.30171033033713e-51
48.8857651433,2.4232569293,1.7543963531427129e-53
48.8906590339,2.4232569293,2.7386588412036163e-55
48.8955529245,2.4232569293,2.2384621467300086e-55
48.9004468151,2.4232569293,3.5260712170425744e-55
48.9053407057,2.4232569293,2.8290661603607665e-55
48.9102345963,2.4232569293,1.1457949037998346e-55
48.9151284869,2.4232569293,2.342402108648212e-56
48.9200223775,2.4232569293,2.4171667185796293e-57
48.9249162681,2.4232569293,1.2590481816130536e-58
48.9298101587,2.4232569293,3.3103101290154467e-60
48.9347040493,2.4232569293,4.393246828956341e-62
48.9395979399,2.4232569293,2.9430193268007375e-64
48.9444918305,2.4232569293,9.951561071469992e-67
48.9493857211,2.4232569293,1.6985561164815273e-69
48.9542796117,2.4232569293,1.4633869408636244e-72
48.9591735023,2.4232569293,6.36398341572979e-76
48.9640673929,2.4232569293,1.3969777590995132e-79
48.9689612835,2.4232569293,1.5478915631565911e-83
48.9738551741,2.4232569293,8.657293931718831e-88
48.9787490647,2.4232569293,2.444074172332195e-92
48.7389484253,2.4281508199,5.322024913512615e-29
48.7438423159,2.4281508199,3.876254563396081e-29
48.7487362065,2.4281508199,2.4320933852549888e-29
48.7536300971,2.4281508199,1.3145610838782934e-29
48.7585239877,2.4281508199,6.12087999460845e-30
48.7634178783,2.4281508199,2.455158458077097e-30
48.7683117689,2.4281508199,8.483552623529042e-31
48.7732056595,2.4281508199,2.5252742940477173e-31
48.7780995501,2.4281508199,6.475479407365611e-32
48.7829934407,2.4281508199,1.4304776906055302e-32
48.7878873313,2.4281508199,4.0769832008493545e-33
48.7927812219,2.4281508199,1.1195597179704877e-30
48.7976751125,2.4281508199,2.454541945906963e-28
48.8025690031,2.4281508199,1.4295718515234215e-26
48.8074628937,2.4281508199,2.210960860542467e-25
48.8123567843,2.4281508199,9.080202758308262e-25
48.8172506749,2.4281508199,9.902605164129608e-25
48.8221445655,2.4281508199,2.8677600168118673e-25
48.8270384561,2.4281508199,2.2053400916625046e-26
48.8319323467,2.4281508199,4.503475094243948e-28
48.8368262373,2.4281508199,2.4420771669031877e-30
48.8417201279,2.4281508199,3.5164984150770434e-33
48.8466140185,2.4281508199,1.3446241100554522e-36
48.8515079091,2.4281508199,1.3653084945474812e-40
48.8564017997,2.4281508199,3.6813258175101444e-45
48.8612956903,2.4281508199,2.707265973935598e-50
48.8661895809,2.4281508199,1.2563700686029728e-53
48.8710834715,2.4281508199,1.886965880913881e-55
48.8759773621,2.4281508199,2.4511999141190363e-57
48.8808712527,2.4281508199,2.743001764426947e-59
48.8857651433,2.4281508199,2.6446720222106864e-61
48.8906590339,2.4281508199,2.501539049916581e-63
48.8955529245,2.4281508199,1.1906524448140948e-63
48.9004468151,2.4281508199,2.280213477229757e-63
48.9053407057,2.4281508199,2.23351082226916e-63
48.9102345963,2.4281508199,1.104356886211197e-63
48.9151284869,2.4281508199,2.7562684418917256e-64
48.9200223775,2.4281508199,3.4723554143640895e-65
48.9249162681,2.4281508199,2.2080932913388052e-66
48.9298101587,2.4281508199,7.0876335283447415e-68
48.9347040493,2.4281508199,1.148353710833962e-69
48.9395979399,2.4281508199,9.391623868589303e-72
48.9444918305,2.4281508199,3.877004385176853e-74
48.9493857211,2.4281508199,8.07871862168602e-77
48.9542796117,2.4281508199,8.497266916421188e-80
48.9591735023,2.4281508199,4.511351097463167e-83
48.9640673929,2.4281508199,1.2089952180071668e-86
48.9689612835,2.4281508199,1.6354343948970898e-90
48.9738551741,2.4281508199,1.1166890558351234e-94
48.9787490647,2.4281508199,3.848770198002574e-99
48.7389484253,2.4330447105,4.991895505882126e-33
48.7438423159,2.4330447105,2.6022358390796918e-33
48.7487362065,2.4330447105,1.1685852240921082e-33
48.7536300971,2.4330447105,4.520710499163025e-34
48.7585239877,2.4330447105,1.5065570098875644e-34
48.7634178783,2.4330447105,4.3251085687262016e-35
48.7683117689,2.4330447105,1.0696483495019829e-35
48.7732056595,2.4330447105,2.2788597925812757e-36
48.7780995501,2.4330447105,4.182432954361358e-37
48.7829934407,2.4330447105,8.371787774691995e-38
48.7878873313,2.4330447105,3.823269005136306e-35
48.7927812219,2.4330447105,2.2053530331331735e-32
48.7976751125,2.4330447105,3.378804672266102e-30
48.8025690031,2.4330447105,1.3746353146636238e-28
48.8074628937,2.4330447105,1.4850850727372507e-27
48.8123567843,2.4330447105,4.2604413785066656e-27
48.8172506749,2.4330447105,3.245617081804897e-27
48.8221445655,2.4330447105,6.565675160321694e-28
48.8270384561,2.4330447105,3.526963204179817e-29
48.8319323467,2.4330447105,5.03108773450752e-31
48.8368262373,2.4330447105,1.905733981554953e-33
48.8417201279,2.4330447105,1.916911621974892e-36
48.8466140185,2.4330447105,5.120134011220046e-40
48.8515079091,2.4330447105,3.6316165860558653e-44
48.8564017997,2.4330447105,6.84003115133341e-49
48.8612956903,2.4330447105,3.4210355044633275e-54
48.8661895809,2.4330447105,4.739839165730354e-60
48.8710834715,2.4330447105,2.120395995560843e-63
48.8759773621,2.4330447105,1.9699226811014532e-65
48.8808712527,2.4330447105,1.5777648463275435e-67
48.8857651433,2.4330447105,1.0886343115015991e-69
48.8906590339,2.4330447105,6.798653848482469e-72
48.8955529245,2.4330447105,1.57417333320111e-72
48.9004468151,2.4330447105,3.651153876560668e-72
48.9053407057,2.4330447105,4.3661756711333814e-72
48.9102345963,2.4330447105,2.6356038589430074e-72
48.9151284869,2.4330447105,8.03063167281044e-73
48.9200223775,2.4330447105,1.235122032154741e-73
48.9249162681,2.4330447105,9.588719596820677e-75
48.9298101587,2.4330447105,3.757525679177265e-76
48.9347040493,2.4330447105,7.432482312411026e-78
48.9395979399,2.4330447105,7.420896936201264e-80
48.9444918305,2.4330447105,3.739981932870257e-82
48.9493857211,2.4330447105,9.514220163437565e-85
48.9542796117,2.4330447105,1.2217081703361919e-87
48.9591735023,2.4330447105,7.918671886543295e-91
48.9640673929,2.4330447105,2.5907637191099665e-94
48.9689612835,2.4330447105,4.2785228286882795e-98
48.9738551741,2.4330447105,3.566567839395647e-102
48.9787490647,2.4330447105,1.5007132369119644e-106
48.7389484253,2.4379386011,1.278080755113812e-37
48.7438423159,2.4379386011,4.768537961187757e-38
48.7487362065,2.4379386011,1.5326562547527756e-38
48.7536300971,2.4379386011,4.2436235243660276e-39
48.7585239877,2.4379386011,1.0121887437219025e-39
48.7634178783,2.4379386011,2.079786367397084e-40
48.7683117689,2.4379386011,3.6813619545641246e-41
48.7732056595,2.4379386011,5.613467182294734e-42
48.7780995501,2.4379386011,8.227611935312758e-43
48.7829934407,2.4379386011,4.881348458593505e-40
48.7878873313,2.4379386011,7.407309269918745e-37
48.7927812219,2.4379386011,2.9853468927807075e-34
48.7976751125,2.4379386011,3.1949830449068644e-32
48.8025690031,2.4379386011,9.079914060490276e-31
48.8074628937,2.4379386011,6.852268048948127e-30
48.8123567843,2.4379386011,1.3731765368534115e-29
48.8172506749,2.4379386011,7.307315014954806e-30
48.8221445655,2.4379386011,1.0325918930297232e-30
48.8270384561,2.4379386011,3.874708338000029e-32
48.8319323467,2.4379386011,3.860901738247394e-34
48.8368262373,2.4379386011,1.0215929928812275e-36
48.8417201279,2.4379386011,7.1780501347250675e-40
48.8466140185,2.4379386011,1.3392895937513549e-43
48.8515079091,2.4379386011,6.635626405175484e-48
48.8564017997,2.4379386011,8.730292290777686e-53
48.8612956903,2.4379386011,3.0501069438206867e-58
48.8661895809,2.4379386011,2.8297108826716867e-64
48.8710834715,2.4379386011,7.620581624200162e-71
48.8759773621,2.4379386011,4.321849891529461e-74
48.8808712527,2.4379386011,2.4772094229784993e-76
48.8857651433,2.4379386011,1.2233110438479408e-78
48.8906590339,2.4379386011,5.291351319348781e-81
48.8955529245,2.4379386011,5.195447595595272e-82
48.9004468151,2.4379386011,1.4476202028569171e-81
48.9053407057,2.4379386011,2.113403902542542e-81
48.9102345963,2.4379386011,1.5574673772982403e-81
48.9151284869,2.4379386011,5.793567007888598e-82
48.9200223775,2.4379386011,1.0878366806315989e-82
48.9249162681,2.4379386011,1.0310315415263281e-83
48.9298101587,2.4379386011,4.9325420116354203e-85
48.9347040493,2.4379386011,1.1911329069882803e-86
48.9395979399,2.4379386011,1.4519118219681212e-88
48.9444918305,2.4379386011,8.933277984688088e-91
48.9493857211,2.4379386011,2.7744189628657337e-93
48.9542796117,2.4379386011,4.3493447005192045e-96
48.9591735023,2.4379386011,3.4416460268461595e-99
48.9640673929,2.4379386011,1.3746722392743738e-102
48.9689612835,2.4379386011,2.771549964439623e-106
48.9738551741,2.4379386011,2.820569794355375e-110
48.9787490647,2.4379386011,1.4489105600719545e-114
48.7389484253,2.4428324917,8.93213610740277e-43
48.7438423159,2.4428324917,2.3852179108327395e-43
48.7487362065,2.4428324917,5.486979785594342e-44
48.7536300971,2.4428324917,1.0873546783255627e-44
48.7585239877,2.4428324917,1.8562722111758162e-45
48.7634178783,2.4428324917,2.7298869841106384e-46
48.7683117689,2.4428324917,3.4584402389880045e-47
48.7732056595,2.4428324917,3.929345722589113e-48
48.7780995501,2.4428324917,2.3299111770256272e-45
48.7829934407,2.4428324917,9.300739174821744e-42
48.7878873313,2.4428324917,9.860549966800346e-39
48.7927812219,2.4428324917,2.7760305260971274e-36
48.7976751125,2.4428324917,2.07532807834895e-34
48.8025690031,2.4428324917,4.119919322548189e-33
48.8074628937,2.4428324917,2.171851297079529e-32
48.8123567843,2.4428324917,3.040261127194796e-32
48.8172506749,2.4428324917,1.1301370475194395e-32
48.8221445655,2.4428324917,1.1155544230324396e-33
48.8270384561,2.4428324917,2.924083958035388e-35
48.8319323467,2.4428324917,2.035299561865461e-37
48.8368262373,2.4428324917,3.761891497441302e-40
48.8417201279,2.4428324917,1.8463907534062555e-43
48.8466140185,2.4428324917,2.406469673854218e-47
48.8515079091,2.4428324917,8.328688028794221e-52
48.8564017997,2.4428324917,7.654418825850393e-57
48.8612956903,2.4428324917,1.8680447420866403e-62
48.8661895809,2.4428324917,1.2106030153556649e-68
48.8710834715,2.4428324917,2.0833238535105315e-75
48.8759773621,2.4428324917,1.2107897175616146e-82
48.8808712527,2.4428324917,1.0616763131376323e-85
48.8857651433,2.4428324917,3.7523652537628e-88
48.8906590339,2.4428324917,1.1482482756376069e-90
48.8955529245,2.4428324917,4.3242005389684185e-92
48.9004468151,2.4428324917,1.421180419132248e-91
48.9053407057,2.4428324917,2.532981089979126e-91
48.9102345963,2.4428324917,2.2789033934174254e-91
48.9151284869,2.4428324917,1.0349288500886665e-91
48.9200223775,2.4428324917,2.3723876845300834e-92
48.9249162681,2.4428324917,2.7450573146770295e-93
48.9298101587,2.4428324917,1.6032740412039536e-94
48.9347040493,2.4428324917,4.726663593619044e-96
48.9395979399,2.4428324917,7.03383562813226e-98
48.9444918305,2.4428324917,5.283483130964108e-100
48.9493857211,2.4428324917,2.003267861477934e-102
48.9542796117,2.4428324917,3.8339664728578995e-105
48.9591735023,2.4428324917,3.7038056205118464e-108
48.9640673929,2.4428324917,1.8060869332457842e-111
48.9689612835,2.4428324917,4.445490672303173e-115
48.9738551741,2.4428324917,5.523207311764817e-119
48.9787490647,2.4428324917,3.46380611427498e-123
48.7389484253,2.4477263823,1.703949016048437e-48
48.7438423159,2.4477263823,3.2566801457197512e-49
48.7487362065,2.4477263823,5.361992296099667e-50
48.7536300971,2.4477263823,7.605185886631983e-51
48.7585239877,2.4477263823,9.292360504222526e-52
48.7634178783,2.4477263823,9.780810367238423e-53
48.7683117689,2.4477263823,8.973722580975098e-54
48.7732056595,2.4477263823,4.157457817654904e-51
48.7780995501,2.4477263823,4.365651604129186e-47
48.7829934407,2.4477263823,1.217536787753156e-43
48.7878873313,2.4477263823,9.01684357982969e-41
48.7927812219,2.4477263823,1.7732354481089938e-38
48.7976751125,2.4477263823,9.260143109848015e-37
48.8025690031,2.4477263823,1.2841283013388773e-35
48.8074628937,2.4477263823,4.728665155469586e-35
48.8123567843,2.4477263823,4.62389678924049e-35
48.8172506749,2.4477263823,1.2006519383280268e-35
48.8221445655,2.4477263823,8.278764835331448e-37
48.8270384561,2.4477263823,1.515840099213801e-38
48.8319323467,2.4477263823,7.370223566687154e-41
48.8368262373,2.4477263823,9.515844957683415e-44
48.8417201279,2.4477263823,3.2625222201801675e-47
48.8466140185,2.4477263823,2.970291170233471e-51
48.8515079091,2.4477263823,7.180984600751386e-56
48.8564017997,2.4477263823,4.610079256009008e-61
48.8612956903,2.4477263823,7.859089116742256e-67
48.8661895809,2.4477263823,3.557750269460869e-73
48.8710834715,2.4477263823,4.276792031469801e-80
48.8759773621,2.4477263823,1.3652166457900785e-87
48.8808712527,2.4477263823,2.3992203908253075e-95
48.8857651433,2.4477263823,3.141808783556894e-98
48.8906590339,2.4477263823,6.8559818253128e-101
48.8955529245,2.4477263823,9.298722722534387e-103
48.9004468151,2.4477263823,3.454734976370502e-102
48.9053407057,2.4477263823,7.517086151185395e-102
48.9102345963,2.4477263823,8.256595410842886e-102
48.9151284869,2.4477263823,4.577655283030067e-102
48.9200223775,2.4477263823,1.2810785377870194e-102
48.9249162681,2.4477263823,1.8096684463686473e-103
48.9298101587,2.4477263823,1.290365851335427e-104
48.9347040493,2.4477263823,4.644268256334695e-106
48.9395979399,2.4477263823,8.437471546010045e-108
48.9444918305,2.4477263823,7.737451398747179e-110
48.9493857211,2.4477263823,3.581575705705114e-112
48.9542796117,2.4477263823,8.368370993864268e-115
48.9591735023,2.4477263823,9.869571644508185e-118
48.9640673929,2.4477263823,5.875519487755512e-121
48.9689612835,2.4477263823,1.765569535996044e-124
48.9738551741,2.4477263823,2.678020954469536e-128
48.9787490647,2.4477263823,2.0503769154633272e-132
48.7389484253,2.4526202729,8.872828495684016e-55
48.7438423159,2.4526202729,1.2137419940024145e-55
48.7487362065,2.4526202729,1.430287154454011e-56
48.7536300971,2.4526202729,1.4519533628092645e-57
48.7585239877,2.4526202729,1.2697396006785761e-58
48.7634178783,2.4526202729,9.592184952886539e-60
48.7683117689,2.4526202729,2.7733813195408986e-57
48.7732056595,2.4526202729,7.660467998336183e-53
48.7780995501,2.4526202729,5.620017462927701e-49
48.7829934407,2.4526202729,1.0948621767483513e-45
48.7878873313,2.4526202729,5.6639663671200994e-43
48.7927812219,2.4526202729,7.780747180531499e-41
48.7976751125,2.4526202729,2.838320065371286e-39
48.8025690031,2.4526202729,2.749418534632086e-38
48.8074628937,2.4526202729,7.072285264470692e-38
48.8123567843,2.4526202729,4.830789446778343e-38
48.8172506749,2.4526202729,8.762254701310133e-39
48.8221445655,2.4526202729,4.2203946373606655e-40
48.8270384561,2.4526202729,5.397960188185749e-42
48.8319323467,2.4526202729,1.8333514104065318e-44
48.8368262373,2.4526202729,1.653488512500589e-47
48.8417201279,2.4526202729,3.960008081993164e-51
48.8466140185,2.4526202729,2.5184329204277157e-55
48.8515079091,2.4526202729,4.25308564613596e-60
48.8564017997,2.4526202729,1.907292470193462e-65
48.8612956903,2.4526202729,2.271275861105736e-71
48.8661895809,2.4526202729,7.182272880940454e-78
48.8710834715,2.4526202729,6.031055749840758e-85
48.8759773621,2.4526202729,1.3448201561728125e-92
48.8808712527,2.4526202729,7.962999062292053e-101
48.8857651433,2.4526202729,8.43261606629303e-109
48.8906590339,2.4526202729,1.1203314175480822e-111
48.8955529245,2.4526202729,5.4556177136220425e-114
48.9004468151,2.4526202729,2.0794725842722253e-113
48.9053407057,2.4526202729,5.523765621057692e-113
48.9102345963,2.4526202729,7.407032068846255e-113
48.9151284869,2.4526202729,5.0135322084610947e-113
48.9200223775,2.4526202729,1.712907781378365e-113
48.9249162681,2.4526202729,2.954028927064847e-114
48.9298101587,2.4526202729,2.571497425463408e-115
48.9347040493,2.4526202729,1.1299208757099764e-116
48.9395979399,2.4526202729,2.506112482485712e-118
48.9444918305,2.4526202729,2.8057157841456874e-120
48.9493857211,2.4526202729,1.5855406454018755e-122
48.9542796117,2.4526202729,4.5227405253584787e-125
48.9591735023,2.4526202729,6.512032418441556e-128
48.9640673929,2.4526202729,4.732842191006923e-131
48.9689612835,2.4526202729,1.7362732822186008e-134
48.9738551741,2.4526202729,3.2151758376767404e-138
48.9787490647,2.4526202729,3.0052594057425097e-142
48.7389484253,2.4575141635,1.261164696504378e-61
48.7438423159,2.4575141635,1.2347580810171413e-62
48.7487362065,2.4575141635,1.041416652517115e-63
48.7536300971,2.4575141635,7.566581728764184e-65
48.7585239877,2.4575141635,4.7384806639150584e-66
48.7634178783,2.4575141635,6.916784301263404e-64
48.7683117689,2.4575141635,5.0250009683170615e-59
48.7732056595,2.4575141635,9.697680160240133e-55
48.7780995501,2.4575141635,4.96980087912937e-51
48.7829934407,2.4575141635,6.76315819217742e-48
48.7878873313,2.4575141635,2.44399058349356e-45
48.7927812219,2.4575141635,2.345248872951627e-43
48.7976751125,2.4575141635,5.976098799167191e-42
48.8025690031,2.4575141635,4.043766097415312e-41
48.8074628937,2.4575141635,7.26597183577377e-41
48.8123567843,2.4575141635,3.466896037682441e-41
48.8172506749,2.4575141635,4.3926576019356563e-42
48.8221445655,2.4575141635,1.477928115867442e-43
48.8270384561,2.4575141635,1.3204400709509418e-45
48.8319323467,2.4575141635,3.132733884405694e-48
48.8368262373,2.4575141635,1.9736390936569992e-51
48.8417201279,2.4575141635,3.301804831787713e-55
48.8466140185,2.4575141635,1.4668120991912313e-59
48.8515079091,2.4575141635,1.7303620981159e-64
48.8564017997,2.4575141635,5.4204947615226885e-70
48.8612956903,2.4575141635,4.509000563433456e-76
48.8661895809,2.4575141635,9.960039832894639e-83
48.8710834715,2.4575141635,5.842265456098542e-90
48.8759773621,2.4575141635,9.099990152180613e-98
48.8808712527,2.4575141635,3.763916529050047e-106
48.8857651433,2.4575141635,4.134120928259097e-115
48.8906590339,2.4575141635,5.121627200321692e-123
48.8955529245,2.4575141635,9.632044813921281e-126
48.9004468151,2.4575141635,3.0993383949768034e-125
48.9053407057,2.4575141635,1.0050532954612142e-124
48.9102345963,2.4575141635,1.6453397058343308e-124
48.9151284869,2.4575141635,1.359604726328314e-124
48.9200223775,2.4575141635,5.67100906456401e-125
48.9249162681,2.4575141635,1.1939842716006288e-125
48.9298101587,2.4575141635,1.2689001794436189e-126
48.9347040493,2.4575141635,6.806861284414523e-128
48.9395979399,2.4575141635,1.8431340840447755e-129
48.9444918305,2.4575141635,2.5191704245295354e-131
48.9493857211,2.4575141635,1.7379959341820065e-133
48.9542796117,2.4575141635,6.052440822859166e-136
48.9591735023,2.4575141635,1.0639052111914356e-138
48.9640673929,2.4575141635,9.439867728053399e-142
48.9689612835,2.4575141635,4.227849024641626e-145
48.9738551741,2.4575141635,9.557925043696876e-149
48.9787490647,2.4575141635,1.0906825348854123e-152
48.7389484253,2.4624080541,4.893118689707388e-69
48.7438423159,2.4624080541,3.4287956530805874e-70
48.7487362065,2.4624080541,2.0698078257370516e-71
48.7536300971,2.4624080541,1.0764333291495668e-72
48.7585239877,2.4624080541,6.450223455076898e-71
48.7634178783,2.4624080541,1.2322295395055467e-65
48.7683117689,2.4624080541,6.255653233508993e-61
48.7732056595,2.4624080541,8.433214425887282e-57
48.7780995501,2.4624080541,3.018930009408079e-53
48.7829934407,2.4624080541,2.869804889501353e-50
48.7878873313,2.4624080541,7.244211529020905e-48
48.7927812219,2.4624080541,4.855895144131631e-46
48.7976751125,2.4624080541,8.643445591187286e-45
48.8025690031,2.4624080541,4.0854879139001115e-44
48.8074628937,2.4624080541,5.127909864440125e-44
48.8123567843,2.4624080541,1.709134578459446e-44
48.8172506749,2.4624080541,1.512695670334495e-45
48.8221445655,2.4624080541,3.555218459286858e-47
48.8270384561,2.4624080541,2.218811692076855e-49
48.8319323467,2.4624080541,3.677172677189851e-52
48.8368262373,2.4624080541,1.6182552641172858e-55
48.8417201279,2.4624080541,1.8911216109364416e-59
48.8466140185,2.4624080541,5.868556794621655e-64
48.8515079091,2.4624080541,4.835958792040695e-69
48.8564017997,2.4624080541,1.0582134965821518e-74
48.8612956903,2.4624080541,6.148984895713407e-81
48.8661895809,2.4624080541,9.487962978498929e-88
48.8710834715,2.4624080541,3.887603476328468e-95
48.8759773621,2.4624080541,4.229902601939894e-103
48.8808712527,2.4624080541,1.2221322321021671e-111
48.8857651433,2.4624080541,9.37660139270814e-121
48.8906590339,2.4624080541,1.9104073979520696e-130
48.8955529245,2.4624080541,5.663212342733804e-138
48.9004468151,2.4624080541,1.1438579519287743e-137
48.9053407057,2.4624080541,4.528048549414899e-137
48.9102345963,2.4624080541,9.049718371298861e-137
48.9151284869,2.4624080541,9.129555944557602e-137
48.9200223775,2.4624080541,4.648949546684472e-137
48.9249162681,2.4624080541,1.1949523845872335e-137
48.9298101587,2.4624080541,1.5503757116986595e-138
48.9347040493,2.4624080541,1.0153456217663072e-139
48.9395979399,2.4624080541,3.356459671277363e-141
48.9444918305,2.4624080541,5.6006644644556745e-143
48.9493857211,2.4624080541,4.717243176427664e-145
48.9542796117,2.4624080541,2.0055226146979087e-147
48.9591735023,2.4624080541,4.303853211243329e-150
48.9640673929,2.4624080541,4.662060728891361e-153
48.9689612835,2.4624080541,2.5491124300683077e-156
48.9738551741,2.4624080541,7.035429954710434e-160
48.9787490647,2.4624080541,9.801282002992592e-164
48.7389484253,2.4673019447,5.182077725424188e-77
48.7438423159,2.4673019447,2.598995671458675e-78
48.7487362065,2.4673019447,1.1229084382964228e-79
48.7536300971,2.4673019447,2.2502878220572556e-78
48.7585239877,2.4673019447,1.1295922400938184e-72
48.7634178783,2.4673019447,1.5085235538050848e-67
48.7683117689,2.4673019447,5.349607463662708e-63
48.7732056595,2.4673019447,5.0376867832195795e-59
48.7780995501,2.4673019447,1.2597368477856177e-55
48.7829934407,2.4673019447,8.365038208092698e-53
48.7878873313,2.4673019447,1.475011649515963e-50
48.7927812219,2.4673019447,6.90656966691709e-49
48.7976751125,2.4673019447,8.587539915299916e-48
48.8025690031,2.4673019447,2.835401505847475e-47
48.8074628937,2.4673019447,2.485992349867061e-47
48.8123567843,2.4673019447,5.787945528599903e-48
48.8172506749,2.4673019447,3.5783968909441395e-49
48.8221445655,2.4673019447,5.874785382889292e-51
48.8270384561,2.4673019447,2.561149492242115e-53
48.8319323467,2.4673019447,2.964949336924743e-56
48.8368262373,2.4673019447,9.114630139946938e-60
48.8417201279,2.4673019447,7.440467925351414e-64
48.8466140185,2.4673019447,1.612875603054913e-68
48.8515079091,2.4673019447,9.284123772573737e-74
48.8564017997,2.4673019447,1.419124166891511e-79
48.8612956903,2.4673019447,5.7602229788946255e-86
48.8661895809,2.4673019447,6.208656317297864e-93
48.8710834715,2.4673019447,1.777032496522476e-100
48.8759773621,2.4673019447,1.350618035669839e-108
48.8808712527,2.4673019447,2.7258951384167205e-117
48.8857651433,2.4673019447,1.4609157477970421e-126
48.8906590339,2.4673019447,2.0791250988988713e-136
48.8955529245,2.4673019447,7.858447105373041e-147
48.9004468151,2.4673019447,1.0454094636261143e-150
48.9053407057,2.4673019447,5.051277071677969e-150
48.9102345963,2.4673019447,1.2324879507979546e-149
48.9151284869,2.4673019447,1.5179405933955127e-149
48.9200223775,2.4673019447,9.436641508247634e-150
48.9249162681,2.4673019447,2.961220361526569e-150
48.9298101587,2.4673019447,4.690450808937907e-151
48.9347040493,2.4673019447,3.7501534002040036e-152
48.9395979399,2.4673019447,1.5134708780367157e-153
48.9444918305,2.4673019447,3.0831147794951414e-155
48.9493857211,2.4673019447,3.170267481795409e-157
48.9542796117,2.4673019447,1.645480377059678e-159
48.9591735023,2.4673019447,4.3110205947972955e-162
48.9640673929,2.4673019447,5.701092351904278e-165
48.9689612835,2.4673019447,3.805630712854727e-168
48.9738551741,2.4673019447,1.2822886525557145e-171
48.9787490647,2.4673019447,2.1808989496321434e-175
