LATITUDE,LONGITUDE,probability
48.7389484253,2.2275013053,5.337690853409442e-17
48.7438423159,2.2275013053,2.543512414088136e-17
48.7487362065,2.2275013053,1.1799555528595466e-17
48.7536300971,2.2275013053,5.3290375100998356e-18
48.7585239877,2.2275013053,2.3430591259361772e-18
48.7634178783,2.2275013053,1.0029263938368926e-18
48.7683117689,2.2275013053,4.179325679989264e-19
48.7732056595,2.2275013053,1.6954879683836379e-19
48.7780995501,2.2275013053,6.696294585679416e-20
48.7829934407,2.2275013053,2.5746946586706436e-20
48.7878873313,2.2275013053,9.637586285613591e-21
48.7927812219,2.2275013053,3.512079274729235e-21
48.7976751125,2.2275013053,1.2464467126913372e-21
48.8025690031,2.2275013053,4.410781828763489e-22
48.8074628937,2.2275013053,3.466845213409972e-22
48.8123567843,2.2275013053,3.2183195711672488e-21
48.8172506749,2.2275013053,4.1589394500187005e-20
48.8221445655,2.2275013053,4.552385893570572e-19
48.8270384561,2.2275013053,4.1631227342367224e-18
48.8319323467,2.2275013053,3.1796429453487817e-17
48.8368262373,2.2275013053,2.0282077867855942e-16
48.8417201279,2.2275013053,1.0804915090701545e-15
48.8466140185,2.2275013053,4.807342747900675e-15
48.8515079091,2.2275013053,1.786337977651099e-14
48.8564017997,2.2275013053,5.5436651710630805e-14
48.8612956903,2.2275013053,1.4368292737641904e-13
48.8661895809,2.2275013053,3.1101988715950225e-13
48.8710834715,2.2275013053,5.622714892831244e-13
48.8759773621,2.2275013053,8.493285195594753e-13
48.8808712527,2.2275013053,1.4169214283132259e-12
48.8857651433,2.2275013053,9.09897268132537e-11
48.8906590339,2.2275013053,6.7281294494141095e-09
48.8955529245,2.2275013053,1.453337733764949e-07
48.9004468151,2.2275013053,9.061083415682467e-07
48.9053407057,2.2275013053,1.6303356078393419e-06
48.9102345963,2.2275013053,8.465557018785697e-07
48.9151284869,2.2275013053,1.2685735207074969e-07
48.9200223775,2.2275013053,5.486026232107508e-09
48.9249162681,2.2275013053,6.846941295904564e-11
48.9298101587,2.2275013053,2.47137536928404e-13
48.9347040493,2.2275013053,3.5061169542201966e-16
48.9395979399,2.2275013053,1.3770272891885658e-17
48.9444918305,2.2275013053,1.6607058475815611e-18
48.9493857211,2.2275013053,1.682076854235388e-19
48.9542796117,2.2275013053,1.422903705320572e-20
48.9591735023,2.2275013053,1.0052637033591634e-21
48.9640673929,2.2275013053,5.931428633531178e-23
48.9689612835,2.2275013053,2.9228964687360587e-24
48.9738551741,2.2275013053,1.202935583020161e-25
48.9787490647,2.2275013053,4.134720205135624e-27
48.7389484253,2.2323951959,7.067687996281829e-16
48.7438423159,2.2323951959,3.5266443788990016e-16
48.7487362065,2.2323951959,1.713157568937157e-16
48.7536300971,2.2323951959,8.101851755967501e-17
48.7585239877,2.2323951959,3.730118401666318e-17
48.7634178783,2.2323951959,1.671907648176706e-17
48.7683117689,2.2323951959,7.295470295462205e-18
48.7732056595,2.2323951959,3.0991717492435062e-18
48.7780995501,2.2323951959,1.2817087157915763e-18
48.7829934407,2.2323951959,5.160411956633462e-19
48.7878873313,2.2323951959,2.0226967079727753e-19
48.7927812219,2.2323951959,7.718446412251552e-20
48.7976751125,2.2323951959,2.867968834654552e-20
48.8025690031,2.2323951959,1.0505018923241309e-20
48.8074628937,2.2323951959,6.0314650684870704e-21
48.8123567843,2.2323951959,3.629325728529949e-20
48.8172506749,2.2323951959,4.3125363196277623e-19
48.8221445655,2.2323951959,4.4241139904257226e-18
48.8270384561,2.2323951959,3.793929837409024e-17
48.8319323467,2.2323951959,2.7173116756869595e-16
48.8368262373,2.2323951959,1.625417309875343e-15
48.8417201279,2.2323951959,8.12017036244488e-15
48.8466140185,2.2323951959,3.387975164395609e-14
48.8515079091,2.2323951959,1.1805655639022338e-13
48.8564017997,2.2323951959,3.4356967166298986e-13
48.8612956903,2.2323951959,8.350535841748859e-13
48.8661895809,2.2323951959,1.6950740870632144e-12
48.8710834715,2.2323951959,2.8736765057676185e-12
48.8759773621,2.2323951959,4.069479425833418e-12
48.8808712527,2.2323951959,5.435014765296636e-12
48.8857651433,2.2323951959,1.6028548798120462e-10
48.8906590339,2.2323951959,1.11965376926979e-08
48.8955529245,2.2323951959,2.3244743140821e-07
48.9004468151,2.2323951959,1.393123732209813e-06
48.9053407057,2.2323951959,2.409574380934365e-06
48.9102345963,2.2323951959,1.202742906029909e-06
48.9151284869,2.2323951959,1.732554632674356e-07
48.9200223775,2.2323951959,7.202509971165517e-09
48.9249162681,2.2323951959,8.641560214577579e-11
48.9298101587,2.2323951959,3.0045165202330053e-13
48.9347040493,2.2323951959,5.079405056288223e-16
48.9395979399,2.2323951959,2.854926067634256e-17
48.9444918305,2.2323951959,3.237084521025325e-18
48.9493857211,2.2323951959,3.074675488682624e-19
48.9542796117,2.2323951959,2.4390477901006548e-20
48.9591735023,2.2323951959,1.6159062103866941e-21
48.9640673929,2.2323951959,8.941014641438593e-23
48.9689612835,2.2323951959,4.1317332756871896e-24
48.9738551741,2.2323951959,1.5946029580938451e-25
48.9787490647,2.2323951959,5.139817145095117e-27
48.7389484253,2.2372890865,8.250907249904955e-15
48.7438423159,2.2372890865,4.311117487003671e-15
48.7487362065,2.2372890865,2.192953150972143e-15
48.7536300971,2.2372890865,1.085975908914445e-15
48.7585239877,2.2372890865,5.235550709489595e-16
48.7634178783,2.2372890865,2.457287048568672e-16
48.7683117689,2.2372890865,1.1227957367696346e-16
48.7732056595,2.2372890865,4.994556843781836e-17
48.7780995501,2.2372890865,2.1629401758041e-17
48.7829934407,2.2372890865,9.118919818680179e-18
48.7878873313,2.2372890865,3.7427743280005014e-18
48.7927812219,2.2372890865,1.4955336175668668e-18
48.7976751125,2.2372890865,5.818455462198805e-19
48.8025690031,2.2372890865,2.2189942508251404e-19
48.8074628937,2.2372890865,1.0734900059172121e-19
48.8123567843,2.2372890865,3.8975505849603904e-19
48.8172506749,2.2372890865,4.167792120771094e-18
48.8221445655,2.2372890865,4.003806803470852e-17
48.8270384561,2.2372890865,3.2196171386432093e-16
48.8319323467,2.2372890865,2.162443330839401e-15
48.8368262373,2.2372890865,1.2130018387431157e-14
48.8417201279,2.2372890865,5.6826782249109155e-14
48.8466140185,2.2372890865,2.2234096736143266e-13
48.8515079091,2.2372890865,7.265420122485364e-13
48.8564017997,2.2372890865,1.98279031889374e-12
48.8612956903,2.2372890865,4.519263488311356e-12
48.8661895809,2.2372890865,8.602671747518438e-12
48.8710834715,2.2372890865,1.3676465404286172e-11
48.8759773621,2.2372890865,1.8160217948718158e-11
48.8808712527,2.2372890865,2.1243488067917955e-11
48.8857651433,2.2372890865,2.840521719534437e-10
48.8906590339,2.2372890865,1.8374199325759892e-08
48.8955529245,2.2372890865,3.6653914512671266e-07
48.9004468151,2.2372890865,2.1117077448581996e-06
48.9053407057,2.2372890865,3.511058071927527e-06
48.9102345963,2.2372890865,1.6847070877945418e-06
48.9151284869,2.2372890865,2.3328812362281087e-07
48.9200223775,2.2372890865,9.322767465256825e-09
48.9249162681,2.2372890865,1.0753126852246587e-10
48.9298101587,2.2372890865,3.6065836580807795e-13
48.9347040493,2.2372890865,7.751278207711323e-16
48.9395979399,2.2372890865,5.518828959858389e-17
48.9444918305,2.2372890865,5.8757036614201436e-18
48.9493857211,2.2372890865,5.233556032837804e-19
48.9542796117,2.2372890865,3.893222737729837e-20
48.9591735023,2.2372890865,2.4187803953894474e-21
48.9640673929,2.2372890865,1.2550425339042043e-22
48.9689612835,2.2372890865,5.43870201798956e-24
48.9738551741,2.2372890865,1.9683707416861056e-25
48.9787490647,2.2372890865,5.949676503636235e-27
48.7389484253,2.2421829771,8.49232144599389e-14
48.7438423159,2.2421829771,4.6464196571024293e-14
48.7487362065,2.2421829771,2.47492351231451e-14
48.7536300971,2.2421829771,1.2833835641778081e-14
48.7585239877,2.2421829771,6.478918348291043e-15
48.7634178783,2.2421829771,3.18419665857715e-15
48.7683117689,2.2421829771,1.5235215437022693e-15
48.7732056595,2.2421829771,7.096572752365186e-16
48.7780995501,2.2421829771,3.2181038949549897e-16
48.7829934407,2.2421829771,1.420701387803168e-16
48.7878873313,2.2421829771,6.106001424445927e-17
48.7927812219,2.2421829771,2.554836001170782e-17
48.7976751125,2.2421829771,1.0407772777139371e-17
48.8025690031,2.2421829771,4.14415024721571e-18
48.8074628937,2.2421829771,1.860176578348174e-18
48.8123567843,2.2421829771,4.05431139431082e-18
48.8172506749,2.2421829771,3.758010901955884e-17
48.8221445655,2.2421829771,3.374447331825978e-16
48.8270384561,2.2421829771,2.544282453062357e-15
48.8319323467,2.2421829771,1.6024861226311796e-14
48.8368262373,2.2421829771,8.429507237504836e-14
48.8417201279,2.2421829771,3.7032679119396775e-13
48.8466140185,2.2421829771,1.3587604757814854e-12
48.8515079091,2.2421829771,4.1636622743087825e-12
48.8564017997,2.2421829771,1.0655722487204537e-11
48.8612956903,2.2421829771,2.2775353324665606e-11
48.8661895809,2.2421829771,4.065576717287422e-11
48.8710834715,2.2421829771,6.061135878835527e-11
48.8759773621,2.2421829771,7.547005185273567e-11
48.8808712527,2.2421829771,8.041467463845012e-11
48.8857651433,2.2421829771,5.146565762174354e-10
48.8906590339,2.2421829771,2.97412874281515e-08
48.8955529245,2.2421829771,5.698440805268137e-07
48.9004468151,2.2421829771,3.1558235792261083e-06
48.9053407057,2.2421829771,5.0439421159843705e-06
48.9102345963,2.2421829771,2.3265391912130174e-06
48.9151284869,2.2421829771,3.09693999108929e-07
48.9200223775,2.2421829771,1.1897103538368017e-08
48.9249162681,2.2421829771,1.3192620338934553e-10
48.9298101587,2.2421829771,4.277580884510917e-13
48.9347040493,2.2421829771,1.2188464604973631e-15
48.9395979399,2.2421829771,9.94052719930063e-17
48.9444918305,2.2421829771,9.931390438411748e-18
48.9493857211,2.2421829771,8.29542445574417e-19
48.9542796117,2.2421829771,5.786851451245846e-20
48.9591735023,2.2421829771,3.371482202883368e-21
48.9640673929,2.2421829771,1.6404924071181064e-22
48.9689612835,2.2421829771,6.666569231202217e-24
48.9738551741,2.2421829771,2.2625874727526146e-25
48.9787490647,2.2421829771,6.413323967110378e-27
48.7389484253,2.2470768677,7.70639964320673e-13
48.7438423159,2.2470768677,4.4151695817397357e-13
48.7487362065,2.2470768677,2.4626040695798283e-13
48.7536300971,2.2470768677,1.337190057092144e-13
48.7585239877,2.2470768677,7.068756579283414e-14
48.7634178783,2.2470768677,3.637845548375544e-14
48.7683117689,2.2470768677,1.822622923392375e-14
48.7732056595,2.2470768677,8.88997914150021e-15
48.7780995501,2.2470768677,4.221395062360044e-15
48.7829934407,2.2470768677,1.9514732197825445e-15
48.7878873313,2.2470768677,8.78254826251924e-16
48.7927812219,2.2470768677,3.847958335655252e-16
48.7976751125,2.2470768677,1.6414097299874043e-16
48.8025690031,2.2470768677,6.833046289805337e-17
48.8074628937,2.2470768677,3.009267328227718e-17
48.8123567843,2.2470768677,4.16783300409842e-17
48.8172506749,2.2470768677,3.167900262514068e-16
48.8221445655,2.2470768677,2.6489097701036326e-15
48.8270384561,2.2470768677,1.872302075195938e-14
48.8319323467,2.2470768677,1.1058298822904748e-13
48.8368262373,2.2470768677,5.454903674655856e-13
48.8417201279,2.2470768677,2.2473015072626656e-12
48.8466140185,2.2470768677,7.732331449913395e-12
48.8515079091,2.2470768677,2.2219506059217205e-11
48.8564017997,2.2470768677,5.3325281259464e-11
48.8612956903,2.2470768677,1.0688252991951824e-10
48.8661895809,2.2470768677,1.7891844338727966e-10
48.8710834715,2.2470768677,2.5013721824435283e-10
48.8759773621,2.2470768677,2.9206721382894646e-10
48.8808712527,2.2470768677,2.881494034663099e-10
48.8857651433,2.2470768677,9.725332861839717e-10
48.8906590339,2.2470768677,4.7499214255392937e-08
48.8955529245,2.2470768677,8.734457948263893e-07
48.9004468151,2.2470768677,4.649719309783309e-06
48.9053407057,2.2470768677,7.143921237336646e-06
48.9102345963,2.2470768677,3.1676031314497487e-06
48.9151284869,2.2470768677,4.0532884684816955e-07
48.9200223775,2.2470768677,1.4968336624924517e-08
48.9249162681,2.2470768677,1.5958376272420437e-10
48.9298101587,2.2470768677,5.016322786463167e-13
48.9347040493,2.2470768677,1.9196214160050916e-15
48.9395979399,2.2470768677,1.6678205617681545e-16
48.9444918305,2.2470768677,1.563163707949166e-17
48.9493857211,2.2470768677,1.2244032926032933e-18
48.9542796117,2.2470768677,8.009761024754715e-20
48.9591735023,2.2470768677,4.376122239854704e-21
48.9640673929,2.2470768677,1.9967980620407491e-22
48.9689612835,2.2470768677,7.609456942999008e-24
48.9738551741,2.2470768677,2.421854216596947e-25
48.9787490647,2.2470768677,6.437498585352641e-27
48.7389484253,2.2519707583,6.165623671104607e-12
48.7438423159,2.2519707583,3.69893525324648e-12
48.7487362065,2.2519707583,2.1603682574580347e-12
48.7536300971,2.2519707583,1.2283727897239829e-12
48.7585239877,2.2519707583,6.799608837989024e-13
48.7634178783,2.2519707583,3.6642830512233953e-13
48.7683117689,2.2519707583,1.9224074458390405e-13
48.7732056595,2.2519707583,9.818682301675199e-14
48.7780995501,2.2519707583,4.8821634840179996e-14
48.7829934407,2.2519707583,2.3633213063818117e-14
48.7878873313,2.2519707583,1.113741936914885e-14
48.7927812219,2.2519707583,5.109732210286146e-15
48.7976751125,2.2519707583,2.2823457034284385e-15
48.8025690031,2.2519707583,9.940310057173131e-16
48.8074628937,2.2519707583,4.425984615212326e-16
48.8123567843,2.2519707583,4.293447547081942e-16
48.8172506749,2.2519707583,2.5055960084725494e-15
48.8221445655,2.2519707583,1.937209582098479e-14
48.8270384561,2.2519707583,1.2830515010404685e-13
48.8319323467,2.2519707583,7.106038013822911e-13
48.8368262373,2.2519707583,3.2871249604536184e-12
48.8417201279,2.2519707583,1.269935619394219e-11
48.8466140185,2.2519707583,4.097530182423434e-11
48.8515079091,2.2519707583,1.1041738231194501e-10
48.8564017997,2.2519707583,2.485006619261272e-10
48.8612956903,2.2519707583,4.67081287551166e-10
48.8661895809,2.2519707583,7.332164556785817e-10
48.8710834715,2.2519707583,9.612730242880498e-10
48.8759773621,2.2519707583,1.0525416747889127e-09
48.8808712527,2.2519707583,9.68186473358621e-10
48.8857651433,2.2519707583,1.9461257039043116e-09
48.8906590339,2.2519707583,7.488721767797958e-08
48.8955529245,2.2519707583,1.3199760059877486e-06
48.9004468151,2.2519707583,6.754237443258544e-06
48.9053407057,2.2519707583,9.975571879085708e-06
48.9102345963,2.2519707583,4.251925403413813e-06
48.9151284869,2.2519707583,5.230183252287141e-07
48.9200223775,2.2519707583,1.8567023169308093e-08
48.9249162681,2.2519707583,1.903333426622838e-10
48.9298101587,2.2519707583,5.819498364482495e-13
48.9347040493,2.2519707583,2.953470492193911e-15
48.9395979399,2.2519707583,2.606171705902868e-16
48.9444918305,2.2519707583,2.291094817007185e-17
48.9493857211,2.2519707583,1.6828852604936652e-18
48.9542796117,2.2519707583,1.0323831921648942e-19
48.9591735023,2.2519707583,5.2893482254564475e-21
48.9640673929,2.2519707583,2.2632796060719974e-22
48.9689612835,2.2519707583,8.088147751031107e-24
48.9738551741,2.2519707583,2.4139860649393103e-25
48.9787490647,2.2519707583,6.017211945837343e-27
48.7389484253,2.2568646489,4.349134942476192e-11
48.7438423159,2.2568646489,2.732162041357101e-11
48.7487362065,2.2568646489,1.6709419625152776e-11
48.7536300971,2.2568646489,9.948729435292962e-12
48.7585239877,2.2568646489,5.766671552342489e-12
48.7634178783,2.2568646489,3.254124425561133e-12
48.7683117689,2.2568646489,1.7876991558828868e-12
48.7732056595,2.2568646489,9.56106030478014e-13
48.7780995501,2.2568646489,4.978161959156997e-13
48.7829934407,2.2568646489,2.523383903076517e-13
48.7878873313,2.2568646489,1.245228307275475e-13
48.7927812219,2.2568646489,5.982274580978352e-14
48.7976751125,2.2568646489,2.7980085130579207e-14
48.8025690031,2.2568646489,1.275407395793494e-14
48.8074628937,2.2568646489,5.8327963763009345e-15
48.8123567843,2.2568646489,4.419514325302514e-15
48.8172506749,2.2568646489,1.870084463876772e-14
48.8221445655,2.2568646489,1.3205243186966104e-13
48.8270384561,2.2568646489,8.188192733609782e-13
48.8319323467,2.2568646489,4.2521990642628995e-12
48.8368262373,2.2568646489,1.8445470993286723e-11
48.8417201279,2.2568646489,6.682611863786844e-11
48.8466140185,2.2568646489,2.02198535669435e-10
48.8515079091,2.2568646489,5.109573326384057e-10
48.8564017997,2.2568646489,1.0783657526307966e-09
48.8612956903,2.2568646489,1.9007384236589116e-09
48.8661895809,2.2568646489,2.798036898081368e-09
48.8710834715,2.2568646489,3.440007084319336e-09
48.8759773621,2.2568646489,3.5321708699123385e-09
48.8808712527,2.2568646489,3.0385127875005637e-09
48.8857651433,2.2568646489,4.121766177151307e-09
48.8906590339,2.2568646489,1.1663036087501496e-07
48.8955529245,2.2568646489,1.9667707648945043e-06
48.9004468151,2.2568646489,9.673018425567953e-06
48.9053407057,2.2568646489,1.3733259807537948e-05
48.9102345963,2.2568646489,5.626975876192152e-06
48.9151284869,2.2568646489,6.653667047592946e-07
48.9200223775,2.2568646489,2.270637807623247e-08
48.9249162681,2.2568646489,2.2382776695232418e-10
48.9298101587,2.2568646489,6.679416596485229e-13
48.9347040493,2.2568646489,4.360434006918095e-15
48.9395979399,2.2568646489,3.7926159743629527e-16
48.9444918305,2.2568646489,3.126985243759361e-17
48.9493857211,2.2568646489,2.1539155235945245e-18
48.9542796117,2.2568646489,1.2391002184423733e-19
48.9591735023,2.2568646489,5.9533171135601804e-21
48.9640673929,2.2568646489,2.3888364411866594e-22
48.9689612835,2.2568646489,8.005503135671486e-24
48.9738551741,2.2568646489,2.240607434100483e-25
48.9787490647,2.2568646489,5.2375191281332235e-27
48.7389484253,2.2617585395,2.7047624961533023e-10
48.7438423159,2.2617585395,1.779248304140131e-10
48.7487362065,2.2617585395,1.13945014285062e-10
48.7536300971,2.2617585395,7.10404061656283e-11
48.7585239877,2.2617585395,4.3118821896313156e-11
48.7634178783,2.2617585395,2.5478841613066486e-11
48.7683117689,2.2617585395,1.4656956998311335e-11
48.7732056595,2.2617585395,8.208414716243133e-12
48.7780995501,2.2617585395,4.475340761235138e-12
48.7829934407,2.2617585395,2.3754411183797e-12
48.7878873313,2.2617585395,1.2274781793666655e-12
48.7927812219,2.2617585395,6.174971481816615e-13
48.7976751125,2.2617585395,3.0242571265200737e-13
48.8025690031,2.2617585395,1.443074348828511e-13
48.8074628937,2.2617585395,6.835447253730024e-14
48.8123567843,2.2617585395,4.4528675790115206e-14
48.8172506749,2.2617585395,1.3274795723276554e-13
48.8221445655,2.2617585395,8.397831721029081e-13
48.8270384561,2.2617585395,4.866830963584994e-12
48.8319323467,2.2617585395,2.3694666389026218e-11
48.8368262373,2.2617585395,9.638471694071158e-11
48.8417201279,2.2617585395,3.2745754869222044e-10
48.8466140185,2.2617585395,9.291332590798864e-10
48.8515079091,2.2617585395,2.2017903754033864e-09
48.8564017997,2.2617585395,4.357614084088387e-09
48.8612956903,2.2617585395,7.202717497371711e-09
48.8661895809,2.2617585395,9.94303144786317e-09
48.8710834715,2.2617585395,1.1463469000512057e-08
48.8759773621,2.2617585395,1.10379655425894e-08
48.8808712527,2.2617585395,8.892133732736732e-09
48.8857651433,2.2617585395,9.06485756291158e-09
48.8906590339,2.2617585395,1.7956579062903995e-07
48.8955529245,2.2617585395,2.8893963473343123e-06
48.9004468151,2.2617585395,1.3657912812804988e-05
48.9053407057,2.2617585395,1.863992901172329e-05
48.9102345963,2.2617585395,7.341740990435227e-06
48.9151284869,2.2617585395,8.34526329648297e-07
48.9200223775,2.2617585395,2.7377286769094682e-08
48.9249162681,2.2617585395,2.5952827660370184e-10
48.9298101587,2.2617585395,7.580442212675707e-13
48.9347040493,2.2617585395,6.106877517656619e-15
48.9395979399,2.2617585395,5.139732523286739e-16
48.9444918305,2.2617585395,3.974227816006819e-17
48.9493857211,2.2617585395,2.567124713574973e-18
48.9542796117,2.2617585395,1.384892564480875e-19
48.9591735023,2.2617585395,6.23964692518021e-21
48.9640673929,2.2617585395,2.347895526146691e-22
48.9689612835,2.2617585395,7.37857612585054e-24
48.9738551741,2.2617585395,1.936669232342262e-25
48.9787490647,2.2617585395,4.255645066744011e-27
48.7389484253,2.2666524301,1.483049928881479e-09
48.7438423159,2.2666524301,1.0215674609070733e-09
48.7487362065,2.2666524301,6.850616751225786e-10
48.7536300971,2.2666524301,4.472430855752841e-10
48.7585239877,2.2666524301,2.842555415162223e-10
48.7634178783,2.2666524301,1.758836974484895e-10
48.7683117689,2.2666524301,1.0594819830078904e-10
48.7732056595,2.2666524301,6.213165279053417e-11
48.7780995501,2.2666524301,3.547182878403676e-11
48.7829934407,2.2666524301,1.9715400083527772e-11
48.7878873313,2.2666524301,1.0667900592869542e-11
48.7927812219,2.2666524301,5.619581495451027e-12
48.7976751125,2.2666524301,2.8819726781257172e-12
48.8025690031,2.2666524301,1.4397302211975474e-12
48.8074628937,2.2666524301,7.095452748916331e-13
48.8123567843,2.2666524301,4.267644411517099e-13
48.8172506749,2.2666524301,9.039883046719335e-13
48.8221445655,2.2666524301,4.98986651210439e-12
48.8270384561,2.2666524301,2.694599728680976e-11
48.8319323467,2.2666524301,1.2295545830758505e-10
48.8368262373,2.2666524301,4.689998959914656e-10
48.8417201279,2.2666524301,1.4941981736172705e-09
48.8466140185,2.2666524301,3.975778623757745e-09
48.8515079091,2.2666524301,8.835099651515331e-09
48.8564017997,2.2666524301,1.6397422562939053e-08
48.8612956903,2.2666524301,2.541643008298546e-08
48.8661895809,2.2666524301,3.290245702704247e-08
48.8710834715,2.2666524301,3.557270794411319e-08
48.8759773621,2.2666524301,3.212039436652004e-08
48.8808712527,2.2666524301,2.4248188496392628e-08
48.8857651433,2.2666524301,2.0118823826221797e-08
48.8906590339,2.2666524301,2.7348581579555183e-07
48.8955529245,2.2666524301,4.185360266412067e-06
48.9004468151,2.2666524301,1.901269348412905e-05
48.9053407057,2.2666524301,2.4943058244614628e-05
48.9102345963,2.2666524301,9.444036563962017e-06
48.9151284869,2.2666524301,1.0319384895874195e-06
48.9200223775,2.2666524301,3.254389389870611e-08
48.9249162681,2.2666524301,2.967000954344405e-10
48.9298101587,2.2666524301,8.495090939809836e-13
48.9347040493,2.2666524301,8.056951025022684e-15
48.9395979399,2.2666524301,6.486333249046766e-16
48.9444918305,2.2666524301,4.7035291229673815e-17
48.9493857211,2.2666524301,2.8491112754665574e-18
48.9542796117,2.2666524301,1.4413514140494072e-19
48.9591735023,2.2666524301,6.08983015159813e-21
48.9640673929,2.2666524301,2.1488979498200633e-22
48.9689612835,2.2666524301,6.3332510517365915e-24
48.9738551741,2.2666524301,1.5648206333745536e-25
48.9787490647,2.2666524301,4.1398957531409156e-27
48.7389484253,2.2715463207,7.169399682296659e-09
48.7438423159,2.2715463207,5.17127847645859e-09
48.7487362065,2.2715463207,3.631318988095658e-09
48.7536300971,2.2715463207,2.482459761720809e-09
48.7585239877,2.2715463207,1.652157236290752e-09
48.7634178783,2.2715463207,1.0704635356459064e-09
48.7683117689,2.2715463207,6.752175490903533e-10
48.7732056595,2.2715463207,4.14635904668561e-10
48.7780995501,2.2715463207,2.4787996920194736e-10
48.7829934407,2.2715463207,1.4426710035386543e-10
48.7878873313,2.2715463207,8.174186152348421e-11
48.7927812219,2.2715463207,4.508928959277471e-11
48.7976751125,2.2715463207,2.4213754321345853e-11
48.8025690031,2.2715463207,1.2665009776282619e-11
48.8074628937,2.2715463207,6.510706618054092e-12
48.8123567843,2.2715463207,3.791158829697888e-12
48.8172506749,2.2715463207,5.9433707717411095e-12
48.8221445655,2.2715463207,2.7764541875761887e-11
48.8270384561,2.2715463207,1.3901762064592443e-10
48.8319323467,2.2715463207,5.941892381809084e-10
48.8368262373,2.2715463207,2.1251347987873797e-09
48.8417201279,2.2715463207,6.349014846107037e-09
48.8466140185,2.2715463207,1.584202416467137e-08
48.8515079091,2.2715463207,3.3013464940065046e-08
48.8564017997,2.2715463207,5.745747813854732e-08
48.8612956903,2.2715463207,8.351738043465997e-08
48.8661895809,2.2715463207,1.0138693414256502e-07
48.8710834715,2.2715463207,1.027926197869616e-07
48.8759773621,2.2715463207,8.703962716600299e-08
48.8808712527,2.2715463207,6.159390343886676e-08
48.8857651433,2.2715463207,4.3867308186354306e-08
48.8906590339,2.2715463207,4.121866915418826e-07
48.8955529245,2.2715463207,5.9776917342220745e-06
48.9004468151,2.2715463207,2.6093956935748502e-05
48.9053407057,2.2715463207,3.290712431640302e-05
48.9102345963,2.2715463207,1.1977075889917823e-05
48.9151284869,2.2715463207,1.2580625162286695e-06
48.9200223775,2.2715463207,3.8140308614085706e-08
48.9249162681,2.2715463207,3.3442189593884093e-10
48.9298101587,2.2715463207,9.38176268857193e-13
48.9347040493,2.2715463207,9.972172385854762e-15
48.9395979399,2.2715463207,7.622726354913322e-16
48.9444918305,2.2715463207,5.183690579085633e-17
48.9493857211,2.2715463207,2.944530257108849e-18
48.9542796117,2.2715463207,1.3969084651133965e-19
48.9591735023,2.2715463207,5.534724160256255e-21
48.9640673929,2.2715463207,1.8316604359274107e-22
48.9689612835,2.2715463207,5.092293778279119e-24
48.9738551741,2.2715463207,1.6358742890120583e-25
48.9787490647,2.2715463207,6.989936069460137e-26
48.7389484253,2.2764402113,3.0556963510607394e-08
48.7438423159,2.2764402113,2.3079648112727865e-08
48.7487362065,2.2764402113,1.6970690470901426e-08
48.7536300971,2.2764402113,1.2148458762777314e-08
48.7585239877,2.2764402113,8.46631060091697e-09
48.7634178783,2.2764402113,5.744054510682522e-09
48.7683117689,2.2764402113,3.7939731241791e-09
48.7732056595,2.2764402113,2.4396149694623463e-09
48.7780995501,2.2764402113,1.5272132065396363e-09
48.7829934407,2.2764402113,9.307421772229693e-10
48.7878873313,2.2764402113,5.522178892077333e-10
48.7927812219,2.2764402113,3.1896513452019097e-10
48.7976751125,2.2764402113,1.793640287532631e-10
48.8025690031,2.2764402113,9.823143820722919e-11
48.8074628937,2.2764402113,5.2751733640319004e-11
48.8123567843,2.2764402113,3.06354487847795e-11
48.8172506749,2.2764402113,3.7740357865612965e-11
48.8221445655,2.2764402113,1.4510215450617993e-10
48.8270384561,2.2764402113,6.686592163825491e-10
48.8319323467,2.2764402113,2.6743608109661945e-09
48.8368262373,2.2764402113,8.967187048667382e-09
48.8417201279,2.2764402113,2.5121801188912912e-08
48.8466140185,2.2764402113,5.878191539352428e-08
48.8515079091,2.2764402113,1.1487221903115072e-07
48.8564017997,2.2764402113,1.874829172174042e-07
48.8612956903,2.2764402113,2.5555437941968236e-07
48.8661895809,2.2764402113,2.909241642940447e-07
48.8710834715,2.2764402113,2.7659930574780594e-07
48.8759773621,2.2764402113,2.1963290575723707e-07
48.8808712527,2.2764402113,1.4571803485209066e-07
48.8857651433,2.2764402113,9.211477596461296e-08
48.8906590339,2.2764402113,6.145953589916825e-07
48.8955529245,2.2764402113,8.417918078195306e-06
48.9004468151,2.2764402113,3.530796323720716e-05
48.9053407057,2.2764402113,4.280207098993093e-05
48.9102345963,2.2764402113,1.4975397405161877e-05
48.9151284869,2.2764402113,1.5121156547636526e-06
48.9200223775,2.2764402113,4.406896999060546e-08
48.9249162681,2.2764402113,3.7161243669457416e-10
48.9298101587,2.2764402113,1.018640597800556e-12
48.9347040493,2.2764402113,1.1551368718346996e-14
48.9395979399,2.2764402113,8.342018799658722e-16
48.9444918305,2.2764402113,5.3198405461630485e-17
48.9493857211,2.2764402113,2.833789433634109e-18
48.9542796117,2.2764402113,1.2607119722259082e-19
48.9591735023,2.2764402113,4.685222436827749e-21
48.9640673929,2.2764402113,1.4673064322065266e-22
48.9689612835,2.2764402113,5.792517438276113e-24
48.9738551741,2.2764402113,2.9994702786423363e-24
48.9787490647,2.2764402113,3.998457210129792e-24
48.7389484253,2.2813341019,1.1482540405746488e-07
48.7438423159,2.2813341019,9.08156768326913e-08
48.7487362065,2.2813341019,6.992540777853313e-08
48.7536300971,2.2813341019,5.2415596603494724e-08
48.7585239877,2.2813341019,3.8250525062353126e-08
48.7634178783,2.2813341019,2.7174753338642622e-08
48.7683117689,2.2813341019,1.8795122577713908e-08
48.7732056595,2.2813341019,1.2655405234651046e-08
48.7780995501,2.2813341019,8.295800354137847e-09
48.7829934407,2.2813341019,5.29409670340678e-09
48.7878873313,2.2813341019,3.2890979267260363e-09
48.7927812219,2.2813341019,1.989360269245805e-09
48.7976751125,2.2813341019,1.1714113841657803e-09
48.8025690031,2.2813341019,6.717531148484299e-10
48.8074628937,2.2813341019,3.7717826205212006e-10
48.8123567843,2.2813341019,2.2247569888306532e-10
48.8172506749,2.2813341019,2.2975764831635458e-10
48.8221445655,2.2813341019,7.146622616757133e-10
48.8270384561,2.2813341019,3.000927879803228e-09
48.8319323467,2.2813341019,1.1212536011780692e-08
48.8368262373,2.2813341019,3.523679991989519e-08
48.8417201279,2.2813341019,9.256456153853112e-08
48.8466140185,2.2813341019,2.0310573851486728e-07
48.8515079091,2.2813341019,3.722060164235721e-07
48.8564017997,2.2813341019,5.696670341511486e-07
48.8612956903,2.2813341019,7.281719898446276e-07
48.8661895809,2.2813341019,7.773592246564916e-07
48.8710834715,2.2813341019,6.930816254608769e-07
48.8759773621,2.2813341019,5.160858901828675e-07
48.8808712527,2.2813341019,3.2104986962480086e-07
48.8857651433,2.2813341019,1.838808680528014e-07
48.8906590339,2.2813341019,9.056640994209411e-07
48.8955529245,2.2813341019,1.1687804091811983e-05
48.9004468151,2.2813341019,4.7102139203339384e-05
48.9053407057,2.2813341019,5.488756526482497e-05
48.9102345963,2.2813341019,1.8460358506994686e-05
48.9151284869,2.2813341019,1.7918506480091118e-06
48.9200223775,2.2813341019,5.020115257151422e-08
48.9249162681,2.2813341019,4.0707643494537407e-10
48.9298101587,2.2813341019,1.0849393047248692e-12
48.9347040493,2.2813341019,1.2506066444134149e-14
48.9395979399,2.2813341019,8.501222290775071e-16
48.9444918305,2.2813341019,5.084015438187838e-17
48.9493857211,2.2813341019,2.539740496537786e-18
48.9542796117,2.2813341019,1.0601502822466721e-19
48.9591735023,2.2813341019,3.749068938188727e-21
48.9640673929,2.2813341019,1.842693348294317e-22
48.9689612835,2.2813341019,1.1152568403965726e-22
48.9738551741,2.2813341019,1.489125219258527e-22
48.9787490647,2.2813341019,1.9304256019757893e-22
48.7389484253,2.2862279925,3.804224625356872e-07
48.7438423159,2.2862279925,3.1505969514942214e-07
48.7487362065,2.2862279925,2.5402173992070766e-07
48.7536300971,2.2862279925,1.993885735343272e-07
48.7585239877,2.2862279925,1.523635167869391e-07
48.7634178783,2.2862279925,1.1334778879018305e-07
48.7683117689,2.2862279925,8.20911724061432e-08
48.7732056595,2.2862279925,5.788035766802214e-08
48.7780995501,2.2862279925,3.9729883916212376e-08
48.7829934407,2.2862279925,2.6549401102037652e-08
48.7878873313,2.2862279925,1.7272035486361357e-08
48.7927812219,2.2862279925,1.0939162651429192e-08
48.7976751125,2.2862279925,6.745038157508512e-09
48.8025690031,2.2862279925,4.050230325214994e-09
48.8074628937,2.2862279925,2.3791040121770476e-09
48.8123567843,2.2862279925,1.4412856621593916e-09
48.8172506749,2.2862279925,1.3230524147997228e-09
48.8221445655,2.2862279925,3.32672728146175e-09
48.8270384561,2.2862279925,1.2580997043639279e-08
48.8319323467,2.2862279925,4.380212728504029e-08
48.8368262373,2.2862279925,1.2895426822162228e-07
48.8417201279,2.2862279925,3.176110720551998e-07
48.8466140185,2.2862279925,6.535038582663849e-07
48.8515079091,2.2862279925,1.1230443721024125e-06
48.8564017997,2.2862279925,1.611851252683359e-06
48.8612956903,2.2862279925,1.932096832357778e-06
48.8661895809,2.2862279925,1.9342291375493383e-06
48.8710834715,2.2862279925,1.6171930230069469e-06
48.8759773621,2.2862279925,1.129251696249778e-06
48.8808712527,2.2862279925,6.58715882283006e-07
48.8857651433,2.2862279925,3.4619985156151726e-07
48.8906590339,2.2862279925,1.3165419700899316e-06
48.8955529245,2.2862279925,1.5999108297970988e-05
48.9004468151,2.2862279925,6.195011265297548e-05
48.9053407057,2.2862279925,6.939323039501343e-05
48.9102345963,2.2862279925,2.243550739104684e-05
48.9151284869,2.2862279925,2.0934000251764066e-06
48.9200223775,2.2862279925,5.637994986382987e-08
48.9249162681,2.2862279925,4.3956887068689155e-10
48.9298101587,2.2862279925,1.131663021178442e-12
48.9347040493,2.2862279925,1.264670180985763e-14
48.9395979399,2.2862279925,8.067940595408549e-16
48.9444918305,2.2862279925,4.52563223677447e-17
48.9493857211,2.2862279925,2.123779641767022e-18
48.9542796117,2.2862279925,8.53863843888309e-20
48.9591735023,2.2862279925,5.34000036513924e-21
48.9640673929,2.2862279925,3.613326372848858e-21
48.9689612835,2.2862279925,4.794861022061048e-21
48.9738551741,2.2862279925,6.208264995678072e-21
48.9787490647,2.2862279925,7.62081852250596e-21
48.7389484253,2.2911218831,1.1112063284857087e-06
48.7438423159,2.2911218831,9.636631593750665e-07
48.7487362065,2.2911218831,8.1359289732313e-07
48.7536300971,2.2911218831,6.687139494828747e-07
48.7585239877,2.2911218831,5.350876888520706e-07
48.7634178783,2.2911218831,4.1683183205644287e-07
48.7683117689,2.2911218831,3.1611720790679915e-07
48.7732056595,2.2911218831,2.3339241595254133e-07
48.7780995501,2.2911218831,1.6775546759037194e-07
48.7829934407,2.2911218831,1.1738645061420276e-07
48.7878873313,2.2911218831,7.996696724893551e-08
48.7927812219,2.2911218831,5.303409316389607e-08
48.7976751125,2.2911218831,3.4242097262969006e-08
48.8025690031,2.2911218831,2.153075149381259e-08
48.8074628937,2.2911218831,1.3235990384826227e-08
48.8123567843,2.2911218831,8.2934035218152e-09
48.8172506749,2.2911218831,7.0948301620388715e-09
48.8221445655,2.2911218831,1.4652802147513978e-08
48.8270384561,2.2911218831,4.9337938054809624e-08
48.8319323467,2.2911218831,1.5950635921851592e-07
48.8368262373,2.2911218831,4.395682215037178e-07
48.8417201279,2.2911218831,1.0148901512949205e-06
48.8466140185,2.2911218831,1.95806323298093e-06
48.8515079091,2.2911218831,3.155421960330033e-06
48.8564017997,2.2911218831,4.24692000401662e-06
48.8612956903,2.2911218831,4.773846377541258e-06
48.8661895809,2.2911218831,4.481655580801222e-06
48.8710834715,2.2911218831,3.513853261923934e-06
48.8759773621,2.2911218831,2.300931949217189e-06
48.8808712527,2.2911218831,1.2585810162021942e-06
48.8857651433,2.2911218831,6.118782322564636e-07
48.8906590339,2.2911218831,1.883500128260251e-06
48.8955529245,2.2911218831,2.1590604061685876e-05
48.9004468151,2.2911218831,8.032950010530668e-05
48.9053407057,2.2911218831,8.649555762296758e-05
48.9102345963,2.2911218831,2.6882238639938568e-05
48.9151284869,2.2911218831,2.411214940895704e-06
48.9200223775,2.2911218831,6.242585426076998e-08
48.9249162681,2.2911218831,4.678727992951682e-10
48.9298101587,2.2911218831,1.1551546083525744e-12
48.9347040493,2.2911218831,1.1946640632797841e-14
48.9395979399,2.2911218831,7.138440781116983e-16
48.9444918305,2.2911218831,3.778062640545299e-17
48.9493857211,2.2911218831,1.7638436859936242e-18
48.9542796117,2.2911218831,1.4703924906895502e-19
48.9591735023,2.2911218831,1.0373701598753864e-19
48.9640673929,2.2911218831,1.3398963586007405e-19
48.9689612835,2.2911218831,1.7253480606010793e-19
48.9738551741,2.2911218831,2.116508952802716e-19
48.9787490647,2.2911218831,2.459126998778295e-19
48.7389484253,2.2960157737,2.861696966547701e-06
48.7438423159,2.2960157737,2.5987113762867177e-06
48.7487362065,2.2960157737,2.2974379683151093e-06
48.7536300971,2.2960157737,1.9773378633015475e-06
48.7585239877,2.2960157737,1.6567970517378345e-06
48.7634178783,2.2960157737,1.351478327062046e-06
48.7683117689,2.2960157737,1.0732482772210214e-06
48.7732056595,2.2960157737,8.297412026844358e-07
48.7780995501,2.2960157737,6.245057696386648e-07
48.7829934407,2.2960157737,4.5759534443866854e-07
48.7878873313,2.2960157737,3.264210207149286e-07
48.7927812219,2.2960157737,2.2668702785847672e-07
48.7976751125,2.2960157737,1.5326305765969566e-07
48.8025690031,2.2960157737,1.0091325789673486e-07
48.8074628937,2.2960157737,6.494306504811904e-08
48.8123567843,2.2960157737,4.227863988853923e-08
48.8172506749,2.2960157737,3.492601216621696e-08
48.8221445655,2.2960157737,6.096627921754606e-08
48.8270384561,2.2960157737,1.8123982181046758e-07
48.8319323467,2.2960157737,5.417635266702649e-07
48.8368262373,2.2960157737,1.3959074735309086e-06
48.8417201279,2.2960157737,3.020270041158674e-06
48.8466140185,2.2960157737,5.463480783795722e-06
48.8515079091,2.2960157737,8.256001490414722e-06
48.8564017997,2.2960157737,1.0420070889153702e-05
48.8612956903,2.2960157737,1.0983829767201487e-05
48.8661895809,2.2960157737,9.669725100068369e-06
48.8710834715,2.2960157737,7.109681641853065e-06
48.8759773621,2.2960157737,4.365775783097248e-06
48.8808712527,2.2960157737,2.2393244069855615e-06
48.8857651433,2.2960157737,1.0124297183209955e-06
48.8906590339,2.2960157737,2.645378191168972e-06
48.8955529245,2.2960157737,2.8721755406333848e-05
48.9004468151,2.2960157737,0.00010269225110694103
48.9053407057,2.2960157737,0.00010629277239837733
48.9102345963,2.2960157737,3.1756204169125866e-05
48.9151284869,2.2960157737,2.73812152946722e-06
48.9200223775,2.2960157737,6.814477659260691e-08
48.9249162681,2.2960157737,4.908820818793529e-10
48.9298101587,2.2960157737,1.1544404197303917e-12
48.9347040493,2.2960157737,1.0588308949618114e-14
48.9395979399,2.2960157737,6.027356936426075e-16
48.9444918305,2.2960157737,3.463138026031267e-17
48.9493857211,2.2960157737,4.154662081926586e-18
48.9542796117,2.2960157737,2.7439009324748354e-18
48.9591735023,2.2960157737,3.284166586391192e-18
48.9640673929,2.2960157737,4.154059598833538e-18
48.9689612835,2.2960157737,5.078154132086238e-18
48.9738551741,2.2960157737,5.898178858867702e-18
48.9787490647,2.2960157737,6.4861602209978146e-18
48.7389484253,2.3009096643,6.497599872406052e-06
48.7438423159,2.3009096643,6.1786162509539775e-06
48.7487362065,2.3009096643,5.719799732604753e-06
48.7536300971,2.3009096643,5.154918054066404e-06
48.7585239877,2.3009096643,4.52286943252414e-06
48.7634178783,2.3009096643,3.863293268333774e-06
48.7683117689,2.3009096643,3.212570344852479e-06
48.7732056595,2.3009096643,2.6007520939984163e-06
48.7780995501,2.3009096643,2.049729774334438e-06
48.7829934407,2.3009096643,1.5726989887303405e-06
48.7878873313,2.3009096643,1.1747514894737818e-06
48.7927812219,2.3009096643,8.542769541241169e-07
48.7976751125,2.3009096643,6.048061307338055e-07
48.8025690031,2.3009096643,4.1701200681539825e-07
48.8074628937,2.3009096643,2.810116267705721e-07
48.8123567843,2.3009096643,1.9066679807520655e-07
48.8172506749,2.3009096643,1.5605954510661903e-07
48.8221445655,2.3009096643,2.3847625084550136e-07
48.8270384561,2.3009096643,6.242489419909596e-07
48.8319323467,2.3009096643,1.7175501935833047e-06
48.8368262373,2.3009096643,4.13108442844939e-06
48.8417201279,2.3009096643,8.372060330448735e-06
48.8466140185,2.3009096643,1.4197137220419116e-05
48.8515079091,2.3009096643,2.0116178960594152e-05
48.8564017997,2.3009096643,2.3807888447023274e-05
48.8612956903,2.3009096643,2.3533613005379513e-05
48.8661895809,2.3009096643,1.9428413842875304e-05
48.8710834715,2.3009096643,1.339563694793702e-05
48.8759773621,2.3009096643,7.713747166211668e-06
48.8808712527,2.3009096643,3.710262583576235e-06
48.8857651433,2.3009096643,1.565870109181667e-06
48.8906590339,2.3009096643,3.639981959645079e-06
48.8955529245,2.3009096643,3.766271097639709e-05
48.9004468151,2.3009096643,0.00012942813528714502
48.9053407057,2.3009096643,0.00012877949909180386
48.9102345963,2.3009096643,3.698497309041609e-05
48.9151284869,2.3009096643,3.065509136815554e-06
48.9200223775,2.3009096643,7.333806477906261e-08
48.9249162681,2.3009096643,5.076818091782334e-10
48.9298101587,2.3009096643,1.1328003841496085e-12
48.9347040493,2.3009096643,9.420371383605778e-15
48.9395979399,2.3009096643,7.024160172247642e-16
48.9444918305,2.3009096643,1.2690134871657299e-16
48.9493857211,2.3009096643,7.109237680208963e-17
48.9542796117,2.3009096643,7.237791412136926e-17
48.9591735023,2.3009096643,8.725179845010328e-17
48.9640673929,2.3009096643,1.0545092761047173e-16
48.9689612835,2.3009096643,1.221946045667426e-16
48.9738551741,2.3009096643,1.343551027365691e-16
48.9787490647,2.3009096643,1.398366928440045e-16
48.7389484253,2.3058035549,1.3007165541573084e-05
48.7438423159,2.3058035549,1.2951640481335148e-05
48.7487362065,2.3058035549,1.2555043898001268e-05
48.7536300971,2.3058035549,1.1848490714897875e-05
48.7585239877,2.3058035549,1.088577043782794e-05
48.7634178783,2.3058035549,9.736584842763829e-06
48.7683117689,2.3058035549,8.478235495583282e-06
48.7732056595,2.3058035549,7.187132320146737e-06
48.7780995501,2.3058035549,5.931399112787655e-06
48.7829934407,2.3058035549,4.765516773637708e-06
48.7878873313,2.3058035549,3.727471159953408e-06
48.7927812219,2.3058035549,2.8383849899003463e-06
48.7976751125,2.3058035549,2.1042490929930965e-06
48.8025690031,2.3058035549,1.5193715739130493e-06
48.8074628937,2.3058035549,1.0723396027698667e-06
48.8123567843,2.3058035549,7.600588402964079e-07
48.8172506749,2.3058035549,6.278568624195689e-07
48.8221445655,2.3058035549,8.706813438062959e-07
48.8270384561,2.3058035549,2.0161583729505154e-06
48.8319323467,2.3058035549,5.086408804657491e-06
48.8368262373,2.3058035549,1.139834244969592e-05
48.8417201279,2.3058035549,2.1620937235163153e-05
48.8466140185,2.3058035549,3.436127077995468e-05
48.8515079091,2.3058035549,4.5646870988559206e-05
48.8564017997,2.3058035549,5.06571309376581e-05
48.8612956903,2.3058035549,4.695519162982502e-05
48.8661895809,2.3058035549,3.635099817347295e-05
48.8710834715,2.3058035549,2.3503385011711703e-05
48.8759773621,2.3058035549,1.2691788202847792e-05
48.8808712527,2.3058035549,5.724674334245349e-06
48.8857651433,2.3058035549,2.2620393478499457e-06
48.8906590339,2.3058035549,4.900678322768114e-06
48.8955529245,2.3058035549,4.868060427836276e-05
48.9004468151,2.3058035549,0.00016082288158309862
48.9053407057,2.3058035549,0.0001538235497023679
48.9102345963,2.3058035549,4.246740014839221e-05
48.9151284869,2.3058035549,3.3836532696980522e-06
48.9200223775,2.3058035549,7.78139091403789e-08
48.9249162681,2.3058035549,5.176541296943473e-10
48.9298101587,2.3058035549,1.1138636003733003e-12
48.9347040493,2.3058035549,1.609542389386676e-14
48.9395979399,2.3058035549,3.9682954814870204e-15
48.9444918305,2.3058035549,1.8796760250919304e-15
48.9493857211,2.3058035549,1.4978901804338673e-15
48.9542796117,2.3058035549,1.6248188773649828e-15
48.9591735023,2.3058035549,1.904439420271937e-15
48.9640673929,2.3058035549,2.18975739114958e-15
48.9689612835,2.3058035549,2.4036958555282827e-15
48.9738551741,2.3058035549,2.501643572359755e-15
48.9787490647,2.3058035549,2.4642310357832186e-15
48.7389484253,2.3106974455,2.2956874228359645e-05
48.7438423159,2.3106974455,2.3936393851589287e-05
48.7487362065,2.3106974455,2.4297188971638133e-05
48.7536300971,2.3106974455,2.4010692324927932e-05
48.7585239877,2.3106974455,2.3099611509479403e-05
48.7634178783,2.3106974455,2.1634955748203436e-05
48.7683117689,2.3106974455,1.9726892980412993e-05
48.7732056595,2.3106974455,1.7511070955551207e-05
48.7780995501,2.3106974455,1.513275739717873e-05
48.7829934407,2.3106974455,1.2731359563612878e-05
48.7878873313,2.3106974455,1.0427567246317174e-05
48.7927812219,2.3106974455,8.314663354481312e-06
48.7976751125,2.3106974455,6.454782856448066e-06
48.8025690031,2.3106974455,4.880919195608613e-06
48.8074628937,2.3106974455,3.6089283345913945e-06
48.8123567843,2.3106974455,2.6772412147587782e-06
48.8172506749,2.3106974455,2.2623049523975398e-06
48.8221445655,2.3106974455,2.9427989347603596e-06
48.8270384561,2.3106974455,6.098364737138424e-06
48.8319323467,2.3106974455,1.4079213080438438e-05
48.8368262373,2.3106974455,2.9337997323542023e-05
48.8417201279,2.3106974455,5.2038058294722035e-05
48.8466140185,2.3106974455,7.747535975094385e-05
48.8515079091,2.3106974455,9.647667396988259e-05
48.8564017997,2.3106974455,0.00010038489845035165
48.8612956903,2.3106974455,8.72506050100833e-05
48.8661895809,2.3106974455,6.333980986526781e-05
48.8710834715,2.3106974455,3.8404003774595044e-05
48.8759773621,2.3106974455,1.944741929843205e-05
48.8808712527,2.3106974455,8.226047533927692e-06
48.8857651433,2.3106974455,3.0516286212734884e-06
48.8906590339,2.3106974455,6.4549467145617875e-06
48.8955529245,2.3106974455,6.202244828940844e-05
48.9004468151,2.3106974455,0.0001970134681566073
48.9053407057,2.3106974455,0.00018114747777157682
48.9102345963,2.3106974455,4.807506989458635e-05
48.9151284869,2.3106974455,3.6821642342226165e-06
48.9200223775,2.3106974455,8.140009090629931e-08
48.9249162681,2.3106974455,5.209475833969175e-10
48.9298101587,2.3106974455,1.3100500191265052e-12
48.9347040493,2.3106974455,1.1406086358717287e-13
48.9395979399,2.3106974455,4.9025395962508296e-14
48.9444918305,2.3106974455,3.042083683936549e-14
48.9493857211,2.3106974455,2.7636368167938664e-14
48.9542796117,2.3106974455,3.024799016685382e-14
48.9591735023,2.3106974455,3.406744321110596e-14
48.9640673929,2.3106974455,3.7185565524689615e-14
48.9689612835,2.3106974455,3.8652046357030275e-14
48.9738551741,2.3106974455,3.807422983756133e-14
48.9787490647,2.3106974455,3.549516664003869e-14
48.7389484253,2.3155913361,3.572261360183941e-05
48.7438423159,2.3155913361,3.900255405764723e-05
48.7487362065,2.3155913361,4.1456650565070955e-05
48.7536300971,2.3155913361,4.28989553291706e-05
48.7585239877,2.3155913361,4.3216596764587034e-05
48.7634178783,2.3155913361,4.238437207225468e-05
48.7683117689,2.3155913361,4.046805065648836e-05
48.7732056595,2.3155913361,3.7615787516554015e-05
48.7780995501,2.3155913361,3.403920241621506e-05
48.7829934407,2.3155913361,2.998747888083379e-05
48.7878873313,2.3155913361,2.571888669356699e-05
48.7927812219,2.3155913361,2.1474305784526407e-05
48.7976751125,2.3155913361,1.745709568260811e-05
48.8025690031,2.3155913361,1.3825286478635984e-05
48.8074628937,2.3155913361,1.0712958466441314e-05
48.8123567843,2.3155913361,8.333057844731361e-06
48.8172506749,2.3155913361,7.277681043110089e-06
48.8221445655,2.3155913361,9.136030701050889e-06
48.8270384561,2.3155913361,1.7229219342836195e-05
48.8319323467,2.3155913361,3.643237797303668e-05
48.8368262373,2.3155913361,7.048330948825478e-05
48.8417201279,2.3155913361,0.00011678352129400245
48.8466140185,2.3155913361,0.0001627925691853878
48.8515079091,2.3155913361,0.00018997223303657772
48.8564017997,2.3155913361,0.00018530704643899065
48.8612956903,2.3155913361,0.00015101491315556631
48.8661895809,2.3155913361,0.00010280019180215927
48.8710834715,2.3155913361,5.84501119506085e-05
48.8759773621,2.3155913361,2.7758042727424993e-05
48.8808712527,2.3155913361,1.1012333058317244e-05
48.8857651433,2.3155913361,3.847440463221706e-06
48.8906590339,2.3155913361,8.326642264759693e-06
48.8955529245,2.3155913361,7.789531449764471e-05
48.9004468151,2.3155913361,0.00023794410141817157
48.9053407057,2.3155913361,0.00021031765328279143
48.9102345963,2.3155913361,5.365605500732597e-05
48.9151284869,2.3155913361,3.950551103871385e-06
48.9200223775,2.3155913361,8.396355562301614e-08
48.9249162681,2.3155913361,5.220878187855389e-10
48.9298101587,2.3155913361,3.648251207080183e-12
48.9347040493,2.3155913361,1.1611355915475368e-12
48.9395979399,2.3155913361,6.069113945587644e-13
48.9444918305,2.3155913361,4.453299573261641e-13
48.9493857211,2.3155913361,4.313662602883828e-13
48.9542796117,2.3155913361,4.639128268681822e-13
48.9591735023,2.3155913361,4.989116474244878e-13
48.9640673929,2.3155913361,5.1632179780598e-13
48.9689612835,2.3155913361,5.08072692493156e-13
48.9738551741,2.3155913361,4.736669704029538e-13
48.9787490647,2.3155913361,4.179133081695297e-13
48.7389484253,2.3204852267,4.90088015790575e-05
48.7438423159,2.3204852267,5.60309205701409e-05
48.7487362065,2.3204852267,6.236382944269622e-05
48.7536300971,2.3204852267,6.757547926993097e-05
48.7585239877,2.3204852267,7.128478368748461e-05
48.7634178783,2.3204852267,7.320755116235732e-05
48.7683117689,2.3204852267,7.319244673438917e-05
48.7732056595,2.3204852267,7.12406696680683e-05
48.7780995501,2.3204852267,6.750579654965222e-05
48.7829934407,2.3204852267,6.227382266432467e-05
48.7878873313,2.3204852267,5.592704549999919e-05
48.7927812219,2.3204852267,4.889848315643854e-05
48.7976751125,2.3204852267,4.162677018687666e-05
48.8025690031,2.3204852267,3.45306379602071e-05
48.8074628937,2.3204852267,2.8055224267181565e-05
48.8123567843,2.3204852267,2.2928041266345726e-05
48.8172506749,2.3204852267,2.0871939818894207e-05
48.8221445655,2.3204852267,2.5887213265081398e-05
48.8270384561,2.3204852267,4.5293558934476056e-05
48.8319323467,2.3204852267,8.808838406417415e-05
48.8368262373,2.3204852267,0.00015813098853177408
48.8417201279,2.3204852267,0.00024452184986696146
48.8466140185,2.3204852267,0.00031894519814603235
48.8515079091,2.3204852267,0.00034867233067014856
48.8564017997,2.3204852267,0.0003187845280460047
48.8612956903,2.3204852267,0.00024357014891725808
48.8661895809,2.3204852267,0.0001554804232372289
48.8710834715,2.3204852267,8.291218867759583e-05
48.8759773621,2.3204852267,3.693828971734162e-05
48.8808712527,2.3204852267,1.3753850308919196e-05
48.8857651433,2.3204852267,4.547609443988277e-06
48.8906590339,2.3204852267,1.0544388967835491e-05
48.8955529245,2.3204852267,9.644580575884089e-05
48.9004468151,2.3204852267,0.00028332780483579197
48.9053407057,2.3204852267,0.00024074368007011545
48.9102345963,2.3204852267,5.9041180412238174e-05
48.9151284869,2.3204852267,4.17895470248588e-06
48.9200223775,2.3204852267,8.54784605855033e-08
48.9249162681,2.3204852267,5.564373300110004e-10
48.9298101587,2.3204852267,2.409675926833236e-11
48.9347040493,2.3204852267,1.1268462712187692e-11
48.9395979399,2.3204852267,6.910142331796546e-12
48.9444918305,2.3204852267,5.679414811444095e-12
48.9493857211,2.3204852267,5.613576130019639e-12
48.9542796117,2.3204852267,5.842751109359767e-12
48.9591735023,2.3204852267,5.97841004091676e-12
48.9640673929,2.3204852267,5.861489955090955e-12
48.9689612835,2.3204852267,5.459377245261721e-12
48.9738551741,2.3204852267,4.8167757884670335e-12
48.9787490647,2.3204852267,4.0219414209290336e-12
48.7389484253,2.3253791173,5.9279610175830855e-05
48.7438423159,2.3253791173,7.096804856958869e-05
48.7487362065,2.3253791173,8.271261120250513e-05
48.7536300971,2.3253791173,9.38494955842507e-05
48.7585239877,2.3253791173,0.00010366770799226156
48.7634178783,2.3253791173,0.00011148242147087766
48.7683117689,2.3253791173,0.00011671337622226163
48.7732056595,2.3253791173,0.00011895596215298232
48.7780995501,2.3253791173,0.00011803291851898925
48.7829934407,2.3253791173,0.00011401750142635643
48.7878873313,2.3253791173,0.00010722408319750082
48.7927812219,2.3253791173,9.816912904943324e-05
48.7976751125,2.3253791173,8.751707000226436e-05
48.8025690031,2.3253791173,7.605640531110376e-05
48.8074628937,2.3253791173,6.48408190066013e-05
48.8123567843,2.3253791173,5.5814806712001106e-05
48.8172506749,2.3253791173,5.336840161872981e-05
48.8221445655,2.3253791173,6.665631185669949e-05
48.8270384561,2.3253791173,0.00011032391530155362
48.8319323467,2.3253791173,0.00019874558431317885
48.8368262373,2.3253791173,0.0003313567273870945
48.8417201279,2.3253791173,0.000477977672556428
48.8466140185,2.3253791173,0.0005830911951718072
48.8515079091,2.3253791173,0.0005969633554350855
48.8564017997,2.3253791173,0.000511506536506054
48.8612956903,2.3253791173,0.00036644053013282294
48.8661895809,2.3253791173,0.0002194114599691565
48.8710834715,2.3253791173,0.00010980984705929385
48.8759773621,2.3253791173,4.595785831334863e-05
48.8808712527,2.3253791173,1.6109684240863968e-05
48.8857651433,2.3253791173,5.0967790314371985e-06
48.8906590339,2.3253791173,1.3164605453032915e-05
48.8955529245,2.3253791173,0.00011774580595426504
48.9004468151,2.3253791173,0.0003326216636804266
48.9053407057,2.3253791173,0.00027169183520775475
48.9102345963,2.3253791173,6.405351798340398e-05
48.9151284869,2.3253791173,4.359490378823088e-06
48.9200223775,2.3253791173,8.638597182096542e-08
48.9249162681,2.3253791173,8.629057258090871e-10
48.9298101587,2.3253791173,1.8266886762219567e-10
48.9347040493,2.3253791173,1.0050565580799805e-10
48.9395979399,2.3253791173,7.036399016836789e-11
48.9444918305,2.3253791173,6.163450098384465e-11
48.9493857211,2.3253791173,6.042110315743756e-11
48.9542796117,2.3253791173,6.03274517468151e-11
48.9591735023,2.3253791173,5.860307986616895e-11
48.9640673929,2.3253791173,5.4405031233735796e-11
48.9689612835,2.3253791173,4.795542927735696e-11
48.9738551741,2.3253791173,4.0039774451634395e-11
48.9787490647,2.3253791173,3.163913473615816e-11
48.7389484253,2.3302730079,6.321746743922181e-05
48.7438423159,2.3302730079,7.924984738371563e-05
48.7487362065,2.3302730079,9.671885151982863e-05
48.7536300971,2.3302730079,0.00011491459166888978
48.7585239877,2.3302730079,0.00013292007376156085
48.7634178783,2.3302730079,0.00014967777382388873
48.7683117689,2.3302730079,0.00016408746358049402
48.7732056595,2.3302730079,0.00017512366357858434
48.7780995501,2.3302730079,0.00018195568547596427
48.7829934407,2.3302730079,0.00018405092609639632
48.7878873313,2.3302730079,0.00018124417948744336
48.7927812219,2.3302730079,0.00017376454633190747
48.7976751125,2.3302730079,0.00016223729883045916
48.8025690031,2.3302730079,0.0001477575679384432
48.8074628937,2.3302730079,0.00013234164891647162
48.8123567843,2.3302730079,0.00012040173726930432
48.8172506749,2.3302730079,0.00012185174960140033
48.8221445655,2.3302730079,0.00015562286930665437
48.8270384561,2.3302730079,0.0002479854917825473
48.8319323467,2.3302730079,0.0004175702493536987
48.8368262373,2.3302730079,0.0006482983637191203
48.8417201279,2.3302730079,0.000872724950960971
48.8466140185,2.3302730079,0.0009956420552039297
48.8515079091,2.3302730079,0.0009545751339358865
48.8564017997,2.3302730079,0.0007666944320609703
48.8612956903,2.3302730079,0.0005152855490376827
48.8661895809,2.3302730079,0.0002897594233224053
48.8710834715,2.3302730079,0.00013644009142655878
48.8759773621,2.3302730079,5.392874777570558e-05
48.8808712527,2.3302730079,1.8012253986466038e-05
48.8857651433,2.3302730079,5.628861246429982e-06
48.8906590339,2.3302730079,1.63402772075746e-05
48.8955529245,2.3302730079,0.00014180722119535406
48.9004468151,2.3302730079,0.00038503310948252646
48.9053407057,2.3302730079,0.00030232077088484464
48.9102345963,2.3302730079,6.852472876904706e-05
48.9151284869,2.3302730079,4.490386268213615e-06
48.9200223775,2.3302730079,8.94648992806667e-08
48.9249162681,2.3302730079,2.8909194914947813e-09
48.9298101587,2.3302730079,1.298149931675499e-09
48.9347040493,2.3302730079,8.120475787280614e-10
48.9395979399,2.3302730079,6.245278959618945e-10
48.9444918305,2.3302730079,5.606536221578669e-10
48.9493857211,2.3302730079,5.355663587266885e-10
48.9542796117,2.3302730079,5.10245358393642e-10
48.9591735023,2.3302730079,4.699027585467786e-10
48.9640673929,2.3302730079,4.128996453574913e-10
48.9689612835,2.3302730079,3.443809991445009e-10
48.9738551741,2.3302730079,2.720819002139325e-10
48.9787490647,2.3302730079,2.0345423274463605e-10
48.7389484253,2.3351668985000003,5.943880000655289e-05
48.7438423159,2.3351668985000003,7.802521030623158e-05
48.7487362065,2.3351668985000003,9.971289126985962e-05
48.7536300971,2.3351668985000003,0.00012405637345287558
48.7585239877,2.3351668985000003,0.00015025822047717613
48.7634178783,2.3351668985000003,0.00017717758345346562
48.7683117689,2.3351668985000003,0.00020339050298602812
48.7732056595,2.3351668985000003,0.0002273023512009516
48.7780995501,2.3351668985000003,0.00024730255062280595
48.7829934407,2.3351668985000003,0.0002619420403432979
48.7878873313,2.3351668985000003,0.0002701085837145829
48.7927812219,2.3351668985000003,0.00027118274273587705
48.7976751125,2.3351668985000003,0.00026520792828650663
48.8025690031,2.3351668985000003,0.00025328484566820457
48.8074628937,2.3351668985000003,0.00023882348135565625
48.8123567843,2.3351668985000003,0.00023077828911146223
48.8172506749,2.3351668985000003,0.00024925100696869215
48.8221445655,2.3351668985000003,0.0003294585143753297
48.8270384561,2.3351668985000003,0.000512834563184334
48.8319323467,2.3351668985000003,0.0008149508092356527
48.8368262373,2.3351668985000003,0.001183135475161258
48.8417201279,2.3351668985000003,0.001488698402722218
48.8466140185,2.3351668985000003,0.0015894354601492743
48.8515079091,2.3351668985000003,0.0014280294430434872
48.8564017997,2.3351668985000003,0.0010762751461274788
48.8612956903,2.3351668985000003,0.0006799563955026485
48.8661895809,2.3351668985000003,0.00036047284218348476
48.8710834715,2.3351668985000003,0.0001609626176780309
48.8759773621,2.3351668985000003,6.113244925566939e-05
48.8808712527,2.3351668985000003,2.025007350103082e-05
48.8857651433,2.3351668985000003,6.802873281757136e-06
48.8906590339,2.3351668985000003,2.052157388025228e-05
48.8955529245,2.3351668985000003,0.0001686879335869838
48.9004468151,2.3351668985000003,0.0004396002812211887
48.9053407057,2.3351668985000003,0.00033176347978502513
48.9102345963,2.3351668985000003,7.23322916097771e-05
48.9151284869,2.3351668985000003,4.59168335607261e-06
48.9200223775,2.3351668985000003,1.0856132870925719e-07
48.9249162681,2.3351668985000003,1.4564340243546606e-08
48.9298101587,2.3351668985000003,8.399015168326495e-09
48.9347040493,2.3351668985000003,5.826522188017119e-09
48.9395979399,2.3351668985000003,4.732859625072024e-09
48.9444918305,2.3351668985000003,4.236637098379312e-09
48.9493857211,2.3351668985000003,3.9007496283331694e-09
48.9542796117,2.3351668985000003,3.534229367487568e-09
48.9591735023,2.3351668985000003,3.0825208913245207e-09
48.9640673929,2.3351668985000003,2.5626954268429407e-09
48.9689612835,2.3351668985000003,2.0221150879559497e-09
48.9738551741,2.3351668985000003,1.5115526622385758e-09
48.9787490647,2.3351668985000003,1.069528218845149e-09
48.7389484253,2.3400607891000003,4.927298131929755e-05
48.7438423159,2.3400607891000003,6.772914222912301e-05
48.7487362065,2.3400607891000003,9.0634688579177e-05
48.7536300971,2.3400607891000003,0.00011807696265128258
48.7585239877,2.3400607891000003,0.00014975715342319213
48.7634178783,2.3400607891000003,0.00018491048753995582
48.7683117689,2.3400607891000003,0.0002222731492468231
48.7732056595,2.3400607891000003,0.0002601141154815917
48.7780995501,2.3400607891000003,0.0002963414621138045
48.7829934407,2.3400607891000003,0.00032868044885892917
48.7878873313,2.3400607891000003,0.00035491058718521565
48.7927812219,2.3400607891000003,0.0003731617975154022
48.7976751125,2.3400607891000003,0.0003823753982698845
48.8025690031,2.3400607891000003,0.00038339745780495985
48.8074628937,2.3400607891000003,0.00038191406667669635
48.8123567843,2.3400607891000003,0.00039486102017177006
48.8172506749,2.3400607891000003,0.000459291986931316
48.8221445655,2.3400607891000003,0.00063388882477027
48.8270384561,2.3400607891000003,0.0009741103085417527
48.8319323467,2.3400607891000003,0.0014737604591221513
48.8368262373,2.3400607891000003,0.002010936751935182
48.8417201279,2.3400607891000003,0.0023715661907444687
48.8466140185,2.3400607891000003,0.0023740461270286353
48.8515079091,2.3400607891000003,0.002002674015289859
48.8564017997,2.3400607891000003,0.0014204119765222221
48.8612956903,2.3400607891000003,0.0008478403027576422
48.8661895809,2.3400607891000003,0.0004279948962119031
48.8710834715,2.3400607891000003,0.00018506758856747267
48.8759773621,2.3400607891000003,7.068672665044182e-05
48.8808712527,2.3400607891000003,2.5534087714864706e-05
48.8857651433,2.3400607891000003,1.053217635976036e-05
48.8906590339,2.3400607891000003,2.6960289342862105e-05
48.8955529245,2.3400607891000003,0.0001988234381009601
48.9004468151,2.3400607891000003,0.0004954444825173202
48.9053407057,2.3400607891000003,0.0003593197811288618
48.9102345963,2.3400607891000003,7.550127950161717e-05
48.9151284869,2.3400607891000003,4.7624036803259715e-06
48.9200223775,2.3400607891000003,2.0481658560817419e-07
48.9249162681,2.3400607891000003,7.477713050119314e-08
48.9298101587,2.3400607891000003,4.874676740222838e-08
48.9347040493,2.3400607891000003,3.6357948072820736e-08
48.9395979399,2.3400607891000003,3.019124614519258e-08
48.9444918305,2.3400607891000003,2.6463381380161346e-08
48.9493857211,2.3400607891000003,2.3323530951304963e-08
48.9542796117,2.3400607891000003,2.0051105906300887e-08
48.9591735023,2.3400607891000003,1.6549039086305107e-08
48.9640673929,2.3400607891000003,1.3011968307849592e-08
48.9689612835,2.3400607891000003,9.71081889314238e-09
48.9738551741,2.3400607891000003,6.866781762707445e-09
48.9787490647,2.3400607891000003,4.596946602897657e-09
48.7389484253,2.3449546797000003,3.6015114822336657e-05
48.7438423159,2.3449546797000003,5.1837134649631457e-05
48.7487362065,2.3449546797000003,7.263641541216387e-05
48.7536300971,2.3449546797000003,9.908841591587907e-05
48.7585239877,2.3449546797000003,0.00013159672878313604
48.7634178783,2.3449546797000003,0.00017014539156850228
48.7683117689,2.3449546797000003,0.0002141645819875176
48.7732056595,2.3449546797000003,0.000262438279184564
48.7780995501,2.3449546797000003,0.0003130826765583912
48.7829934407,2.3449546797000003,0.00036361926047274513
48.7878873313,2.3449546797000003,0.0004111653707544639
48.7927812219,2.3449546797000003,0.0004528112353402085
48.7976751125,2.3449546797000003,0.0004864871997539004
48.8025690031,2.3449546797000003,0.0005133153758659988
48.8074628937,2.3449546797000003,0.0005435445362032706
48.8123567843,2.3449546797000003,0.0006078057469146588
48.8172506749,2.3449546797000003,0.000768763680001123
48.8221445655,2.3449546797000003,0.0011133947792957325
48.8270384561,2.3449546797000003,0.0016994957200722283
48.8319323467,2.3449546797000003,0.0024646450078005104
48.8368262373,2.3449546797000003,0.003177078130489803
48.8417201279,2.3449546797000003,0.003524583799344029
48.8466140185,2.3449546797000003,0.0033184427095230857
48.8515079091,2.3449546797000003,0.002638126873636315
48.8564017997,2.3449546797000003,0.001771097907939938
48.8612956903,2.3449546797000003,0.0010095417916380304
48.8661895809,2.3449546797000003,0.0004957616041079883
48.8710834715,2.3449546797000003,0.0002169124835889515
48.8759773621,2.3449546797000003,9.057095857382068e-05
48.8808712527,2.3449546797000003,4.008450924182804e-05
48.8857651433,2.3449546797000003,2.127872736398615e-05
48.8906590339,2.3449546797000003,3.872771021507572e-05
48.8955529245,2.3449546797000003,0.000233788746947319
48.9004468151,2.3449546797000003,0.0005523710747194819
48.9053407057,2.3449546797000003,0.0003848991381577118
48.9102345963,2.3449546797000003,7.848220551602743e-05
48.9151284869,2.3449546797000003,5.366885757745595e-06
48.9200223775,2.3449546797000003,6.194910760730501e-07
48.9249162681,2.3449546797000003,3.5253376599202756e-07
48.9298101587,2.3449546797000003,2.4943533739697116e-07
48.9347040493,2.3449546797000003,1.9391109763248268e-07
48.9395979399,2.3449546797000003,1.6069763566905785e-07
48.9444918305,2.3449546797000003,1.3631360528134653e-07
48.9493857211,2.3449546797000003,1.1449297937887366e-07
48.9542796117,2.3449546797000003,9.324092026750344e-08
48.9591735023,2.3449546797000003,7.276687864546828e-08
48.9640673929,2.3449546797000003,5.408470279549951e-08
48.9689612835,2.3449546797000003,3.816235723984773e-08
48.9738551741,2.3449546797000003,2.552063229122121e-08
48.9787490647,2.3449546797000003,1.61607609334421e-08
48.7389484253,2.3498485703,2.3222160883911498e-05
48.7438423159,2.3498485703,3.499154555030607e-05
48.7487362065,2.3498485703,5.133546304775222e-05
48.7536300971,2.3498485703,7.332456748533566e-05
48.7585239877,2.3498485703,0.00010196459300850588
48.7634178783,2.3498485703,0.00013804195609943334
48.7683117689,2.3498485703,0.00018194114880308503
48.7732056595,2.3498485703,0.0002334568944163697
48.7780995501,2.3498485703,0.0002916341988303246
48.7829934407,2.3498485703,0.00035467952283146047
48.7878873313,2.3498485703,0.00042001513338191904
48.7927812219,2.3498485703,0.00048468509749977995
48.7976751125,2.3498485703,0.0005468211694884069
48.8025690031,2.3498485703,0.0006100812312016719
48.8074628937,2.3498485703,0.0006942511282600884
48.8123567843,2.3498485703,0.0008525167876865206
48.8172506749,2.3498485703,0.0011823995360130464
48.8221445655,2.3498485703,0.0017968186262363195
48.8270384561,2.3498485703,0.0027279101822621733
48.8319323467,2.3498485703,0.0038074410541066583
48.8368262373,2.3498485703,0.004656640035938345
48.8417201279,2.3498485703,0.004878576500810239
48.8466140185,2.3498485703,0.004338012177845
48.8515079091,2.3498485703,0.003268632720631404
48.8564017997,2.3498485703,0.002097311024559437
48.8612956903,2.3498485703,0.0011629717670986418
48.8661895809,2.3498485703,0.0005761550037043306
48.8710834715,2.3498485703,0.0002721665875608874
48.8759773621,2.3498485703,0.00013477832324534632
48.8808712527,2.3498485703,7.510053107384616e-05
48.8857651433,2.3498485703,4.765342003969294e-05
48.8906590339,2.3498485703,6.223284177379567e-05
48.8955529245,2.3498485703,0.00027762748521202883
48.9004468151,2.3498485703,0.0006120283100312659
48.9053407057,2.3498485703,0.0004099471490388424
48.9102345963,2.3498485703,8.283893450174867e-05
48.9151284869,2.3498485703,7.566945818665013e-06
48.9200223775,2.3498485703,2.1942373360543355e-06
48.9249162681,2.3498485703,1.4824023072865514e-06
48.9298101587,2.3498485703,1.1059823136610478e-06
48.9347040493,2.3498485703,8.731461988142054e-07
48.9395979399,2.3498485703,7.103292587292667e-07
48.9444918305,2.3498485703,5.787623044549378e-07
48.9493857211,2.3498485703,4.619167609401017e-07
48.9542796117,2.3498485703,3.5590430954771296e-07
48.9591735023,2.3498485703,2.6244028072175674e-07
48.9640673929,2.3498485703,1.8428416838924344e-07
48.9689612835,2.3498485703,1.2287954957995581e-07
48.9738551741,2.3498485703,7.768020070701897e-08
48.9787490647,2.3498485703,4.6513861778717994e-08
48.7389484253,2.3547424609,1.3248628696947171e-05
48.7438423159,2.3547424609,2.087207692900586e-05
48.7487362065,2.3547424609,3.203388368819252e-05
48.7536300971,2.3547424609,4.788348225374777e-05
48.7585239877,2.3547424609,6.969865497261524e-05
48.7634178783,2.3547424609,9.878332780498256e-05
48.7683117689,2.3547424609,0.0001363132258456412
48.7732056595,2.3547424609,0.0001831354176120414
48.7780995501,2.3547424609,0.00023954219514711573
48.7829934407,2.3547424609,0.00030506585707022884
48.7878873313,2.3547424609,0.00037842364189936246
48.7927812219,2.3547424609,0.0004580556069426415
48.7976751125,2.3547424609,0.0005446543035211697
48.8025690031,2.3547424609,0.000648935081309584
48.8074628937,2.3547424609,0.0008086371115506373
48.8123567843,2.3547424609,0.0011111823466864903
48.8172506749,2.3547424609,0.0016955039671879486
48.8221445655,2.3547424609,0.002685268166845698
48.8270384561,2.3547424609,0.004040818451137152
48.8319323467,2.3547424609,0.005433200342881628
48.8368262373,2.3547424609,0.006321789111064395
48.8417201279,2.3547424609,0.006276036518998974
48.8466140185,2.3547424609,0.005294499133438049
48.8515079091,2.3547424609,0.0038087133684066156
48.8564017997,2.3547424609,0.002367480260140864
48.8612956903,2.3547424609,0.0013107972782853622
48.8661895809,2.3547424609,0.000685779806721867
48.8710834715,2.3547424609,0.00037002393336723184
48.8759773621,2.3547424609,0.00022117027131788436
48.8808712527,2.3547424609,0.0001462909229309227
48.8857651433,2.3547424609,0.00010308556179583744
48.8906590339,2.3547424609,0.0001085423638155666
48.8955529245,2.3547424609,0.0003384917096827969
48.9004468151,2.3547424609,0.0006796852767215697
48.9053407057,2.3547424609,0.000439122554344889
48.9102345963,2.3547424609,9.272561771541875e-05
48.9151284869,2.3547424609,1.4609944417997765e-05
48.9200223775,2.3547424609,7.463532362693785e-06
48.9249162681,2.3547424609,5.4606657236882095e-06
48.9298101587,2.3547424609,4.18957819690711e-06
48.9347040493,2.3547424609,3.2946998831244106e-06
48.9395979399,2.3547424609,2.603271080337425e-06
48.9444918305,2.3547424609,2.0281014039804193e-06
48.9493857211,2.3547424609,1.5353588199866654e-06
48.9542796117,2.3547424609,1.1182863583918836e-06
48.9591735023,2.3547424609,7.786483251789202e-07
48.9640673929,2.3547424609,5.162348695206805e-07
48.9689612835,2.3547424609,3.2509391088058837e-07
48.9738551741,2.3547424609,1.9416567206546508e-07
48.9787490647,2.3547424609,1.0988367832486624e-07
48.7389484253,2.3596363515,6.813097076895998e-06
48.7438423159,2.3596363515,1.1128380861195056e-05
48.7487362065,2.3596363515,1.7776608561501275e-05
48.7536300971,2.3596363515,2.7720911974823606e-05
48.7585239877,2.3596363515,4.2154047684738845e-05
48.7634178783,2.3596363515,6.246899153785406e-05
48.7683117689,2.3596363515,9.018103234904384e-05
48.7732056595,2.3596363515,0.00012679203340291935
48.7780995501,2.3596363515,0.00017360029438515706
48.7829934407,2.3596363515,0.0002315020901816607
48.7878873313,2.3596363515,0.00030100043405003674
48.7927812219,2.3596363515,0.00038324612976341904
48.7976751125,2.3596363515,0.0004845506619198728
48.8025690031,2.3596363515,0.0006291855993127659
48.8074628937,2.3596363515,0.0008839320744988586
48.8123567843,2.3596363515,0.0013821212728147953
48.8172506749,2.3596363515,0.0023023781298060157
48.8221445655,2.3596363515,0.0037468690351740324
48.8270384561,2.3596363515,0.005545993389476244
48.8319323467,2.3596363515,0.007169508992890734
48.8368262373,2.3596363515,0.007942131871069374
48.8417201279,2.3596363515,0.00748805023862731
48.8466140185,2.3596363515,0.006017425658740506
48.8515079091,2.3596363515,0.0041652964614122935
48.8564017997,2.3596363515,0.0025479861230424668
48.8612956903,2.3596363515,0.0014500665819759248
48.8661895809,2.3596363515,0.000832930696753166
48.8710834715,2.3596363515,0.0005225132379721693
48.8759773621,2.3596363515,0.00036381044859353504
48.8808712527,2.3596363515,0.0002691101814213475
48.8857651433,2.3596363515,0.00020350162636851668
48.8906590339,2.3596363515,0.00019298818491565576
48.8955529245,2.3596363515,0.00042969197478107953
48.9004468151,2.3596363515,0.0007662736444769217
48.9053407057,2.3596363515,0.00048278199603587265
48.9102345963,2.3596363515,0.00011745863697065725
48.9151284869,2.3596363515,3.4266560381107125e-05
48.9200223775,2.3596363515,2.2780704696457385e-05
48.9249162681,2.3596363515,1.736120600994501e-05
48.9298101587,2.3596363515,1.3427721000947938e-05
48.9347040493,2.3596363515,1.038297144894677e-05
48.9395979399,2.3596363515,7.918612968865195e-06
48.9444918305,2.3596363515,5.885747873172567e-06
48.9493857211,2.3596363515,4.2243533200592786e-06
48.9542796117,2.3596363515,2.908317249212917e-06
48.9591735023,2.3596363515,1.9119176906367315e-06
48.9640673929,2.3596363515,1.1965152810155227e-06
48.9689612835,2.3596363515,7.113949141447428e-07
48.9738551741,2.3596363515,4.0129644013403526e-07
48.9787490647,2.3596363515,2.1458336915971103e-07
48.7389484253,2.3645302421,3.4939625293528517e-06
48.7438423159,2.3645302421,5.653093522453153e-06
48.7487362065,2.3645302421,9.131482118930976e-06
48.7536300971,2.3645302421,1.4590276326388851e-05
48.7585239877,2.3645302421,2.2920723332260358e-05
48.7634178783,2.3645302421,3.526867472113581e-05
48.7683117689,2.3645302421,5.30315339744391e-05
48.7732056595,2.3645302421,7.781361614268629e-05
48.7780995501,2.3645302421,0.00011133784386235138
48.7829934407,2.3645302421,0.00015538233181439033
48.7878873313,2.3645302421,0.00021212370548858304
48.7927812219,2.3645302421,0.00028632442572553026
48.7976751125,2.3645302421,0.0003931956144913135
48.8025690031,2.3645302421,0.0005780314373930469
48.8074628937,2.3645302421,0.0009477524783928825
48.8123567843,2.3645302421,0.0016877472168107719
48.8172506749,2.3645302421,0.0029999529755366616
48.8221445655,2.3645302421,0.004916439545144999
48.8270384561,2.3645302421,0.007083056513133835
48.8319323467,2.3645302421,0.008765756940760384
48.8368262373,2.3645302421,0.009233234066685506
48.8417201279,2.3645302421,0.008271784104914005
48.8466140185,2.3645302421,0.006349011480039005
48.8515079091,2.3645302421,0.004258414070189355
48.8564017997,2.3645302421,0.002602917587290509
48.8612956903,2.3645302421,0.0015610317109679944
48.8661895809,2.3645302421,0.0010033934037217223
48.8710834715,2.3645302421,0.0007209455707195925
48.8759773621,2.3645302421,0.0005613549940163886
48.8808712527,2.3645302421,0.0004496853289042775
48.8857651433,2.3645302421,0.0003611220392507325
48.8906590339,2.3645302421,0.0003318474959985428
48.8955529245,2.3645302421,0.0005689627033057006
48.9004468151,2.3645302421,0.0008896641653252204
48.9053407057,2.3645302421,0.0005594231552657138
48.9102345963,2.3645302421,0.0001744426583604491
48.9151284869,2.3645302421,8.169923881219412e-05
48.9200223775,2.3645302421,6.073409640014374e-05
48.9249162681,2.3645302421,4.71084602895521e-05
48.9298101587,2.3645302421,3.622060889360041e-05
48.9347040493,2.3645302421,2.7333477237650762e-05
48.9395979399,2.3645302421,2.0071966987858057e-05
48.9444918305,2.3645302421,1.423967916101968e-05
48.9493857211,2.3645302421,9.70441782444301e-06
48.9542796117,2.3645302421,6.326572826343672e-06
48.9591735023,2.3645302421,3.9334764995622555e-06
48.9640673929,2.3645302421,2.327335578819067e-06
48.9689612835,2.3645302421,1.3084721530329315e-06
48.9738551741,2.3645302421,6.983078959437625e-07
48.9787490647,2.3645302421,3.5351708757471405e-07
48.7389484253,2.3694241327,2.508966880209943e-06
48.7438423159,2.3694241327,3.5309686856981563e-06
48.7487362065,2.3694241327,5.192137446150162e-06
48.7536300971,2.3694241327,7.871505671600062e-06
48.7585239877,2.3694241327,1.2119764918262965e-05
48.7634178783,2.3694241327,1.870398290432431e-05
48.7683117689,2.3694241327,2.864617352037395e-05
48.7732056595,2.3694241327,4.324742119109576e-05
48.7780995501,2.3694241327,6.410953897588516e-05
48.7829934407,2.3694241327,9.329476770390403e-05
48.7878873313,2.3694241327,0.00013431166164734246
48.7927812219,2.3694241327,0.00019627240703091222
48.7976751125,2.3694241327,0.00030663731102493705
48.8025690031,2.3694241327,0.0005387587900652825
48.8074628937,2.3694241327,0.001046816630573293
48.8123567843,2.3694241327,0.0020624991479277635
48.8172506749,2.3694241327,0.0037766308616690347
48.8221445655,2.3694241327,0.0060950793112492345
48.8270384561,2.3694241327,0.008449847439663568
48.8319323467,2.3694241327,0.009954939059332755
48.8368262373,2.3694241327,0.009941947624594284
48.8417201279,2.3694241327,0.008452117321557371
48.8466140185,2.3694241327,0.006200332397579688
48.8515079091,2.3694241327,0.0040488415368675175
48.8564017997,2.3694241327,0.0025031393888240044
48.8612956903,2.3694241327,0.001607786887232245
48.8661895809,2.3694241327,0.0011573743362435595
48.8710834715,2.3694241327,0.0009303840378876063
48.8759773621,2.3694241327,0.0007898384966404071
48.8808712527,2.3694241327,0.000677134556428045
48.8857651433,2.3694241327,0.000577568661432389
48.8906590339,2.3694241327,0.0005370644031894283
48.8955529245,2.3694241327,0.00077507120254428
48.9004468151,2.3694241327,0.0010728934236288103
48.9053407057,2.3694241327,0.0006948477214963157
48.9102345963,2.3694241327,0.0002887057363434673
48.9151284869,2.3694241327,0.00017893453161656826
48.9200223775,2.3694241327,0.00013931846787527716
48.9249162681,2.3694241327,0.00010833994734064992
48.9298101587,2.3694241327,8.213869551950696e-05
48.9347040493,2.3694241327,6.0339245388135856e-05
48.9395979399,2.3694241327,4.2730740549772776e-05
48.9444918305,2.3694241327,2.9052078045933003e-05
48.9493857211,2.3694241327,1.890253322346251e-05
48.9542796117,2.3694241327,1.1741742872470625e-05
48.9591735023,2.3694241327,6.9514346593263395e-06
48.9640673929,2.3694241327,3.917857799962892e-06
48.9689612835,2.3694241327,2.1006893410915463e-06
48.9738551741,2.3694241327,1.071270023427173e-06
48.9787490647,2.3694241327,5.196529241623432e-07
48.7389484253,2.3743180233,3.2100979608240726e-06
48.7438423159,2.3743180233,3.8309360851545526e-06
48.7487362065,2.3743180233,4.715528586905199e-06
48.7536300971,2.3743180233,6.043922728315101e-06
48.7585239877,2.3743180233,8.098828004805681e-06
48.7634178783,2.3743180233,1.1305605553887349e-05
48.7683117689,2.3743180233,1.6278517245119998e-05
48.7732056595,2.3743180233,2.3876060448727617e-05
48.7780995501,2.3743180233,3.531180437985453e-05
48.7829934407,2.3743180233,5.260127169036236e-05
48.7878873313,2.3743180233,8.052046884228723e-05
48.7927812219,2.3743180233,0.00013360139972179726
48.7976751125,2.3743180233,0.0002549415202711119
48.8025690031,2.3743180233,0.000550892237730473
48.8074628937,2.3743180233,0.0012219518628638264
48.8123567843,2.3743180233,0.0025245138019666454
48.8172506749,2.3743180233,0.004589727725962735
48.8221445655,2.3743180233,0.007150834457056532
48.8270384561,2.3743180233,0.009441673700139602
48.8319323467,2.3743180233,0.010528169017726428
48.8368262373,2.3743180233,0.009931265171308025
48.8417201279,2.3743180233,0.00798931865772524
48.8466140185,2.3743180233,0.005592577948282807
48.8515079091,2.3743180233,0.0035622251676960424
48.8564017997,2.3743180233,0.0022457523247202886
48.8612956903,2.3743180233,0.0015579362011379667
48.8661895809,2.3743180233,0.0012477071135437111
48.8710834715,2.3743180233,0.0011035311187577623
48.8759773621,2.3743180233,0.0010109828217251446
48.8808712527,2.3743180233,0.000926548955347445
48.8857651433,2.3743180233,0.0008424099587209656
48.8906590339,2.3743180233,0.0008113276977177
48.8955529245,2.3743180233,0.0010603199522918173
48.9004468151,2.3743180233,0.0013348141385058198
48.9053407057,2.3743180233,0.0009115777602159038
48.9102345963,2.3743180233,0.00048191349203009374
48.9151284869,2.3743180233,0.00034429114371599563
48.9200223775,2.3743180233,0.0002724956816800379
48.9249162681,2.3743180233,0.00021063068281239948
48.9298101587,2.3743180233,0.0001570600142938818
48.9347040493,2.3743180233,0.00011259333908111742
48.9395979399,2.3743180233,7.740100537061831e-05
48.9444918305,2.3743180233,5.0926756912430004e-05
48.9493857211,2.3743180233,3.2030668216108805e-05
48.9542796117,2.3743180233,1.9245058432567165e-05
48.9591735023,2.3743180233,1.104495994689824e-05
48.9640673929,2.3743180233,6.057635051788643e-06
48.9689612835,2.3743180233,3.178273881277473e-06
48.9738551741,2.3743180233,1.5979165559563078e-06
48.9787490647,2.3743180233,7.716259251443232e-07
48.7389484253,2.3792119139,5.121274661118351e-06
48.7438423159,2.3792119139,5.837706076917246e-06
48.7487362065,2.3792119139,6.656235254566732e-06
48.7536300971,2.3792119139,7.641073462022319e-06
48.7585239877,2.3792119139,8.906375140956806e-06
48.7634178783,2.3792119139,1.0642573163408307e-05
48.7683117689,2.3792119139,1.3152973329669665e-05
48.7732056595,2.3792119139,1.691691776843099e-05
48.7780995501,2.3792119139,2.278156598435554e-05
48.7829934407,2.3792119139,3.278247185606727e-05
48.7878873313,2.3792119139,5.343584606071045e-05
48.7927812219,2.3792119139,0.00010630624813932363
48.7976751125,2.3792119139,0.0002531013785058517
48.8025690031,2.3792119139,0.0006340609857219744
48.8074628937,2.3792119139,0.0014843020663975756
48.8123567843,2.3792119139,0.003049073311134419
48.8172506749,2.3792119139,0.005349795587659509
48.8221445655,2.3792119139,0.00793066251180943
48.8270384561,2.3792119139,0.009895174195601271
48.8319323467,2.3792119139,0.010392318050281147
48.8368262373,2.3792119139,0.009223911346955575
48.8417201279,2.3792119139,0.00699592600755393
48.8466140185,2.3792119139,0.004658168821048242
48.8515079091,2.3792119139,0.002893776097646272
48.8564017997,2.3792119139,0.0018724326292184424
48.8612956903,2.3792119139,0.001412353467430471
48.8661895809,2.3792119139,0.0012536033058701656
48.8710834715,2.3792119139,0.0012118419227567568
48.8759773621,2.3792119139,0.0011963683060509562
48.8808712527,2.3792119139,0.0011737304182284068
48.8857651433,2.3792119139,0.0011373491908512555
48.8906590339,2.3792119139,0.0011419090709099517
48.8955529245,2.3792119139,0.0014155490822677144
48.9004468151,2.3792119139,0.0016687512797487142
48.9053407057,2.3792119139,0.0012042336786862997
48.9102345963,2.3792119139,0.0007477316294029208
48.9151284869,2.3792119139,0.0005703808833697265
48.9200223775,2.3792119139,0.00045252404577018896
48.9249162681,2.3792119139,0.00034676893781983585
48.9298101587,2.3792119139,0.00025507773428190024
48.9347040493,2.3792119139,0.0001799112978166192
48.9395979399,2.3792119139,0.00012162426302744901
48.9444918305,2.3792119139,7.882231485593657e-05
48.9493857211,2.3792119139,4.901243337396864e-05
48.9542796117,2.3792119139,2.928357504796126e-05
48.9591735023,2.3792119139,1.6846315901711874e-05
48.9640673929,2.3792119139,9.35632857141637e-06
48.9689612835,2.3792119139,5.0326479369625176e-06
48.9738551741,2.3792119139,2.6307937279616413e-06
48.9787490647,2.3792119139,1.3412353983417005e-06
48.7389484253,2.3841058045,7.700443453292752e-06
48.7438423159,2.3841058045,8.840792109379331e-06
48.7487362065,2.3841058045,1.0057987807381628e-05
48.7536300971,2.3841058045,1.135809221691781e-05
48.7585239877,2.3841058045,1.2764928175953287e-05
48.7634178783,2.3841058045,1.4334500126531303e-05
48.7683117689,2.3841058045,1.618052926661275e-05
48.7732056595,2.3841058045,1.854457883749131e-05
48.7780995501,2.3841058045,2.2094191784184906e-05
48.7829934407,2.3841058045,2.9251303646233237e-05
48.7878873313,2.3841058045,4.9177931290457715e-05
48.7927812219,2.3841058045,0.00011226729713993435
48.7976751125,2.3841058045,0.0003002587881166159
48.8025690031,2.3841058045,0.0007822390074897905
48.8074628937,2.3841058045,0.0018056224061208349
48.8123567843,2.3841058045,0.003562458102459676
48.8172506749,2.3841058045,0.005930561132795677
48.8221445655,2.3841058045,0.008292471965735225
48.8270384561,2.3841058045,0.009729069790098655
48.8319323467,2.3841058045,0.009591619279129427
48.8368262373,2.3841058045,0.007986938875957786
48.8417201279,2.3841058045,0.005693851752301127
48.8466140185,2.3841058045,0.003597094154194591
48.8515079091,2.3841058045,0.0021843977188201434
48.8564017997,2.3841058045,0.0014691039596555684
48.8612956903,2.3841058045,0.0012212667561485497
48.8661895809,2.3841058045,0.0012041473234864824
48.8710834715,2.3841058045,0.001269243502852163
48.8759773621,2.3841058045,0.001345953044937031
48.8808712527,2.3841058045,0.0014045597063106774
48.8857651433,2.3841058045,0.0014343553482396851
48.8906590339,2.3841058045,0.0014877806889108452
48.8955529245,2.3841058045,0.001788701475940337
48.9004468151,2.3841058045,0.002016371901711079
48.9053407057,2.3841058045,0.001512977883791967
48.9102345963,2.3841058045,0.001028553734714784
48.9151284869,2.3841058045,0.0008063217837854491
48.9200223775,2.3841058045,0.0006382437438958838
48.9249162681,2.3841058045,0.00048640379465154855
48.9298101587,2.3841058045,0.0003560756065863238
48.9347040493,2.3841058045,0.0002506684812906449
48.9395979399,2.3841058045,0.00016999159340822358
48.9444918305,2.3841058045,0.00011130772985349711
48.9493857211,2.3841058045,7.056589736557631e-05
48.9542796117,2.3841058045,4.344793240569669e-05
48.9591735023,2.3841058045,2.606212345238078e-05
48.9640673929,2.3841058045,1.5274937022143447e-05
48.9689612835,2.3841058045,8.768190592424033e-06
48.9738551741,2.3841058045,4.937415718697033e-06
48.9787490647,2.3841058045,2.7293990016617713e-06
48.7389484253,2.3889996951,1.0163879569321959e-05
48.7438423159,2.3889996951,1.1890352541932448e-05
48.7487362065,2.3889996951,1.375646084694869e-05
48.7536300971,2.3889996951,1.5745505105497856e-05
48.7585239877,2.3889996951,1.784081681084972e-05
48.7634178783,2.3889996951,2.0033044377881056e-05
48.7683117689,2.3889996951,2.2340879390040018e-05
48.7732056595,2.3889996951,2.4903245375910222e-05
48.7780995501,2.3889996951,2.8438468589462762e-05
48.7829934407,2.3889996951,3.624180411482218e-05
48.7878873313,2.3889996951,6.111401863424477e-05
48.7927812219,2.3889996951,0.0001434593320718412
48.7976751125,2.3889996951,0.00038349576557758296
48.8025690031,2.3889996951,0.0009673868351536807
48.8074628937,2.3889996951,0.0021257925445934806
48.8123567843,2.3889996951,0.003961686736462817
48.8172506749,2.3889996951,0.0062064597576318836
48.8221445655,2.3889996951,0.008150672670433868
48.8270384561,2.3889996951,0.008970566190400743
48.8319323467,2.3889996951,0.008289866440864916
48.8368262373,2.3889996951,0.0064705265228787966
48.8417201279,2.3889996951,0.004335994833859998
48.8466140185,2.3889996951,0.002609204748373186
48.8515079091,2.3889996951,0.00157449874856638
48.8564017997,2.3889996951,0.001136955915094545
48.8612956903,2.3889996951,0.0010643660804094922
48.8661895809,2.3889996951,0.001162087483529703
48.8710834715,2.3889996951,0.0013170133223353445
48.8759773621,2.3889996951,0.0014728229388269575
48.8808712527,2.3889996951,0.0015993713979085523
48.8857651433,2.3889996951,0.0016805574990453756
48.8906590339,2.3889996951,0.0017669309487664373
48.8955529245,2.3889996951,0.0020767913421127016
48.9004468151,2.3889996951,0.0022658215518091664
48.9053407057,2.3889996951,0.0017280752450773561
48.9102345963,2.3889996951,0.001225343862717651
48.9151284869,2.3889996951,0.0009705525627083992
48.9200223775,2.3889996951,0.0007682659285245315
48.9249162681,2.3889996951,0.000587487144221617
48.9298101587,2.3889996951,0.0004342275583630361
48.9347040493,2.3889996951,0.00031114194469431444
48.9395979399,2.3889996951,0.00021683083224564536
48.9444918305,2.3889996951,0.00014742833115523782
48.9493857211,2.3889996951,9.807385454152957e-05
48.9542796117,2.3889996951,6.39679309242734e-05
48.9591735023,2.3889996951,4.0959598792003224e-05
48.9640673929,2.3889996951,2.5756461445331597e-05
48.9689612835,2.3889996951,1.589881493772098e-05
48.9738551741,2.3889996951,9.624163287777095e-06
48.9787490647,2.3889996951,5.7059970321918135e-06
48.7389484253,2.3938935857,1.1623427561696072e-05
48.7438423159,2.3938935857,1.3886260075746218e-05
48.7487362065,2.3938935857,1.639980407070668e-05
48.7536300971,2.3938935857,1.9148275870088655e-05
48.7585239877,2.3938935857,2.2106700024584782e-05
48.7634178783,2.3938935857,2.5244869423518654e-05
48.7683117689,2.3938935857,2.8550828654032385e-05
48.7732056595,2.3938935857,3.216687383334095e-05
48.7780995501,2.3938935857,3.707507179275411e-05
48.7829934407,2.3938935857,4.7895080019781235e-05
48.7878873313,2.3938935857,8.174096361895534e-05
48.7927812219,2.3938935857,0.000188752966056461
48.7976751125,2.3938935857,0.0004822303326061499
48.8025690031,2.3938935857,0.001148275052567746
48.8074628937,2.3938935857,0.0023721868946451224
48.8123567843,2.3938935857,0.0041501494473350775
48.8172506749,2.3938935857,0.006099726022955951
48.8221445655,2.3938935857,0.007512764882211616
48.8270384561,2.3938935857,0.00775375717790281
48.8319323467,2.3938935857,0.006721499806114175
48.8368262373,2.3938935857,0.00493076083362823
48.8417201279,2.3938935857,0.003129559750050365
48.8466140185,2.3938935857,0.0018325988753947959
48.8515079091,2.3938935857,0.0011533891976016515
48.8564017997,2.3938935857,0.00094282021825415
48.8612956903,2.3938935857,0.0009971810464476554
48.8661895809,2.3938935857,0.0011680127220829106
48.8710834715,2.3938935857,0.0013713634957848249
48.8759773621,2.3938935857,0.0015609174285077308
48.8808712527,2.3938935857,0.0017070625763788228
48.8857651433,2.3938935857,0.0017931477286831396
48.8906590339,2.3938935857,0.001873423241650162
48.8955529245,2.3938935857,0.002162762388784829
48.9004468151,2.3938935857,0.0023025415103345398
48.9053407057,2.3938935857,0.0017468988913318482
48.9102345963,2.3938935857,0.0012529736077624904
48.9151284869,2.3938935857,0.0009982095062265636
48.9200223775,2.3938935857,0.0007968708461487076
48.9249162681,2.3938935857,0.0006200647487510174
48.9298101587,2.3938935857,0.0004712690003675832
48.9347040493,2.3938935857,0.0003510156956016974
48.9395979399,2.3938935857,0.00025686871783051063
48.9444918305,2.3938935857,0.00018494955357702182
48.9493857211,2.3938935857,0.00013106440025031183
48.9542796117,2.3938935857,9.135007804718231e-05
48.9591735023,2.3938935857,6.253706619590493e-05
48.9640673929,2.3938935857,4.1980379994010306e-05
48.9689612835,2.3938935857,2.7587222132640077e-05
48.9738551741,2.3938935857,1.7720616336240707e-05
48.9787490647,2.3938935857,1.1113251637991445e-05
48.7389484253,2.3987874763,1.149077088722691e-05
48.7438423159,2.3987874763,1.4024744963236337e-05
48.7487362065,2.3987874763,1.692029441639656e-05
48.7536300971,2.3987874763,2.0178863373754033e-05
48.7585239877,2.3987874763,2.3789494193145125e-05
48.7634178783,2.3987874763,2.7731958750389554e-05
48.7683117689,2.3987874763,3.200987278309661e-05
48.7732056595,2.3987874763,3.685240718598112e-05
48.7780995501,2.3987874763,4.367949137090947e-05
48.7829934407,2.3987874763,5.8732295129544345e-05
48.7878873313,2.3987874763,0.0001034588300696956
48.7927812219,2.3987874763,0.00023552216859193157
48.7976751125,2.3987874763,0.0005724631000835309
48.8025690031,2.3987874763,0.0012815281388584795
48.8074628937,2.3987874763,0.002482648858089233
48.8123567843,2.3987874763,0.004071927078775669
48.8172506749,2.3987874763,0.005611952120545908
48.8221445655,2.3987874763,0.006484304904619057
48.8270384561,2.3987874763,0.006283972857429166
48.8319323467,2.3987874763,0.005127006864060072
48.8368262373,2.3987874763,0.0035639300069581627
48.8417201279,2.3987874763,0.0021877423779764296
48.8466140185,2.3987874763,0.0013098418295019016
48.8515079091,2.3987874763,0.0009262829538655716
48.8564017997,2.3987874763,0.0008778507517673999
48.8612956903,2.3987874763,0.0010025313707993262
48.8661895809,2.3987874763,0.0011927436469489554
48.8710834715,2.3987874763,0.0013872837162379815
48.8759773621,2.3987874763,0.0015497823222195672
48.8808712527,2.3987874763,0.0016567731719531239
48.8857651433,2.3987874763,0.0016989268312290742
48.8906590339,2.3987874763,0.0017402488175679623
48.8955529245,2.3987874763,0.0019927243704032207
48.9004468151,2.3987874763,0.0020899432953110806
48.9053407057,2.3987874763,0.0015481028974643814
48.9102345963,2.3987874763,0.0011009885416626971
48.9151284869,2.3987874763,0.0008854635088606998
48.9200223775,2.3987874763,0.0007225113686522438
48.9249162681,2.3987874763,0.0005818910410029893
48.9298101587,2.3987874763,0.0004630518687621564
48.9347040493,2.3987874763,0.00036444733604149357
48.9395979399,2.3987874763,0.0002835223590356618
48.9444918305,2.3987874763,0.00021761627053299868
48.9493857211,2.3987874763,0.00016438998905988805
48.9542796117,2.3987874763,0.00012190572694045085
48.9591735023,2.3987874763,8.853969206845849e-05
48.9640673929,2.3987874763,6.28651732485543e-05
48.9689612835,2.3987874763,4.357523121892588e-05
48.9738551741,2.3987874763,2.945839792787041e-05
48.9787490647,2.3987874763,1.9410928587979498e-05
48.7389484253,2.4036813669,9.815901838767137e-06
48.7438423159,2.4036813669,1.224065502189241e-05
48.7487362065,2.4036813669,1.5088261977081294e-05
48.7536300971,2.4036813669,1.8383912944266846e-05
48.7585239877,2.4036813669,2.2142377774222036e-05
48.7634178783,2.4036813669,2.6372502026061565e-05
48.7683117689,2.4036813669,3.11263062922161e-05
48.7732056595,2.4036813669,3.678390864694913e-05
48.7780995501,2.4036813669,4.531816426375995e-05
48.7829934407,2.4036813669,6.463943406396827e-05
48.7878873313,2.4036813669,0.00011971776180354124
48.7927812219,2.4036813669,0.0002717279715777864
48.7976751125,2.4036813669,0.0006319648418533128
48.8025690031,2.4036813669,0.001333280173889955
48.8074628937,2.4036813669,0.0024245706168460326
48.8123567843,2.4036813669,0.0037304459333906284
48.8172506749,2.4036813669,0.004824744274964173
48.8221445655,2.4036813669,0.005237007366295529
48.8270384561,2.4036813669,0.004779149748988234
48.8319323467,2.4036813669,0.0036934834649784854
48.8368262373,2.4036813669,0.002470435939128055
48.8417201279,2.4036813669,0.001520586476603689
48.8466140185,2.4036813669,0.000992737148919892
48.8515079091,2.4036813669,0.0008201450230969835
48.8564017997,2.4036813669,0.0008615787276254793
48.8612956903,2.4036813669,0.0009979524677828238
48.8661895809,2.4036813669,0.001155269680881096
48.8710834715,2.4036813669,0.001291830832459709
48.8759773621,2.4036813669,0.0013838801354123808
48.8808712527,2.4036813669,0.0014193960168451072
48.8857651433,2.4036813669,0.001400685505017874
48.8906590339,2.4036813669,0.0014018680872006453
48.8955529245,2.4036813669,0.0016271215809750788
48.9004468151,2.4036813669,0.0017048757412723695
48.9053407057,2.4036813669,0.001211244487848173
48.9102345963,2.4036813669,0.0008405052227300415
48.9151284869,2.4036813669,0.0006884184700760297
48.9200223775,2.4036813669,0.0005833804660255144
48.9249162681,2.4036813669,0.0004940129089020717
48.9298101587,2.4036813669,0.0004167659940411337
48.9347040493,2.4036813669,0.0003491202011403575
48.9395979399,2.4036813669,0.00028917862016603497
48.9444918305,2.4036813669,0.00023586769149361712
48.9493857211,2.4036813669,0.00018878044440101964
48.9542796117,2.4036813669,0.00014786588692454299
48.9591735023,2.4036813669,0.00011313085020800214
48.9640673929,2.4036813669,8.444109909183157e-05
48.9689612835,2.4036813669,6.143951315630951e-05
48.9738551741,2.4036813669,4.3557518208599685e-05
48.9787490647,2.4036813669,3.008091387317768e-05
48.7389484253,2.4085752575,7.2451302493846625e-06
48.7438423159,2.4085752575,9.231152364703435e-06
48.7487362065,2.4085752575,1.1625851767723392e-05
48.7536300971,2.4085752575,1.4473007398729833e-05
48.7585239877,2.4085752575,1.7811531421878327e-05
48.7634178783,2.4085752575,2.1683706228114477e-05
48.7683117689,2.4085752575,2.6205874123759277e-05
48.7732056595,2.4085752575,3.1944840010867476e-05
48.7780995501,2.4085752575,4.1451577104344164e-05
48.7829934407,2.4085752575,6.404045223125523e-05
48.7878873313,2.4085752575,0.00012660340540611672
48.7927812219,2.4085752575,0.0002887974504361967
48.7976751125,2.4085752575,0.0006461258798159541
48.8025690031,2.4085752575,0.0012888473855886342
48.8074628937,2.4085752575,0.002204222496935775
48.8123567843,2.4085752575,0.0031855853073338007
48.8172506749,2.4085752575,0.0038715994909880327
48.8221445655,2.4085752575,0.0039561156531529845
48.8270384561,2.4085752575,0.0034137102698943963
48.8319323467,2.4085752575,0.0025220523169117224
48.8368262373,2.4085752575,0.0016574545234247092
48.8417201279,2.4085752575,0.0010649107563648233
48.8466140185,2.4085752575,0.0007857990875445746
48.8515079091,2.4085752575,0.0007341580751230924
48.8564017997,2.4085752575,0.0008004185942736237
48.8612956903,2.4085752575,0.0009042137488579006
48.8661895809,2.4085752575,0.0009991079574713964
48.8710834715,2.4085752575,0.0010611059581685672
48.8759773621,2.4085752575,0.001079773681037948
48.8808712527,2.4085752575,0.001054443011413654
48.8857651433,2.4085752575,0.000996354754348921
48.8906590339,2.4085752575,0.0009837399268395248
48.8955529245,2.4085752575,0.001204808734374181
48.9004468151,2.4085752575,0.0012851303227883768
48.9053407057,2.4085752575,0.0008587680518413658
48.9102345963,2.4085752575,0.0005706038078516156
48.9151284869,2.4085752575,0.00048059043145613095
48.9200223775,2.4085752575,0.0004287101717946341
48.9249162681,2.4085752575,0.00038516641330898946
48.9298101587,2.4085752575,0.0003455456383957912
48.9347040493,2.4085752575,0.00030742303345688963
48.9395979399,2.4085752575,0.000269635682507656
48.9444918305,2.4085752575,0.00023211288911429337
48.9493857211,2.4085752575,0.0001955139121910721
48.9542796117,2.4085752575,0.00016082820799390298
48.9591735023,2.4085752575,0.00012904298587357337
48.9640673929,2.4085752575,0.00010092326329455434
48.9689612835,2.4085752575,7.690649980808126e-05
48.9738551741,2.4085752575,5.708992419328327e-05
48.9787490647,2.4085752575,4.127979618048962e-05
48.7389484253,2.4134691481,4.620527496785162e-06
48.7438423159,2.4134691481,6.015035321693709e-06
48.7487362065,2.4134691481,7.74007766343397e-06
48.7536300971,2.4134691481,9.845261873489463e-06
48.7585239877,2.4134691481,1.2381700632933408e-05
48.7634178783,2.4134691481,1.5416077576371247e-05
48.7683117689,2.4134691481,1.9126268804392556e-05
48.7732056595,2.4134691481,2.4263180453777197e-05
48.7780995501,2.4134691481,3.3867430886538946e-05
48.7829934407,2.4134691481,5.808489914057671e-05
48.7878873313,2.4134691481,0.00012363094760534741
48.7927812219,2.4134691481,0.00028377314907829866
48.7976751125,2.4134691481,0.0006119823771797934
48.8025690031,2.4134691481,0.001156588900104078
48.8074628937,2.4134691481,0.0018631895660449684
48.8123567843,2.4134691481,0.0025325509390529103
48.8172506749,2.4134691481,0.0028964853242004797
48.8221445655,2.4134691481,0.002792626152800202
48.8270384561,2.4134691481,0.0022889957382230004
48.8319323467,2.4134691481,0.0016327896222564486
48.8368262373,2.4134691481,0.0010754511356279295
48.8417201279,2.4134691481,0.0007384907579257155
48.8466140185,2.4134691481,0.0006074569823714882
48.8515079091,2.4134691481,0.0006048781716633914
48.8564017997,2.4134691481,0.0006557603776822178
48.8612956903,2.4134691481,0.0007116350462697794
48.8661895809,2.4134691481,0.0007475801150962249
48.8710834715,2.4134691481,0.0007535543771903612
48.8759773621,2.4134691481,0.0007287332321757267
48.8808712527,2.4134691481,0.0006785747179528847
48.8857651433,2.4134691481,0.0006167382440976067
48.8906590339,2.4134691481,0.0006183843517964392
48.8955529245,2.4134691481,0.0008497870564013784
48.9004468151,2.4134691481,0.0009391382391594324
48.9053407057,2.4134691481,0.0005782453584807004
48.9102345963,2.4134691481,0.00035824830751528415
48.9151284869,2.4134691481,0.00031138620263432157
48.9200223775,2.4134691481,0.00029365045374641485
48.9249162681,2.4134691481,0.00027934856960119115
48.9298101587,2.4134691481,0.00026477502523863353
48.9347040493,2.4134691481,0.00024807278200032637
48.9395979399,2.4134691481,0.00022846952263666598
48.9444918305,2.4134691481,0.00020608700444700468
48.9493857211,2.4134691481,0.00018166793189276667
48.9542796117,2.4134691481,0.00015629134658487297
48.9591735023,2.4134691481,0.0001311240679727762
48.9640673929,2.4134691481,0.0001072315370425987
48.9689612835,2.4134691481,8.545519982169253e-05
48.9738551741,2.4134691481,6.635316492483638e-05
48.9787490647,2.4134691481,5.01941743426764e-05
48.7389484253,2.4183630387,2.546042808115932e-06
48.7438423159,2.4183630387,3.3864979307235063e-06
48.7487362065,2.4183630387,4.452478818944298e-06
48.7536300971,2.4183630387,5.787048446622639e-06
48.7585239877,2.4183630387,7.4395772157398646e-06
48.7634178783,2.4183630387,9.486633617324802e-06
48.7683117689,2.4183630387,1.2151676314334059e-05
48.7732056595,2.4183630387,1.632914662171763e-05
48.7780995501,2.4183630387,2.535312480966769e-05
48.7829934407,2.4183630387,4.942211248409442e-05
48.7878873313,2.4183630387,0.00011294901391996848
48.7927812219,2.4183630387,0.00025925222990179917
48.7976751125,2.4183630387,0.0005380486233017765
48.8025690031,2.4183630387,0.0009637630249972273
48.8074628937,2.4183630387,0.0014635126166545453
48.8123567843,2.4183630387,0.001872454565192686
48.8172506749,2.4183630387,0.0020172931030394397
48.8221445655,2.4183630387,0.001838255239935394
48.8270384561,2.4183630387,0.0014362074009820931
48.8319323467,2.4183630387,0.0009962180557562754
48.8368262373,2.4183630387,0.0006644989111680002
48.8417201279,2.4183630387,0.00048633128669114
48.8466140185,2.4183630387,0.00042880396040443426
48.8515079091,2.4183630387,0.0004351665977073584
48.8564017997,2.4183630387,0.0004603734740554147
48.8612956903,2.4183630387,0.000479092483799372
48.8661895809,2.4183630387,0.0004806734136474298
48.8710834715,2.4183630387,0.00046315156272407163
48.8759773621,2.4183630387,0.00042956820713234574
48.8808712527,2.4183630387,0.00038581646749890654
48.8857651433,2.4183630387,0.00034316390086948254
48.8906590339,2.4183630387,0.0003700035630437926
48.8955529245,2.4183630387,0.0006093631355903529
48.9004468151,2.4183630387,0.0007002177191169131
48.9053407057,2.4183630387,0.00039170369011315567
48.9102345963,2.4183630387,0.0002192536446018853
48.9151284869,2.4183630387,0.00019467432477261707
48.9200223775,2.4183630387,0.0001921425417396117
48.9249162681,2.4183630387,0.0001909550306806536
48.9298101587,2.4183630387,0.00018862343313926495
48.9347040493,2.4183630387,0.0001839027659253845
48.9395979399,2.4183630387,0.00017616481441237722
48.9444918305,2.4183630387,0.0001653198196172025
48.9493857211,2.4183630387,0.00015170839608658087
48.9542796117,2.4183630387,0.00013597673150358627
48.9591735023,2.4183630387,0.00011894755427423885
48.9640673929,2.4183630387,0.00010149753247224961
48.9689612835,2.4183630387,8.445132959143504e-05
48.9738551741,2.4183630387,6.85010447751228e-05
48.9787490647,2.4183630387,5.415642032669568e-05
48.7389484253,2.4232569293,1.2121890543633239e-06
48.7438423159,2.4232569293,1.647399562052675e-06
48.7487362065,2.4232569293,2.213152953738497e-06
48.7536300971,2.4232569293,2.9397895405784015e-06
48.7585239877,2.4232569293,3.866405090008404e-06
48.7634178783,2.4232569293,5.0680619818569744e-06
48.7683117689,2.4232569293,6.793574168962827e-06
48.7732056595,2.4232569293,1.0013836687482163e-05
48.7780995501,2.4232569293,1.8093913928611187e-05
48.7829934407,2.4232569293,4.0477090363986875e-05
48.7878873313,2.4232569293,9.76177504531225e-05
48.7927812219,2.4232569293,0.0002213492880097317
48.7976751125,2.4232569293,0.0004401346051173016
48.8025690031,2.4232569293,0.0007463133431183312
48.8074628937,2.4232569293,0.001068068912972992
48.8123567843,2.4232569293,0.0012862821478575482
48.8172506749,2.4232569293,0.0013055020094043049
48.8221445655,2.4232569293,0.0011246470973376827
48.8270384561,2.4232569293,0.0008381195927965665
48.8319323467,2.4232569293,0.0005659349513596098
48.8368262373,2.4232569293,0.0003812290895239238
48.8417201279,2.4232569293,0.0002913834581413208
48.8466140185,2.4232569293,0.0002655144080083052
48.8515079091,2.4232569293,0.00026823141474034045
48.8564017997,2.4232569293,0.0002758438650633262
48.8612956903,2.4232569293,0.0002770689143500474
48.8661895809,2.4232569293,0.00026857193243107365
48.8710834715,2.4232569293,0.00025120903676811705
48.8759773621,2.4232569293,0.00022785275202831122
48.8808712527,2.4232569293,0.0002021732799140127
48.8857651433,2.4232569293,0.0001820072221803987
48.8906590339,2.4232569293,0.00022888789297160702
48.8955529245,2.4232569293,0.00046427345298093994
48.9004468151,2.4232569293,0.0005458793806984964
48.9053407057,2.4232569293,0.00027735467261502086
48.9102345963,2.4232569293,0.00013697352782257127
48.9151284869,2.4232569293,0.0001213504688617789
48.9200223775,2.4232569293,0.00012267885150896163
48.9249162681,2.4232569293,0.00012479609621959893
48.9298101587,2.4232569293,0.00012626466630292772
48.9347040493,2.4232569293,0.00012635418592141
48.9395979399,2.4232569293,0.0001245671386317724
48.9444918305,2.4232569293,0.00012064064609093405
48.9493857211,2.4232569293,0.00011454307171668369
48.9542796117,2.4232569293,0.00010645626616965939
48.9591735023,2.4232569293,9.674041393465425e-05
48.9640673929,2.4232569293,8.588274188978675e-05
48.9689612835,2.4232569293,7.443576664590973e-05
48.9738551741,2.4232569293,6.295356804575217e-05
48.9787490647,2.4232569293,5.193505138683256e-05
48.7389484253,2.4281508199,4.98669798271404e-07
48.7438423159,2.4281508199,6.924727463207826e-07
48.7487362065,2.4281508199,9.506821689049203e-07
48.7536300971,2.4281508199,1.2913184921648684e-06
48.7585239877,2.4281508199,1.741846376289376e-06
48.7634178783,2.4281508199,2.3708809096553063e-06
48.7683117689,2.4281508199,3.4338767989667083e-06
48.7732056595,2.4281508199,5.900813608757332e-06
48.7780995501,2.4281508199,1.2901455401290799e-05
48.7829934407,2.4281508199,3.2478074395705155e-05
48.7878873313,2.4281508199,8.028079326162565e-05
48.7927812219,2.4281508199,0.00017718820756533013
48.7976751125,2.4281508199,0.0003356318052522701
48.8025690031,2.4281508199,0.0005375749700736118
48.8074628937,2.4281508199,0.0007243121170054807
48.8123567843,2.4281508199,0.0008204317957223192
48.8172506749,2.4281508199,0.0007836594939896843
48.8221445655,2.4281508199,0.0006371632672696034
48.8270384561,2.4281508199,0.000451576466707378
48.8319323467,2.4281508199,0.0002950901223252913
48.8368262373,2.4281508199,0.00019812507506709645
48.8417201279,2.4281508199,0.00015431843671308325
48.8466140185,2.4281508199,0.0001419255981670221
48.8515079091,2.4281508199,0.00014164630296203414
48.8564017997,2.4281508199,0.00014245401813104325
48.8612956903,2.4281508199,0.0001400118958809932
48.8661895809,2.4281508199,0.00013365250100141353
48.8710834715,2.4281508199,0.00012432922162099468
48.8759773621,2.4281508199,0.00011354541545766675
48.8808712527,2.4281508199,0.00010287790061990565
48.8857651433,2.4281508199,9.785453650748918e-05
48.8906590339,2.4281508199,0.0001542786470780374
48.8955529245,2.4281508199,0.0003742578756433903
48.9004468151,2.4281508199,0.000440121042881887
48.9053407057,2.4281508199,0.00020463679437564134
48.9102345963,2.4281508199,8.819326745245676e-05
48.9151284869,2.4281508199,7.608155181609642e-05
48.9200223775,2.4281508199,7.71289417120583e-05
48.9249162681,2.4281508199,7.879653577552462e-05
48.9298101587,2.4281508199,8.03317383642408e-05
48.9347040493,2.4281508199,8.138382414323012e-05
48.9395979399,2.4281508199,8.163912087222378e-05
48.9444918305,2.4281508199,8.08406694727976e-05
48.9493857211,2.4281508199,7.881407101312891e-05
48.9542796117,2.4281508199,7.548885333759619e-05
48.9591735023,2.4281508199,7.090908083883256e-05
48.9640673929,2.4281508199,6.522962309778906e-05
48.9689612835,2.4281508199,5.8697850512190594e-05
48.9738551741,2.4281508199,5.162366773810539e-05
48.9787490647,2.4281508199,4.4343037682745113e-05
48.7389484253,2.4330447105,1.772645726467054e-07
48.7438423159,2.4330447105,2.515549945272262e-07
48.7487362065,2.4330447105,3.530892599480949e-07
48.7536300971,2.4330447105,4.913417136890434e-07
48.7585239877,2.4330447105,6.850838060790765e-07
48.7634178783,2.4330447105,9.959752147185276e-07
48.7683117689,2.4330447105,1.6701791386268872e-06
48.7732056595,2.4330447105,3.6046026127036954e-06
48.7780995501,2.4330447105,9.483793170581978e-06
48.7829934407,2.4330447105,2.5596709313305825e-05
48.7878873313,2.4330447105,6.282013865140503e-05
48.7927812219,2.4330447105,0.0001331110541060124
48.7976751125,2.4330447105,0.00023886719183250003
48.8025690031,2.4330447105,0.00036050128652535314
48.8074628937,2.4330447105,0.00045664288704423624
48.8123567843,2.4330447105,0.0004858348095519467
48.8172506749,2.4330447105,0.00043590577932323447
48.8221445655,2.4330447105,0.00033340035241400957
48.8270384561,2.4330447105,0.00022333061796565108
48.8319323467,2.4330447105,0.00013962725856847807
48.8368262373,2.4330447105,9.17274509350696e-05
48.8417201279,2.4330447105,7.12970850241209e-05
48.8466140185,2.4330447105,6.545258935566225e-05
48.8515079091,2.4330447105,6.476391102958434e-05
48.8564017997,2.4330447105,6.457241261064597e-05
48.8612956903,2.4330447105,6.335678566469946e-05
48.8661895809,2.4330447105,6.105109240585228e-05
48.8710834715,2.4330447105,5.80919305772214e-05
48.8759773621,2.4330447105,5.4991052818818806e-05
48.8808712527,2.4330447105,5.2246035104694265e-05
48.8857651433,2.4330447105,5.43128437780634e-05
48.8906590339,2.4330447105,0.0001119997520962191
48.8955529245,2.4330447105,0.00030988724512152687
48.9004468151,2.4330447105,0.00035858856258829574
48.9053407057,2.4330447105,0.00015315332741237217
48.9102345963,2.4330447105,5.684364645799962e-05
48.9151284869,2.4330447105,4.6951136110685885e-05
48.9200223775,2.4330447105,4.72510339760634e-05
48.9249162681,2.4330447105,4.798816049491389e-05
48.9298101587,2.4330447105,4.877701811227067e-05
48.9347040493,2.4330447105,4.949706647916181e-05
48.9395979399,2.4330447105,5.0006423062685994e-05
48.9444918305,2.4330447105,5.015137719628633e-05
48.9493857211,2.4330447105,4.9784424152283144e-05
48.9542796117,2.4330447105,4.878471433431043e-05
48.9591735023,2.4330447105,4.7076814440492763e-05
48.9640673929,2.4330447105,4.464404154111614e-05
48.9689612835,2.4330447105,4.153371661493971e-05
48.9738551741,2.4330447105,3.7853284433576245e-05
48.9787490647,2.4330447105,3.3758022116340265e-05
48.7389484253,2.4379386011,5.446236279854857e-08
48.7438423159,2.4379386011,7.901927815477608e-08
48.7487362065,2.4379386011,1.1357810742421382e-07
48.7536300971,2.4379386011,1.6296727610941405e-07
48.7585239877,2.4379386011,2.408616943229886e-07
48.7634178783,2.4379386011,4.0247847899295695e-07
48.7683117689,2.4379386011,8.712601438459822e-07
48.7732056595,2.4379386011,2.4163770933033565e-06
48.7780995501,2.4379386011,7.161516325515062e-06
48.7829934407,2.4379386011,1.961241805605153e-05
48.7878873313,2.4379386011,4.658211844284415e-05
48.7927812219,2.4379386011,9.378015477172953e-05
48.7976751125,2.4379386011,0.0001587313422470157
48.8025690031,2.4379386011,0.0002252445901236085
48.8074628937,2.4379386011,0.0002678483468030865
48.8123567843,2.4379386011,0.0002672752056995744
48.8172506749,2.4379386011,0.00022476210871985786
48.8221445655,2.4379386011,0.00016106041433048104
48.8270384561,2.4379386011,0.00010116898653084984
48.8319323467,2.4379386011,5.9653176268913365e-05
48.8368262373,2.4379386011,3.758595131140453e-05
48.8417201279,2.4379386011,2.8702398168097408e-05
48.8466140185,2.4379386011,2.6264984760124056e-05
48.8515079091,2.4379386011,2.605657566983086e-05
48.8564017997,2.4379386011,2.6236024934134253e-05
48.8612956903,2.4379386011,2.6273257871257815e-05
48.8661895809,2.4379386011,2.615063182538418e-05
48.8710834715,2.4379386011,2.5981228363598323e-05
48.8759773621,2.4379386011,2.5868346155077723e-05
48.8808712527,2.4379386011,2.5952928554676215e-05
48.8857651433,2.4379386011,3.0241227462364845e-05
48.8906590339,2.4379386011,8.471078569962573e-05
48.8955529245,2.4379386011,0.0002580194264647771
48.9004468151,2.4379386011,0.0002910654446645157
48.9053407057,2.4379386011,0.00011396710208077073
48.9102345963,2.4379386011,3.532922640780461e-05
48.9151284869,2.4379386011,2.7476336200949607e-05
48.9200223775,2.4379386011,2.7474033188712075e-05
48.9249162681,2.4379386011,2.773097791432762e-05
48.9298101587,2.4379386011,2.802889728013465e-05
48.9347040493,2.4379386011,2.8350451989991683e-05
48.9395979399,2.4379386011,2.8657945069887525e-05
48.9444918305,2.4379386011,2.8892873426846982e-05
48.9493857211,2.4379386011,2.8981527827902214e-05
48.9542796117,2.4379386011,2.8844163734731093e-05
48.9591735023,2.4379386011,2.8406347715369842e-05
48.9640673929,2.4379386011,2.761058911899659e-05
48.9689612835,2.4379386011,2.642620165475792e-05
48.9738551741,2.4379386011,2.485558830069135e-05
48.9787490647,2.4379386011,2.2935780330871598e-05
48.7389484253,2.4428324917,1.4473554916166424e-08
48.7438423159,2.4428324917,2.1505081845709464e-08
48.7487362065,2.4428324917,3.1838879353261817e-08
48.7536300971,2.4428324917,4.8220741743926134e-08
48.7585239877,2.4428324917,8.159142027983186e-08
48.7634178783,2.4428324917,1.804759165156646e-07
48.7683117689,2.4428324917,5.353040985114424e-07
48.7732056595,2.4428324917,1.7577505318609613e-06
48.7780995501,2.4428324917,5.395935539456814e-06
48.7829934407,2.4428324917,1.4397692786864845e-05
48.7878873313,2.4428324917,3.255988406490721e-05
48.7927812219,2.4428324917,6.18705659079274e-05
48.7976751125,2.4428324917,9.848538485403577e-05
48.8025690031,2.4428324917,0.0001312015877706748
48.8074628937,2.4428324917,0.00014630939410013936
48.8123567843,2.4428324917,0.0001367722031706321
48.8172506749,2.4428324917,0.00010760351076828183
48.8221445655,2.4428324917,7.198143504171866e-05
48.8270384561,2.4428324917,4.208000126258822e-05
48.8319323467,2.4428324917,2.3063203750726092e-05
48.8368262373,2.4428324917,1.3665416252528443e-05
48.8417201279,2.4428324917,1.0135300501088967e-05
48.8466140185,2.4428324917,9.288721631866228e-06
48.8515079091,2.4428324917,9.377048789897193e-06
48.8564017997,2.4428324917,9.708393340414216e-06
48.8612956903,2.4428324917,1.0092286806520302e-05
48.8661895809,2.4428324917,1.0506178404311122e-05
48.8710834715,2.4428324917,1.0959635079276903e-05
48.8759773621,2.4428324917,1.1454252996042335e-05
48.8808712527,2.4428324917,1.2062494378637694e-05
48.8857651433,2.4428324917,1.651306954973009e-05
48.8906590339,2.4428324917,6.59042917871231e-05
48.8955529245,2.4428324917,0.0002146456968089155
48.9004468151,2.4428324917,0.00023463833894436602
48.9053407057,2.4428324917,8.407357379937944e-05
48.9102345963,2.4428324917,2.0773394232976914e-05
48.9151284869,2.4428324917,1.4735022625893628e-05
48.9200223775,2.4428324917,1.4713752265652185e-05
48.9249162681,2.4428324917,1.483921314641397e-05
48.9298101587,2.4428324917,1.4964283835354589e-05
48.9347040493,2.4428324917,1.5099226097291602e-05
48.9395979399,2.4428324917,1.524606612731644e-05
48.9444918305,2.4428324917,1.539513993645609e-05
48.9493857211,2.4428324917,1.5524645594717682e-05
48.9542796117,2.4428324917,1.560225214645112e-05
48.9591735023,2.4428324917,1.558874335108428e-05
48.9640673929,2.4428324917,1.544328374381294e-05
48.9689612835,2.4428324917,1.51295306557366e-05
48.9738551741,2.4428324917,1.4621577505044609e-05
48.9787490647,2.4428324917,1.3908674058628988e-05
48.7389484253,2.4477263823,3.335750327253806e-09
48.7438423159,2.4477263823,5.106073131996033e-09
48.7487362065,2.4477263823,7.968946163094623e-09
48.7536300971,2.4477263823,1.3831204481908803e-08
48.7585239877,2.4477263823,3.188955034046397e-08
48.7634178783,2.4477263823,1.0306157481661002e-07
48.7683117689,2.4477263823,3.7898554538829035e-07
48.7732056595,2.4477263823,1.310115247773886e-06
48.7780995501,2.4477263823,3.93450111022567e-06
48.7829934407,2.4477263823,1.0004002693928577e-05
48.7878873313,2.4477263823,2.1355856756709948e-05
48.7927812219,2.4477263823,3.816434011264757e-05
48.7976751125,2.4477263823,5.7036717080152473e-05
48.8025690031,2.4477263823,7.127113931037301e-05
48.8074628937,2.4477263823,7.448871858479766e-05
48.8123567843,2.4477263823,6.519490321722566e-05
48.8172506749,2.4477263823,4.793781136387862e-05
48.8221445655,2.4477263823,2.987070870954098e-05
48.8270384561,2.4477263823,1.6164237224618302e-05
48.8319323467,2.4477263823,8.13509706854238e-06
48.8368262373,2.4477263823,4.449018761752084e-06
48.8417201279,2.4477263823,3.1720766286711245e-06
48.8466140185,2.4477263823,2.930374130685487e-06
48.8515079091,2.4477263823,3.0499928102004635e-06
48.8564017997,2.4477263823,3.2851450666216094e-06
48.8612956903,2.4477263823,3.568814952566232e-06
48.8661895809,2.4477263823,3.88703295153079e-06
48.8710834715,2.4477263823,4.234402984884792e-06
48.8759773621,2.4477263823,4.603507241904216e-06
48.8808712527,2.4477263823,5.066002897159772e-06
48.8857651433,2.4477263823,9.076839138982602e-06
48.8906590339,2.4477263823,5.284728315402658e-05
48.8955529245,2.4477263823,0.000178345773191722
48.9004468151,2.4477263823,0.00018811073567468817
48.9053407057,2.4477263823,6.19272695414683e-05
48.9102345963,2.4477263823,1.1652509047881055e-05
48.9151284869,2.4477263823,7.077115797475181e-06
48.9200223775,2.4477263823,7.083083670348889e-06
48.9249162681,2.4477263823,7.18368075990982e-06
48.9298101587,2.4477263823,7.2684351677513664e-06
48.9347040493,2.4477263823,7.346437926592988e-06
48.9395979399,2.4477263823,7.425724211070663e-06
48.9444918305,2.4477263823,7.510591538617227e-06
48.9493857211,2.4477263823,7.600138602379674e-06
48.9542796117,2.4477263823,7.687452474741615e-06
48.9591735023,2.4477263823,7.75969966948217e-06
48.9640673929,2.4477263823,7.799247658180948e-06
48.9689612835,2.4477263823,7.785759279512228e-06
48.9738551741,2.4477263823,7.699001291514681e-06
48.9787490647,2.4477263823,7.521937297842899e-06
48.7389484253,2.4526202729,6.72798592933117e-10
48.7438423159,2.4526202729,1.0873413486159578e-09
48.7487362065,2.4526202729,1.958638305787023e-09
48.7536300971,2.4526202729,4.808559041671049e-09
48.7585239877,2.4526202729,1.7291741433581512e-08
48.7634178783,2.4526202729,7.196113337689872e-08
48.7683117689,2.4526202729,2.8115266296456535e-07
48.7732056595,2.4526202729,9.514402626651815e-07
48.7780995501,2.4526202729,2.7211475402640127e-06
48.7829934407,2.4526202729,6.527829585849098e-06
48.7878873313,2.4526202729,1.3101946163553253e-05
48.7927812219,2.4526202729,2.1981711516250156e-05
48.7976751125,2.4526202729,3.081879978733971e-05
48.8025690031,2.4526202729,3.610783360173049e-05
48.8074628937,2.4526202729,3.5363323249481524e-05
48.8123567843,2.4526202729,2.8977050935118567e-05
48.8172506749,2.4526202729,1.9912544972601865e-05
48.8221445655,2.4526202729,1.1552102272657298e-05
48.8270384561,2.4526202729,5.773566026600647e-06
48.8319323467,2.4526202729,2.6470588574472577e-06
48.8368262373,2.4526202729,1.3134925692074208e-06
48.8417201279,2.4526202729,8.889438892477135e-07
48.8466140185,2.4526202729,8.30368466561419e-07
48.8515079091,2.4526202729,8.972421847378647e-07
48.8564017997,2.4526202729,1.0083798730720966e-06
48.8612956903,2.4526202729,1.1422852481532908e-06
48.8661895809,2.4526202729,1.293657493853142e-06
48.8710834715,2.4526202729,1.4596834021651294e-06
48.8759773621,2.4526202729,1.6374889045962675e-06
48.8808712527,2.4526202729,1.9017106194632802e-06
48.8857651433,2.4526202729,5.407144574273254e-06
48.8906590339,2.4526202729,4.358837531435383e-05
48.8955529245,2.4526202729,0.00014784220291502517
48.9004468151,2.4526202729,0.00015006291576499431
48.9053407057,2.4526202729,4.585723562158971e-05
48.9102345963,2.4526202729,6.456309000381751e-06
48.9151284869,2.4526202729,3.00999000352961e-06
48.9200223775,2.4526202729,3.015061527153437e-06
48.9249162681,2.4526202729,3.0913736878747615e-06
48.9298101587,2.4526202729,3.1552209470403062e-06
48.9347040493,2.4526202729,3.210258588653638e-06
48.9395979399,2.4526202729,3.2611283934214154e-06
48.9444918305,2.4526202729,3.3120743081755806e-06
48.9493857211,2.4526202729,3.366093860630864e-06
48.9542796117,2.4526202729,3.42413789347568e-06
48.9591735023,2.4526202729,3.4845095151112745e-06
48.9640673929,2.4526202729,3.542609562192967e-06
48.9689612835,2.4526202729,3.5911368823157336e-06
48.9738551741,2.4526202729,3.6207804304650025e-06
48.9787490647,2.4526202729,3.6213477001208066e-06
48.7389484253,2.4575141635,1.229288950730291e-10
48.7438423159,2.4575141635,2.3263530135266766e-10
48.7487362065,2.4575141635,6.222137992262704e-10
48.7536300971,2.4575141635,2.54163323720365e-09
48.7585239877,2.4575141635,1.2068822990870735e-08
48.7634178783,2.4575141635,5.339957332359625e-08
48.7683117689,2.4575141635,2.0369798527199808e-07
48.7732056595,2.4575141635,6.55319940371331e-07
48.7780995501,2.4575141635,1.766662296890813e-06
48.7829934407,2.4575141635,3.982877385219973e-06
48.7878873313,2.4575141635,7.50361824767013e-06
48.7927812219,2.4575141635,1.1810281706117132e-05
48.7976751125,2.4575141635,1.5528628546318208e-05
48.8025690031,2.4575141635,1.7057280462962038e-05
48.8074628937,2.4575141635,1.565600854023278e-05
48.8123567843,2.4575141635,1.201416469339108e-05
48.8172506749,2.4575141635,7.720163977505034e-06
48.8221445655,2.4575141635,4.173648075497961e-06
48.8270384561,2.4575141635,1.927838786164885e-06
48.8319323467,2.4575141635,8.028678650405051e-07
48.8368262373,2.4575141635,3.5621943780659254e-07
48.8417201279,2.4575141635,2.2464673756967956e-07
48.8466140185,2.4575141635,2.1128105778625195e-07
48.8515079091,2.4575141635,2.3690560985346646e-07
48.8564017997,2.4575141635,2.7687073355249294e-07
48.8612956903,2.4575141635,3.251018714545049e-07
48.8661895809,2.4575141635,3.8021345645815496e-07
48.8710834715,2.4575141635,4.415286236032797e-07
48.8759773621,2.4575141635,5.087523841705611e-07
48.8808712527,2.4575141635,6.546858178502602e-07
48.8857651433,2.4575141635,3.7155178921199445e-06
48.8906590339,2.4575141635,3.657541427428244e-05
48.8955529245,2.4575141635,0.00012189752300915102
48.9004468151,2.4575141635,0.00011892905886672878
48.9053407057,2.4575141635,3.415970045016419e-05
48.9102345963,2.4575141635,3.7084150966733447e-06
48.9151284869,2.4575141635,1.1340006610941003e-06
48.9200223775,2.4575141635,1.1236807390692592e-06
48.9249162681,2.4575141635,1.1690176992673557e-06
48.9298101587,2.4575141635,1.2086324988533362e-06
48.9347040493,2.4575141635,1.243225457350467e-06
48.9395979399,2.4575141635,1.2744179200256279e-06
48.9444918305,2.4575141635,1.3041310258340148e-06
48.9493857211,2.4575141635,1.334295550854699e-06
48.9542796117,2.4575141635,1.3664968575420192e-06
48.9591735023,2.4575141635,1.4015998760070694e-06
48.9640673929,2.4575141635,1.4394163282022375e-06
48.9689612835,2.4575141635,1.4784836284002879e-06
48.9738551741,2.4575141635,1.5160183702049588e-06
48.9787490647,2.4575141635,1.548085116022679e-06
48.7389484253,2.4624080541,2.3414161172797094e-11
48.7438423159,2.4624080541,6.982256295346523e-11
48.7487362065,2.4624080541,3.2941261713128774e-10
48.7536300971,2.4624080541,1.7923918744192024e-09
48.7585239877,2.4624080541,8.983424797055153e-09
48.7634178783,2.4624080541,3.861579622288781e-08
48.7683117689,2.4624080541,1.397076303249282e-07
48.7732056595,2.4624080541,4.232011419121419e-07
48.7780995501,2.4624080541,1.07165033282896e-06
48.7829934407,2.4624080541,2.2672711605200743e-06
48.7878873313,2.4624080541,4.006921933086402e-06
48.7927812219,2.4624080541,5.9148464679367225e-06
48.7976751125,2.4624080541,7.292821336468687e-06
48.8025690031,2.4624080541,7.510748758532969e-06
48.8074628937,2.4624080541,6.4618807152956775e-06
48.8123567843,2.4624080541,4.6458569298425324e-06
48.8172506749,2.4624080541,2.79394000658942e-06
48.8221445655,2.4624080541,1.409731775073096e-06
48.8270384561,2.4624080541,6.033579856189669e-07
48.8319323467,2.4624080541,2.2860789596043122e-07
48.8368262373,2.4624080541,8.972602535805062e-08
48.8417201279,2.4624080541,5.1373372992035133e-08
48.8466140185,2.4624080541,4.799327918974886e-08
48.8515079091,2.4624080541,5.552510707276796e-08
48.8564017997,2.4624080541,6.7098145102051e-08
48.8612956903,2.4624080541,8.119804576495215e-08
48.8661895809,2.4624080541,9.757667783289394e-08
48.8710834715,2.4624080541,1.1617528282571929e-07
48.8759773621,2.4624080541,1.3740907285596298e-07
48.8808712527,2.4624080541,2.2930843404116375e-07
48.8857651433,2.4624080541,2.90360650082494e-06
48.8906590339,2.4624080541,3.08126218344108e-05
48.8955529245,2.4624080541,9.961379034802482e-05
48.9004468151,2.4624080541,9.339409710133365e-05
48.9053407057,2.4624080541,2.547720780445481e-05
48.9102345963,2.4624080541,2.2819147153409937e-06
48.9151284869,2.4624080541,3.852872356796709e-07
48.9200223775,2.4624080541,3.646178958845019e-07
48.9249162681,2.4624080541,3.857524441347853e-07
48.9298101587,2.4624080541,4.051789204955476e-07
48.9347040493,2.4624080541,4.227385709359895e-07
48.9395979399,2.4624080541,4.3879301342918953e-07
48.9444918305,2.4624080541,4.539204039786072e-07
48.9493857211,2.4624080541,4.6885800321153725e-07
48.9542796117,2.4624080541,4.844049202255837e-07
48.9591735023,2.4624080541,5.012893600135969e-07
48.9640673929,2.4624080541,5.200137939945632e-07
48.9689612835,2.4624080541,5.406999406761198e-07
48.9738551741,2.4624080541,5.629616170015846e-07
48.9787490647,2.4624080541,5.858350867114504e-07
48.7389484253,2.4673019447,6.893124993980755e-12
48.7438423159,2.4673019447,3.787342823994689e-11
48.7487362065,2.4673019447,2.3609710335882514e-10
48.7536300971,2.4673019447,1.3389268660161155e-09
48.7585239877,2.4673019447,6.481290898916099e-09
48.7634178783,2.4673019447,2.6360423124567013e-08
48.7683117689,2.4673019447,8.970738978037461e-08
48.7732056595,2.4673019447,2.5513029124829043e-07
48.7780995501,2.4673019447,6.061522890382659e-07
48.7829934407,2.4673019447,1.2028889093162532e-06
48.7878873313,2.4673019447,1.993745296604203e-06
48.7927812219,2.4673019447,2.7599797740402484e-06
48.7976751125,2.4673019447,3.191055296330912e-06
48.8025690031,2.4673019447,3.0815133116334055e-06
48.8074628937,2.4673019447,2.485547334468098e-06
48.8123567843,2.4673019447,1.6748816869617209e-06
48.8172506749,2.4673019447,9.433705554191381e-07
48.8221445655,2.4673019447,4.4495501091108826e-07
48.8270384561,2.4673019447,1.7701747864682397e-07
48.8319323467,2.4673019447,6.129790817975164e-08
48.8368262373,2.4673019447,2.117145495213693e-08
48.8417201279,2.4673019447,1.0655976909015692e-08
48.8466140185,2.4673019447,9.660791326354129e-09
48.8515079091,2.4673019447,1.143615354381554e-08
48.8564017997,2.4673019447,1.421485615410659e-08
48.8612956903,2.4673019447,1.765664076755688e-08
48.8661895809,2.4673019447,2.173811441581932e-08
48.8710834715,2.4673019447,2.648429755892393e-08
48.8759773621,2.4673019447,3.239787718215586e-08
48.8808712527,2.4673019447,1.0154543478158701e-07
48.8857651433,2.4673019447,2.4260733389776577e-06
48.8906590339,2.4673019447,2.5810088050502286e-05
48.8955529245,2.4673019447,8.046619022213913e-05
48.9004468151,2.4673019447,7.250335637805796e-05
48.9053407057,2.4673019447,1.8908537371951654e-05
48.9102345963,2.4673019447,1.4983900250744055e-06
48.9151284869,2.4673019447,1.2470259596743772e-07
48.9200223775,2.4673019447,1.0272330151695104e-07
48.9249162681,2.4673019447,1.1061805848105847e-07
48.9298101587,2.4673019447,1.1827072761842489e-07
48.9347040493,2.4673019447,1.2545307506608055e-07
48.9395979399,2.4673019447,1.3220014805627442e-07
48.9444918305,2.4673019447,1.386304083870693e-07
48.9493857211,2.4673019447,1.449451993780095e-07
48.9542796117,2.4673019447,1.5141533380554466e-07
48.9591735023,2.4673019447,1.583521572540899e-07
48.9640673929,2.4673019447,1.6606295971497173e-07
48.9689612835,2.4673019447,1.747936919688263e-07
48.9738551741,2.4673019447,1.846655070491684e-07
48.9787490647,2.4673019447,1.9561494385502806e-07
