LATITUDE,LONGITUDE,probability
48.7389484253,2.2275013053,1.026314118078729e-11
48.7438423159,2.2275013053,2.16610274746392e-09
48.7487362065,2.2275013053,1.556461652085203e-07
48.7536300971,2.2275013053,3.807662253053946e-06
48.7585239877,2.2275013053,3.1713124612549655e-05
48.7634178783,2.2275013053,8.992496370616022e-05
48.7683117689,2.2275013053,8.681247342518687e-05
48.7732056595,2.2275013053,2.8532814362418802e-05
48.7780995501,2.2275013053,3.1927705825581854e-06
48.7829934407,2.2275013053,1.2163300534400322e-07
48.7878873313,2.2275013053,1.5775959532102834e-09
48.7927812219,2.2275013053,6.9662771930924894e-12
48.7976751125,2.2275013053,1.0472885149961836e-14
48.8025690031,2.2275013053,5.3603426522732096e-18
48.8074628937,2.2275013053,9.340699171653501e-22
48.8123567843,2.2275013053,5.541493653778377e-26
48.8172506749,2.2275013053,1.119270137640717e-30
48.8221445655,2.2275013053,7.696683273657039e-36
48.8270384561,2.2275013053,1.8019093360323677e-41
48.8319323467,2.2275013053,1.4362263072792505e-47
48.8368262373,2.2275013053,3.897572951467867e-54
48.8417201279,2.2275013053,6.611459017309306e-51
48.8466140185,2.2275013053,6.144951991932283e-44
48.8515079091,2.2275013053,1.4995731580970603e-37
48.8564017997,2.2275013053,9.608261217231773e-32
48.8612956903,2.2275013053,1.6164040311020852e-26
48.8661895809,2.2275013053,7.139750373092495e-22
48.8710834715,2.2275013053,8.280262605523968e-18
48.8759773621,2.2275013053,2.521350212816295e-14
48.8808712527,2.2275013053,2.0158128763885172e-11
48.8857651433,2.2275013053,4.231508687643751e-09
48.8906590339,2.2275013053,2.332213142775459e-07
48.8955529245,2.2275013053,3.3749645829994255e-06
48.9004468151,2.2275013053,1.28232521081548e-05
48.9053407057,2.2275013053,1.2792491038145831e-05
48.9102345963,2.2275013053,3.350734689357198e-06
48.9151284869,2.2275013053,2.3043738699731886e-07
48.9200223775,2.2275013053,4.160962692078903e-09
48.9249162681,2.2275013053,1.9727074351298385e-11
48.9298101587,2.2275013053,2.4556107206406035e-14
48.9347040493,2.2275013053,8.025726203663727e-18
48.9395979399,2.2275013053,6.887111886866345e-22
48.9444918305,2.2275013053,1.551736290030125e-26
48.9493857211,2.2275013053,9.1796616748549e-32
48.9542796117,2.2275013053,1.4258158844689957e-37
48.9591735023,2.2275013053,1.6863725488821013e-42
48.9640673929,2.2275013053,1.892040841300378e-40
48.9689612835,2.2275013053,1.83687093155537e-38
48.9738551741,2.2275013053,1.4899062436046312e-36
48.9787490647,2.2275013053,1.0096512855205298e-34
48.7389484253,2.2323951959,1.3357424654549956e-12
48.7438423159,2.2323951959,4.2129548818576224e-10
48.7487362065,2.2323951959,4.5238844639962696e-08
48.7536300971,2.2323951959,1.6538526879493862e-06
48.7585239877,2.2323951959,2.058461571472179e-05
48.7634178783,2.2323951959,8.722667659668734e-05
48.7683117689,2.2323951959,0.00012583936255857714
48.7732056595,2.2323951959,6.18079465627346e-05
48.7780995501,2.2323951959,1.0335529781482323e-05
48.7829934407,2.2323951959,5.884123669010418e-07
48.7878873313,2.2323951959,1.1404899505518103e-08
48.7927812219,2.2323951959,7.525957397325935e-11
48.7976751125,2.2323951959,1.6908016775016042e-13
48.8025690031,2.2323951959,1.2932551195182104e-16
48.8074628937,2.2323951959,3.367723010567529e-20
48.8123567843,2.2323951959,2.9857204595428674e-24
48.8172506749,2.2323951959,9.012028276081893e-29
48.8221445655,2.2323951959,9.260971955247627e-34
48.8270384561,2.2323951959,3.240046284092437e-39
48.8319323467,2.2323951959,3.8592817081747295e-45
48.8368262373,2.2323951959,1.56502929928165e-51
48.8417201279,2.2323951959,1.2817125935680443e-50
48.8466140185,2.2323951959,1.1644318579469503e-43
48.8515079091,2.2323951959,2.7775730730301e-37
48.8564017997,2.2323951959,1.739581928501951e-31
48.8612956903,2.2323951959,2.860567902198166e-26
48.8661895809,2.2323951959,1.235058743995366e-21
48.8710834715,2.2323951959,1.4000738626048568e-17
48.8759773621,2.2323951959,4.1671800089214304e-14
48.8808712527,2.2323951959,3.256578517761237e-11
48.8857651433,2.2323951959,6.6820362310025216e-09
48.8906590339,2.2323951959,3.5998472933915276e-07
48.8955529245,2.2323951959,5.091987280181654e-06
48.9004468151,2.2323951959,1.8911175355697206e-05
48.9053407057,2.2323951959,1.8440713177558997e-05
48.9102345963,2.2323951959,4.721335731816854e-06
48.9151284869,2.2323951959,3.173803499914211e-07
48.9200223775,2.2323951959,5.601742807073291e-09
48.9249162681,2.2323951959,2.5959377582157597e-11
48.9298101587,2.2323951959,3.158590793865261e-14
48.9347040493,2.2323951959,1.0090680022587693e-17
48.9395979399,2.2323951959,8.463996676565599e-22
48.9444918305,2.2323951959,1.864054102467526e-26
48.9493857211,2.2323951959,1.0778777868234481e-31
48.9542796117,2.2323951959,1.6366353981195044e-37
48.9591735023,2.2323951959,1.8391365873075507e-39
48.9640673929,2.2323951959,1.726620069786595e-37
48.9689612835,2.2323951959,1.354338279854051e-35
48.9738551741,2.2323951959,8.875435796823616e-34
48.9787490647,2.2323951959,4.8594194041212345e-32
48.7389484253,2.2372890865,1.485621987240866e-13
48.7438423159,2.2372890865,7.00225170961734e-11
48.7487362065,2.2372890865,1.1236414201524067e-08
48.7536300971,2.2372890865,6.138727897239142e-07
48.7585239877,2.2372890865,1.1417989746968572e-05
48.7634178783,2.2372890865,7.230386876121603e-05
48.7683117689,2.2372890865,0.00015588130914302503
48.7732056595,2.2372890865,0.00011441610916026572
48.7780995501,2.2372890865,2.8591762480186192e-05
48.7829934407,2.2372890865,2.432513736756461e-06
48.7878873313,2.2372890865,7.045799774102504e-08
48.7927812219,2.2372890865,6.948097673991887e-10
48.7976751125,2.2372890865,2.3327175373553266e-12
48.8025690031,2.2372890865,2.666361412409978e-15
48.8074628937,2.2372890865,1.037615614405469e-18
48.8123567843,2.2372890865,1.3747211150566206e-22
48.8172506749,2.2372890865,6.2008800406872376e-27
48.8221445655,2.2372890865,9.522537202860581e-32
48.8270384561,2.2372890865,4.978662056677839e-37
48.8319323467,2.2372890865,8.862030490202576e-43
48.8368262373,2.2372890865,5.3704967001898215e-49
48.8417201279,2.2372890865,2.451801299085468e-50
48.8466140185,2.2372890865,2.177253479947798e-43
48.8515079091,2.2372890865,5.076479752352087e-37
48.8564017997,2.2372890865,3.1077373191109526e-31
48.8612956903,2.2372890865,4.995212031487903e-26
48.8661895809,2.2372890865,2.1081015692877414e-21
48.8710834715,2.2372890865,2.3359154298143596e-17
48.8759773621,2.2372890865,6.79595788661141e-14
48.8808712527,2.2372890865,5.191253324427944e-11
48.8857651433,2.2372890865,1.041170237982864e-08
48.8906590339,2.2372890865,5.482760154986575e-07
48.8955529245,2.2372890865,7.580620060134764e-06
48.9004468151,2.2372890865,2.7519351317126485e-05
48.9053407057,2.2372890865,2.623008116318161e-05
48.9102345963,2.2372890865,6.564309600378596e-06
48.9151284869,2.2372890865,4.313268138507821e-07
48.9200223775,2.2372890865,7.441351825207224e-09
48.9249162681,2.2372890865,3.370739567963723e-11
48.9298101587,2.2372890865,4.008912151872508e-14
48.9347040493,2.2372890865,1.2518602792546263e-17
48.9395979399,2.2372890865,1.0263917667430485e-21
48.9444918305,2.2372890865,2.209522555232642e-26
48.9493857211,2.2372890865,1.2488540861961784e-31
48.9542796117,2.2372890865,2.023899614088957e-37
48.9591735023,2.2372890865,1.5486311337422014e-36
48.9640673929,2.2372890865,1.1747038858918587e-34
48.9689612835,2.2372890865,7.444593843072077e-33
48.9738551741,2.2372890865,3.9417200465211118e-31
48.9787490647,2.2372890865,1.7436636228589754e-29
48.7389484253,2.2421829771,1.4120076797433523e-14
48.7438423159,2.2421829771,9.945618210650898e-12
48.7487362065,2.2421829771,2.384993118438315e-09
48.7536300971,2.2421829771,1.9471665428012594e-07
48.7585239877,2.2421829771,5.412272927261815e-06
48.7634178783,2.2421829771,5.121732601233694e-05
48.7683117689,2.2421829771,0.00016501169846471232
48.7732056595,2.2421829771,0.0001809977557705568
48.7780995501,2.2421829771,6.75915284464334e-05
48.7829934407,2.2421829771,8.593537298573665e-06
48.7878873313,2.2421829771,3.7197374491092484e-07
48.7927812219,2.2421829771,5.481674322543676e-09
48.7976751125,2.2421829771,2.750266595744377e-11
48.8025690031,2.2421829771,4.697826572744491e-14
48.8074628937,2.2421829771,2.7319942942792918e-17
48.8123567843,2.2421829771,5.4090776705306715e-21
48.8172506749,2.2421829771,3.646089030454798e-25
48.8221445655,2.2421829771,8.367427195715357e-30
48.8270384561,2.2421829771,6.537583325421716e-35
48.8319323467,2.2421829771,1.7390143030066688e-40
48.8368262373,2.2421829771,1.5748880676421984e-46
48.8417201279,2.2421829771,4.632663429462997e-50
48.8466140185,2.2421829771,4.017013004500463e-43
48.8515079091,2.2421829771,9.155016961275562e-37
48.8564017997,2.2421829771,5.478265151048395e-31
48.8612956903,2.2421829771,8.607061844098194e-26
48.8661895809,2.2421829771,3.550543012457002e-21
48.8710834715,2.2421829771,3.84558674888228e-17
48.8759773621,2.2421829771,1.0935998116762572e-13
48.8808712527,2.2421829771,8.165489423779255e-11
48.8857651433,2.2421829771,1.6007886420002836e-08
48.8906590339,2.2421829771,8.23974454388818e-07
48.8955529245,2.2421829771,1.1135801491303306e-05
48.9004468151,2.2421829771,3.9514563902218345e-05
48.9053407057,2.2421829771,3.681466778102941e-05
48.9102345963,2.2421829771,9.005598026107582e-06
48.9151284869,2.2421829771,5.78405228056225e-07
48.9200223775,2.2421829771,9.753934646373707e-09
48.9249162681,2.2421829771,4.318724025629002e-11
48.9298101587,2.2421829771,5.020639559889323e-14
48.9347040493,2.2421829771,1.5324651767535974e-17
48.9395979399,2.2421829771,1.2281464720502274e-21
48.9444918305,2.2421829771,2.584268864694343e-26
48.9493857211,2.2421829771,1.4277549163870524e-31
48.9542796117,2.2421829771,1.346065681571006e-35
48.9591735023,2.2421829771,9.722158451047034e-34
48.9640673929,2.2421829771,5.95834119450287e-32
48.9689612835,2.2421829771,3.0508454416667773e-30
48.9738551741,2.2421829771,1.3051102727210615e-28
48.9787490647,2.2421829771,4.664513706105482e-27
48.7389484253,2.2470768677,1.1468561675976635e-15
48.7438423159,2.2470768677,1.2071715850388789e-12
48.7487362065,2.2470768677,4.326031483991781e-10
48.7536300971,2.2470768677,5.2780192415657525e-08
48.7585239877,2.2470768677,2.1923651215926473e-06
48.7634178783,2.2470768677,3.100383529832038e-05
48.7683117689,2.2470768677,0.00014927207839129472
48.7732056595,2.2470768677,0.00024468219069376083
48.7780995501,2.2470768677,0.00013654844611976028
48.7829934407,2.2470768677,2.5943692388955746e-05
48.7878873313,2.2470768677,1.678175714825313e-06
48.7927812219,2.2470768677,3.695759479673924e-08
48.7976751125,2.2470768677,2.770962119696568e-10
48.8025690031,2.2470768677,7.07323520547527e-13
48.8074628937,2.2470768677,6.147042738950492e-16
48.8123567843,2.2470768677,1.8187582958205614e-19
48.8172506749,2.2470768677,1.8320797042031794e-23
48.8221445655,2.2470768677,6.283105640558192e-28
48.8270384561,2.2470768677,7.336095590985759e-33
48.8319323467,2.2470768677,2.916192732554804e-38
48.8368262373,2.2470768677,3.9466452119955433e-44
48.8417201279,2.2470768677,1.0437640079353474e-49
48.8466140185,2.2470768677,7.313020854314714e-43
48.8515079091,2.2470768677,1.6291271372443578e-36
48.8564017997,2.2470768677,9.528863897155654e-31
48.8612956903,2.2470768677,1.463373713044889e-25
48.8661895809,2.2470768677,5.9006160292349e-21
48.8710834715,2.2470768677,6.246941510709545e-17
48.8759773621,2.2470768677,1.736462882073803e-13
48.8808712527,2.2470768677,1.267335349985055e-10
48.8857651433,2.2470768677,2.4285417446553307e-08
48.8906590339,2.2470768677,1.2218772447193107e-06
48.8955529245,2.2470768677,1.6141264735986923e-05
48.9004468151,2.2470768677,5.5985495183748444e-05
48.9053407057,2.2470768677,5.098488767795581e-05
48.9102345963,2.2470768677,1.2190889355304369e-05
48.9151284869,2.2470768677,7.653450754157142e-07
48.9200223775,2.2470768677,1.2615578615277885e-08
48.9249162681,2.2470768677,5.459904370922529e-11
48.9298101587,2.2470768677,6.204272692298123e-14
48.9347040493,2.2470768677,1.851077914321241e-17
48.9395979399,2.2470768677,1.4500617614832023e-21
48.9444918305,2.2470768677,2.982471353887617e-26
48.9493857211,2.2470768677,1.6117058418618573e-31
48.9542796117,2.2470768677,7.67790863790207e-33
48.9591735023,2.2470768677,4.5503286670397e-31
48.9640673929,2.2470768677,2.2531373910227648e-29
48.9689612835,2.2470768677,9.321048052016713e-28
48.9738551741,2.2470768677,3.221617552497745e-26
48.9787490647,2.2470768677,9.302836380082823e-25
48.7389484253,2.2519707583,7.960200474376618e-17
48.7438423159,2.2519707583,1.2521298820944481e-13
48.7487362065,2.2519707583,6.705564998763472e-11
48.7536300971,2.2519707583,1.2225932532541793e-08
48.7585239877,2.2519707583,7.589081816193288e-07
48.7634178783,2.2519707583,1.6038254351053458e-05
48.7683117689,2.2519707583,0.00011539462502401379
48.7732056595,2.2519707583,0.00028266672398000767
48.7780995501,2.2519707583,0.0002357351872185615
48.7829934407,2.2519707583,6.693214783074163e-05
48.7878873313,2.2519707583,6.4700216253221324e-06
48.7927812219,2.2519707583,2.1293023072262626e-07
48.7976751125,2.2519707583,2.3857753047775758e-09
48.8025690031,2.2519707583,9.100858769051521e-12
48.8074628937,2.2519707583,1.1819410940947442e-14
48.8123567843,2.2519707583,5.226006097491364e-18
48.8172506749,2.2519707583,7.866917819255917e-22
48.8221445655,2.2519707583,4.031808874562414e-26
48.8270384561,2.2519707583,7.034866840215921e-31
48.8319323467,2.2519707583,4.179000738425124e-36
48.8368262373,2.2519707583,8.451808265446865e-42
48.8417201279,2.2519707583,5.977924536481613e-48
48.8466140185,2.2519707583,1.3136803867323519e-42
48.8515079091,2.2519707583,2.860553882004812e-36
48.8564017997,2.2519707583,1.6354547370905407e-30
48.8612956903,2.2519707583,2.4550192692328463e-25
48.8661895809,2.2519707583,9.676075782689631e-21
48.8710834715,2.2519707583,1.0013170164644527e-16
48.8759773621,2.2519707583,2.7206452184620937e-13
48.8808712527,2.2519707583,1.940886802645371e-10
48.8857651433,2.2519707583,3.635435817645962e-08
48.8906590339,2.2519707583,1.7878897566693337e-06
48.8955529245,2.2519707583,2.3086227464321486e-05
48.9004468151,2.2519707583,7.826961260063034e-05
48.9053407057,2.2519707583,6.967249737511622e-05
48.9102345963,2.2519707583,1.628386717360629e-05
48.9151284869,2.2519707583,9.992673654862388e-07
48.9200223775,2.2519707583,1.6100295130047437e-08
48.9249162681,2.2519707583,6.811048134796943e-11
48.9298101587,2.2519707583,7.565228356381383e-14
48.9347040493,2.2519707583,2.206267226233058e-17
48.9395979399,2.2519707583,1.6893598381409836e-21
48.9444918305,2.2519707583,3.3963638323084993e-26
48.9493857211,2.2519707583,2.37134575826383e-31
48.9542796117,2.2519707583,3.3158374695118265e-30
48.9591735023,2.2519707583,1.587772153517435e-28
48.9640673929,2.2519707583,6.352070704203786e-27
48.9689612835,2.2519707583,2.123120432607371e-25
48.9738551741,2.2519707583,5.9287904430610844e-24
48.9787490647,2.2519707583,1.3832151414217221e-22
48.7389484253,2.2568646489,4.721524108278055e-18
48.7438423159,2.2568646489,1.1098720411358164e-14
48.7487362065,2.2568646489,8.8822753592482e-12
48.7536300971,2.2568646489,2.4201159603543533e-09
48.7585239877,2.2568646489,2.2449606898950647e-07
48.7634178783,2.2568646489,7.089929675565338e-06
48.7683117689,2.2568646489,7.623172301868545e-05
48.7732056595,2.2568646489,0.0002790552299035894
48.7780995501,2.2568646489,0.00034778049260260406
48.7829934407,2.2568646489,0.00014756416072095948
48.7878873313,2.2568646489,2.1316563277158234e-05
48.7927812219,2.2568646489,1.0483688420162692e-06
48.7976751125,2.2568646489,1.7553820139840023e-08
48.8025690031,2.2568646489,1.0006675235338254e-10
48.8074628937,2.2568646489,1.9420865822223064e-13
48.8123567843,2.2568646489,1.2832403061155095e-16
48.8172506749,2.2568646489,2.8867423155126134e-20
48.8221445655,2.2568646489,2.2108977941661846e-24
48.8270384561,2.2568646489,5.764875547449357e-29
48.8319323467,2.2568646489,5.1176646925858805e-34
48.8368262373,2.2568646489,1.546729401284783e-39
48.8417201279,2.2568646489,1.5918269406114697e-45
48.8466140185,2.2568646489,2.3285306022390453e-42
48.8515079091,2.2568646489,4.9561519983959596e-36
48.8564017997,2.2568646489,2.769716154978839e-30
48.8612956903,2.2568646489,4.0640017927439434e-25
48.8661895809,2.2568646489,1.5656709633602046e-20
48.8710834715,2.2568646489,1.5837079012898049e-16
48.8759773621,2.2568646489,4.206081168068169e-13
48.8808712527,2.2568646489,2.932973877471653e-10
48.8857651433,2.2568646489,5.369906455217168e-08
48.8906590339,2.2568646489,2.5813876343272065e-06
48.8955529245,2.2568646489,3.258124758433394e-05
48.9004468151,2.2568646489,0.0001079717584771206
48.9053407057,2.2568646489,9.39465029750236e-05
48.9102345963,2.2568646489,2.1462437459421703e-05
48.9151284869,2.2568646489,1.2873761120051638e-06
48.9200223775,2.2568646489,2.027495176327253e-08
48.9249162681,2.2568646489,8.383824772839943e-11
48.9298101587,2.2568646489,9.102329139313038e-14
48.9347040493,2.2568646489,2.5947221427035655e-17
48.9395979399,2.2568646489,1.9420354811103926e-21
48.9444918305,2.2568646489,3.8164201115904623e-26
48.9493857211,2.2568646489,2.3252525807267425e-29
48.9542796117,2.2568646489,1.0676323510624112e-27
48.9591735023,2.2568646489,4.1304649202541494e-26
48.9640673929,2.2568646489,1.3350831506970068e-24
48.9689612835,2.2568646489,3.6053701246523194e-23
48.9738551741,2.2568646489,8.134363209473137e-22
48.9787490647,2.2568646489,1.5333080958192748e-20
48.7389484253,2.2617585395,2.393225231616268e-19
48.7438423159,2.2617585395,8.406971932782972e-16
48.7487362065,2.2617585395,1.0054401963565856e-12
48.7536300971,2.2617585395,4.0938649506280526e-10
48.7585239877,2.2617585395,5.6750723400126e-08
48.7634178783,2.2617585395,2.678365939661628e-06
48.7683117689,2.2617585395,4.3035717392847855e-05
48.7732056595,2.2617585395,0.00023542295256768787
48.7780995501,2.2617585395,0.00043845919189701855
48.7829934407,2.2617585395,0.0002780162479159265
48.7878873313,2.2617585395,6.001665662920361e-05
48.7927812219,2.2617585395,4.41096935592196e-06
48.7976751125,2.2617585395,1.1037148979385925e-07
48.8025690031,2.2617585395,9.402436098592135e-10
48.8074628937,2.2617585395,2.7269959825232114e-12
48.8123567843,2.2617585395,2.6927077945877878e-15
48.8172506749,2.2617585395,9.052209127664345e-19
48.8221445655,2.2617585395,1.0360496099452062e-22
48.8270384561,2.2617585395,4.037078053864593e-27
48.8319323467,2.2617585395,5.355676824907141e-32
48.8368262373,2.2617585395,2.41892387422608e-37
48.8417201279,2.2617585395,3.7195573652142e-43
48.8466140185,2.2617585395,4.0726166678754506e-42
48.8515079091,2.2617585395,8.473023900666804e-36
48.8564017997,2.2617585395,4.628404733289048e-30
48.8612956903,2.2617585395,6.638228634695033e-25
48.8661895809,2.2617585395,2.4997758229607298e-20
48.8710834715,2.2617585395,2.47159836999466e-16
48.8759773621,2.2617585395,6.416271264577041e-13
48.8808712527,2.2617585395,4.3733628631285465e-10
48.8857651433,2.2617585395,7.826656769553447e-08
48.8906590339,2.2617585395,3.6776046874784422e-06
48.8955529245,2.2617585395,4.5371358146255847e-05
48.9004468151,2.2617585395,0.00014696925567115959
48.9053407057,2.2617585395,0.00012499688477236127
48.9102345963,2.2617585395,2.791257248981961e-05
48.9151284869,2.2617585395,1.6365471350646164e-06
48.9200223775,2.2617585395,2.519330544466637e-08
48.9249162681,2.2617585395,1.0182859833066898e-10
48.9298101587,2.2617585395,1.0806432849280716e-13
48.9347040493,2.2617585395,3.011084423207665e-17
48.9395979399,2.2617585395,2.2028832747255797e-21
48.9444918305,2.2617585395,4.246734886807624e-26
48.9493857211,2.2617585395,6.85017769228384e-27
48.9542796117,2.2617585395,2.5628051646617217e-25
48.9591735023,2.2617585395,8.01078429783159e-24
48.9640673929,2.2617585395,2.0920239353309256e-22
48.9689612835,2.2617585395,4.5644707056093785e-21
48.9738551741,2.2617585395,8.320441339209887e-20
48.9787490647,2.2617585395,1.2671687842629485e-18
48.7389484253,2.2666524301,1.0366403030095954e-20
48.7438423159,2.2666524301,5.441885992131101e-17
48.7487362065,2.2666524301,9.725936064493415e-14
48.7536300971,2.2666524301,5.917986952853167e-11
48.7585239877,2.2666524301,1.2259625905457799e-08
48.7634178783,2.2666524301,8.646514114524458e-07
48.7683117689,2.2666524301,2.076182437984713e-05
48.7732056595,2.2666524301,0.0001697268664588635
48.7780995501,2.2666524301,0.00047238521369239204
48.7829934407,2.2666524301,0.00044761292535896183
48.7878873313,2.2666524301,0.00014440078835011922
48.7927812219,2.2666524301,1.585977900632138e-05
48.7976751125,2.2666524301,5.930418207108329e-07
48.8025690031,2.2666524301,7.54977712652394e-09
48.8074628937,2.2666524301,3.2722280544009814e-11
48.8123567843,2.2666524301,4.828515368489828e-14
48.8172506749,2.2666524301,2.4257402480716903e-17
48.8221445655,2.2666524301,4.148925074396882e-21
48.8270384561,2.2666524301,2.4159476056958885e-25
48.8319323467,2.2666524301,4.7896089090564886e-30
48.8368262373,2.2666524301,3.232758156306537e-35
48.8417201279,2.2666524301,7.428600553757979e-41
48.8466140185,2.2666524301,7.028586568350867e-42
48.8515079091,2.2666524301,1.4293269277422966e-35
48.8564017997,2.2666524301,7.631795486604585e-30
48.8612956903,2.2666524301,1.0699164175993605e-24
48.8661895809,2.2666524301,3.9382289405560406e-20
48.8710834715,2.2666524301,3.8060987034517414e-16
48.8759773621,2.2666524301,9.657998056949455e-13
48.8808712527,2.2666524301,6.434608975927088e-10
48.8857651433,2.2666524301,1.1256028574612657e-07
48.8906590339,2.2666524301,5.169829175604644e-06
48.8955529245,2.2666524301,6.234407404685255e-05
48.9004468151,2.2666524301,0.00019739772570322736
48.9053407057,2.2666524301,0.00016410321518837542
48.9102345963,2.2666524301,3.581954089419278e-05
48.9151284869,2.2666524301,2.052820234721235e-06
48.9200223775,2.2666524301,3.088942360183877e-08
48.9249162681,2.2666524301,1.2203844594806486e-10
48.9298101587,2.2666524301,1.265935307203829e-13
48.9347040493,2.2666524301,3.4478974185325225e-17
48.9395979399,2.2666524301,2.4656152653486153e-21
48.9444918305,2.2666524301,8.823000552349984e-26
48.9493857211,2.2666524301,1.5172786478139633e-24
48.9542796117,2.2666524301,4.586430308053266e-23
48.9591735023,2.2666524301,1.1582877955429445e-21
48.9640673929,2.2666524301,2.443938797769638e-20
48.9689612835,2.2666524301,4.308204750863092e-19
48.9738551741,2.2666524301,6.345042107827929e-18
48.9787490647,2.2666524301,7.807371512317454e-17
48.7389484253,2.2715463207,3.8372117122671864e-22
48.7438423159,2.2715463207,3.010249104114983e-18
48.7487362065,2.2715463207,8.039883060572328e-15
48.7536300971,2.2715463207,7.310677902887483e-12
48.7585239877,2.2715463207,2.2632169640194336e-09
48.7634178783,2.2715463207,2.3853677934723965e-07
48.7683117689,2.2715463207,8.559435714704665e-06
48.7732056595,2.2715463207,0.00010456721457429514
48.7780995501,2.2715463207,0.0004349171830119325
48.7829934407,2.2715463207,0.0006158546359733563
48.7878873313,2.2715463207,0.00029690019674365214
48.7927812219,2.2715463207,4.873078164269909e-05
48.7976751125,2.2715463207,2.7230579982002493e-06
48.8025690031,2.2715463207,5.180492235617666e-08
48.8074628937,2.2715463207,3.3554114685722763e-10
48.8123567843,2.2715463207,7.399138621381316e-13
48.8172506749,2.2715463207,5.554911763455226e-16
48.8221445655,2.2715463207,1.4198216284549074e-19
48.8270384561,2.2715463207,1.2355235623429638e-23
48.8319323467,2.2715463207,3.6604029648783087e-28
48.8368262373,2.2715463207,3.692048407366807e-33
48.8417201279,2.2715463207,1.2678459756348075e-38
48.8466140185,2.2715463207,1.198373347169895e-41
48.8515079091,2.2715463207,2.3791621919230755e-35
48.8564017997,2.2715463207,1.2417136304615311e-29
48.8612956903,2.2715463207,1.7015582730795424e-24
48.8661895809,2.2715463207,6.122096700061416e-20
48.8710834715,2.2715463207,5.783377259807859e-16
48.8759773621,2.2715463207,1.434467921256915e-12
48.8808712527,2.2715463207,9.341747790451669e-10
48.8857651433,2.2715463207,1.597325463843823e-07
48.8906590339,2.2715463207,7.171114746964838e-06
48.8955529245,2.2715463207,8.452942374757268e-05
48.9004468151,2.2715463207,0.0002616116768677668
48.9053407057,2.2715463207,0.00021258583362603812
48.9102345963,2.2715463207,4.535649602225561e-05
48.9151284869,2.2715463207,2.540812699831496e-06
48.9200223775,2.2715463207,3.73709197522058e-08
48.9249162681,2.2715463207,1.4431879744782705e-10
48.9298101587,2.2715463207,1.4633223166581976e-13
48.9347040493,2.2715463207,3.8956960969861565e-17
48.9395979399,2.2715463207,2.723310701721568e-21
48.9444918305,2.2715463207,8.621301648136143e-24
48.9493857211,2.2715463207,2.5055761000190376e-22
48.9542796117,2.2715463207,6.119266246011986e-21
48.9591735023,2.2715463207,1.2485998129792492e-19
48.9640673929,2.2715463207,2.1285278916058105e-18
48.9689612835,2.2715463207,3.0315699194100984e-17
48.9738551741,2.2715463207,3.607347635505956e-16
48.9787490647,2.2715463207,3.586250057243936e-15
48.7389484253,2.2764402113,1.2137984776710538e-23
48.7438423159,2.2764402113,1.422979317525607e-19
48.7487362065,2.2764402113,5.679514451639734e-16
48.7536300971,2.2764402113,7.717638852272e-13
48.7585239877,2.2764402113,3.570411860593525e-10
48.7634178783,2.2764402113,5.623579032080304e-08
48.7683117689,2.2764402113,3.015559564046863e-06
48.7732056595,2.2764402113,5.5053336081922e-05
48.7780995501,2.2764402113,0.00034218423179228327
48.7829934407,2.2764402113,0.0007240973639498583
48.7878873313,2.2764402113,0.000521668437917534
48.7927812219,2.2764402113,0.00012795367939074615
48.7976751125,2.2764402113,1.068492843382117e-05
48.8025690031,2.2764402113,3.0377433462796055e-07
48.8074628937,2.2764402113,2.940296728268805e-09
48.8123567843,2.2764402113,9.689287998923462e-12
48.8172506749,2.2764402113,1.087059187090958e-14
48.8221445655,2.2764402113,4.15217011639604e-18
48.8270384561,2.2764402113,5.399551750789368e-22
48.8319323467,2.2764402113,2.3905668847888542e-26
48.8368262373,2.2764402113,3.6033355980184353e-31
48.8417201279,2.2764402113,1.849137248446679e-36
48.8466140185,2.2764402113,2.3342169002898897e-41
48.8515079091,2.2764402113,3.9076517605336083e-35
48.8564017997,2.2764402113,1.993496616776333e-29
48.8612956903,2.2764402113,2.670195944677234e-24
48.8661895809,2.2764402113,9.390716739903038e-20
48.8710834715,2.2764402113,8.671262413780361e-16
48.8759773621,2.2764402113,2.102296161983666e-12
48.8808712527,2.2764402113,1.3382382699926268e-09
48.8857651433,2.2764402113,2.2366651605792123e-07
48.8906590339,2.2764402113,9.815139587631916e-06
48.8955529245,2.2764402113,0.00011308889679258774
48.9004468151,2.2764402113,0.000342114462790169
48.9053407057,2.2764402113,0.00027173831667050464
48.9102345963,2.2764402113,5.6670664753845893e-05
48.9151284869,2.2764402113,3.1030852927229824e-06
48.9200223775,2.2764402113,4.4612555230720814e-08
48.9249162681,2.2764402113,1.6840247267691507e-10
48.9298101587,2.2764402113,1.6690440893514004e-13
48.9347040493,2.2764402113,4.343253193046202e-17
48.9395979399,2.2764402113,3.0137003435280114e-21
48.9444918305,2.2764402113,1.3061442258818399e-21
48.9493857211,2.2764402113,3.0847165006558324e-20
48.9542796117,2.2764402113,6.086802959004499e-19
48.9591735023,2.2764402113,1.0034492054583073e-17
48.9640673929,2.2764402113,1.3820816715603152e-16
48.9689612835,2.2764402113,1.5903920117945355e-15
48.9738551741,2.2764402113,1.5289976841128205e-14
48.9787490647,2.2764402113,1.2281223455844157e-13
48.7389484253,2.2813341019,3.2811083403273034e-25
48.7438423159,2.2813341019,5.7482797419267655e-21
48.7487362065,2.2813341019,3.4285922657647984e-17
48.7536300971,2.2813341019,6.96232687160054e-14
48.7585239877,2.2813341019,4.813418231078676e-11
48.7634178783,2.2813341019,1.1329569552810785e-08
48.7683117689,2.2813341019,9.078912762379163e-07
48.7732056595,2.2813341019,2.4769366428232154e-05
48.7780995501,2.2813341019,0.00023006818939326558
48.7829934407,2.2813341019,0.0007275433460687769
48.7878873313,2.2813341019,0.0007832885774386328
48.7927812219,2.2813341019,0.00028710802741321254
48.7976751125,2.2813341019,3.5828572004045946e-05
48.8025690031,2.2813341019,1.5222089975573732e-06
48.8074628937,2.2813341019,2.201809250390122e-08
48.8123567843,2.2813341019,1.0842906706206817e-10
48.8172506749,2.2813341019,1.8179099719384917e-13
48.8221445655,2.2813341019,1.0376709162955569e-16
48.8270384561,2.2813341019,2.016543240429594e-20
48.8319323467,2.2813341019,1.3341850045247484e-24
48.8368262373,2.2813341019,3.005281743197209e-29
48.8417201279,2.2813341019,2.3047029238824457e-34
48.8466140185,2.2813341019,6.350802649449712e-40
48.8515079091,2.2813341019,6.332963534939404e-35
48.8564017997,2.2813341019,3.157976451974519e-29
48.8612956903,2.2813341019,4.134650139898407e-24
48.8661895809,2.2813341019,1.4213355750312713e-19
48.8710834715,2.2813341019,1.2828694567154514e-15
48.8759773621,2.2813341019,3.0401589044596288e-12
48.8808712527,2.2813341019,1.891638230396105e-09
48.8857651433,2.2813341019,3.0903513681026373e-07
48.8906590339,2.2813341019,1.325579010565102e-05
48.8955529245,2.2813341019,0.000149290219451227
48.9004468151,2.2813341019,0.00044145361120614935
48.9053407057,2.2813341019,0.0003427415614233671
48.9102345963,2.2813341019,6.986770014986445e-05
48.9151284869,2.2813341019,3.7395048795624963e-06
48.9200223775,2.2813341019,5.255084945048383e-08
48.9249162681,2.2813341019,1.9389801205417988e-10
48.9298101587,2.2813341019,1.8784297255201596e-13
48.9347040493,2.2813341019,4.7780059646438e-17
48.9395979399,2.2813341019,9.687358588408169e-21
48.9444918305,2.2813341019,1.4837624131729494e-19
48.9493857211,2.2813341019,2.8313154477648736e-18
48.9542796117,2.2813341019,4.513822523630916e-17
48.9591735023,2.2813341019,6.0121923129617585e-16
48.9640673929,2.2813341019,6.690420469670397e-15
48.9689612835,2.2813341019,6.220225436882504e-14
48.9738551741,2.2813341019,4.83160031794234e-13
48.9787490647,2.2813341019,3.135508924875851e-12
48.7389484253,2.2862279925,7.57945027877956e-27
48.7438423159,2.2862279925,1.9843595130557778e-22
48.7487362065,2.2862279925,1.768738497323511e-18
48.7536300971,2.2862279925,5.36744399085931e-15
48.7585239877,2.2862279925,5.5453892452437475e-12
48.7634178783,2.2862279925,1.9505503803995668e-09
48.7683117689,2.2862279925,2.3358391338107855e-07
48.7732056595,2.2862279925,9.523340445944304e-06
48.7780995501,2.2862279925,0.00013218930268568249
48.7829934407,2.2862279925,0.0006246891098858036
48.7878873313,2.2862279925,0.0010050604424038092
48.7927812219,2.2862279925,0.0005505300724698899
48.7976751125,2.2862279925,0.00010266692056507389
48.8025690031,2.2862279925,6.518394581099767e-06
48.8074628937,2.2862279925,1.4090012504146724e-07
48.8123567843,2.2862279925,1.036913986505492e-09
48.8172506749,2.2862279925,2.5979734490407072e-12
48.8221445655,2.2862279925,2.2160895503181923e-15
48.8270384561,2.2862279925,6.435770151460609e-19
48.8319323467,2.2862279925,6.36318231044356e-23
48.8368262373,2.2862279925,2.1419475359790244e-27
48.8417201279,2.2862279925,2.4547310374800093e-32
48.8466140185,2.2862279925,9.583119841072194e-38
48.8515079091,2.2862279925,1.012738805995884e-34
48.8564017997,2.2862279925,4.936300633485371e-29
48.8612956903,2.2862279925,6.317332441529944e-24
48.8661895809,2.2862279925,2.1227255223000236e-19
48.8710834715,2.2862279925,1.872759165643916e-15
48.8759773621,2.2862279925,4.33808443411177e-12
48.8808712527,2.2862279925,2.638408574546208e-09
48.8857651433,2.2862279925,4.2132194316670834e-07
48.8906590339,2.2862279925,1.766501811128689e-05
48.8955529245,2.2862279925,0.00019446528089870062
48.9004468151,2.2862279925,0.0005620798845360094
48.9053407057,2.2862279925,0.00042656182999902036
48.9102345963,2.2862279925,8.499510569774149e-05
48.9151284869,2.2862279925,4.4466589932677225e-06
48.9200223775,2.2862279925,6.108037746595451e-08
48.9249162681,2.2862279925,2.2029141817579547e-10
48.9298101587,2.2862279925,2.0860342153884264e-13
48.9347040493,2.2862279925,5.1895697091071487e-17
48.9395979399,2.2862279925,6.843842812421998e-19
48.9444918305,2.2862279925,1.2566672983314694e-17
48.9493857211,2.2862279925,1.9374326000305807e-16
48.9542796117,2.2862279925,2.4955430043783628e-15
48.9591735023,2.2862279925,2.685565055473025e-14
48.9640673929,2.2862279925,2.4145625483263695e-13
48.9689612835,2.2862279925,1.8137332171387142e-12
48.9738551741,2.2862279925,1.1382574917837767e-11
48.9787490647,2.2862279925,5.968150851543289e-11
48.7389484253,2.2911218831,1.496228769498629e-28
48.7438423159,2.2911218831,5.853909111520426e-24
48.7487362065,2.2911218831,7.797485416078088e-20
48.7536300971,2.2911218831,3.536093898183979e-16
48.7585239877,2.2911218831,5.459509528471491e-13
48.7634178783,2.2911218831,2.8697501649960964e-10
48.7683117689,2.2911218831,5.135647091986653e-08
48.7732056595,2.2911218831,3.1290094681933756e-06
48.7780995501,2.2911218831,6.490515686011099e-05
48.7829934407,2.2911218831,0.00045836574295961117
48.7878873313,2.2911218831,0.0011020612245642321
48.7927812219,2.2911218831,0.0009021108662754031
48.7976751125,2.2911218831,0.000251405472912907
48.8025690031,2.2911218831,2.3853392978534994e-05
48.8074628937,2.2911218831,7.705240883358224e-07
48.8123567843,2.2911218831,8.473891505134876e-09
48.8172506749,2.2911218831,3.172781758548949e-11
48.8221445655,2.2911218831,4.044437443497792e-14
48.8270384561,2.2911218831,1.755240643686081e-17
48.8319323467,2.2911218831,2.593437777467105e-21
48.8368262373,2.2911218831,1.3045947321072525e-25
48.8417201279,2.2911218831,2.2342719339406156e-30
48.8466140185,2.2911218831,1.3027467467511768e-35
48.8515079091,2.2911218831,1.5980387818873924e-34
48.8564017997,2.2911218831,7.61366292311679e-29
48.8612956903,2.2911218831,9.524189466548324e-24
48.8661895809,2.2911218831,3.128170289039403e-19
48.8710834715,2.2911218831,2.6976197159425782e-15
48.8759773621,2.2911218831,6.108000261933432e-12
48.8808712527,2.2911218831,3.6311596738746745e-09
48.8857651433,2.2911218831,5.667866678235244e-07
48.8906590339,2.2911218831,2.322853847658945e-05
48.8955529245,2.2911218831,0.0002499494146192492
48.9004468151,2.2911218831,0.0007061717542949412
48.9053407057,2.2911218831,0.0005238374465544717
48.9102345963,2.2911218831,0.00010202596677580562
48.9151284869,2.2911218831,5.2173848940425006e-06
48.9200223775,2.2911218831,7.005239919657398e-08
48.9249162681,2.2911218831,2.469568807208321e-10
48.9298101587,2.2911218831,2.2858487631413524e-13
48.9347040493,2.2911218831,5.853457315483727e-17
48.9395979399,2.2911218831,5.3224835468146013e-17
48.9444918305,2.2911218831,7.934905606669403e-16
48.9493857211,2.2911218831,9.883944323995348e-15
48.9542796117,2.2911218831,1.0286105629856671e-13
48.9591735023,2.2911218831,8.943424256034258e-13
48.9640673929,2.2911218831,6.4966407276339205e-12
48.9689612835,2.2911218831,3.942811653160819e-11
48.9738551741,2.2911218831,1.9991960101148552e-10
48.9787490647,2.2911218831,8.46909267290441e-10
48.7389484253,2.2960157737,2.524070314370416e-30
48.7438423159,2.2960157737,1.475756647553643e-25
48.7487362065,2.2960157737,2.9375730080658517e-21
48.7536300971,2.2960157737,1.9907797368815724e-17
48.7585239877,2.2960157737,4.593231938967902e-14
48.7634178783,2.2960157737,3.6080634159921875e-11
48.7683117689,2.2960157737,9.649183601722694e-09
48.7732056595,2.2960157737,8.785522590602059e-07
48.7780995501,2.2960157737,2.7233612347691872e-05
48.7829934407,2.2960157737,0.00028741109183888134
48.7878873313,2.2960157737,0.0010326720424906571
48.7927812219,2.2960157737,0.0012632285610486558
48.7976751125,2.2960157737,0.0005260924568261058
48.8025690031,2.2960157737,7.459381776228751e-05
48.8074628937,2.2960157737,3.600843258324574e-06
48.8123567843,2.2960157737,5.9178809087017705e-08
48.8172506749,2.2960157737,3.3112261776670135e-10
48.8221445655,2.2960157737,6.307715461351699e-13
48.8270384561,2.2960157737,4.0908726822937257e-16
48.8319323467,2.2960157737,9.032759650224028e-20
48.8368262373,2.2960157737,6.790246918333414e-24
48.8417201279,2.2960157737,1.73784605201339e-28
48.8466140185,2.2960157737,1.5142504037302545e-33
48.8515079091,2.2960157737,2.4881938275099632e-34
48.8564017997,2.2960157737,1.1587373860083667e-28
48.8612956903,2.2960157737,1.4168427454003785e-23
48.8661895809,2.2960157737,4.548689181853617e-19
48.8710834715,2.2960157737,3.83423610778627e-15
48.8759773621,2.2960157737,8.485929575387007e-12
48.8808712527,2.2960157737,4.931147275006524e-09
48.8857651433,2.2960157737,7.523579309776658e-07
48.8906590339,2.2960157737,3.0139012118777214e-05
48.8955529245,2.2960157737,0.0003170016352497295
48.9004468151,2.2960157737,0.0008754311012682352
48.9053407057,2.2960157737,0.0006347612701434483
48.9102345963,2.2960157737,0.00012084448884350506
48.9151284869,2.2960157737,6.040477309958994e-06
48.9200223775,2.2960157737,7.927634980460655e-08
48.9249162681,2.2960157737,2.7317692617545677e-10
48.9298101587,2.2960157737,2.4716914697056103e-13
48.9347040493,2.2960157737,2.7378407587752876e-16
48.9395979399,2.2960157737,3.1009193934167767e-15
48.9444918305,2.2960157737,3.7353264266075935e-14
48.9493857211,2.2960157737,3.7592336571010444e-13
48.9542796117,2.2960157737,3.160838046005296e-12
48.9591735023,2.2960157737,2.2204312548603517e-11
48.9640673929,2.2960157737,1.3031805316526836e-10
48.9689612835,2.2960157737,6.390046209641782e-10
48.9738551741,2.2960157737,2.6177946633756426e-09
48.9787490647,2.2960157737,8.959820747214723e-09
48.7389484253,2.3009096643,3.638715094422319e-32
48.7438423159,2.3009096643,3.179264614581566e-27
48.7487362065,2.3009096643,9.45727291875585e-23
48.7536300971,2.3009096643,9.577800565313804e-19
48.7585239877,2.3009096643,3.302374171912395e-15
48.7634178783,2.3009096643,3.876567853643889e-12
48.7683117689,2.3009096643,1.5492771761282537e-09
48.7732056595,2.3009096643,2.1080042277370986e-07
48.7780995501,2.3009096643,9.765049608760343e-06
48.7829934407,2.3009096643,0.00015400614576240138
48.7878873313,2.3009096643,0.0008269176696301835
48.7927812219,2.3009096643,0.0015116356086811204
48.7976751125,2.3009096643,0.0009407897504055956
48.8025690031,2.3009096643,0.00019934193174355223
48.8074628937,2.3009096643,1.4380214678047543e-05
48.8123567843,2.3009096643,3.5317723189059337e-07
48.8172506749,2.3009096643,2.9531169676013696e-09
48.8221445655,2.3009096643,8.40677107449306e-12
48.8270384561,2.3009096643,8.147763516276063e-15
48.8319323467,2.3009096643,2.6884887980496107e-18
48.8368262373,2.3009096643,3.0202206243188045e-22
48.8417201279,2.3009096643,1.1551269818180523e-26
48.8466140185,2.3009096643,1.504116274025626e-31
48.8515079091,2.3009096643,3.8293204793340713e-34
48.8564017997,2.3009096643,1.740106075008744e-28
48.8612956903,2.3009096643,2.07976662771845e-23
48.8661895809,2.3009096643,6.5265168986427015e-19
48.8710834715,2.3009096643,5.3774490992303266e-15
48.8759773621,2.3009096643,1.1633198251035267e-11
48.8808712527,2.3009096643,6.607694112544076e-09
48.8857651433,2.3009096643,9.854366507574707e-07
48.8906590339,2.3009096643,3.8586507410922584e-05
48.8955529245,2.3009096643,0.00039670731710879733
48.9004468151,2.3009096643,0.001070860577071607
48.9053407057,2.3009096643,0.0007589682878627114
48.9102345963,2.3009096643,0.0001412349918421357
48.9151284869,2.3009096643,6.900633593256034e-06
48.9200223775,2.3009096643,8.852452530754085e-08
48.9249162681,2.3009096643,2.9817161477471216e-10
48.9298101587,2.3009096643,2.64521226094856e-13
48.9347040493,2.3009096643,1.1624246751466708e-14
48.9395979399,2.3009096643,1.3469760702904566e-13
48.9444918305,2.3009096643,1.310933611780843e-12
48.9493857211,2.3009096643,1.0659422908744488e-11
48.9542796117,2.3009096643,7.241338531828794e-11
48.9591735023,2.3009096643,4.109946543257814e-10
48.9640673929,2.3009096643,1.9488825142579625e-09
48.9689612835,2.3009096643,7.72088899905171e-09
48.9738551741,2.3009096643,2.5555308164240312e-08
48.9787490647,2.3009096643,7.06686996025021e-08
48.7389484253,2.3058035549,4.482680757018659e-34
48.7438423159,2.3058035549,5.85304360691766e-29
48.7487362065,2.3058035549,2.6018744142085386e-24
48.7536300971,2.3058035549,3.937780671483617e-20
48.7585239877,2.3058035549,2.028977995876895e-16
48.7634178783,2.3058035549,3.559293268010681e-13
48.7683117689,2.3058035549,2.1257433589345784e-10
48.7732056595,2.3058035549,4.322335865207605e-08
48.7780995501,2.3058035549,2.9921737723764736e-06
48.7829934407,2.3058035549,7.052055717445891e-05
48.7878873313,2.3058035549,0.0005658551590545668
48.7927812219,2.3058035549,0.0015458076294662204
48.7976751125,2.3058035549,0.0014376932538328992
48.8025690031,2.3058035549,0.00045523709683088494
48.8074628937,2.3058035549,4.907605867437793e-05
48.8123567843,2.3058035549,1.8012016277098476e-06
48.8172506749,2.3058035549,2.2506896108972083e-08
48.8221445655,2.3058035549,9.574795423254251e-11
48.8270384561,2.3058035549,1.38676867349307e-13
48.8319323467,2.3058035549,6.8381585063904e-17
48.8368262373,2.3058035549,1.1479815967848023e-20
48.8417201279,2.3058035549,6.561321378246944e-25
48.8466140185,2.3058035549,1.2767572024311992e-29
48.8515079091,2.3058035549,6.6408245584826896e-34
48.8564017997,2.3058035549,2.5784918132153376e-28
48.8612956903,2.3058035549,3.012360119550142e-23
48.8661895809,2.3058035549,9.240085750781946e-19
48.8710834715,2.3058035549,7.44171602862495e-15
48.8759773621,2.3058035549,1.5736138353257028e-11
48.8808712527,2.3058035549,8.73677631357277e-09
48.8857651433,2.3058035549,1.2735976463401772e-06
48.8906590339,2.3058035549,4.8746255293346505e-05
48.8955529245,2.3058035549,0.0004898670734374491
48.9004468151,2.3058035549,0.00129253770082841
48.9053407057,2.3058035549,0.000895439337592256
48.9102345963,2.3058035549,0.00016287600152085018
48.9151284869,2.3058035549,7.778681841598037e-06
48.9200223775,2.3058035549,9.754003309907792e-08
48.9249162681,2.3058035549,3.2113814401030523e-10
48.9298101587,2.3058035549,3.1874274460640404e-13
48.9347040493,2.3058035549,4.63535765876586e-13
48.9395979399,2.3058035549,4.362094957180033e-12
48.9444918305,2.3058035549,3.4300320633308985e-11
48.9493857211,2.3058035549,2.2533746713287538e-10
48.9542796117,2.3058035549,1.2368037714079356e-09
48.9591735023,2.3058035549,5.671531613584971e-09
48.9640673929,2.3058035549,2.1728616626339478e-08
48.9689612835,2.3058035549,6.954981217351008e-08
48.9738551741,2.3058035549,1.8599103422898287e-07
48.9787490647,2.3058035549,4.155470668293407e-07
48.7389484253,2.3106974455,4.71922544223739e-36
48.7438423159,2.3106974455,9.208311418170921e-31
48.7487362065,2.3106974455,6.117160760514473e-26
48.7536300971,2.3106974455,1.3835039754810024e-21
48.7585239877,2.3106974455,1.0652990766252332e-17
48.7634178783,2.3106974455,2.792693739997013e-14
48.7683117689,2.3106974455,2.4925030260413274e-11
48.7732056595,2.3106974455,7.573710469289551e-09
48.7780995501,2.3106974455,7.835059970953443e-07
48.7829934407,2.3106974455,2.759539233658339e-05
48.7878873313,2.3106974455,0.0003308959432705572
48.7927812219,2.3106974455,0.0013508494005083612
48.7976751125,2.3106974455,0.0018775134105442075
48.8025690031,2.3106974455,0.0008884229786432767
48.8074628937,2.3106974455,0.00014312554049065673
48.8123567843,2.3106974455,7.850098721446556e-06
48.8172506749,2.3106974455,1.4658641337892612e-07
48.8221445655,2.3106974455,9.319077876820501e-10
48.8270384561,2.3106974455,2.017031984618377e-12
48.8319323467,2.3106974455,1.4863231794531844e-15
48.8368262373,2.3106974455,3.7288450617746976e-19
48.8417201279,2.3106974455,3.1849018092109534e-23
48.8466140185,2.3106974455,9.261437037744704e-28
48.8515079091,2.3106974455,1.0035844568333397e-32
48.8564017997,2.3106974455,3.770119563846242e-28
48.8612956903,2.3106974455,4.305251269124859e-23
48.8661895809,2.3106974455,1.2908324254459226e-18
48.8710834715,2.3106974455,1.016176644065484e-14
48.8759773621,2.3106974455,2.1003735040455468e-11
48.8808712527,2.3106974455,1.1398608383198429e-08
48.8857651433,2.3106974455,1.624183576898879e-06
48.8906590339,2.3106974455,6.076400295484804e-05
48.8955529245,2.3106974455,0.000596878062618372
48.9004468151,2.3106974455,0.0015394048063453222
48.9053407057,2.3106974455,0.0010424327299809824
48.9102345963,2.3106974455,0.0001853408792894017
48.9151284869,2.3106974455,8.652116909697775e-06
48.9200223775,2.3106974455,1.0604777541773937e-07
48.9249162681,2.3106974455,3.4141795084953415e-10
48.9298101587,2.3106974455,1.8100397119550425e-12
48.9347040493,2.3106974455,1.384983422734601e-11
48.9395979399,2.3106974455,1.0531632702951433e-10
48.9444918305,2.3106974455,6.690845529392513e-10
48.9493857211,2.3106974455,3.5513908094518425e-09
48.9542796117,2.3106974455,1.574882268288314e-08
48.9591735023,2.3106974455,5.834852527023192e-08
48.9640673929,2.3106974455,1.806108508094057e-07
48.9689612835,2.3106974455,4.67078586081896e-07
48.9738551741,2.3106974455,1.009179079935826e-06
48.9787490647,2.3106974455,1.8217076630956241e-06
48.7389484253,2.3155913361,4.2456754590043485e-38
48.7438423159,2.3155913361,1.2380021310107877e-32
48.7487362065,2.3155913361,1.2290133851758299e-27
48.7536300971,2.3155913361,4.1538657385839126e-23
48.7585239877,2.3155913361,4.779791132814712e-19
48.7634178783,2.3155913361,1.872518017080588e-15
48.7683117689,2.3155913361,2.4974897399218717e-12
48.7732056595,2.3155913361,1.1340756929918295e-09
48.7780995501,2.3155913361,1.7532384775367222e-07
48.7829934407,2.3155913361,9.227850848213533e-06
48.7878873313,2.3155913361,0.00016535630573062568
48.7927812219,2.3155913361,0.0010087918792976405
48.7976751125,2.3155913361,0.0020952845749241324
48.8025690031,2.3155913361,0.001481648125307338
48.8074628937,2.3155913361,0.00035670381784437365
48.8123567843,2.3155913361,2.923688242554202e-05
48.8172506749,2.3155913361,8.158587705817364e-07
48.8221445655,2.3155913361,7.751032069190506e-09
48.8270384561,2.3155913361,2.507059854802388e-11
48.8319323467,2.3155913361,2.7607716927338646e-14
48.8368262373,2.3155913361,1.0350394565359473e-17
48.8417201279,2.3155913361,1.3211250884425937e-21
48.8466140185,2.3155913361,5.741053525869518e-26
48.8515079091,2.3155913361,8.506690930494328e-31
48.8564017997,2.3155913361,5.439328152711724e-28
48.8612956903,2.3155913361,6.071408422417806e-23
48.8661895809,2.3155913361,1.779356875344325e-18
48.8710834715,2.3155913361,1.3691929487555299e-14
48.8759773621,2.3155913361,2.7662678334283883e-11
48.8808712527,2.3155913361,1.4674110303666281e-08
48.8857651433,2.3155913361,2.043794902276126e-06
48.8906590339,2.3155913361,7.473960935667623e-05
48.8955529245,2.3155913361,0.0007176163339605836
48.9004468151,2.3155913361,0.0018090967221391398
48.9053407057,2.3155913361,0.001197455099714728
48.9102345963,2.3155913361,0.00020810603212797034
48.9151284869,2.3155913361,9.495942605125076e-06
48.9200223775,2.3155913361,1.1376828124412677e-07
48.9249162681,2.3155913361,3.626399977351549e-10
48.9298101587,2.3155913361,4.2254374176156055e-11
48.9347040493,2.3155913361,3.085505729071616e-10
48.9395979399,2.3155913361,1.895665195511491e-09
48.9444918305,2.3155913361,9.730365858996673e-09
48.9493857211,2.3155913361,4.1728124666707e-08
48.9542796117,2.3155913361,1.4950672505188521e-07
48.9591735023,2.3155913361,4.4753267921968706e-07
48.9640673929,2.3155913361,1.1192341226195156e-06
48.9689612835,2.3155913361,2.3385641890368654e-06
48.9738551741,2.3155913361,4.0823460082095965e-06
48.9787490647,2.3155913361,5.95391310440863e-06
48.7389484253,2.3204852267,3.2641192569863106e-40
48.7438423159,2.3204852267,1.4223482453654416e-34
48.7487362065,2.3204852267,2.110116759374425e-29
48.7536300971,2.3204852267,1.065780215742851e-24
48.7585239877,2.3204852267,1.832691827123612e-20
48.7634178783,2.3204852267,1.0729311493570156e-16
48.7683117689,2.3204852267,2.1385277321027598e-13
48.7732056595,2.3204852267,1.451170832652021e-10
48.7780995501,2.3204852267,3.3526083084686515e-08
48.7829934407,2.3204852267,2.636985336622858e-06
48.7878873313,2.3204852267,7.061439368569553e-05
48.7927812219,2.3204852267,0.0006437828096406881
48.7976751125,2.3204852267,0.001998233056296136
48.8025690031,2.3204852267,0.002111609095958554
48.8074628937,2.3204852267,0.0007596989581986576
48.8123567843,2.3204852267,9.305295289303081e-05
48.8172506749,2.3204852267,3.880426034127531e-06
48.8221445655,2.3204852267,5.5092094238750806e-08
48.8270384561,2.3204852267,2.6629301543372467e-10
48.8319323467,2.3204852267,4.3821868483274453e-13
48.8368262373,2.3204852267,2.4551759909947907e-16
48.8417201279,2.3204852267,4.683116780044509e-20
48.8466140185,2.3204852267,3.041220915244709e-24
48.8515079091,2.3204852267,6.724955148514438e-29
48.8564017997,2.3204852267,7.752514450334837e-28
48.8612956903,2.3204852267,8.448510214377444e-23
48.8661895809,2.3204852267,2.420224127554758e-18
48.8710834715,2.3204852267,1.8203689905927626e-14
48.8759773621,2.3204852267,3.594936737737279e-11
48.8808712527,2.3204852267,1.8640220927424273e-08
48.8857651433,2.3204852267,2.5376915773648265e-06
48.8906590339,2.3204852267,9.070988175873387e-05
48.8955529245,2.3204852267,0.0008513307946550657
48.9004468151,2.3204852267,0.002097828905488457
48.9053407057,2.3204852267,0.001357280991459474
48.9102345963,2.3204852267,0.00023056715913541144
48.9151284869,2.3204852267,1.028378926691171e-05
48.9200223775,2.3204852267,1.2044482238912295e-07
48.9249162681,2.3204852267,4.915886843530978e-10
48.9298101587,2.3204852267,8.628600407164181e-10
48.9347040493,2.3204852267,5.1247810183437244e-09
48.9395979399,2.3204852267,2.5438582709488603e-08
48.9444918305,2.3204852267,1.0549762409859268e-07
48.9493857211,2.3204852267,3.655313333877164e-07
48.9542796117,2.3204852267,1.0581292166977919e-06
48.9591735023,2.3204852267,2.559086498237091e-06
48.9640673929,2.3204852267,5.170867253070035e-06
48.9689612835,2.3204852267,8.729190587947302e-06
48.9738551741,2.3204852267,1.2311663207987439e-05
48.9787490647,2.3204852267,1.4507468671799847e-05
48.7389484253,2.3253791173,2.1445115866818795e-42
48.7438423159,2.3253791173,1.3964765447798305e-36
48.7487362065,2.3253791173,3.0959897636710133e-31
48.7536300971,2.3253791173,2.3368240212119915e-26
48.7585239877,2.3253791173,6.005001528001042e-22
48.7634178783,2.3253791173,5.2536466298050304e-18
48.7683117689,2.3253791173,1.5648373933553777e-14
48.7732056595,2.3253791173,1.586858471694617e-11
48.7780995501,2.3253791173,5.478577326244787e-09
48.7829934407,2.3253791173,6.439587053738933e-07
48.7878873313,2.3253791173,2.576967035992749e-05
48.7927812219,2.3253791173,0.00035109151157085994
48.7976751125,2.3253791173,0.0016285174543713896
48.8025690031,2.3253791173,0.0025717285581059396
48.8074628937,2.3253791173,0.0013826697429230698
48.8123567843,2.3253791173,0.0002530885004883152
48.8172506749,2.3253791173,1.5772007971516507e-05
48.8221445655,2.3253791173,3.346279284614431e-07
48.8270384561,2.3253791173,2.417118841158572e-09
48.8319323467,2.3253791173,5.944214108646916e-12
48.8368262373,2.3253791173,4.976815105292986e-15
48.8417201279,2.3253791173,1.418630166117055e-18
48.8466140185,2.3253791173,1.3767259436245555e-22
48.8515079091,2.3253791173,4.5527088161299175e-27
48.8564017997,2.3253791173,1.429808226693354e-27
48.8612956903,2.3253791173,1.160273695035382e-22
48.8661895809,2.3253791173,3.248236430261337e-18
48.8710834715,2.3253791173,2.3881056434564878e-14
48.8759773621,2.3253791173,4.60985863538954e-11
48.8808712527,2.3253791173,2.3364132545464517e-08
48.8857651433,2.3253791173,3.109135823821532e-06
48.8906590339,2.3253791173,0.00010863198315004453
48.8955529245,2.3253791173,0.0009965605722629047
48.9004468151,2.3253791173,0.0024003671433388074
48.9053407057,2.3253791173,0.0015180274535311568
48.9102345963,2.3253791173,0.00025206326933946606
48.9151284869,2.3253791173,1.09892758696064e-05
48.9200223775,2.3253791173,1.2612666519914798e-07
48.9249162681,2.3253791173,2.6789061194044257e-09
48.9298101587,2.3253791173,1.3220011016285584e-08
48.9347040493,2.3253791173,6.345848373551003e-08
48.9395979399,2.3253791173,2.545010208759956e-07
48.9444918305,2.3253791173,8.527496127370585e-07
48.9493857211,2.3253791173,2.387182910788658e-06
48.9542796117,2.3253791173,5.583185103983897e-06
48.9591735023,2.3253791173,1.0909642523481584e-05
48.9640673929,2.3253791173,1.781029766030699e-05
48.9689612835,2.3253791173,2.4292040649954147e-05
48.9738551741,2.3253791173,2.768145949663145e-05
48.9787490647,2.3253791173,2.6353975237490133e-05
48.7389484253,2.3302730079,1.2040626921973302e-44
48.7438423159,2.3302730079,1.1716678284148225e-38
48.7487362065,2.3302730079,3.881822746769722e-33
48.7536300971,2.3302730079,4.3785218138324785e-28
48.7585239877,2.3302730079,1.6814345096244102e-23
48.7634178783,2.3302730079,2.1983306611211475e-19
48.7683117689,2.3302730079,9.785132249488968e-16
48.7732056595,2.3302730079,1.4828629145117124e-12
48.7780995501,2.3302730079,7.650607640523351e-10
48.7829934407,2.3302730079,1.3438521101697837e-07
48.7878873313,2.3302730079,8.036512917495761e-06
48.7927812219,2.3302730079,0.0001636230328833517
48.7976751125,2.3302730079,0.0011341796519702262
48.8025690031,2.3302730079,0.0026765778909349195
48.8074628937,2.3302730079,0.0021504955236219345
48.8123567843,2.3302730079,0.0005882444268273759
48.8172506749,2.3302730079,5.4781979542400354e-05
48.8221445655,2.3302730079,1.7369137104504329e-06
48.8270384561,2.3302730079,1.8749055169783207e-08
48.8319323467,2.3302730079,6.890347932854426e-11
48.8368262373,2.3302730079,8.621117011940432e-14
48.8417201279,2.3302730079,3.672370995749019e-17
48.8466140185,2.3302730079,5.3258653323059576e-21
48.8515079091,2.3302730079,2.643544129760621e-25
48.8564017997,2.3302730079,9.728232100198239e-26
48.8612956903,2.3302730079,1.6267265960770385e-22
48.8661895809,2.3302730079,4.301949725092995e-18
48.8710834715,2.3302730079,3.0913424485573176e-14
48.8759773621,2.3302730079,5.832883407672828e-11
48.8808712527,2.3302730079,2.8896656623811976e-08
48.8857651433,2.3302730079,3.7587191896470753e-06
48.8906590339,2.3302730079,0.00012836899612351144
48.8955529245,2.3302730079,0.001151087634093128
48.9004468151,2.3302730079,0.0027100956038413134
48.9053407057,2.3302730079,0.0016752854532376565
48.9102345963,2.3302730079,0.0002719074917993475
48.9151284869,2.3302730079,1.1588151438616231e-05
48.9200223775,2.3302730079,1.355052426407732e-07
48.9249162681,2.3302730079,3.291969484439138e-08
48.9298101587,2.3302730079,1.5104986877952084e-07
48.9347040493,2.3302730079,5.858270438811038e-07
48.9395979399,2.3302730079,1.8982416095748564e-06
48.9444918305,2.3302730079,5.138847447514557e-06
48.9493857211,2.3302730079,1.1622836421651051e-05
48.9542796117,2.3302730079,2.196295085499763e-05
48.9591735023,2.3302730079,3.467379823998273e-05
48.9640673929,2.3302730079,4.5734539405122185e-05
48.9689612835,2.3302730079,5.039870360858393e-05
48.9738551741,2.3302730079,4.6400919300057766e-05
48.9787490647,2.3302730079,3.56915959902005e-05
48.7389484253,2.3351668985000003,5.8680023620633554e-43
48.7438423159,2.3351668985000003,8.412449883017481e-41
48.7487362065,2.3351668985000003,4.1592501459623973e-35
48.7536300971,2.3351668985000003,7.010874328594982e-30
48.7585239877,2.3351668985000003,4.0233697487090443e-25
48.7634178783,2.3351668985000003,7.860828688268764e-21
48.7683117689,2.3351668985000003,5.2288639146291684e-17
48.7732056595,2.3351668985000003,1.184150678732095e-13
48.7780995501,2.3351668985000003,9.129925193800483e-11
48.7829934407,2.3351668985000003,2.3965588158238168e-08
48.7878873313,2.3351668985000003,2.141753997961815e-06
48.7927812219,2.3351668985000003,6.516459530434946e-05
48.7976751125,2.3351668985000003,0.0006750165803189894
48.8025690031,2.3351668985000003,0.002380552700092778
48.8074628937,2.3351668985000003,0.002858260330046264
48.8123567843,2.3351668985000003,0.0011683861091850876
48.8172506749,2.3351668985000003,0.00016260414424002344
48.8221445655,2.3351668985000003,7.70437577423932e-06
48.8270384561,2.3351668985000003,1.2428076721259934e-07
48.8319323467,2.3351668985000003,6.825445700094802e-10
48.8368262373,2.3351668985000003,1.2761999642737401e-12
48.8417201279,2.3351668985000003,8.123946637534758e-16
48.8466140185,2.3351668985000003,1.7606621623434987e-19
48.8515079091,2.3351668985000003,1.3350626080198493e-23
48.8564017997,2.3351668985000003,1.9994554815068126e-23
48.8612956903,2.3351668985000003,1.1388828226001554e-21
48.8661895809,2.3351668985000003,5.6572501388984255e-18
48.8710834715,2.3351668985000003,3.9486859082621115e-14
48.8759773621,2.3351668985000003,7.282466521475051e-11
48.8808712527,2.3351668985000003,3.526507985734537e-08
48.8857651433,2.3351668985000003,4.4837294449559364e-06
48.8906590339,2.3351668985000003,0.00014967935821527274
48.8955529245,2.3351668985000003,0.0013119352668048388
48.9004468151,2.3351668985000003,0.003019193056406724
48.9053407057,2.3351668985000003,0.001824304802459878
48.9102345963,2.3351668985000003,0.00028942436198792036
48.9151284869,2.3351668985000003,1.2069971089194269e-05
48.9200223775,2.3351668985000003,2.0827266945383813e-07
48.9249162681,2.3351668985000003,3.4344831939494575e-07
48.9298101587,2.3351668985000003,1.2867152203665288e-06
48.9347040493,2.3351668985000003,4.0319439384357885e-06
48.9395979399,2.3351668985000003,1.0555499555438338e-05
48.9444918305,2.3351668985000003,2.3087412502752853e-05
48.9493857211,2.3351668985000003,4.21894532448066e-05
48.9542796117,2.3351668985000003,6.441169022963059e-05
48.9591735023,2.3351668985000003,8.215947547759345e-05
48.9640673929,2.3351668985000003,8.7555369296851e-05
48.9689612835,2.3351668985000003,7.795429966195938e-05
48.9738551741,2.3351668985000003,5.79868514368211e-05
48.9787490647,2.3351668985000003,3.603720878365919e-05
48.7389484253,2.3400607891000003,2.416900757379536e-37
48.7438423159,2.3400607891000003,6.398628246002148e-38
48.7487362065,2.3400607891000003,3.9551380410143104e-37
48.7536300971,2.3400607891000003,9.593123056609889e-32
48.7585239877,2.3400607891000003,8.227030189868871e-27
48.7634178783,2.3400607891000003,2.4020763177390673e-22
48.7683117689,2.3400607891000003,2.3877625357774643e-18
48.7732056595,2.3400607891000003,8.080832185014936e-15
48.7780995501,2.3400607891000003,9.310685640486108e-12
48.7829934407,2.3400607891000003,3.6523119249485485e-09
48.7878873313,2.3400607891000003,4.877695449882633e-07
48.7927812219,2.3400607891000003,2.2177986858209068e-05
48.7976751125,2.3400607891000003,0.00034331294927930156
48.8025690031,2.3400607891000003,0.0018093345212125368
48.8074628937,2.3400607891000003,0.0032464459435889094
48.8123567843,2.3400607891000003,0.0019831615976933408
48.8172506749,2.3400607891000003,0.00041244747963690737
48.8221445655,2.3400607891000003,2.9203830953264677e-05
48.8270384561,2.3400607891000003,7.039983145591826e-07
48.8319323467,2.3400607891000003,5.777820357119659e-09
48.8368262373,2.3400607891000003,1.6144220173433807e-11
48.8417201279,2.3400607891000003,1.5357860932110757e-14
48.8466140185,2.3400607891000003,4.97399247323798e-18
48.8515079091,2.3400607891000003,6.177092071807795e-22
48.8564017997,2.3400607891000003,3.111413869302719e-21
48.8612956903,2.3400607891000003,1.1706199432455986e-19
48.8661895809,2.3400607891000003,1.0910284678492685e-17
48.8710834715,2.3400607891000003,4.9861846335027394e-14
48.8759773621,2.3400607891000003,8.971866848709087e-11
48.8808712527,2.3400607891000003,4.2466048471637216e-08
48.8857651433,2.3400607891000003,5.277622125786286e-06
48.8906590339,2.3400607891000003,0.00017221184805696745
48.8955529245,2.3400607891000003,0.001475420374820976
48.9004468151,2.3400607891000003,0.0033189183670929846
48.9053407057,2.3400607891000003,0.00196022694894355
48.9102345963,2.3400607891000003,0.0003040107574314198
48.9151284869,2.3400607891000003,1.2548009184075498e-05
48.9200223775,2.3400607891000003,8.758073291060359e-07
48.9249162681,2.3400607891000003,2.6970444950667482e-06
48.9298101587,2.3400607891000003,8.171664604882035e-06
48.9347040493,2.3400607891000003,2.0688304327920478e-05
48.9395979399,2.3400607891000003,4.375940793412326e-05
48.9444918305,2.3400607891000003,7.73303796694965e-05
48.9493857211,2.3400607891000003,0.000114172368717109
48.9542796117,2.3400607891000003,0.0001408328746816528
48.9591735023,2.3400607891000003,0.00014513736725720164
48.9640673929,2.3400607891000003,0.0001249644843255934
48.9689612835,2.3400607891000003,8.989305203209058e-05
48.9738551741,2.3400607891000003,5.4025377975215734e-05
48.9787490647,2.3400607891000003,2.712699367293522e-05
48.7389484253,2.3449546797000003,2.939198187773166e-32
48.7438423159,2.3449546797000003,1.0338892302040549e-32
48.7487362065,2.3449546797000003,3.151262818065118e-33
48.7536300971,2.3449546797000003,1.9539977036458817e-33
48.7585239877,2.3449546797000003,1.437606297021522e-28
48.7634178783,2.3449546797000003,6.2726120277973604e-24
48.7683117689,2.3449546797000003,9.317900824373156e-20
48.7732056595,2.3449546797000003,4.712467441529361e-16
48.7780995501,2.3449546797000003,8.114079592074472e-13
48.7829934407,2.3449546797000003,4.756535977002187e-10
48.7878873313,2.3449546797000003,9.49298796467865e-08
48.7927812219,2.3449546797000003,6.450237359443683e-06
48.7976751125,2.3449546797000003,0.0001492138321512056
48.8025690031,2.3449546797000003,0.0011751764878667407
48.8074628937,2.3449546797000003,0.00315106763608543
48.8123567843,2.3449546797000003,0.0028765569615776506
48.8172506749,2.3449546797000003,0.0008940233324549976
48.8221445655,2.3449546797000003,9.459873958306015e-05
48.8270384561,2.3449546797000003,3.4078656768859554e-06
48.8319323467,2.3449546797000003,4.179652818033324e-08
48.8368262373,2.3449546797000003,1.7452537133008271e-10
48.8417201279,2.3449546797000003,2.4810616422857377e-13
48.8466140185,2.3449546797000003,1.2008202084340815e-16
48.8515079091,2.3449546797000003,2.9732518504039514e-20
48.8564017997,2.3449546797000003,3.610072015013963e-19
48.8612956903,2.3449546797000003,1.0948206756160458e-17
48.8661895809,2.3449546797000003,2.8660154613032357e-16
48.8710834715,2.3449546797000003,6.77619542200233e-14
48.8759773621,2.3449546797000003,1.091640493783797e-10
48.8808712527,2.3449546797000003,5.04603883945776e-08
48.8857651433,2.3449546797000003,6.1296794161120165e-06
48.8906590339,2.3449546797000003,0.00019550770102175717
48.8955529245,2.3449546797000003,0.00163726461797161
48.9004468151,2.3449546797000003,0.0036000030346056452
48.9053407057,2.3449546797000003,0.002078392605441745
48.9102345963,2.3449546797000003,0.0003153957685108881
48.9151284869,2.3449546797000003,1.4075181547082484e-05
48.9200223775,2.3449546797000003,5.523725595071295e-06
48.9249162681,2.3449546797000003,1.5803361280826393e-05
48.9298101587,2.3449546797000003,3.869047318970029e-05
48.9347040493,2.3449546797000003,7.91408389948973e-05
48.9395979399,2.3449546797000003,0.0001352475559063207
48.9444918305,2.3449546797000003,0.00019310359763742715
48.9493857211,2.3449546797000003,0.00023034748152239248
48.9542796117,2.3449546797000003,0.00022956661760181683
48.9591735023,2.3449546797000003,0.00019114641909931512
48.9640673929,2.3449546797000003,0.0001329706406841564
48.9689612835,2.3449546797000003,7.728185181163026e-05
48.9738551741,2.3449546797000003,3.75259281392889e-05
48.9787490647,2.3449546797000003,1.5223605771866821e-05
48.7389484253,2.3498485703,1.0552556449968185e-27
48.7438423159,2.3498485703,4.932003737910223e-28
48.7487362065,2.3498485703,1.9973499959174586e-28
48.7536300971,2.3498485703,7.008903512720839e-29
48.7585239877,2.3498485703,2.3458084672093966e-29
48.7634178783,2.3498485703,1.3998149489494681e-25
48.7683117689,2.3498485703,3.1073358027548813e-21
48.7732056595,2.3498485703,2.348463381136242e-17
48.7780995501,2.3498485703,6.04282501610716e-14
48.7829934407,2.3498485703,5.293670016981298e-11
48.7878873313,2.3498485703,1.5788262377804332e-08
48.7927812219,2.3498485703,1.6031436019545666e-06
48.7976751125,2.3498485703,5.5420589232342675e-05
48.8025690031,2.3498485703,0.0006522746094581924
48.8074628937,2.3498485703,0.002613668054564656
48.8123567843,2.3498485703,0.0035655867551860096
48.8172506749,2.3498485703,0.001656045281908282
48.8221445655,2.3498485703,0.00026186293386733244
48.8270384561,2.3498485703,1.409731723027235e-05
48.8319323467,2.3498485703,2.58380383146958e-07
48.8368262373,2.3498485703,1.6122902394710152e-09
48.8417201279,2.3498485703,3.425212605583659e-12
48.8466140185,2.3498485703,2.477409404347072e-15
48.8515079091,2.3498485703,1.6748582328956342e-18
48.8564017997,2.3498485703,3.122774211650958e-17
48.8612956903,2.3498485703,7.651322789066891e-16
48.8661895809,2.3498485703,1.5674211505082972e-14
48.8710834715,2.3498485703,3.4381848660339557e-13
48.8759773621,2.3498485703,1.3464306648151836e-10
48.8808712527,2.3498485703,5.9206301747258244e-08
48.8857651433,2.3498485703,7.025255093998866e-06
48.8906590339,2.3498485703,0.0002190134172767894
48.8955529245,2.3498485703,0.0017927793511021352
48.9004468151,2.3498485703,0.0038532127981275952
48.9053407057,2.3498485703,0.0021750442305988383
48.9102345963,2.3498485703,0.0003251850977820307
48.9151284869,2.3498485703,2.2822348921245815e-05
48.9200223775,2.3498485703,2.928895697051319e-05
48.9249162681,2.3498485703,6.904279714927437e-05
48.9298101587,2.3498485703,0.00013657238742170318
48.9347040493,2.3498485703,0.00022570529447566803
48.9395979399,2.3498485703,0.00031163968488948877
48.9444918305,2.3498485703,0.00035949754612484496
48.9493857211,2.3498485703,0.0003464744929863531
48.9542796117,2.3498485703,0.0002789836612082218
48.9591735023,2.3498485703,0.00018768019012066012
48.9640673929,2.3498485703,0.00010548489232443046
48.9689612835,2.3498485703,4.953295720940207e-05
48.9738551741,2.3498485703,1.943257774300916e-05
48.9787490647,2.3498485703,6.369403095314899e-06
48.7389484253,2.3547424609,1.1185238693527085e-23
48.7438423159,2.3547424609,6.945948232351182e-24
48.7487362065,2.3547424609,3.737514540978701e-24
48.7536300971,2.3547424609,1.7426063917838707e-24
48.7585239877,2.3547424609,7.040131871991665e-25
48.7634178783,2.3547424609,2.4911846753962235e-25
48.7683117689,2.3547424609,8.862738171342188e-23
48.7732056595,2.3547424609,1.0001436607326261e-18
48.7780995501,2.3547424609,3.845775502504577e-15
48.7829934407,2.3547424609,5.034613094674079e-12
48.7878873313,2.3547424609,2.2439278833727985e-09
48.7927812219,2.3547424609,3.4049623266799147e-07
48.7976751125,2.3547424609,1.759042566096736e-05
48.8025690031,2.3547424609,0.00030938624985086524
48.8074628937,2.3547424609,0.0018526197499223406
48.8123567843,2.3547424609,0.0037768713559251954
48.8172506749,2.3547424609,0.002621432728959366
48.8221445655,2.3547424609,0.0006194494389272435
48.8270384561,2.3547424609,4.983490471765099e-05
48.8319323467,2.3547424609,1.3649665930547938e-06
48.8368262373,2.3547424609,1.2728318503461697e-08
48.8417201279,2.3547424609,4.0409238727472655e-11
48.8466140185,2.3547424609,4.367980806593075e-14
48.8515079091,2.3547424609,1.0106562455582347e-16
48.8564017997,2.3547424609,2.0138679816656685e-15
48.8612956903,2.3547424609,3.986659936860092e-14
48.8661895809,2.3547424609,6.593703552093747e-13
48.8710834715,2.3547424609,9.202895534583495e-12
48.8759773621,2.3547424609,2.6000995048196697e-10
48.8808712527,2.3547424609,6.945719849298289e-08
48.8857651433,2.3547424609,7.952019930843208e-06
48.8906590339,2.3547424609,0.00024213691395938474
48.8955529245,2.3547424609,0.0019372745737954613
48.9004468151,2.3547424609,0.004070656782848816
48.9053407057,2.3547424609,0.00225023802142144
48.9102345963,2.3547424609,0.00034379891343346643
48.9151284869,2.3547424609,6.370544517137013e-05
48.9200223775,2.3547424609,0.00011768390998005358
48.9249162681,2.3547424609,0.00022488413274443525
48.9298101587,2.3547424609,0.00035940747539275387
48.9347040493,2.3547424609,0.0004798971667849982
48.9395979399,2.3547424609,0.0005353544662631033
48.9444918305,2.3547424609,0.0004989612720936637
48.9493857211,2.3547424609,0.00038852986770356995
48.9542796117,2.3547424609,0.00025276337523894206
48.9591735023,2.3547424609,0.00013738396481240367
48.9640673929,2.3547424609,6.238642639655439e-05
48.9689612835,2.3547424609,2.3668805268211936e-05
48.9738551741,2.3547424609,7.502305202944047e-06
48.9787490647,2.3547424609,1.9867594293421982e-06
48.7389484253,2.3596363515,3.500189746308589e-20
48.7438423159,2.3596363515,2.888008365233782e-20
48.7487362065,2.3596363515,2.0647637571245166e-20
48.7536300971,2.3596363515,1.2791084056649465e-20
48.7585239877,2.3596363515,6.866088553845807e-21
48.7634178783,2.3596363515,3.19357056402952e-21
48.7683117689,2.3596363515,1.2892458539031677e-21
48.7732056595,2.3596363515,3.6848028365069736e-20
48.7780995501,2.3596363515,2.0915645701805492e-16
48.7829934407,2.3596363515,4.091838567644664e-13
48.7878873313,2.3596363515,2.725377150747008e-10
48.7927812219,2.3596363515,6.180097850267031e-08
48.7976751125,2.3596363515,4.771168055152406e-06
48.8025690031,2.3596363515,0.00012540495550099679
48.8074628937,2.3596363515,0.001122187184186303
48.8123567843,2.3596363515,0.0034188223350581195
48.8172506749,2.3596363515,0.003546078800799237
48.8221445655,2.3596363515,0.0012522206280926194
48.8270384561,2.3596363515,0.00015054763831259382
48.8319323467,2.3596363515,6.1620846782685115e-06
48.8368262373,2.3596363515,8.587010596478105e-08
48.8417201279,2.3596363515,4.073961926731411e-10
48.8466140185,2.3596363515,6.582610997870763e-13
48.8515079091,2.3596363515,5.419623133567715e-15
48.8564017997,2.3596363515,9.682486485262018e-14
48.8612956903,2.3596363515,1.5486292315417316e-12
48.8661895809,2.3596363515,2.0693828283930037e-11
48.8710834715,2.3596363515,2.3113842646890809e-10
48.8759773621,2.3596363515,2.3356982771255092e-09
48.8808712527,2.3596363515,9.492298655373966e-08
48.8857651433,2.3596363515,8.973271127544859e-06
48.8906590339,2.3596363515,0.00026462919624940735
48.8955529245,2.3596363515,0.0020677138904988185
48.9004468151,2.3596363515,0.00425071321320846
48.9053407057,2.3596363515,0.002318831769215221
48.9102345963,2.3596363515,0.00040991305597571276
48.9151284869,2.3596363515,0.0002030323274089898
48.9200223775,2.3596363515,0.0003534522784423307
48.9249162681,2.3596363515,0.0005460919085321709
48.9298101587,2.3596363515,0.0007051421140990022
48.9347040493,2.3596363515,0.0007607114758864287
48.9395979399,2.3596363515,0.0006856388953075086
48.9444918305,2.3596363515,0.0005163011458940437
48.9493857211,2.3596363515,0.000324820099619378
48.9542796117,2.3596363515,0.0001707319754482346
48.9591735023,2.3596363515,7.497543589187966e-05
48.9640673929,2.3596363515,2.7507764474149497e-05
48.9689612835,2.3596363515,8.431867219661904e-06
48.9738551741,2.3596363515,2.159356679738336e-06
48.9787490647,2.3596363515,4.6201616817579044e-07
48.7389484253,2.3645302421,3.2336773115976566e-17
48.7438423159,2.3645302421,3.545064252506099e-17
48.7487362065,2.3645302421,3.3675697935770225e-17
48.7536300971,2.3645302421,2.7718783260584014e-17
48.7585239877,2.3645302421,1.9769549953435636e-17
48.7634178783,2.3645302421,1.2217559592947388e-17
48.7683117689,2.3645302421,6.542401836530047e-18
48.7732056595,2.3645302421,3.036805239157959e-18
48.7780995501,2.3645302421,1.0941282556888586e-17
48.7829934407,2.3645302421,2.8419768414974746e-14
48.7878873313,2.3645302421,2.8287038597008046e-11
48.7927812219,2.3645302421,9.585649542516936e-09
48.7976751125,2.3645302421,1.1059009583706692e-06
48.8025690031,2.3645302421,4.343817231092676e-05
48.8074628937,2.3645302421,0.0005808814058730944
48.8123567843,2.3645302421,0.002644624565557478
48.8172506749,2.3645302421,0.004099219767641368
48.8221445655,2.3645302421,0.00216321157835456
48.8270384561,2.3645302421,0.0003886488768374805
48.8319323467,2.3645302421,2.3772587628165232e-05
48.8368262373,2.3645302421,4.950580406842249e-07
48.8417201279,2.3645302421,3.509913954263174e-09
48.8466140185,2.3645302421,8.484342051694504e-12
48.8515079091,2.3645302421,2.3134906273997834e-13
48.8564017997,2.3645302421,3.470629186811233e-12
48.8612956903,2.3645302421,4.4848824252568386e-11
48.8661895809,2.3645302421,4.842017292672347e-10
48.8710834715,2.3645302421,4.367637804140298e-09
48.8759773621,2.3645302421,3.312181285606799e-08
48.8808712527,2.3645302421,2.952328177880893e-07
48.8857651433,2.3645302421,1.0849440763786401e-05
48.8906590339,2.3645302421,0.0002889475991357051
48.8955529245,2.3645302421,0.0021899026715951784
48.9004468151,2.3645302421,0.0044142380896147505
48.9053407057,2.3645302421,0.0024362057369039227
48.9102345963,2.3645302421,0.000614075765603432
48.9151284869,2.3645302421,0.0005412738686704184
48.9200223775,2.3645302421,0.0007918398955332933
48.9249162681,2.3645302421,0.0009886402317358838
48.9298101587,2.3645302421,0.0010314104890106473
48.9347040493,2.3645302421,0.0008989946198413879
48.9395979399,2.3645302421,0.0006546584916584027
48.9444918305,2.3645302421,0.00039829484204327294
48.9493857211,2.3645302421,0.00020245416833530912
48.9542796117,2.3645302421,8.59767307977867e-05
48.9591735023,2.3645302421,3.0504737749085934e-05
48.9640673929,2.3645302421,9.042444000469343e-06
48.9689612835,2.3645302421,2.239425008918158e-06
48.9738551741,2.3645302421,4.633609000878355e-07
48.9787490647,2.3645302421,8.010034885947892e-08
48.7389484253,2.3694241327,8.819836417566628e-15
48.7438423159,2.3694241327,1.2847201462863342e-14
48.7487362065,2.3694241327,1.6215173567329067e-14
48.7536300971,2.3694241327,1.7733715295374565e-14
48.7585239877,2.3694241327,1.6805170571034818e-14
48.7634178783,2.3694241327,1.379911331096122e-14
48.7683117689,2.3694241327,9.818033277254048e-15
48.7732056595,2.3694241327,6.0528914254139494e-15
48.7780995501,2.3694241327,3.233837393143298e-15
48.7829934407,2.3694241327,3.183458101856898e-15
48.7878873313,2.3694241327,2.5095474136137523e-12
48.7927812219,2.3694241327,1.2705476839996136e-09
48.7976751125,2.3694241327,2.190538598969667e-07
48.8025690031,2.3694241327,1.285794442521062e-05
48.8074628937,2.3694241327,0.00025695247211339733
48.8123567843,2.3694241327,0.0017482143394504054
48.8172506749,2.3694241327,0.00404946059951098
48.8221445655,2.3694241327,0.0031934513109682446
48.8270384561,2.3694241327,0.0008574011115062121
48.8319323467,2.3694241327,7.837334934421374e-05
48.8368262373,2.3694241327,2.4390089499100056e-06
48.8417201279,2.3694241327,2.5841604054617452e-08
48.8466140185,2.3694241327,9.371105878170288e-11
48.8515079091,2.3694241327,7.536143456619877e-12
48.8564017997,2.3694241327,9.274594126565756e-11
48.8612956903,2.3694241327,9.683224805821754e-10
48.8661895809,2.3694241327,8.446513980020442e-09
48.8710834715,2.3694241327,6.155569232839303e-08
48.8759773621,2.3694241327,3.750277778170737e-07
48.8808712527,2.3694241327,2.004342316000851e-06
48.8857651433,2.3694241327,1.870540658231308e-05
48.8906590339,2.3694241327,0.00033052622289260356
48.8955529245,2.3694241327,0.002340220214777716
48.9004468151,2.3694241327,0.004635543057452713
48.9053407057,2.3694241327,0.0027169892408470085
48.9102345963,2.3694241327,0.0010660180717802423
48.9151284869,2.3694241327,0.0011062168283200004
48.9200223775,2.3694241327,0.0013227148033907047
48.9249162681,2.3694241327,0.0013343699050781287
48.9298101587,2.3694241327,0.0011247390577173865
48.9347040493,2.3694241327,0.0007920626966362628
48.9395979399,2.3694241327,0.0004660145829695565
48.9444918305,2.3694241327,0.00022907179467373604
48.9493857211,2.3694241327,9.407536094506176e-05
48.9542796117,2.3694241327,3.2278424744674137e-05
48.9591735023,2.3694241327,9.252965326290024e-06
48.9640673929,2.3694241327,2.216060951527907e-06
48.9689612835,2.3694241327,4.4341934042372476e-07
48.9738551741,2.3694241327,7.412756355620314e-08
48.9787490647,2.3694241327,1.0353256744735963e-08
48.7389484253,2.3743180233,7.102040434355274e-13
48.7438423159,2.3743180233,1.374522070417613e-12
48.7487362065,2.3743180233,2.3050765766073337e-12
48.7536300971,2.3743180233,3.349531454757183e-12
48.7585239877,2.3743180233,4.2174294500878405e-12
48.7634178783,2.3743180233,4.601258737459086e-12
48.7683117689,2.3743180233,4.349812599194391e-12
48.7732056595,2.3743180233,3.563112227131383e-12
48.7780995501,2.3743180233,2.5290273227796387e-12
48.7829934407,2.3743180233,1.5554873614619115e-12
48.7878873313,2.3743180233,1.0190582469160919e-12
48.7927812219,2.3743180233,1.4429686969572528e-10
48.7976751125,2.3743180233,3.707921529732309e-08
48.8025690031,2.3743180233,3.252480543009918e-06
48.8074628937,2.3743180233,9.713176515382083e-05
48.8123567843,2.3743180233,0.00098757135338785
48.8172506749,2.3743180233,0.0034185056994356228
48.8221445655,2.3743180233,0.004028698386199768
48.8270384561,2.3743180233,0.00161641853833479
48.8319323467,2.3743180233,0.00022080225907767653
48.8368262373,2.3743180233,1.0268661233644222e-05
48.8417201279,2.3743180233,1.625876499867588e-07
48.8466140185,2.3743180233,8.915717033535504e-10
48.8515079091,2.3743180233,1.8461699237352413e-10
48.8564017997,2.3743180233,1.8477660615091345e-09
48.8612956903,2.3743180233,1.5586704777407157e-08
48.8661895809,2.3743180233,1.0984847534647758e-07
48.8710834715,2.3743180233,6.46794081204112e-07
48.8759773621,2.3743180233,3.182044551860852e-06
48.8808712527,2.3743180233,1.3184216784392063e-05
48.8857651433,2.3743180233,5.626901639296026e-05
48.8906590339,2.3743180233,0.0004450103319043865
48.8955529245,2.3743180233,0.002618263650400318
48.9004468151,2.3743180233,0.0050473765927469515
48.9053407057,2.3743180233,0.0032645426392101853
48.9102345963,2.3743180233,0.0017406140573539453
48.9151284869,2.3743180233,0.001698576127150137
48.9200223775,2.3743180233,0.0016473216301788715
48.9249162681,2.3743180233,0.0013427017988886579
48.9298101587,2.3743180233,0.000914402389914062
48.9347040493,2.3743180233,0.000520268306007051
48.9395979399,2.3743180233,0.00024731448403322084
48.9444918305,2.3743180233,9.822089724604712e-05
48.9493857211,2.3743180233,3.2590453695253795e-05
48.9542796117,2.3743180233,9.034603126153966e-06
48.9591735023,2.3743180233,2.0924732599005654e-06
48.9640673929,2.3743180233,4.048954711893769e-07
48.9689612835,2.3743180233,6.545730114183317e-08
48.9738551741,2.3743180233,8.84108400040403e-09
48.9787490647,2.3743180233,9.976676833163064e-10
48.7389484253,2.3792119139,1.6883578845213633e-11
48.7438423159,2.3792119139,4.341638504101565e-11
48.7487362065,2.3792119139,9.674039870416e-11
48.7536300971,2.3792119139,1.8677861412920118e-10
48.7585239877,2.3792119139,3.1247227353777004e-10
48.7634178783,2.3792119139,4.529610814671996e-10
48.7683117689,2.3792119139,5.689516397811293e-10
48.7732056595,2.3792119139,6.192341239918841e-10
48.7780995501,2.3792119139,5.839820136764418e-10
48.7829934407,2.3792119139,4.772095518918415e-10
48.7878873313,2.3792119139,3.37908932500139e-10
48.7927812219,2.3792119139,2.2124186285668713e-10
48.7976751125,2.3792119139,5.47372970261084e-09
48.8025690031,2.3792119139,7.031247257881355e-07
48.8074628937,2.3792119139,3.1377128587677196e-05
48.8123567843,2.3792119139,0.00047674423610571563
48.8172506749,2.3792119139,0.002466144923966831
48.8221445655,2.3792119139,0.0043432253688883244
48.8270384561,2.3792119139,0.00260415457025208
48.8319323467,2.3792119139,0.0005315960841367243
48.8368262373,2.3792119139,3.694515001854053e-05
48.8417201279,2.3792119139,8.741949953839887e-07
48.8466140185,2.3792119139,7.3864841990978094e-09
48.8515079091,2.3792119139,3.3837044343841746e-09
48.8564017997,2.3792119139,2.744507613698153e-08
48.8612956903,2.3792119139,1.8704837858209474e-07
48.8661895809,2.3792119139,1.0650644910166213e-06
48.8710834715,2.3792119139,5.066756627301017e-06
48.8759773621,2.3792119139,2.013829322451635e-05
48.8808712527,2.3792119139,6.698661833805337e-05
48.8857651433,2.3792119139,0.000197540490220477
48.8906590339,2.3792119139,0.0007569243427623741
48.8955529245,2.3792119139,0.0031667838544813445
48.9004468151,2.3792119139,0.005722587862902018
48.9053407057,2.3792119139,0.003974492879323642
48.9102345963,2.3792119139,0.002334753602682397
48.9151284869,2.3792119139,0.001949722779944111
48.9200223775,2.3792119139,0.0015295516377095853
48.9249162681,2.3792119139,0.0010072754929375195
48.9298101587,2.3792119139,0.0005542277555978546
48.9347040493,2.3792119139,0.0002547771786856028
48.9395979399,2.3792119139,9.785092664040886e-05
48.9444918305,2.3792119139,3.1397967368374706e-05
48.9493857211,2.3792119139,8.417251999928038e-06
48.9542796117,2.3792119139,1.885261126983611e-06
48.9591735023,2.3792119139,3.527818674609131e-07
48.9640673929,2.3792119139,5.515477266213325e-08
48.9689612835,2.3792119139,7.2056483326868704e-09
48.9738551741,2.3792119139,7.878608785037214e-10
48.9787490647,2.3792119139,7.330387204350725e-11
48.7389484253,2.3841058045,1.184962589719055e-10
48.7438423159,2.3841058045,4.0486884821998685e-10
48.7487362065,2.3841058045,1.1986410522938244e-09
48.7536300971,2.3841058045,3.074885838378214e-09
48.7585239877,2.3841058045,6.834927429681472e-09
48.7634178783,2.3841058045,1.316448524781506e-08
48.7683117689,2.3841058045,2.197044834307893e-08
48.7732056595,2.3841058045,3.177159513947911e-08
48.7780995501,2.3841058045,3.9811100498969696e-08
48.7829934407,2.3841058045,4.32249409934802e-08
48.7878873313,2.3841058045,4.06658360529563e-08
48.7927812219,2.3841058045,3.315164976174032e-08
48.7976751125,2.3841058045,2.4079149098794728e-08
48.8025690031,2.3841058045,1.4420844212396786e-07
48.8074628937,2.3841058045,8.669391993390356e-06
48.8123567843,2.3841058045,0.00019667686346904584
48.8172506749,2.3841058045,0.0015203529896785648
48.8221445655,2.3841058045,0.004001319065073974
48.8270384561,2.3841058045,0.0035852782510400454
48.8319323467,2.3841058045,0.0010937125744649588
48.8368262373,2.3841058045,0.00011359112261755588
48.8417201279,2.3841058045,4.017101852422462e-06
48.8466140185,2.3841058045,5.4196815181132135e-08
48.8515079091,2.3841058045,4.630962042663911e-08
48.8564017997,2.3841058045,3.039119389190813e-07
48.8612956903,2.3841058045,1.6734745096025398e-06
48.8661895809,2.3841058045,7.698802802830459e-06
48.8710834715,2.3841058045,2.9590991521665783e-05
48.8759773621,2.3841058045,9.502316416855192e-05
48.8808712527,2.3841058045,0.0002550585084819001
48.8857651433,2.3841058045,0.0005839766996345344
48.8906590339,2.3841058045,0.0014036413903110176
48.8955529245,2.3841058045,0.004001902694369084
48.9004468151,2.3841058045,0.006453509912695216
48.9053407057,2.3841058045,0.0044419420031052165
48.9102345963,2.3841058045,0.0024399425603208835
48.9151284869,2.3841058045,0.0016709903532339406
48.9200223775,2.3841058045,0.001058821732553653
48.9249162681,2.3841058045,0.0005633555326801985
48.9298101587,2.3841058045,0.00025044083577749533
48.9347040493,2.3841058045,9.301670704747282e-05
48.9395979399,2.3841058045,2.8863751009427462e-05
48.9444918305,2.3841058045,7.483321439735795e-06
48.9493857211,2.3841058045,1.6212900401448788e-06
48.9542796117,2.3841058045,2.938399505952034e-07
48.9591735023,2.3841058045,4.4877213974614225e-08
48.9640673929,2.3841058045,6.103566951364476e-09
48.9689612835,2.3841058045,1.045437095450174e-09
48.9738551741,2.3841058045,4.4759999051983167e-10
48.9787490647,2.3841058045,3.3529197916936665e-10
48.7389484253,2.3889996951,2.4552941451366837e-10
48.7438423159,2.3889996951,1.1146379456910743e-09
48.7487362065,2.3889996951,4.3845919492249895e-09
48.7536300971,2.3889996951,1.4944782656524516e-08
48.7585239877,2.3889996951,4.413824771454644e-08
48.7634178783,2.3889996951,1.1295504551686113e-07
48.7683117689,2.3889996951,2.504731889152525e-07
48.7732056595,2.3889996951,4.812623840804762e-07
48.7780995501,2.3889996951,8.012492835124992e-07
48.7829934407,2.3889996951,1.1558951811603431e-06
48.7878873313,2.3889996951,1.4448884361822846e-06
48.7927812219,2.3889996951,1.5650033209052883e-06
48.7976751125,2.3889996951,1.4688651902943992e-06
48.8025690031,2.3889996951,1.2149641956933317e-06
48.8074628937,2.3889996951,2.885046391886773e-06
48.8123567843,2.3889996951,6.984832448845764e-05
48.8172506749,2.3889996951,0.0008012352185558469
48.8221445655,2.3889996951,0.0031503168499230736
48.8270384561,2.3889996951,0.0042182002599396905
48.8319323467,2.3889996951,0.0019229661208289433
48.8368262373,2.3889996951,0.0002984578580069913
48.8417201279,2.3889996951,1.578138635419405e-05
48.8466140185,2.3889996951,3.5802001122074103e-07
48.8515079091,2.3889996951,4.731513407938457e-07
48.8564017997,2.3889996951,2.5093480155348323e-06
48.8612956903,2.3889996951,1.1162865589290163e-05
48.8661895809,2.3889996951,4.149046430277859e-05
48.8710834715,2.3889996951,0.00012884311590872938
48.8759773621,2.3889996951,0.00033427960906835515
48.8808712527,2.3889996951,0.0007247186623795475
48.8857651433,2.3889996951,0.001325141048839939
48.8906590339,2.3889996951,0.00232118870010042
48.8955529245,2.3889996951,0.0048001680440585915
48.9004468151,2.3889996951,0.006752793759796254
48.9053407057,2.3889996951,0.004267851818491226
48.9102345963,2.3889996951,0.0019623129324147057
48.9151284869,2.3889996951,0.001069632637865899
48.9200223775,2.3889996951,0.0005465190692989241
48.9249162681,2.3889996951,0.00023496169396023704
48.9298101587,2.3889996951,8.443733410127085e-05
48.9347040493,2.3889996951,2.5388438429386286e-05
48.9395979399,2.3889996951,6.418665337934559e-06
48.9444918305,2.3889996951,1.398681020836961e-06
48.9493857211,2.3889996951,2.972456958493266e-07
48.9542796117,2.3889996951,9.208025291858459e-08
48.9591735023,2.3889996951,5.4418461521775435e-08
48.9640673929,2.3889996951,4.2318979417192234e-08
48.9689612835,2.3889996951,3.365909504485084e-08
48.9738551741,2.3889996951,2.5984636250867605e-08
48.9787490647,2.3889996951,1.9332082921818496e-08
48.7389484253,2.3938935857,1.50196981802236e-10
48.7438423159,2.3938935857,9.059663442556222e-10
48.7487362065,2.3938935857,4.735087302190617e-09
48.7536300971,2.3938935857,2.1444157202895192e-08
48.7585239877,2.3938935857,8.415017789939518e-08
48.7634178783,2.3938935857,2.861318209690949e-07
48.7683117689,2.3938935857,8.43028667749909e-07
48.7732056595,2.3938935857,2.1522047857986778e-06
48.7780995501,2.3938935857,4.760909307463577e-06
48.7829934407,2.3938935857,9.12559716638088e-06
48.7878873313,2.3938935857,1.5156459239674099e-05
48.7927812219,2.3938935857,2.1812192109221367e-05
48.7976751125,2.3938935857,2.719982558830698e-05
48.8025690031,2.3938935857,2.9392659473626308e-05
48.8074628937,2.3938935857,2.792859606145013e-05
48.8123567843,2.3938935857,4.3211348376942545e-05
48.8172506749,2.3938935857,0.0003762916396918218
48.8221445655,2.3938935857,0.0021289653474942665
48.8270384561,2.3938935857,0.004246010764325745
48.8319323467,2.3938935857,0.002891500454044724
48.8368262373,2.3938935857,0.0006710525294672368
48.8417201279,2.3938935857,5.336389431714039e-05
48.8466140185,2.3938935857,2.253050666924798e-06
48.8515079091,2.3938935857,3.697200730827712e-06
48.8564017997,2.3938935857,1.5568141252416536e-05
48.8612956903,2.3938935857,5.5705169633035025e-05
48.8661895809,2.3938935857,0.00016700324883730136
48.8710834715,2.3938935857,0.0004187024339420503
48.8759773621,2.3938935857,0.0008773850352159733
48.8808712527,2.3938935857,0.001536478358913861
48.8857651433,2.3938935857,0.0022609723669767125
48.8906590339,2.3938935857,0.0030814968702932554
48.8955529245,2.3938935857,0.005030826500374302
48.9004468151,2.3938935857,0.006289174475113308
48.9053407057,2.3938935857,0.0034987856797673964
48.9102345963,2.3938935857,0.0012356076742530472
48.9151284869,2.3938935857,0.0005162227306511408
48.9200223775,2.3938935857,0.00021414133141894735
48.9249162681,2.3938935857,7.688305567842807e-05
48.9298101587,2.3938935857,2.491494746321906e-05
48.9347040493,2.3938935857,8.596475421689804e-06
48.9395979399,2.3938935857,4.133433198577409e-06
48.9444918305,2.3938935857,2.8387758267687485e-06
48.9493857211,2.3938935857,2.2321256678274765e-06
48.9542796117,2.3938935857,1.7646764721585989e-06
48.9591735023,2.3938935857,1.354226488591749e-06
48.9640673929,2.3938935857,1.001912653479099e-06
48.9689612835,2.3938935857,7.13847542846006e-07
48.9738551741,2.3938935857,4.897260694017103e-07
48.9787490647,2.3938935857,3.234934653212147e-07
48.7389484253,2.3987874763,2.7142053445919958e-11
48.7438423159,2.3987874763,2.1745448550625028e-10
48.7487362065,2.3987874763,1.5098897010319071e-09
48.7536300971,2.3987874763,9.084902542026172e-09
48.7585239877,2.3987874763,4.736681850802532e-08
48.7634178783,2.3987874763,2.139929570133632e-07
48.7683117689,2.3987874763,8.377084523336461e-07
48.7732056595,2.3987874763,2.8415354581305514e-06
48.7780995501,2.3987874763,8.351787410241387e-06
48.7829934407,2.3987874763,2.1270209738162593e-05
48.7878873313,2.3987874763,4.693861131625524e-05
48.7927812219,2.3987874763,8.975431720677689e-05
48.7976751125,2.3987874763,0.0001487127973608099
48.8025690031,2.3987874763,0.00021350727827491005
48.8074628937,2.3987874763,0.0002656862765797665
48.8123567843,2.3987874763,0.0002917217639468467
48.8172506749,2.3987874763,0.00040625744989789106
48.8221445655,2.3987874763,0.0014352022785122697
48.8270384561,2.3987874763,0.003796052696381002
48.8319323467,2.3987874763,0.0038028112395378584
48.8368262373,2.3987874763,0.0013362188997639926
48.8417201279,2.3987874763,0.0001777962687676653
48.8466140185,2.3987874763,2.453711050814899e-05
48.8515079091,2.3987874763,3.097611520979601e-05
48.8564017997,2.3987874763,8.309110878133848e-05
48.8612956903,2.3987874763,0.00022250770962698357
48.8661895809,2.3987874763,0.0005224489520790858
48.8710834715,2.3987874763,0.0010433010399501714
48.8759773621,2.3987874763,0.0017546235333540112
48.8808712527,2.3987874763,0.0024762092581817273
48.8857651433,2.3987874763,0.002941390301797416
48.8906590339,2.3987874763,0.00322944788291572
48.8955529245,2.3987874763,0.004546210927121071
48.9004468151,2.3987874763,0.00534160266244113
48.9053407057,2.3987874763,0.002653574692250663
48.9102345963,2.3987874763,0.0007269577485734917
48.9151284869,2.3987874763,0.0002691250596406445
48.9200223775,2.3987874763,0.00013756990806360202
48.9249162681,2.3987874763,8.558908816119966e-05
48.9298101587,2.3987874763,6.276109297857728e-05
48.9347040493,2.3987874763,4.924777599689422e-05
48.9395979399,2.3987874763,3.860334099804841e-05
48.9444918305,2.3987874763,2.9425615754182323e-05
48.9493857211,2.3987874763,2.1644602817978316e-05
48.9542796117,2.3987874763,1.53362711128356e-05
48.9591735023,2.3987874763,1.0463654264136312e-05
48.9640673929,2.3987874763,6.874084356198815e-06
48.9689612835,2.3987874763,4.348210222940704e-06
48.9738551741,2.3987874763,2.648316916865232e-06
48.9787490647,2.3987874763,1.5530773109752588e-06
48.7389484253,2.4036813669,9.226679095756548e-12
48.7438423159,2.4036813669,4.031685620372178e-11
48.7487362065,2.4036813669,2.1893038632764742e-10
48.7536300971,2.4036813669,1.3642180170892564e-09
48.7585239877,2.4036813669,8.522724675161266e-09
48.7634178783,2.4036813669,4.9040649453371135e-08
48.7683117689,2.4036813669,2.5049960615009786e-07
48.7732056595,2.4036813669,1.1196883535763602e-06
48.7780995501,2.4036813669,4.3550703157695676e-06
48.7829934407,2.4036813669,1.4706589100604321e-05
48.7878873313,2.4036813669,4.3074914117513436e-05
48.7927812219,2.4036813669,0.00010938190712206013
48.7976751125,2.4036813669,0.00024076661435017013
48.8025690031,2.4036813669,0.00045936482522523507
48.8074628937,2.4036813669,0.0007597411826917695
48.8123567843,2.4036813669,0.0010906106621593576
48.8172506749,2.4036813669,0.001400789366041762
48.8221445655,2.4036813669,0.0020627443489199754
48.8270384561,2.4036813669,0.004052821955179764
48.8319323467,2.4036813669,0.005206823982122984
48.8368262373,2.4036813669,0.002946146868723014
48.8417201279,2.4036813669,0.0009528705442628487
48.8466140185,2.4036813669,0.00045427195061897776
48.8515079091,2.4036813669,0.00042539265173345466
48.8564017997,2.4036813669,0.0005921051984694877
48.8612956903,2.4036813669,0.00097901486787788
48.8661895809,2.4036813669,0.0016109550625328917
48.8710834715,2.4036813669,0.0024157269223124157
48.8759773621,2.4036813669,0.003177332776850339
48.8808712527,2.4036813669,0.0036096487688105114
48.8857651433,2.4036813669,0.0035459736955269433
48.8906590339,2.4036813669,0.0033211828932819872
48.8955529245,2.4036813669,0.004285813303381731
48.9004468151,2.4036813669,0.004959864054074316
48.9053407057,2.4036813669,0.002574384704988493
48.9102345963,2.4036813669,0.0009523494456602516
48.9151284869,2.4036813669,0.0005937943630912497
48.9200223775,2.4036813669,0.00045660202079796195
48.9249162681,2.4036813669,0.0003531823542911463
48.9298101587,2.4036813669,0.0002668012930773506
48.9347040493,2.4036813669,0.0001949581222437792
48.9395979399,2.4036813669,0.00013734314628760936
48.9444918305,2.4036813669,9.318892993651866e-05
48.9493857211,2.4036813669,6.0885084483712605e-05
48.9542796117,2.4036813669,3.830236403791227e-05
48.9591735023,2.4036813669,2.320088691493645e-05
48.9640673929,2.4036813669,1.3531544525098446e-05
48.9689612835,2.4036813669,7.598954730291835e-06
48.9738551741,2.4036813669,4.1088854901580015e-06
48.9787490647,2.4036813669,2.139232129775552e-06
48.7389484253,2.4085752575,1.048543383241353e-09
48.7438423159,2.4085752575,2.9813381064755526e-09
48.7487362065,2.4085752575,8.16442192705933e-09
48.7536300971,2.4085752575,2.15514358347053e-08
48.7585239877,2.4085752575,5.497554285974408e-08
48.7634178783,2.4085752575,1.3647802769945316e-07
48.7683117689,2.4085752575,3.35158005952663e-07
48.7732056595,2.4085752575,8.385424970888486e-07
48.7780995501,2.4085752575,2.212484945518447e-06
48.7829934407,2.4085752575,6.231360367615263e-06
48.7878873313,2.4085752575,1.817246990082857e-05
48.7927812219,2.4085752575,5.193283347722123e-05
48.7976751125,2.4085752575,0.0001384314969599659
48.8025690031,2.4085752575,0.00033331371020295413
48.8074628937,2.4085752575,0.0007121173631837987
48.8123567843,2.4085752575,0.001338027340074557
48.8172506749,2.4085752575,0.002213979982017229
48.8221445655,2.4085752575,0.0034213332994843244
48.8270384561,2.4085752575,0.0056841724306977435
48.8319323467,2.4085752575,0.008287334475368585
48.8368262373,2.4085752575,0.0074255756817544665
48.8417201279,2.4085752575,0.004901254417029527
48.8466140185,2.4085752575,0.0037613489153214435
48.8515079091,2.4085752575,0.0034640288476619997
48.8564017997,2.4085752575,0.0036173011538732963
48.8612956903,2.4085752575,0.0041755873272921245
48.8661895809,2.4085752575,0.004969200601748392
48.8710834715,2.4085752575,0.005683801914340783
48.8759773621,2.4085752575,0.005990500115870886
48.8808712527,2.4085752575,0.005726975976566759
48.8857651433,2.4085752575,0.004999722148244882
48.8906590339,2.4085752575,0.0043365744360174254
48.8955529245,2.4085752575,0.0050021991018826826
48.9004468151,2.4085752575,0.005450217677164284
48.9053407057,2.4085752575,0.0031251320909214627
48.9102345963,2.4085752575,0.001513381045241974
48.9151284869,2.4085752575,0.0010185022340623146
48.9200223775,2.4085752575,0.0007334452569628652
48.9249162681,2.4085752575,0.000512969227026724
48.9298101587,2.4085752575,0.00034598105250181136
48.9347040493,2.4085752575,0.00022478409388518886
48.9395979399,2.4085752575,0.0001406335196127684
48.9444918305,2.4085752575,8.471992199395144e-05
48.9493857211,2.4085752575,4.914141976551327e-05
48.9542796117,2.4085752575,2.7445668831031668e-05
48.9591735023,2.4085752575,1.4759228885414916e-05
48.9640673929,2.4085752575,7.642179158741764e-06
48.9689612835,2.4085752575,3.8100831694827952e-06
48.9738551741,2.4085752575,1.8290070971455408e-06
48.9787490647,2.4085752575,8.45395670066094e-07
48.7389484253,2.4134691481,4.054052915171919e-08
48.7438423159,2.4134691481,1.0232635556964262e-07
48.7487362065,2.4134691481,2.4868485355809937e-07
48.7536300971,2.4134691481,5.819358240648126e-07
48.7585239877,2.4134691481,1.3111904328259449e-06
48.7634178783,2.4134691481,2.8446302794840413e-06
48.7683117689,2.4134691481,5.942553603147623e-06
48.7732056595,2.4134691481,1.1955586842195697e-05
48.7780995501,2.4134691481,2.317486965854475e-05
48.7829934407,2.4134691481,4.3336710866674823e-05
48.7878873313,2.4134691481,7.841144263514931e-05
48.7927812219,2.4134691481,0.00013809909414564956
48.7976751125,2.4134691481,0.00023907279345176594
48.8025690031,2.4134691481,0.00041156783012935566
48.8074628937,2.4134691481,0.0007096295953835585
48.8123567843,2.4134691481,0.0012193110371834038
48.8172506749,2.4134691481,0.0020514329248971595
48.8221445655,2.4134691481,0.003368364897248738
48.8270384561,2.4134691481,0.005779367339360538
48.8319323467,2.4134691481,0.00970152861019664
48.8368262373,2.4134691481,0.011751414703529429
48.8417201279,2.4134691481,0.010639908739887316
48.8466140185,2.4134691481,0.009797930790700985
48.8515079091,2.4134691481,0.009473778899267232
48.8564017997,2.4134691481,0.009117738955889867
48.8612956903,2.4134691481,0.008775827255558694
48.8661895809,2.4134691481,0.008402327909381278
48.8710834715,2.4134691481,0.007803853563007616
48.8759773621,2.4134691481,0.006855182456937672
48.8808712527,2.4134691481,0.005633916674772397
48.8857651433,2.4134691481,0.004370245145687306
48.8906590339,2.4134691481,0.0035130520558126683
48.8955529245,2.4134691481,0.004064228812354203
48.9004468151,2.4134691481,0.004428666805272519
48.9053407057,2.4134691481,0.0023294328543590824
48.9102345963,2.4134691481,0.0009317557146935866
48.9151284869,2.4134691481,0.0005403145436397086
48.9200223775,2.4134691481,0.0003461629710887773
48.9249162681,2.4134691481,0.0002152615410215401
48.9298101587,2.4134691481,0.00012895163460363316
48.9347040493,2.4134691481,7.438692796085707e-05
48.9395979399,2.4134691481,4.1318084336979715e-05
48.9444918305,2.4134691481,2.2097815422049377e-05
48.9493857211,2.4134691481,1.1379482494602871e-05
48.9542796117,2.4134691481,5.642342175725529e-06
48.9591735023,2.4134691481,2.693766992653848e-06
48.9640673929,2.4134691481,1.2382955959392686e-06
48.9689612835,2.4134691481,5.480905615021137e-07
48.9738551741,2.4134691481,2.3358449518516165e-07
48.9787490647,2.4134691481,9.585160606141967e-08
48.7389484253,2.4183630387,4.497168063664917e-07
48.7438423159,2.4183630387,1.0077387489471769e-06
48.7487362065,2.4183630387,2.174305137398819e-06
48.7536300971,2.4183630387,4.517068948393045e-06
48.7585239877,2.4183630387,9.035592617031467e-06
48.7634178783,2.4183630387,1.7402845476419873e-05
48.7683117689,2.4183630387,3.227361541141168e-05
48.7732056595,2.4183630387,5.762870940003553e-05
48.7780995501,2.4183630387,9.908205510977766e-05
48.7829934407,2.4183630387,0.00016402876392516784
48.7878873313,2.4183630387,0.0002614747808582265
48.7927812219,2.4183630387,0.00040140203332629407
48.7976751125,2.4183630387,0.000593660604549458
48.8025690031,2.4183630387,0.0008467575961523226
48.8074628937,2.4183630387,0.0011676063991741727
48.8123567843,2.4183630387,0.0015639904022008687
48.8172506749,2.4183630387,0.0020514440586368123
48.8221445655,2.4183630387,0.0026849759770965222
48.8270384561,2.4183630387,0.0038376172611328464
48.8319323467,2.4183630387,0.006479173852476628
48.8368262373,2.4183630387,0.009132571809689226
48.8417201279,2.4183630387,0.00882051898856548
48.8466140185,2.4183630387,0.008137479121183011
48.8515079091,2.4183630387,0.008366539792297779
48.8564017997,2.4183630387,0.008386443813488907
48.8612956903,2.4183630387,0.0077905719420775215
48.8661895809,2.4183630387,0.006643123056027707
48.8710834715,2.4183630387,0.005179280480996715
48.8759773621,2.4183630387,0.003700176506799081
48.8808712527,2.4183630387,0.002452285831636242
48.8857651433,2.4183630387,0.0015552517868830198
48.8906590339,2.4183630387,0.0012150829579390984
48.8955529245,2.4183630387,0.002157880687575532
48.9004468151,2.4183630387,0.002818927531786053
48.9053407057,2.4183630387,0.001233073433855882
48.9102345963,2.4183630387,0.0002466575927743646
48.9151284869,2.4183630387,8.503976708761082e-05
48.9200223775,2.4183630387,4.6980902390096905e-05
48.9249162681,2.4183630387,2.5929929080232702e-05
48.9298101587,2.4183630387,1.3790822176616331e-05
48.9347040493,2.4183630387,7.062774116450718e-06
48.9395979399,2.4183630387,3.4828164969068323e-06
48.9444918305,2.4183630387,1.6536769770375604e-06
48.9493857211,2.4183630387,7.560223408528653e-07
48.9542796117,2.4183630387,3.327992158331879e-07
48.9591735023,2.4183630387,1.4105667924724197e-07
48.9640673929,2.4183630387,5.7566352217557256e-08
48.9689612835,2.4183630387,2.2620773924252132e-08
48.9738551741,2.4183630387,8.558741347107024e-09
48.9787490647,2.4183630387,3.1179994763651504e-09
48.7389484253,2.4232569293,1.4312849102013718e-06
48.7438423159,2.4232569293,2.8473816812140744e-06
48.7487362065,2.4232569293,5.4541738191407254e-06
48.7536300971,2.4232569293,1.0059489826119267e-05
48.7585239877,2.4232569293,1.786432580870443e-05
48.7634178783,2.4232569293,3.05464678750993e-05
48.7683117689,2.4232569293,5.0292017954561603e-05
48.7732056595,2.4232569293,7.972615481045264e-05
48.7780995501,2.4232569293,0.00012169318935523856
48.7829934407,2.4232569293,0.00017885268028012424
48.7878873313,2.4232569293,0.0002530978908356019
48.7927812219,2.4232569293,0.000344862885443062
48.7976751125,2.4232569293,0.0004524538079305263
48.8025690031,2.4232569293,0.0005716041496643756
48.8074628937,2.4232569293,0.0006955194680701869
48.8123567843,2.4232569293,0.0008158183254171721
48.8172506749,2.4232569293,0.0009252562843699809
48.8221445655,2.4232569293,0.0010300871237241954
48.8270384561,2.4232569293,0.0012862153686671075
48.8319323467,2.4232569293,0.0024992616126433146
48.8368262373,2.4232569293,0.004705187871661886
48.8417201279,2.4232569293,0.004768715049419518
48.8466140185,2.4232569293,0.003428769204836628
48.8515079091,2.4232569293,0.0033088341061566096
48.8564017997,2.4232569293,0.003625576433900548
48.8612956903,2.4232569293,0.003581791632831884
48.8661895809,2.4232569293,0.0030770595329314343
48.8710834715,2.4232569293,0.002289525307177359
48.8759773621,2.4232569293,0.001480173970536204
48.8808712527,2.4232569293,0.0008390540057082908
48.8857651433,2.4232569293,0.00043440457143120693
48.8906590339,2.4232569293,0.00043726388565343716
48.8955529245,2.4232569293,0.0014928620199138036
48.9004468151,2.4232569293,0.0021862450645456235
48.9053407057,2.4232569293,0.0008782468751553324
48.9102345963,2.4232569293,9.851255028246435e-05
48.9151284869,2.4232569293,6.313570419095836e-06
48.9200223775,2.4232569293,1.8862875736912597e-06
48.9249162681,2.4232569293,9.027883513646901e-07
48.9298101587,2.4232569293,4.240902231337828e-07
48.9347040493,2.4232569293,1.925106432328391e-07
48.9395979399,2.4232569293,8.424087689827254e-08
48.9444918305,2.4232569293,3.550614732452422e-08
48.9493857211,2.4232569293,1.441075884561907e-08
48.9542796117,2.4232569293,5.631744512709968e-09
48.9591735023,2.4232569293,2.1191643251007213e-09
48.9640673929,2.4232569293,7.678040053440053e-10
48.9689612835,2.4232569293,2.6785506659282745e-10
48.9738551741,2.4232569293,8.997317796339239e-11
48.9787490647,2.4232569293,2.9099796396103453e-11
48.7389484253,2.4281508199,1.3069240081393515e-06
48.7438423159,2.4281508199,2.3082385178986156e-06
48.7487362065,2.4281508199,3.925316911924774e-06
48.7536300971,2.4281508199,6.427357557510595e-06
48.7585239877,2.4281508199,1.0133369746875937e-05
48.7634178783,2.4281508199,1.538292816678465e-05
48.7683117689,2.4281508199,2.2484737839646328e-05
48.7732056595,2.4281508199,3.16446530827941e-05
48.7780995501,2.4281508199,4.288215003190496e-05
48.7829934407,2.4281508199,5.5952120767156504e-05
48.7878873313,2.4281508199,7.029446210150448e-05
48.7927812219,2.4281508199,8.503471644291171e-05
48.7976751125,2.4281508199,9.905640503173769e-05
48.8025690031,2.4281508199,0.00011117654508376908
48.8074628937,2.4281508199,0.00012053979901397442
48.8123567843,2.4281508199,0.00012762380280378595
48.8172506749,2.4281508199,0.00013675115702695625
48.8221445655,2.4281508199,0.00016247061871162616
48.8270384561,2.4281508199,0.00028110522412624
48.8319323467,2.4281508199,0.0009873669733176734
48.8368262373,2.4281508199,0.0029991105994255367
48.8417201279,2.4281508199,0.004095254316462768
48.8466140185,2.4281508199,0.002732060056159899
48.8515079091,2.4281508199,0.001774187536166175
48.8564017997,2.4281508199,0.0015673997704695917
48.8612956903,2.4281508199,0.0013373783718919102
48.8661895809,2.4281508199,0.0010093089802146729
48.8710834715,2.4281508199,0.0006888312712593755
48.8759773621,2.4281508199,0.00043943175446181654
48.8808712527,2.4281508199,0.00026821664976831375
48.8857651433,2.4281508199,0.00016634231763513875
48.8906590339,2.4281508199,0.00030402019460055285
48.8955529245,2.4281508199,0.0012867997157543414
48.9004468151,2.4281508199,0.0018762982717130563
48.9053407057,2.4281508199,0.00073520864085965
48.9102345963,2.4281508199,7.735740482735291e-05
48.9151284869,2.4281508199,2.7568450599874897e-06
48.9200223775,2.4281508199,2.0907309389172855e-07
48.9249162681,2.4281508199,4.71873553350461e-08
48.9298101587,2.4281508199,1.1008605093301506e-08
48.9347040493,2.4281508199,2.704695438383144e-09
48.9395979399,2.4281508199,7.560321992579228e-10
48.9444918305,2.4281508199,2.399561004153826e-10
48.9493857211,2.4281508199,8.10875780917809e-11
48.9542796117,2.4281508199,2.7554504105101753e-11
48.9591735023,2.4281508199,9.15131466816996e-12
48.9640673929,2.4281508199,2.9393096014881776e-12
48.9689612835,2.4281508199,9.100472051282643e-13
48.9738551741,2.4281508199,2.7136855973712523e-13
48.9787490647,2.4281508199,7.791876974750697e-14
48.7389484253,2.4330447105,3.4238272812172353e-07
48.7438423159,2.4330447105,5.368499905421388e-07
48.7487362065,2.4330447105,8.105088198868546e-07
48.7536300971,2.4330447105,1.1782195759545957e-06
48.7585239877,2.4330447105,1.6491433844832669e-06
48.7634178783,2.4330447105,2.222564094473781e-06
48.7683117689,2.4330447105,2.8841236458513305e-06
48.7732056595,2.4330447105,3.603605862359126e-06
48.7780995501,2.4330447105,4.335367347585689e-06
48.7829934407,2.4330447105,5.022187375114354e-06
48.7878873313,2.4330447105,5.60333705271032e-06
48.7927812219,2.4330447105,6.031878627685439e-06
48.7976751125,2.4330447105,6.331321144550385e-06
48.8025690031,2.4330447105,6.819878754395251e-06
48.8074628937,2.4330447105,8.891791186987275e-06
48.8123567843,2.4330447105,1.7118153957899595e-05
48.8172506749,2.4330447105,4.31707881669928e-05
48.8221445655,2.4330447105,0.0001097749498899968
48.8270384561,2.4330447105,0.0002607581727860196
48.8319323467,2.4330447105,0.0007287317137061578
48.8368262373,2.4330447105,0.002256781175294292
48.8417201279,2.4330447105,0.003965243427165022
48.8466140185,2.4330447105,0.0031012774196021377
48.8515079091,2.4330447105,0.0014976462496343447
48.8564017997,2.4330447105,0.0008549269628553572
48.8612956903,2.4330447105,0.000541483198114324
48.8661895809,2.4330447105,0.0003037981001137341
48.8710834715,2.4330447105,0.0001513694561155369
48.8759773621,2.4330447105,7.373985613060827e-05
48.8808712527,2.4330447105,4.092235612490194e-05
48.8857651433,2.4330447105,3.625938239891542e-05
48.8906590339,2.4330447105,0.00021451945573468627
48.8955529245,2.4330447105,0.0010987201454036263
48.9004468151,2.4330447105,0.0015919273997772006
48.9053407057,2.4330447105,0.0006107797213297729
48.9102345963,2.4330447105,6.277180243047433e-05
48.9151284869,2.4330447105,2.285268353300313e-06
48.9200223775,2.4330447105,2.3798989412237584e-07
48.9249162681,2.4330447105,6.621623216892042e-08
48.9298101587,2.4330447105,1.674158301313472e-08
48.9347040493,2.4330447105,3.6694763164639515e-09
48.9395979399,2.4330447105,6.971851181232403e-10
48.9444918305,2.4330447105,1.1488661370959802e-10
48.9493857211,2.4330447105,1.644491877619633e-11
48.9542796117,2.4330447105,2.0539779141898546e-12
48.9591735023,2.4330447105,2.2704309041337225e-13
48.9640673929,2.4330447105,2.3233015154608056e-14
48.9689612835,2.4330447105,2.494614608176698e-15
48.9738551741,2.4330447105,3.467540311573649e-16
48.9787490647,2.4330447105,6.661220442292503e-17
48.7389484253,2.4379386011,2.5734197450957632e-08
48.7438423159,2.4379386011,3.582304382678436e-08
48.7487362065,2.4379386011,4.8015121665704666e-08
48.7536300971,2.4379386011,6.196654438540764e-08
48.7585239877,2.4379386011,7.700168740762089e-08
48.7634178783,2.4379386011,9.213132451890204e-08
48.7683117689,2.4379386011,1.0614113710286916e-07
48.7732056595,2.4379386011,1.1775803946146269e-07
48.7780995501,2.4379386011,1.2599131738328785e-07
48.7829934407,2.4379386011,1.3157706571626608e-07
48.7878873313,2.4379386011,1.4568962203548915e-07
48.7927812219,2.4379386011,2.3727743277173105e-07
48.7976751125,2.4379386011,7.40660287622897e-07
48.8025690031,2.4379386011,2.9648987915208263e-06
48.8074628937,2.4379386011,1.1000550366462453e-05
48.8123567843,2.4379386011,3.4808926438112575e-05
48.8172506749,2.4379386011,9.242131706757184e-05
48.8221445655,2.4379386011,0.00020527173729439425
48.8270384561,2.4379386011,0.00038459592513884086
48.8319323467,2.4379386011,0.0006860588051300307
48.8368262373,2.4379386011,0.001589106444178971
48.8417201279,2.4379386011,0.0032469965789352325
48.8466140185,2.4379386011,0.003165941112151664
48.8515079091,2.4379386011,0.0013879196530179698
48.8564017997,2.4379386011,0.00045221906221853297
48.8612956903,2.4379386011,0.0001920744929838667
48.8661895809,2.4379386011,8.319861718845387e-05
48.8710834715,2.4379386011,3.094965650864404e-05
48.8759773621,2.4379386011,1.0082299447646776e-05
48.8808712527,2.4379386011,3.4972812580405334e-06
48.8857651433,2.4379386011,1.0036487624417804e-05
48.8906590339,2.4379386011,0.0001735220165698042
48.8955529245,2.4379386011,0.0009362376467274268
48.9004468151,2.4379386011,0.0013343435440217254
48.9053407057,2.4379386011,0.0004998865134684596
48.9102345963,2.4379386011,4.945681563705877e-05
48.9151284869,2.4379386011,1.4614903663832512e-06
48.9200223775,2.4379386011,9.569953512978768e-08
48.9249162681,2.4379386011,3.379317535692759e-08
48.9298101587,2.4379386011,1.1348573575641932e-08
48.9347040493,2.4379386011,3.3038057265479253e-09
48.9395979399,2.4379386011,8.333992453065861e-10
48.9444918305,2.4379386011,1.821615980444783e-10
48.9493857211,2.4379386011,3.450052689184202e-11
48.9542796117,2.4379386011,5.661870400248025e-12
48.9591735023,2.4379386011,8.051183240744541e-13
48.9640673929,2.4379386011,9.920323916364724e-14
48.9689612835,2.4379386011,1.0591573720316423e-14
48.9738551741,2.4379386011,9.798737950365838e-16
48.9787490647,2.4379386011,7.855544525677917e-17
48.7389484253,2.4428324917,5.549408289484494e-10
48.7438423159,2.4428324917,6.858186556678229e-10
48.7487362065,2.4428324917,8.160856601686427e-10
48.7536300971,2.4428324917,9.350366090049808e-10
48.7585239877,2.4428324917,1.0316449231273579e-09
48.7634178783,2.4428324917,1.0975911953223684e-09
48.7683117689,2.4428324917,1.1450243849456696e-09
48.7732056595,2.4428324917,1.367416908226253e-09
48.7780995501,2.4428324917,3.4335735491970906e-09
48.7829934407,2.4428324917,1.900279760633304e-08
48.7878873313,2.4428324917,1.1483602940032528e-07
48.7927812219,2.4428324917,6.022981227010812e-07
48.7976751125,2.4428324917,2.6529810140104035e-06
48.8025690031,2.4428324917,9.770850396358148e-06
48.8074628937,2.4428324917,3.0069219335217526e-05
48.8123567843,2.4428324917,7.731358233387472e-05
48.8172506749,2.4428324917,0.00016608265277459557
48.8221445655,2.4428324917,0.0002980820299264727
48.8270384561,2.4428324917,0.0004477385457227906
48.8319323467,2.4428324917,0.0005897535928522926
48.8368262373,2.4428324917,0.0009704055648153105
48.8417201279,2.4428324917,0.0021983705526625653
48.8466140185,2.4428324917,0.0028919592271333117
48.8515079091,2.4428324917,0.0015084520604831402
48.8564017997,2.4428324917,0.0003380721848865588
48.8612956903,2.4428324917,6.27029099458853e-05
48.8661895809,2.4428324917,1.7935089779918424e-05
48.8710834715,2.4428324917,5.260068774658546e-06
48.8759773621,2.4428324917,1.3122137767836502e-06
48.8808712527,2.4428324917,3.7859539403718833e-07
48.8857651433,2.4428324917,7.466031826484659e-06
48.8906590339,2.4428324917,0.00014966720470459247
48.8955529245,2.4428324917,0.000794417932322148
48.9004468151,2.4428324917,0.0011073180691854915
48.9053407057,2.4428324917,0.00040527328615014594
48.9102345963,2.4428324917,3.896450622875415e-05
48.9151284869,2.4428324917,9.990700893892514e-07
48.9200223775,2.4428324917,1.638892788138787e-08
48.9249162681,2.4428324917,5.101806342173136e-09
48.9298101587,2.4428324917,2.2724236930452733e-09
48.9347040493,2.4428324917,8.789868368959497e-10
48.9395979399,2.4428324917,2.946059302601743e-10
48.9444918305,2.4428324917,8.55589923788591e-11
48.9493857211,2.4428324917,2.1530538931619483e-11
48.9542796117,2.4428324917,4.694714679911863e-12
48.9591735023,2.4428324917,8.87010107573213e-13
48.9640673929,2.4428324917,1.4521550754244897e-13
48.9689612835,2.4428324917,2.0599775552234483e-14
48.9738551741,2.4428324917,2.5320777847058944e-15
48.9787490647,2.4428324917,2.696849187947526e-16
48.7389484253,2.4477263823,3.4333792325728353e-12
48.7438423159,2.4477263823,3.767342385972222e-12
48.7487362065,2.4477263823,3.987299681832973e-12
48.7536300971,2.4477263823,4.187690086040995e-12
48.7585239877,2.4477263823,6.062064316159923e-12
48.7634178783,2.4477263823,3.003532063384394e-11
48.7683117689,2.4477263823,2.7883636328032954e-10
48.7732056595,2.4477263823,2.413381725883607e-09
48.7780995501,2.4477263823,1.7625743287782196e-08
48.7829934407,2.4477263823,1.0765160161469052e-07
48.7878873313,2.4477263823,5.493791734504399e-07
48.7927812219,2.4477263823,2.342404766742784e-06
48.7976751125,2.4477263823,8.344200140321557e-06
48.8025690031,2.4477263823,2.4833606006180114e-05
48.8074628937,2.4477263823,6.174859088259091e-05
48.8123567843,2.4477263823,0.0001282763180139496
48.8172506749,2.4477263823,0.00022263738306849034
48.8221445655,2.4477263823,0.0003228367662222635
48.8270384561,2.4477263823,0.0003912496653132444
48.8319323467,2.4477263823,0.0004038201275754477
48.8368262373,2.4477263823,0.00048793315466939325
48.8417201279,2.4477263823,0.001240541020302734
48.8466140185,2.4477263823,0.0023801828115332345
48.8515079091,2.4477263823,0.001771131624910063
48.8564017997,2.4477263823,0.0004686815041938458
48.8612956903,2.4477263823,4.853925435381791e-05
48.8661895809,2.4477263823,3.970464962662078e-06
48.8710834715,2.4477263823,6.86537940629267e-07
48.8759773621,2.4477263823,1.3579146929637395e-07
48.8808712527,2.4477263823,1.0901114894809911e-07
48.8857651433,2.4477263823,6.496236438600836e-06
48.8906590339,2.4477263823,0.00012832739750236554
48.8955529245,2.4477263823,0.000665916901005437
48.9004468151,2.4477263823,0.0009072986339501544
48.9053407057,2.4477263823,0.0003245703805942677
48.9102345963,2.4477263823,3.048604184791368e-05
48.9151284869,2.4477263823,7.522298292432606e-07
48.9200223775,2.4477263823,5.198875378320773e-09
48.9249162681,2.4477263823,2.347639602466331e-10
48.9298101587,2.4477263823,1.3434039003183289e-10
48.9347040493,2.4477263823,6.904135215751478e-11
48.9395979399,2.4477263823,3.074602472375522e-11
48.9444918305,2.4477263823,1.1864070574484813e-11
48.9493857211,2.4477263823,3.966829495577003e-12
48.9542796117,2.4477263823,1.149260311489205e-12
48.9591735023,2.4477263823,2.8850832358251075e-13
48.9640673929,2.4477263823,6.275716960734094e-14
48.9689612835,2.4477263823,1.1828601814928133e-14
48.9738551741,2.4477263823,1.931828368998879e-15
48.9787490647,2.4477263823,2.733812527734353e-16
48.7389484253,2.4526202729,6.520832943578177e-15
48.7438423159,2.4526202729,1.4801870324354287e-14
48.7487362065,2.4526202729,1.5955698470389487e-13
48.7536300971,2.4526202729,2.2396632207978555e-12
48.7585239877,2.4526202729,2.7097213140318036e-11
48.7634178783,2.4526202729,2.7443555694916435e-10
48.7683117689,2.4526202729,2.3224551456905478e-09
48.7732056595,2.4526202729,1.6420682488687612e-08
48.7780995501,2.4526202729,9.69990932063098e-08
48.7829934407,2.4526202729,4.787142497287834e-07
48.7878873313,2.4526202729,1.9738639055799123e-06
48.7927812219,2.4526202729,6.799707331938582e-06
48.7976751125,2.4526202729,1.95702061053742e-05
48.8025690031,2.4526202729,4.705792165400489e-05
48.8074628937,2.4526202729,9.453709416871373e-05
48.8123567843,2.4526202729,0.00015867332396018918
48.8172506749,2.4526202729,0.00022250396490676862
48.8221445655,2.4526202729,0.0002606777095212854
48.8270384561,2.4526202729,0.00025517518141679875
48.8319323467,2.4526202729,0.0002104698072214221
48.8368262373,2.4526202729,0.00019472530384354313
48.8417201279,2.4526202729,0.0005923571097280557
48.8466140185,2.4526202729,0.001742859011530295
48.8515079091,2.4526202729,0.0019501910758764434
48.8564017997,2.4526202729,0.0007530033122337862
48.8612956903,2.4526202729,9.984998474017569e-05
48.8661895809,2.4526202729,4.742184457492271e-06
48.8710834715,2.4526202729,1.3183348353892648e-07
48.8759773621,2.4526202729,1.1094498887722545e-08
48.8808712527,2.4526202729,7.781706264598272e-08
48.8857651433,2.4526202729,5.621331082804321e-06
48.8906590339,2.4526202729,0.0001085933758405626
48.8955529245,2.4526202729,0.000550817565920852
48.9004468151,2.4526202729,0.0007335678152223279
48.9053407057,2.4526202729,0.0002565078960699196
48.9102345963,2.4526202729,2.3549908819425082e-05
48.9151284869,2.4526202729,5.676857509355484e-07
48.9200223775,2.4526202729,3.596211453472987e-09
48.9249162681,2.4526202729,8.945679070731591e-12
48.9298101587,2.4526202729,2.3471565183507703e-12
48.9347040493,2.4526202729,1.6010136724909249e-12
48.9395979399,2.4526202729,9.473167559395762e-13
48.9444918305,2.4526202729,4.856915427762338e-13
48.9493857211,2.4526202729,2.15769932850004e-13
48.9542796117,2.4526202729,8.305893811520736e-14
48.9591735023,2.4526202729,2.7704281123473746e-14
48.9640673929,2.4526202729,8.00704850554062e-15
48.9689612835,2.4526202729,2.0052249342605732e-15
48.9738551741,2.4526202729,4.351297689044507e-16
48.9787490647,2.4526202729,8.181624789266294e-17
48.7389484253,2.4575141635,9.640180683427068e-15
48.7438423159,2.4575141635,1.6187737015725203e-13
48.7487362065,2.4575141635,2.271669470924858e-12
48.7536300971,2.4575141635,2.6634385550275683e-11
48.7585239877,2.4575141635,2.6089920618562643e-10
48.7634178783,2.4575141635,2.135182601481418e-09
48.7683117689,2.4575141635,1.459921323703218e-08
48.7732056595,2.4575141635,8.339807877038165e-08
48.7780995501,2.4575141635,3.980290809982038e-07
48.7829934407,2.4575141635,1.5871052404129196e-06
48.7878873313,2.4575141635,5.287237404050408e-06
48.7927812219,2.4575141635,1.471580623292124e-05
48.7976751125,2.4575141635,3.421932779913201e-05
48.8025690031,2.4575141635,6.648000619451262e-05
48.8074628937,2.4575141635,0.00010790530392048778
48.8123567843,2.4575141635,0.00014632775082537992
48.8172506749,2.4575141635,0.00016578405801796796
48.8221445655,2.4575141635,0.00015692459607148917
48.8270384561,2.4575141635,0.0001241026856095492
48.8319323467,2.4575141635,8.23474596224644e-05
48.8368262373,2.4575141635,6.044329438550628e-05
48.8417201279,2.4575141635,0.00024310535607663744
48.8466140185,2.4575141635,0.0011155523483110709
48.8515079091,2.4575141635,0.001881690153867077
48.8564017997,2.4575141635,0.0010861554151212205
48.8612956903,2.4575141635,0.00021362673825784534
48.8661895809,2.4575141635,1.432232742172087e-05
48.8710834715,2.4575141635,3.304195429271285e-07
48.8759773621,2.4575141635,3.3760355575524465e-09
48.8808712527,2.4575141635,6.683929243229877e-08
48.8857651433,2.4575141635,4.801866193698113e-06
48.8906590339,2.4575141635,9.067515106205897e-05
48.8955529245,2.4575141635,0.0004495676411244222
48.9004468151,2.4575141635,0.0005852343143006528
48.9053407057,2.4575141635,0.00020002878655190481
48.9102345963,2.4575141635,1.7950774784469054e-05
48.9151284869,2.4575141635,4.2296251766398235e-07
48.9200223775,2.4575141635,2.6166770006206894e-09
48.9249162681,2.4575141635,4.261872080679822e-12
48.9298101587,2.4575141635,1.3893163626999381e-14
48.9347040493,2.4575141635,1.096093080477157e-14
48.9395979399,2.4575141635,8.617082003146012e-15
48.9444918305,2.4575141635,5.870108391554348e-15
48.9493857211,2.4575141635,3.4649508495555604e-15
48.9542796117,2.4575141635,1.7722014982549855e-15
48.9591735023,2.4575141635,7.854059430499019e-16
48.9640673929,2.4575141635,3.0160624515202535e-16
48.9689612835,2.4575141635,1.0035789411183757e-16
48.9738551741,2.4575141635,2.893528818923206e-17
48.9787490647,2.4575141635,7.228848911238929e-18
48.7389484253,2.4624080541,1.623678108083828e-13
48.7438423159,2.4624080541,2.2035138229756358e-12
48.7487362065,2.4624080541,2.4984104531108532e-11
48.7536300971,2.4624080541,2.366704089522392e-10
48.7585239877,2.4624080541,1.8730798764531395e-09
48.7634178783,2.4624080541,1.2385136535659909e-08
48.7683117689,2.4624080541,6.841911671765676e-08
48.7732056595,2.4624080541,3.1578121512846123e-07
48.7780995501,2.4624080541,1.2176634880649241e-06
48.7829934407,2.4624080541,3.922838598841164e-06
48.7878873313,2.4624080541,1.0558585956986804e-05
48.7927812219,2.4624080541,2.3743418293792452e-05
48.7976751125,2.4624080541,4.460801430124621e-05
48.8025690031,2.4624080541,7.001880635120695e-05
48.8074628937,2.4624080541,9.182240809848765e-05
48.8123567843,2.4624080541,0.00010060390013739298
48.8172506749,2.4624080541,9.2090137315914e-05
48.8221445655,2.4624080541,7.042771384180353e-05
48.8270384561,2.4624080541,4.4999659070544505e-05
48.8319323467,2.4624080541,2.408031371216667e-05
48.8368262373,2.4624080541,1.4489147662155459e-05
48.8417201279,2.4624080541,8.658585369544849e-05
48.8466140185,2.4624080541,0.000616356293279123
48.8515079091,2.4624080541,0.001559959490508199
48.8564017997,2.4624080541,0.0013464016303995337
48.8612956903,2.4624080541,0.00039569014830051014
48.8661895809,2.4624080541,3.9592447402090923e-05
48.8710834715,2.4624080541,1.3489027155518628e-06
48.8759773621,2.4624080541,1.5882282643314324e-08
48.8808712527,2.4624080541,5.763966501142728e-08
48.8857651433,2.4624080541,4.047544445164195e-06
48.8906590339,2.4624080541,7.470894932249398e-05
48.8955529245,2.4624080541,0.0003620609092846242
48.9004468151,2.4624080541,0.0004607004395622834
48.9053407057,2.4624080541,0.00015391593864544308
48.9102345963,2.4624080541,1.350132972131862e-05
48.9151284869,2.4624080541,3.109549477610482e-07
48.9200223775,2.4624080541,1.880383280991895e-09
48.9249162681,2.4624080541,2.9855557688957658e-12
48.9298101587,2.4624080541,1.2629718804324292e-15
48.9347040493,2.4624080541,2.228973840042924e-17
48.9395979399,2.4624080541,2.3141103513042005e-17
48.9444918305,2.4624080541,2.0945486846466386e-17
48.9493857211,2.4624080541,1.6427141197617463e-17
48.9542796117,2.4624080541,1.1163453912507918e-17
48.9591735023,2.4624080541,6.573554082957612e-18
48.9640673929,2.4624080541,3.3540301320989448e-18
48.9689612835,2.4624080541,1.482855192902859e-18
48.9738551741,2.4624080541,5.680618028879014e-19
48.9787490647,2.4624080541,1.8856344158315328e-19
48.7389484253,2.4673019447,2.039482024588512e-12
48.7438423159,2.4673019447,2.2362376827833354e-11
48.7487362065,2.4673019447,2.0485577190334753e-10
48.7536300971,2.4673019447,1.567872028490928e-09
48.7585239877,2.4673019447,1.0025480193281743e-08
48.7634178783,2.4673019447,5.3558933232972526e-08
48.7683117689,2.4673019447,2.390511389193408e-07
48.7732056595,2.4673019447,8.914189862942057e-07
48.7780995501,2.4673019447,2.777186889853353e-06
48.7829934407,2.4673019447,7.228704918418344e-06
48.7878873313,2.4673019447,1.5719837457441552e-05
48.7927812219,2.4673019447,2.8560629095879595e-05
48.7976751125,2.4673019447,4.3353049464558436e-05
48.8025690031,2.4673019447,5.4979868544909974e-05
48.8074628937,2.4673019447,5.8253216036293014e-05
48.8123567843,2.4673019447,5.1566574221298746e-05
48.8172506749,2.4673019447,3.813720118304882e-05
48.8221445655,2.4673019447,2.3564678545968332e-05
48.8270384561,2.4673019447,1.2164869159251215e-05
48.8319323467,2.4673019447,5.255023318499516e-06
48.8368262373,2.4673019447,2.693025810973262e-06
48.8417201279,2.4673019447,2.680129218286123e-05
48.8466140185,2.4673019447,0.0002920917100727211
48.8515079091,2.4673019447,0.0011062454317527627
48.8564017997,2.4673019447,0.0014270370863615433
48.8612956903,2.4673019447,0.0006267419773401089
48.8661895809,2.4673019447,9.371387639003026e-05
48.8710834715,2.4673019447,4.7706790710272125e-06
48.8759773621,2.4673019447,8.287093599767673e-08
48.8808712527,2.4673019447,4.947909906785478e-08
48.8857651433,2.4673019447,3.366457596285713e-06
48.8906590339,2.4673019447,6.07374146220874e-05
48.8955529245,2.4673019447,0.0002877183501576356
48.9004468151,2.4673019447,0.0003578547619534495
48.9053407057,2.4673019447,0.00011686218976571422
48.9102345963,2.4673019447,1.0020034543338488e-05
48.9151284869,2.4673019447,2.2557574341488164e-07
48.9200223775,2.4673019447,1.3333481283349536e-09
48.9249162681,2.4673019447,2.069296363701502e-12
48.9298101587,2.4673019447,8.432067259266834e-16
48.9347040493,2.4673019447,1.0343130483588737e-19
48.9395979399,2.4673019447,1.834959563448952e-20
48.9444918305,2.4673019447,2.2064472947947493e-20
48.9493857211,2.4673019447,2.299247172803958e-20
48.9542796117,2.4673019447,2.0760739908948684e-20
48.9591735023,2.4673019447,1.624295559541182e-20
48.9640673929,2.4673019447,1.1011648739840279e-20
48.9689612835,2.4673019447,6.4685167143569276e-21
48.9738551741,2.4673019447,3.292472247145851e-21
48.9787490647,2.4673019447,1.4521270118237816e-21
