LATITUDE,LONGITUDE,probability
48.7389484253,2.2275013053,4.160321020448954e-81
48.7438423159,2.2275013053,9.405164308455009e-76
48.7487362065,2.2275013053,1.3283463571857866e-70
48.7536300971,2.2275013053,1.1720919121326906e-65
48.7585239877,2.2275013053,6.461262825967739e-61
48.7634178783,2.2275013053,2.2252486356512263e-56
48.7683117689,2.2275013053,4.787900071503794e-52
48.7732056595,2.2275013053,6.436014441425441e-48
48.7780995501,2.2275013053,5.404983098379084e-44
48.7829934407,2.2275013053,2.8358096013682663e-40
48.7878873313,2.2275013053,9.29533818543923e-37
48.7927812219,2.2275013053,1.9035255893948974e-33
48.7976751125,2.2275013053,2.4353290090132522e-30
48.8025690031,2.2275013053,1.94653385946082e-27
48.8074628937,2.2275013053,9.720121222647777e-25
48.8123567843,2.2275013053,3.032402163720832e-22
48.8172506749,2.2275013053,5.910269881320945e-20
48.8221445655,2.2275013053,7.196697119574597e-18
48.8270384561,2.2275013053,5.474753074643645e-16
48.8319323467,2.2275013053,2.601963769562336e-14
48.8368262373,2.2275013053,7.725798055809991e-13
48.8417201279,2.2275013053,1.4331473894721938e-11
48.8466140185,2.2275013053,1.6609010511601988e-10
48.8515079091,2.2275013053,1.2025470050238643e-09
48.8564017997,2.2275013053,5.439584907869998e-09
48.8612956903,2.2275013053,1.5372158626487095e-08
48.8661895809,2.2275013053,2.713996933117658e-08
48.8710834715,2.2275013053,2.993568813956909e-08
48.8759773621,2.2275013053,2.062882716249159e-08
48.8808712527,2.2275013053,8.88106863789173e-09
48.8857651433,2.2275013053,2.3886983742614503e-09
48.8906590339,2.2275013053,4.0138653499776053e-10
48.8955529245,2.2275013053,4.2137589016636024e-11
48.9004468151,2.2275013053,2.7636431479069042e-12
48.9053407057,2.2275013053,1.1323994355131079e-13
48.9102345963,2.2275013053,2.898829831136858e-15
48.9151284869,2.2275013053,4.6360829473160337e-17
48.9200223775,2.2275013053,4.632176206345034e-19
48.9249162681,2.2275013053,2.891550879574588e-21
48.9298101587,2.2275013053,3.2745007876099964e-23
48.9347040493,2.2275013053,4.685398718707089e-21
48.9395979399,2.2275013053,4.495311274697971e-19
48.9444918305,2.2275013053,1.896059384540791e-17
48.9493857211,2.2275013053,3.515770399358597e-16
48.9542796117,2.2275013053,2.865929346275019e-15
48.9591735023,2.2275013053,1.0270388166302927e-14
48.9640673929,2.2275013053,1.618022812885578e-14
48.9689612835,2.2275013053,1.1206211822156068e-14
48.9738551741,2.2275013053,3.412003109791171e-15
48.9787490647,2.2275013053,4.567056806253126e-16
48.7389484253,2.2323951959,9.838920952227826e-82
48.7438423159,2.2323951959,2.416524621596076e-76
48.7487362065,2.2323951959,3.708005550715262e-71
48.7536300971,2.2323951959,3.554634279825501e-66
48.7585239877,2.2323951959,2.1288980884473927e-61
48.7634178783,2.2323951959,7.965631605625057e-57
48.7683117689,2.2323951959,1.8620483797481327e-52
48.7732056595,2.2323951959,2.7193624855125812e-48
48.7780995501,2.2323951959,2.48112498125726e-44
48.7829934407,2.2323951959,1.414280583207622e-40
48.7878873313,2.2323951959,5.03648928676494e-37
48.7927812219,2.2323951959,1.1205355722075644e-33
48.7976751125,2.2323951959,1.5575025978673143e-30
48.8025690031,2.2323951959,1.352500110965093e-27
48.8074628937,2.2323951959,7.337552762218282e-25
48.8123567843,2.2323951959,2.4869700943907855e-22
48.8172506749,2.2323951959,5.266174997113239e-20
48.8221445655,2.2323951959,6.96667271891765e-18
48.8270384561,2.2323951959,5.757857714975682e-16
48.8319323467,2.2323951959,2.973047491070674e-14
48.8368262373,2.2323951959,9.590652660568986e-13
48.8417201279,2.2323951959,1.9328576777365067e-11
48.8466140185,2.2323951959,2.4336436645648606e-10
48.8515079091,2.2323951959,1.9143418739123563e-09
48.8564017997,2.2323951959,9.407785511821926e-09
48.8612956903,2.2323951959,2.8884224620434337e-08
48.8661895809,2.2323951959,5.540378279727184e-08
48.8710834715,2.2323951959,6.639318765728034e-08
48.8759773621,2.2323951959,4.970648131751507e-08
48.8808712527,2.2323951959,2.3249194960607156e-08
48.8857651433,2.2323951959,6.7937289519636556e-09
48.8906590339,2.2323951959,1.2402633503219979e-09
48.8955529245,2.2323951959,1.4145718233301142e-10
48.9004468151,2.2323951959,1.007955813138248e-11
48.9053407057,2.2323951959,4.487075557459261e-13
48.9102345963,2.2323951959,1.2479312765354846e-14
48.9151284869,2.2323951959,2.1683198934585563e-16
48.9200223775,2.2323951959,2.353756015214625e-18
48.9249162681,2.2323951959,1.5983315472545718e-20
48.9298101587,2.2323951959,6.1599179350818756e-21
48.9347040493,2.2323951959,7.894691784655636e-19
48.9395979399,2.2323951959,4.497449600525779e-17
48.9444918305,2.2323951959,1.1263514791070923e-15
48.9493857211,2.2323951959,1.2401035945572661e-14
48.9542796117,2.2323951959,6.002309745840923e-14
48.9591735023,2.2323951959,1.2771892199169615e-13
48.9640673929,2.2323951959,1.1947264798213226e-13
48.9689612835,2.2323951959,4.913128679830528e-14
48.9738551741,2.2323951959,8.882274539552351e-15
48.9787490647,2.2323951959,7.059381465271815e-16
48.7389484253,2.2372890865,2.234327726912725e-82
48.7438423159,2.2372890865,5.9620393369088515e-77
48.7487362065,2.2372890865,9.939126025904675e-72
48.7536300971,2.2372890865,1.0351587457502639e-66
48.7585239877,2.2372890865,6.735519721206057e-62
48.7634178783,2.2372890865,2.738045535534912e-57
48.7683117689,2.2372890865,6.953694695812582e-53
48.7732056595,2.2372890865,1.1033059732583037e-48
48.7780995501,2.2372890865,1.0936584630490718e-44
48.7829934407,2.2372890865,6.772871947360904e-41
48.7878873313,2.2372890865,2.620410972377085e-37
48.7927812219,2.2372890865,6.333902181315357e-34
48.7976751125,2.2372890865,9.564861653474342e-31
48.8025690031,2.2372890865,9.02384094021334e-28
48.8074628937,2.2372890865,5.3187498898458215e-25
48.8123567843,2.2372890865,1.9585429656593e-22
48.8172506749,2.2372890865,4.505697554730334e-20
48.8221445655,2.2372890865,6.475843837069674e-18
48.8270384561,2.2372890865,5.814817601780756e-16
48.8319323467,2.2372890865,3.2619794710380526e-14
48.8368262373,2.2372890865,1.1432250938954066e-12
48.8417201279,2.2372890865,2.5031545916362053e-11
48.8466140185,2.2372890865,3.4241201327872766e-10
48.8515079091,2.2372890865,2.926278877594641e-09
48.8564017997,2.2372890865,1.562384169367406e-08
48.8612956903,2.2372890865,5.211531238241956e-08
48.8661895809,2.2372890865,1.0860460959737435e-07
48.8710834715,2.2372890865,1.4139581981575415e-07
48.8759773621,2.2372890865,1.1500859021725292e-07
48.8808712527,2.2372890865,5.844258100849806e-08
48.8857651433,2.2372890865,1.8553843676531533e-08
48.8906590339,2.2372890865,3.6799659216162423e-09
48.8955529245,2.2372890865,4.5599396897652576e-10
48.9004468151,2.2372890865,3.530041397764798e-11
48.9053407057,2.2372890865,1.7072844956368823e-12
48.9102345963,2.2372890865,5.158665787524301e-14
48.9151284869,2.2372890865,9.738101263003563e-16
48.9200223775,2.2372890865,1.1484634960510148e-17
48.9249162681,2.2372890865,9.111788048183373e-20
48.9298101587,2.2372890865,1.1379632633157318e-18
48.9347040493,2.2372890865,8.752857376831243e-17
48.9395979399,2.2372890865,2.960714517903006e-15
48.9444918305,2.2372890865,4.4027053802201045e-14
48.9493857211,2.2372890865,2.878187744801107e-13
48.9542796117,2.2372890865,8.271704650919526e-13
48.9591735023,2.2372890865,1.0450746727738237e-12
48.9640673929,2.2372890865,5.804649896354336e-13
48.9689612835,2.2372890865,1.4173631675779288e-13
48.9738551741,2.2372890865,1.5214674269801764e-14
48.9787490647,2.2372890865,7.179936105554845e-16
48.7389484253,2.2421829771,4.872199398235826e-83
48.7438423159,2.2421829771,1.412463471555821e-77
48.7487362065,2.2421829771,2.5582017665882986e-72
48.7536300971,2.2421829771,2.894661346996756e-67
48.7585239877,2.2421829771,2.0462850315309837e-62
48.7634178783,2.2421829771,9.03732479819532e-58
48.7683117689,2.2421829771,2.493555578175277e-53
48.7732056595,2.2421829771,4.298368175985024e-49
48.7780995501,2.2421829771,4.629068099470699e-45
48.7829934407,2.2421829771,3.114504233813506e-41
48.7878873313,2.2421829771,1.3091508118055556e-37
48.7927812219,2.2421829771,3.437920512351435e-34
48.7976751125,2.2421829771,5.640367234954729e-31
48.8025690031,2.2421829771,5.78128433060754e-28
48.8074628937,2.2421829771,3.7020874641739285e-25
48.8123567843,2.2421829771,1.481066023404127e-22
48.8172506749,2.2421829771,3.701754058067916e-20
48.8221445655,2.2421829771,5.780243064635272e-18
48.8270384561,2.2421829771,5.638843475384009e-16
48.8319323467,2.2421829771,3.4366822174801795e-14
48.8368262373,2.2421829771,1.3085614141854437e-12
48.8417201279,2.2421829771,3.112821678630547e-11
48.8466140185,2.2421829771,4.626150664381313e-10
48.8515079091,2.2421829771,4.2952722994341254e-09
48.8564017997,2.2421829771,2.4915352029165827e-08
48.8612956903,2.2421829771,9.029189175187895e-08
48.8661895809,2.2421829771,2.0442587947777245e-07
48.8710834715,2.2421829771,2.8915346137677685e-07
48.8759773621,2.2421829771,2.555208327582121e-07
48.8808712527,2.2421829771,1.4106836438085267e-07
48.8857651433,2.2421829771,4.865621767680866e-08
48.8906590339,2.2421829771,1.0484614299720931e-08
48.8955529245,2.2421829771,1.4114710321860317e-09
48.9004468151,2.2421829771,1.1871261683621695e-10
48.9053407057,2.2421829771,6.237738805084691e-12
48.9102345963,2.2421829771,2.0476837814380225e-13
48.9151284869,2.2421829771,4.199561974557747e-15
48.9200223775,2.2421829771,5.381414090079656e-17
48.9249162681,2.2421829771,1.7756372791549774e-18
48.9298101587,2.2421829771,1.397684831499635e-16
48.9347040493,2.2421829771,6.385402890369061e-15
48.9395979399,2.2421829771,1.2824795643472993e-13
48.9444918305,2.2421829771,1.1323717007236796e-12
48.9493857211,2.2421829771,4.395456285955236e-12
48.9542796117,2.2421829771,7.50058828679125e-12
48.9591735023,2.2421829771,5.626820922682588e-12
48.9640673929,2.2421829771,1.8556978482684123e-12
48.9689612835,2.2421829771,2.690468048873512e-13
48.9738551741,2.2421829771,1.7148447878424424e-14
48.9787490647,2.2421829771,4.805053205118906e-16
48.7389484253,2.2470768677,1.0201922216337096e-83
48.7438423159,2.2470768677,3.2132046620767525e-78
48.7487362065,2.2470768677,6.322664929399104e-73
48.7536300971,2.2470768677,7.772618348559459e-68
48.7585239877,2.2470768677,5.96952696218654e-63
48.7634178783,2.2470768677,2.8642959620064324e-58
48.7683117689,2.2470768677,8.586205161703864e-54
48.7732056595,2.2470768677,1.6080147576934365e-49
48.7780995501,2.2470768677,1.8814132446364648e-45
48.7829934407,2.2470768677,1.375256676055122e-41
48.7878873313,2.2470768677,6.280420532763765e-38
48.7927812219,2.2470768677,1.7918394159355925e-34
48.7976751125,2.2470768677,3.1938524211514145e-31
48.8025690031,2.2470768677,3.5566080064239094e-28
48.8074628937,2.2470768677,2.474358123195477e-25
48.8123567843,2.2470768677,1.0754606139963139e-22
48.8172506749,2.2470768677,2.9203295387094273e-20
48.8221445655,2.2470768677,4.954212269690401e-18
48.8270384561,2.2470768677,5.250767129977564e-16
48.8319323467,2.2470768677,3.4767727350993864e-14
48.8368262373,2.2470768677,1.438252861190803e-12
48.8417201279,2.2470768677,3.717060142811306e-11
48.8466140185,2.2470768677,6.001631519448072e-10
48.8515079091,2.2470768677,6.054028557162717e-09
48.8564017997,2.2470768677,3.815267568253608e-08
48.8612956903,2.2470768677,1.502141810834695e-07
48.8661895809,2.2470768677,3.6948964030953323e-07
48.8710834715,2.2470768677,5.678047168917805e-07
48.8759773621,2.2470768677,5.451313063140349e-07
48.8808712527,2.2470768677,3.2697055892611976e-07
48.8857651433,2.2470768677,1.2252411481800765e-07
48.8906590339,2.2470768677,2.868401200453861e-08
48.8955529245,2.2470768677,4.195305733699575e-09
48.9004468151,2.2470768677,3.8334758680045184e-10
48.9053407057,2.2470768677,2.1884027397314198e-11
48.9102345963,2.2470768677,7.804896782011197e-13
48.9151284869,2.2470768677,1.7390520403146122e-14
48.9200223775,2.2470768677,2.4338697939302774e-16
48.9249162681,2.2470768677,1.852205453620516e-16
48.9298101587,2.2470768677,1.1299251769657748e-14
48.9347040493,2.2470768677,3.065140976729729e-13
48.9395979399,2.2470768677,3.655342417908124e-12
48.9444918305,2.2470768677,1.916381997936511e-11
48.9493857211,2.2470768677,4.416848500942291e-11
48.9542796117,2.2470768677,4.47527088362517e-11
48.9591735023,2.2470768677,1.9934371923417773e-11
48.9640673929,2.2470768677,3.90357196194031e-12
48.9689612835,2.2470768677,3.3604561077745495e-13
48.9738551741,2.2470768677,1.2717761281802772e-14
48.9787490647,2.2470768677,2.1159213200664635e-16
48.7389484253,2.2519707583,2.051245954088102e-84
48.7438423159,2.2519707583,7.019049853175002e-79
48.7487362065,2.2519707583,1.5005287284625184e-73
48.7536300971,2.2519707583,2.0040829827480947e-68
48.7585239877,2.2519707583,1.6722164218227701e-63
48.7634178783,2.2519707583,8.717152944165251e-59
48.7683117689,2.2519707583,2.8389794289667216e-54
48.7732056595,2.2519707583,5.77637292310079e-50
48.7780995501,2.2519707583,7.342663055239743e-46
48.7829934407,2.2519707583,5.831192430529743e-42
48.7878873313,2.2519707583,2.893120652399878e-38
48.7927812219,2.2519707583,8.967700916305364e-35
48.7976751125,2.2519707583,1.7366051464118361e-31
48.8025690031,2.2519707583,2.1010019229573146e-28
48.8074628937,2.2519707583,1.5880245574336996e-25
48.8123567843,2.2519707583,7.498827725164023e-23
48.8172506749,2.2519707583,2.212253733743181e-20
48.8221445655,2.2519707583,4.07738663597158e-18
48.8270384561,2.2519707583,4.694985459496804e-16
48.8319323467,2.2519707583,3.3774739345938696e-14
48.8368262373,2.2519707583,1.5179419334717425e-12
48.8417201279,2.2519707583,4.262100726416126e-11
48.8466140185,2.2519707583,7.476488296958305e-10
48.8515079091,2.2519707583,8.19364237502724e-09
48.8564017997,2.2519707583,5.609985636032382e-08
48.8612956903,2.2519707583,2.3996720441686554e-07
48.8661895809,2.2519707583,6.412796122425094e-07
48.8710834715,2.2519707583,1.0706520966421482e-06
48.8759773621,2.2519707583,1.1167467795926126e-06
48.8808712527,2.2519707583,7.277235739856365e-07
48.8857651433,2.2519707583,2.9626720257533607e-07
48.8906590339,2.2519707583,7.535396478997287e-08
48.8955529245,2.2519707583,1.1973856168522324e-08
48.9004468151,2.2519707583,1.1886865925688454e-09
48.9053407057,2.2519707583,7.37235245225898e-11
48.9102345963,2.2519707583,2.8566051390373114e-12
48.9151284869,2.2519707583,6.915224041354876e-14
48.9200223775,2.2519707583,1.24265545723458e-15
48.9249162681,2.2519707583,1.6414999345162863e-14
48.9298101587,2.2519707583,6.010625475993653e-13
48.9347040493,2.2519707583,9.681358364998739e-12
48.9395979399,2.2519707583,6.855345871449577e-11
48.9444918305,2.2519707583,2.1340217922804507e-10
48.9493857211,2.2519707583,2.920416094940658e-10
48.9542796117,2.2519707583,1.756980820302999e-10
48.9591735023,2.2519707583,4.646925525112162e-11
48.9640673929,2.2519707583,5.403072660973765e-12
48.9689612835,2.2519707583,2.761800525923825e-13
48.9738551741,2.2519707583,6.2061206203198806e-15
48.9787490647,2.2519707583,6.130904066055874e-17
48.7389484253,2.2568646489,3.960337902734764e-85
48.7438423159,2.2568646489,1.4723024708863653e-79
48.7487362065,2.2568646489,3.419536452413493e-74
48.7536300971,2.2568646489,4.961840875586611e-69
48.7585239877,2.2568646489,4.498045304441898e-64
48.7634178783,2.2568646489,2.5474766750061954e-59
48.7683117689,2.2568646489,9.013677288133118e-55
48.7732056595,2.2568646489,1.9925039554040538e-50
48.7780995501,2.2568646489,2.7517043935718017e-46
48.7829934407,2.2568646489,2.3741587791338463e-42
48.7878873313,2.2568646489,1.2797441162773385e-38
48.7927812219,2.2568646489,4.3096492015340235e-35
48.7976751125,2.2568646489,9.067051823628817e-32
48.8025690031,2.2568646489,1.1917788482978799e-28
48.8074628937,2.2568646489,9.786573151313079e-26
48.8123567843,2.2568646489,5.020777990069168e-23
48.8172506749,2.2568646489,1.6092250615927897e-20
48.8221445655,2.2568646489,3.222314718557071e-18
48.8270384561,2.2568646489,4.031108805904378e-16
48.8319323467,2.2568646489,3.150550782336039e-14
48.8368262373,2.2568646489,1.5383453597702068e-12
48.8417201279,2.2568646489,4.692741217492196e-11
48.8466140185,2.2568646489,8.943443410616127e-10
48.8515079091,2.2568646489,1.0648497154176452e-08
48.8564017997,2.2568646489,7.920950021173603e-08
48.8612956903,2.2568646489,3.6810492236231044e-07
48.8661895809,2.2568646489,1.0687383039014393e-06
48.8710834715,2.2568646489,1.938547839202263e-06
48.8759773621,2.2568646489,2.196782544353753e-06
48.8808712527,2.2568646489,1.5552600382176198e-06
48.8857651433,2.2568646489,6.878984886608254e-07
48.8906590339,2.2568646489,1.900864217727986e-07
48.8955529245,2.2568646489,3.2815817954113726e-08
48.9004468151,2.2568646489,3.5393276597222827e-09
48.9053407057,2.2568646489,2.3848644755990594e-10
48.9102345963,2.2568646489,1.0039499587838358e-11
48.9151284869,2.2568646489,2.6421120482789587e-13
48.9200223775,2.2568646489,2.3880786631133556e-14
48.9249162681,2.2568646489,9.671146617163776e-13
48.9298101587,2.2568646489,2.1038448219613045e-11
48.9347040493,2.2568646489,2.0120827175534076e-10
48.9395979399,2.2568646489,8.459688428669056e-10
48.9444918305,2.2568646489,1.5636491383010835e-09
48.9493857211,2.2568646489,1.270576023483934e-09
48.9542796117,2.2568646489,4.538772404489075e-10
48.9591735023,2.2568646489,7.127751660269244e-11
48.9640673929,2.2568646489,4.920883895964415e-12
48.9689612835,2.2568646489,1.4935166926246822e-13
48.9738551741,2.2568646489,1.9927528905618683e-15
48.9787490647,2.2568646489,1.1688888576269551e-17
48.7389484253,2.2617585395,7.342188367484133e-86
48.7438423159,2.2617585395,2.965476796099773e-80
48.7487362065,2.2617585395,7.482882677093453e-75
48.7536300971,2.2617585395,1.179637961478242e-69
48.7585239877,2.2617585395,1.1618068746184937e-64
48.7634178783,2.2617585395,7.148658354715725e-60
48.7683117689,2.2617585395,2.748024118379058e-55
48.7732056595,2.2617585395,6.599665682700213e-51
48.7780995501,2.2617585395,9.902132432558219e-47
48.7829934407,2.2617585395,9.281986289347387e-43
48.7878873313,2.2617585395,5.4357379634582284e-39
48.7927812219,2.2617585395,1.9887559921309399e-35
48.7976751125,2.2617585395,4.5457954287055736e-32
48.8025690031,2.2617585395,6.491479231915027e-29
48.8074628937,2.2617585395,5.791390567963058e-26
48.8123567843,2.2617585395,3.2279547272322196e-23
48.8172506749,2.2617585395,1.1240287344713643e-20
48.8221445655,2.2617585395,2.445303616911182e-18
48.8270384561,2.2617585395,3.3234837902838296e-16
48.8319323467,2.2617585395,2.8220177278536497e-14
48.8368262373,2.2617585395,1.4970327744894998e-12
48.8417201279,2.2617585395,4.961446095827969e-11
48.8466140185,2.2617585395,1.0272842842206695e-09
48.8515079091,2.2617585395,1.3288574915006065e-08
48.8564017997,2.2617585395,1.0739191137935082e-07
48.8612956903,2.2617585395,5.422132586850215e-07
48.8661895809,2.2617585395,1.7103070748297583e-06
48.8710834715,2.2617585395,3.370415546491596e-06
48.8759773621,2.2617585395,4.149523271509982e-06
48.8808712527,2.2617585395,3.1916727655166957e-06
48.8857651433,2.2617585395,1.5337123302547217e-06
48.8906590339,2.2617585395,4.6044192235219566e-07
48.8955529245,2.2617585395,8.635971607430106e-08
48.9004468151,2.2617585395,1.0119357784219534e-08
48.9053407057,2.2617585395,7.407985011739146e-10
48.9102345963,2.2617585395,3.388084605149942e-11
48.9151284869,2.2617585395,9.871791059529938e-13
48.9200223775,2.2617585395,1.2939124842522517e-12
48.9249162681,2.2617585395,3.751133333417479e-11
48.9298101587,2.2617585395,4.845420394171516e-10
48.9347040493,2.2617585395,2.7515604447000368e-09
48.9395979399,2.2617585395,6.869150910970668e-09
48.9444918305,2.2617585395,7.538821525716332e-09
48.9493857211,2.2617585395,3.6373096130437325e-09
48.9542796117,2.2617585395,7.714956524542232e-10
48.9591735023,2.2617585395,7.193878522075516e-11
48.9640673929,2.2617585395,2.9489616242086973e-12
48.9689612835,2.2617585395,5.314367043601396e-14
48.9738551741,2.2617585395,4.210274150233996e-16
48.9787490647,2.2617585395,1.4663768958725555e-18
48.7389484253,2.2666524301,1.307066180668963e-86
48.7438423159,2.2666524301,5.735493536846325e-81
48.7487362065,2.2666524301,1.5723506686992673e-75
48.7536300971,2.2666524301,2.6929818274558198e-70
48.7585239877,2.2666524301,2.881527932633499e-65
48.7634178783,2.2666524301,1.9262721381821506e-60
48.7683117689,2.2666524301,8.044848134859935e-56
48.7732056595,2.2666524301,2.0990532465858973e-51
48.7780995501,2.2666524301,3.421641137994711e-47
48.7829934407,2.2666524301,3.4845833736669928e-43
48.7878873313,2.2666524301,2.217035562526804e-39
48.7927812219,2.2666524301,8.812514751119562e-36
48.7976751125,2.2666524301,2.1884289559575562e-32
48.8025690031,2.2666524301,3.395239743992219e-29
48.8074628937,2.2666524301,3.290893573889888e-26
48.8123567843,2.2666524301,1.992795011074841e-23
48.8172506749,2.2666524301,7.539053322006103e-21
48.8221445655,2.2666524301,1.7818715785397942e-18
48.8270384561,2.2666524301,2.631124414940586e-16
48.8319323467,2.2666524301,2.4272346676172728e-14
48.8368262373,2.2666524301,1.398902822150769e-12
48.8417201279,2.2666524301,5.036962577907597e-11
48.8466140185,2.2666524301,1.1330662412207214e-09
48.8515079091,2.2666524301,1.5923820535361986e-08
48.8564017997,2.2666524301,1.3981206379365227e-07
48.8612956903,2.2666524301,7.669153257387619e-07
48.8661895809,2.2666524301,2.628182897369961e-06
48.8710834715,2.2666524301,5.6268994048976265e-06
48.8759773621,2.2666524301,7.526414205540735e-06
48.8808712527,2.2666524301,6.2894472321920364e-06
48.8857651433,2.2666524301,3.283539447965374e-06
48.8906590339,2.2666524301,1.0709702247093943e-06
48.8955529245,2.2666524301,2.1823175899763764e-07
48.9004468151,2.2666524301,2.7782025638350874e-08
48.9053407057,2.2666524301,2.2096082107199373e-09
48.9102345963,2.2666524301,1.09807649745131e-10
48.9151284869,2.2666524301,4.791016543830424e-12
48.9200223775,2.2666524301,5.49412870991128e-11
48.9249162681,2.2666524301,9.573850183501964e-10
48.9298101587,2.2666524301,7.342989691374145e-09
48.9347040493,2.2666524301,2.4759164008673342e-08
48.9395979399,2.2666524301,3.670079225324296e-08
48.9444918305,2.2666524301,2.391615207519145e-08
48.9493857211,2.2666524301,6.851467112115051e-09
48.9542796117,2.2666524301,8.628836751989487e-10
48.9591735023,2.2666524301,4.7774629992531746e-11
48.9640673929,2.2666524301,1.1628369300091158e-12
48.9689612835,2.2666524301,1.2442759408920457e-14
48.9738551741,2.2666524301,5.853168084227737e-17
48.9787490647,2.2666524301,1.2104356109174708e-19
48.7389484253,2.2715463207,2.2343356166112936e-87
48.7438423159,2.2715463207,1.065186943742709e-81
48.7487362065,2.2715463207,3.172551338889498e-76
48.7536300971,2.2715463207,5.903327547872116e-71
48.7585239877,2.2715463207,6.862628682414142e-66
48.7634178783,2.2715463207,4.984131812446949e-61
48.7683117689,2.2715463207,2.2614861672770393e-56
48.7732056595,2.2715463207,6.410674850731935e-52
48.7780995501,2.2715463207,1.135321761774711e-47
48.7829934407,2.2715463207,1.2561444184189677e-43
48.7878873313,2.2715463207,8.682915637247408e-40
48.7927812219,2.2715463207,3.749704017050879e-36
48.7976751125,2.2715463207,1.011658168815949e-32
48.8025690031,2.2715463207,1.7052026360334552e-29
48.8074628937,2.2715463207,1.7956578815156108e-26
48.8123567843,2.2715463207,1.1813445847741028e-23
48.8172506749,2.2715463207,4.855511551668075e-21
48.8221445655,2.2715463207,1.2468057215169832e-18
48.8270384561,2.2715463207,2.0001749296473527e-16
48.8319323467,2.2715463207,2.004668519652029e-14
48.8368262373,2.2715463207,1.2552278298970155e-12
48.8417201279,2.2715463207,4.9102990952296835e-11
48.8466140185,2.2715463207,1.2000483156943646e-09
48.8515079091,2.2715463207,1.8322929682136602e-08
48.8564017997,2.2715463207,1.747819161107571e-07
48.8612956903,2.2715463207,1.0416060060488688e-06
48.8661895809,2.2715463207,3.8780718649457e-06
48.8710834715,2.2715463207,9.02056267121004e-06
48.8759773621,2.2715463207,1.3108614794031545e-05
48.8808712527,2.2715463207,1.1901052556307317e-05
48.8857651433,2.2715463207,6.750241997125639e-06
48.8906590339,2.2715463207,2.3919864228157417e-06
48.8955529245,2.2715463207,5.295457365998898e-07
48.9004468151,2.2715463207,7.324089450253076e-08
48.9053407057,2.2715463207,6.328632729285783e-09
48.9102345963,2.2715463207,3.428699582952316e-10
48.9151284869,2.2715463207,7.738817465497753e-11
48.9200223775,2.2715463207,1.5523089629877364e-09
48.9249162681,2.2715463207,1.6078148526255457e-08
48.9298101587,2.2715463207,7.322140652029779e-08
48.9347040493,2.2715463207,1.465941325808773e-07
48.9395979399,2.2715463207,1.290243005475737e-07
48.9444918305,2.2715463207,4.992324917340046e-08
48.9493857211,2.2715463207,8.492011559862162e-09
48.9542796117,2.2715463207,6.350306901034653e-10
48.9591735023,2.2715463207,2.08763830425808e-11
48.9640673929,2.2715463207,3.017117355511629e-13
48.9689612835,2.2715463207,1.916926907763527e-15
48.9738551741,2.2715463207,5.354208858960727e-18
48.9787490647,2.2715463207,6.574480887871086e-21
48.7389484253,2.2764402113,3.6675666464242435e-88
48.7438423159,2.2764402113,1.8995890160348533e-82
48.7487362065,2.2764402113,6.146766036544039e-77
48.7536300971,2.2764402113,1.2426222172620125e-71
48.7585239877,2.2764402113,1.5694119082583352e-66
48.7634178783,2.2764402113,1.2383407685955667e-61
48.7683117689,2.2764402113,6.104481704075172e-57
48.7732056595,2.2764402113,1.8800215174587094e-52
48.7780995501,2.2764402113,3.617280952202898e-48
48.7829934407,2.2764402113,4.348175464167539e-44
48.7878873313,2.2764402113,3.2654066941486556e-40
48.7927812219,2.2764402113,1.5320498421764667e-36
48.7976751125,2.2764402113,4.49069860483376e-33
48.8025690031,2.2764402113,8.223568607076551e-30
48.8074628937,2.2764402113,9.408321070804206e-27
48.8123567843,2.2764402113,6.724644616733021e-24
48.8172506749,2.2764402113,3.0028382806883375e-21
48.8221445655,2.2764402113,8.377220516739789e-19
48.8270384561,2.2764402113,1.460068897698252e-16
48.8319323467,2.2764402113,1.589835352037483e-14
48.8368262373,2.2764402113,1.0815244650343943e-12
48.8417201279,2.2764402113,4.596486026843159e-11
48.8466140185,2.2764402113,1.2204526605459825e-09
48.8515079091,2.2764402113,2.024516547192317e-08
48.8564017997,2.2764402113,2.0981045285092628e-07
48.8612956903,2.2764402113,1.3584332700620265e-06
48.8661895809,2.2764402113,5.494838038304253e-06
48.8710834715,2.2764402113,1.3885991034666105e-05
48.8759773621,2.2764402113,2.192321601458555e-05
48.8808712527,2.2764402113,2.1624050339209694e-05
48.8857651433,2.2764402113,1.332524560088433e-05
48.8906590339,2.2764402113,5.13001693837421e-06
48.8955529245,2.2764402113,1.2338653656565767e-06
48.9004468151,2.2764402113,1.8540530625968088e-07
48.9053407057,2.2764402113,1.7406212192218284e-08
48.9102345963,2.2764402113,1.0856807879745866e-09
48.9151284869,2.2764402113,2.1018492731674003e-09
48.9200223775,2.2764402113,2.8885575633735842e-08
48.9249162681,2.2764402113,1.7766805920071304e-07
48.9298101587,2.2764402113,4.804264482651304e-07
48.9347040493,2.2764402113,5.711114821479557e-07
48.9395979399,2.2764402113,2.9846353584559775e-07
48.9444918305,2.2764402113,6.857061930489797e-08
48.9493857211,2.2764402113,6.925661614492611e-09
48.9542796117,2.2764402113,3.075111509928405e-10
48.9591735023,2.2764402113,6.002565027429506e-12
48.9640673929,2.2764402113,5.1509731080352536e-14
48.9689612835,2.2764402113,1.9432026573362972e-16
48.9738551741,2.2764402113,3.2227254820298325e-19
48.9787490647,2.2764402113,2.3496595182716524e-22
48.7389484253,2.2813341019,5.780779390089754e-89
48.7438423159,2.2813341019,3.2529114424380785e-83
48.7487362065,2.2813341019,1.1435719191240639e-77
48.7536300971,2.2813341019,2.511655799974232e-72
48.7585239877,2.2813341019,3.4463720651873034e-67
48.7634178783,2.2813341019,2.9544020632677466e-62
48.7683117689,2.2813341019,1.582276698678953e-57
48.7732056595,2.2813341019,5.294203918397309e-53
48.7780995501,2.2813341019,1.1066856937591358e-48
48.7829934407,2.2813341019,1.4452844315342576e-44
48.7878873313,2.2813341019,1.1792007624011675e-40
48.7927812219,2.2813341019,6.010734928307267e-37
48.7976751125,2.2813341019,1.9141360339314962e-33
48.8025690031,2.2813341019,3.808232192039596e-30
48.8074628937,2.2813341019,4.73346792838437e-27
48.8123567843,2.2813341019,3.675706750806289e-24
48.8172506749,2.2813341019,1.783231269422183e-21
48.8221445655,2.2813341019,5.404803188900866e-19
48.8270384561,2.2813341019,1.0234284727990977e-16
48.8319323467,2.2813341019,1.210711045428443e-14
48.8368262373,2.2813341019,8.948060500293913e-13
48.8417201279,2.2813341019,4.1316423194033827e-11
48.8466140185,2.2813341019,1.191850877405543e-09
48.8515079091,2.2813341019,2.1479616441505244e-08
48.8564017997,2.2813341019,2.4184467055894105e-07
48.8612956903,2.2813341019,1.701186466016543e-06
48.8661895809,2.2813341019,7.476058904466471e-06
48.8710834715,2.2813341019,2.0525744008313157e-05
48.8759773621,2.2813341019,3.52071199478515e-05
48.8808712527,2.2813341019,3.7728321966274756e-05
48.8857651433,2.2813341019,2.5258635013111285e-05
48.8906590339,2.2813341019,1.05647120195451e-05
48.8955529245,2.2813341019,2.7606468088953183e-06
48.9004468151,2.2813341019,4.506817225949695e-07
48.9053407057,2.2813341019,4.6018063249351014e-08
48.9102345963,2.2813341019,5.181911525826865e-09
48.9151284869,2.2813341019,4.269305218085271e-08
48.9200223775,2.2813341019,3.537148728955187e-07
48.9249162681,2.2813341019,1.2918331180585155e-06
48.9298101587,2.2813341019,2.074146563613118e-06
48.9347040493,2.2813341019,1.464026330742119e-06
48.9395979399,2.2813341019,4.5429163308214877e-07
48.9444918305,2.2813341019,6.197221131573696e-08
48.9493857211,2.2813341019,3.7165129643639716e-09
48.9542796117,2.2813341019,9.798299615124044e-11
48.9591735023,2.2813341019,1.1356439267505725e-12
48.9640673929,2.2813341019,5.786421347352493e-15
48.9689612835,2.2813341019,1.296147212179025e-17
48.9738551741,2.2813341019,1.2763653628107136e-20
48.9787490647,2.2813341019,5.525506501533141e-24
48.7389484253,2.2862279925,8.749304924468604e-90
48.7438423159,2.2862279925,5.348889251562585e-84
48.7487362065,2.2862279925,2.0429562083322989e-78
48.7536300971,2.2862279925,4.8748348472655166e-73
48.7585239877,2.2862279925,7.267183970049243e-68
48.7634178783,2.2862279925,6.768271947259736e-63
48.7683117689,2.2862279925,3.938173485706339e-58
48.7732056595,2.2862279925,1.431585482592643e-53
48.7780995501,2.2862279925,3.251210773950858e-49
48.7829934407,2.2862279925,4.6129459212050567e-45
48.7878873313,2.2862279925,4.088998951431172e-41
48.7927812219,2.2862279925,2.26444112257016e-37
48.7976751125,2.2862279925,7.834485211932923e-34
48.8025690031,2.2862279925,1.693422380548007e-30
48.8074628937,2.2862279925,2.2867859922964586e-27
48.8123567843,2.2862279925,1.9292617298671144e-24
48.8172506749,2.2862279925,1.0168623641406675e-21
48.8221445655,2.2862279925,3.348409734805141e-19
48.8270384561,2.2862279925,6.88843264410496e-17
48.8319323467,2.2862279925,8.853350020112852e-15
48.8368262373,2.2862279925,7.108864738849907e-13
48.8417201279,2.2862279925,3.566138986927764e-11
48.8466140185,2.2862279925,1.1176393340951553e-09
48.8515079091,2.2862279925,2.18831828113122e-08
48.8564017997,2.2862279925,2.676854076156406e-07
48.8612956903,2.2862279925,2.0457111097298486e-06
48.8661895809,2.2862279925,9.767182630982142e-06
48.8710834715,2.2862279925,2.9133972850512328e-05
48.8759773621,2.2862279925,5.4291958941827935e-05
48.8808712527,2.2862279925,6.320867852813336e-05
48.8857651433,2.2862279925,4.597516619162103e-05
48.8906590339,2.2862279925,2.0891773236403933e-05
48.8955529245,2.2862279925,5.931065458786375e-06
48.9004468151,2.2862279925,1.0519856984503997e-06
48.9053407057,2.2862279925,1.1858121891615443e-07
48.9102345963,2.2862279925,5.956136302606164e-08
48.9151284869,2.2862279925,5.78124815527578e-07
48.9200223775,2.2862279925,2.8500763749321344e-06
48.9249162681,2.2862279925,6.180550696620117e-06
48.9298101587,2.2862279925,5.8921754048995865e-06
48.9347040493,2.2862279925,2.469451925482486e-06
48.9395979399,2.2862279925,4.5499003929591695e-07
48.9444918305,2.2862279925,3.685357358981998e-08
48.9493857211,2.2862279925,1.3123018111966993e-09
48.9542796117,2.2862279925,2.0543018349242787e-11
48.9591735023,2.2862279925,1.413745332508484e-13
48.9640673929,2.2862279925,4.2771503650816896e-16
48.9689612835,2.2862279925,5.688716051196379e-19
48.9738551741,2.2862279925,3.3262156253731555e-22
48.9787490647,2.2862279925,8.549937621140576e-26
48.7389484253,2.2911218831,1.2715676909756647e-90
48.7438423159,2.2911218831,8.445662978144451e-85
48.7487362065,2.2911218831,3.504559256826869e-79
48.7536300971,2.2911218831,9.085283135979742e-74
48.7585239877,2.2911218831,1.4714615661648657e-68
48.7634178783,2.2911218831,1.4888974214750076e-63
48.7683117689,2.2911218831,9.412089117679385e-59
48.7732056595,2.2911218831,3.7171722084782555e-54
48.7780995501,2.2911218831,9.171592075625625e-50
48.7829934407,2.2911218831,1.4137811189524193e-45
48.7878873313,2.2911218831,1.3615231259440851e-41
48.7927812219,2.2911218831,8.191685409266711e-38
48.7976751125,2.2911218831,3.0791220698461084e-34
48.8025690031,2.2911218831,7.230793280116383e-31
48.8074628937,2.2911218831,1.060841211816256e-27
48.8123567843,2.2911218831,9.723446259551088e-25
48.8172506749,2.2911218831,5.567951601262224e-22
48.8221445655,2.2911218831,1.9919392212263554e-19
48.8270384561,2.2911218831,4.452071314476515e-17
48.8319323467,2.2911218831,6.216608814060905e-15
48.8368262373,2.2911218831,5.423134372546935e-13
48.8417201279,2.2911218831,2.955647169817416e-11
48.8466140185,2.2911218831,1.0063758595204933e-09
48.8515079091,2.2911218831,2.1407858732605225e-08
48.8564017997,2.2911218831,2.8450614296769706e-07
48.8612956903,2.2911218831,2.362193465390464e-06
48.8661895809,2.2911218831,1.225306331461483e-05
48.8710834715,2.2911218831,3.970811669516426e-05
48.8759773621,2.2911218831,8.039319697764379e-05
48.8808712527,2.2911218831,0.00010168683019104426
48.8857651433,2.2911218831,8.035549128014254e-05
48.8906590339,2.2911218831,3.967090572851017e-05
48.8955529245,2.2911218831,1.2235882361374133e-05
48.9004468151,2.2911218831,2.3592551288892714e-06
48.9053407057,2.2911218831,3.34935128199686e-07
48.9102345963,2.2911218831,7.95699172152294e-07
48.9151284869,2.2911218831,5.160090587827772e-06
48.9200223775,2.2911218831,1.5110711020952887e-05
48.9249162681,2.2911218831,1.9456809609622234e-05
48.9298101587,2.2911218831,1.1013759400200173e-05
48.9347040493,2.2911218831,2.7407912326258502e-06
48.9395979399,2.2911218831,2.998421838081496e-07
48.9444918305,2.2911218831,1.4420685729543678e-08
48.9493857211,2.2911218831,3.0489864662660737e-10
48.9542796117,2.2911218831,2.834010696698511e-12
48.9591735023,2.2911218831,1.158040845613663e-14
48.9640673929,2.2911218831,2.0802842195899452e-17
48.9689612835,2.2911218831,1.6428498623938105e-20
48.9738551741,2.2911218831,5.703605524242234e-24
48.9787490647,2.2911218831,8.705174684826243e-28
48.7389484253,2.2960157737,1.7745334562054856e-91
48.7438423159,2.2960157737,1.2805090831096667e-85
48.7487362065,2.2960157737,5.772800287576915e-80
48.7536300971,2.2960157737,1.6259073748683937e-74
48.7585239877,2.2960157737,2.860951310698337e-69
48.7634178783,2.2960157737,3.1450715546328295e-64
48.7683117689,2.2960157737,2.160011148172586e-59
48.7732056595,2.2960157737,9.268017659073913e-55
48.7780995501,2.2960157737,2.484409096151747e-50
48.7829934407,2.2960157737,4.160684325269831e-46
48.7878873313,2.2960157737,4.353232079563975e-42
48.7927812219,2.2960157737,2.8455372361948477e-38
48.7976751125,2.2960157737,1.162042797801813e-34
48.8025690031,2.2960157737,2.9647315265126233e-31
48.8074628937,2.2960157737,4.725568010937357e-28
48.8123567843,2.2960157737,4.705741455785398e-25
48.8172506749,2.2960157737,2.9275714607212034e-22
48.8221445655,2.2960157737,1.137869208556244e-19
48.8270384561,2.2960157737,2.7630108087313108e-17
48.8319323467,2.2960157737,4.191584449225023e-15
48.8368262373,2.2960157737,3.9726404021538013e-13
48.8417201279,2.2960157737,2.3522619732075253e-11
48.8466140185,2.2960157737,8.701568003029648e-10
48.8515079091,2.2960157737,2.011012395035393e-08
48.8564017997,2.2960157737,2.903603923437813e-07
48.8612956903,2.2960157737,2.6191803301416534e-06
48.8661895809,2.2960157737,1.476042375950585e-05
48.8710834715,2.2960157737,5.1968197031648756e-05
48.8759773621,2.2960157737,0.0001143093852924427
48.8808712527,2.2960157737,0.00015708414954069291
48.8857651433,2.2960157737,0.0001348657462038186
48.8906590339,2.2960157737,7.235168141187514e-05
48.8955529245,2.2960157737,2.4254604989189793e-05
48.9004468151,2.2960157737,5.1191470171252825e-06
48.9053407057,2.2960157737,1.5153491315171657e-06
48.9102345963,2.2960157737,7.716545619656188e-06
48.9151284869,2.2960157737,3.031445605881392e-05
48.9200223775,2.2960157737,5.271539513016593e-05
48.9249162681,2.2960157737,4.030322356701334e-05
48.9298101587,2.2960157737,1.354625340467261e-05
48.9347040493,2.2960157737,2.0015895695029696e-06
48.9395979399,2.2960157737,1.300191335889565e-07
48.9444918305,2.2960157737,3.7129227235387694e-09
48.9493857211,2.2960157737,4.661234554978748e-11
48.9542796117,2.2960157737,2.5725416123113934e-13
48.9591735023,2.2960157737,6.241662241719724e-16
48.9640673929,2.2960157737,6.657551325562514e-19
48.9689612835,2.2960157737,3.1218007956099987e-22
48.9738551741,2.2960157737,6.435351229265446e-26
48.9787490647,2.2960157737,5.831975984682866e-30
48.7389484253,2.3009096643,2.3779771344518805e-92
48.7438423159,2.3009096643,1.8642766287199825e-86
48.7487362065,2.3009096643,9.131001917667653e-81
48.7536300971,2.3009096643,2.7940354427524637e-75
48.7585239877,2.3009096643,5.341346915001047e-70
48.7634178783,2.3009096643,6.379329857149357e-65
48.7683117689,2.3009096643,4.7599756377603814e-60
48.7732056595,2.3009096643,2.2189105704577878e-55
48.7780995501,2.3009096643,6.462198084433472e-51
48.7829934407,2.3009096643,1.17578017019074e-46
48.7878873313,2.3009096643,1.336525947732895e-42
48.7927812219,2.3009096643,9.491482602297025e-39
48.7976751125,2.3009096643,4.21110543734575e-35
48.8025690031,2.3009096643,1.1672491673561072e-31
48.8074628937,2.3009096643,2.0213263070838906e-28
48.8123567843,2.3009096643,2.1868282812820504e-25
48.8172506749,2.3009096643,1.478081336853418e-22
48.8221445655,2.3009096643,6.241477122414297e-20
48.8270384561,2.3009096643,1.6465761883586937e-17
48.8319323467,2.3009096643,2.7138239843864797e-15
48.8368262373,2.3009096643,2.7943893674163695e-13
48.8417201279,2.3009096643,1.7976186368252315e-11
48.8466140185,2.3009096643,7.224596594329394e-10
48.8515079091,2.3009096643,1.8139906408632694e-08
48.8564017997,2.3009096643,2.845521635321252e-07
48.8612956903,2.3009096643,2.788651130148358e-06
48.8661895809,2.3009096643,1.7073870075942982e-05
48.8710834715,2.3009096643,6.530933481249985e-05
48.8759773621,2.3009096643,0.0001560728067308557
48.8808712527,2.3009096643,0.00023307718916694862
48.8857651433,2.3009096643,0.00021817803354418132
48.8906590339,2.3009096643,0.00012926336963991404
48.8955529245,2.3009096643,4.811571199120139e-05
48.9004468151,2.3009096643,1.1620223836814205e-05
48.9053407057,2.3009096643,1.0843704067108274e-05
48.9102345963,2.3009096643,5.002152804650701e-05
48.9151284869,2.3009096643,0.00011719206934900554
48.9200223775,2.3009096643,0.00012100798473878818
48.9249162681,2.3009096643,5.493278884684293e-05
48.9298101587,2.3009096643,1.096292644404867e-05
48.9347040493,2.3009096643,9.618288388117327e-07
48.9395979399,2.3009096643,3.709757277274691e-08
48.9444918305,2.3009096643,6.290274540895885e-10
48.9493857211,2.3009096643,4.6888907112857e-12
48.9542796117,2.3009096643,1.5365511573401184e-14
48.9591735023,2.3009096643,2.2136060954313832e-17
48.9640673929,2.3009096643,1.4019420562510005e-20
48.9689612835,2.3009096643,3.903338277803726e-24
48.9738551741,2.3009096643,4.777698293122201e-28
48.9787490647,2.3009096643,2.5708554336479647e-32
48.7389484253,2.3058035549,3.0599190135135123e-93
48.7438423159,2.3058035549,2.606254499794225e-87
48.7487362065,2.3058035549,1.3868487842194056e-81
48.7536300971,2.3058035549,4.610486940205136e-76
48.7585239877,2.3058035549,9.575685641430106e-71
48.7634178783,2.3058035549,1.2425056217378984e-65
48.7683117689,2.3058035549,1.007238326001529e-60
48.7732056595,2.3058035549,5.101190248461127e-56
48.7780995501,2.3058035549,1.6140470749285752e-51
48.7829934407,2.3058035549,3.190555263609613e-47
48.7878873313,2.3058035549,3.940231547147e-43
48.7927812219,2.3058035549,3.0400632140101074e-39
48.7976751125,2.3058035549,1.465375353501562e-35
48.8025690031,2.3058035549,4.4128640626136976e-32
48.8074628937,2.3058035549,8.302284544583817e-29
48.8123567843,2.3058035549,9.758432817335078e-26
48.8172506749,2.3058035549,7.165853699720232e-23
48.8221445655,2.3058035549,3.28746544029916e-20
48.8270384561,2.3058035549,9.422363459701831e-18
48.8319323467,2.3058035549,1.6871896695695132e-15
48.8368262373,2.3058035549,1.8874408945062572e-13
48.8417201279,2.3058035549,1.3191318660911642e-11
48.8466140185,2.3058035549,5.759814071335884e-10
48.8515079091,2.3058035549,1.5712097269477805e-08
48.8564017997,2.3058035549,2.677722567979454e-07
48.8612956903,2.3058035549,2.851043693838933e-06
48.8661895809,2.3058035549,1.89649330791021e-05
48.8710834715,2.3058035549,7.88154040734851e-05
48.8759773621,2.3058035549,0.00020472788747546462
48.8808712527,2.3058035549,0.00033638473194348614
48.8857651433,2.3058035549,0.00038586606699231773
48.8906590339,2.3058035549,0.00034642691590990645
48.8955529245,2.3058035549,0.00017232527040341876
48.9004468151,2.3058035549,4.411519103209034e-05
48.9053407057,2.3058035549,7.112560961161959e-05
48.9102345963,2.3058035549,0.00021404941674828674
48.9151284869,2.3058035549,0.00029811433222917666
48.9200223775,2.3058035549,0.00018277418473995046
48.9249162681,2.3058035549,4.926599770519593e-05
48.9298101587,2.3058035549,5.8379115409775e-06
48.9347040493,2.3058035549,3.041194908807122e-07
48.9395979399,2.3058035549,6.9647802163422294e-09
48.9444918305,2.3058035549,7.012081960244674e-11
48.9493857211,2.3058035549,3.1035800799157275e-13
48.9542796117,2.3058035549,6.038865154163775e-16
48.9591735023,2.3058035549,5.165639718075522e-19
48.9640673929,2.3058035549,1.942536990177244e-22
48.9689612835,2.3058035549,3.211373997802404e-26
48.9738551741,2.3058035549,2.3339356641824302e-30
48.9787490647,2.3058035549,7.456985191933915e-35
48.7389484253,2.3106974455,3.780863213132365e-94
48.7438423159,2.3106974455,3.498662615783068e-88
48.7487362065,2.3106974455,2.022639859922181e-82
48.7536300971,2.3106974455,7.305340393086343e-77
48.7585239877,2.3106974455,1.6484195249469438e-71
48.7634178783,2.3106974455,2.323809063283725e-66
48.7683117689,2.3106974455,2.046626204906627e-61
48.7732056595,2.3106974455,1.1261131188087371e-56
48.7780995501,2.3106974455,3.871068918022276e-52
48.7829934407,2.3106974455,8.313524610138644e-48
48.7878873313,2.3106974455,1.1154365426855577e-43
48.7927812219,2.3106974455,9.349964196116763e-40
48.7976751125,2.3106974455,4.8964398683939364e-36
48.8025690031,2.3106974455,1.601977090706608e-32
48.8074628937,2.3106974455,3.2744440554760903e-29
48.8123567843,2.3106974455,4.1814243752043916e-26
48.8172506749,2.3106974455,3.335925294687712e-23
48.8221445655,2.3106974455,1.6626995692351845e-20
48.8270384561,2.3106974455,5.177458782591346e-18
48.8319323467,2.3106974455,1.007221329714376e-15
48.8368262373,2.3106974455,1.2241611038656583e-13
48.8417201279,2.3106974455,9.295176447863084e-12
48.8466140185,2.3106974455,4.409426830599014e-10
48.8515079091,2.3106974455,1.3068105220308117e-08
48.8564017997,2.3106974455,2.419655560625451e-07
48.8612956903,2.3106974455,2.7991524056152422e-06
48.8661895809,2.3106974455,2.0234237910649677e-05
48.8710834715,2.3106974455,9.142151929280098e-05
48.8759773621,2.3106974455,0.00026053439012605834
48.8808712527,2.3106974455,0.0005554414985181383
48.8857651433,2.3106974455,0.001466665534424021
48.8906590339,2.3106974455,0.002598809332795081
48.8955529245,2.3106974455,0.001435284834161593
48.9004468151,2.3106974455,0.00029109951732521024
48.9053407057,2.3106974455,0.0003324441971638287
48.9102345963,2.3106974455,0.0006032597972366066
48.9151284869,2.3106974455,0.0004990036598205028
48.9200223775,2.3106974455,0.0001816525121533192
48.9249162681,2.3106974455,2.907281422355517e-05
48.9298101587,2.3106974455,2.0455605553033624e-06
48.9347040493,2.3106974455,6.327242115832284e-08
48.9395979399,2.3106974455,8.603854383575837e-10
48.9444918305,2.3106974455,5.143373629153899e-12
48.9493857211,2.3106974455,1.3516974905047778e-14
48.9542796117,2.3106974455,1.5616631087515624e-17
48.9591735023,2.3106974455,7.931797365669754e-21
48.9640673929,2.3106974455,1.7710560939674455e-24
48.9689612835,2.3106974455,1.738479719317945e-28
48.9738551741,2.3106974455,7.502130776166275e-33
48.9787490647,2.3106974455,1.4232692752400015e-37
48.7389484253,2.3155913361,4.485912249379303e-95
48.7438423159,2.3155913361,4.5098913801383905e-89
48.7487362065,2.3155913361,2.832610028204535e-83
48.7536300971,2.3155913361,1.1115087672142603e-77
48.7585239877,2.3155913361,2.72486126294379e-72
48.7634178783,2.3155913361,4.173316239835423e-67
48.7683117689,2.3155913361,3.993223274789115e-62
48.7732056595,2.3155913361,2.3871037237152264e-57
48.7780995501,2.3155913361,8.915062348017743e-53
48.7829934407,2.3155913361,2.0800935980473215e-48
48.7878873313,2.3155913361,3.032122673638416e-44
48.7927812219,2.3155913361,2.761315665149759e-40
48.7976751125,2.3155913361,1.5710526638405414e-36
48.8025690031,2.3155913361,5.584326832652429e-33
48.8074628937,2.3155913361,1.2400988679821045e-29
48.8123567843,2.3155913361,1.7204703476690954e-26
48.8172506749,2.3155913361,1.4912260128841684e-23
48.8221445655,2.3155913361,8.075048656694779e-21
48.8270384561,2.3155913361,2.7318208975729967e-18
48.8319323467,2.3155913361,5.773839350229718e-16
48.8368262373,2.3155913361,7.623994379215489e-14
48.8417201279,2.3155913361,6.289351219182379e-12
48.8466140185,2.3155913361,3.2414162281486617e-10
48.8515079091,2.3155913361,1.0436948636085428e-08
48.8564017997,2.3155913361,2.0997213133522482e-07
48.8612956903,2.3155913361,2.6407427916658487e-06
48.8661895809,2.3155913361,2.079625364662568e-05
48.8710834715,2.3155913361,0.0001029146068209575
48.8759773621,2.3155913361,0.00034000619925679077
48.8808712527,2.3155913361,0.0013629575069266766
48.8857651433,2.3155913361,0.006964893643322393
48.8906590339,2.3155913361,0.013140175284402119
48.8955529245,2.3155913361,0.006507706250432788
48.9004468151,2.3155913361,0.0012055326312052914
48.9053407057,2.3155913361,0.001033950018596305
48.9102345963,2.3155913361,0.0011192511820693586
48.9151284869,2.3155913361,0.0005496430389741108
48.9200223775,2.3155913361,0.00011879599287787866
48.9249162681,2.3155913361,1.128897100380214e-05
48.9298101587,2.3155913361,4.716204920879915e-07
48.9347040493,2.3155913361,8.661826636576856e-09
48.9395979399,2.3155913361,6.993641644710537e-11
48.9444918305,2.3155913361,2.4824131785569443e-13
48.9493857211,2.3155913361,3.8736629248620765e-16
48.9542796117,2.3155913361,2.657345888111761e-19
48.9591735023,2.3155913361,8.014197506822124e-23
48.9640673929,2.3155913361,1.0626810934166668e-26
48.9689612835,2.3155913361,6.200859476259649e-31
48.9738551741,2.3155913361,1.607549211927788e-35
48.9787490647,2.3155913361,2.114560389819724e-40
48.7389484253,2.3204852267,5.110805550106459e-96
48.7438423159,2.3204852267,5.582244764206503e-90
48.7487362065,2.3204852267,3.8092001293554323e-84
48.7536300971,2.3204852267,1.6239180303730692e-78
48.7585239877,2.3204852267,4.325136470611263e-73
48.7634178783,2.3204852267,7.1968247079909785e-68
48.7683117689,2.3204852267,7.481478501932757e-63
48.7732056595,2.3204852267,4.858915404869624e-58
48.7780995501,2.3204852267,1.9714993653057653e-53
48.7829934407,2.3204852267,4.997575263305323e-49
48.7878873313,2.3204852267,7.914572159847205e-45
48.7927812219,2.3204852267,7.830706396130112e-41
48.7976751125,2.3204852267,4.840384223277523e-37
48.8025690031,2.3204852267,1.8692359743512852e-33
48.8074628937,2.3204852267,4.509764074258618e-30
48.8123567843,2.3204852267,6.797495247448652e-27
48.8172506749,2.3204852267,6.40102319141225e-24
48.8221445655,2.3204852267,3.765782967370069e-21
48.8270384561,2.3204852267,1.384097139078004e-18
48.8319323467,2.3204852267,3.178214854785409e-16
48.8368262373,2.3204852267,4.55937521722182e-14
48.8417201279,2.3204852267,4.0863244772649046e-12
48.8466140185,2.3204852267,2.2880567302033956e-10
48.8515079091,2.3204852267,8.004328447354873e-09
48.8564017997,2.3204852267,1.7502701797278222e-07
48.8612956903,2.3204852267,2.3995991343562467e-06
48.8661895809,2.3204852267,2.0866905253899663e-05
48.8710834715,2.3204852267,0.00011780639299795544
48.8759773621,2.3204852267,0.0004864860387384959
48.8808712527,2.3204852267,0.0027848255152545668
48.8857651433,2.3204852267,0.014505688470586304
48.8906590339,2.3204852267,0.024223283959229333
48.8955529245,2.3204852267,0.010720241436812609
48.9004468151,2.3204852267,0.002513587263784923
48.9053407057,2.3204852267,0.0021049722359505344
48.9102345963,2.3204852267,0.0013673109288138076
48.9151284869,2.3204852267,0.0003984876215494311
48.9200223775,2.3204852267,5.1127489543748014e-05
48.9249162681,2.3204852267,2.8846210023804966e-06
48.9298101587,2.3204852267,7.155381478220167e-08
48.9347040493,2.3204852267,7.803135172084073e-10
48.9395979399,2.3204852267,3.7411216519380166e-12
48.9444918305,2.3204852267,7.886171995346287e-15
48.9493857211,2.3204852267,7.311939270139875e-18
48.9542796117,2.3204852267,2.9887901359088184e-21
48.9591735023,2.3204852267,5.4794522134191155e-25
48.9640673929,2.3204852267,5.256372929756745e-29
48.9689612835,2.3204852267,6.097035061881844e-33
48.9738551741,2.3204852267,1.2912386902945013e-36
48.9787490647,2.3204852267,2.167653304389787e-40
48.7389484253,2.3253791173,5.591221749896785e-97
48.7438423159,2.3253791173,6.63483983252163e-91
48.7487362065,2.3253791173,4.918804569039648e-85
48.7536300971,2.3253791173,2.2782117651088725e-79
48.7585239877,2.3253791173,6.592255191359236e-74
48.7634178783,2.3253791173,1.1917339990025906e-68
48.7683117689,2.3253791173,1.3459534691845707e-63
48.7732056595,2.3253791173,9.496993941061707e-59
48.7780995501,2.3253791173,4.186467014455665e-54
48.7829934407,2.3253791173,1.152960913507664e-49
48.7878873313,2.3253791173,1.9837497883369834e-45
48.7927812219,2.3253791173,2.132379999105858e-41
48.7976751125,2.3253791173,1.4320154557643053e-37
48.8025690031,2.3253791173,6.008086938294827e-34
48.8074628937,2.3253791173,1.5748170549376104e-30
48.8123567843,2.3253791173,2.5788697538846422e-27
48.8172506749,2.3253791173,2.638360314358314e-24
48.8221445655,2.3253791173,1.6863363477770329e-21
48.8270384561,2.3253791173,6.733791952973711e-19
48.8319323467,2.3253791173,1.6798889974684346e-16
48.8368262373,2.3253791173,2.618224463292378e-14
48.8417201279,2.3253791173,2.549403812646685e-12
48.8466140185,2.3253791173,1.5508791270372077e-10
48.8515079091,2.3253791173,5.89478774450963e-09
48.8564017997,2.3253791173,1.401742545495702e-07
48.8612956903,2.3253791173,2.1064649389362494e-06
48.8661895809,2.3253791173,2.089974763987008e-05
48.8710834715,2.3253791173,0.00014841171479277771
48.8759773621,2.3253791173,0.0007850994212814768
48.8808712527,2.3253791173,0.0035773082045982754
48.8857651433,2.3253791173,0.01238260545029072
48.8906590339,2.3253791173,0.016660178022013732
48.8955529245,2.3253791173,0.007610763063503277
48.9004468151,2.3253791173,0.0038031739660203904
48.9053407057,2.3253791173,0.0028352576632072446
48.9102345963,2.3253791173,0.0011017220929643383
48.9151284869,2.3253791173,0.00019042465277754024
48.9200223775,2.3253791173,1.450009806132599e-05
48.9249162681,2.3253791173,4.857901207363676e-07
48.9298101587,2.3253791173,7.160334399632405e-09
48.9347040493,2.3253791173,4.648001918513322e-11
48.9395979399,2.3253791173,1.3351713993960423e-13
48.9444918305,2.3253791173,1.7410164086777065e-16
48.9493857211,2.3253791173,1.1983109631230235e-19
48.9542796117,2.3253791173,7.881203020415603e-23
48.9591735023,2.3253791173,7.158033009351981e-26
48.9640673929,2.3253791173,5.276945049448837e-29
48.9689612835,2.3253791173,2.5020501335022006e-32
48.9738551741,2.3253791173,7.425672121887072e-36
48.9787490647,2.3253791173,1.3769476992835914e-39
48.7389484253,2.3302730079,5.873579499111803e-98
48.7438423159,2.3302730079,7.572351877392865e-92
48.7487362065,2.3302730079,6.09907705850113e-86
48.7536300971,2.3302730079,3.069042143477019e-80
48.7585239877,2.3302730079,9.648215202978026e-75
48.7634178783,2.3302730079,1.8949445649849773e-69
48.7683117689,2.3302730079,2.3251524630571864e-64
48.7732056595,2.3302730079,1.7824270289044107e-59
48.7780995501,2.3302730079,8.536453542682296e-55
48.7829934407,2.3302730079,2.5541629514362156e-50
48.7878873313,2.3302730079,4.77446945327006e-46
48.7927812219,2.3302730079,5.5757980436734187e-42
48.7976751125,2.3302730079,4.0681255655859265e-38
48.8025690031,2.3302730079,1.854330157481722e-34
48.8074628937,2.3302730079,5.280623105295706e-31
48.8123567843,2.3302730079,9.394824677705648e-28
48.8172506749,2.3302730079,1.0442334147010621e-24
48.8221445655,2.3302730079,7.251233505149329e-22
48.8270384561,2.3302730079,3.145803512174746e-19
48.8319323467,2.3302730079,8.526223121466835e-17
48.8368262373,2.3302730079,1.4437340295869722e-14
48.8417201279,2.3302730079,1.5272958084174499e-12
48.8466140185,2.3302730079,1.0094088849579264e-10
48.8515079091,2.3302730079,4.168493957490517e-09
48.8564017997,2.3302730079,1.0778576190359514e-07
48.8612956903,2.3302730079,1.7789159562349683e-06
48.8661895809,2.3302730079,2.0642259519143534e-05
48.8710834715,2.3302730079,0.00019873642394997143
48.8759773621,2.3302730079,0.00142583423839459
48.8808712527,2.3302730079,0.0057200567398376315
48.8857651433,2.3302730079,0.011428402571708745
48.8906590339,2.3302730079,0.011062690315569562
48.8955529245,2.3302730079,0.007195461332693271
48.9004468151,2.3302730079,0.005239313771344904
48.9053407057,2.3302730079,0.002563474556372024
48.9102345963,2.3302730079,0.0005909184251584247
48.9151284869,2.3302730079,6.06700644114623e-05
48.9200223775,2.3302730079,2.758085974504109e-06
48.9249162681,2.3302730079,5.583811642486788e-08
48.9298101587,2.3302730079,5.18012008384041e-10
48.9347040493,2.3302730079,2.4831301231382614e-12
48.9395979399,2.3302730079,8.947351713819571e-15
48.9444918305,2.3302730079,3.4255818967653283e-17
48.9493857211,2.3302730079,1.0912724666964655e-19
48.9542796117,2.3302730079,2.295301099372703e-22
48.9591735023,2.3302730079,3.033986356774669e-25
48.9640673929,2.3302730079,2.5065431862932776e-28
48.9689612835,2.3302730079,1.293752263386029e-31
48.9738551741,2.3302730079,4.17188913675127e-35
48.9787490647,2.3302730079,8.404653257464563e-39
48.7389484253,2.3351668985000003,5.9248554750749254e-99
48.7438423159,2.3351668985000003,8.298696956346668e-93
48.7487362065,2.3351668985000003,7.261852918400735e-87
48.7536300971,2.3351668985000003,3.9699989256888476e-81
48.7585239877,2.3351668985000003,1.355934553485895e-75
48.7634178783,2.3351668985000003,2.8932933239582913e-70
48.7683117689,2.3351668985000003,3.857017415810525e-65
48.7732056595,2.3351668985000003,3.21230025987886e-60
48.7780995501,2.3351668985000003,1.6714218061357908e-55
48.7829934407,2.3351668985000003,5.43327132137641e-51
48.7878873313,2.3351668985000003,1.1034232231495201e-46
48.7927812219,2.3351668985000003,1.4000006756273817e-42
48.7976751125,2.3351668985000003,1.1097362393147963e-38
48.8025690031,2.3351668985000003,5.495619929130736e-35
48.8074628937,2.3351668985000003,1.7002743731706956e-31
48.8123567843,2.3351668985000003,3.286447708415568e-28
48.8172506749,2.3351668985000003,3.968622971992036e-25
48.8221445655,2.3351668985000003,2.9940452204467123e-22
48.8270384561,2.3351668985000003,1.411179526130699e-19
48.8319323467,2.3351668985000003,4.1553879545672555e-17
48.8368262373,2.3351668985000003,7.644450710616788e-15
48.8417201279,2.3351668985000003,8.785903565804406e-13
48.8466140185,2.3351668985000003,6.308611176395567e-11
48.8515079091,2.3351668985000003,2.8303325569691018e-09
48.8564017997,2.3351668985000003,7.951268516730146e-08
48.8612956903,2.3351668985000003,1.4376229400960874e-06
48.8661895809,2.3351668985000003,2.0043306928218383e-05
48.8710834715,2.3351668985000003,0.0002817737431855243
48.8759773621,2.3351668985000003,0.0027496692936715833
48.8808712527,2.3351668985000003,0.012131565426761356
48.8857651433,2.3351668985000003,0.023293165644927106
48.8906590339,2.3351668985000003,0.022229109983387466
48.8955529245,2.3351668985000003,0.013316419115880898
48.9004468151,2.3351668985000003,0.005926533696441716
48.9053407057,2.3351668985000003,0.0016326316889126637
48.9102345963,2.3351668985000003,0.0002242245445197459
48.9151284869,2.3351668985000003,1.4475253242022309e-05
48.9200223775,2.3351668985000003,4.6446631162448276e-07
48.9249162681,2.3351668985000003,9.082699642579792e-09
48.9298101587,2.3351668985000003,1.4539544586910371e-10
48.9347040493,2.3351668985000003,1.9350309511611893e-12
48.9395979399,2.3351668985000003,1.7858834863974187e-14
48.9444918305,2.3351668985000003,1.0496882962416733e-16
48.9493857211,2.3351668985000003,3.863126150968367e-19
48.9542796117,2.3351668985000003,8.883801545811948e-22
48.9591735023,2.3351668985000003,1.2763457772779657e-24
48.9640673929,2.3351668985000003,1.1456274170527235e-27
48.9689612835,2.3351668985000003,6.424271009957423e-31
48.9738551741,2.3351668985000003,2.250659036530696e-34
48.9787490647,2.3351668985000003,4.926074296109437e-38
48.7389484253,2.3400607891000003,5.738936853181984e-100
48.7438423159,2.3400607891000003,8.733087266483313e-94
48.7487362065,2.3400607891000003,8.302512760774523e-88
48.7536300971,2.3400607891000003,4.931246379212748e-82
48.7585239877,2.3400607891000003,1.8298237055386105e-76
48.7634178783,2.3400607891000003,4.241966120690748e-71
48.7683117689,2.3400607891000003,6.143707624143445e-66
48.7732056595,2.3400607891000003,5.559033379225368e-61
48.7780995501,2.3400607891000003,3.1424865091982826e-56
48.7829934407,2.3400607891000003,1.1098210558498917e-51
48.7878873313,2.3400607891000003,2.448713053565671e-47
48.7927812219,2.3400607891000003,3.37542319699239e-43
48.7976751125,2.3400607891000003,2.9068589774026603e-39
48.8025690031,2.3400607891000003,1.5639580270293893e-35
48.8074628937,2.3400607891000003,5.256923073706789e-32
48.8123567843,2.3400607891000003,1.1039351160017568e-28
48.8172506749,2.3400607891000003,1.4483078111341832e-25
48.8221445655,2.3400607891000003,1.1870898607145049e-22
48.8270384561,2.3400607891000003,6.07871407927356e-20
48.8319323467,2.3400607891000003,1.9446669571311703e-17
48.8368262373,2.3400607891000003,3.8867280256849146e-15
48.8417201279,2.3400607891000003,4.853203265607695e-13
48.8466140185,2.3400607891000003,3.785985723028534e-11
48.8515079091,2.3400607891000003,1.8452965779343688e-09
48.8564017997,2.3400607891000003,5.632031378609962e-08
48.8612956903,2.3400607891000003,1.1255317143312878e-06
48.8661895809,2.3400607891000003,2.0679633922988195e-05
48.8710834715,2.3400607891000003,0.00044724605908514877
48.8759773621,2.3400607891000003,0.005307185852819276
48.8808712527,2.3400607891000003,0.02351129813170795
48.8857651433,2.3400607891000003,0.042167941388097485
48.8906590339,2.3400607891000003,0.038648930833242015
48.8955529245,2.3400607891000003,0.020088482712666784
48.9004468151,2.3400607891000003,0.005760850880781823
48.9053407057,2.3400607891000003,0.0009251717167700381
48.9102345963,2.3400607891000003,8.878100311761797e-05
48.9151284869,2.3400607891000003,5.864923910468853e-06
48.9200223775,2.3400607891000003,3.055620626844932e-07
48.9249162681,2.3400607891000003,1.1896135947790135e-08
48.9298101587,2.3400607891000003,3.0793823129299626e-10
48.9347040493,2.3400607891000003,5.041542287308325e-12
48.9395979399,2.3400607891000003,5.164785262238474e-14
48.9444918305,2.3400607891000003,3.306025412098932e-16
48.9493857211,2.3400607891000003,1.32211460803964e-18
48.9542796117,2.3400607891000003,3.303220531136954e-21
48.9591735023,2.3400607891000003,5.155982530015414e-24
48.9640673929,2.3400607891000003,5.0279471405247246e-27
48.9689612835,2.3400607891000003,3.063200098930967e-30
48.9738551741,2.3400607891000003,1.1659110799839943e-33
48.9787490647,2.3400607891000003,2.7724319160819834e-37
48.7389484253,2.3449546797000003,5.337819777734287e-101
48.7438423159,2.3449546797000003,8.824791827945842e-95
48.7487362065,2.3449546797000003,9.114868980829513e-89
48.7536300971,2.3449546797000003,5.881685375536638e-83
48.7585239877,2.3449546797000003,2.3711473682645167e-77
48.7634178783,2.3449546797000003,5.972012411006008e-72
48.7683117689,2.3449546797000003,9.396978966789431e-67
48.7732056595,2.3449546797000003,9.237643672330955e-62
48.7780995501,2.3449546797000003,5.673349718038003e-57
48.7829934407,2.3449546797000003,2.1768239278306186e-52
48.7878873313,2.3449546797000003,5.2181006041873955e-48
48.7927812219,2.3449546797000003,7.81460428940461e-44
48.7976751125,2.3449546797000003,7.3115075515441065e-40
48.8025690031,2.3449546797000003,4.273781082890773e-36
48.8074628937,2.3449546797000003,1.560712863909934e-32
48.8123567843,2.3449546797000003,3.560730836345945e-29
48.8172506749,2.3449546797000003,5.075287856683961e-26
48.8221445655,2.3449546797000003,4.519471073034845e-23
48.8270384561,2.3449546797000003,2.514316473409409e-20
48.8319323467,2.3449546797000003,8.738918089484486e-18
48.8368262373,2.3449546797000003,1.8975830696405644e-15
48.8417201279,2.3449546797000003,2.574242199172184e-13
48.8466140185,2.3449546797000003,2.181753155945436e-11
48.8515079091,2.3449546797000003,1.1553647421280322e-09
48.8564017997,2.3449546797000003,3.833821249820478e-08
48.8612956903,2.3449546797000003,8.418268240837349e-07
48.8661895809,2.3449546797000003,1.8096003940149924e-05
48.8710834715,2.3449546797000003,0.0004578166282168664
48.8759773621,2.3449546797000003,0.005870871266617566
48.8808712527,2.3449546797000003,0.02659724101354235
48.8857651433,2.3449546797000003,0.04623540268199457
48.8906590339,2.3449546797000003,0.04030947077799736
48.8955529245,2.3449546797000003,0.019902356248651946
48.9004468151,2.3449546797000003,0.005090876983722255
48.9053407057,2.3449546797000003,0.0007289610505987047
48.9102345963,2.3449546797000003,8.084859595624527e-05
48.9151284869,2.3449546797000003,7.899876182836366e-06
48.9200223775,2.3449546797000003,5.590633751035924e-07
48.9249162681,2.3449546797000003,2.5429186152624056e-08
48.9298101587,2.3449546797000003,7.250256268878532e-10
48.9347040493,2.3449546797000003,1.2918057654325627e-11
48.9395979399,2.3449546797000003,1.4379818265671602e-13
48.9444918305,2.3449546797000003,1.0000351633813066e-15
48.9493857211,2.3449546797000003,4.344927676897456e-18
48.9542796117,2.3449546797000003,1.1793839980005347e-20
48.9591735023,2.3449546797000003,2.0000152543183193e-23
48.9640673929,2.3449546797000003,2.118930846464014e-26
48.9689612835,2.3449546797000003,1.4025089990327493e-29
48.9738551741,2.3449546797000003,5.799625194534862e-33
48.9787490647,2.3449546797000003,1.4983028209575912e-36
48.7389484253,2.3498485703,4.76732919703987e-102
48.7438423159,2.3498485703,8.562881110881216e-96
48.7487362065,2.3498485703,9.608820584030546e-90
48.7536300971,2.3498485703,6.736365647132594e-84
48.7585239877,2.3498485703,2.9504388544970556e-78
48.7634178783,2.3498485703,8.073335170215754e-73
48.7683117689,2.3498485703,1.3801450915326443e-67
48.7732056595,2.3498485703,1.4740150084711207e-62
48.7780995501,2.3498485703,9.835228719490892e-58
48.7829934407,2.3498485703,4.0998920356187107e-53
48.7878873313,2.3498485703,1.0677406446121045e-48
48.7927812219,2.3498485703,1.7372588287502632e-44
48.7976751125,2.3498485703,1.7659104560362148e-40
48.8025690031,2.3498485703,1.1214456396969634e-36
48.8074628937,2.3498485703,4.4493152011237266e-33
48.8123567843,2.3498485703,1.102842561150986e-29
48.8172506749,2.3498485703,1.70780885463527e-26
48.8221445655,2.3498485703,1.6522296131701876e-23
48.8270384561,2.3498485703,9.986353650453577e-21
48.8319323467,2.3498485703,3.7709339167934524e-18
48.8368262373,2.3498485703,8.896054619955054e-16
48.8417201279,2.3498485703,1.3112123298100814e-13
48.8466140185,2.3498485703,1.2082011291298048e-11
48.8515079091,2.3498485703,6.996661458781333e-10
48.8564017997,2.3498485703,2.6247934710314914e-08
48.8612956903,2.3498485703,7.104247902895923e-07
48.8661895809,2.3498485703,1.6737879423610484e-05
48.8710834715,2.3498485703,0.00032984133882388566
48.8759773621,2.3498485703,0.003568610386859854
48.8808712527,2.3498485703,0.01561181306757905
48.8857651433,2.3498485703,0.027508505608448097
48.8906590339,2.3498485703,0.024293788946019846
48.8955529245,2.3498485703,0.012758423981608267
48.9004468151,2.3498485703,0.00389937717566883
48.9053407057,2.3498485703,0.0007616189614106524
48.9102345963,2.3498485703,0.0001164729838361198
48.9151284869,2.3498485703,1.3650458924757684e-05
48.9200223775,2.3498485703,1.0700114272683428e-06
48.9249162681,2.3498485703,5.300354512010662e-08
48.9298101587,2.3498485703,1.642186624379957e-09
48.9347040493,2.3498485703,3.178897583233028e-11
48.9395979399,2.3498485703,3.844476389370176e-13
48.9444918305,2.3498485703,2.9047134096168416e-15
48.9493857211,2.3498485703,1.3711178343507749e-17
48.9542796117,2.3498485703,4.0434461911472044e-20
48.9591735023,2.3498485703,7.449617153630208e-23
48.9640673929,2.3498485703,8.574753391126974e-26
48.9689612835,2.3498485703,6.166159025558634e-29
48.9738551741,2.3498485703,2.7702132452528467e-32
48.9787490647,2.3498485703,7.775298660808161e-36
48.7389484253,2.3547424609,4.088510836416759e-103
48.7438423159,2.3547424609,7.978369289270306e-97
48.7487362065,2.3547424609,9.726767019285622e-91
48.7536300971,2.3547424609,7.408465978190403e-85
48.7585239877,2.3547424609,3.5252787745291654e-79
48.7634178783,2.3547424609,1.0480066526074176e-73
48.7683117689,2.3547424609,1.9464354733837293e-68
48.7732056595,2.3547424609,2.2585066851265858e-63
48.7780995501,2.3547424609,1.637224171898522e-58
48.7829934407,2.3547424609,7.414814891748413e-54
48.7878873313,2.3547424609,2.097963253488121e-49
48.7927812219,2.3547424609,3.7085218213261263e-45
48.7976751125,2.3547424609,4.0955213901494597e-41
48.8025690031,2.3547424609,2.825679860557681e-37
48.8074628937,2.3547424609,1.2179854832237831e-33
48.8123567843,2.3547424609,3.279945790967774e-30
48.8172506749,2.3547424609,5.5181896069911606e-27
48.8221445655,2.3547424609,5.800053660132028e-24
48.8270384561,2.3547424609,3.808676251556197e-21
48.8319323467,2.3547424609,1.5626003052373309e-18
48.8368262373,2.3547424609,4.0087823624906287e-16
48.8417201279,2.3547424609,6.482482258953051e-14
48.8466140185,2.3547424609,6.9428033737426e-12
48.8515079091,2.3547424609,5.759855859274416e-10
48.8564017997,2.3547424609,4.117834463745763e-08
48.8612956903,2.3547424609,2.0189005799788875e-06
48.8661895809,2.3547424609,5.2160338715583835e-05
48.8710834715,2.3547424609,0.0006406832037385653
48.8759773621,2.3547424609,0.0036816201211186043
48.8808712527,2.3547424609,0.009961992697330732
48.8857651433,2.3547424609,0.01335053951643951
48.8906590339,2.3547424609,0.01092529228381478
48.8955529245,2.3547424609,0.006770949586920565
48.9004468151,2.3547424609,0.002954617380171652
48.9053407057,2.3547424609,0.0008584490793005095
48.9102345963,2.3547424609,0.0001714706391498862
48.9151284869,2.3547424609,2.296881486730713e-05
48.9200223775,2.3547424609,1.9703812491882152e-06
48.9249162681,2.3547424609,1.0610609675954278e-07
48.9298101587,2.3547424609,3.5717102538071363e-09
48.9347040493,2.3547424609,7.511642381982761e-11
48.9395979399,2.3547424609,9.86960525622543e-13
48.9444918305,2.3547424609,8.101586696388468e-15
48.9493857211,2.3547424609,4.1547584818929584e-17
48.9542796117,2.3547424609,1.3311496443115754e-19
48.9591735023,2.3547424609,2.6644855900564813e-22
48.9640673929,2.3547424609,3.332002121866814e-25
48.9689612835,2.3547424609,2.6031701808028827e-28
48.9738551741,2.3547424609,1.2705894657395953e-31
48.9787490647,2.3547424609,3.874479237544883e-35
48.7389484253,2.3596363515,3.3669288538940014e-104
48.7438423159,2.3596363515,7.138173994226926e-98
48.7487362065,2.3596363515,9.454655696928478e-92
48.7536300971,2.3596363515,7.823655241123661e-86
48.7585239877,2.3596363515,4.044632702001161e-80
48.7634178783,2.3596363515,1.3063329202194453e-74
48.7683117689,2.3596363515,2.635931086745322e-69
48.7732056595,2.3596363515,3.322918048034677e-64
48.7780995501,2.3596363515,2.6170414857843137e-59
48.7829934407,2.3596363515,1.2876771284874173e-54
48.7878873313,2.3596363515,3.9583004401952213e-50
48.7927812219,2.3596363515,7.601791005236304e-46
48.7976751125,2.3596363515,9.120706788409202e-42
48.8025690031,2.3596363515,6.836699025451872e-38
48.8074628937,2.3596363515,3.2016203211041922e-34
48.8123567843,2.3596363515,9.36696010447753e-31
48.8172506749,2.3596363515,1.712125170394073e-27
48.8221445655,2.3596363515,1.955411997006704e-24
48.8270384561,2.3596363515,1.3983784856374768e-21
48.8319323467,2.3596363515,6.404556102937121e-19
48.8368262373,2.3596363515,2.1662145899784774e-16
48.8417201279,2.3596363515,7.444575152276603e-14
48.8466140185,2.3596363515,2.3128753651764962e-11
48.8515079091,2.3596363515,4.131941177630724e-09
48.8564017997,2.3596363515,3.4786468761895874e-07
48.8612956903,2.3596363515,1.3129086626619768e-05
48.8661895809,2.3596363515,0.00021960999233626584
48.8710834715,2.3596363515,0.0016279972410190569
48.8759773621,2.3596363515,0.005410302858932129
48.8808712527,2.3596363515,0.008465419593791027
48.8857651433,2.3596363515,0.0075730392606138276
48.8906590339,2.3596363515,0.006085158699838273
48.8955529245,2.3596363515,0.004915296536487066
48.9004468151,2.3596363515,0.0028632613653622146
48.9053407057,2.3596363515,0.0010618649736925836
48.9102345963,2.3596363515,0.0002499421118703281
48.9151284869,2.3596363515,3.724042041711088e-05
48.9200223775,2.3596363515,3.4847997618129017e-06
48.9249162681,2.3596363515,2.0396532047660184e-07
48.9298101587,2.3596363515,7.459481430416343e-09
48.9347040493,2.3596363515,1.7044020234096254e-10
48.9395979399,2.3596363515,2.432994589505865e-12
48.9444918305,2.3596363515,2.169779757866378e-14
48.9493857211,2.3596363515,1.2089144305980897e-16
48.9542796117,2.3596363515,4.208049774430755e-19
48.9591735023,2.3596363515,9.151063578684601e-22
48.9640673929,2.3596363515,1.2432763581087516e-24
48.9689612835,2.3596363515,1.0552835684228924e-27
48.9738551741,2.3596363515,5.595978980882422e-31
48.9787490647,2.3596363515,1.8539088228881562e-34
48.7389484253,2.3645302421,2.662450248126175e-105
48.7438423159,2.3645302421,6.132518972574052e-99
48.7487362065,2.3645302421,8.824735512557416e-93
48.7536300971,2.3645302421,7.9335925694365415e-87
48.7585239877,2.3645302421,4.455982607444722e-81
48.7634178783,2.3645302421,1.5635885398000793e-75
48.7683117689,2.3645302421,3.427732074187918e-70
48.7732056595,2.3645302421,4.694579046498404e-65
48.7780995501,2.3645302421,4.016907599354891e-60
48.7829934407,2.3645302421,2.147298524176899e-55
48.7878873313,2.3645302421,7.171308530070268e-51
48.7927812219,2.3645302421,1.496269376390763e-46
48.7976751125,2.3645302421,1.9504129451052026e-42
48.8025690031,2.3645302421,1.5883603125419417e-38
48.8074628937,2.3645302421,8.081407724766378e-35
48.8123567843,2.3645302421,2.570344787612015e-31
48.8172506749,2.3645302421,5.162399585112462e-28
48.8221445655,2.3645302421,7.324266172595353e-25
48.8270384561,2.3645302421,1.1996030492920346e-21
48.8319323467,2.3645302421,2.4571242348138497e-18
48.8368262373,2.3645302421,3.126215298722631e-15
48.8417201279,2.3645302421,1.861320992692238e-12
48.8466140185,2.3645302421,4.930067790014456e-10
48.8515079091,2.3645302421,5.757112413462148e-08
48.8564017997,2.3645302421,2.9584370534802367e-06
48.8612956903,2.3645302421,6.688181255603041e-05
48.8661895809,2.3645302421,0.0006656355523522808
48.8710834715,2.3645302421,0.002926211933601486
48.8759773621,2.3645302421,0.0057797672633640084
48.8808712527,2.3645302421,0.005668815980668843
48.8857651433,2.3645302421,0.004427989058253114
48.8906590339,2.3645302421,0.004898076574882813
48.8955529245,2.3645302421,0.004962401190707968
48.9004468151,2.3645302421,0.003297921110218564
48.9053407057,2.3645302421,0.0013725131164592924
48.9102345963,2.3645302421,0.00035723297403513166
48.9151284869,2.3645302421,5.816275715902411e-05
48.9200223775,2.3645302421,5.919891229303682e-06
48.9249162681,2.3645302421,3.7649455792510844e-07
48.9298101587,2.3645302421,1.4959604189607514e-08
48.9347040493,2.3645302421,3.7135387472860893e-10
48.9395979399,2.3645302421,5.759188305058021e-12
48.9444918305,2.3645302421,5.58007451038564e-14
48.9493857211,2.3645302421,3.377723657286747e-16
48.9542796117,2.3645302421,1.277360938058862e-18
48.9591735023,2.3645302421,3.0179257099453437e-21
48.9640673929,2.3645302421,4.454601475222152e-24
48.9689612835,2.3645302421,4.1078499010888915e-27
48.9738551741,2.3645302421,2.3666044352609955e-30
48.9787490647,2.3645302421,8.51808912788013e-34
48.7389484253,2.3694241327,2.0216586949706557e-106
48.7438423159,2.3694241327,5.059055531436121e-100
48.7487362065,2.3694241327,7.909270942362451e-94
48.7536300971,2.3694241327,7.725184452231897e-88
48.7585239877,2.3694241327,4.713968329824541e-82
48.7634178783,2.3694241327,1.797090139205672e-76
48.7683117689,2.3694241327,4.280144782798755e-71
48.7732056595,2.3694241327,6.368724417154511e-66
48.7780995501,2.3694241327,5.920410929748698e-61
48.7829934407,2.3694241327,3.438401954618302e-56
48.7878873313,2.3694241327,1.2475755871062233e-51
48.7927812219,2.3694241327,2.8280319618180766e-47
48.7976751125,2.3694241327,4.005728543038055e-43
48.8025690031,2.3694241327,3.562024540173383e-39
48.8074628937,2.3694241327,2.1685912080994892e-35
48.8123567843,2.3694241327,1.7209469707757405e-31
48.8172506749,2.3694241327,2.4309235192580133e-27
48.8221445655,2.3694241327,2.2171023937585882e-23
48.8270384561,2.3694241327,9.30670912874991e-20
48.8319323467,2.3694241327,1.7275273770223233e-16
48.8368262373,2.3694241327,1.411086601240936e-13
48.8417201279,2.3694241327,5.0681796902803134e-11
48.8466140185,2.3694241327,8.003041116250427e-09
48.8515079091,2.3694241327,5.555846975561436e-07
48.8564017997,2.3694241327,1.695687666096627e-05
48.8612956903,2.3694241327,0.0002275573186048011
48.8661895809,2.3694241327,0.0013434665522726354
48.8710834715,2.3694241327,0.00350134336392805
48.8759773621,2.3694241327,0.004137836340404322
48.8808712527,2.3694241327,0.0028086884063175774
48.8857651433,2.3694241327,0.002883795716582597
48.8906590339,2.3694241327,0.0045927256286181625
48.8955529245,2.3694241327,0.005290122565272247
48.9004468151,2.3694241327,0.0038391999496165032
48.9053407057,2.3694241327,0.0017410706025118882
48.9102345963,2.3694241327,0.0004932968642289474
48.9151284869,2.3694241327,8.732416489411845e-05
48.9200223775,2.3694241327,9.657922334077741e-06
48.9249162681,2.3694241327,6.673350260888683e-07
48.9298101587,2.3694241327,2.8807829297902964e-08
48.9347040493,2.3694241327,7.769313738253521e-10
48.9395979399,2.3694241327,1.3090619198663333e-11
48.9444918305,2.3694241327,1.3779806470000477e-13
48.9493857211,2.3694241327,9.06215413870961e-16
48.9542796117,2.3694241327,3.723275474060864e-18
48.9591735023,2.3694241327,9.557059555012395e-21
48.9640673929,2.3694241327,1.5325999715172726e-23
48.9689612835,2.3694241327,1.5354607948595008e-26
48.9738551741,2.3694241327,9.610678491653553e-30
48.9787490647,2.3694241327,3.7581556567085886e-33
48.7389484253,2.3743180233,1.4740524950695338e-107
48.7438423159,2.3743180233,4.0075483238830044e-101
48.7487362065,2.3743180233,6.806909610113261e-95
48.7536300971,2.3743180233,7.223149394469556e-89
48.7585239877,2.3743180233,4.7886005290250004e-83
48.7634178783,2.3743180233,1.983334739993645e-77
48.7683117689,2.3743180233,5.132025752205511e-72
48.7732056595,2.3743180233,8.296349453532656e-67
48.7780995501,2.3743180233,8.378977022684438e-62
48.7829934407,2.3743180233,5.287168556181192e-57
48.7878873313,2.3743180233,2.0892296860707376e-52
48.7927812219,2.3743180233,5.54003981269708e-48
48.7976751125,2.3743180233,2.2067030251308513e-43
48.8025690031,2.3743180233,2.2421795877584978e-38
48.8074628937,2.3743180233,1.460451874765381e-33
48.8123567843,2.3743180233,4.30323764229586e-29
48.8172506749,2.3743180233,5.587575253061554e-25
48.8221445655,2.3743180233,3.190407495058833e-21
48.8270384561,2.3743180233,8.008725756998875e-18
48.8319323467,2.3743180233,8.838137763481384e-15
48.8368262373,2.3743180233,4.2878098859066e-12
48.8417201279,2.3743180233,9.14507200055315e-10
48.8466140185,2.3743180233,8.574635250313396e-08
48.8515079091,2.3743180233,3.534450798204273e-06
48.8564017997,2.3743180233,6.404865433254363e-05
48.8612956903,2.3743180233,0.000510273404368956
48.8661895809,2.3743180233,0.001788021942861856
48.8710834715,2.3743180233,0.002766510319539718
48.8759773621,2.3743180233,0.001990082841804773
48.8808712527,2.3743180233,0.0012170500707083514
48.8857651433,2.3743180233,0.002217027804657686
48.8906590339,2.3743180233,0.004337940692500514
48.8955529245,2.3743180233,0.005471536936331905
48.9004468151,2.3743180233,0.00431558626670665
48.9053407057,2.3743180233,0.002126581949934164
48.9102345963,2.3743180233,0.0006546809948151258
48.9151284869,2.3743180233,0.00012591675649710677
48.9200223775,2.3743180233,1.5130154828538032e-05
48.9249162681,2.3743180233,1.1358182923982326e-06
48.9298101587,2.3743180233,5.326964408582314e-08
48.9347040493,2.3743180233,1.5608319132298101e-09
48.9395979399,2.3743180233,2.8571818053227196e-11
48.9444918305,2.3743180233,3.2675708539546334e-13
48.9493857211,2.3743180233,2.3346272448008686e-15
48.9542796117,2.3743180233,1.0421146067733492e-17
48.9591735023,2.3743180233,2.90615527704279e-20
48.9640673929,2.3743180233,5.0632287076657094e-23
48.9689612835,2.3743180233,5.511142911738225e-26
48.9738551741,2.3743180233,3.7476687647980375e-29
48.9787490647,2.3743180233,1.5921578527249282e-32
48.7389484253,2.3792119139,1.0320407311509528e-108
48.7438423159,2.3792119139,3.0483642835908054e-102
48.7487362065,2.3792119139,5.625255971703397e-96
48.7536300971,2.3792119139,6.485196091104107e-90
48.7585239877,2.3792119139,4.670994261284781e-84
48.7634178783,2.3792119139,2.101846654835956e-78
48.7683117689,2.3792119139,5.908886813804177e-73
48.7732056595,2.3792119139,1.0390859370765046e-67
48.7780995501,2.3792119139,1.2115391275147154e-62
48.7829934407,2.3792119139,2.550828445930812e-57
48.7878873313,2.3792119139,1.9247242426781937e-51
48.7927812219,2.3792119139,8.891992762361579e-46
48.7976751125,2.3792119139,1.8343271604655524e-40
48.8025690031,2.3792119139,1.6649502241218093e-35
48.8074628937,2.3792119139,6.644006325352492e-31
48.8123567843,2.3792119139,1.1655693545377632e-26
48.8172506749,2.3792119139,8.989240818202509e-23
48.8221445655,2.3792119139,3.047785445022233e-19
48.8270384561,2.3792119139,4.542785067840411e-16
48.8319323467,2.3792119139,2.9767091320773743e-13
48.8368262373,2.3792119139,8.574859648155607e-11
48.8417201279,2.3792119139,1.0859105648293228e-08
48.8466140185,2.3792119139,6.045574107777664e-07
48.8515079091,2.3792119139,1.4796455124465291e-05
48.8564017997,2.3792119139,0.00015920465340264016
48.8612956903,2.3792119139,0.0007530845523699244
48.8661895809,2.3792119139,0.0015666442213952993
48.8710834715,2.3792119139,0.0014416762675497619
48.8759773621,2.3792119139,0.0006666585199042577
48.8808712527,2.3792119139,0.0006154734877453517
48.8857651433,2.3792119139,0.0018135955628711118
48.8906590339,2.3792119139,0.003964672596948872
48.8955529245,2.3792119139,0.005437703462911476
48.9004468151,2.3792119139,0.004659700211151238
48.9053407057,2.3792119139,0.002494629864912752
48.9102345963,2.3792119139,0.0008343718551717992
48.9151284869,2.3792119139,0.0001743486479066787
48.9200223775,2.3792119139,2.2760559439816825e-05
48.9249162681,2.3792119139,1.856319323150389e-06
48.9298101587,2.3792119139,9.458621303639013e-08
48.9347040493,2.3792119139,3.0109835902810958e-09
48.9395979399,2.3792119139,5.988172982136911e-11
48.9444918305,2.3792119139,7.440218405213696e-13
48.9493857211,2.3792119139,5.7754047966359025e-15
48.9542796117,2.3792119139,2.8008159578107965e-17
48.9591735023,2.3792119139,8.485786741453611e-20
48.9640673929,2.3792119139,1.606220085062435e-22
48.9689612835,2.3792119139,1.8994304212469966e-25
48.9738551741,2.3792119139,1.403289011744519e-28
48.9787490647,2.3792119139,6.477035207332334e-32
48.7389484253,2.3841058045,6.938402671693698e-110
48.7438423159,2.3841058045,2.2265565847815454e-103
48.7487362065,2.3841058045,4.4638890087823595e-97
48.7536300971,2.3841058045,5.591150029993173e-91
48.7585239877,2.3841058045,4.378212497198247e-85
48.7634178783,2.3841058045,2.2587866250785698e-79
48.7683117689,2.3841058045,2.689884269325961e-73
48.7732056595,2.3841058045,1.533095851908748e-66
48.7780995501,2.3841058045,4.992778475544093e-60
48.7829934407,2.3841058045,7.202534182301078e-54
48.7878873313,2.3841058045,4.5690002351093565e-48
48.7927812219,2.3841058045,1.2742046396733525e-42
48.7976751125,2.3841058045,1.562190465968428e-37
48.8025690031,2.3841058045,8.419866885427386e-33
48.8074628937,2.3841058045,1.9950458319965404e-28
48.8123567843,2.3841058045,2.078150202099688e-24
48.8172506749,2.3841058045,9.516503130690424e-21
48.8221445655,2.3841058045,1.9158180474418694e-17
48.8270384561,2.3841058045,1.6955380081465776e-14
48.8319323467,2.3841058045,6.596859026653086e-12
48.8368262373,2.3841058045,1.128348566825143e-09
48.8417201279,2.3841058045,8.484490447996521e-08
48.8466140185,2.3841058045,2.8046886626739292e-06
48.8515079091,2.3841058045,4.0758670307571464e-05
48.8564017997,2.3841058045,0.00026039480304448405
48.8612956903,2.3841058045,0.0007313569854653056
48.8661895809,2.3841058045,0.0009034012428168862
48.8710834715,2.3841058045,0.0004965423782597636
48.8759773621,2.3841058045,0.0001795331608684156
48.8808712527,2.3841058045,0.0003946574948895505
48.8857651433,2.3841058045,0.0014605049227898515
48.8906590339,2.3841058045,0.003482349356893461
48.8955529245,2.3841058045,0.005189344370923233
48.9004468151,2.3841058045,0.004831249398141663
48.9053407057,2.3841058045,0.0028100356429193226
48.9102345963,2.3841058045,0.0010211031075921149
48.9151284869,2.3841058045,0.00023181031938716482
48.9200223775,2.3841058045,3.2877692628588344e-05
48.9249162681,2.3841058045,2.913233495534674e-06
48.9298101587,2.3841058045,1.612703975491968e-07
48.9347040493,2.3841058045,5.577497912567968e-09
48.9395979399,2.3841058045,1.205118003058887e-10
48.9444918305,2.3841058045,1.6267661626531019e-12
48.9493857211,2.3841058045,1.3719114614512772e-14
48.9542796117,2.3841058045,7.228237876334081e-17
48.9591735023,2.3841058045,2.379272508836486e-19
48.9640673929,2.3841058045,4.892843611801484e-22
48.9689612835,2.3841058045,6.286137567795173e-25
48.9738551741,2.3841058045,5.045588467186656e-28
48.9787490647,2.3841058045,2.5301435831222092e-31
48.7389484253,2.3889996951,4.479215958784331e-111
48.7438423159,2.3889996951,1.5623078070959543e-104
48.7487362065,2.3889996951,3.583239665911574e-98
48.7536300971,2.3889996951,2.6206473383182877e-91
48.7585239877,2.3889996951,1.1298539217996205e-83
48.7634178783,2.3889996951,2.582960290281036e-76
48.7683117689,2.3889996951,2.604567549143294e-69
48.7732056595,2.3889996951,1.1546830985774443e-62
48.7780995501,2.3889996951,2.250440052750845e-56
48.7829934407,2.3889996951,1.9281842886778938e-50
48.7878873313,2.3889996951,7.262832663501052e-45
48.7927812219,2.3889996951,1.2026518974874531e-39
48.7976751125,2.3889996951,8.754881008774921e-35
48.8025690031,2.3889996951,2.8017988902939514e-30
48.8074628937,2.3889996951,3.9418498214682136e-26
48.8123567843,2.3889996951,2.4380330793053257e-22
48.8172506749,2.3889996951,6.629114457921881e-19
48.8221445655,2.3889996951,7.924061646188081e-16
48.8270384561,2.3889996951,4.1640561553760773e-13
48.8319323467,2.3889996951,9.619704112331497e-11
48.8368262373,2.3889996951,9.769745589036468e-09
48.8417201279,2.3889996951,4.36195518569893e-07
48.8466140185,2.3889996951,8.561612139069065e-06
48.8515079091,2.3889996951,7.387650092852768e-05
48.8564017997,2.3889996951,0.00028024234337353804
48.8612956903,2.3889996951,0.00046735273666717635
48.8661895809,2.3889996951,0.0003428510368805543
48.8710834715,2.3889996951,0.00011429921063962808
48.8759773621,2.3889996951,5.6802546809406507e-05
48.8808712527,2.3889996951,0.0002742291572052035
48.8857651433,2.3889996951,0.0011334768825820541
48.8906590339,2.3889996951,0.0029372632783404734
48.8955529245,2.3889996951,0.004755417077011335
48.9004468151,2.3889996951,0.004809941512701577
48.9053407057,2.3889996951,0.0030394596073035954
48.9102345963,2.3889996951,0.001199936751317791
48.9151284869,2.3889996951,0.00029595503423971895
48.9200223775,2.3889996951,4.560353478309521e-05
48.9249162681,2.3889996951,4.390122912197311e-06
48.9298101587,2.3889996951,2.6403424036834174e-07
48.9347040493,2.3889996951,9.920857680375516e-09
48.9395979399,2.3889996951,2.3288610991291856e-10
48.9444918305,2.3889996951,3.4154139794489713e-12
48.9493857211,2.3889996951,3.1293094731465364e-14
48.9542796117,2.3889996951,1.7912618482537934e-16
48.9591735023,2.3889996951,6.405824487570169e-19
48.9640673929,2.3889996951,1.4311870326068976e-21
48.9689612835,2.3889996951,1.9976672416367163e-24
48.9738551741,2.3889996951,1.742028682495658e-27
48.9787490647,2.3889996951,9.490582152012073e-31
48.7389484253,2.3938935857,2.3830118540175176e-111
48.7438423159,2.3938935857,7.687825526225332e-103
48.7487362065,2.3938935857,1.2307773273288064e-94
48.7536300971,2.3938935857,8.67379235582427e-87
48.7585239877,2.3938935857,2.687344715559344e-79
48.7634178783,2.3938935857,3.6602800395341615e-72
48.7683117689,2.3938935857,2.191702776174912e-65
48.7732056595,2.3938935857,5.76933033834173e-59
48.7780995501,2.3938935857,6.676449358512806e-53
48.7829934407,2.3938935857,3.3965820972642563e-47
48.7878873313,2.3938935857,7.596526853780014e-42
48.7927812219,2.3938935857,7.4690341102438734e-37
48.7976751125,2.3938935857,3.2284213627969805e-32
48.8025690031,2.3938935857,6.1346866733374895e-28
48.8074628937,2.3938935857,5.124729704787611e-24
48.8123567843,2.3938935857,1.8820274193193245e-20
48.8172506749,2.3938935857,3.038486651479979e-17
48.8221445655,2.3938935857,2.1565777657934762e-14
48.8270384561,2.3938935857,6.72898124922407e-12
48.8319323467,2.3938935857,9.23017461632731e-10
48.8368262373,2.3938935857,5.566047653909327e-08
48.8417201279,2.3938935857,1.47557173502239e-06
48.8466140185,2.3938935857,1.719689895201553e-05
48.8515079091,2.3938935857,8.810820641028585e-05
48.8564017997,2.3938935857,0.00019845368391124894
48.8612956903,2.3938935857,0.00019651110619203242
48.8661895809,2.3938935857,8.566264524272837e-05
48.8710834715,2.3938935857,1.862124450219249e-05
48.8759773621,2.3938935857,2.7371357458513974e-05
48.8808712527,2.3938935857,0.00018755458737958113
48.8857651433,2.3938935857,0.000844985690757359
48.8906590339,2.3938935857,0.002378994980127252
48.8955529245,2.3938935857,0.004184499480601924
48.9004468151,2.3938935857,0.004598317027399845
48.9053407057,2.3938935857,0.0031568918206770443
48.9102345963,2.3938935857,0.0013540225206312116
48.9151284869,2.3938935857,0.00036282522536562736
48.9200223775,2.3938935857,6.073995385896858e-05
48.9249162681,2.3938935857,6.352677956336097e-06
48.9298101587,2.3938935857,4.1509224506944933e-07
48.9347040493,2.3938935857,1.6944852700015397e-08
48.9395979399,2.3938935857,4.3215184759172245e-10
48.9444918305,2.3938935857,6.885577143394283e-12
48.9493857211,2.3938935857,6.854088703033904e-14
48.9542796117,2.3938935857,4.262500971052688e-16
48.9591735023,2.3938935857,1.6560927629452214e-18
48.9640673929,2.3938935857,4.019853498740761e-21
48.9689612835,2.3938935857,6.095947109245006e-24
48.9738551741,2.3938935857,5.775339948280994e-27
48.9787490647,2.3938935857,3.418371928073983e-30
48.7389484253,2.3987874763,2.6601234173083365e-106
48.7438423159,2.3987874763,5.759735577426379e-98
48.7487362065,2.3987874763,5.482513828211452e-90
48.7536300971,2.3987874763,2.2942108546299486e-82
48.7585239877,2.3987874763,4.2204944051813223e-75
48.7634178783,2.3987874763,3.4132628332066948e-68
48.7683117689,2.3987874763,1.213535649218829e-61
48.7732056595,2.3987874763,1.8967572384052286e-55
48.7780995501,2.3987874763,1.3033089137917757e-49
48.7829934407,2.3987874763,3.936945340501004e-44
48.7878873313,2.3987874763,5.228147227599908e-39
48.7927812219,2.3987874763,3.0521975337997386e-34
48.7976751125,2.3987874763,7.833464314654022e-30
48.8025690031,2.3987874763,8.838356310354498e-26
48.8074628937,2.3987874763,4.38394953690115e-22
48.8123567843,2.3987874763,9.55951791040046e-19
48.8172506749,2.3987874763,9.163952728112383e-16
48.8221445655,2.3987874763,3.861945079791867e-13
48.8270384561,2.3987874763,7.154935957909312e-11
48.8319323467,2.3987874763,5.827493696892252e-09
48.8368262373,2.3987874763,2.0865763385785544e-07
48.8417201279,2.3987874763,3.284453731126781e-06
48.8466140185,2.3987874763,2.2728376894709445e-05
48.8515079091,2.3987874763,6.91433000686765e-05
48.8564017997,2.3987874763,9.247159767309559e-05
48.8612956903,2.3987874763,5.436986164238449e-05
48.8661895809,2.3987874763,1.4115092972578703e-05
48.8710834715,2.3987874763,2.853547071845704e-06
48.8759773621,2.3987874763,1.5844720035047085e-05
48.8808712527,2.3987874763,0.0001235483477960401
48.8857651433,2.3987874763,0.0006048869339659995
48.8906590339,2.3987874763,0.0018502184024619599
48.8955529245,2.3987874763,0.0035357145768076283
48.9004468151,2.3987874763,0.004221208460418943
48.9053407057,2.3987874763,0.0031484862344738234
48.9102345963,2.3987874763,0.0014671421554054895
48.9151284869,2.3987874763,0.00042711811473162024
48.9200223775,2.3987874763,7.768357149582887e-05
48.9249162681,2.3987874763,8.827053832274857e-06
48.9298101587,2.3987874763,6.266250674476667e-07
48.9347040493,2.3987874763,2.7791062544947366e-08
48.9395979399,2.3987874763,7.700305168813442e-10
48.9444918305,2.3987874763,1.3329569404343266e-11
48.9493857211,2.3987874763,1.4415499709420557e-13
48.9542796117,2.3987874763,9.739769546956005e-16
48.9591735023,2.3987874763,4.1112421632733346e-18
48.9640673929,2.3987874763,1.084183601522223e-20
48.9689612835,2.3987874763,1.786232585751237e-23
48.9738551741,2.3987874763,1.838563268946644e-26
48.9787490647,2.3987874763,1.1822914507870697e-29
48.7389484253,2.4036813669,2.211584598888978e-101
48.7438423159,2.4036813669,2.843281148764301e-93
48.7487362065,2.4036813669,1.6069873518819334e-85
48.7536300971,2.4036813669,3.992836396752521e-78
48.7585239877,2.4036813669,4.361410622621666e-71
48.7634178783,2.4036813669,2.094347981457572e-64
48.7683117689,2.4036813669,4.421270761719803e-58
48.7732056595,2.4036813669,4.103191497399559e-52
48.7780995501,2.4036813669,1.6740671108422453e-46
48.7829934407,2.4036813669,3.002619816478388e-41
48.7878873313,2.4036813669,2.3675776577647476e-36
48.7927812219,2.4036813669,8.207001705396581e-32
48.7976751125,2.4036813669,1.2506656401847965e-27
48.8025690031,2.4036813669,8.378655180482177e-24
48.8074628937,2.4036813669,2.467651474193261e-20
48.8123567843,2.4036813669,3.1949916562180305e-17
48.8172506749,2.4036813669,1.818578448117741e-14
48.8221445655,2.4036813669,4.5506219344027964e-12
48.8270384561,2.4036813669,5.00594271929773e-10
48.8319323467,2.4036813669,2.4209030640839785e-08
48.8368262373,2.4036813669,5.146895238068964e-07
48.8417201279,2.4036813669,4.810493821263948e-06
48.8466140185,2.4036813669,1.9765618013240164e-05
48.8515079091,2.4036813669,3.57032327547658e-05
48.8564017997,2.4036813669,2.83518450469352e-05
48.8612956903,2.4036813669,9.898510365942053e-06
48.8661895809,2.4036813669,1.5498816954902866e-06
48.8710834715,2.4036813669,7.761617377319356e-07
48.8759773621,2.4036813669,9.18400610671877e-06
48.8808712527,2.4036813669,7.816832995936884e-05
48.8857651433,2.4036813669,0.0004157940108329971
48.8906590339,2.4036813669,0.0013817556308643745
48.8955529245,2.4036813669,0.0028687298674624066
48.9004468151,2.4036813669,0.0037209468368323327
48.9053407057,2.4036813669,0.00301524546635043
48.9102345963,2.4036813669,0.0015265016542136839
48.9151284869,2.4036813669,0.00048281114148078947
48.9200223775,2.4036813669,9.540314369197101e-05
48.9249162681,2.4036813669,1.1777510116078133e-05
48.9298101587,2.4036813669,9.083426037511404e-07
48.9347040493,2.4036813669,4.3767453664567875e-08
48.9395979399,2.4036813669,1.3175232112693273e-09
48.9444918305,2.4036813669,2.4778252117035293e-11
48.9493857211,2.4036813669,2.9113100398598376e-13
48.9542796117,2.4036813669,2.1370350572382147e-15
48.9591735023,2.4036813669,9.80031947611191e-18
48.9640673929,2.4036813669,2.8078520341416074e-20
48.9689612835,2.4036813669,5.025897193511076e-23
48.9738551741,2.4036813669,5.620285551841894e-26
48.9787490647,2.4036813669,3.926526748474907e-29
48.7389484253,2.4085752575,1.209843085582891e-96
48.7438423159,2.4085752575,9.235507347096675e-89
48.7487362065,2.4085752575,3.099337519400088e-81
48.7536300971,2.4085752575,4.572496623556457e-74
48.7585239877,2.4085752575,2.9656119116243648e-67
48.7634178783,2.4085752575,8.45574048442459e-61
48.7683117689,2.4085752575,1.0599011854396753e-54
48.7732056595,2.4085752575,5.840573779648444e-49
48.7780995501,2.4085752575,1.4148879736612113e-43
48.7829934407,2.4085752575,1.506832574241586e-38
48.7878873313,2.4085752575,7.054794200281286e-34
48.7927812219,2.4085752575,1.4520450896824678e-29
48.7976751125,2.4085752575,1.313869587525826e-25
48.8025690031,2.4085752575,5.226378056209497e-22
48.8074628937,2.4085752575,9.139570508702618e-19
48.8123567843,2.4085752575,7.026307586459967e-16
48.8172506749,2.4085752575,2.3746791112640026e-13
48.8221445655,2.4085752575,3.5282480525539926e-11
48.8270384561,2.4085752575,2.304568880667376e-09
48.8319323467,2.4085752575,6.61754159922479e-08
48.8368262373,2.4085752575,8.353723012675421e-07
48.8417201279,2.4085752575,4.635961988132575e-06
48.8466140185,2.4085752575,1.1310350557985869e-05
48.8515079091,2.4085752575,1.2130778470780628e-05
48.8564017997,2.4085752575,5.71976465421614e-06
48.8612956903,2.4085752575,1.1859990789177113e-06
48.8661895809,2.4085752575,1.2267149044490732e-07
48.8710834715,2.4085752575,3.5108238320972166e-07
48.8759773621,2.4085752575,5.134158100974608e-06
48.8808712527,2.4085752575,4.749077125793157e-05
48.8857651433,2.4085752575,0.00027444861423485937
48.8906590339,2.4085752575,0.0009908736175788368
48.8955529245,2.4085752575,0.00223501728600816
48.9004468151,2.4085752575,0.0031495528881229445
48.9053407057,2.4085752575,0.0027728241170749996
48.9102345963,2.4085752575,0.001525109892070021
48.9151284869,2.4085752575,0.0005240652355797971
48.9200223775,2.4085752575,0.00011250581307218293
48.9249162681,2.4085752575,1.5089330537369796e-05
48.9298101587,2.4085752575,1.2643589276871007e-06
48.9347040493,2.4085752575,6.618753162684164e-08
48.9395979399,2.4085752575,2.1646485185812512e-09
48.9444918305,2.4085752575,4.4228681225426156e-11
48.9493857211,2.4085752575,5.645806504997707e-13
48.9542796117,2.4085752575,4.502496537175387e-15
48.9591735023,2.4085752575,2.2432939404530853e-17
48.9640673929,2.4085752575,6.982715971086992e-20
48.9689612835,2.4085752575,1.3579005646037144e-22
48.9738551741,2.4085752575,1.6497455242612879e-25
48.9787490647,2.4085752575,1.2521932165179338e-28
48.7389484253,2.4134691481,4.3549004211712565e-92
48.7438423159,2.4134691481,1.9739011629488924e-84
48.7487362065,2.4134691481,3.9332267224503774e-77
48.7536300971,2.4134691481,3.4454738927372415e-70
48.7585239877,2.4134691481,1.3268607582928346e-63
48.7634178783,2.4134691481,2.24635370851188e-57
48.7683117689,2.4134691481,1.6718885975039127e-51
48.7732056595,2.4134691481,5.470322554413894e-46
48.7780995501,2.4134691481,7.868554158765499e-41
48.7829934407,2.4134691481,4.975690357745826e-36
48.7878873313,2.4134691481,1.3832101199659805e-31
48.7927812219,2.4134691481,1.6904384936551747e-27
48.7976751125,2.4134691481,9.082114938332926e-24
48.8025690031,2.4134691481,2.1451171653212112e-20
48.8074628937,2.4134691481,2.2273652853394048e-17
48.8123567843,2.4134691481,1.0167361833605149e-14
48.8172506749,2.4134691481,2.0403351728408246e-12
48.8221445655,2.4134691481,1.7999944144197827e-10
48.8270384561,2.4134691481,6.980993003637764e-09
48.8319323467,2.4134691481,1.1902540071701537e-07
48.8368262373,2.4134691481,8.921512862718371e-07
48.8417201279,2.4134691481,2.9397727766963663e-06
48.8466140185,2.4134691481,4.258586038702498e-06
48.8515079091,2.4134691481,2.7120237968637957e-06
48.8564017997,2.4134691481,7.592754592175185e-07
48.8612956903,2.4134691481,9.361140812489553e-08
48.8661895809,2.4134691481,1.1712607490655914e-08
48.8710834715,2.4134691481,1.7150445012154985e-07
48.8759773621,2.4134691481,2.7568691820049035e-06
48.8808712527,2.4134691481,2.7705538555292088e-05
48.8857651433,2.4134691481,0.0001739492780673018
48.8906590339,2.4134691481,0.0006823136550216834
48.8955529245,2.4134691481,0.001672056286581
48.9004468151,2.4134691481,0.0025599007129831234
48.9053407057,2.4134691481,0.0024485036041715907
48.9102345963,2.4134691481,0.001463132886648853
48.9151284869,2.4134691481,0.0005462257811471759
48.9200223775,2.4134691481,0.00012739899877208034
48.9249162681,2.4134691481,1.8563729581815082e-05
48.9298101587,2.4134691481,1.689934413717392e-06
48.9347040493,2.4134691481,9.61124979422685e-08
48.9395979399,2.4134691481,3.415035929877636e-09
48.9444918305,2.4134691481,7.580818310292117e-11
48.9493857211,2.4134691481,1.0513378420959148e-12
48.9542796117,2.4134691481,9.109067150172298e-15
48.9591735023,2.4134691481,4.930726442784327e-17
48.9640673929,2.4134691481,1.6674518865149737e-19
48.9689612835,2.4134691481,3.5229064634486636e-22
48.9738551741,2.4134691481,4.6500145459075695e-25
48.9787490647,2.4134691481,3.8345367864574794e-28
48.7389484253,2.4183630387,1.0314569424637607e-87
48.7438423159,2.4183630387,2.775963426538575e-80
48.7487362065,2.4183630387,3.284375325884762e-73
48.7536300971,2.4183630387,1.7083160682132668e-66
48.7585239877,2.4183630387,3.906250363023578e-60
48.7634178783,2.4183630387,3.926705479546553e-54
48.7683117689,2.4183630387,1.735293684027356e-48
48.7732056595,2.4183630387,3.371273974246058e-43
48.7780995501,2.4183630387,2.879330475201066e-38
48.7829934407,2.4183630387,1.0810987969944853e-33
48.7878873313,2.4183630387,1.7844963273699623e-29
48.7927812219,2.4183630387,1.2949182064743226e-25
48.7976751125,2.4183630387,4.1309070202229546e-22
48.8025690031,2.4183630387,5.7932851698175095e-19
48.8074628937,2.4183630387,3.571747899450274e-16
48.8123567843,2.4183630387,9.68084113625998e-14
48.8172506749,2.4183630387,1.1535111396256433e-11
48.8221445655,2.4183630387,6.042364173560166e-10
48.8270384561,2.4183630387,1.3914525615392232e-08
48.8319323467,2.4183630387,1.4086604350406588e-07
48.8368262373,2.4183630387,6.269322820026514e-07
48.8417201279,2.4183630387,1.2266237058323468e-06
48.8466140185,2.4183630387,1.0550632073683296e-06
48.8515079091,2.4183630387,3.989532578738508e-07
48.8564017997,2.4183630387,6.632051256816869e-08
48.8612956903,2.4183630387,4.9115527925137956e-09
48.8661895809,2.4183630387,3.0634402593292552e-09
48.8710834715,2.4183630387,8.134112988306137e-08
48.8759773621,2.4183630387,1.4215034239868045e-06
48.8808712527,2.4183630387,1.552039432493891e-05
48.8857651433,2.4183630387,0.00010586758209820785
48.8906590339,2.4183630387,0.00045115797186779543
48.8955529245,2.4183630387,0.0012011567190831525
48.9004468151,2.4183630387,0.001997910882184316
48.9053407057,2.4183630387,0.002076146271873957
48.9102345963,2.4183630387,0.0013478612297774645
48.9151284869,2.4183630387,0.0005466858245601285
48.9200223775,2.4183630387,0.00013852745083964955
48.9249162681,2.4183630387,2.1930032238672586e-05
48.9298101587,2.4183630387,2.1689427849894775e-06
48.9347040493,2.4183630387,1.340177491344893e-07
48.9395979399,2.4183630387,5.173470075367568e-09
48.9444918305,2.4183630387,1.247690766784948e-10
48.9493857211,2.4183630387,1.8799113896617883e-12
48.9542796117,2.4183630387,1.7695921988277046e-14
48.9591735023,2.4183630387,1.0406732923809369e-16
48.9640673929,2.4183630387,3.823499353694695e-19
48.9689612835,2.4183630387,8.77633174548343e-22
48.9738551741,2.4183630387,1.2585498996536252e-24
48.9787490647,2.4183630387,1.1275433438549812e-27
48.7389484253,2.4232569293,1.607487742609783e-83
48.7438423159,2.4232569293,2.568773245644309e-76
48.7487362065,2.4232569293,1.8045971733671774e-69
48.7536300971,2.4232569293,5.573284080906447e-63
48.7585239877,2.4232569293,7.566908671428824e-57
48.7634178783,2.4232569293,4.5165020152365507e-51
48.7683117689,2.4232569293,1.1851200035156542e-45
48.7732056595,2.4232569293,1.3670954977319857e-40
48.7780995501,2.4232569293,6.9328496461516e-36
48.7829934407,2.4232569293,1.5456142549180977e-31
48.7878873313,2.4232569293,1.5148403041976683e-27
48.7927812219,2.4232569293,6.526930567557438e-24
48.7976751125,2.4232569293,1.236310444357558e-20
48.8025690031,2.4232569293,1.0294908423747616e-17
48.8074628937,2.4232569293,3.76871973272365e-15
48.8123567843,2.4232569293,6.06515074757953e-13
48.8172506749,2.4232569293,4.2910716064540215e-11
48.8221445655,2.4232569293,1.3346467344580792e-09
48.8270384561,2.4232569293,1.8249177643773555e-08
48.8319323467,2.4232569293,1.0969748570789191e-07
48.8368262373,2.4232569293,2.898854732574854e-07
48.8417201279,2.4232569293,3.367694097238386e-07
48.8466140185,2.4232569293,1.71994762862012e-07
48.8515079091,2.4232569293,3.8616618675710196e-08
48.8564017997,2.4232569293,3.811942132022883e-09
48.8612956903,2.4232569293,1.9046806805266621e-10
48.8661895809,2.4232569293,1.2228654333435088e-09
48.8710834715,2.4232569293,3.7068522880599955e-08
48.8759773621,2.4232569293,7.03815175545367e-07
48.8808712527,2.4232569293,8.348677422440172e-06
48.8857651433,2.4232569293,6.187028739862687e-05
48.8906590339,2.4232569293,0.0002864520824388876
48.8955529245,2.4232569293,0.00082856623679902
48.9004468151,2.4232569293,0.001497296739240806
48.9053407057,2.4232569293,0.001690417279201229
48.9102345963,2.4232569293,0.001192299511391582
48.9151284869,2.4232569293,0.0005253904890476755
48.9200223775,2.4232569293,0.00014463867855790902
48.9249162681,2.4232569293,2.487666066559075e-05
48.9298101587,2.4232569293,2.673037902803831e-06
48.9347040493,2.4232569293,1.7944177222301474e-07
48.9395979399,2.4232569293,7.525708298188218e-09
48.9444918305,2.4232569293,1.9718624176290818e-10
48.9493857211,2.4232569293,3.227834333503956e-12
48.9542796117,2.4232569293,3.30104360993931e-14
48.9591735023,2.4232569293,2.1090976361665603e-16
48.9640673929,2.4232569293,8.418747926721413e-19
48.9689612835,2.4232569293,2.099441246776724e-21
48.9738551741,2.4232569293,3.270885507933459e-24
48.9787490647,2.4232569293,3.1837016165192798e-27
48.7389484253,2.4281508199,1.6484202046329044e-79
48.7438423159,2.4281508199,1.564089105228695e-72
48.7487362065,2.4281508199,6.524262961495301e-66
48.7536300971,2.4281508199,1.196403920026508e-59
48.7585239877,2.4281508199,9.644963796874809e-54
48.7634178783,2.4281508199,3.4182181866558104e-48
48.7683117689,2.4281508199,5.325683625211699e-43
48.7732056595,2.4281508199,3.6477691869261947e-38
48.7780995501,2.4281508199,1.0983879044365034e-33
48.7829934407,2.4281508199,1.4539870457853102e-29
48.7878873313,2.4281508199,8.461390467566296e-26
48.7927812219,2.4281508199,2.1647080927025286e-22
48.7976751125,2.4281508199,2.4346321281381845e-19
48.8025690031,2.4281508199,1.2037706798687855e-16
48.8074628937,2.4281508199,2.6165592743001375e-14
48.8123567843,2.4281508199,2.5003096561687294e-12
48.8172506749,2.4281508199,1.0503485082267101e-10
48.8221445655,2.4281508199,1.9397664876926377e-09
48.8270384561,2.4281508199,1.5748597561460234e-08
48.8319323467,2.4281508199,5.620962949119523e-08
48.8368262373,2.4281508199,8.819743688514559e-08
48.8417201279,2.4281508199,6.083837563940393e-08
48.8466140185,2.4281508199,1.8449120189024333e-08
48.8515079091,2.4281508199,2.4595194285437534e-09
48.8564017997,2.4281508199,1.4425534909080085e-10
48.8612956903,2.4281508199,1.3009767686449692e-11
48.8661895809,2.4281508199,4.913319141978177e-10
48.8710834715,2.4281508199,1.622147206683799e-08
48.8759773621,2.4281508199,3.346170936748806e-07
48.8808712527,2.4281508199,4.312324027613537e-06
48.8857651433,2.4281508199,3.472002648069866e-05
48.8906590339,2.4281508199,0.00017464417593091472
48.8955529245,2.4281508199,0.0005488245940853857
48.9004468151,2.4281508199,0.0010775028325270316
48.9053407057,2.4281508199,0.0013216263054453266
48.9102345963,2.4281508199,0.0010127548366416184
48.9151284869,2.4281508199,0.0004848477401465782
48.9200223775,2.4281508199,0.00014501463157811102
48.9249162681,2.4281508199,2.709715337063194e-05
48.9298101587,2.4281508199,3.1633038753679943e-06
48.9347040493,2.4281508199,2.3070847867330982e-07
48.9395979399,2.4281508199,1.0512151116918848e-08
48.9444918305,2.4281508199,2.9924371212301785e-10
48.9493857211,2.4281508199,5.321865197211809e-12
48.9542796117,2.4281508199,5.913003061743703e-14
48.9591735023,2.4281508199,4.104476147015126e-16
48.9640673929,2.4281508199,1.7799703432356045e-18
48.9689612835,2.4281508199,4.822510642908232e-21
48.9738551741,2.4281508199,8.162797469397866e-24
48.9787490647,2.4281508199,8.63197642617342e-27
48.7389484253,2.4330447105,1.1122742428240098e-75
48.7438423159,2.4330447105,6.266440275531026e-69
48.7487362065,2.4330447105,1.5520522351147067e-62
48.7536300971,2.4330447105,1.689927862929347e-56
48.7585239877,2.4330447105,8.089215468045644e-51
48.7634178783,2.4330447105,1.7022409932764384e-45
48.7683117689,2.4330447105,1.574751716764357e-40
48.7732056595,2.4330447105,6.404416093867357e-36
48.7780995501,2.4330447105,1.1450472132175625e-31
48.7829934407,2.4330447105,9.000023681990888e-28
48.7878873313,2.4330447105,3.1098562489634932e-24
48.7927812219,2.4330447105,4.724037984832194e-21
48.7976751125,2.4330447105,3.1547347648999395e-18
48.8025690031,2.4330447105,9.261657713720474e-16
48.8074628937,2.4330447105,1.195338769678308e-13
48.8123567843,2.4330447105,6.782185889074381e-12
48.8172506749,2.4330447105,1.6917055589617305e-10
48.8221445655,2.4330447105,1.8550527688301537e-09
48.8270384561,2.4330447105,8.942607384173065e-09
48.8319323467,2.4330447105,1.89517126972276e-08
48.8368262373,2.4330447105,1.7656684962303877e-08
48.8417201279,2.4330447105,7.231797830670455e-09
48.8466140185,2.4330447105,1.3021463252041355e-09
48.8515079091,2.4330447105,1.0307438149339919e-10
48.8564017997,2.4330447105,3.622881348001643e-12
48.8612956903,2.4330447105,3.3642509249438313e-12
48.8661895809,2.4330447105,1.9001963813597396e-10
48.8710834715,2.4330447105,6.816388259892813e-09
48.8759773621,2.4330447105,1.5276237235343924e-07
48.8808712527,2.4330447105,2.1388674277769995e-06
48.8857651433,2.4330447105,1.8709265472128387e-05
48.8906590339,2.4330447105,0.00010224333478069263
48.8955529245,2.4330447105,0.00034907494057300446
48.9004468151,2.4330447105,0.000744573778201686
48.9053407057,2.4330447105,0.0009922068027959814
48.9102345963,2.4330447105,0.000826041870028126
48.9151284869,2.4330447105,0.00042964258421067874
48.9200223775,2.4330447105,0.00013961046611805645
48.9249162681,2.4330447105,2.8342230915949753e-05
48.9298101587,2.4330447105,3.594640682582977e-06
48.9347040493,2.4330447105,2.848277743370853e-07
48.9395979399,2.4330447105,1.4099853018306119e-08
48.9444918305,2.4330447105,4.3606600656915967e-10
48.9493857211,2.4330447105,8.425492142787372e-12
48.9542796117,2.4330447105,1.0170533186483989e-13
48.9591735023,2.4330447105,7.670038830481185e-16
48.9640673929,2.4330447105,3.6137391608246526e-18
48.9689612835,2.4330447105,1.0637055849950502e-20
48.9738551741,2.4330447105,1.956101900534406e-23
48.9787490647,2.4330447105,2.247330306911867e-26
48.7389484253,2.4379386011,4.938323358089193e-72
48.7438423159,2.4379386011,1.6519770553422808e-65
48.7487362065,2.4379386011,2.429432865744078e-59
48.7536300971,2.4379386011,1.5706600515928935e-53
48.7585239877,2.4379386011,4.46412038419437e-48
48.7634178783,2.4379386011,5.577839348773275e-43
48.7683117689,2.4379386011,3.0638853485908234e-38
48.7732056595,2.4379386011,7.398700070805752e-34
48.7780995501,2.4379386011,7.854431179289068e-30
48.7829934407,2.4379386011,3.6656454738898155e-26
48.7878873313,2.4379386011,7.520774799126004e-23
48.7927812219,2.4379386011,6.78345758079802e-20
48.7976751125,2.4379386011,2.6897755830901202e-17
48.8025690031,2.4379386011,4.688753317081948e-15
48.8074628937,2.4379386011,3.5931481668608503e-13
48.8123567843,2.4379386011,1.2105124821954098e-11
48.8172506749,2.4379386011,1.792832936584786e-10
48.8221445655,2.4379386011,1.167311533190686e-09
48.8270384561,2.4379386011,3.341258948803275e-09
48.8319323467,2.4379386011,4.204456829715007e-09
48.8368262373,2.4379386011,2.3258733604603773e-09
48.8417201279,2.4379386011,5.656380749776715e-10
48.8466140185,2.4379386011,6.047384923156646e-11
48.8515079091,2.4379386011,2.842391016654681e-12
48.8564017997,2.4379386011,7.005931364651712e-14
48.8612956903,2.4379386011,1.1318412807286396e-12
48.8661895809,2.4379386011,7.057262714272056e-11
48.8710834715,2.4379386011,2.7504082199614577e-09
48.8759773621,2.4379386011,6.696740047570394e-08
48.8808712527,2.4379386011,1.0186737677142335e-06
48.8857651433,2.4379386011,9.680821274640973e-06
48.8906590339,2.4379386011,5.747707781683919e-05
48.8955529245,2.4379386011,0.00021319772002733288
48.9004468151,2.4379386011,0.0004940556040553205
48.9053407057,2.4379386011,0.0007152773976071186
48.9102345963,2.4379386011,0.0006469617007205168
48.9151284869,2.4379386011,0.000365584723504156
48.9200223775,2.4379386011,0.00012906334177528012
48.9249162681,2.4379386011,2.8465785340679145e-05
48.9298101587,2.4379386011,3.922372471473851e-06
48.9347040493,2.4379386011,3.3766021484479265e-07
48.9395979399,2.4379386011,1.816002118230499e-08
48.9444918305,2.4379386011,6.101803351218103e-10
48.9493857211,2.4379386011,1.2808712020931082e-11
48.9542796117,2.4379386011,1.6798020770833686e-13
48.9591735023,2.4379386011,1.3763096800547767e-15
48.9640673929,2.4379386011,7.044977541505018e-18
48.9689612835,2.4379386011,2.252933950047414e-20
48.9738551741,2.4379386011,4.5011418977101796e-23
48.9787490647,2.4379386011,5.618266642169325e-26
48.7389484253,2.4428324917,1.4426828186245244e-68
48.7438423159,2.4428324917,2.8655685988109733e-62
48.7487362065,2.4428324917,2.5022296360074196e-56
48.7536300971,2.4428324917,9.605498791704382e-51
48.7585239877,2.4428324917,1.621022653618898e-45
48.7634178783,2.4428324917,1.2026372481379932e-40
48.7683117689,2.4428324917,3.922442821689916e-36
48.7732056595,2.4428324917,5.624125412911735e-32
48.7780995501,2.4428324917,3.5451104928180626e-28
48.7829934407,2.4428324917,9.823832727718188e-25
48.7878873313,2.4428324917,1.1967640825848574e-21
48.7927812219,2.4428324917,6.409328605616964e-19
48.7976751125,2.4428324917,1.5090128372229702e-16
48.8025690031,2.4428324917,1.5618874471407836e-14
48.8074628937,2.4428324917,7.10694474415334e-13
48.8123567843,2.4428324917,1.4216495352475273e-11
48.8172506749,2.4428324917,1.2501973100858368e-10
48.8221445655,2.4428324917,4.83326911362541e-10
48.8270384561,2.4428324917,8.214474735050888e-10
48.8319323467,2.4428324917,6.13754972266043e-10
48.8368262373,2.4428324917,2.0159820135791906e-10
48.8417201279,2.4428324917,2.911083661377327e-11
48.8466140185,2.4428324917,1.8479879768738898e-12
48.8515079091,2.4428324917,5.1592426369622673e-14
48.8564017997,2.4428324917,4.055986614342823e-15
48.8612956903,2.4428324917,3.7136243418062956e-13
48.8661895809,2.4428324917,2.516828804027841e-11
48.8710834715,2.4428324917,1.0656602589510965e-09
48.8759773621,2.4428324917,2.8189622686106572e-08
48.8808712527,2.4428324917,4.658704388162233e-07
48.8857651433,2.4428324917,4.810015131639511e-06
48.8906590339,2.4428324917,3.102652447111181e-05
48.8955529245,2.4428324917,0.00012503316204518134
48.9004468151,2.4428324917,0.0003147912828802947
48.9053407057,2.4428324917,0.0004951372252414352
48.9102345963,2.4428324917,0.0004865571485622986
48.9151284869,2.4428324917,0.0002987084682376215
48.9200223775,2.4428324917,0.0001145688648254306
48.9249162681,2.4428324917,2.7453080483815297e-05
48.9298101587,2.4428324917,4.109802524678135e-06
48.9347040493,2.4428324917,3.843759654598165e-07
48.9395979399,2.4428324917,2.2459334913087134e-08
48.9444918305,2.4428324917,8.198661516563338e-10
48.9493857211,2.4428324917,1.8697968351904366e-11
48.9542796117,2.4428324917,2.6641046583369103e-13
48.9591735023,2.4428324917,2.371447647581165e-15
48.9640673929,2.4428324917,1.318806865101025e-17
48.9689612835,2.4428324917,4.5819912439712935e-20
48.9738551741,2.4428324917,9.945639394787352e-23
48.9787490647,2.4428324917,1.3487037359674566e-25
48.7389484253,2.4477263823,2.773229988272042e-65
48.7438423159,2.4477263823,3.2707044380019637e-59
48.7487362065,2.4477263823,1.695794088104351e-53
48.7536300971,2.4477263823,3.8652833655500224e-48
48.7585239877,2.4477263823,3.8731646798322366e-43
48.7634178783,2.4477263823,1.706188427683521e-38
48.7683117689,2.4477263823,3.304185533547111e-34
48.7732056595,2.4477263823,2.8130552566313863e-30
48.7780995501,2.4477263823,1.0528548568360964e-26
48.7829934407,2.4477263823,1.7323480473778358e-23
48.7878873313,2.4477263823,1.2530782765719294e-20
48.7927812219,2.4477263823,3.9847185859817105e-18
48.7976751125,2.4477263823,5.57049147717354e-16
48.8025690031,2.4477263823,3.4234640911074285e-14
48.8074628937,2.4477263823,9.249418795178898e-13
48.8123567843,2.4477263823,1.098599798574087e-11
48.8172506749,2.4477263823,5.736420649009463e-11
48.8221445655,2.4477263823,1.3167971260451317e-10
48.8270384561,2.4477263823,1.3288414112957398e-10
48.8319323467,2.4477263823,5.895271919518446e-11
48.8368262373,2.4477263823,1.149769897064808e-11
48.8417201279,2.4477263823,9.858127487675007e-13
48.8466140185,2.4477263823,3.715818858804342e-14
48.8515079091,2.4477263823,6.209951642450922e-16
48.8564017997,2.4477263823,9.976642231882446e-16
48.8612956903,2.4477263823,1.1705393072399622e-13
48.8661895809,2.4477263823,8.618860560384357e-12
48.8710834715,2.4477263823,3.964780588421846e-10
48.8759773621,2.4477263823,1.139446294153275e-08
48.8808712527,2.4477263823,2.04585080913649e-07
48.8857651433,2.4477263823,2.2948772369737286e-06
48.8906590339,2.4477263823,1.608238128323715e-05
48.8955529245,2.4477263823,7.041199481075417e-05
48.9004468151,2.4477263823,0.0001925964777706751
48.9053407057,2.4477263823,0.00032912087624605853
48.9102345963,2.4477263823,0.00035137262152511325
48.9151284869,2.4477263823,0.0002343612496837727
48.9200223775,2.4477263823,9.765828414465781e-05
48.9249162681,2.4477263823,2.5423642433771566e-05
48.9298101587,2.4477263823,4.134965137337571e-06
48.9347040493,2.4477263823,4.2015673617421826e-07
48.9395979399,2.4477263823,2.66720383735777e-08
48.9444918305,2.4477263823,1.0578071102878153e-09
48.9493857211,2.4477263823,2.620970631030034e-11
48.9542796117,2.4477263823,4.0571701841740136e-13
48.9591735023,2.4477263823,3.92364488426254e-15
48.9640673929,2.4477263823,2.3706179077832145e-17
48.9689612835,2.4477263823,8.948264762999718e-20
48.9738551741,2.4477263823,2.1101896495446901e-22
48.9787490647,2.4477263823,3.108920019322666e-25
48.7389484253,2.4526202729,3.507717489743403e-62
48.7438423159,2.4526202729,2.456379607500114e-56
48.7487362065,2.4526202729,7.562106032622266e-51
48.7536300971,2.4526202729,1.0234495656935355e-45
48.7585239877,2.4526202729,6.089288262446605e-41
48.7634178783,2.4526202729,1.5927331732388345e-36
48.7683117689,2.4526202729,1.8314536058530066e-32
48.7732056595,2.4526202729,9.258171509493503e-29
48.7780995501,2.4526202729,2.0574577530837126e-25
48.7829934407,2.4526202729,2.010078577148347e-22
48.7878873313,2.4526202729,8.63319494683516e-20
48.7927812219,2.4526202729,1.6300707889974865e-17
48.7976751125,2.4526202729,1.3530622767746147e-15
48.8025690031,2.4526202729,4.937481842846073e-14
48.8074628937,2.4526202729,7.920810827678066e-13
48.8123567843,2.4526202729,5.586118895100666e-12
48.8172506749,2.4526202729,1.7319171509920246e-11
48.8221445655,2.4526202729,2.3605894140451137e-11
48.8270384561,2.4526202729,1.4144584732138338e-11
48.8319323467,2.4526202729,3.725944248326703e-12
48.8368262373,2.4526202729,4.314782483777004e-13
48.8417201279,2.4526202729,2.1966348331684688e-14
48.8466140185,2.4526202729,4.9162828850362e-16
48.8515079091,2.4526202729,6.187108211074511e-18
48.8564017997,2.4526202729,2.767112498565331e-16
48.8612956903,2.4526202729,3.542882054470863e-14
48.8661895809,2.4526202729,2.8341629016963574e-12
48.8710834715,2.4526202729,1.4164404541804345e-10
48.8759773621,2.4526202729,4.422595634671559e-09
48.8808712527,2.4526202729,8.627034642123325e-08
48.8857651433,2.4526202729,1.0513595139470307e-06
48.8906590339,2.4526202729,8.004723853038573e-06
48.8955529245,2.4526202729,3.80756089162734e-05
48.9004468151,2.4526202729,0.00011314953113572826
48.9053407057,2.4526202729,0.0002100700109078973
48.9102345963,2.4526202729,0.00024365804502157255
48.9151284869,2.4526202729,0.00017656428120914162
48.9200223775,2.4526202729,7.993377877498448e-05
48.9249162681,2.4526202729,2.260805680542522e-05
48.9298101587,2.4526202729,3.99485964336978e-06
48.9347040493,2.4526202729,4.410067257413019e-07
48.9395979399,2.4526202729,3.041545366084802e-08
48.9444918305,2.4526202729,1.3105354776217462e-09
48.9493857211,2.4526202729,3.5278382446685e-11
48.9542796117,2.4526202729,5.932994474081504e-13
48.9591735023,2.4526202729,6.233681683474113e-15
48.9640673929,2.4526202729,4.091859353618535e-17
48.9689612835,2.4526202729,1.6780394689074272e-19
48.9738551741,2.4526202729,4.299213804684787e-22
48.9787490647,2.4526202729,6.881471470065367e-25
48.7389484253,2.4575141635,2.919355749539706e-59
48.7438423159,2.4575141635,1.213873299114478e-53
48.7487362065,2.4575141635,2.2188916738240018e-48
48.7536300971,2.4575141635,1.7830981385581409e-43
48.7585239877,2.4575141635,6.29927831728917e-39
48.7634178783,2.4575141635,9.783240986368089e-35
48.7683117689,2.4575141635,6.6796100604080085e-31
48.7732056595,2.4575141635,2.004914575141929e-27
48.7780995501,2.4575141635,2.645556494714598e-24
48.7829934407,2.4575141635,1.5346686143691478e-21
48.7878873313,2.4575141635,3.913709503930272e-19
48.7927812219,2.4575141635,4.3877206168771986e-17
48.7976751125,2.4575141635,2.162547973028726e-15
48.8025690031,2.4575141635,4.6856402160213106e-14
48.8074628937,2.4575141635,4.463222428001006e-13
48.8123567843,2.4575141635,1.868979454375992e-12
48.8172506749,2.4575141635,3.4406217298099863e-12
48.8221445655,2.4575141635,2.784490449939544e-12
48.8270384561,2.4575141635,9.906744027601076e-13
48.8319323467,2.4575141635,1.5495034765542344e-13
48.8368262373,2.4575141635,1.0654438635668128e-14
48.8417201279,2.4575141635,3.220660866049367e-16
48.8466140185,2.4575141635,4.280854317533128e-18
48.8515079091,2.4575141635,3.5741644620899487e-19
48.8564017997,2.4575141635,7.401839529679084e-17
48.8612956903,2.4575141635,1.0296893351742954e-14
48.8661895809,2.4575141635,8.949083053830278e-13
48.8710834715,2.4575141635,4.859104741970776e-11
48.8759773621,2.4575141635,1.6483118500178068e-09
48.8808712527,2.4575141635,3.4932357735660724e-08
48.8857651433,2.4575141635,4.6251073284761437e-07
48.8906590339,2.4575141635,3.825790016662426e-06
48.8955529245,2.4575141635,1.977087279444938e-05
48.9004468151,2.4575141635,6.383163258155599e-05
48.9053407057,2.4575141635,0.00012875125193731048
48.9102345963,2.4575141635,0.00016224539054042779
48.9151284869,2.4575141635,0.0001277316939374866
48.9200223775,2.4575141635,6.282469288893365e-05
48.9249162681,2.4575141635,1.9304896381615706e-05
48.9298101587,2.4575141635,3.706038900518915e-06
48.9347040493,2.4575141635,4.444857787227557e-07
48.9395979399,2.4575141635,3.330513244857768e-08
48.9444918305,2.4575141635,1.5590852324046576e-09
48.9493857211,2.4575141635,4.5596756327916894e-11
48.9542796117,2.4575141635,8.331120915917272e-13
48.9591735023,2.4575141635,9.509951996564943e-15
48.9640673929,2.4575141635,6.78201287313749e-17
48.9689612835,2.4575141635,3.0216509366295963e-19
48.9738551741,2.4575141635,8.410762583567488e-22
48.9787490647,2.4575141635,1.462621163572851e-24
48.7389484253,2.4624080541,1.598722642406185e-56
48.7438423159,2.4624080541,3.9470708875922887e-51
48.7487362065,2.4624080541,4.284036188161756e-46
48.7536300971,2.4624080541,2.0441263637825539e-41
48.7585239877,2.4624080541,4.287841787969335e-37
48.7634178783,2.4624080541,3.954086534962725e-33
48.7683117689,2.4624080541,1.602986965405485e-29
48.7732056595,2.4624080541,2.8568682759869967e-26
48.7780995501,2.4624080541,2.2383440737132004e-23
48.7829934407,2.4624080541,7.709742623376903e-21
48.7878873313,2.4624080541,1.1674258840825124e-18
48.7927812219,2.4624080541,7.771326589422859e-17
48.7976751125,2.4624080541,2.274245829843379e-15
48.8025690031,2.4624080541,2.925876951054735e-14
48.8074628937,2.4624080541,1.654821339493995e-13
48.8123567843,2.4624080541,4.114552155260107e-13
48.8172506749,2.4624080541,4.4974923676653686e-13
48.8221445655,2.4624080541,2.161198724187933e-13
48.8270384561,2.4624080541,4.565573872105633e-14
48.8319323467,2.4624080541,4.240064371995352e-15
48.8368262373,2.4624080541,1.7311150421441076e-16
48.8417201279,2.4624080541,3.1071045012650493e-18
48.8466140185,2.4624080541,2.471967762619822e-20
48.8515079091,2.4624080541,7.868053648054454e-20
48.8564017997,2.4624080541,1.9013557323853554e-17
48.8612956903,2.4624080541,2.8736542279809232e-15
48.8661895809,2.4624080541,2.7133826498589205e-13
48.8710834715,2.4624080541,1.6006374538180265e-11
48.8759773621,2.4624080541,5.899025915671057e-10
48.8808712527,2.4624080541,1.3582291014014364e-08
48.8857651433,2.4624080541,1.953759742997016e-07
48.8906590339,2.4624080541,1.7557985262978792e-06
48.8955529245,2.4624080541,9.857881689676691e-06
48.9004468151,2.4624080541,3.457784483602329e-05
48.9053407057,2.4624080541,7.577355073322326e-05
48.9102345963,2.4624080541,0.00010373916649545373
48.9151284869,2.4624080541,8.873056929013657e-05
48.9200223775,2.4624080541,4.741428213846168e-05
48.9249162681,2.4624080541,1.5828891033013257e-05
48.9298101587,2.4624080541,3.3013927802673015e-06
48.9347040493,2.4624080541,4.3017909647383956e-07
48.9395979399,2.4624080541,3.5019247284020345e-08
48.9444918305,2.4624080541,1.7810237421992473e-09
48.9493857211,2.4624080541,5.658978043965857e-11
48.9542796117,2.4624080541,1.1233412504478558e-12
48.9591735023,2.4624080541,1.3931273008945496e-14
48.9640673929,2.4624080541,1.0793823128191953e-16
48.9689612835,2.4624080541,5.224746088114294e-19
48.9738551741,2.4624080541,1.5800123432948894e-21
48.9787490647,2.4624080541,2.985115696296017e-24
48.7389484253,2.4673019447,5.760801660346594e-54
48.7438423159,2.4673019447,8.445010348296183e-49
48.7487362065,2.4673019447,5.442442548929447e-44
48.7536300971,2.4673019447,1.5419273955792927e-39
48.7585239877,2.4673019447,1.9204827040812448e-35
48.7634178783,2.4673019447,1.0515581169027207e-31
48.7683117689,2.4673019447,2.5312355655792363e-28
48.7732056595,2.4673019447,2.6786023910146544e-25
48.7780995501,2.4673019447,1.2461213718245023e-22
48.7829934407,2.4673019447,2.5485246648376046e-20
48.7878873313,2.4673019447,2.291362186604502e-18
48.7927812219,2.4673019447,9.056805617976229e-17
48.7976751125,2.4673019447,1.5737391753652173e-15
48.8025690031,2.4673019447,1.2021727217493855e-14
48.8074628937,2.4673019447,4.03717324815082e-14
48.8123567843,2.4673019447,5.960247695844331e-14
48.8172506749,2.4673019447,3.868366685149972e-14
48.8221445655,2.4673019447,1.1037414809139996e-14
48.8270384561,2.4673019447,1.3844698386295619e-15
48.8319323467,2.4673019447,7.63441980343952e-17
48.8368262373,2.4673019447,1.8507381616746687e-18
48.8417201279,2.4673019447,1.972385103856569e-20
48.8466140185,2.4673019447,1.3482473201701998e-22
48.8515079091,2.4673019447,1.7844357835439796e-20
48.8564017997,2.4673019447,4.6899286702179285e-18
48.8612956903,2.4673019447,7.700901734591899e-16
48.8661895809,2.4673019447,7.89991328132505e-14
48.8710834715,2.4673019447,5.063006259509015e-12
48.8759773621,2.4673019447,2.0272158946166222e-10
48.8808712527,2.4673019447,5.0710388657963476e-09
48.8857651433,2.4673019447,7.925000049158433e-08
48.8906590339,2.4673019447,7.73761302858039e-07
48.8955529245,2.4673019447,4.7197624059059526e-06
48.9004468151,2.4673019447,1.798616881508035e-05
48.9053407057,2.4673019447,4.282157057827963e-05
48.9102345963,2.4673019447,6.369303104304349e-05
48.9151284869,2.4673019447,5.918704251510904e-05
48.9200223775,2.4673019447,3.4361076413954135e-05
48.9249162681,2.4673019447,1.2462703969135467e-05
48.9298101587,2.4673019447,2.8239902706437955e-06
48.9347040493,2.4673019447,3.9977857084432043e-07
48.9395979399,2.4673019447,3.53574734669246e-08
48.9444918305,2.4673019447,1.953657078448023e-09
48.9493857211,2.4673019447,6.744050976644522e-11
48.9542796117,2.4673019447,1.4544498511423413e-12
48.9591735023,2.4673019447,1.9596659957122805e-14
48.9640673929,2.4673019447,1.6495700393867516e-16
48.9689612835,2.4673019447,8.674907674950431e-19
48.9738551741,2.4673019447,2.850127974079109e-21
48.9787490647,2.4673019447,5.8501803964692285e-24
