LATITUDE,LONGITUDE,probability
48.7389484253,2.2275013053,9.935818822216956e-101
48.7438423159,2.2275013053,6.750023637067354e-94
48.7487362065,2.2275013053,2.0296597014838452e-87
48.7536300971,2.2275013053,2.701204531655721e-81
48.7585239877,2.2275013053,1.591138614880531e-75
48.7634178783,2.2275013053,4.148344993391065e-70
48.7683117689,2.2275013053,4.786940435913609e-65
48.7732056595,2.2275013053,2.4448796490496037e-60
48.7780995501,2.2275013053,5.526793686672669e-56
48.7829934407,2.2275013053,5.529747811629965e-52
48.7878873313,2.2275013053,2.4488021808104418e-48
48.7927812219,2.2275013053,4.799747450732757e-45
48.7976751125,2.2275013053,4.1638912198179256e-42
48.8025690031,2.2275013053,1.598809312111475e-39
48.8074628937,2.2275013053,2.7171290663831006e-37
48.8123567843,2.2275013053,2.0438083676731368e-35
48.8172506749,2.2275013053,6.804345897500039e-34
48.8221445655,2.2275013053,1.0026489375992439e-32
48.8270384561,2.2275013053,6.539246648967795e-32
48.8319323467,2.2275013053,1.887655963181239e-31
48.8368262373,2.2275013053,2.4117610417663223e-31
48.8417201279,2.2275013053,1.363835566874349e-31
48.8466140185,2.2275013053,3.413548312398683e-32
48.8515079091,2.2275013053,3.7815199942532114e-33
48.8564017997,2.2275013053,1.8541422639776e-34
48.8612956903,2.2275013053,4.0237965254494454e-36
48.8661895809,2.2275013053,3.8649624100837603e-38
48.8710834715,2.2275013053,1.643125905775671e-40
48.8759773621,2.2275013053,3.0918094241797272e-43
48.8808712527,2.2275013053,2.574962423332635e-46
48.8857651433,2.2275013053,9.491730093690502e-50
48.8906590339,2.2275013053,1.5485889994556734e-53
48.8955529245,2.2275013053,1.1182612216193621e-57
48.9004468151,2.2275013053,3.5740997190556637e-62
48.9053407057,2.2275013053,5.0559919181751945e-67
48.9102345963,2.2275013053,3.1656462484186627e-72
48.9151284869,2.2275013053,8.772728692615513e-78
48.9200223775,2.2275013053,1.0760273747570425e-83
48.9249162681,2.2275013053,5.841552018745323e-90
48.9298101587,2.2275013053,2.2354569958915855e-96
48.9347040493,2.2275013053,2.9850547811395395e-95
48.9395979399,2.2275013053,7.613572917382207e-94
48.9444918305,2.2275013053,1.3802157243620578e-92
48.9493857211,2.2275013053,1.7783927603146412e-91
48.9542796117,2.2275013053,1.6286608016768754e-90
48.9591735023,2.2275013053,1.0601220254557807e-89
48.9640673929,2.2275013053,4.904596938947779e-89
48.9689612835,2.2275013053,1.6127722391426318e-88
48.9738551741,2.2275013053,3.769337343970267e-88
48.9787490647,2.2275013053,6.261512134281044e-88
48.7389484253,2.2323951959,1.5154084953780408e-100
48.7438423159,2.2323951959,1.3005772345529197e-93
48.7487362065,2.2323951959,4.940363260272466e-87
48.7536300971,2.2323951959,8.306114703919651e-81
48.7585239877,2.2323951959,6.180922105193826e-75
48.7634178783,2.2323951959,2.035752242998979e-69
48.7683117689,2.2323951959,2.9676513612260354e-64
48.7732056595,2.2323951959,1.914772321415204e-59
48.7780995501,2.2323951959,5.468115866955765e-55
48.7829934407,2.2323951959,6.911536109159568e-51
48.7878873313,2.2323951959,3.8665867598564144e-47
48.7927812219,2.2323951959,9.574084207755896e-44
48.7976751125,2.2323951959,1.0492597941411659e-40
48.8025690031,2.2323951959,5.089617275467916e-38
48.8074628937,2.2323951959,1.0927064970290112e-35
48.8123567843,2.2323951959,1.0383367613813352e-33
48.8172506749,2.2323951959,4.3670608180887075e-32
48.8221445655,2.2323951959,8.129363731762388e-31
48.8270384561,2.2323951959,6.697923398082858e-30
48.8319323467,2.2323951959,2.4425311014430377e-29
48.8368262373,2.2323951959,3.942360490969423e-29
48.8417201279,2.2323951959,2.8163645589607e-29
48.8466140185,2.2323951959,8.905077687368257e-30
48.8515079091,2.2323951959,1.2462433672973636e-30
48.8564017997,2.2323951959,7.719413634271414e-32
48.8612956903,2.2323951959,2.1163235789672963e-33
48.8661895809,2.2323951959,2.568006590641966e-35
48.8710834715,2.2323951959,1.3791976314539117e-37
48.8759773621,2.2323951959,3.2784848162250836e-40
48.8808712527,2.2323951959,3.4493412013278575e-43
48.8857651433,2.2323951959,1.6062585063229688e-46
48.8906590339,2.2323951959,3.31063293002738e-50
48.8955529245,2.2323951959,3.0201111439023716e-54
48.9004468151,2.2323951959,1.2194138585803274e-58
48.9053407057,2.2323951959,2.1791926848513656e-63
48.9102345963,2.2323951959,1.7236792107393327e-68
48.9151284869,2.2323951959,6.0343925735688825e-74
48.9200223775,2.2323951959,9.350330936542548e-80
48.9249162681,2.2323951959,6.4134473309095854e-86
48.9298101587,2.2323951959,2.903676151185277e-88
48.9347040493,2.2323951959,7.401443287541204e-87
48.9395979399,2.2323951959,1.3410223626786578e-85
48.9444918305,2.2323951959,1.7269424933109602e-84
48.9493857211,2.2323951959,1.5806728111224778e-83
48.9542796117,2.2323951959,1.0283201401525516e-82
48.9591735023,2.2323951959,4.754851432969492e-82
48.9640673929,2.2323951959,1.5626719378913132e-81
48.9689612835,2.2323951959,3.650235850229775e-81
48.9738551741,2.2323951959,6.060330240232673e-81
48.9787490647,2.2323951959,7.151446699643839e-81
48.7389484253,2.2372890865,1.7536332952715624e-100
48.7438423159,2.2372890865,1.9012972193126848e-93
48.7487362065,2.2372890865,9.123837649668719e-87
48.7536300971,2.2372890865,1.9378555000144392e-80
48.7585239877,2.2372890865,1.821719622503593e-74
48.7634178783,2.2372890865,7.579804215575086e-69
48.7683117689,2.2372890865,1.3958885507666286e-63
48.7732056595,2.2372890865,1.1377839614445295e-58
48.7780995501,2.2372890865,4.1047354797644736e-54
48.7829934407,2.2372890865,6.554308036181439e-50
48.7878873313,2.2372890865,4.6321735954001415e-46
48.7927812219,2.2372890865,1.4489690543753237e-42
48.7976751125,2.2372890865,2.006086703344987e-39
48.8025690031,2.2372890865,1.2292963544420255e-36
48.8074628937,2.2372890865,3.3341089962193824e-34
48.8123567843,2.2372890865,4.0023890190604146e-32
48.8172506749,2.2372890865,2.1265476018959922e-30
48.8221445655,2.2372890865,5.000889106683574e-29
48.8270384561,2.2372890865,5.205178715677425e-28
48.8319323467,2.2372890865,2.3979513705618884e-27
48.8368262373,2.2372890865,4.889465692012015e-27
48.8417201279,2.2372890865,4.412642464898228e-27
48.8466140185,2.2372890865,1.7625943852756617e-27
48.8515079091,2.2372890865,3.116178522182321e-28
48.8564017997,2.2372890865,2.4384203990195862e-29
48.8612956903,2.2372890865,8.445223374683678e-31
48.8661895809,2.2372890865,1.2945833127144014e-32
48.8710834715,2.2372890865,8.783450811021951e-35
48.8759773621,2.2372890865,2.6376468472615114e-37
48.8808712527,2.2372890865,3.505778128280481e-40
48.8857651433,2.2372890865,2.0623791625673373e-43
48.8906590339,2.2372890865,5.369933434965591e-47
48.8955529245,2.2372890865,6.188502885530953e-51
48.9004468151,2.2372890865,3.1565930691137898e-55
48.9053407057,2.2372890865,7.126362413464423e-60
48.9102345963,2.2372890865,7.120877525229105e-65
48.9151284869,2.2372890865,3.149310151042589e-70
48.9200223775,2.2372890865,6.164724645527273e-76
48.9249162681,2.2372890865,1.9557266756617137e-81
48.9298101587,2.2372890865,3.621945897125273e-80
48.9347040493,2.2372890865,6.558774592281358e-79
48.9395979399,2.2372890865,8.441618209273019e-78
48.9444918305,2.2372890865,7.722376267309382e-77
48.9493857211,2.2372890865,5.021095273848694e-76
48.9542796117,2.2372890865,2.3204286396135666e-75
48.9591735023,2.2372890865,7.6218469458304335e-75
48.9640673929,2.2372890865,1.779403667256175e-74
48.9689612835,2.2372890865,2.9526433422784904e-74
48.9738551741,2.2372890865,3.482328612227675e-74
48.9787490647,2.2372890865,2.919112033845321e-74
48.7389484253,2.2421829771,1.5396813833683284e-100
48.7438423159,2.2421829771,2.1088558237005486e-93
48.7487362065,2.2421829771,1.2784366879182459e-86
48.7536300971,2.2421829771,3.430266536294466e-80
48.7585239877,2.2421829771,4.073735364978865e-74
48.7634178783,2.2421829771,2.141282980908256e-68
48.7683117689,2.2421829771,4.981631771065964e-63
48.7732056595,2.2421829771,5.1296234389366744e-58
48.7780995501,2.2421829771,2.337844672438551e-53
48.7829934407,2.2421829771,4.71587327592047e-49
48.7878873313,2.2421829771,4.2104150063161965e-45
48.7927812219,2.2421829771,1.6638109906374235e-41
48.7976751125,2.2421829771,2.9100428101790756e-38
48.8025690031,2.2421829771,2.2527400106727366e-35
48.8074628937,2.2421829771,7.71860954983484e-33
48.8123567843,2.2421829771,1.170532233743802e-30
48.8172506749,2.2421829771,7.856769067379804e-29
48.8221445655,2.2421829771,2.3341077684187628e-27
48.8270384561,2.2421829771,3.0691218084925807e-26
48.8319323467,2.2421829771,1.7861735407963736e-25
48.8368262373,2.2421829771,4.600970869085919e-25
48.8417201279,2.2421829771,5.245557122233489e-25
48.8466140185,2.2421829771,2.646976363157742e-25
48.8515079091,2.2421829771,5.911869121610887e-26
48.8564017997,2.2421829771,5.844076120636762e-27
48.8612956903,2.2421829771,2.5569558103062534e-28
48.8661895809,2.2421829771,4.951615187451124e-30
48.8710834715,2.2421829771,4.244112187846796e-32
48.8759773621,2.2421829771,1.610063963935372e-34
48.8808712527,2.2421829771,2.7034336149922873e-37
48.8857651433,2.2421829771,2.0091140681197165e-40
48.8906590339,2.2421829771,6.608604854364055e-44
48.8955529245,2.2421829771,9.62124515273937e-48
48.9004468151,2.2421829771,6.199677260585693e-52
48.9053407057,2.2421829771,1.7681666225223967e-56
48.9102345963,2.2421829771,2.2319969657930967e-61
48.9151284869,2.2421829771,1.2470398070743727e-66
48.9200223775,2.2421829771,3.0872835073465866e-72
48.9249162681,2.2421829771,8.922397389156909e-74
48.9298101587,2.2421829771,1.614756447433446e-72
48.9347040493,2.2421829771,2.077165845561363e-71
48.9395979399,2.2421829771,1.8991425756863506e-70
48.9444918305,2.2421829771,1.2341450867277912e-69
48.9493857211,2.2421829771,5.700292201432756e-69
48.9542796117,2.2421829771,1.871329525535708e-68
48.9591735023,2.2421829771,4.366421659615544e-68
48.9640673929,2.2421829771,7.241413158500954e-68
48.9689612835,2.2421829771,8.53578038001364e-68
48.9738551741,2.2421829771,7.151306458526596e-68
48.9787490647,2.2421829771,4.258432796616758e-68
48.7389484253,2.2470768677,1.0256659682173272e-100
48.7438423159,2.2470768677,1.774707467263807e-93
48.7487362065,2.2470768677,1.3591391198152014e-86
48.7536300971,2.2470768677,4.606990899852882e-80
48.7585239877,2.2470768677,6.911735359046835e-74
48.7634178783,2.2470768677,4.58958220934719e-68
48.7683117689,2.2470768677,1.3488868191434288e-62
48.7732056595,2.2470768677,1.754664839904858e-57
48.7780995501,2.2470768677,1.0102506577985159e-52
48.7829934407,2.2470768677,2.574426014832018e-48
48.7878873313,2.2470768677,2.9036749248243313e-44
48.7927812219,2.2470768677,1.449545587623126e-40
48.7976751125,2.2470768677,3.2028165777406693e-37
48.8025690031,2.2470768677,3.1321933452637804e-34
48.8074628937,2.2470768677,1.355755461482016e-31
48.8123567843,2.2470768677,2.597349952716775e-29
48.8172506749,2.2470768677,2.2023983791996006e-27
48.8221445655,2.2470768677,8.265661100455305e-26
48.8270384561,2.2470768677,1.3730160571116285e-24
48.8319323467,2.2470768677,1.0094619253259285e-23
48.8368262373,2.2470768677,3.284888063204376e-23
48.8417201279,2.2470768677,4.7311586595416326e-23
48.8466140185,2.2470768677,3.015995957309377e-23
48.8515079091,2.2470768677,8.50962266733955e-24
48.8564017997,2.2470768677,1.0626889296327633e-24
48.8612956903,2.2470768677,5.873788641238604e-26
48.8661895809,2.2470768677,1.4369669484364963e-27
48.8710834715,2.2470768677,1.5559353519415746e-29
48.8759773621,2.2470768677,7.456802198706681e-32
48.8808712527,2.2470768677,1.5817214455779669e-34
48.8857651433,2.2470768677,1.484990544266451e-37
48.8906590339,2.2470768677,6.170689286635951e-41
48.8955529245,2.2470768677,1.1349062163269849e-44
48.9004468151,2.2470768677,9.238523674915868e-49
48.9053407057,2.2470768677,3.3285990329528164e-53
48.9102345963,2.2470768677,5.308070648998715e-58
48.9151284869,2.2470768677,3.7465256970757057e-63
48.9200223775,2.2470768677,1.2233736653938054e-67
48.9249162681,2.2470768677,2.00119306257626e-66
48.9298101587,2.2470768677,2.5728488666147634e-65
48.9347040493,2.2470768677,2.3510497424763584e-64
48.9395979399,2.2470768677,1.5269738909084612e-63
48.9444918305,2.2470768677,7.048937440076026e-63
48.9493857211,2.2470768677,2.312799328064898e-62
48.9542796117,2.2470768677,5.393547405246032e-62
48.9591735023,2.2470768677,8.939913142629402e-62
48.9640673929,2.2470768677,1.0532084865444264e-61
48.9689612835,2.2470768677,8.818965667463984e-62
48.9738551741,2.2470768677,5.24859672702088e-62
48.9787490647,2.2470768677,2.220194436777587e-62
48.7389484253,2.2519707583,5.183988673331361e-101
48.7438423159,2.2519707583,1.1331559278753385e-93
48.7487362065,2.2519707583,1.0963055468555385e-86
48.7536300971,2.2519707583,4.694505510935438e-80
48.7585239877,2.2519707583,8.897426320125773e-74
48.7634178783,2.2519707583,7.463718523780637e-68
48.7683117689,2.2519707583,2.7711651607711834e-62
48.7732056595,2.2519707583,4.5539249961236153e-57
48.7780995501,2.2519707583,3.3122693189282573e-52
48.7829934407,2.2519707583,1.0663056625301851e-47
48.7878873313,2.2519707583,1.5193369310415234e-43
48.7927812219,2.2519707583,9.581704627535837e-40
48.7976751125,2.2519707583,2.6745318155518155e-36
48.8025690031,2.2519707583,3.304220820978679e-33
48.8074628937,2.2519707583,1.8067857798347382e-30
48.8123567843,2.2519707583,4.372809616763827e-28
48.8172506749,2.2519707583,4.6841498537141785e-26
48.8221445655,2.2519707583,2.220840131386515e-24
48.8270384561,2.2519707583,4.660366999502995e-23
48.8319323467,2.2519707583,4.328518173393707e-22
48.8368262373,2.2519707583,1.7794044712206642e-21
48.8417201279,2.2519707583,3.2376240323824876e-21
48.8466140185,2.2519707583,2.6073207324442772e-21
48.8515079091,2.2519707583,9.293489363859354e-22
48.8564017997,2.2519707583,1.4661535618978824e-22
48.8612956903,2.2519707583,1.0237559024108114e-23
48.8661895809,2.2519707583,3.163950518500685e-25
48.8710834715,2.2519707583,4.3279202791679375e-27
48.8759773621,2.2519707583,2.620264465653811e-29
48.8808712527,2.2519707583,7.021458081789071e-32
48.8857651433,2.2519707583,8.327713831976844e-35
48.8906590339,2.2519707583,4.371601675846023e-38
48.8955529245,2.2519707583,1.0157145645304268e-41
48.9004468151,2.2519707583,1.0445255830571146e-45
48.9053407057,2.2519707583,4.75425846254808e-50
48.9102345963,2.2519707583,9.57773466696411e-55
48.9151284869,2.2519707583,8.609080996157659e-60
48.9200223775,2.2519707583,1.2484763026343127e-60
48.9249162681,2.2519707583,1.6041870821433843e-59
48.9298101587,2.2519707583,1.4650879682643815e-58
48.9347040493,2.2519707583,9.510309270922921e-58
48.9395979399,2.2519707583,4.3878101664280437e-57
48.9444918305,2.2519707583,1.4388756771424783e-56
48.9493857211,2.2519707583,3.3536749269787253e-56
48.9542796117,2.2519707583,5.55572714130438e-56
48.9591735023,2.2519707583,6.541586727232035e-56
48.9640673929,2.2519707583,5.474538956033292e-56
48.9689612835,2.2519707583,3.2563737773474592e-56
48.9738551741,2.2519707583,1.3767123191269287e-56
48.9787490647,2.2519707583,4.1368940638415434e-57
48.7389484253,2.2568646489,1.9879486092163063e-101
48.7438423159,2.2568646489,5.489535330028141e-94
48.7487362065,2.2568646489,6.70937893988133e-87
48.7536300971,2.2568646489,3.6294879853289716e-80
48.7585239877,2.2568646489,8.690098726153316e-74
48.7634178783,2.2568646489,9.209167305694576e-68
48.7683117689,2.2568646489,4.3194884883861965e-62
48.7732056595,2.2568646489,8.967276975913546e-57
48.7780995501,2.2568646489,8.239581480060724e-52
48.7829934407,2.2568646489,3.3509351776252386e-47
48.7878873313,2.2568646489,6.031748236622322e-43
48.7927812219,2.2568646489,4.8054790747108616e-39
48.7976751125,2.2568646489,1.6945191466138135e-35
48.8025690031,2.2568646489,2.6446766178629494e-32
48.8074628937,2.2568646489,1.8269008425491088e-29
48.8123567843,2.2568646489,5.585649522334321e-27
48.8172506749,2.2568646489,7.55872757423973e-25
48.8221445655,2.2568646489,4.5273076703167e-23
48.8270384561,2.2568646489,1.2001834436623921e-21
48.8319323467,2.2568646489,1.4082234065716802e-20
48.8368262373,2.2568646489,7.31327309099868e-20
48.8417201279,2.2568646489,1.68100238214662e-19
48.8466140185,2.2568646489,1.7101774357164665e-19
48.8515079091,2.2568646489,7.700702052569247e-20
48.8564017997,2.2568646489,1.5347433993148135e-20
48.8612956903,2.2568646489,1.3538094252029897e-21
48.8661895809,2.2568646489,5.285615869772507e-23
48.8710834715,2.2568646489,9.133767816396183e-25
48.8759773621,2.2568646489,6.985872299762462e-27
48.8808712527,2.2568646489,2.364871911135137e-29
48.8857651433,2.2568646489,3.543324349457517e-32
48.8906590339,2.2568646489,2.3497978371565312e-35
48.8955529245,2.2568646489,6.897097987624946e-39
48.9004468151,2.2568646489,8.960218448115524e-43
48.9053407057,2.2568646489,5.152133465030324e-47
48.9102345963,2.2568646489,1.311230684806924e-51
48.9151284869,2.2568646489,4.068236745509787e-55
48.9200223775,2.2568646489,5.0349295305510915e-54
48.9249162681,2.2568646489,4.595822235697674e-53
48.9298101587,2.2568646489,2.9816406819498074e-52
48.9347040493,2.2568646489,1.374895340461028e-51
48.9395979399,2.2568646489,4.5061560384972995e-51
48.9444918305,2.2568646489,1.0496996779221867e-50
48.9493857211,2.2568646489,1.7379855166920307e-50
48.9542796117,2.2568646489,2.045264561883382e-50
48.9591735023,2.2568646489,1.7107048447266697e-50
48.9640673929,2.2568646489,1.017004626503905e-50
48.9689612835,2.2568646489,4.297273777707204e-51
48.9738551741,2.2568646489,1.2905813040557605e-51
48.9787490647,2.2568646489,2.7548627514696555e-52
48.7389484253,2.2617585395,5.784013174385444e-102
48.7438423159,2.2617585395,2.017736754334079e-94
48.7487362065,2.2617585395,3.1154159703154267e-87
48.7536300971,2.2617585395,2.1290403092948128e-80
48.7585239877,2.2617585395,6.439735524436688e-74
48.7634178783,2.2617585395,8.621215168668309e-68
48.7683117689,2.2617585395,5.108404073398516e-62
48.7732056595,2.2617585395,1.3397331574898865e-56
48.7780995501,2.2617585395,1.555133492673497e-51
48.7829934407,2.2617585395,7.989752916007802e-47
48.7878873313,2.2617585395,1.8168343336359533e-42
48.7927812219,2.2617585395,1.8285785168973262e-38
48.7976751125,2.2617585395,8.145696097561863e-35
48.8025690031,2.2617585395,1.606050136578505e-31
48.8074628937,2.2617585395,1.4015425893346068e-28
48.8123567843,2.2617585395,5.413396096957145e-26
48.8172506749,2.2617585395,9.254428765822256e-24
48.8221445655,2.2617585395,7.002380944067259e-22
48.8270384561,2.2617585395,2.3450826611295398e-20
48.8319323467,2.2617585395,3.4760569492450717e-19
48.8368262373,2.2617585395,2.280509657341162e-18
48.8417201279,2.2617585395,6.62206216982755e-18
48.8466140185,2.2617585395,8.510810036513805e-18
48.8515079091,2.2617585395,4.841331774929542e-18
48.8564017997,2.2617585395,1.2189197101268458e-18
48.8612956903,2.2617585395,1.358318635431299e-19
48.8661895809,2.2617585395,6.69953289193196e-21
48.8710834715,2.2617585395,1.4625263305452396e-22
48.8759773621,2.2617585395,1.413120409575956e-24
48.8808712527,2.2617585395,6.043255410426982e-27
48.8857651433,2.2617585395,1.1438762303052994e-29
48.8906590339,2.2617585395,9.583042776091075e-33
48.8955529245,2.2617585395,3.553400207035068e-36
48.9004468151,2.2617585395,5.831779907005584e-40
48.9053407057,2.2617585395,4.236180606345673e-44
48.9102345963,2.2617585395,1.4239346260714467e-48
48.9151284869,2.2617585395,7.954996330698861e-49
48.9200223775,2.2617585395,7.257054405340357e-48
48.9249162681,2.2617585395,4.705584827830556e-47
48.9298101587,2.2617585395,2.1686481019516713e-46
48.9347040493,2.2617585395,7.103736072353359e-46
48.9395979399,2.2617585395,1.653890680978164e-45
48.9444918305,2.2617585395,2.7368376399704236e-45
48.9493857211,2.2617585395,3.218944727719411e-45
48.9542796117,2.2617585395,2.690916714700266e-45
48.9591735023,2.2617585395,1.5988556080195986e-45
48.9640673929,2.2617585395,6.752125164307268e-46
48.9689612835,2.2617585395,2.026721036417495e-46
48.9738551741,2.2617585395,4.323841024489765e-47
48.9787490647,2.2617585395,6.556434270700524e-48
48.7389484253,2.2666524301,1.2768397804464534e-102
48.7438423159,2.2666524301,5.6269937992033526e-95
48.7487362065,2.2666524301,1.097571379200641e-87
48.7536300971,2.2666524301,9.47557156579448e-81
48.7585239877,2.2666524301,3.620715187978517e-74
48.7634178783,2.2666524301,6.1234985141077e-68
48.7683117689,2.2666524301,4.583752661862453e-62
48.7732056595,2.2666524301,1.5186547010617198e-56
48.7780995501,2.2666524301,2.22696405836149e-51
48.7829934407,2.2666524301,1.4453854621444913e-46
48.7878873313,2.2666524301,4.152125405179382e-42
48.7927812219,2.2666524301,5.27926602495299e-38
48.7976751125,2.2666524301,2.9709335432472552e-34
48.8025690031,2.2666524301,7.39994740197704e-31
48.8074628937,2.2666524301,8.157942384599193e-28
48.8123567843,2.2666524301,3.9806036791644537e-25
48.8172506749,2.2666524301,8.596735240670168e-23
48.8221445655,2.2666524301,8.217400773849162e-21
48.8270384561,2.2666524301,3.476575704812896e-19
48.8319323467,2.2666524301,6.510063405815918e-18
48.8368262373,2.2666524301,5.395541675172849e-17
48.8417201279,2.2666524301,1.9792524427627764e-16
48.8466140185,2.2666524301,3.2135394308491523e-16
48.8515079091,2.2666524301,2.3093107756143234e-16
48.8564017997,2.2666524301,7.345095321622553e-17
48.8612956903,2.2666524301,1.0340196591343806e-17
48.8661895809,2.2666524301,6.442826860991338e-19
48.8710834715,2.2666524301,1.7768077131617387e-20
48.8759773621,2.2666524301,2.1688060013927857e-22
48.8808712527,2.2666524301,1.1717023127735097e-24
48.8857651433,2.2666524301,2.8017551139765214e-27
48.8906590339,2.2666524301,2.9652366873627394e-30
48.8955529245,2.2666524301,1.3890083662863057e-33
48.9004468151,2.2666524301,2.8798287571299836e-37
48.9053407057,2.2666524301,2.6431743418354664e-41
48.9102345963,2.2666524301,6.433827944623345e-44
48.9151284869,2.2666524301,5.768397674760979e-43
48.9200223775,2.2666524301,3.73826037291726e-42
48.9249162681,2.2666524301,1.7218930365678393e-41
48.9298101587,2.2666524301,5.637220793242256e-41
48.9347040493,2.2666524301,1.3117351990529733e-40
48.9395979399,2.2666524301,2.1694495313629173e-40
48.9444918305,2.2666524301,2.5502055219486327e-40
48.9493857211,2.2666524301,2.1307037172496134e-40
48.9542796117,2.2666524301,1.265299093032402e-40
48.9591735023,2.2666524301,5.34054503087904e-41
48.9640673929,2.2666524301,1.6021390922900027e-41
48.9689612835,2.2666524301,3.416151359978666e-42
48.9738551741,2.2666524301,5.177215511030296e-43
48.9787490647,2.2666524301,5.576704517366574e-44
48.7389484253,2.2715463207,2.1385851520819228e-103
48.7438423159,2.2715463207,1.1906150807815103e-95
48.7487362065,2.2715463207,2.9338135934071865e-88
48.7536300971,2.2715463207,3.199705141011912e-81
48.7585239877,2.2715463207,1.544556171312441e-74
48.7634178783,2.2715463207,3.299998635399094e-68
48.7683117689,2.2715463207,3.12061447663917e-62
48.7732056595,2.2715463207,1.3061191071891753e-56
48.7780995501,2.2715463207,2.4195898389090647e-51
48.7829934407,2.2715463207,1.9838874338656414e-46
48.7878873313,2.2715463207,7.199603948261606e-42
48.7927812219,2.2715463207,1.1564223900383241e-37
48.7976751125,2.2715463207,8.221303521853646e-34
48.8025690031,2.2715463207,2.5869091565976545e-30
48.8074628937,2.2715463207,3.602781958047912e-27
48.8123567843,2.2715463207,2.2208083707271115e-24
48.8172506749,2.2715463207,6.05899365298649e-22
48.8221445655,2.2715463207,7.31654780777678e-20
48.8270384561,2.2715463207,3.910463505581657e-18
48.8319323467,2.2715463207,9.25052891500481e-17
48.8368262373,2.2715463207,9.68548110274873e-16
48.8417201279,2.2715463207,4.4884060238820135e-15
48.8466140185,2.2715463207,9.206178268858862e-15
48.8515079091,2.2715463207,8.357625936045765e-15
48.8564017997,2.2715463207,3.3581708219154846e-15
48.8612956903,2.2715463207,5.97226326330057e-16
48.8661895809,2.2715463207,4.701012529234306e-17
48.8710834715,2.2715463207,1.637797406555552e-18
48.8759773621,2.2715463207,2.5254876831819976e-20
48.8808712527,2.2715463207,1.723640284834127e-22
48.8857651433,2.2715463207,5.206721184651859e-25
48.8906590339,2.2715463207,6.961427650371477e-28
48.8955529245,2.2715463207,4.1195389261876756e-31
48.9004468151,2.2715463207,1.0789864936589979e-34
48.9053407057,2.2715463207,1.5041057777563114e-38
48.9102345963,2.2715463207,2.3081273157743568e-38
48.9151284869,2.2715463207,1.4949379064873395e-37
48.9200223775,2.2715463207,6.882098744398776e-37
48.9249162681,2.2715463207,2.251857537826637e-36
48.9298101587,2.2715463207,5.2370073293484316e-36
48.9347040493,2.2715463207,8.656607071253855e-36
48.9395979399,2.2715463207,1.0170316779026558e-35
48.9444918305,2.2715463207,8.492655489533902e-36
48.9493857211,2.2715463207,5.0405135332537497e-36
48.9542796117,2.2715463207,2.1263184847730802e-36
48.9591735023,2.2715463207,6.375350933109021e-37
48.9640673929,2.2715463207,1.3586329030430895e-37
48.9689612835,2.2715463207,2.0578912084916093e-38
48.9738551741,2.2715463207,2.2154652735688293e-39
48.9787490647,2.2715463207,1.6952343106815536e-40
48.7389484253,2.2764402113,2.717688650530455e-104
48.7438423159,2.2764402113,1.9113901027101093e-96
48.7487362065,2.2764402113,5.949976773042913e-89
48.7536300971,2.2764402113,8.197803671259505e-82
48.7585239877,2.2764402113,4.99914877246906e-75
48.7634178783,2.2764402113,1.349307439342328e-68
48.7683117689,2.2764402113,1.6119147658593746e-62
48.7732056595,2.2764402113,8.522942093227788e-57
48.7780995501,2.2764402113,1.994588483797055e-51
48.7829934407,2.2764402113,2.066014579743594e-46
48.7878873313,2.2764402113,9.471739868156627e-42
48.7927812219,2.2764402113,1.9219516033681406e-37
48.7976751125,2.2764402113,1.7261218029952342e-33
48.8025690031,2.2764402113,6.861463134975516e-30
48.8074628937,2.2764402113,1.2071975231594178e-26
48.8123567843,2.2764402113,9.400614476623729e-24
48.8172506749,2.2764402113,3.2400406166247674e-21
48.8221445655,2.2764402113,4.942662674371671e-19
48.8270384561,2.2764402113,3.3372427215340295e-17
48.8319323467,2.2764402113,9.973117196327187e-16
48.8368262373,2.2764402113,1.3191383790680385e-14
48.8417201279,2.2764402113,7.722645413066687e-14
48.8466140185,2.2764402113,2.0010509128794274e-13
48.8515079091,2.2764402113,2.2949143832383335e-13
48.8564017997,2.2764402113,1.1649066983502943e-13
48.8612956903,2.2764402113,2.6171710186897208e-14
48.8661895809,2.2764402113,2.602491787841038e-15
48.8710834715,2.2764402113,1.145415190375037e-16
48.8759773621,2.2764402113,2.2312735349556085e-18
48.8808712527,2.2764402113,1.9237959033262278e-20
48.8857651433,2.2764402113,7.34144386131155e-23
48.8906590339,2.2764402113,1.2399959710656228e-25
48.8955529245,2.2764402113,9.269907274291245e-29
48.9004468151,2.2764402113,3.072337203307944e-32
48.9053407057,2.2764402113,4.693693558417673e-34
48.9102345963,2.2764402113,3.0093642071927553e-33
48.9151284869,2.2764402113,1.38462888498968e-32
48.9200223775,2.2764402113,4.528083752643589e-32
48.9249162681,2.2764402113,1.0524896544900527e-31
48.9298101587,2.2764402113,1.7387754369176915e-31
48.9347040493,2.2764402113,2.04169758553448e-31
48.9395979399,2.2764402113,1.7039685965974249e-31
48.9444918305,2.2764402113,1.0107738780608932e-31
48.9493857211,2.2764402113,4.2615607535171615e-32
48.9542796117,2.2764402113,1.2770432624108484e-32
48.9591735023,2.2764402113,2.7199742178083196e-33
48.9640673929,2.2764402113,4.117619540238391e-34
48.9689612835,2.2764402113,4.4304709813979714e-35
48.9738551741,2.2764402113,3.3882529721405873e-36
48.9787490647,2.2764402113,1.8417217245226835e-37
48.7389484253,2.2813341019,2.620329252606041e-105
48.7438423159,2.2813341019,2.328146459949897e-97
48.7487362065,2.2813341019,9.155478251830387e-90
48.7536300971,2.2813341019,1.5935587465501386e-82
48.7585239877,2.2813341019,1.227641119988711e-75
48.7634178783,2.2813341019,4.185921507874586e-69
48.7683117689,2.2813341019,6.317235095702039e-63
48.7732056595,2.2813341019,4.219677924327856e-57
48.7780995501,2.2813341019,1.2475210242967366e-51
48.7829934407,2.2813341019,1.6324231628219123e-46
48.7878873313,2.2813341019,9.454399044831101e-42
48.7927812219,2.2813341019,2.4235468212224545e-37
48.7976751125,2.2813341019,2.7496993143495073e-33
48.8025690031,2.2813341019,1.3808143814317578e-29
48.8074628937,2.2813341019,3.0690340248659096e-26
48.8123567843,2.2813341019,3.0191480510610533e-23
48.8172506749,2.2813341019,1.3145691086014136e-20
48.8221445655,2.2813341019,2.5333706807057023e-18
48.8270384561,2.2813341019,2.1608785722545954e-16
48.8319323467,2.2813341019,8.157898380560334e-15
48.8368262373,2.2813341019,1.3631464746972035e-13
48.8417201279,2.2813341019,1.0081451464808059e-12
48.8466140185,2.2813341019,3.3000453480792083e-12
48.8515079091,2.2813341019,4.781157577012208e-12
48.8564017997,2.2813341019,3.0659319570850043e-12
48.8612956903,2.2813341019,8.701783470911381e-13
48.8661895809,2.2813341019,1.0931262864315112e-13
48.8710834715,2.2813341019,6.0778322429137106e-15
48.8759773621,2.2813341019,1.4956961814745377e-16
48.8808712527,2.2813341019,1.6291248428715306e-18
48.8857651433,2.2813341019,7.853832833142027e-21
48.8906590339,2.2813341019,1.6758118086268624e-23
48.8955529245,2.2813341019,1.5827027294323865e-26
48.9004468151,2.2813341019,1.1328846632586387e-29
48.9053407057,2.2813341019,3.049607223861802e-29
48.9102345963,2.2813341019,1.4023120714383316e-28
48.9151284869,2.2813341019,4.583381738849509e-28
48.9200223775,2.2813341019,1.0647563379720676e-27
48.9249162681,2.2813341019,1.7580731708348548e-27
48.9298101587,2.2813341019,2.0632221420001464e-27
48.9347040493,2.2813341019,1.720985863453288e-27
48.9395979399,2.2813341019,1.0203070101420496e-27
48.9444918305,2.2813341019,4.29938849469752e-28
48.9493857211,2.2813341019,1.287670542979096e-28
48.9542796117,2.2813341019,2.741101284074015e-29
48.9591735023,2.2813341019,4.147321057273397e-30
48.9640673929,2.2813341019,4.459975591284798e-31
48.9689612835,2.2813341019,3.40894157817433e-32
48.9738551741,2.2813341019,1.851948418858924e-33
48.9787490647,2.2813341019,7.150896064110101e-35
48.7389484253,2.2862279925,1.9168805060646915e-106
48.7438423159,2.2862279925,2.1515640215029934e-98
48.7487362065,2.2862279925,1.0688821174815928e-90
48.7536300971,2.2862279925,2.3502910923784826e-83
48.7585239877,2.2862279925,2.2873351460788883e-76
48.7634178783,2.2862279925,9.852677261551252e-70
48.7683117689,2.2862279925,1.8784300029094643e-63
48.7732056595,2.2862279925,1.585083265309732e-57
48.7780995501,2.2862279925,5.92005103637142e-52
48.7829934407,2.2862279925,9.786223407909699e-47
48.7878873313,2.2862279925,7.160133281420142e-42
48.7927812219,2.2862279925,2.3186937551844243e-37
48.7976751125,2.2862279925,3.3233951637694374e-33
48.8025690031,2.2862279925,2.1083217061471176e-29
48.8074628937,2.2862279925,5.91981427840423e-26
48.8123567843,2.2862279925,7.356912470668271e-23
48.8172506749,2.2862279925,4.046685017946394e-20
48.8221445655,2.2862279925,9.851889209833286e-18
48.8270384561,2.2862279925,1.0615878575765027e-15
48.8319323467,2.2862279925,5.063008667659506e-14
48.8368262373,2.2862279925,1.0687538806350533e-12
48.8417201279,2.2862279925,9.985344290489089e-12
48.8466140185,2.2862279925,4.1291883007369076e-11
48.8515079091,2.2862279925,7.557577996583495e-11
48.8564017997,2.2862279925,6.12233222991588e-11
48.8612956903,2.2862279925,2.1951664343086155e-11
48.8661895809,2.2862279925,3.483648426781639e-12
48.8710834715,2.2862279925,2.4469071510235383e-13
48.8759773621,2.2862279925,7.60706218621901e-15
48.8808712527,2.2862279925,1.0467253645765234e-16
48.8857651433,2.2862279925,6.37477462815222e-19
48.8906590339,2.2862279925,1.718358977373594e-21
48.8955529245,2.2862279925,2.07417091751666e-24
48.9004468151,2.2862279925,1.5664088526308105e-25
48.9053407057,2.2862279925,7.149287821432142e-25
48.9102345963,2.2862279925,2.3353870758282063e-24
48.9151284869,2.2862279925,5.422273141914661e-24
48.9200223775,2.2862279925,8.948047907914248e-24
48.9249162681,2.2862279925,1.0495382000527468e-23
48.9298101587,2.2862279925,8.749649629535952e-24
48.9347040493,2.2862279925,5.184481968473258e-24
48.9395979399,2.2862279925,2.1834453782543265e-24
48.9444918305,2.2862279925,6.5358420427986345e-25
48.9493857211,2.2862279925,1.3905384909918803e-25
48.9542796117,2.2862279925,2.1027456032680254e-26
48.9591735023,2.2862279925,2.2600221917933257e-27
48.9640673929,2.2862279925,1.7264775089523074e-28
48.9689612835,2.2862279925,9.374139195348576e-30
48.9738551741,2.2862279925,3.61762979869531e-31
48.9787490647,2.2862279925,9.922911044550697e-33
48.7389484253,2.2911218831,1.0639402215762878e-107
48.7438423159,2.2911218831,1.5086248608685886e-99
48.7487362065,2.2911218831,9.468073014395054e-92
48.7536300971,2.2911218831,2.630015099515826e-84
48.7585239877,2.2911218831,3.233487531894599e-77
48.7634178783,2.2911218831,1.7595452693964118e-70
48.7683117689,2.2911218831,4.237854133455878e-64
48.7732056595,2.2911218831,4.5176009809016166e-58
48.7780995501,2.2911218831,2.1315034461258792e-52
48.7829934407,2.2911218831,4.4512349116024145e-47
48.7878873313,2.2911218831,4.1142558496954685e-42
48.7927812219,2.2911218831,1.6831327922492865e-37
48.7976751125,2.2911218831,3.0476267212835133e-33
48.8025690031,2.2911218831,2.442426309535637e-29
48.8074628937,2.2911218831,8.663581625526859e-26
48.8123567843,2.2911218831,1.3601593112045544e-22
48.8172506749,2.2911218831,9.451448921130288e-20
48.8221445655,2.2911218831,2.906854603878318e-17
48.8270384561,2.2911218831,3.9569861753382576e-15
48.8319323467,2.2911218831,2.384086791482075e-13
48.8368262373,2.2911218831,6.357639460935374e-12
48.8417201279,2.2911218831,7.503882671711144e-11
48.8466140185,2.2911218831,3.9200578810292014e-10
48.8515079091,2.2911218831,9.063902590885554e-10
48.8564017997,2.2911218831,9.275862127618978e-10
48.8612956903,2.2911218831,4.201551057581239e-10
48.8661895809,2.2911218831,8.423281437145957e-11
48.8710834715,2.2911218831,7.47427861779535e-12
48.8759773621,2.2911218831,2.9354423805800285e-13
48.8808712527,2.2911218831,5.102630770352024e-15
48.8857651433,2.2911218831,3.925826578917043e-17
48.8906590339,2.2911218831,1.3374730874893435e-19
48.8955529245,2.2911218831,6.010225221074709e-22
48.9004468151,2.2911218831,1.8351312984012997e-21
48.9053407057,2.2911218831,5.990401150090692e-21
48.9102345963,2.2911218831,1.3900156344978234e-20
48.9151284869,2.2911218831,2.2925557766791186e-20
48.9200223775,2.2911218831,2.6875014288038905e-20
48.9249162681,2.2911218831,2.239245704046891e-20
48.9298101587,2.2911218831,1.326103782940927e-20
48.9347040493,2.2911218831,5.581817221943519e-21
48.9395979399,2.2911218831,1.6699211718161107e-21
48.9444918305,2.2911218831,3.5509011531402534e-22
48.9493857211,2.2911218831,5.366652149926016e-23
48.9542796117,2.2911218831,5.764883849254983e-24
48.9591735023,2.2911218831,4.401492113124919e-25
48.9640673929,2.2911218831,2.3885346497594807e-26
48.9689612835,2.2911218831,9.212667882984845e-28
48.9738551741,2.2911218831,2.5255823614283473e-29
48.9787490647,2.2911218831,4.921074137969187e-31
48.7389484253,2.2960157737,4.480902868381719e-109
48.7438423159,2.2960157737,8.025854863805764e-101
48.7487362065,2.2960157737,6.363212058576229e-93
48.7536300971,2.2960157737,2.2329440448007694e-85
48.7585239877,2.2960157737,3.468131764724198e-78
48.7634178783,2.2960157737,2.384128413541235e-71
48.7683117689,2.2960157737,7.254040955941641e-65
48.7732056595,2.2960157737,9.76892259071051e-59
48.7780995501,2.2960157737,5.822770037411228e-53
48.7829934407,2.2960157737,1.5361333367418015e-47
48.7878873313,2.2960157737,1.7936780567779087e-42
48.7927812219,2.2960157737,9.269928437199603e-38
48.7976751125,2.2960157737,2.1204330908239934e-33
48.8025690031,2.2960157737,2.1467875599385868e-29
48.8074628937,2.2960157737,9.619884821360627e-26
48.8123567843,2.2960157737,1.9079499584037108e-22
48.8172506749,2.2960157737,1.6748672586177207e-19
48.8221445655,2.2960157737,6.507439078818604e-17
48.8270384561,2.2960157737,1.1190671173245495e-14
48.8319323467,2.2960157737,8.517623976020786e-13
48.8368262373,2.2960157737,2.869439667983228e-11
48.8417201279,2.2960157737,4.2785049374019003e-10
48.8466140185,2.2960157737,2.823600711371965e-09
48.8515079091,2.2960157737,8.247661595596491e-09
48.8564017997,2.2960157737,1.066288413511235e-08
48.8612956903,2.2960157737,6.101475245934019e-09
48.8661895809,2.2960157737,1.5452947394492402e-09
48.8710834715,2.2960157737,1.7322242464011757e-10
48.8759773621,2.2960157737,8.594353842237106e-12
48.8808712527,2.2960157737,1.8872904451481438e-13
48.8857651433,2.2960157737,1.834423784223814e-15
48.8906590339,2.2960157737,8.408176036565962e-18
48.8955529245,2.2960157737,2.3874784923973387e-18
48.9004468151,2.2960157737,7.737648682404495e-18
48.9053407057,2.2960157737,1.7939941770264265e-17
48.9102345963,2.2960157737,2.9568549627530814e-17
48.9151284869,2.2960157737,3.46419172213291e-17
48.9200223775,2.2960157737,2.884771667300582e-17
48.9249162681,2.2960157737,1.7074478092104544e-17
48.9298101587,2.2960157737,7.183011187922125e-18
48.9347040493,2.2960157737,2.147771284784198e-18
48.9395979399,2.2960157737,4.564485032475364e-19
48.9444918305,2.2960157737,6.894738446329382e-20
48.9493857211,2.2960157737,7.402289322159156e-21
48.9542796117,2.2960157737,5.648544663212063e-22
48.9591735023,2.2960157737,3.0635807352612215e-23
48.9640673929,2.2960157737,1.1809848981272483e-24
48.9689612835,2.2960157737,3.2357995459477445e-26
48.9738551741,2.2960157737,6.3014591724598575e-28
48.9787490647,2.2960157737,8.72213682589439e-30
48.7389484253,2.3009096643,5.334624025684461e-105
48.7438423159,2.3009096643,6.904658098468239e-100
48.7487362065,2.3009096643,3.873941666252948e-94
48.7536300971,2.3009096643,1.4388121333673424e-86
48.7585239877,2.3009096643,2.822300822383914e-79
48.7634178783,2.3009096643,2.4509918262382426e-72
48.7683117689,2.3009096643,9.421000341565363e-66
48.7732056595,2.3009096643,1.6027599561790774e-59
48.7780995501,2.3009096643,1.2068582206333767e-53
48.7829934407,2.3009096643,4.022169128371397e-48
48.7878873313,2.3009096643,5.9330868976645245e-43
48.7927812219,2.3009096643,3.873623399374852e-38
48.7976751125,2.3009096643,1.1193615565946104e-33
48.8025690031,2.3009096643,1.431659319613315e-29
48.8074628937,2.3009096643,8.10448247634218e-26
48.8123567843,2.3009096643,2.0306131578306113e-22
48.8172506749,2.3009096643,2.2518808622720343e-19
48.8221445655,2.3009096643,1.1052993891909615e-16
48.8270384561,2.3009096643,2.4012133886221113e-14
48.8319323467,2.3009096643,2.3088615386469586e-12
48.8368262373,2.3009096643,9.82610340962288e-11
48.8417201279,2.3009096643,1.8508920143010905e-09
48.8466140185,2.3009096643,1.543110931191219e-08
48.8515079091,2.3009096643,5.6941583179757826e-08
48.8564017997,2.3009096643,9.299899860000892e-08
48.8612956903,2.3009096643,6.722694797952097e-08
48.8661895809,2.3009096643,2.150923733664557e-08
48.8710834715,2.3009096643,3.0459542442560147e-09
48.8759773621,2.3009096643,1.9091459995662423e-10
48.8808712527,2.3009096643,5.29636940008037e-12
48.8857651433,2.3009096643,6.537076588898218e-14
48.8906590339,2.3009096643,1.9017548875202963e-15
48.8955529245,2.3009096643,5.040663232595091e-15
48.9004468151,2.3009096643,1.1665005656340334e-14
48.9053407057,2.3009096643,1.920316603305763e-14
48.9102345963,2.3009096643,2.2479735113353294e-14
48.9151284869,2.3009096643,1.870799242939182e-14
48.9200223775,2.3009096643,1.1066656161485597e-14
48.9249162681,2.3009096643,4.653024029406331e-15
48.9298101587,2.3009096643,1.3905216247862582e-15
48.9347040493,2.3009096643,2.9535384520524164e-16
48.9395979399,2.3009096643,4.458921034371804e-17
48.9444918305,2.3009096643,4.784528942557545e-18
48.9493857211,2.3009096643,3.6489746173753665e-19
48.9542796117,2.3009096643,1.9779929991003585e-20
48.9591735023,2.3009096643,7.6208060560232405e-22
48.9640673929,2.3009096643,2.0868888557186818e-23
48.9689612835,2.3009096643,4.0618135296301166e-25
48.9738551741,2.3009096643,5.619049983040499e-27
48.9787490647,2.3009096643,5.524946285914152e-29
48.7389484253,2.3058035549,2.2869863452227393e-97
48.7438423159,2.3058035549,2.0928787321958606e-92
48.7487362065,2.3058035549,1.3612779606358413e-87
48.7536300971,2.3058035549,6.2932742328005184e-83
48.7585239877,2.3058035549,2.0852760540847897e-78
48.7634178783,2.3058035549,2.3947202869581918e-73
48.7683117689,2.3058035549,9.291232056446849e-67
48.7732056595,2.3058035549,1.9951537072710897e-60
48.7780995501,2.3058035549,1.8978707802356233e-54
48.7829934407,2.3058035549,7.990525455324959e-49
48.7878873313,2.3058035549,1.4890196194608764e-43
48.7927812219,2.3058035549,1.2281229434071434e-38
48.7976751125,2.3058035549,4.483318598684833e-34
48.8025690031,2.3058035549,7.243920691900667e-30
48.8074628937,2.3058035549,5.180409565909561e-26
48.8123567843,2.3058035549,1.6397242993684047e-22
48.8172506749,2.3058035549,2.297174037664899e-19
48.8221445655,2.3058035549,1.4244043979535072e-16
48.8270384561,2.3058035549,3.9092106114877825e-14
48.8319323467,2.3058035549,4.7485522118871824e-12
48.8368262373,2.3058035549,2.552994054563349e-10
48.8417201279,2.3058035549,6.075120838562685e-09
48.8466140185,2.3058035549,6.398478968865335e-08
48.8515079091,2.3058035549,2.9827415606180977e-07
48.8564017997,2.3058035549,6.154209129125282e-07
48.8612956903,2.3058035549,5.620152100647152e-07
48.8661895809,2.3058035549,2.271675171451767e-07
48.8710834715,2.3058035549,4.064188801118886e-08
48.8759773621,2.3058035549,3.218474310595429e-09
48.8808712527,2.3058035549,1.1293814460785451e-10
48.8857651433,2.3058035549,2.26453112011785e-12
48.8906590339,2.3058035549,1.6755025407333443e-12
48.8955529245,2.3058035549,3.8325517025969004e-12
48.9004468151,2.3058035549,6.2881134348634025e-12
48.9053407057,2.3058035549,7.34702999327402e-12
48.9102345963,2.3058035549,6.108011705268499e-12
48.9151284869,2.3058035549,3.6107265879058908e-12
48.9200223775,2.3058035549,1.5172719308799887e-12
48.9249162681,2.3058035549,4.5317432923767334e-13
48.9298101587,2.3058035549,9.620355605513351e-14
48.9347040493,2.3058035549,1.451574746997835e-14
48.9395979399,2.3058035549,1.5567180200178974e-15
48.9444918305,2.3058035549,1.1865956554141163e-16
48.9493857211,2.3058035549,6.428620762144615e-18
48.9542796117,2.3058035549,2.4754554260973378e-19
48.9591735023,2.3058035549,6.7750837205785184e-21
48.9640673929,2.3058035549,1.3179425308076447e-22
48.9689612835,2.3058035549,1.82221883583811e-24
48.9738551741,2.3058035549,1.7907165247571592e-26
48.9787490647,2.3058035549,1.2507640858235775e-28
48.7389484253,2.3106974455,3.5040207523098417e-90
48.7438423159,2.3106974455,2.2778785187818357e-85
48.7487362065,2.3106974455,1.05248690234268e-80
48.7536300971,2.3106974455,3.4564087213647e-76
48.7585239877,2.3106974455,8.067811378826509e-72
48.7634178783,2.3106974455,1.3384700814439473e-67
48.7683117689,2.3106974455,1.578348434640624e-63
48.7732056595,2.3106974455,1.3416095427632643e-59
48.7780995501,2.3106974455,3.0528509510175143e-55
48.7829934407,2.3106974455,1.2079202425732818e-49
48.7878873313,2.3106974455,2.835743116430098e-44
48.7927812219,2.3106974455,2.9545287480849735e-39
48.7976751125,2.3106974455,1.362524270453518e-34
48.8025690031,2.3106974455,2.7811174414745918e-30
48.8074628937,2.3106974455,2.5125373265998016e-26
48.8123567843,2.3106974455,1.0046701372380383e-22
48.8172506749,2.3106974455,1.7780835211372528e-19
48.8221445655,2.3106974455,1.39283171516141e-16
48.8270384561,2.3106974455,4.8290683567850395e-14
48.8319323467,2.3106974455,7.410491715992824e-12
48.8368262373,2.3106974455,5.033278999649831e-10
48.8417201279,2.3106974455,1.5131348860478963e-08
48.8466140185,2.3106974455,2.0134050768968394e-07
48.8515079091,2.3106974455,1.1858214009768658e-06
48.8564017997,2.3106974455,3.0914104036265887e-06
48.8612956903,2.3106974455,3.5675658568816204e-06
48.8661895809,2.3106974455,1.8227354232723105e-06
48.8710834715,2.3106974455,4.124176480127639e-07
48.8759773621,2.3106974455,4.136881570467979e-08
48.8808712527,2.3106974455,1.9272723823983804e-09
48.8857651433,2.3106974455,3.1837425188307803e-10
48.8906590339,2.3106974455,6.427119439763536e-10
48.8955529245,2.3106974455,1.043591549333859e-09
48.9004468151,2.3106974455,1.211929635600572e-09
48.9053407057,2.3106974455,1.0046367559387334e-09
48.9102345963,2.3106974455,5.931262513847107e-10
48.9151284869,2.3106974455,2.490591698337927e-10
48.9200223775,2.3106974455,7.43450877225578e-11
48.9249162681,2.3106974455,1.5773840410183522e-11
48.9298101587,2.3106974455,2.3787383703827965e-12
48.9347040493,2.3106974455,2.549637020424417e-13
48.9395979399,2.3106974455,1.94237152014391e-14
48.9444918305,2.3106974455,1.051740261095988e-15
48.9493857211,2.3106974455,4.0476872453614057e-17
48.9542796117,2.3106974455,1.1072040067951921e-18
48.9591735023,2.3106974455,2.152636008184414e-20
48.9640673929,2.3106974455,2.9746495231172224e-22
48.9689612835,2.3106974455,2.9216168372491298e-24
48.9738551741,2.3106974455,2.0395434639738747e-26
48.9787490647,2.3106974455,1.011963672375284e-28
48.7389484253,2.3155913361,1.918721513558805e-83
48.7438423159,2.3155913361,8.860520422845246e-79
48.7487362065,2.3155913361,2.908230121119842e-74
48.7536300971,2.3155913361,6.784542336917984e-70
48.7585239877,2.3155913361,1.1249535667448331e-65
48.7634178783,2.3155913361,1.3257782456851855e-61
48.7683117689,2.3155913361,1.1105277915569675e-57
48.7732056595,2.3155913361,6.611655654535776e-54
48.7780995501,2.3155913361,2.7977802162525064e-50
48.7829934407,2.3155913361,8.41609043282952e-47
48.7878873313,2.3155913361,1.8400732668658853e-43
48.7927812219,2.3155913361,8.153580276934066e-40
48.7976751125,2.3155913361,3.1836229481255493e-35
48.8025690031,2.3155913361,8.129152514672477e-31
48.8074628937,2.3155913361,9.270825682299033e-27
48.8123567843,2.3155913361,4.681698230495242e-23
48.8172506749,2.3155913361,1.0465839001526355e-19
48.8221445655,2.3155913361,1.0356567703168492e-16
48.8270384561,2.3155913361,4.536567703436621e-14
48.8319323467,2.3155913361,8.796623589981362e-12
48.8368262373,2.3155913361,7.55091271133958e-10
48.8417201279,2.3155913361,2.869530802306918e-08
48.8466140185,2.3155913361,4.828462536520607e-07
48.8515079091,2.3155913361,3.598292005511734e-06
48.8564017997,2.3155913361,1.188113668799283e-05
48.8612956903,2.3155913361,1.7395326310305174e-05
48.8661895809,2.3155913361,1.1310089840932572e-05
48.8710834715,2.3155913361,3.2763300047371324e-06
48.8759773621,2.3155913361,4.3243347666798445e-07
48.8808712527,2.3155913361,5.0067866806304743e-08
48.8857651433,2.3155913361,5.6884101740289945e-08
48.8906590339,2.3155913361,8.916831491501867e-08
48.8955529245,2.3155913361,1.0167839481673866e-07
48.9004468151,2.3155913361,8.34785869062402e-08
48.9053407057,2.3155913361,4.9091813429737855e-08
48.9102345963,2.3155913361,2.0583654257540834e-08
48.9151284869,2.3155913361,6.13973744918313e-09
48.9200223775,2.3155913361,1.3019159177821261e-09
48.9249162681,2.3155913361,1.962238216892351e-10
48.9298101587,2.3155913361,2.1020566035959873e-11
48.9347040493,2.3155913361,1.6005140323918315e-12
48.9395979399,2.3155913361,8.661574159319756e-14
48.9444918305,2.3155913361,3.3316273764830713e-15
48.9493857211,2.3155913361,9.108319734850619e-17
48.9542796117,2.3155913361,1.7698740610075104e-18
48.9591735023,2.3155913361,2.4443799491475942e-20
48.9640673929,2.3155913361,2.3994809829771547e-22
48.9689612835,2.3155913361,1.6741260853046758e-24
48.9738551741,2.3155913361,8.30197203057024e-27
48.9787490647,2.3155913361,2.9261502339299627e-29
48.7389484253,2.3204852267,3.754908842112135e-77
48.7438423159,2.3204852267,1.2317712983321396e-72
48.7487362065,2.3204852267,2.871990598852028e-68
48.7536300971,2.3204852267,4.7594656744955634e-64
48.7585239877,2.3204852267,5.606032813809694e-60
48.7634178783,2.3204852267,4.693267664005675e-56
48.7683117689,2.3204852267,2.7926548437331167e-52
48.7732056595,2.3204852267,1.1810858144892385e-48
48.7780995501,2.3204852267,3.550323242206537e-45
48.7829934407,2.3204852267,7.585366847833018e-42
48.7878873313,2.3204852267,1.1518808442663667e-38
48.7927812219,2.3204852267,1.2432654177116138e-35
48.7976751125,2.3204852267,9.543794874850998e-33
48.8025690031,2.3204852267,5.397812270508781e-30
48.8074628937,2.3204852267,4.803584424518888e-27
48.8123567843,2.3204852267,1.811062703694168e-23
48.8172506749,2.3204852267,4.9274974183594226e-20
48.8221445655,2.3204852267,6.11766399044012e-17
48.8270384561,2.3204852267,3.376985234441007e-14
48.8319323467,2.3204852267,8.272304433481444e-12
48.8368262373,2.3204852267,8.991508925274285e-10
48.8417201279,2.3204852267,4.338325199979421e-08
48.8466140185,2.3204852267,9.30005592472335e-07
48.8515079091,2.3204852267,8.871978245431212e-06
48.8564017997,2.3204852267,3.7766706220500554e-05
48.8612956903,2.3204852267,7.206785312856845e-05
48.8661895809,2.3204852267,6.215548468606872e-05
48.8710834715,2.3204852267,2.4801813372440613e-05
48.8759773621,2.3204852267,5.67565523260314e-06
48.8808712527,2.3204852267,3.044177808907323e-06
48.8857651433,2.3204852267,4.0665531928874e-06
48.8906590339,2.3204852267,4.4308387809674044e-06
48.8955529245,2.3204852267,3.537746254640751e-06
48.9004468151,2.3204852267,2.0537314393360893e-06
48.9053407057,2.3204852267,8.571547186304975e-07
48.9102345963,2.3204852267,2.552822173018013e-07
48.9151284869,2.3204852267,5.409243486176935e-08
48.9200223775,2.3204852267,8.148084635946254e-09
48.9249162681,2.3204852267,8.723849885049475e-10
48.9298101587,2.3204852267,6.638719399922051e-11
48.9347040493,2.3204852267,3.5907303580240572e-12
48.9395979399,2.3204852267,1.3803954913039175e-13
48.9444918305,2.3204852267,3.771781469062758e-15
48.9493857211,2.3204852267,7.325069746989441e-17
48.9542796117,2.3204852267,1.0111119832083523e-18
48.9591735023,2.3204852267,9.919939011635495e-21
48.9640673929,2.3204852267,6.917369873554738e-23
48.9689612835,2.3204852267,3.4284296756934304e-25
48.9738551741,2.3204852267,1.2077352563985879e-27
48.9787490647,2.3204852267,3.0239213742931926e-30
48.7389484253,2.3253791173,2.6262074478457224e-71
48.7438423159,2.3253791173,6.119882828735544e-67
48.7487362065,2.3253791173,1.013629956875867e-62
48.7536300971,2.3253791173,1.1932680670244553e-58
48.7585239877,2.3253791173,9.984328268986413e-55
48.7634178783,2.3253791173,5.937750374800632e-51
48.7683117689,2.3253791173,2.5098471368421665e-47
48.7732056595,2.3253791173,7.540408225693555e-44
48.7780995501,2.3253791173,1.6101439221681299e-40
48.7829934407,2.3253791173,2.4437500687560877e-37
48.7878873313,2.3253791173,2.6361561295984936e-34
48.7927812219,2.3253791173,2.021192700739419e-31
48.7976751125,2.3253791173,1.1014545386084204e-28
48.8025690031,2.3253791173,4.2662724852857556e-26
48.8074628937,2.3253791173,1.1746288412347827e-23
48.8123567843,2.3253791173,2.307365620951715e-21
48.8172506749,2.3253791173,3.4891673423274737e-19
48.8221445655,2.3253791173,7.425192227489835e-17
48.8270384561,2.3253791173,3.047632084463569e-14
48.8319323467,2.3253791173,8.584536785446488e-12
48.8368262373,2.3253791173,1.1508988030590242e-09
48.8417201279,2.3253791173,7.009285888141945e-08
48.8466140185,2.3253791173,1.928834788025305e-06
48.8515079091,2.3253791173,2.402031443726574e-05
48.8564017997,2.3253791173,0.00013600365869953837
48.8612956903,2.3253791173,0.00035305824665438047
48.8661895809,2.3253791173,0.00042834273924100555
48.8710834715,2.3253791173,0.00026403063393133923
48.8759773621,2.3253791173,0.00012972580019326432
48.8808712527,2.3253791173,0.00010892448655889581
48.8857651433,2.3253791173,0.00010452158768924088
48.8906590339,2.3253791173,7.829313290912222e-05
48.8955529245,2.3253791173,4.385518854105122e-05
48.9004468151,2.3253791173,1.8037926459379598e-05
48.9053407057,2.3253791173,5.347446362946414e-06
48.9102345963,2.3253791173,1.131475971599042e-06
48.9151284869,2.3253791173,1.7031938429055524e-07
48.9200223775,2.3253791173,1.822511478218148e-08
48.9249162681,2.3253791173,1.3861391331253557e-09
48.9298101587,2.3253791173,7.493184012395867e-11
48.9347040493,2.3253791173,2.8790438427170847e-12
48.9395979399,2.3253791173,7.862350736722075e-14
48.9444918305,2.3253791173,1.526085269563334e-15
48.9493857211,2.3253791173,2.1053651922820002e-17
48.9542796117,2.3253791173,2.0644212846661404e-19
48.9591735023,2.3253791173,1.4387703160109452e-21
48.9640673929,2.3253791173,7.127001685433379e-24
48.9689612835,2.3253791173,2.5092533078087966e-26
48.9738551741,2.3253791173,6.279201221711967e-29
48.9787490647,2.3253791173,1.116828652225316e-31
48.7389484253,2.3302730079,6.564487666511069e-66
48.7438423159,2.3302730079,1.0866715866395946e-61
48.7487362065,2.3302730079,1.278550946356384e-57
48.7536300971,2.3302730079,1.0692026237288853e-53
48.7585239877,2.3302730079,6.355127163212335e-50
48.7634178783,2.3302730079,2.684792498072832e-46
48.7683117689,2.3302730079,8.061566812539064e-43
48.7732056595,2.3302730079,1.7204832194641397e-39
48.7780995501,2.3302730079,2.609778662451865e-36
48.7829934407,2.3302730079,2.813708887154031e-33
48.7878873313,2.3302730079,2.1561397194229615e-30
48.7927812219,2.3302730079,1.1743482073280724e-27
48.7976751125,2.3302730079,4.546101518871577e-25
48.8025690031,2.3302730079,1.2508453604979848e-22
48.8074628937,2.3302730079,2.4461911661986127e-20
48.8123567843,2.3302730079,3.4001713818653295e-18
48.8172506749,2.3302730079,3.3595380229791555e-16
48.8221445655,2.3302730079,2.3646884222319495e-14
48.8270384561,2.3302730079,1.2204874645571492e-12
48.8319323467,2.3302730079,5.643118707321051e-11
48.8368262373,2.3302730079,3.356427627720978e-09
48.8417201279,2.3302730079,1.8585518091169048e-07
48.8466140185,2.3302730079,5.8205596148960965e-06
48.8515079091,2.3302730079,8.814453643755013e-05
48.8564017997,2.3302730079,0.000626135763061082
48.8612956903,2.3302730079,0.0020935923132291683
48.8661895809,2.3302730079,0.0034100597830363684
48.8710834715,2.3302730079,0.0030596358839925153
48.8759773621,2.3302730079,0.0020876969749537167
48.8808712527,2.3302730079,0.0014634459559932926
48.8857651433,2.3302730079,0.0009453684387384657
48.8906590339,2.3302730079,0.0004889697331609716
48.8955529245,2.3302730079,0.00019346803330453851
48.9004468151,2.3302730079,5.656173469067281e-05
48.9053407057,2.3302730079,1.1920847031077325e-05
48.9102345963,2.3302730079,1.7922846884615111e-06
48.9151284869,2.3302730079,1.9166113020039477e-07
48.9200223775,2.3302730079,1.4568918551958106e-08
48.9249162681,2.3302730079,7.87132167044792e-10
48.9298101587,2.3302730079,3.022669488227686e-11
48.9347040493,2.3302730079,8.250037850399781e-13
48.9395979399,2.3302730079,1.6004550187934937e-14
48.9444918305,2.3302730079,2.206750612452535e-16
48.9493857211,2.3302730079,2.1626452730208943e-18
48.9542796117,2.3302730079,1.506397465279537e-20
48.9591735023,2.3302730079,7.457892406788234e-23
48.9640673929,2.3302730079,2.624308592380161e-25
48.9689612835,2.3302730079,6.563506846155486e-28
48.9738551741,2.3302730079,1.1667538273332096e-30
48.9787490647,2.3302730079,1.4741605240439255e-33
48.7389484253,2.3351668985000003,5.8642816747018054e-61
48.7438423159,2.3351668985000003,6.89597524167456e-57
48.7487362065,2.3351668985000003,5.763666139155122e-53
48.7536300971,2.3351668985000003,3.423924585740043e-49
48.7585239877,2.3351668985000003,1.4456788121467558e-45
48.7634178783,2.3351668985000003,4.3385208911415264e-42
48.7683117689,2.3351668985000003,9.254092185408986e-39
48.7732056595,2.3351668985000003,1.4029694080343263e-35
48.7780995501,2.3351668985000003,1.511766900860564e-32
48.7829934407,2.3351668985000003,1.1578271127136596e-29
48.7878873313,2.3351668985000003,6.302674073058047e-27
48.7927812219,2.3351668985000003,2.438530740573537e-24
48.7976751125,2.3351668985000003,6.70585057146154e-22
48.8025690031,2.3351668985000003,1.3106953545428895e-19
48.8074628937,2.3351668985000003,1.8208404972325994e-17
48.8123567843,2.3351668985000003,1.797895207037223e-15
48.8172506749,2.3351668985000003,1.261770306733093e-13
48.8221445655,2.3351668985000003,6.2941233643624094e-12
48.8270384561,2.3351668985000003,2.232659803409781e-10
48.8319323467,2.3351668985000003,5.6578382799667235e-09
48.8368262373,2.3351668985000003,1.0600145491452283e-07
48.8417201279,2.3351668985000003,1.6886901804963316e-06
48.8466140185,2.3351668985000003,2.6776785521558057e-05
48.8515079091,2.3351668985000003,0.0003443718538902868
48.8564017997,2.3351668985000003,0.002611285252125998
48.8612956903,2.3351668985000003,0.010193090357246483
48.8661895809,2.3351668985000003,0.02015608861035612
48.8710834715,2.3351668985000003,0.02138999522231402
48.8759773621,2.3351668985000003,0.014051908693328627
48.8808712527,2.3351668985000003,0.007002891322849137
48.8857651433,2.3351668985000003,0.002997108017789941
48.8906590339,2.3351668985000003,0.0010790309097474654
48.8955529245,2.3351668985000003,0.00030401452667335875
48.9004468151,2.3351668985000003,6.335398001336057e-05
48.9053407057,2.3351668985000003,9.497303673937537e-06
48.9102345963,2.3351668985000003,1.0146472580333192e-06
48.9151284869,2.3351668985000003,7.708100597221923e-08
48.9200223775,2.3351668985000003,4.16223604224735e-09
48.9249162681,2.3351668985000003,1.5974625679563316e-10
48.9298101587,2.3351668985000003,4.357697757800795e-12
48.9347040493,2.3351668985000003,8.449009165332718e-14
48.9395979399,2.3351668985000003,1.1643316666915016e-15
48.9444918305,2.3351668985000003,1.1404332967345337e-17
48.9493857211,2.3351668985000003,7.93935679538535e-20
48.9542796117,2.3351668985000003,3.928466028433208e-22
48.9591735023,2.3351668985000003,1.381601944015054e-24
48.9640673929,2.3351668985000003,3.4535450120011724e-27
48.9689612835,2.3351668985000003,6.1357768616418675e-30
48.9738551741,2.3351668985000003,7.748118341325132e-33
48.9787490647,2.3351668985000003,6.954168103813154e-36
48.7389484253,2.3400607891000003,1.8722808072667659e-56
48.7438423159,2.3400607891000003,1.5639946137298698e-52
48.7487362065,2.3400607891000003,9.28585231325639e-49
48.7536300971,2.3400607891000003,3.918596467785726e-45
48.7585239877,2.3400607891000003,1.1753347172482027e-41
48.7634178783,2.3400607891000003,2.505617871128563e-38
48.7683117689,2.3400607891000003,3.7965608302440283e-35
48.7732056595,2.3400607891000003,4.0887272334038683e-32
48.7780995501,2.3400607891000003,3.1297393231023976e-29
48.7829934407,2.3400607891000003,1.7027482615878603e-26
48.7878873313,2.3400607891000003,6.58438134830516e-24
48.7927812219,2.3400607891000003,1.809679879751024e-21
48.7976751125,2.3400607891000003,3.5351739732863996e-19
48.8025690031,2.3400607891000003,4.908424066943623e-17
48.8074628937,2.3400607891000003,4.8439051959534705e-15
48.8123567843,2.3400607891000003,3.3975964392334407e-13
48.8172506749,2.3400607891000003,1.6938491648008606e-11
48.8221445655,2.3400607891000003,6.002677495332e-10
48.8270384561,2.3400607891000003,1.5131434510387247e-08
48.8319323467,2.3400607891000003,2.723450877836885e-07
48.8368262373,2.3400607891000003,3.5544591085784197e-06
48.8417201279,2.3400607891000003,3.51924877847116e-05
48.8466140185,2.3400607891000003,0.0002864265464504443
48.8515079091,2.3400607891000003,0.0019894876047369214
48.8564017997,2.3400607891000003,0.010539782583613936
48.8612956903,2.3400607891000003,0.03538554170990558
48.8661895809,2.3400607891000003,0.06625325049112485
48.8710834715,2.3400607891000003,0.06607366849120741
48.8759773621,2.3400607891000003,0.03626621766777716
48.8808712527,2.3400607891000003,0.012581369895414104
48.8857651433,2.3400607891000003,0.003472553915670577
48.8906590339,2.3400607891000003,0.0008533603535528449
48.8955529245,2.3400607891000003,0.0001707595383775789
48.9004468151,2.3400607891000003,2.5365641856621962e-05
48.9053407057,2.3400607891000003,2.7044085978877672e-06
48.9102345963,2.3400607891000003,2.0529289304970256e-07
48.9151284869,2.3400607891000003,1.1079091778035232e-08
48.9200223775,2.3400607891000003,4.2497991671996895e-10
48.9249162681,2.3400607891000003,1.1586597164735157e-11
48.9298101587,2.3400607891000003,2.2452552785342058e-13
48.9347040493,2.3400607891000003,3.092415197641984e-15
48.9395979399,2.3400607891000003,3.0272767353775915e-17
48.9444918305,2.3400607891000003,2.1063410862918567e-19
48.9493857211,2.3400607891000003,1.0416636912421562e-21
48.9542796117,2.3400607891000003,3.6614120382224995e-24
48.9591735023,2.3400607891000003,9.147279201130135e-27
48.9640673929,2.3400607891000003,1.6242673583055483e-29
48.9689612835,2.3400607891000003,2.0499598239027132e-32
48.9738551741,2.3400607891000003,1.8388886572662565e-35
48.9787490647,2.3400607891000003,1.1724322869873887e-38
48.7389484253,2.3449546797000003,2.1363348539420493e-52
48.7438423159,2.3449546797000003,1.2677014586269506e-48
48.7487362065,2.3449546797000003,5.3467134033352385e-45
48.7536300971,2.3449546797000003,1.6027990353656991e-41
48.7585239877,2.3449546797000003,3.4150218811117544e-38
48.7634178783,2.3449546797000003,5.171662322593815e-35
48.7683117689,2.3449546797000003,5.56658803197245e-32
48.7732056595,2.3449546797000003,4.2586333824018087e-29
48.7780995501,2.3449546797000003,2.3156540507374372e-26
48.7829934407,2.3449546797000003,8.949511974581128e-24
48.7878873313,2.3449546797000003,2.4583701856001124e-21
48.7927812219,2.3449546797000003,4.799737193573179e-19
48.7976751125,2.3449546797000003,6.660546863946395e-17
48.8025690031,2.3449546797000003,6.569382880925934e-15
48.8074628937,2.3449546797000003,4.605339012375228e-13
48.8123567843,2.3449546797000003,2.2946808258666365e-11
48.8172506749,2.3449546797000003,8.126832037660983e-10
48.8221445655,2.3449546797000003,2.0463670047071452e-08
48.8270384561,2.3449546797000003,3.670351469473662e-07
48.8319323467,2.3449546797000003,4.729783904165288e-06
48.8368262373,2.3449546797000003,4.5036362653441396e-05
48.8417201279,2.3449546797000003,0.0003343650062076254
48.8466140185,2.3449546797000003,0.0020024271760003707
48.8515079091,2.3449546797000003,0.009219871558892366
48.8564017997,2.3449546797000003,0.03008893590105213
48.8612956903,2.3449546797000003,0.0664760055764195
48.8661895809,2.3449546797000003,0.09524725228782215
48.8710834715,2.3449546797000003,0.08190354556954169
48.8759773621,2.3449546797000003,0.039398470843449725
48.8808712527,2.3449546797000003,0.010626519057779154
48.8857651433,2.3449546797000003,0.0018472086992788405
48.8906590339,2.3449546797000003,0.0002673807882507528
48.8955529245,2.3449546797000003,3.502210868406044e-05
48.9004468151,2.3449546797000003,3.639844309172145e-06
48.9053407057,2.3449546797000003,2.7530171177726205e-07
48.9102345963,2.3449546797000003,1.4845204049004642e-08
48.9151284869,2.3449546797000003,5.691203670827376e-10
48.9200223775,2.3449546797000003,1.5507877607975762e-11
48.9249162681,2.3449546797000003,3.0034700657092686e-13
48.9298101587,2.3449546797000003,4.134438392337921e-15
48.9347040493,2.3449546797000003,4.045125444466502e-17
48.9395979399,2.3449546797000003,2.812999888571843e-19
48.9444918305,2.3449546797000003,1.3903677549003986e-21
48.9493857211,2.3449546797000003,4.884407740096045e-24
48.9542796117,2.3449546797000003,1.2195971078565721e-26
48.9591735023,2.3449546797000003,2.1644278442396968e-29
48.9640673929,2.3449546797000003,2.7301850872884463e-32
48.9689612835,2.3449546797000003,2.4477289219568056e-35
48.9738551741,2.3449546797000003,1.5597564855965505e-38
48.9787490647,2.3449546797000003,7.06435527426386e-42
48.7389484253,2.3498485703,8.711839066611892e-49
48.7438423159,2.3498485703,3.672323269324329e-45
48.7487362065,2.3498485703,1.1002571927224012e-41
48.7536300971,2.3498485703,2.3429864641780077e-38
48.7585239877,2.3498485703,3.54623567340567e-35
48.7634178783,2.3498485703,3.8149395471470863e-32
48.7683117689,2.3498485703,2.916956669584998e-29
48.7732056595,2.3498485703,1.5852382645016662e-26
48.7780995501,2.3498485703,6.123241201582151e-24
48.7829934407,2.3498485703,1.6810879644785967e-21
48.7878873313,2.3498485703,3.280361922390268e-19
48.7927812219,2.3498485703,4.5496222241180883e-17
48.7976751125,2.3498485703,4.484883473562792e-15
48.8025690031,2.3498485703,3.142311701066102e-13
48.8074628937,2.3498485703,1.564840102763765e-11
48.8123567843,2.3498485703,5.538824693208121e-10
48.8172506749,2.3498485703,1.3935905201904477e-08
48.8221445655,2.3498485703,2.4942716969487706e-07
48.8270384561,2.3498485703,3.1888180079753365e-06
48.8319323467,2.3498485703,2.960295175552233e-05
48.8368262373,2.3498485703,0.00020828756161294504
48.8417201279,2.3498485703,0.0011726272399766675
48.8466140185,2.3498485703,0.005223072682623546
48.8515079091,2.3498485703,0.016670737353080882
48.8564017997,2.3498485703,0.03498497998510931
48.8612956903,2.3498485703,0.04934315916276081
48.8661895809,2.3498485703,0.053087509803577286
48.8710834715,2.3498485703,0.043714088911220014
48.8759773621,2.3498485703,0.022450927668277554
48.8808712527,2.3498485703,0.006110138977083161
48.8857651433,2.3498485703,0.0008461986785908452
48.8906590339,2.3498485703,6.480535284155734e-05
48.8955529245,2.3498485703,3.6272141456797835e-06
48.9004468151,2.3498485703,2.011863440787232e-07
48.9053407057,2.3498485703,1.0107110134439707e-08
48.9102345963,2.3498485703,3.8392048993296173e-10
48.9151284869,2.3498485703,1.0448677236921634e-11
48.9200223775,2.3498485703,2.022455633783377e-13
48.9249162681,2.3498485703,2.7824854183365807e-15
48.9298101587,2.3498485703,2.7208807080060456e-17
48.9347040493,2.3498485703,1.8910733176663157e-19
48.9395979399,2.3498485703,9.341776745558713e-22
48.9444918305,2.3498485703,3.2799925150635986e-24
48.9493857211,2.3498485703,8.185372962921108e-27
48.9542796117,2.3498485703,1.451865361613045e-29
48.9591735023,2.3498485703,1.830359791597293e-32
48.9640673929,2.3498485703,1.6400943824572498e-35
48.9689612835,2.3498485703,1.0445361303368169e-38
48.9738551741,2.3498485703,4.728249048418157e-42
48.9787490647,2.3498485703,1.5212460806622443e-45
48.7389484253,2.3547424609,1.2696749163573297e-45
48.7438423159,2.3547424609,3.801955212751713e-42
48.7487362065,2.3547424609,8.091773257452816e-39
48.7536300971,2.3547424609,1.2240598819832995e-35
48.7585239877,2.3547424609,1.3160848063217074e-32
48.7634178783,2.3547424609,1.005743739420491e-29
48.7683117689,2.3547424609,5.462771710622967e-27
48.7732056595,2.3547424609,2.108924426352231e-24
48.7780995501,2.3547424609,5.786703542994992e-22
48.7829934407,2.3547424609,1.128557527431928e-19
48.7878873313,2.3547424609,1.5643661908306614e-17
48.7927812219,2.3547424609,1.5412581726632743e-15
48.7976751125,2.3547424609,1.0792812163757631e-13
48.8025690031,2.3547424609,5.371754670862428e-12
48.8074628937,2.3547424609,1.9002953210264304e-10
48.8123567843,2.3547424609,4.778168679388301e-09
48.8172506749,2.3547424609,8.541661836199747e-08
48.8221445655,2.3547424609,1.0873035919311191e-06
48.8270384561,2.3547424609,9.930993729685502e-06
48.8319323467,2.3547424609,6.676638835781816e-05
48.8368262373,2.3547424609,0.00034779839243910006
48.8417201279,2.3547424609,0.0014538388415850179
48.8466140185,2.3547424609,0.004619133610992112
48.8515079091,2.3547424609,0.00996920670510733
48.8564017997,2.3547424609,0.013605185468435194
48.8612956903,2.3547424609,0.012753836409499267
48.8661895809,2.3547424609,0.012133635331449715
48.8710834715,2.3547424609,0.012426751950438903
48.8759773621,2.3547424609,0.008152442490570035
48.8808712527,2.3547424609,0.0026591841705399877
48.8857651433,2.3547424609,0.00040757448580438
48.8906590339,2.3547424609,2.9115422845910896e-05
48.8955529245,2.3547424609,9.851089319566125e-07
48.9004468151,2.3547424609,1.7261767085906374e-08
48.9053407057,2.3547424609,2.2652114460545686e-10
48.9102345963,2.3547424609,3.853933223486745e-12
48.9151284869,2.3547424609,6.901898353790665e-14
48.9200223775,2.3547424609,9.429675533576597e-16
48.9249162681,2.3547424609,9.21275793812118e-18
48.9298101587,2.3547424609,6.399481172711119e-20
48.9347040493,2.3547424609,3.1595622684119604e-22
48.9395979399,2.3547424609,1.1087443781011094e-24
48.9444918305,2.3547424609,2.765401510116459e-27
48.9493857211,2.3547424609,4.90238271099943e-30
48.9542796117,2.3547424609,6.177012494152109e-33
48.9591735023,2.3547424609,5.5318704256250565e-36
48.9640673929,2.3547424609,3.521176295831319e-39
48.9689612835,2.3547424609,1.5930367385283398e-42
48.9738551741,2.3547424609,5.122548335620662e-46
48.9787490647,2.3547424609,1.1707619245591436e-49
48.7389484253,2.3596363515,6.613287647797946e-43
48.7438423159,2.3596363515,1.406744630306492e-39
48.7487362065,2.3596363515,2.1268426985891203e-36
48.7536300971,2.3596363515,2.285481586393399e-33
48.7585239877,2.3596363515,1.7455903566338633e-30
48.7634178783,2.3596363515,9.476090349589711e-28
48.7683117689,2.3596363515,3.656270370697747e-25
48.7732056595,2.3596363515,1.002696882644997e-22
48.7780995501,2.3596363515,1.954444209486022e-20
48.7829934407,2.3596363515,2.7076912548156768e-18
48.7878873313,2.3596363515,2.666227835919606e-16
48.7927812219,2.3596363515,1.866025722840207e-14
48.7976751125,2.3596363515,9.282399546958428e-13
48.8025690031,2.3596363515,3.2819001442000226e-11
48.8074628937,2.3596363515,8.247374500376786e-10
48.8123567843,2.3596363515,1.4731920340865801e-08
48.8172506749,2.3596363515,1.8714170480598423e-07
48.8221445655,2.3596363515,1.695395262740861e-06
48.8270384561,2.3596363515,1.1081721588633573e-05
48.8319323467,2.3596363515,5.3970914553224554e-05
48.8368262373,2.3596363515,0.00020544755832810875
48.8417201279,2.3596363515,0.0006150302031478759
48.8466140185,2.3596363515,0.0013388748521368401
48.8515079091,2.3596363515,0.001912106033673675
48.8564017997,2.3596363515,0.001708381839656877
48.8612956903,2.3596363515,0.0011960673804289237
48.8661895809,2.3596363515,0.001597557889935642
48.8710834715,2.3596363515,0.002636101160399889
48.8759773621,2.3596363515,0.002357709312445781
48.8808712527,2.3596363515,0.0009851635761277547
48.8857651433,2.3596363515,0.00018807894218859494
48.8906590339,2.3596363515,1.6284160566889403e-05
48.8955529245,2.3596363515,6.370600286703391e-07
48.9004468151,2.3596363515,1.1248938706510001e-08
48.9053407057,2.3596363515,8.993555433063713e-11
48.9102345963,2.3596363515,3.3302564598658127e-13
48.9151284869,2.3596363515,6.854031942237962e-16
48.9200223775,2.3596363515,1.961439748423765e-18
48.9249162681,2.3596363515,1.1035638134767353e-20
48.9298101587,2.3596363515,5.381397407124747e-23
48.9347040493,2.3596363515,1.8866500170776622e-25
48.9395979399,2.3596363515,4.7030068091781655e-28
48.9444918305,2.3596363515,8.332699431679847e-31
48.9493857211,2.3596363515,1.0493445926569996e-33
48.9542796117,2.3596363515,9.392318103423413e-37
48.9591735023,2.3596363515,5.975162331882898e-40
48.9640673929,2.3596363515,2.7017731137928588e-43
48.9689612835,2.3596363515,8.683009855306655e-47
48.9738551741,2.3596363515,1.9834166916198523e-50
48.9787490647,2.3596363515,3.2201780472348544e-54
48.7389484253,2.3645302421,1.2310748629280748e-40
48.7438423159,2.3645302421,1.860226012883967e-37
48.7487362065,2.3645302421,1.9978791476146562e-34
48.7536300971,2.3645302421,1.5250882195658482e-31
48.7585239877,2.3645302421,8.274523051598151e-29
48.7634178783,2.3645302421,3.190900230406332e-26
48.7683117689,2.3645302421,8.745924661585184e-24
48.7732056595,2.3645302421,1.703807360126602e-21
48.7780995501,2.3645302421,2.3591605614692805e-19
48.7829934407,2.3645302421,2.3217569822333894e-17
48.7878873313,2.3645302421,1.6240457997418847e-15
48.7927812219,2.3645302421,8.07424713640352e-14
48.7976751125,2.3645302421,2.8531729036781225e-12
48.8025690031,2.3645302421,7.16600246355131e-11
48.8074628937,2.3645302421,1.2792479866992907e-09
48.8123567843,2.3645302421,1.623363809731816e-08
48.8172506749,2.3645302421,1.465629892915108e-07
48.8221445655,2.3645302421,9.453264637304236e-07
48.8270384561,2.3645302421,4.4200807542471385e-06
48.8319323467,2.3645302421,1.5483791378836432e-05
48.8368262373,2.3645302421,4.205338138917108e-05
48.8417201279,2.3645302421,8.697352483931774e-05
48.8466140185,2.3645302421,0.00012623522017861938
48.8515079091,2.3645302421,0.00011827306161596354
48.8564017997,2.3645302421,7.152425183208923e-05
48.8612956903,2.3645302421,6.555580441574194e-05
48.8661895809,2.3645302421,0.00025132093180963084
48.8710834715,2.3645302421,0.0006775585490106348
48.8759773621,2.3645302421,0.0008463731751671731
48.8808712527,2.3645302421,0.00047603067165130706
48.8857651433,2.3645302421,0.0001197272711453429
48.8906590339,2.3645302421,1.3417468631178358e-05
48.8955529245,2.3645302421,6.685717809883052e-07
48.9004468151,2.3645302421,1.479426717544436e-08
48.9053407057,2.3645302421,1.4528728917381104e-10
48.9102345963,2.3645302421,6.330795485320743e-13
48.9151284869,2.3645302421,1.224269690057028e-15
48.9200223775,2.3645302421,1.0519453512201071e-18
48.9249162681,2.3645302421,4.0571467165987563e-22
48.9298101587,2.3645302421,8.433230441481487e-26
48.9347040493,2.3645302421,4.543815582121686e-29
48.9395979399,2.3645302421,7.147200188060032e-32
48.9444918305,2.3645302421,8.973639407639251e-35
48.9493857211,2.3645302421,8.027333899426613e-38
48.9542796117,2.3645302421,5.103983765907913e-41
48.9591735023,2.3645302421,2.30658570272593e-44
48.9640673929,2.3645302421,7.40887314903957e-48
48.9689612835,2.3645302421,1.6914414684687412e-51
48.9738551741,2.3645302421,2.74463147845272e-55
48.9787490647,2.3645302421,3.1654346908142453e-59
48.7389484253,2.3694241327,8.190184624983414e-39
48.7438423159,2.3694241327,8.791406016890544e-36
48.7487362065,2.3694241327,6.707261441835674e-33
48.7536300971,2.3694241327,3.6370928129521056e-30
48.7585239877,2.3694241327,1.4017991226945054e-27
48.7634178783,2.3694241327,3.840072601980838e-25
48.7683117689,2.3694241327,7.476792677745901e-23
48.7732056595,2.3694241327,1.0346977215419014e-20
48.7780995501,2.3694241327,1.017733097970521e-18
48.7829934407,2.3694241327,7.115027054124173e-17
48.7878873313,2.3694241327,3.5354236650783456e-15
48.7927812219,2.3694241327,1.2486152349358617e-13
48.7976751125,2.3694241327,3.1342824535054037e-12
48.8025690031,2.3694241327,5.592050201724702e-11
48.8074628937,2.3694241327,7.091509524453988e-10
48.8123567843,2.3694241327,6.393358321341142e-09
48.8172506749,2.3694241327,4.102574538446558e-08
48.8221445655,2.3694241327,1.8833062372818097e-07
48.8270384561,2.3694241327,6.278713632824353e-07
48.8319323467,2.3694241327,1.5623333358025535e-06
48.8368262373,2.3694241327,2.952868130911088e-06
48.8417201279,2.3694241327,4.1129111903766884e-06
48.8466140185,2.3694241327,3.933103951207569e-06
48.8515079091,2.3694241327,2.437465926562846e-06
48.8564017997,2.3694241327,1.3298024010575928e-06
48.8612956903,2.3694241327,7.261290582221648e-06
48.8661895809,2.3694241327,5.8145987358635654e-05
48.8710834715,2.3694241327,0.0002146677674604226
48.8759773621,2.3694241327,0.0003526113614956265
48.8808712527,2.3694241327,0.0002569979777326013
48.8857651433,2.3694241327,8.302124201728374e-05
48.8906590339,2.3694241327,1.1880158692436189e-05
48.8955529245,2.3694241327,7.528170288876579e-07
48.9004468151,2.3694241327,2.1120888479712896e-08
48.9053407057,2.3694241327,2.623286427658123e-10
48.9102345963,2.3694241327,1.4423315776618523e-12
48.9151284869,2.3694241327,3.5104124654979027e-15
48.9200223775,2.3694241327,3.782003560850015e-18
48.9249162681,2.3694241327,1.8036914539715502e-21
48.9298101587,2.3694241327,3.807995046906898e-25
48.9347040493,2.3694241327,3.5594796237508217e-29
48.9395979399,2.3694241327,1.4767840677999465e-33
48.9444918305,2.3694241327,3.0448356795931094e-38
48.9493857211,2.3694241327,2.4138448558749346e-42
48.9542796117,2.3694241327,9.920498869098692e-46
48.9591735023,2.3694241327,3.182243303684872e-49
48.9640673929,2.3694241327,7.261019874219027e-53
48.9689612835,2.3694241327,1.1775675550048675e-56
48.9738551741,2.3694241327,1.357363897200458e-60
48.9787490647,2.3694241327,1.1120620176441599e-64
48.7389484253,2.3743180233,1.9473548545686758e-37
48.7438423159,2.3743180233,1.4848860930079316e-34
48.7487362065,2.3743180233,8.047545363571722e-32
48.7536300971,2.3743180233,3.0999592044045885e-29
48.7585239877,2.3743180233,8.487323873643287e-27
48.7634178783,2.3743180233,1.6516112139664457e-24
48.7683117689,2.3743180233,2.2843735463758196e-22
48.7732056595,2.3743180233,2.2456841462431622e-20
48.7780995501,2.3743180233,1.569106694159052e-18
48.7829934407,2.3743180233,7.792530823486422e-17
48.7878873313,2.3743180233,2.7505961726879513e-15
48.7927812219,2.3743180233,6.900767604600335e-14
48.7976751125,2.3743180233,1.230524858019749e-12
48.8025690031,2.3743180233,1.559580192521923e-11
48.8074628937,2.3743180233,1.4049688634373884e-10
48.8123567843,2.3743180233,8.998829943163508e-10
48.8172506749,2.3743180233,4.103640289206944e-09
48.8221445655,2.3743180233,1.3391672533326703e-08
48.8270384561,2.3743180233,3.167500199384977e-08
48.8319323467,2.3743180233,5.5293327954032153e-08
48.8368262373,2.3743180233,7.151627852786527e-08
48.8417201279,2.3743180233,6.6429936590903e-08
48.8466140185,2.3743180233,4.2060175992957435e-08
48.8515079091,2.3743180233,1.8396138992750727e-08
48.8564017997,2.3743180233,5.3823573641133855e-08
48.8612956903,2.3743180233,1.1776837215423686e-06
48.8661895809,2.3743180233,1.25208555327128e-05
48.8710834715,2.3743180233,5.9011018024464165e-05
48.8759773621,2.3743180233,0.00012314731018439728
48.8808712527,2.3743180233,0.0001137679987753499
48.8857651433,2.3743180233,4.652402205405322e-05
48.8906590339,2.3743180233,8.421231079015016e-06
48.8955529245,2.3743180233,6.746900907230216e-07
48.9004468151,2.3743180233,2.392531717344519e-08
48.9053407057,2.3743180233,3.755195054411857e-10
48.9102345963,2.3743180233,2.6087166690459846e-12
48.9151284869,2.3743180233,8.021210559640199e-15
48.9200223775,2.3743180233,1.0916186599235759e-17
48.9249162681,2.3743180233,6.575363396677682e-21
48.9298101587,2.3743180233,1.753017792596345e-24
48.9347040493,2.3743180233,2.0685730153607456e-28
48.9395979399,2.3743180233,1.0803733271377827e-32
48.9444918305,2.3743180233,2.497447231802395e-37
48.9493857211,2.3743180233,2.5553082673786668e-42
48.9542796117,2.3743180233,1.1578842210903447e-47
48.9591735023,2.3743180233,2.4764532194803033e-53
48.9640673929,2.3743180233,2.7490246244924476e-58
48.9689612835,2.3743180233,2.930735669765302e-62
48.9738551741,2.3743180233,2.3991145211403567e-66
48.9787490647,2.3743180233,1.3962617333957746e-70
48.7389484253,2.3792119139,1.6547739703205936e-36
48.7438423159,2.3792119139,8.963345136758516e-34
48.7487362065,2.3792119139,3.450831942643485e-31
48.7536300971,2.3792119139,9.442777377043547e-29
48.7585239877,2.3792119139,1.836529647892476e-26
48.7634178783,2.3792119139,2.5387409485929516e-24
48.7683117689,2.3792119139,2.4943712011954665e-22
48.7732056595,2.3792119139,1.741911277321373e-20
48.7780995501,2.3792119139,8.645960147511048e-19
48.7829934407,2.3792119139,3.0501604071017754e-17
48.7878873313,2.3792119139,7.648114513318727e-16
48.7927812219,2.3792119139,1.3630392315624745e-14
48.7976751125,2.3792119139,1.7265726863812257e-13
48.8025690031,2.3792119139,1.554485590557734e-12
48.8074628937,2.3792119139,9.948007781147596e-12
48.8123567843,2.3792119139,4.526539097949592e-11
48.8172506749,2.3792119139,1.4664389058186958e-10
48.8221445655,2.3792119139,3.3967947830785344e-10
48.8270384561,2.3792119139,5.675069577149409e-10
48.8319323467,2.3792119139,6.900967989927345e-10
48.8368262373,2.3792119139,6.085047996482773e-10
48.8417201279,2.3792119139,3.7958890242688375e-10
48.8466140185,2.3792119139,1.627826719374543e-10
48.8515079091,2.3792119139,1.214763710055023e-10
48.8564017997,2.3792119139,5.132955709599277e-09
48.8612956903,2.3792119139,1.5582686653618093e-07
48.8661895809,2.3792119139,2.097775465221967e-06
48.8710834715,2.3792119139,1.250016153339336e-05
48.8759773621,2.3792119139,3.296838046899997e-05
48.8808712527,2.3792119139,3.848576690453043e-05
48.8857651433,2.3792119139,1.9884792084377913e-05
48.8906590339,2.3792119139,4.547359860893336e-06
48.8955529245,2.3792119139,4.6027189595184197e-07
48.9004468151,2.3792119139,2.0619883380999064e-08
48.9053407057,2.3792119139,4.088598200084166e-10
48.9102345963,2.3792119139,3.5882200761049532e-12
48.9151284869,2.3792119139,1.3937987831759499e-14
48.9200223775,2.3792119139,2.3962793130779896e-17
48.9249162681,2.3792119139,1.823438547458273e-20
48.9298101587,2.3792119139,6.14131188249006e-24
48.9347040493,2.3792119139,9.154771334215246e-28
48.9395979399,2.3792119139,6.040184094457164e-32
48.9444918305,2.3792119139,1.7638805857747537e-36
48.9493857211,2.3792119139,2.279840812542185e-41
48.9542796117,2.3792119139,1.3042361154188966e-46
48.9591735023,2.3792119139,3.3023591623294602e-52
48.9640673929,2.3792119139,3.70091562418097e-58
48.9689612835,2.3792119139,1.8359948925316232e-64
48.9738551741,2.3792119139,4.181755732287134e-71
48.9787490647,2.3792119139,6.6569893241447784e-77
48.7389484253,2.3841058045,5.025444042637968e-36
48.7438423159,2.3841058045,1.933700798362289e-33
48.7487362065,2.3841058045,5.288425162222292e-31
48.7536300971,2.3841058045,1.0279824509710791e-28
48.7585239877,2.3841058045,1.4202581495334816e-26
48.7634178783,2.3841058045,1.3946689450197099e-24
48.7683117689,2.3841058045,9.734131808690524e-23
48.7732056595,2.3841058045,4.8288705828819975e-21
48.7780995501,2.3841058045,1.7026138468774121e-19
48.7829934407,2.3841058045,4.2668660327216734e-18
48.7878873313,2.3841058045,7.600184011116521e-17
48.7927812219,2.3841058045,9.621914434315506e-16
48.7976751125,2.3841058045,8.658078589810672e-15
48.8025690031,2.3841058045,5.5374218311074385e-14
48.8074628937,2.3841058045,2.517349736827899e-13
48.8123567843,2.3841058045,8.136796927386711e-13
48.8172506749,2.3841058045,1.8720119948247725e-12
48.8221445655,2.3841058045,3.0743682632417005e-12
48.8270384561,2.3841058045,3.6211808521755183e-12
48.8319323467,2.3841058045,3.067953763262304e-12
48.8368262373,2.3841058045,1.8589716946507913e-12
48.8417201279,2.3841058045,7.934761369728494e-13
48.8466140185,2.3841058045,2.591785316389436e-13
48.8515079091,2.3841058045,4.75619212198294e-12
48.8564017997,2.3841058045,4.08742246619683e-10
48.8612956903,2.3841058045,1.5706726239773158e-08
48.8661895809,2.3841058045,2.671451451175736e-07
48.8710834715,2.3841058045,2.0110641579924507e-06
48.8759773621,2.3841058045,6.700715269592634e-06
48.8808712527,2.3841058045,9.881726624374349e-06
48.8857651433,2.3841058045,6.450017149867498e-06
48.8906590339,2.3841058045,1.8633963329917005e-06
48.8955529245,2.3841058045,2.382681114370437e-07
48.9004468151,2.3841058045,1.348475067025576e-08
48.9053407057,2.3841058045,3.37781786457934e-10
48.9102345963,2.3841058045,3.744948442581668e-12
48.9151284869,2.3841058045,1.8376879363692822e-14
48.9200223775,2.3841058045,3.991296504596036e-17
48.9249162681,2.3841058045,3.8368297151242117e-20
48.9298101587,2.3841058045,1.6324780994321793e-23
48.9347040493,2.3841058045,3.0742452311581922e-27
48.9395979399,2.3841058045,2.5623942898031526e-31
48.9444918305,2.3841058045,9.453001202763074e-36
48.9493857211,2.3841058045,1.5435111602273292e-40
48.9542796117,2.3841058045,1.1154911788435112e-45
48.9591735023,2.3841058045,3.568114745671769e-51
48.9640673929,2.3841058045,5.0515864533342334e-57
48.9689612835,2.3841058045,3.16543262110238e-63
48.9738551741,2.3841058045,8.779194361576904e-70
48.9787490647,2.3841058045,1.0776868946610003e-76
48.7389484253,2.3889996951,5.454467769471465e-36
48.7438423159,2.3889996951,1.4909071969247377e-33
48.7487362065,2.3889996951,2.896483733979065e-31
48.7536300971,2.3889996951,3.99957484369299e-29
48.7585239877,2.3889996951,3.925353863564016e-27
48.7634178783,2.3889996951,2.738205577335984e-25
48.7683117689,2.3889996951,1.3576115969735392e-23
48.7732056595,2.3889996951,4.78417744226323e-22
48.7780995501,2.3889996951,1.1982881657845058e-20
48.7829934407,2.3889996951,2.1332291674609322e-19
48.7878873313,2.3889996951,2.6992058739101554e-18
48.7927812219,2.3889996951,2.427486377130605e-17
48.7976751125,2.3889996951,1.551673384268759e-16
48.8025690031,2.3889996951,7.049689715345896e-16
48.8074628937,2.3889996951,2.2766018212491234e-15
48.8123567843,2.3889996951,5.226938740733713e-15
48.8172506749,2.3889996951,8.538119018811515e-15
48.8221445655,2.3889996951,9.938336702215025e-15
48.8270384561,2.3889996951,8.25931460158775e-15
48.8319323467,2.3889996951,4.9008062487427245e-15
48.8368262373,2.3889996951,2.067331578514312e-15
48.8417201279,2.3889996951,6.172095304666802e-16
48.8466140185,2.3889996951,1.0393747018219895e-15
48.8515079091,2.3889996951,2.2565049795844187e-13
48.8564017997,2.3889996951,2.474768553807576e-11
48.8612956903,2.3889996951,1.2013950872840495e-09
48.8661895809,2.3889996951,2.5813892456857518e-08
48.8710834715,2.3889996951,2.4549206657730043e-07
48.8759773621,2.3889996951,1.0333269077309992e-06
48.8808712527,2.3889996951,1.925104560803328e-06
48.8857651433,2.3889996951,1.5874030617294296e-06
48.8906590339,2.3889996951,5.793438620255898e-07
48.8955529245,2.3889996951,9.358406638988964e-08
48.9004468151,2.3889996951,6.690887373594544e-09
48.9053407057,2.3889996951,2.117297244680651e-10
48.9102345963,2.3889996951,2.9654885430282614e-12
48.9151284869,2.3889996951,1.838344812797463e-14
48.9200223775,2.3889996951,5.0439875138179573e-17
48.9249162681,2.3889996951,6.125440659525085e-20
48.9298101587,2.3889996951,3.292433231164094e-23
48.9347040493,2.3889996951,7.832725760026052e-27
48.9395979399,2.3889996951,8.247554069665318e-31
48.9444918305,2.3889996951,3.843737553775474e-35
48.9493857211,2.3889996951,7.9286379639966e-40
48.9542796117,2.3889996951,7.238686259120655e-45
48.9591735023,2.3889996951,2.92507647599837e-50
48.9640673929,2.3889996951,5.231557487126873e-56
48.9689612835,2.3889996951,4.141341877534855e-62
48.9738551741,2.3889996951,1.451000197053053e-68
48.9787490647,2.3889996951,2.2501432337324647e-75
48.7389484253,2.3938935857,2.1157896856663354e-36
48.7438423159,2.3938935857,4.108224075343069e-34
48.7487362065,2.3938935857,5.669672881353069e-32
48.7536300971,2.3938935857,5.5614000060047816e-30
48.7585239877,2.3938935857,3.877327763906175e-28
48.7634178783,2.3938935857,1.9213352397605938e-26
48.7683117689,2.3938935857,6.766997766543398e-25
48.7732056595,2.3938935857,1.6939912758495454e-23
48.7780995501,2.3938935857,3.0140368448119863e-22
48.7829934407,2.3938935857,3.811607705904882e-21
48.7878873313,2.3938935857,3.426021552354885e-20
48.7927812219,2.3938935857,2.188740547659441e-19
48.7976751125,2.3938935857,9.938507864439463e-19
48.8025690031,2.3938935857,3.207552231856146e-18
48.8074628937,2.3938935857,7.358132869810529e-18
48.8123567843,2.3938935857,1.1999524606547262e-17
48.8172506749,2.3938935857,1.3916526275238486e-17
48.8221445655,2.3938935857,1.1485859593140575e-17
48.8270384561,2.3938935857,6.749817141339639e-18
48.8319323467,2.3938935857,2.822576545229127e-18
48.8368262373,2.3938935857,8.380590713763229e-19
48.8417201279,2.3938935857,2.1329501440457077e-19
48.8466140185,2.3938935857,2.623531730388688e-17
48.8515079091,2.3938935857,8.204939035785894e-15
48.8564017997,2.3938935857,1.1368811579839593e-12
48.8612956903,2.3938935857,6.972222418264592e-11
48.8661895809,2.3938935857,1.892534054879937e-09
48.8710834715,2.3938935857,2.273696424135687e-08
48.8759773621,2.3938935857,1.2090313434787208e-07
48.8808712527,2.3938935857,2.8455023347992436e-07
48.8857651433,2.3938935857,2.9641258446672357e-07
48.8906590339,2.3938935857,1.3666290091703746e-07
48.8955529245,2.3938935857,2.7888229107554875e-08
48.9004468151,2.3938935857,2.5188803900391345e-09
48.9053407057,2.3938935857,1.0069559174982371e-10
48.9102345963,2.3938935857,1.781679884823863e-12
48.9151284869,2.3938935857,1.3952923096499304e-14
48.9200223775,2.3938935857,4.836342282700964e-17
48.9249162681,2.3938935857,7.419679808688378e-20
48.9298101587,2.3938935857,5.038132716757623e-23
48.9347040493,2.3938935857,1.514155047822677e-26
48.9395979399,2.3938935857,2.0141295401758196e-30
48.9444918305,2.3938935857,1.1858254169170399e-34
48.9493857211,2.3938935857,3.0900849279497896e-39
48.9542796117,2.3938935857,3.563989222603932e-44
48.9591735023,2.3938935857,1.8193600483313543e-49
48.9640673929,2.3938935857,4.1107137026831084e-55
48.9689612835,2.3938935857,4.1108545700669816e-61
48.9738551741,2.3938935857,1.819547094050853e-67
48.9787490647,2.3938935857,3.564599924444167e-74
48.7389484253,2.3987874763,2.9331534835196686e-37
48.7438423159,2.3987874763,4.0457571752086644e-35
48.7487362065,2.3987874763,3.9663139600542734e-33
48.7536300971,2.3987874763,2.763736380543521e-31
48.7585239877,2.3987874763,1.3687634310922743e-29
48.7634178783,2.3987874763,4.818173376012138e-28
48.7683117689,2.3987874763,1.2054763783003915e-26
48.7732056595,2.3987874763,2.1436665796658327e-25
48.7780995501,2.3987874763,2.709430536876377e-24
48.7829934407,2.3987874763,2.4340027072611955e-23
48.7878873313,2.3987874763,1.554126436013214e-22
48.7927812219,2.3987874763,7.053000815437163e-22
48.7976751125,2.3987874763,2.2750143851997287e-21
48.8025690031,2.3987874763,5.2157775958472116e-21
48.8074628937,2.3987874763,8.499400816003179e-21
48.8123567843,2.3987874763,9.845188037912599e-21
48.8172506749,2.3987874763,8.107731794130357e-21
48.8221445655,2.3987874763,4.748011966273974e-21
48.8270384561,2.3987874763,1.97733460029441e-21
48.8319323467,2.3987874763,5.853469238311607e-22
48.8368262373,2.3987874763,1.233881198676866e-22
48.8417201279,2.3987874763,6.5897844589377995e-22
48.8466140185,2.3987874763,5.724099372282566e-19
48.8515079091,2.3987874763,2.2637790818937926e-16
48.8564017997,2.3987874763,3.962586013652804e-14
48.8612956903,2.3987874763,3.070009134538625e-12
48.8661895809,2.3987874763,1.0527298522182473e-10
48.8710834715,2.3987874763,1.5977562107741072e-09
48.8759773621,2.3987874763,1.0732981869965922e-08
48.8808712527,2.3987874763,3.191145324867814e-08
48.8857651433,2.3987874763,4.199417700314002e-08
48.8906590339,2.3987874763,2.4459516715158814e-08
48.8955529245,2.3987874763,6.305550008860664e-09
48.9004468151,2.3987874763,7.194728041277219e-10
48.9053407057,2.3987874763,3.633474324627836e-11
48.9102345963,2.3987874763,8.12168449395023e-13
48.9151284869,2.3987874763,8.03501030765282e-15
48.9200223775,2.3987874763,3.5183826264396164e-17
48.9249162681,2.3987874763,6.818926387131136e-20
48.9298101587,2.3987874763,5.849318127305139e-23
48.9347040493,2.3987874763,2.220806844449462e-26
48.9395979399,2.3987874763,3.731922685227701e-30
48.9444918305,2.3987874763,2.7756889322869243e-34
48.9493857211,2.3987874763,9.137455079277353e-39
48.9542796117,2.3987874763,1.3313615842876333e-43
48.9591735023,2.3987874763,8.585845977115164e-49
48.9640673929,2.3987874763,2.4506792326258676e-54
48.9689612835,2.3987874763,3.096037077283999e-60
48.9738551741,2.3987874763,1.7311796601472425e-66
48.9787490647,2.3987874763,4.2844436379575445e-73
48.7389484253,2.4036813669,1.4532464134084053e-38
48.7438423159,2.4036813669,1.4239268530887346e-36
48.7487362065,2.4036813669,9.916498535661766e-35
48.7536300971,2.4036813669,4.9085280299534784e-33
48.7585239877,2.4036813669,1.7268970596881282e-31
48.7634178783,2.4036813669,4.318211166893708e-30
48.7683117689,2.4036813669,7.674737915481919e-29
48.7732056595,2.4036813669,9.6949479687952e-28
48.7780995501,2.4036813669,8.704616918637226e-27
48.7829934407,2.4036813669,5.55489808078499e-26
48.7878873313,2.4036813669,2.51956044676363e-25
48.7927812219,2.4036813669,8.122612857628931e-25
48.7976751125,2.4036813669,1.8611836784500893e-24
48.8025690031,2.4036813669,3.0311431388359644e-24
48.8074628937,2.4036813669,3.508748703434386e-24
48.8123567843,2.4036813669,2.8869581693395216e-24
48.8172506749,2.4036813669,1.688482172112175e-24
48.8221445655,2.4036813669,7.020084966258373e-25
48.8270384561,2.4036813669,2.0747204775520185e-25
48.8319323467,2.4036813669,4.3578552773588443e-26
48.8368262373,2.4036813669,9.798606292825175e-27
48.8417201279,2.4036813669,8.403525603391735e-24
48.8466140185,2.4036813669,9.485117944907334e-21
48.8515079091,2.4036813669,4.7388819282980286e-18
48.8564017997,2.4036813669,1.0479132903927104e-15
48.8612956903,2.4036813669,1.0256309408841552e-13
48.8661895809,2.4036813669,4.4429679963879305e-12
48.8710834715,2.4036813669,8.518665419942434e-11
48.8759773621,2.4036813669,7.229133463964506e-10
48.8808712527,2.4036813669,2.715296311340792e-09
48.8857651433,2.4036813669,4.514030839867671e-09
48.8906590339,2.4036813669,3.3214530613865316e-09
48.8955529245,2.4036813669,1.0817029702910347e-09
48.9004468151,2.4036813669,1.559208632044886e-10
48.9053407057,2.4036813669,9.94756404569189e-12
48.9102345963,2.4036813669,2.8089600515136815e-13
48.9151284869,2.4036813669,3.5106754878499356e-15
48.9200223775,2.4036813669,1.9420129269245518e-17
48.9249162681,2.4036813669,4.754773693605914e-20
48.9298101587,2.4036813669,5.1525698909546885e-23
48.9347040493,2.4036813669,2.4713498918652296e-26
48.9395979399,2.4036813669,5.2463938185585165e-30
48.9444918305,2.4036813669,4.9295110417444415e-34
48.9493857211,2.4036813669,2.0500436354303426e-38
48.9542796117,2.4036813669,3.773450627040135e-43
48.9591735023,2.4036813669,3.0741888567423353e-48
48.9640673929,2.4036813669,1.1085077184240875e-53
48.9689612835,2.4036813669,1.7691440825547156e-59
48.9738551741,2.4036813669,1.249694884794974e-65
48.9787490647,2.4036813669,3.9071590053103143e-72
48.7389484253,2.4085752575,2.573273266324051e-40
48.7438423159,2.4085752575,1.7910913024323362e-38
48.7487362065,2.4085752575,8.860776722667524e-37
48.7536300971,2.4085752575,3.1156460400902416e-35
48.7585239877,2.4085752575,7.786578815434702e-34
48.7634178783,2.4085752575,1.3831443477937857e-32
48.7683117689,2.4085752575,1.7462667314545773e-31
48.7732056595,2.4085752575,1.5670249291991206e-30
48.7780995501,2.4085752575,9.99455546124087e-30
48.7829934407,2.4085752575,4.53078350446788e-29
48.7878873313,2.4085752575,1.4598404495332607e-28
48.7927812219,2.4085752575,3.3431799135083235e-28
48.7976751125,2.4085752575,5.4417239060096065e-28
48.8025690031,2.4085752575,6.29558730887725e-28
48.8074628937,2.4085752575,5.176795750158111e-28
48.8123567843,2.4085752575,3.0256287583135154e-28
48.8172506749,2.4085752575,1.2569176561306613e-28
48.8221445655,2.4085752575,3.711390981757394e-29
48.8270384561,2.4085752575,7.789210088636448e-30
48.8319323467,2.4085752575,1.1654226427264357e-30
48.8368262373,2.4085752575,2.6079050024082063e-29
48.8417201279,2.4085752575,8.362597385397417e-26
48.8466140185,2.4085752575,1.1925120879192772e-22
48.8515079091,2.4085752575,7.5266330840984e-20
48.8564017997,2.4085752575,2.1025919900640394e-17
48.8612956903,2.4085752575,2.5997139908220616e-15
48.8661895809,2.4085752575,1.422697087879059e-13
48.8710834715,2.4085752575,3.446002744608852e-12
48.8759773621,2.4085752575,3.694325016351118e-11
48.8808712527,2.4085752575,1.752955486022052e-10
48.8857651433,2.4085752575,3.68148453398164e-10
48.8906590339,2.4085752575,3.422089613203741e-10
48.8955529245,2.4085752575,1.4079138498498443e-10
48.9004468151,2.4085752575,2.5637583601951073e-11
48.9053407057,2.4085752575,2.0663048891904847e-12
48.9102345963,2.4085752575,7.371027345201793e-14
48.9151284869,2.4085752575,1.1637989116909296e-15
48.9200223775,2.4085752575,8.132876480712267e-18
48.9249162681,2.4085752575,2.5155138421488112e-20
48.9298101587,2.4085752575,3.443701912647731e-23
48.9347040493,2.4085752575,2.0866071801835227e-26
48.9395979399,2.4085752575,5.595928392829859e-30
48.9444918305,2.4085752575,6.6423216900751375e-34
48.9493857211,2.4085752575,3.4896668384557013e-38
48.9542796117,2.4085752575,8.114547997215551e-43
48.9591735023,2.4085752575,8.351433085358382e-48
48.9640673929,2.4085752575,3.804293220761051e-53
48.9689612835,2.4085752575,7.670139563263645e-59
48.9738551741,2.4085752575,6.844612318697045e-65
48.9787490647,2.4085752575,2.70340273090567e-71
48.7389484253,2.4134691481,1.6284511455763333e-42
48.7438423159,2.4134691481,8.051743793587469e-41
48.7487362065,2.4134691481,2.8296154087536957e-39
48.7536300971,2.4134691481,7.067846807304536e-38
48.7585239877,2.4134691481,1.2547843551406295e-36
48.7634178783,2.4134691481,1.5833368301241684e-35
48.7683117689,2.4134691481,1.4200374052644831e-34
48.7732056595,2.4134691481,9.052082553215575e-34
48.7780995501,2.4134691481,4.101280556327292e-33
48.7829934407,2.4134691481,1.320725927804426e-32
48.7878873313,2.4134691481,3.022930631974897e-32
48.7927812219,2.4134691481,4.917744060005699e-32
48.7976751125,2.4134691481,5.686250465446225e-32
48.8025690031,2.4134691481,4.673138037576702e-32
48.8074628937,2.4134691481,2.729697311221244e-32
48.8123567843,2.4134691481,1.1333001949906023e-32
48.8172506749,2.4134691481,3.3442697060595474e-33
48.8221445655,2.4134691481,7.014274045272456e-34
48.8270384561,2.4134691481,1.0456551680586468e-34
48.8319323467,2.4134691481,2.79498569522193e-35
48.8368262373,2.4134691481,1.5514279044983736e-31
48.8417201279,2.4134691481,6.314506399744783e-28
48.8466140185,2.4134691481,1.1375378543239902e-24
48.8515079091,2.4134691481,9.070027694582205e-22
48.8564017997,2.4134691481,3.2008673302306953e-19
48.8612956903,2.4134691481,4.999689569796627e-17
48.8661895809,2.4134691481,3.4564852761332645e-15
48.8710834715,2.4134691481,1.0576517392346961e-13
48.8759773621,2.4134691481,1.4324087652486049e-12
48.8808712527,2.4134691481,8.586329633021333e-12
48.8857651433,2.4134691481,2.2780562833151644e-11
48.8906590339,2.4134691481,2.6750853800097736e-11
48.8955529245,2.4134691481,1.3903596360060668e-11
48.9004468151,2.4134691481,3.1984013476259853e-12
48.9053407057,2.4134691481,3.2565299276073045e-13
48.9102345963,2.4134691481,1.4675519809388842e-14
48.9151284869,2.4134691481,2.927171833770531e-16
48.9200223775,2.4134691481,2.5841590937899222e-18
48.9249162681,2.4134691481,1.0097330759538948e-20
48.9298101587,2.4134691481,1.7462652962499456e-23
48.9347040493,2.4134691481,1.3366883692195442e-26
48.9395979399,2.4134691481,4.528625632836361e-30
48.9444918305,2.4134691481,6.790769305328932e-34
48.9493857211,2.4134691481,4.5070029135391386e-38
48.9542796117,2.4134691481,1.323954335162484e-42
48.9591735023,2.4134691481,1.7213709857484337e-47
48.9640673929,2.4134691481,9.905861609824263e-53
48.9689612835,2.4134691481,2.52305280239693e-58
48.9738551741,2.4134691481,2.844308688986358e-64
48.9787490647,2.4134691481,1.4191994096298987e-70
48.7389484253,2.4183630387,3.683034079247054e-45
48.7438423159,2.4183630387,1.2936129274388994e-43
48.7487362065,2.4183630387,3.22942503670233e-42
48.7536300971,2.4183630387,5.730180735682172e-41
48.7585239877,2.4183630387,7.226594464527705e-40
48.7634178783,2.4183630387,6.477706987723004e-39
48.7683117689,2.4183630387,4.1269686125800383e-38
48.7732056595,2.4183630387,1.8688019729595122e-37
48.7780995501,2.4183630387,6.014751005175387e-37
48.7829934407,2.4183630387,1.3759234561405519e-36
48.7878873313,2.4183630387,2.2371399202658245e-36
48.7927812219,2.4183630387,2.5853198317848533e-36
48.7976751125,2.4183630387,2.123526510452035e-36
48.8025690031,2.4183630387,1.2397195663575094e-36
48.8074628937,2.4183630387,5.144128118684687e-37
48.8123567843,2.4183630387,1.517130486339154e-37
48.8172506749,2.4183630387,3.180219181129644e-38
48.8221445655,2.4183630387,4.738203198438207e-39
48.8270384561,2.4183630387,5.040625173686346e-40
48.8319323467,2.4183630387,6.060072631854991e-38
48.8368262373,2.4183630387,7.03567456013186e-34
48.8417201279,2.4183630387,3.6176011775056006e-30
48.8466140185,2.4183630387,8.232882868512742e-27
48.8515079091,2.4183630387,8.292767552727063e-24
48.8564017997,2.4183630387,3.697118349700973e-21
48.8612956903,2.4183630387,7.295306107273375e-19
48.8661895809,2.4183630387,6.371475110986558e-17
48.8710834715,2.4183630387,2.4629339646771536e-15
48.8759773621,2.4183630387,4.213876954818021e-14
48.8808712527,2.4183630387,3.1910031844791046e-13
48.8857651433,2.4183630387,1.0695200497062805e-12
48.8906590339,2.4183630387,1.5865980955582326e-12
48.8955529245,2.4183630387,1.0417445382236943e-12
48.9004468151,2.4183630387,3.027414181620306e-13
48.9053407057,2.4183630387,3.8940251772164035e-14
48.9102345963,2.4183630387,2.216878924567434e-15
48.9151284869,2.4183630387,5.586007307005908e-17
48.9200223775,2.4183630387,6.2298462645955895e-19
48.9249162681,2.4183630387,3.075172378000064e-21
48.9298101587,2.4183630387,6.718586389922465e-24
48.9347040493,2.4183630387,6.496847189236262e-27
48.9395979399,2.4183630387,2.780633197253225e-30
48.9444918305,2.4183630387,5.267457741569372e-34
48.9493857211,2.4183630387,4.416464279729136e-38
48.9542796117,2.4183630387,1.638946169677935e-42
48.9591735023,2.4183630387,2.691974628263499e-47
48.9640673929,2.4183630387,1.9570122331610207e-52
48.9689612835,2.4183630387,6.296981592997498e-58
48.9738551741,2.4183630387,8.967835071363469e-64
48.9787490647,2.4183630387,5.652741251501951e-70
48.7389484253,2.4232569293,2.9770005736051513e-48
48.7438423159,2.4232569293,7.4278123614124405e-47
48.7487362065,2.4232569293,1.3172408228296045e-45
48.7536300971,2.4232569293,1.6603195828579319e-44
48.7585239877,2.4232569293,1.4874434049059244e-43
48.7634178783,2.4232569293,9.471340761259856e-43
48.7683117689,2.4232569293,4.2865187228023294e-42
48.7732056595,2.4232569293,1.3788602104200186e-41
48.7780995501,2.4232569293,3.1525211233892303e-41
48.7829934407,2.4232569293,5.122925291454603e-41
48.7878873313,2.4232569293,5.916982592233682e-41
48.7927812219,2.4232569293,4.857410576644062e-41
48.7976751125,2.4232569293,2.834207202626556e-41
48.8025690031,2.4232569293,1.1753864045122206e-41
48.8074628937,2.4232569293,3.464591646277641e-42
48.8123567843,2.4232569293,7.258482170701295e-43
48.8172506749,2.4232569293,1.0808412898917132e-43
48.8221445655,2.4232569293,1.1439387794792353e-44
48.8270384561,2.4232569293,5.835308248279191e-45
48.8319323467,2.4232569293,1.6495364331270648e-40
48.8368262373,2.4232569293,2.42083522979595e-36
48.8417201279,2.4232569293,1.572479440940124e-32
48.8466140185,2.4232569293,4.5208596705174513e-29
48.8515079091,2.4232569293,5.752721934898056e-26
48.8564017997,2.4232569293,3.239977867307804e-23
48.8612956903,2.4232569293,8.076570901566532e-21
48.8661895809,2.4232569293,8.911037714183984e-19
48.8710834715,2.4232569293,4.3515688457759614e-17
48.8759773621,2.4232569293,9.405453513778216e-16
48.8808712527,2.4232569293,8.997667268687032e-15
48.8857651433,2.4232569293,3.809749512147858e-14
48.8906590339,2.4232569293,7.139687781892696e-14
48.8955529245,2.4232569293,5.922135286079414e-14
48.9004468151,2.4232569293,2.174171173520236e-14
48.9053407057,2.4232569293,3.532852028866894e-15
48.9102345963,2.4232569293,2.540817473124696e-16
48.9151284869,2.4232569293,8.087937608988916e-18
48.9200223775,2.4232569293,1.1395107399009874e-19
48.9249162681,2.4232569293,7.105838921018885e-22
48.9298101587,2.4232569293,1.9612303234317296e-24
48.9347040493,2.4232569293,2.3958418443206263e-27
48.9395979399,2.4232569293,1.2954003123028922e-30
48.9444918305,2.4232569293,3.100031839667559e-34
48.9493857211,2.4232569293,3.283557430855362e-38
48.9542796117,2.4232569293,1.5393571183297854e-42
48.9591735023,2.4232569293,3.194114330422961e-47
48.9640673929,2.4232569293,2.933444227387953e-52
48.9689612835,2.4232569293,1.192398769313281e-57
48.9738551741,2.4232569293,2.145267769872378e-63
48.9787490647,2.4232569293,1.7082750672893856e-69
48.7389484253,2.4281508199,8.59991733619528e-52
48.7438423159,2.4281508199,1.524262197445126e-50
48.7487362065,2.4281508199,1.9202038349029954e-49
48.7536300971,2.4281508199,1.7193220691599144e-48
48.7585239877,2.4281508199,1.0941815672763257e-47
48.7634178783,2.4281508199,4.94930026268217e-47
48.7683117689,2.4281508199,1.5911842142778878e-46
48.7732056595,2.4281508199,3.63596230722078e-46
48.7780995501,2.4281508199,5.905280543769398e-46
48.7829934407,2.4281508199,6.816853303436929e-46
48.7878873313,2.4281508199,5.593061739991717e-46
48.7927812219,2.4281508199,3.261651310918383e-46
48.7976751125,2.4281508199,1.3519097551795306e-46
48.8025690031,2.4281508199,3.9827232728491744e-47
48.8074628937,2.4281508199,8.339400436568637e-48
48.8123567843,2.4281508199,1.2411143421126023e-48
48.8172506749,2.4281508199,1.3128376453356623e-49
48.8221445655,2.4281508199,9.95633517146306e-51
48.8270384561,2.4281508199,8.138337647065838e-48
48.8319323467,2.4281508199,3.408784068205795e-43
48.8368262373,2.4281508199,6.319863983174585e-39
48.8417201279,2.4281508199,5.1859971864409e-35
48.8466140185,2.4281508199,1.8835325401139795e-31
48.8515079091,2.4281508199,3.0278216049547995e-28
48.8564017997,2.4281508199,2.154287913657318e-25
48.8612956903,2.4281508199,6.784119848479757e-23
48.8661895809,2.4281508199,9.45582842922306e-21
48.8710834715,2.4281508199,5.833402734716991e-19
48.8759773621,2.4281508199,1.592797786753179e-17
48.8808712527,2.4281508199,1.9249330604815763e-16
48.8857651433,2.4281508199,1.0296436010553125e-15
48.8906590339,2.4281508199,2.4376678158534686e-15
48.8955529245,2.4281508199,2.5543383712142375e-15
48.9004468151,2.4281508199,1.1846733986437396e-15
48.9053407057,2.4281508199,2.431840860093285e-16
48.9102345963,2.4281508199,2.2094692981852593e-17
48.9151284869,2.4281508199,8.884993131654224e-19
48.9200223775,2.4281508199,1.5814028858415422e-20
48.9249162681,2.4281508199,1.2457883432043241e-22
48.9298101587,2.4281508199,4.343724817048194e-25
48.9347040493,2.4281508199,6.703423393419312e-28
48.9395979399,2.4281508199,4.578753909664885e-31
48.9444918305,2.4281508199,1.3842491314880889e-34
48.9493857211,2.4281508199,1.8522411235757347e-38
48.9542796117,2.4281508199,1.0969759090852533e-42
48.9591735023,2.4281508199,2.8754972938426555e-47
48.9640673929,2.4281508199,3.336146716435403e-52
48.9689612835,2.4281508199,1.7131430373612205e-57
48.9738551741,2.4281508199,3.893663487770291e-63
48.9787490647,2.4281508199,3.9168731698334993e-69
48.7389484253,2.4330447105,8.878749693777613e-56
48.7438423159,2.4330447105,1.117893964303628e-54
48.7487362065,2.4330447105,1.0003953430612141e-53
48.7536300971,2.4330447105,6.363044534551987e-53
48.7585239877,2.4330447105,2.876606886022084e-52
48.7634178783,2.4330447105,9.243114225434635e-52
48.7683117689,2.4330447105,2.1109520853865362e-51
48.7732056595,2.4330447105,3.426578478801314e-51
48.7780995501,2.4330447105,3.953349783637244e-51
48.7829934407,2.4330447105,3.2418435447095886e-51
48.7878873313,2.4330447105,1.8894748382499174e-51
48.7927812219,2.4330447105,7.827308045412285e-52
48.7976751125,2.4330447105,2.3046553658685354e-52
48.8025690031,2.4330447105,4.823050495372839e-53
48.8074628937,2.4330447105,7.173975356982977e-54
48.8123567843,2.4330447105,7.584382121333035e-55
48.8172506749,2.4330447105,5.699085406357027e-56
48.8221445655,2.4330447105,8.752162653284802e-56
48.8270384561,2.4330447105,1.0100048814929361e-50
48.8319323467,2.4330447105,5.344661476194256e-46
48.8368262373,2.4330447105,1.2517950879393084e-41
48.8417201279,2.4330447105,1.2976649923082082e-37
48.8466140185,2.4330447105,5.953991900938371e-34
48.8515079091,2.4330447105,1.2091222020193612e-30
48.8564017997,2.4330447105,1.0867970661800644e-27
48.8612956903,2.4330447105,4.323575271565504e-25
48.8661895809,2.4330447105,7.61296610981987e-23
48.8710834715,2.4330447105,5.933091881786338e-21
48.8759773621,2.4330447105,2.0465603547975223e-19
48.8808712527,2.4330447105,3.1245274545394416e-18
48.8857651433,2.4330447105,2.1113510014918505e-17
48.8906590339,2.4330447105,6.314701666141692e-17
48.8955529245,2.4330447105,8.359138896571288e-17
48.9004468151,2.4330447105,4.897636524772275e-17
48.9053407057,2.4330447105,1.2700706085694854e-17
48.9102345963,2.4330447105,1.4577581764443322e-18
48.9151284869,2.4330447105,7.40558568925467e-20
48.9200223775,2.4330447105,1.6651357391598554e-21
48.9249162681,2.4330447105,1.657128468779166e-23
48.9298101587,2.4330447105,7.299263131011954e-26
48.9347040493,2.4330447105,1.4230434693364136e-28
48.9395979399,2.4330447105,1.2279300247455252e-31
48.9444918305,2.4330447105,4.689703393573374e-35
48.9493857211,2.4330447105,7.927448672251999e-39
48.9542796117,2.4330447105,5.931134967355721e-43
48.9591735023,2.4330447105,1.96407686564737e-47
48.9640673929,2.4330447105,2.8786937104665688e-52
48.9689612835,2.4330447105,1.867448969409783e-57
48.9738551741,2.4330447105,5.361895335866815e-63
48.9787490647,2.4330447105,6.814032913487385e-69
48.7389484253,2.4379386011,3.276057578871553e-60
48.7438423159,2.4379386011,2.9301086273118046e-59
48.7487362065,2.4379386011,1.8626796401565564e-58
48.7536300971,2.4379386011,8.416177094738962e-58
48.7585239877,2.4379386011,2.702799405090196e-57
48.7634178783,2.4379386011,6.169287581009967e-57
48.7683117689,2.4379386011,1.0008718332599356e-56
48.7732056595,2.4379386011,1.1541019396403198e-56
48.7780995501,2.4379386011,9.458714692596848e-57
48.7829934407,2.4379386011,5.509882432896373e-57
48.7878873313,2.4379386011,2.2812600231774695e-57
48.7927812219,2.4379386011,6.713198659710698e-58
48.7976751125,2.4379386011,1.4041272245787056e-58
48.8025690031,2.4379386011,2.087399967439092e-59
48.8074628937,2.4379386011,2.2056019470424e-60
48.8123567843,2.4379386011,1.6564214766936964e-61
48.8172506749,2.4379386011,9.026251785264333e-63
48.8221445655,2.4379386011,6.297083812969942e-59
48.8270384561,2.4379386011,9.510916964059474e-54
48.8319323467,2.4379386011,6.3580497995360746e-49
48.8368262373,2.4379386011,1.8812294362974546e-44
48.8417201279,2.4379386011,2.4636324255542462e-40
48.8466140185,2.4379386011,1.4279939341528914e-36
48.8515079091,2.4379386011,3.6634740459019005e-33
48.8564017997,2.4379386011,4.159835730126555e-30
48.8612956903,2.4379386011,2.0906221528446735e-27
48.8661895809,2.4379386011,4.650409749364878e-25
48.8710834715,2.4379386011,4.5784997856142573e-23
48.8759773621,2.4379386011,1.9951312967637488e-21
48.8808712527,2.4379386011,3.848008916243321e-20
48.8857651433,2.4379386011,3.284860746145934e-19
48.8906590339,2.4379386011,1.241121109847922e-18
48.8955529245,2.4379386011,2.075523556495211e-18
48.9004468151,2.4379386011,1.5362343673033647e-18
48.9053407057,2.4379386011,5.032729535694641e-19
48.9102345963,2.4379386011,7.297364034870921e-20
48.9151284869,2.4379386011,4.683221917557723e-21
48.9200223775,2.4379386011,1.330269912819313e-22
48.9249162681,2.4379386011,1.6724421520601502e-24
48.9298101587,2.4379386011,9.306336388717908e-27
48.9347040493,2.4379386011,2.292042644161995e-29
48.9395979399,2.4379386011,2.498520665332552e-32
48.9444918305,2.4379386011,1.2054785955915944e-35
48.9493857211,2.4379386011,2.574259750704075e-39
48.9542796117,2.4379386011,2.4331088292267285e-43
48.9591735023,2.4379386011,1.0178575638440338e-47
48.9640673929,2.4379386011,1.8846416610782344e-52
48.9689612835,2.4379386011,1.5444962971993923e-57
48.9738551741,2.4379386011,5.602234207588101e-63
48.9787490647,2.4379386011,8.993980796022774e-69
48.7389484253,2.4428324917,4.320096193525593e-65
48.7438423159,2.4428324917,2.7447892776819228e-64
48.7487362065,2.4428324917,1.2395009138354115e-63
48.7536300971,2.4428324917,3.978386252399252e-63
48.7585239877,2.4428324917,9.075891411079269e-63
48.7634178783,2.4428324917,1.471613923291186e-62
48.7683117689,2.4428324917,1.6959800394521636e-62
48.7732056595,2.4428324917,1.3892161916257245e-62
48.7780995501,2.4428324917,8.08800084130189e-63
48.7829934407,2.4428324917,3.346838764053253e-63
48.7878873313,2.4428324917,9.843524908673823e-64
48.7927812219,2.4428324917,2.0577317098516052e-64
48.7976751125,2.4428324917,3.0573777954550167e-65
48.8025690031,2.4428324917,3.22872990021279e-66
48.8074628937,2.4428324917,2.423464015078109e-67
48.8123567843,2.4428324917,1.2929047643488211e-68
48.8172506749,2.4428324917,8.310175640678421e-68
48.8221445655,2.4428324917,3.5613470179504403e-62
48.8270384561,2.4428324917,6.795232539850494e-57
48.8319323467,2.4428324917,5.738662166529058e-52
48.8368262373,2.4428324917,2.145029648751414e-47
48.8417201279,2.4428324917,3.5487241779864492e-43
48.8466140185,2.4428324917,2.598528574004427e-39
48.8515079091,2.4428324917,8.421686167103509e-36
48.8564017997,2.4428324917,1.2080555793834156e-32
48.8612956903,2.4428324917,7.669924391515428e-30
48.8661895809,2.4428324917,2.1553189902035284e-27
48.8710834715,2.4428324917,2.680700734961267e-25
48.8759773621,2.4428324917,1.4757113471886932e-23
48.8808712527,2.4428324917,3.5955953104819102e-22
48.8857651433,2.4428324917,3.8775418987835904e-21
48.8906590339,2.4428324917,1.850795771300937e-20
48.8955529245,2.4428324917,3.910000411912726e-20
48.9004468151,2.4428324917,3.656043994100832e-20
48.9053407057,2.4428324917,1.5130815243912592e-20
48.9102345963,2.4428324917,2.7715935940423096e-21
48.9151284869,2.4428324917,2.2470517518779004e-22
48.9200223775,2.4428324917,8.063301628350055e-24
48.9249162681,2.4428324917,1.2806458383529852e-25
48.9298101587,2.4428324917,9.002465887562633e-28
48.9347040493,2.4428324917,2.8009814432348187e-30
48.9395979399,2.4428324917,3.8572277639378443e-33
48.9444918305,2.4428324917,2.351021723042422e-36
48.9493857211,2.4428324917,6.342409881620614e-40
48.9542796117,2.4428324917,7.573005523796808e-44
48.9591735023,2.4428324917,4.0021977863490845e-48
48.9640673929,2.4428324917,9.361493208094099e-53
48.9689612835,2.4428324917,9.691879614652536e-58
48.9738551741,2.4428324917,4.4410657279180866e-63
48.9787490647,2.4428324917,9.007052536421882e-69
48.7389484253,2.4477263823,2.0359986497871138e-70
48.7438423159,2.4477263823,9.189173963375642e-70
48.7487362065,2.4477263823,2.947797950212409e-69
48.7536300971,2.4477263823,6.721113092383174e-69
48.7585239877,2.4477263823,1.0891982755307368e-68
48.7634178783,2.4477263823,1.2545701162670606e-68
48.7683117689,2.4477263823,1.0270821541514483e-68
48.7732056595,2.4477263823,5.976372786709928e-69
48.7780995501,2.4477263823,2.4716810458182916e-69
48.7829934407,2.4477263823,7.265565565485224e-70
48.7878873313,2.4477263823,1.5179891826887644e-70
48.7927812219,2.4477263823,2.2541882343372554e-71
48.7976751125,2.4477263823,2.379216329921939e-72
48.8025690031,2.4477263823,1.784842656576935e-73
48.8074628937,2.4477263823,9.51673975625214e-75
48.8123567843,2.4477263823,3.83465789615442e-76
48.8172506749,2.4477263823,2.806054248252682e-71
48.8221445655,2.4477263823,1.5281797389752046e-65
48.8270384561,2.4477263823,3.683572886828908e-60
48.8319323467,2.4477263823,3.929890080347082e-55
48.8368262373,2.4477263823,1.85570032657036e-50
48.8417201279,2.4477263823,3.8783910006005796e-46
48.8466140185,2.4477263823,3.587663002412546e-42
48.8515079091,2.4477263823,1.4688856864845888e-38
48.8564017997,2.4477263823,2.661832118567992e-35
48.8612956903,2.4477263823,2.1349594396594508e-32
48.8661895809,2.4477263823,7.579052257012472e-30
48.8710834715,2.4477263823,1.1908484060403135e-27
48.8759773621,2.4477263823,8.281602152799201e-26
48.8808712527,2.4477263823,2.5491098553924186e-24
48.8857651433,2.4477263823,3.472794189661866e-23
48.8906590339,2.4477263823,2.094044206745713e-22
48.8955529245,2.4477263823,5.588676233164846e-22
48.9004468151,2.4477263823,6.601587145616251e-22
48.9053407057,2.4477263823,3.4514697872995715e-22
48.9102345963,2.4477263823,7.986860460783978e-23
48.9151284869,2.4477263823,8.180209436978237e-24
48.9200223775,2.4477263823,3.708250418767721e-25
48.9249162681,2.4477263823,7.440292190148268e-27
48.9298101587,2.4477263823,6.607348793768876e-29
48.9347040493,2.4477263823,2.5970528086388696e-31
48.9395979399,2.4477263823,4.518045844946567e-34
48.9444918305,2.4477263823,3.478858716102091e-37
48.9493857211,2.4477263823,1.1856029052797027e-40
48.9542796117,2.4477263823,1.7883726668026652e-44
48.9591735023,2.4477263823,1.1939691281320494e-48
48.9640673929,2.4477263823,3.5281291703156037e-53
48.9689612835,2.4477263823,4.614367305971531e-58
48.9738551741,2.4477263823,2.671136929247494e-63
48.9787490647,2.4477263823,6.843786408718572e-69
48.7389484253,2.4526202729,3.4292861989887735e-76
48.7438423159,2.4526202729,1.0994769164512795e-75
48.7487362065,2.4526202729,2.5054789093196527e-75
48.7536300971,2.4526202729,4.058052284187187e-75
48.7585239877,2.4526202729,4.671612120639485e-75
48.7634178783,2.4526202729,3.8224179013728005e-75
48.7683117689,2.4526202729,2.2229608161320444e-75
48.7732056595,2.4526202729,9.188565174125111e-76
48.7780995501,2.4526202729,2.6995156162318735e-76
48.7829934407,2.4526202729,5.636976698338553e-77
48.7878873313,2.4526202729,8.366212404846471e-78
48.7927812219,2.4526202729,8.825387530091222e-79
48.7976751125,2.4526202729,6.6169969491194984e-80
48.8025690031,2.4526202729,3.5262275606961957e-81
48.8074628937,2.4526202729,1.33563040026949e-82
48.8123567843,2.4526202729,4.655890661144216e-81
48.8172506749,2.4526202729,7.231597857225506e-75
48.8221445655,2.4526202729,4.975280749935931e-69
48.8270384561,2.4526202729,1.5150160126724558e-63
48.8319323467,2.4526202729,2.0418938395670288e-58
48.8368262373,2.4526202729,1.218050796226502e-53
48.8417201279,2.4526202729,3.2159844965239646e-49
48.8466140185,2.4526202729,3.7581905678771435e-45
48.8515079091,2.4526202729,1.943837496358268e-41
48.8564017997,2.4526202729,4.4499734289320933e-38
48.8612956903,2.4526202729,4.508906043133653e-35
48.8661895809,2.4526202729,2.0220936186097024e-32
48.8710834715,2.4526202729,4.013725217295576e-30
48.8759773621,2.4526202729,3.526227440900256e-28
48.8808712527,2.4526202729,1.3711637080261064e-26
48.8857651433,2.4526202729,2.359851117031789e-25
48.8906590339,2.4526202729,1.797613015513174e-24
48.8955529245,2.4526202729,6.060718443848353e-24
48.9004468151,2.4526202729,9.044161717128102e-24
48.9053407057,2.4526202729,5.973499545248121e-24
48.9102345963,2.4526202729,1.7462469314450155e-24
48.9151284869,2.4526202729,2.259429435068075e-25
48.9200223775,2.4526202729,1.2939223482762987e-26
48.9249162681,2.4526202729,3.2796987243633506e-28
48.9298101587,2.4526202729,3.6793914364102354e-30
48.9347040493,2.4526202729,1.826982304040517e-32
48.9395979399,2.4526202729,4.0152167444887884e-35
48.9444918305,2.4526202729,3.905709625864303e-38
48.9493857211,2.4526202729,1.6815400503779681e-41
48.9542796117,2.4526202729,3.20428240161202e-45
48.9591735023,2.4526202729,2.702530841345519e-49
48.9640673929,2.4526202729,1.008850557681331e-53
48.9689612835,2.4526202729,1.666860761631684e-58
48.9738551741,2.4526202729,1.2189562360789897e-63
48.9787490647,2.4526202729,3.945419702989252e-69
48.7389484253,2.4575141635,2.0642968754612803e-82
48.7438423159,2.4575141635,4.701516186777875e-82
48.7487362065,2.4575141635,7.610723909695551e-82
48.7536300971,2.4575141635,8.756614904029086e-82
48.7585239877,2.4575141635,7.160919400392389e-82
48.7634178783,2.4575141635,4.1622060072291345e-82
48.7683117689,2.4575141635,1.7194937802938904e-82
48.7732056595,2.4575141635,5.0489363786571095e-83
48.7780995501,2.4575141635,1.0537108175340924e-83
48.7829934407,2.4575141635,1.5630225021258558e-84
48.7878873313,2.4575141635,1.6479015932340393e-85
48.7927812219,2.4575141635,1.2348652466837592e-86
48.7976751125,2.4575141635,6.577034414654542e-88
48.8025690031,2.4575141635,2.4897911109889008e-89
48.8074628937,2.4575141635,8.322159682501111e-91
48.8123567843,2.4575141635,7.200850941879778e-85
48.8172506749,2.4575141635,1.4140202644685274e-78
48.8221445655,2.4575141635,1.2289770100128808e-72
48.8270384561,2.4575141635,4.727681268137914e-67
48.8319323467,2.4575141635,8.049500385627338e-62
48.8368262373,2.4575141635,6.066049737115338e-57
48.8417201279,2.4575141635,2.0232954903996632e-52
48.8466140185,2.4575141635,2.986956965440267e-48
48.8515079091,2.4575141635,1.951708362202416e-44
48.8564017997,2.4575141635,5.644392232440877e-41
48.8612956903,2.4575141635,7.224965098672578e-38
48.8661895809,2.4575141635,4.093272208446067e-35
48.8710834715,2.4575141635,1.0264121999559683e-32
48.8759773621,2.4575141635,1.1391719674534286e-30
48.8808712527,2.4575141635,5.595940378024316e-29
48.8857651433,2.4575141635,1.216671046815694e-27
48.8906590339,2.4575141635,1.1708184921945944e-26
48.8955529245,2.4575141635,4.986803761780425e-26
48.9004468151,2.4575141635,9.400940175497319e-26
48.9053407057,2.4575141635,7.843982297646362e-26
48.9102345963,2.4575141635,2.896798094263902e-26
48.9151284869,2.4575141635,4.7349582350480915e-27
48.9200223775,2.4575141635,3.4255505802124036e-28
48.9249162681,2.4575141635,1.0968845559652352e-29
48.9298101587,2.4575141635,1.5545609858956516e-31
48.9347040493,2.4575141635,9.751488480366176e-34
48.9395979399,2.4575141635,2.7073871619670528e-36
48.9444918305,2.4575141635,3.326948848699964e-39
48.9493857211,2.4575141635,1.809498333715278e-42
48.9542796117,2.4575141635,4.355986816300784e-46
48.9591735023,2.4575141635,4.641210126319655e-50
48.9640673929,2.4575141635,2.188730102112281e-54
48.9689612835,2.4575141635,4.568456521345646e-59
48.9738551741,2.4575141635,4.220492049157979e-64
48.9787490647,2.4575141635,1.725730529672053e-69
48.7389484253,2.4624080541,4.4410202787820244e-89
48.7438423159,2.4624080541,7.185085378300053e-89
48.7487362065,2.4624080541,8.262345685858812e-89
48.7536300971,2.4624080541,6.753004529238217e-89
48.7585239877,2.4624080541,3.922951799548676e-89
48.7634178783,2.4624080541,1.619761807853494e-89
48.7683117689,2.4624080541,4.75347909718086e-90
48.7732056595,2.4624080541,9.9150355075046e-91
48.7780995501,2.4624080541,1.4699386546022546e-91
48.7829934407,2.4624080541,1.5489107671796703e-92
48.7878873313,2.4624080541,1.1600476759486078e-93
48.7927812219,2.4624080541,6.17515025432522e-95
48.7976751125,2.4624080541,2.336369196838291e-96
48.8025690031,2.4624080541,6.28298324172865e-98
48.8074628937,2.4624080541,1.5088902092848903e-95
48.8123567843,2.4624080541,8.456358577538019e-89
48.8172506749,2.4624080541,2.0977803376880907e-82
48.8221445655,2.4624080541,2.3033128796245942e-76
48.8270384561,2.4624080541,1.1193403693324656e-70
48.8319323467,2.4624080541,2.407618674578828e-65
48.8368262373,2.4624080541,2.2920788028271363e-60
48.8417201279,2.4624080541,9.658010911079524e-56
48.8466140185,2.4624080541,1.80120085287022e-51
48.8515079091,2.4624080541,1.4868011949524265e-47
48.8564017997,2.4624080541,5.432002539904002e-44
48.8612956903,2.4624080541,8.783818078405389e-41
48.8661895809,2.4624080541,6.286703903208053e-38
48.8710834715,2.4624080541,1.991493920150164e-35
48.8759773621,2.4624080541,2.7922305153952094e-33
48.8808712527,2.4624080541,1.7327657638554908e-31
48.8857651433,2.4624080541,4.7593183247230315e-30
48.8906590339,2.4624080541,5.785833790004257e-29
48.8955529245,2.4624080541,3.1131744603095136e-28
48.9004468151,2.4624080541,7.414080031707532e-28
48.9053407057,2.4624080541,7.8149712713488165e-28
48.9102345963,2.4624080541,3.6459760146074936e-28
48.9151284869,2.4624080541,7.528640056108616e-29
48.9200223775,2.4624080541,6.880746630420907e-30
48.9249162681,2.4624080541,2.7833697536615635e-31
48.9298101587,2.4624080541,4.9833632627642644e-33
48.9347040493,2.4624080541,3.9490305576257325e-35
48.9395979399,2.4624080541,1.3850796473592968e-37
48.9444918305,2.4624080541,2.1501824184388734e-40
48.9493857211,2.4624080541,1.4773798468135475e-43
48.9542796117,2.4624080541,4.492885385555463e-47
48.9591735023,2.4624080541,6.047485203980967e-51
48.9640673929,2.4624080541,3.602803653515872e-55
48.9689612835,2.4624080541,9.499979755389073e-60
48.9738551741,2.4624080541,1.1087179288103483e-64
48.9787490647,2.4624080541,5.727113188594165e-70
48.7389484253,2.4673019447,3.4145661828353415e-96
48.7438423159,2.4673019447,3.924353382175635e-96
48.7487362065,2.4673019447,3.2057004092372697e-96
48.7536300971,2.4673019447,1.8612298484481958e-96
48.7585239877,2.4673019447,7.680674068917225e-97
48.7634178783,2.4673019447,2.2527910650752098e-97
48.7683117689,2.4673019447,4.6963963869498614e-98
48.7732056595,2.4673019447,6.958743473017028e-99
48.7780995501,2.4673019447,7.328568644042566e-100
48.7829934407,2.4673019447,5.4856708375440874e-101
48.7878873313,2.4673019447,2.9185193736409528e-102
48.7927812219,2.4673019447,1.1036151862873041e-103
48.7976751125,2.4673019447,2.966162957770261e-105
48.8025690031,2.4673019447,1.2318232319481274e-106
48.8074628937,2.4673019447,1.0641451334817959e-99
48.8123567843,2.4673019447,7.534700223991951e-93
48.8172506749,2.4673019447,2.3612795103837558e-86
48.8221445655,2.4673019447,3.275255046111683e-80
48.8270384561,2.4673019447,2.010754991948302e-74
48.8319323467,2.4673019447,5.463733299400482e-69
48.8368262373,2.4673019447,6.571070607749407e-64
48.8417201279,2.4673019447,3.4978330819334677e-59
48.8466140185,2.4673019447,8.240970003663567e-55
48.8515079091,2.4673019447,8.593575386085038e-51
48.8564017997,2.4673019447,3.9663017740193593e-47
48.8612956903,2.4673019447,8.102404532357258e-44
48.8661895809,2.4673019447,7.32585631357074e-41
48.8710834715,2.4673019447,2.931697626373929e-38
48.8759773621,2.4673019447,5.192736194422066e-36
48.8808712527,2.4673019447,4.070892643920368e-34
48.8857651433,2.4673019447,1.4125354126456344e-32
48.8906590339,2.4673019447,2.169328614573656e-31
48.8955529245,2.4673019447,1.4745776617971725e-30
48.9004468151,2.4673019447,4.4363546950809955e-30
48.9053407057,2.4673019447,5.907465280568084e-30
48.9102345963,2.4673019447,3.48170843402299e-30
48.9151284869,2.4673019447,9.082385395467315e-31
48.9200223775,2.4673019447,1.0486335750498306e-31
48.9249162681,2.4673019447,5.358754934410316e-33
48.9298101587,2.4673019447,1.2120494515241753e-34
48.9347040493,2.4673019447,1.2133695379722826e-36
48.9395979399,2.4673019447,5.376283246883942e-39
48.9444918305,2.4673019447,1.0543565495406382e-41
48.9493857211,2.4673019447,9.15185571172062e-45
48.9542796117,2.4673019447,3.515985974563547e-48
48.9591735023,2.4673019447,5.9786263085794984e-52
48.9640673929,2.4673019447,4.499580117743822e-56
48.9689612835,2.4673019447,1.498852424113118e-60
48.9738551741,2.4673019447,2.2098462845906857e-65
48.9787490647,2.4673019447,1.4420541267729024e-70
