LATITUDE,LONGITUDE,probability
48.7389484253,2.2275013053,9.1568501986094e-16
48.7438423159,2.2275013053,8.835301044148121e-15
48.7487362065,2.2275013053,7.281993733114213e-14
48.7536300971,2.2275013053,5.12664159283309e-13
48.7585239877,2.2275013053,3.0829701458077402e-12
48.7634178783,2.2275013053,1.583650668742917e-11
48.7683117689,2.2275013053,6.948693639761917e-11
48.7732056595,2.2275013053,2.6043577862389504e-10
48.7780995501,2.2275013053,8.337806976037557e-10
48.7829934407,2.2275013053,2.2801149022118187e-09
48.7878873313,2.2275013053,5.326173825309587e-09
48.7927812219,2.2275013053,1.0627415137252353e-08
48.7976751125,2.2275013053,1.8113136590601477e-08
48.8025690031,2.2275013053,2.637019767270043e-08
48.8074628937,2.2275013053,3.2793427849325913e-08
48.8123567843,2.2275013053,3.483485056686521e-08
48.8172506749,2.2275013053,3.1607838323787253e-08
48.8221445655,2.2275013053,2.4497927517165646e-08
48.8270384561,2.2275013053,1.6218758315505526e-08
48.8319323467,2.2275013053,9.171905380084021e-09
48.8368262373,2.2275013053,4.430525455160174e-09
48.8417201279,2.2275013053,1.8281196346473845e-09
48.8466140185,2.2275013053,6.44329027301374e-10
48.8515079091,2.2275013053,1.9398336444815525e-10
48.8564017997,2.2275013053,4.988557526411049e-11
48.8612956903,2.2275013053,1.0958199146283952e-11
48.8661895809,2.2275013053,2.056160914729413e-12
48.8710834715,2.2275013053,3.295556160052284e-13
48.8759773621,2.2275013053,4.5118436457355475e-14
48.8808712527,2.2275013053,5.276343631945369e-15
48.8857651433,2.2275013053,5.270669807158052e-16
48.8906590339,2.2275013053,4.4973040929448073e-17
48.8955529245,2.2275013053,3.2778751306155327e-18
48.9004468151,2.2275013053,2.0407333560904128e-19
48.9053407057,2.2275013053,1.0852600786475974e-20
48.9102345963,2.2275013053,4.92986582223095e-22
48.9151284869,2.2275013053,1.9128903540214887e-23
48.9200223775,2.2275013053,6.340138746404034e-25
48.9249162681,2.2275013053,1.7949863633421464e-26
48.9298101587,2.2275013053,4.340874717981084e-28
48.9347040493,2.2275013053,8.966997669051465e-30
48.9395979399,2.2275013053,1.582233475247293e-31
48.9444918305,2.2275013053,2.3847770693452048e-33
48.9493857211,2.2275013053,3.0702851520073875e-35
48.9542796117,2.2275013053,3.3764734922418184e-37
48.9591735023,2.2275013053,3.171770103952143e-39
48.9640673929,2.2275013053,2.5450437128180963e-41
48.9689612835,2.2275013053,1.7449187632452555e-43
48.9738551741,2.2275013053,1.0520193901475533e-45
48.9787490647,2.2275013053,2.1063190377333578e-47
48.7389484253,2.2323951959,6.78951587924865e-16
48.7438423159,2.2323951959,6.98168725759563e-15
48.7487362065,2.2323951959,6.132473497771416e-14
48.7536300971,2.2323951959,4.601131822144482e-13
48.7585239877,2.2323951959,2.9488139921793394e-12
48.7634178783,2.2323951959,1.6142982947835243e-11
48.7683117689,2.2323951959,7.54873021152465e-11
48.7732056595,2.2323951959,3.015211126278224e-10
48.7780995501,2.2323951959,1.028762811402074e-09
48.7829934407,2.2323951959,2.9982406841259545e-09
48.7878873313,2.2323951959,7.4639966535757e-09
48.7927812219,2.2323951959,1.5871942659330098e-08
48.7976751125,2.2323951959,2.882985395593554e-08
48.8025690031,2.2323951959,4.4730989530217715e-08
48.8074628937,2.2323951959,5.928274102349749e-08
48.8123567843,2.2323951959,6.711224277361386e-08
48.8172506749,2.2323951959,6.489764476949458e-08
48.8221445655,2.2323951959,5.360555861970668e-08
48.8270384561,2.2323951959,3.782199414627832e-08
48.8319323467,2.2323951959,2.2794639426311554e-08
48.8368262373,2.2323951959,1.173477419603243e-08
48.8417201279,2.2323951959,5.16024657607203e-09
48.8466140185,2.2323951959,1.9382950124433647e-09
48.8515079091,2.2323951959,6.2190351131368e-10
48.8564017997,2.2323951959,1.7044326551821826e-10
48.8612956903,2.2323951959,3.9901607321871456e-11
48.8661895809,2.2323951959,7.979113470322307e-12
48.8710834715,2.2323951959,1.3629270113881271e-12
48.8759773621,2.2323951959,1.98858547563518e-13
48.8808712527,2.2323951959,2.4783899201634316e-14
48.8857651433,2.2323951959,2.6384490485928767e-15
48.8906590339,2.2323951959,2.399283107968564e-16
48.8955529245,2.2323951959,1.8636655942911697e-17
48.9004468151,2.2323951959,1.2365400455565964e-18
48.9053407057,2.2323951959,7.008129047834331e-20
48.9102345963,2.2323951959,3.392733146431006e-21
48.9151284869,2.2323951959,1.4029785137780266e-22
48.9200223775,2.2323951959,4.955711833249215e-24
48.9249162681,2.2323951959,1.4952533240924069e-25
48.9298101587,2.2323951959,3.8536938946888265e-27
48.9347040493,2.2323951959,8.483857399436678e-29
48.9395979399,2.2323951959,1.5953765785262154e-30
48.9444918305,2.2323951959,2.5626351014327386e-32
48.9493857211,2.2323951959,3.516122814623919e-34
48.9542796117,2.2323951959,4.120927974572458e-36
48.9591735023,2.2323951959,4.1255399612099424e-38
48.9640673929,2.2323951959,3.528587807434682e-40
48.9689612835,2.2323951959,2.6164549225394036e-42
48.9738551741,2.2323951959,3.7379838445278943e-44
48.9787490647,2.2323951959,1.0657855670096846e-44
48.7389484253,2.2372890865,4.810452575699583e-16
48.7438423159,2.2372890865,5.271738508661423e-15
48.7487362065,2.2372890865,4.9348674190044605e-14
48.7536300971,2.2372890865,3.9459431624724253e-13
48.7585239877,2.2372890865,2.6951309299136105e-12
48.7634178783,2.2372890865,1.5723984883666083e-11
48.7683117689,2.2372890865,7.836083838471799e-11
48.7732056595,2.2372890865,3.335717296279203e-10
48.7780995501,2.2372890865,1.2129226512745662e-09
48.7829934407,2.2372890865,3.767304141317862e-09
48.7878873313,2.2372890865,9.994980845824702e-09
48.7927812219,2.2372890865,2.265097788706374e-08
48.7976751125,2.2372890865,4.3847582383848335e-08
48.8025690031,2.2372890865,7.250334709912275e-08
48.8074628937,2.2372890865,1.0240570841548036e-07
48.8123567843,2.2372890865,1.2355035087466458e-07
48.8172506749,2.2372890865,1.273261204818813e-07
48.8221445655,2.2372890865,1.1208428791150558e-07
48.8270384561,2.2372890865,8.428022261801608e-08
48.8319323467,2.2372890865,5.413277837144713e-08
48.8368262373,2.2372890865,2.9699467893703004e-08
48.8417201279,2.2372890865,1.3918445258005444e-08
48.8466140185,2.2372890865,5.571684158985543e-09
48.8515079091,2.2372890865,1.9051797659402673e-09
48.8564017997,2.2372890865,5.564666454526527e-10
48.8612956903,2.2372890865,1.3883405934200695e-10
48.8661895809,2.2372890865,2.9587387051378885e-11
48.8710834715,2.2372890865,5.386056572507969e-12
48.8759773621,2.2372890865,8.375079054214325e-13
48.8808712527,2.2372890865,1.1123990934904861e-13
48.8857651433,2.2372890865,1.2620775576937274e-14
48.8906590339,2.2372890865,1.2231090195333936e-15
48.8955529245,2.2372890865,1.0125069201087584e-16
48.9004468151,2.2372890865,7.159530412299075e-18
48.9053407057,2.2372890865,4.324389289654589e-19
48.9102345963,2.2372890865,2.2310984505829727e-20
48.9151284869,2.2372890865,9.832555192753956e-22
48.9200223775,2.2372890865,3.701414806690753e-23
48.9249162681,2.2372890865,1.190207903091748e-24
48.9298101587,2.2372890865,3.269125612606968e-26
48.9347040493,2.2372890865,7.6699775616207645e-28
48.9395979399,2.2372890865,1.5371288910486925e-29
48.9444918305,2.2372890865,2.631359489895322e-31
48.9493857211,2.2372890865,3.8477230467839074e-33
48.9542796117,2.2372890865,4.805980148217276e-35
48.9591735023,2.2372890865,5.128215101822296e-37
48.9640673929,2.2372890865,4.7119804437793304e-39
48.9689612835,2.2372890865,5.824168164470616e-41
48.9738551741,2.2372890865,1.1526438593376305e-41
48.9787490647,2.2372890865,5.359136526781849e-42
48.7389484253,2.2421829771,3.256773058372807e-16
48.7438423159,2.2421829771,3.803660612146091e-15
48.7487362065,2.2421829771,3.7946325589899915e-14
48.7536300971,2.2421829771,3.233638037982669e-13
48.7585239877,2.2421829771,2.3537849831370308e-12
48.7634178783,2.2421829771,1.463510617083162e-11
48.7683117689,2.2421829771,7.772821129931884e-11
48.7732056595,2.2421829771,3.526266869469038e-10
48.7780995501,2.2421829771,1.3664866293912186e-09
48.7829934407,2.2421829771,4.523236578123012e-09
48.7878873313,2.2421829771,1.2789304466796445e-08
48.7927812219,2.2421829771,3.088860225953866e-08
48.7976751125,2.2421829771,6.372403877857958e-08
48.8025690031,2.2421829771,1.12295418171313e-07
48.8074628937,2.2421829771,1.6903416279913293e-07
48.8123567843,2.2421829771,2.1734049103232714e-07
48.8172506749,2.2421829771,2.3870444575880257e-07
48.8221445655,2.2421829771,2.239412396936039e-07
48.8270384561,2.2421829771,1.794573933316692e-07
48.8319323467,2.2421829771,1.2284071599173524e-07
48.8368262373,2.2421829771,7.182523072461266e-08
48.8417201279,2.2421829771,3.587281246386355e-08
48.8466140185,2.2421829771,1.530409071241851e-08
48.8515079091,2.2421829771,5.577034641200284e-09
48.8564017997,2.2421829771,1.7360125467918123e-09
48.8612956903,2.2421829771,4.6158967304929517e-10
48.8661895809,2.2421829771,1.0483662107442413e-10
48.8710834715,2.2421829771,2.0338721653533966e-11
48.8759773621,2.2421829771,3.3704508418735476e-12
48.8808712527,2.2421829771,4.770963000841567e-13
48.8857651433,2.2421829771,5.768698039887341e-14
48.8906590339,2.2421829771,5.958038034584315e-15
48.8955529245,2.2421829771,5.256327818006295e-16
48.9004468151,2.2421829771,3.9610955711248454e-17
48.9053407057,2.2421829771,2.5497752773127156e-18
48.9102345963,2.2421829771,1.4019812244818648e-19
48.9151284869,2.2421829771,6.584703073592658e-21
48.9200223775,2.2421829771,2.6417024628229934e-22
48.9249162681,2.2421829771,9.052849760376888e-24
48.9298101587,2.2421829771,2.6499667916115956e-25
48.9347040493,2.2421829771,6.625966821732442e-27
48.9395979399,2.2421829771,1.4151803487526048e-28
48.9444918305,2.2421829771,2.5818323786211303e-30
48.9493857211,2.2421829771,4.02345087723394e-32
48.9542796117,2.2421829771,5.3562326806171075e-34
48.9591735023,2.2421829771,6.119317348550849e-36
48.9640673929,2.2421829771,7.640149110165701e-38
48.9689612835,2.2421829771,9.75166223640519e-39
48.9738551741,2.2421829771,4.575893222552669e-39
48.9787490647,2.2421829771,2.0767505648650428e-39
48.7389484253,2.2470768677,2.1068978794550458e-16
48.7438423159,2.2470768677,2.622431112975598e-15
48.7487362065,2.2470768677,2.7881645322404834e-14
48.7536300971,2.2470768677,2.5321324247995105e-13
48.7585239877,2.2470768677,1.9643014513926765e-12
48.7634178783,2.2470768677,1.3016180642915984e-11
48.7683117689,2.2470768677,7.36737377288633e-11
48.7732056595,2.2470768677,3.562013383454985e-10
48.7780995501,2.2470768677,1.4710657928490063e-09
48.7829934407,2.2470768677,5.189462206797704e-09
48.7878873313,2.2470768677,1.5637463783129422e-08
48.7927812219,2.2470768677,4.02498241220564e-08
48.7976751125,2.2470768677,8.849431335976537e-08
48.8025690031,2.2470768677,1.6619595425494763e-07
48.8074628937,2.2470768677,2.6661172068068094e-07
48.8123567843,2.2470768677,3.653353820428337e-07
48.8172506749,2.2470768677,4.2761993055679586e-07
48.8221445655,2.2470768677,4.27541079238617e-07
48.8270384561,2.2470768677,3.6513332037920745e-07
48.8319323467,2.2470768677,2.6636600091230776e-07
48.8368262373,2.2470768677,1.659815520398725e-07
48.8417201279,2.2470768677,8.834755982049423e-08
48.8466140185,2.2470768677,4.0168258468950615e-08
48.8515079091,2.2470768677,1.5600019953969027e-08
48.8564017997,2.2470768677,5.17512699402423e-09
48.8612956903,2.2470768677,1.4664611971974406e-09
48.8661895809,2.2470768677,3.549554486798892e-10
48.8710834715,2.2470768677,7.33889754937209e-11
48.8759773621,2.2470768677,1.2961089502951982e-11
48.8808712527,2.2470768677,1.9552662369652296e-12
48.8857651433,2.2470768677,2.51955590534796e-13
48.8906590339,2.2470768677,2.773293309808108e-14
48.8955529245,2.2470768677,2.6074819785381886e-15
48.9004468151,2.2470768677,2.094115029745329e-16
48.9053407057,2.2470768677,1.4365920502650306e-17
48.9102345963,2.2470768677,8.418216496953641e-19
48.9151284869,2.2470768677,4.2136691164853544e-20
48.9200223775,2.2470768677,1.8015838264450334e-21
48.9249162681,2.2470768677,6.579641426467425e-23
48.9298101587,2.2470768677,2.0525969774585965e-24
48.9347040493,2.2470768677,5.469641359978969e-26
48.9395979399,2.2470768677,1.2449953776339734e-27
48.9444918305,2.2470768677,2.4206441846731043e-29
48.9493857211,2.2470768677,4.0204517199662845e-31
48.9542796117,2.2470768677,5.720430042257874e-33
48.9591735023,2.2470768677,7.957987129080091e-35
48.9640673929,2.2470768677,6.558946485260867e-36
48.9689612835,2.2470768677,3.006592034614544e-36
48.9738551741,2.2470768677,1.4170946372320217e-36
48.9787490647,2.2470768677,6.156776474409106e-37
48.7389484253,2.2519707583,1.3024285435528287e-16
48.7438423159,2.2519707583,1.7276702240895183e-15
48.7487362065,2.2519707583,1.9575889188925692e-14
48.7536300971,2.2519707583,1.8946799282582916e-13
48.7585239877,2.2519707583,1.5664044831065599e-12
48.7634178783,2.2519707583,1.1061797075790942e-11
48.7683117689,2.2519707583,6.672693302592214e-11
48.7732056595,2.2519707583,3.438193754600183e-10
48.7780995501,2.2519707583,1.5132589010396369e-09
48.7829934407,2.2519707583,5.689182086258821e-09
48.7878873313,2.2519707583,1.827006689009154e-08
48.7927812219,2.2519707583,5.0116893990003156e-08
48.7976751125,2.2519707583,1.1743075810439853e-07
48.8025690031,2.2519707583,2.3503540517771987e-07
48.8074628937,2.2519707583,4.0182635580074583e-07
48.8123567843,2.2519707583,5.86809661845275e-07
48.8172506749,2.2519707583,7.319978404791241e-07
48.8221445655,2.2519707583,7.799666806030864e-07
48.8270384561,2.2519707583,7.098980902381299e-07
48.8319323467,2.2519707583,5.519117904380563e-07
48.8368262373,2.2519707583,3.665194640222833e-07
48.8417201279,2.2519707583,2.079113126717055e-07
48.8466140185,2.2519707583,1.0074254192033896e-07
48.8515079091,2.2519707583,4.1696672232080755e-08
48.8564017997,2.2519707583,1.4741565062474122e-08
48.8612956903,2.2519707583,4.451839495356475e-09
48.8661895809,2.2519707583,1.1483892259595164e-09
48.8710834715,2.2519707583,2.5304189270988497e-10
48.8759773621,2.2519707583,4.76265861031e-11
48.8808712527,2.2519707583,7.657027093197215e-12
48.8857651433,2.2519707583,1.0515371533933725e-12
48.8906590339,2.2519707583,1.233510261746765e-13
48.8955529245,2.2519707583,1.2359890362143325e-14
48.9004468151,2.2519707583,1.057889183743327e-15
48.9053407057,2.2519707583,7.734272010089219e-17
48.9102345963,2.2519707583,4.830058755494969e-18
48.9151284869,2.2519707583,2.576553071286671e-19
48.9200223775,2.2519707583,1.174030765466048e-20
48.9249162681,2.2519707583,4.56955143213476e-22
48.9298101587,2.2519707583,1.5192224492221475e-23
48.9347040493,2.2519707583,4.314424693921271e-25
48.9395979399,2.2519707583,1.0465951424851917e-26
48.9444918305,2.2519707583,2.168750590362492e-28
48.9493857211,2.2519707583,3.846136666285089e-30
48.9542796117,2.2519707583,6.291641701676394e-32
48.9591735023,2.2519707583,3.58446053631253e-33
48.9640673929,2.2519707583,1.5219194679583379e-33
48.9689612835,2.2519707583,7.435085353822182e-34
48.9738551741,2.2519707583,3.3589248176095163e-34
48.9787490647,2.2519707583,1.3960570910433346e-34
48.7389484253,2.2568646489,7.693407828924568e-17
48.7438423159,2.2568646489,1.0876071100762423e-15
48.7487362065,2.2568646489,1.3133456131388548e-14
48.7536300971,2.2568646489,1.3546893739181357e-13
48.7585239877,2.2568646489,1.1935871303217544e-12
48.7634178783,2.2568646489,8.983017326776159e-12
48.7683117689,2.2568646489,5.774894492048109e-11
48.7732056595,2.2568646489,3.1711703879472504e-10
48.7780995501,2.2568646489,1.4874720280644248e-09
48.7829934407,2.2568646489,5.959800803835787e-09
48.7878873313,2.2568646489,2.0397098259432046e-08
48.7927812219,2.2568646489,5.962916644254442e-08
48.7976751125,2.2568646489,1.4890277636155906e-07
48.8025690031,2.2568646489,3.176146742634826e-07
48.8074628937,2.2568646489,5.786980644610368e-07
48.8123567843,2.2568646489,9.006523926384264e-07
48.8172506749,2.2568646489,1.1973361394444677e-06
48.8221445655,2.2568646489,1.3596548677264474e-06
48.8270384561,2.2568646489,1.3188487113870265e-06
48.8319323467,2.2568646489,1.0927353269138354e-06
48.8368262373,2.2568646489,7.733724454802621e-07
48.8417201279,2.2568646489,4.6753713606416195e-07
48.8466140185,2.2568646489,2.414333367542365e-07
48.8515079091,2.2568646489,1.0649569884020612e-07
48.8564017997,2.2568646489,4.012551372443773e-08
48.8612956903,2.2568646489,1.2914061501025461e-08
48.8661895809,2.2568646489,3.5502489015330964e-09
48.8710834715,2.2568646489,8.336974247526703e-10
48.8759773621,2.2568646489,1.672290895064655e-10
48.8808712527,2.2568646489,2.8652920649416702e-11
48.8857651433,2.2568646489,4.193529235904002e-12
48.8906590339,2.2568646489,5.24256905589356e-13
48.8955529245,2.2568646489,5.5983797129322155e-14
48.9004468151,2.2568646489,5.1066283255018215e-15
48.9053407057,2.2568646489,3.9788709642674717e-16
48.9102345963,2.2568646489,2.648129181326083e-17
48.9151284869,2.2568646489,1.5054702780191956e-18
48.9200223775,2.2568646489,7.310699135175743e-20
48.9249162681,2.2568646489,3.0324897691809272e-21
48.9298101587,2.2568646489,1.074468048867996e-22
48.9347040493,2.2568646489,3.25193587391196e-24
48.9395979399,2.2568646489,8.407409915593138e-26
48.9444918305,2.2568646489,1.8591841592151327e-27
48.9493857211,2.2568646489,3.6771413933930073e-29
48.9542796117,2.2568646489,1.6217577314822297e-30
48.9591735023,2.2568646489,5.949092778451502e-31
48.9640673929,2.2568646489,2.999720902702491e-31
48.9689612835,2.2568646489,1.4089661539801163e-31
48.9738551741,2.2568646489,6.089639007474176e-32
48.9787490647,2.2568646489,2.4211958746571804e-32
48.7389484253,2.2617585395,4.3424820785323696e-17
48.7438423159,2.2617585395,6.542408506387007e-16
48.7487362065,2.2617585395,8.419590854526897e-15
48.7536300971,2.2617585395,9.25546034182502e-14
48.7585239877,2.2617585395,8.690780226503979e-13
48.7634178783,2.2617585395,6.97064904460094e-12
48.7683117689,2.2617585395,4.775747690933194e-11
48.7732056595,2.2617585395,2.794880463195999e-10
48.7780995501,2.2617585395,1.3971364016778305e-09
48.7829934407,2.2617585395,5.965791693350528e-09
48.7878873313,2.2617585395,2.175960807708301e-08
48.7927812219,2.2617585395,6.779345368247434e-08
48.7976751125,2.2617585395,1.8041729054945218e-07
48.8025690031,2.2617585395,4.101306821380916e-07
48.8074628937,2.2617585395,7.963794979689578e-07
48.8123567843,2.2617585395,1.320905013013099e-06
48.8172506749,2.2617585395,1.8714438984791326e-06
48.8221445655,2.2617585395,2.2648307003472986e-06
48.8270384561,2.2617585395,2.3412531837568354e-06
48.8319323467,2.2617585395,2.0673534125029456e-06
48.8368262373,2.2617585395,1.5593183021330898e-06
48.8417201279,2.2617585395,1.0046355317769343e-06
48.8466140185,2.2617585395,5.528865164413274e-07
48.8515079091,2.2617585395,2.599065173816669e-07
48.8564017997,2.2617585395,1.0436432004885911e-07
48.8612956903,2.2617585395,3.579650553145077e-08
48.8661895809,2.2617585395,1.048776444210554e-08
48.8710834715,2.2617585395,2.624695481086763e-09
48.8759773621,2.2617585395,5.610849629555532e-10
48.8808712527,2.2617585395,1.0245473669773372e-10
48.8857651433,2.2617585395,1.5980455668552054e-11
48.8906590339,2.2617585395,2.1291192319205812e-12
48.8955529245,2.2617585395,2.4230619314253043e-13
48.9004468151,2.2617585395,2.355498071840556e-14
48.9053407057,2.2617585395,1.9559362623367005e-15
48.9102345963,2.2617585395,1.3873318299014746e-16
48.9151284869,2.2617585395,8.405425619879886e-18
48.9200223775,2.2617585395,4.35003525093851e-19
48.9249162681,2.2617585395,1.923001299485058e-20
48.9298101587,2.2617585395,7.261406249094127e-22
48.9347040493,2.2617585395,2.342242834286715e-23
48.9395979399,2.2617585395,6.460089230489739e-25
48.9444918305,2.2617585395,1.5669946274712378e-26
48.9493857211,2.2617585395,6.0858901936381205e-28
48.9542796117,2.2617585395,1.8035373917357417e-28
48.9591735023,2.2617585395,9.308243129266522e-29
48.9640673929,2.2617585395,4.544197131642081e-29
48.9689612835,2.2617585395,2.0423585954602475e-29
48.9738551741,2.2617585395,8.444234388667251e-30
48.9787490647,2.2617585395,3.211688713409957e-30
48.7389484253,2.2666524301,2.3421340322145133e-17
48.7438423159,2.2666524301,3.760604901966709e-16
48.7487362065,2.2666524301,5.1577154407000815e-15
48.7536300971,2.2666524301,6.042417846868843e-14
48.7585239877,2.2666524301,6.046691864831134e-13
48.7634178783,2.2666524301,5.168667893138013e-12
48.7683117689,2.2666524301,3.773923781295626e-11
48.7732056595,2.2666524301,2.3537553949534026e-10
48.7780995501,2.2666524301,1.2539587169271942e-09
48.7829934407,2.2666524301,5.706355915552265e-09
48.7878873313,2.2666524301,2.2181360474288777e-08
48.7927812219,2.2666524301,7.364973868207515e-08
48.7976751125,2.2666524301,2.0888533334589215e-07
48.8025690031,2.2666524301,5.060557823001534e-07
48.8074628937,2.2666524301,1.0472311269747538e-06
48.8123567843,2.2666524301,1.851144835836904e-06
48.8172506749,2.2666524301,2.7950653350868512e-06
48.8221445655,2.2666524301,3.60493331141957e-06
48.8270384561,2.2666524301,3.971515050573142e-06
48.8319323467,2.2666524301,3.7373941126850652e-06
48.8368262373,2.2666524301,3.004244593684568e-06
48.8417201279,2.2666524301,2.062791751924002e-06
48.8466140185,2.2666524301,1.2098434869417433e-06
48.8515079091,2.2666524301,6.061173310698618e-07
48.8564017997,2.2666524301,2.593808567120449e-07
48.8612956903,2.2666524301,9.481408220787848e-08
48.8661895809,2.2666524301,2.9604755497572363e-08
48.8710834715,2.2666524301,7.89593966178411e-09
48.8759773621,2.2666524301,1.7988703721550776e-09
48.8808712527,2.2666524301,3.5006574697403606e-10
48.8857651433,2.2666524301,5.8190631813570426e-11
48.8906590339,2.2666524301,8.262476476691426e-12
48.8955529245,2.2666524301,1.002123179639899e-12
48.9004468151,2.2666524301,1.0382111444529255e-13
48.9053407057,2.2666524301,9.18764004261225e-15
48.9102345963,2.2666524301,6.945059394652473e-16
48.9151284869,2.2666524301,4.4843723425974354e-17
48.9200223775,2.2666524301,2.4733245694230177e-18
48.9249162681,2.2666524301,1.1652390045012418e-19
48.9298101587,2.2666524301,4.689411487954888e-21
48.9347040493,2.2666524301,1.6133570115977434e-22
48.9395979399,2.2666524301,4.835462955783344e-24
48.9444918305,2.2666524301,1.8558905324609274e-25
48.9493857211,2.2666524301,4.2697928100740733e-26
48.9542796117,2.2666524301,2.2224467156230456e-26
48.9591735023,2.2666524301,1.1268813081584142e-26
48.9640673929,2.2666524301,5.2665331718324854e-27
48.9689612835,2.2666524301,2.2643450413082028e-27
48.9738551741,2.2666524301,8.955829564610026e-28
48.9787490647,2.2666524301,3.258470015965844e-28
48.7389484253,2.2715463207,1.2070906462074623e-17
48.7438423159,2.2715463207,2.0655332378035827e-16
48.7487362065,2.2715463207,3.0191048645382446e-15
48.7536300971,2.2715463207,3.7694493726780935e-14
48.7585239877,2.2715463207,4.0200489214648994e-13
48.7634178783,2.2715463207,3.66216972868478e-12
48.7683117689,2.2715463207,2.8497010698347744e-11
48.7732056595,2.2715463207,1.8941477356580258e-10
48.7780995501,2.2715463207,1.0754298818758851e-09
48.7829934407,2.2715463207,5.215597359621325e-09
48.7878873313,2.2715463207,2.1606266110729395e-08
48.7927812219,2.2715463207,7.645556312025878e-08
48.7976751125,2.2715463207,2.310958618371953e-07
48.8025690031,2.2715463207,5.966627877317254e-07
48.8074628937,2.2715463207,1.315889567362813e-06
48.8123567843,2.2715463207,2.4789264498004387e-06
48.8172506749,2.2715463207,3.9889771237570615e-06
48.8221445655,2.2715463207,5.482935749897624e-06
48.8270384561,2.2715463207,6.437518269566931e-06
48.8319323467,2.2715463207,6.456207784193994e-06
48.8368262373,2.2715463207,5.530828987978979e-06
48.8417201279,2.2715463207,4.047218656693173e-06
48.8466140185,2.2715463207,2.5297453899056573e-06
48.8515079091,2.2715463207,1.350674387849008e-06
48.8564017997,2.2715463207,6.159964695483993e-07
48.8612956903,2.2715463207,2.3997140281744815e-07
48.8661895809,2.2715463207,7.98535946400911e-08
48.8710834715,2.2715463207,2.2697768524520396e-08
48.8759773621,2.2715463207,5.510938304643204e-09
48.8808712527,2.2715463207,1.1429352522037503e-09
48.8857651433,2.2715463207,2.0247500426228578e-10
48.8906590339,2.2715463207,3.0639023470581695e-11
48.8955529245,2.2715463207,3.960336888791715e-12
48.9004468151,2.2715463207,4.372633219904009e-13
48.9053407057,2.2715463207,4.1238957285504256e-14
48.9102345963,2.2715463207,3.3222018219685096e-15
48.9151284869,2.2715463207,2.2861152024671985e-16
48.9200223775,2.2715463207,1.3437696843645493e-17
48.9249162681,2.2715463207,6.747166357782065e-19
48.9298101587,2.2715463207,2.895850472913598e-20
48.9347040493,2.2715463207,1.0767493563818734e-21
48.9395979399,2.2715463207,4.451055221714578e-23
48.9444918305,2.2715463207,7.96628931668128e-24
48.9493857211,2.2715463207,4.0864094459183006e-24
48.9542796117,2.2715463207,2.148741060195377e-24
48.9591735023,2.2715463207,1.0441694009859698e-24
48.9640673929,2.2715463207,4.66849544634802e-25
48.9689612835,2.2715463207,1.9201278869428697e-25
48.9738551741,2.2715463207,7.264874676009744e-26
48.9787490647,2.2715463207,2.528545512124008e-26
48.7389484253,2.2764402113,5.944597501956443e-18
48.7438423159,2.2764402113,1.0840794153594403e-16
48.7487362065,2.2764402113,1.6887036738501405e-15
48.7536300971,2.2764402113,2.2469815430483526e-14
48.7585239877,2.2764402113,2.5538728354193146e-13
48.7634178783,2.2764402113,2.4794350662186637e-12
48.7683117689,2.2764402113,2.056174250408442e-11
48.7732056595,2.2764402113,1.4565345806102954e-10
48.7780995501,2.2764402113,8.813235812517742e-10
48.7829934407,2.2764402113,4.555160541818107e-09
48.7878873313,2.2764402113,2.0110630742228494e-08
48.7927812219,2.2764402113,7.584053755829209e-08
48.7976751125,2.2764402113,2.443041363403039e-07
48.8025690031,2.2764402113,6.722238925778441e-07
48.8074628937,2.2764402113,1.5799770379394673e-06
48.8123567843,2.2764402113,3.172059412503929e-06
48.8172506749,2.2764402113,5.439832877040092e-06
48.8221445655,2.2764402113,7.968627184425359e-06
48.8270384561,2.2764402113,9.970918502635703e-06
48.8319323467,2.2764402113,1.0657136569020542e-05
48.8368262373,2.2764402113,9.729703425535676e-06
48.8417201279,2.2764402113,7.587738946186713e-06
48.8466140185,2.2764402113,5.0545077358818226e-06
48.8515079091,2.2764402113,2.876067386227843e-06
48.8564017997,2.2764402113,1.3978898715622115e-06
48.8612956903,2.2764402113,5.803641513852944e-07
48.8661895809,2.2764402113,2.058173251026137e-07
48.8710834715,2.2764402113,6.234720347345615e-08
48.8759773621,2.2764402113,1.613264883597718e-08
48.8808712527,2.2764402113,3.5657268469138554e-09
48.8857651433,2.2764402113,6.732001293198583e-10
48.8906590339,2.2764402113,1.0856604890523781e-10
48.8955529245,2.2764402113,1.495538455008904e-11
48.9004468151,2.2764402113,1.7597656824310405e-12
48.9053407057,2.2764402113,1.768747412418727e-13
48.9102345963,2.2764402113,1.5185552104466728e-14
48.9151284869,2.2764402113,1.11365396694593e-15
48.9200223775,2.2764402113,6.976559791269887e-17
48.9249162681,2.2764402113,3.735632966442852e-18
48.9298101587,2.2764402113,1.7271285713985017e-19
48.9347040493,2.2764402113,8.139449639001417e-21
48.9395979399,2.2764402113,1.1818519350396366e-21
48.9444918305,2.2764402113,5.795214989736031e-22
48.9493857211,2.2764402113,3.150813312895204e-22
48.9542796117,2.2764402113,1.5917436335399722e-22
48.9591735023,2.2764402113,7.400540046747009e-23
48.9640673929,2.2764402113,3.165238621632755e-23
48.9689612835,2.2764402113,1.245358770829182e-23
48.9738551741,2.2764402113,4.507411375499866e-24
48.9787490647,2.2764402113,1.5007369775448013e-24
48.7389484253,2.2813341019,2.7974314612087987e-18
48.7438423159,2.2813341019,5.436813534953368e-17
48.7487362065,2.2813341019,9.025746437647505e-16
48.7536300971,2.2813341019,1.2798984868098343e-14
48.7585239877,2.2813341019,1.5503209981860354e-13
48.7634178783,2.2813341019,1.6040630682563706e-12
48.7683117689,2.2813341019,1.417669372757303e-11
48.7732056595,2.2813341019,1.07024247001837e-10
48.7780995501,2.2813341019,6.901493949640056e-10
48.7829934407,2.2813341019,3.80152410803081e-09
48.7878873313,2.2813341019,1.7886529910736603e-08
48.7927812219,2.2813341019,7.188663320401386e-08
48.7976751125,2.2813341019,2.4678792225036746e-07
48.8025690031,2.2813341019,7.236913237302587e-07
48.8074628937,2.2813341019,1.8127442533034766e-06
48.8123567843,2.2813341019,3.878585904597808e-06
48.8172506749,2.2813341019,7.088657600545772e-06
48.8221445655,2.2813341019,1.1066449095664054e-05
48.8270384561,2.2813341019,1.4757279019705504e-05
48.8319323467,2.2813341019,1.680962377700669e-05
48.8368262373,2.2813341019,1.6355484165542753e-05
48.8417201279,2.2813341019,1.3593225550338628e-05
48.8466140185,2.2813341019,9.650178536158308e-06
48.8515079091,2.2813341019,5.851967186246199e-06
48.8564017997,2.2813341019,3.0312526924443615e-06
48.8612956903,2.2813341019,1.3412081128226775e-06
48.8661895809,2.2813341019,5.069019432974026e-07
48.8710834715,2.2813341019,1.6364597641437355e-07
48.8759773621,2.2813341019,4.512739580492111e-08
48.8808712527,2.2813341019,1.0629894258109886e-08
48.8857651433,2.2813341019,2.1388060021375856e-09
48.8906590339,2.2813341019,3.675932908457489e-10
48.8955529245,2.2813341019,5.39656571506159e-11
48.9004468151,2.2813341019,6.7673881184457335e-12
48.9053407057,2.2813341019,7.249007578612453e-13
48.9102345963,2.2813341019,6.632716141127194e-14
48.9151284869,2.2813341019,5.1841617378388366e-15
48.9200223775,2.2813341019,3.4632983389795336e-16
48.9249162681,2.2813341019,1.9937196989370594e-17
48.9298101587,2.2813341019,1.1094764672223797e-18
48.9347040493,2.2813341019,1.4002540362015611e-19
48.9395979399,2.2813341019,6.354699402675248e-20
48.9444918305,2.2813341019,3.553826091241883e-20
48.9493857211,2.2813341019,1.8656860483718574e-20
48.9542796117,2.2813341019,9.019915298351493e-21
48.9591735023,2.2813341019,4.011758172236987e-21
48.9640673929,2.2813341019,1.6413938461794994e-21
48.9689612835,2.2813341019,6.177824642267462e-22
48.9738551741,2.2813341019,2.1389617996913163e-22
48.9787490647,2.2813341019,6.812635517608003e-23
48.7389484253,2.2862279925,1.2579138103595178e-18
48.7438423159,2.2862279925,2.6054467937613366e-17
48.7487362065,2.2862279925,4.609642437309164e-16
48.7536300971,2.2862279925,6.966361003367742e-15
48.7585239877,2.2862279925,8.992872168873302e-14
48.7634178783,2.2862279925,9.916183861110267e-13
48.7683117689,2.2862279925,9.339947347113197e-12
48.7732056595,2.2862279925,7.51446371965724e-11
48.7780995501,2.2862279925,5.164226272193552e-10
48.7829934407,2.2862279925,3.0315605036030325e-09
48.7878873313,2.2862279925,1.5201306809529455e-08
48.7927812219,2.2862279925,6.511024289375926e-08
48.7976751125,2.2862279925,2.3821626618094848e-07
48.8025690031,2.2862279925,7.444700274671093e-07
48.8074628937,2.2862279925,1.9873608437806503e-06
48.8123567843,2.2862279925,4.531687426693064e-06
48.8172506749,2.2862279925,8.82666962081959e-06
48.8221445655,2.2862279925,1.468545824479431e-05
48.8270384561,2.2862279925,2.0870451329588853e-05
48.8319323467,2.2862279925,2.5335523696008153e-05
48.8368262373,2.2862279925,2.6271304450293158e-05
48.8417201279,2.2862279925,2.3269502368670467e-05
48.8466140185,2.2862279925,1.760541482597235e-05
48.8515079091,2.2862279925,1.1377822586323895e-05
48.8564017997,2.2862279925,6.2809578500673364e-06
48.8612956903,2.2862279925,2.96173732951969e-06
48.8661895809,2.2862279925,1.1929461325087313e-06
48.8710834715,2.2862279925,4.104387164123605e-07
48.8759773621,2.2862279925,1.2062277663395595e-07
48.8808712527,2.2862279925,3.028058384747096e-08
48.8857651433,2.2862279925,6.493113997521859e-09
48.8906590339,2.2862279925,1.1893113248614819e-09
48.8955529245,2.2862279925,1.8607662500803611e-10
48.9004468151,2.2862279925,2.4868068505475516e-11
48.9053407057,2.2862279925,2.8388894832943528e-12
48.9102345963,2.2862279925,2.7684333963617976e-13
48.9151284869,2.2862279925,2.307561216228914e-14
48.9200223775,2.2862279925,1.655467245765403e-15
48.9249162681,2.2862279925,1.1111721786651518e-16
48.9298101587,2.2862279925,1.3191451411895367e-17
48.9347040493,2.2862279925,5.406635378633576e-18
48.9395979399,2.2862279925,3.08463723957321e-18
48.9444918305,2.2862279925,1.681454971515686e-18
48.9493857211,2.2862279925,8.452699005202568e-19
48.9542796117,2.2862279925,3.9094450092470687e-19
48.9591735023,2.2862279925,1.663347856498631e-19
48.9640673929,2.2862279925,6.510223765246254e-20
48.9689612835,2.2862279925,2.343977466240415e-20
48.9738551741,2.2862279925,7.763465420617804e-21
48.9787490647,2.2862279925,2.3653885363937573e-21
48.7389484253,2.2911218831,5.40501303454764e-19
48.7438423159,2.2911218831,1.1930933068265173e-17
48.7487362065,2.2911218831,2.2496024681028596e-16
48.7536300971,2.2911218831,3.62318789759707e-15
48.7585239877,2.2911218831,4.984592284970357e-14
48.7634178783,2.2911218831,5.857632641362598e-13
48.7683117689,2.2911218831,5.879878188535773e-12
48.7732056595,2.2911218831,5.041598227922672e-11
48.7780995501,2.2911218831,3.6925113937181614e-10
48.7829934407,2.2911218831,2.310091391190562e-09
48.7878873313,2.2911218831,1.2344974182637425e-08
48.7927812219,2.2911218831,5.6351426849760846e-08
48.7976751125,2.2911218831,2.1972190459506027e-07
48.8025690031,2.2911218831,7.318052140514927e-07
48.8074628937,2.2911218831,2.0819550597236675e-06
48.8123567843,2.2911218831,5.0594220455946294e-06
48.8172506749,2.2911218831,1.0502294044408982e-05
48.8221445655,2.2911218831,1.8621778006462124e-05
48.8270384561,2.2911218831,2.8204072557712185e-05
48.8319323467,2.2911218831,3.648851662280357e-05
48.8368262373,2.2911218831,4.032313594227916e-05
48.8417201279,2.2911218831,3.8063270335729894e-05
48.8466140185,2.2911218831,3.069104142076622e-05
48.8515079091,2.2911218831,2.113834726810783e-05
48.8564017997,2.2911218831,1.2436115178681743e-05
48.8612956903,2.2911218831,6.24960585012959e-06
48.8661895809,2.2911218831,2.6827065277488472e-06
48.8710834715,2.2911218831,9.836623071851207e-07
48.8759773621,2.2911218831,3.0808659688959597e-07
48.8808712527,2.2911218831,8.242405384481542e-08
48.8857651433,2.2911218831,1.883601828411002e-08
48.8906590339,2.2911218831,3.6768680480918558e-09
48.8955529245,2.2911218831,6.13085699244485e-10
48.9004468151,2.2911218831,8.732165190245727e-11
48.9053407057,2.2911218831,1.0624532919728556e-11
48.9102345963,2.2911218831,1.1049914315130139e-12
48.9151284869,2.2911218831,9.885270359130868e-14
48.9200223775,2.2911218831,8.107308665258753e-15
48.9249162681,2.2911218831,9.751718435716209e-16
48.9298101587,2.2911218831,3.58338775205369e-16
48.9347040493,2.2911218831,2.06204788718183e-16
48.9395979399,2.2911218831,1.165343533812998e-16
48.9444918305,2.2911218831,6.090402622382375e-17
48.9493857211,2.2911218831,2.9291919919286695e-17
48.9542796117,2.2911218831,1.2960010396539232e-17
48.9591735023,2.2911218831,5.274826944406946e-18
48.9640673929,2.2911218831,1.9749485904926646e-18
48.9689612835,2.2911218831,6.802178907949438e-19
48.9738551741,2.2911218831,2.1551871048480685e-19
48.9787490647,2.2911218831,6.281546563940616e-20
48.7389484253,2.2960157737,2.2192030274127205e-19
48.7438423159,2.2960157737,5.220607464808959e-18
48.7487362065,2.2960157737,1.049056189794386e-16
48.7536300971,2.2960157737,1.8006535762719332e-15
48.7585239877,2.2960157737,2.6400690872468538e-14
48.7634178783,2.2960157737,3.30639033462914e-13
48.7683117689,2.2960157737,3.5370944779735095e-12
48.7732056595,2.2960157737,3.2321603958952416e-11
48.7780995501,2.2960157737,2.5228582828893544e-10
48.7829934407,2.2960157737,1.6820794814879393e-09
48.7878873313,2.2960157737,9.5797434284949e-09
48.7927812219,2.2960157737,4.660311526738004e-08
48.7976751125,2.2960157737,1.936554513482378e-07
48.8025690031,2.2960157737,6.873820887066768e-07
48.8074628937,2.2960157737,2.0841088741184875e-06
48.8123567843,2.2960157737,5.397545362444998e-06
48.8172506749,2.2960157737,1.1940593283941634e-05
48.8221445655,2.2960157737,2.256364287943698e-05
48.8270384561,2.2960157737,3.642052784434153e-05
48.8319323467,2.2960157737,5.021540397045121e-05
48.8368262373,2.2960157737,5.914000993651859e-05
48.8417201279,2.2960157737,5.949487367542508e-05
48.8466140185,2.2960157737,5.1124797114565855e-05
48.8515079091,2.2960157737,3.752653290379613e-05
48.8564017997,2.2960157737,2.3528875589694644e-05
48.8612956903,2.2960157737,1.2601349721785614e-05
48.8661895809,2.2960157737,5.76476848221625e-06
48.8710834715,2.2960157737,2.2526744307330437e-06
48.8759773621,2.2960157737,7.519183637630731e-07
48.8808712527,2.2960157737,2.1438685682782418e-07
48.8857651433,2.2960157737,5.221314032206691e-08
48.8906590339,2.2960157737,1.0862159686838065e-08
48.8955529245,2.2960157737,1.9302464149331505e-09
48.9004468151,2.2960157737,2.930282976974503e-10
48.9053407057,2.2960157737,3.802928429933157e-11
48.9102345963,2.2960157737,4.244532744403673e-12
48.9151284869,2.2960157737,4.288284647931196e-13
48.9200223775,2.2960157737,5.5559782039978335e-14
48.9249162681,2.2960157737,1.8561291843950075e-14
48.9298101587,2.2960157737,1.0630052161923258e-14
48.9347040493,2.2960157737,6.2119759842284116e-15
48.9395979399,2.2960157737,3.3741476457864894e-15
48.9444918305,2.2960157737,1.6874615384193252e-15
48.9493857211,2.2960157737,7.763895504647752e-16
48.9542796117,2.2960157737,3.286037248876116e-16
48.9591735023,2.2960157737,1.2794111086146237e-16
48.9640673929,2.2960157737,4.582394095498866e-17
48.9689612835,2.2960157737,1.5098000342658184e-17
48.9738551741,2.2960157737,4.5760535625691354e-18
48.9787490647,2.2960157737,1.2758729842622216e-18
48.7389484253,2.3009096643,8.706663438962674e-20
48.7438423159,2.3009096643,2.18284099168342e-18
48.7487362065,2.3009096643,4.6746182635171105e-17
48.7536300971,2.3009096643,8.55113787587777e-16
48.7585239877,2.3009096643,1.3361504832076539e-14
48.7634178783,2.3009096643,1.7833662522282748e-13
48.7683117689,2.3009096643,2.033196819046806e-12
48.7732056595,2.3009096643,1.9800310736817247e-11
48.7780995501,2.3009096643,1.6470936657456325e-10
48.7829934407,2.3009096643,1.1703568324245204e-09
48.7878873313,2.3009096643,7.103493696377875e-09
48.7927812219,2.3009096643,3.682810822331259e-08
48.7976751125,2.3009096643,1.6309495555326002e-07
48.8025690031,2.3009096643,6.169576497769757e-07
48.8074628937,2.3009096643,1.993535092426603e-06
48.8123567843,2.3009096643,5.502323535588465e-06
48.8172506749,2.3009096643,1.2972451874388026e-05
48.8221445655,2.3009096643,2.6124724539439586e-05
48.8270384561,2.3009096643,4.494020802060675e-05
48.8319323467,2.3009096643,6.603469005582825e-05
48.8368262373,2.3009096643,8.288251569647555e-05
48.8417201279,2.3009096643,8.886026050737124e-05
48.8466140185,2.3009096643,8.137808226740249e-05
48.8515079091,2.3009096643,6.365997218637221e-05
48.8564017997,2.3009096643,4.253865792277533e-05
48.8612956903,2.3009096643,2.427981659362952e-05
48.8661895809,2.3009096643,1.183716549398371e-05
48.8710834715,2.3009096643,4.929527738313826e-06
48.8759773621,2.3009096643,1.7535698198741923e-06
48.8808712527,2.3009096643,5.328406120552206e-07
48.8857651433,2.3009096643,1.3830174633640967e-07
48.8906590339,2.3009096643,3.066359880257748e-08
48.8955529245,2.3009096643,5.808188329625686e-09
48.9004468151,2.3009096643,9.407040411667909e-10
48.9053407057,2.3009096643,1.3105709361658842e-10
48.9102345963,2.3009096643,1.6399753944668e-11
48.9151284869,2.3009096643,2.3968198782077703e-12
48.9200223775,2.3009096643,7.519790472768686e-13
48.9249162681,2.3009096643,4.2332803717850023e-13
48.9298101587,2.3009096643,2.5478505483554407e-13
48.9347040493,2.3009096643,1.4373857219840254e-13
48.9395979399,2.3009096643,7.474395578493603e-14
48.9444918305,2.3009096643,3.5760729464619546e-14
48.9493857211,2.3009096643,1.5739420593579532e-14
48.9542796117,2.3009096643,6.372596208242575e-15
48.9591735023,2.3009096643,2.373497518914406e-15
48.9640673929,2.3009096643,8.132158614711113e-16
48.9689612835,2.3009096643,2.5631119405730535e-16
48.9738551741,2.3009096643,7.43145720162247e-17
48.9787490647,2.3009096643,1.9820977213116104e-17
48.7389484253,2.3058035549,3.264080851982347e-20
48.7438423159,2.3058035549,8.721227022957274e-19
48.7487362065,2.3058035549,1.9904349211913476e-17
48.7536300971,2.3058035549,3.8803605448526955e-16
48.7585239877,2.3058035549,6.461746024769171e-15
48.7634178783,2.3058035549,9.191394259420105e-14
48.7683117689,2.3058035549,1.1167773907309835e-12
48.7732056595,2.3058035549,1.1590589837696865e-11
48.7780995501,2.3058035549,1.0275386552370033e-10
48.7829934407,2.3058035549,7.781162885300291e-10
48.7878873313,2.3058035549,5.033204211076479e-09
48.7927812219,2.3058035549,2.7809827991732876e-08
48.7976751125,2.3058035549,1.3125194891938355e-07
48.8025690031,2.3058035549,5.29135531837756e-07
48.8074628937,2.3058035549,1.8221402322778532e-06
48.8123567843,2.3058035549,5.359822107046812e-06
48.8172506749,2.3058035549,1.3467055835551646e-05
48.8221445655,2.3058035549,2.8903381322402136e-05
48.8270384561,2.3058035549,5.298810048482893e-05
48.8319323467,2.3058035549,8.297777032927991e-05
48.8368262373,2.3058035549,0.00011099387138718777
48.8417201279,2.3058035549,0.00012682111973969518
48.8466140185,2.3058035549,0.00012377913259035514
48.8515079091,2.3058035549,0.00010319932289544968
48.8564017997,2.3058035549,7.349472891112807e-05
48.8612956903,2.3058035549,4.4703957893731764e-05
48.8661895809,2.3058035549,2.3225788950674426e-05
48.8710834715,2.3058035549,1.0307816918081014e-05
48.8759773621,2.3058035549,3.907791312853966e-06
48.8808712527,2.3058035549,1.2654859781355085e-06
48.8857651433,2.3058035549,3.500727449755372e-07
48.8906590339,2.3058035549,8.274063285612312e-08
48.8955529245,2.3058035549,1.672652826109712e-08
48.9004468151,2.3058035549,2.9104224149301724e-09
48.9053407057,2.3058035549,4.528652916797175e-10
48.9102345963,2.3058035549,7.717517974701422e-11
48.9151284869,2.3058035549,2.3753461108778732e-11
48.9200223775,2.3058035549,1.304956764826476e-11
48.9249162681,2.3058035549,8.045683063171786e-12
48.9298101587,2.3058035549,4.708972991213087e-12
48.9347040493,2.3058035549,2.545553729184844e-12
48.9395979399,2.3058035549,1.2664452070105417e-12
48.9444918305,2.3058035549,5.796383372765539e-13
48.9493857211,2.3058035549,2.440476649523163e-13
48.9542796117,2.3058035549,9.452291087584264e-14
48.9591735023,2.3058035549,3.367783847611343e-14
48.9640673929,2.3058035549,1.1038142777948256e-14
48.9689612835,2.3058035549,3.3280702061671982e-15
48.9738551741,2.3058035549,9.230678505081897e-16
48.9787490647,2.3058035549,2.355154732224708e-16
48.7389484253,2.3106974455,1.1692961170562964e-20
48.7438423159,2.3106974455,3.329565184338762e-19
48.7487362065,2.3106974455,8.098493691012323e-18
48.7536300971,2.3106974455,1.682575976227336e-16
48.7585239877,2.3106974455,2.9860620435308766e-15
48.7634178783,2.3106974455,4.526647514029275e-14
48.7683117689,2.3106974455,5.861492791605264e-13
48.7732056595,2.3106974455,6.483260911341042e-12
48.7780995501,2.3106974455,6.125372026277791e-11
48.7829934407,2.3106974455,4.94339312017293e-10
48.7878873313,2.3106974455,3.407779873080681e-09
48.7927812219,2.3106974455,2.006649979912406e-08
48.7976751125,2.3106974455,1.0093119688706448e-07
48.8025690031,2.3106974455,4.336435872149302e-07
48.8074628937,2.3106974455,1.5914541833543385e-06
48.8123567843,2.3106974455,4.988948935720128e-06
48.8172506749,2.3106974455,1.3359114869369605e-05
48.8221445655,2.3106974455,3.0556247323167483e-05
48.8270384561,2.3106974455,5.9700237347283437e-05
48.8319323467,2.3106974455,9.96336126111453e-05
48.8368262373,2.3106974455,0.00014203351357291115
48.8417201279,2.3106974455,0.0001729586851162561
48.8466140185,2.3106974455,0.00017992654128828127
48.8515079091,2.3106974455,0.00015989880892015832
48.8564017997,2.3106974455,0.00012135787938210056
48.8612956903,2.3106974455,7.865493450516188e-05
48.8661895809,2.3106974455,4.354610495749302e-05
48.8710834715,2.3106974455,2.059617839634392e-05
48.8759773621,2.3106974455,8.321667015328193e-06
48.8808712527,2.3106974455,2.8723109860798983e-06
48.8857651433,2.3106974455,8.471848458373813e-07
48.8906590339,2.3106974455,2.1382542642706327e-07
48.8955529245,2.3106974455,4.650278207956028e-08
48.9004468151,2.3106974455,9.026733237527366e-09
48.9053407057,2.3106974455,1.836092228077653e-09
48.9102345963,2.3106974455,5.808655892989928e-10
48.9151284869,2.3106974455,3.119105354746659e-10
48.9200223775,2.3106974455,1.9580252142755949e-10
48.9249162681,2.3106974455,1.186667371621228e-10
48.9298101587,2.3106974455,6.666109866124026e-11
48.9347040493,2.3106974455,3.4484419275361794e-11
48.9395979399,2.3106974455,1.641262280240361e-11
48.9444918305,2.3106974455,7.185962317142262e-12
48.9493857211,2.3106974455,2.89425877236539e-12
48.9542796117,2.3106974455,1.0723450169640548e-12
48.9591735023,2.3106974455,3.6549075812802636e-13
48.9640673929,2.3106974455,1.1459427896203283e-13
48.9689612835,2.3106974455,3.3051726247651497e-14
48.9738551741,2.3106974455,8.769403064639918e-15
48.9787490647,2.3106974455,2.1403785536740796e-15
48.7389484253,2.3155913361,4.002633873597276e-21
48.7438423159,2.3155913361,1.2146559678428934e-19
48.7487362065,2.3155913361,3.148586172840466e-18
48.7536300971,2.3155913361,6.971593095284129e-17
48.7585239877,2.3155913361,1.3185674949818875e-15
48.7634178783,2.3155913361,2.1302299389625054e-14
48.7683117689,2.3155913361,2.9397090202291136e-13
48.7732056595,2.3155913361,3.465260831640847e-12
48.7780995501,2.3155913361,3.4891627707049835e-11
48.7829934407,2.3155913361,3.0009602410216493e-10
48.7878873313,2.3155913361,2.204717568253682e-09
48.7927812219,2.3155913361,1.3835644434438609e-08
48.7976751125,2.3155913361,7.416509034816487e-08
48.8025690031,2.3155913361,3.3958881354968983e-07
48.8074628937,2.3155913361,1.3281922112013036e-06
48.8123567843,2.3155913361,4.437334730187366e-06
48.8172506749,2.3155913361,1.2663016185800447e-05
48.8221445655,2.3155913361,3.086781185709414e-05
48.8270384561,2.3155913361,6.42729561457012e-05
48.8319323467,2.3155913361,0.00011431558036004379
48.8368262373,2.3155913361,0.00017368006306071413
48.8417201279,2.3155913361,0.00022543939753884767
48.8466140185,2.3155913361,0.0002500566771623631
48.8515079091,2.3155913361,0.0002369071280644133
48.8564017997,2.3155913361,0.00019155527200583
48.8612956903,2.3155913361,0.00013224740122828253
48.8661895809,2.3155913361,7.80180017762923e-05
48.8710834715,2.3155913361,3.9328234938423195e-05
48.8759773621,2.3155913361,1.6938606483033634e-05
48.8808712527,2.3155913361,6.23587297010006e-06
48.8857651433,2.3155913361,1.965990043453716e-06
48.8906590339,2.3155913361,5.349853427796732e-07
48.8955529245,2.3155913361,1.2994198519713737e-07
48.9004468151,2.3155913361,3.2074985570042373e-08
48.9053407057,2.3155913361,1.089040169044517e-08
48.9102345963,2.3155913361,5.783863406167284e-09
48.9151284869,2.3155913361,3.6770380553491493e-09
48.9200223775,2.3155913361,2.3013225176782133e-09
48.9249162681,2.3155913361,1.3424363925230318e-09
48.9298101587,2.3155913361,7.219797918786701e-10
48.9347040493,2.3155913361,3.573163736706599e-10
48.9395979399,2.3155913361,1.6268498007747087e-10
48.9444918305,2.3155913361,6.813803788538063e-11
48.9493857211,2.3155913361,2.6252872492967702e-11
48.9542796117,2.3155913361,9.304836610645255e-12
48.9591735023,2.3155913361,3.0337888604329935e-12
48.9640673929,2.3155913361,9.099271588702789e-13
48.9689612835,2.3155913361,2.510571400969048e-13
48.9738551741,2.3155913361,6.37210906989243e-14
48.9787490647,2.3155913361,1.487779254501484e-14
48.7389484253,2.3204852267,1.3106770302616295e-21
48.7438423159,2.3204852267,4.23597383174049e-20
48.7487362065,2.3204852267,1.1699161906292318e-18
48.7536300971,2.3204852267,2.7604257710773682e-17
48.7585239877,2.3204852267,5.56385244007551e-16
48.7634178783,2.3204852267,9.579404255555253e-15
48.7683117689,2.3204852267,1.4088318230591864e-13
48.7732056595,2.3204852267,1.7698453153922727e-12
48.7780995501,2.3204852267,1.8991795350075827e-11
48.7829934407,2.3204852267,1.7408079503149204e-10
48.7878873313,2.3204852267,1.3629804618217596e-09
48.7927812219,2.3204852267,9.115536426503029e-09
48.7976751125,2.3204852267,5.2074920322532884e-08
48.8025690031,2.3204852267,2.541140954865239e-07
48.8074628937,2.3204852267,1.0592113970419907e-06
48.8123567843,2.3204852267,3.771293059809227e-06
48.8172506749,2.3204852267,1.146968987102166e-05
48.8221445655,2.3204852267,2.9796610232459914e-05
48.8270384561,2.3204852267,6.612054662980433e-05
48.8319323467,2.3204852267,0.0001253347481202555
48.8368262373,2.3204852267,0.00020298666291317447
48.8417201279,2.3204852267,0.00028107542199560343
48.8466140185,2.3204852267,0.00033275483436448104
48.8515079091,2.3204852267,0.00033597786477766517
48.8564017997,2.3204852267,0.0002890770399952736
48.8612956903,2.3204852267,0.0002125006466090732
48.8661895809,2.3204852267,0.0001336067162062314
48.8710834715,2.3204852267,7.181551805081873e-05
48.8759773621,2.3204852267,3.301284001661367e-05
48.8808712527,2.3204852267,1.3011620464033389e-05
48.8857651433,2.3204852267,4.437520708432428e-06
48.8906590339,2.3204852267,1.353001415760539e-06
48.8955529245,2.3204852267,4.101761241990721e-07
48.9004468151,2.3204852267,1.5497351506368376e-07
48.9053407057,2.3204852267,8.309160837166756e-08
48.9102345963,2.3204852267,5.335942412175087e-08
48.9151284869,2.3204852267,3.437130301625399e-08
48.9200223775,2.3204852267,2.0794450396507725e-08
48.9249162681,2.3204852267,1.1622978672897059e-08
48.9298101587,2.3204852267,5.9811808591294035e-09
48.9347040493,2.3204852267,2.831803571112426e-09
48.9395979399,2.3204852267,1.2333718305205157e-09
48.9444918305,2.3204852267,4.941639998771825e-10
48.9493857211,2.3204852267,1.8213485532329117e-10
48.9542796117,2.3204852267,6.175323700959648e-11
48.9591735023,2.3204852267,1.9260655673991755e-11
48.9640673929,2.3204852267,5.52620614679816e-12
48.9689612835,2.3204852267,1.4585716565189953e-12
48.9738551741,2.3204852267,3.541384909982616e-13
48.9787490647,2.3204852267,7.909757500108729e-14
48.7389484253,2.3253791173,4.61036561930955e-22
48.7438423159,2.3253791173,1.4712981127032206e-20
48.7487362065,2.3253791173,4.2182142146667147e-19
48.7536300971,2.3253791173,1.0508038016944735e-17
48.7585239877,2.3253791173,2.249205670451653e-16
48.7634178783,2.3253791173,4.1211644487986935e-15
48.7683117689,2.3253791173,6.455381013518142e-14
48.7732056595,2.3253791173,8.640192433105942e-13
48.7780995501,2.3253791173,9.879655995888553e-12
48.7829934407,2.3253791173,9.650346650110428e-11
48.7878873313,2.3253791173,8.052148549313997e-10
48.7927812219,2.3253791173,5.739070708158195e-09
48.7976751125,2.3253791173,3.494049225137648e-08
48.8025690031,2.3253791173,1.8170734067871608e-07
48.8074628937,2.3253791173,8.071813344789042e-07
48.8123567843,2.3253791173,3.0628416476392017e-06
48.8172506749,2.3253791173,9.927334575514825e-06
48.8221445655,2.3253791173,2.7485005072061517e-05
48.8270384561,2.3253791173,6.500130087335829e-05
48.8319323467,2.3253791173,0.000131345306604677
48.8368262373,2.3253791173,0.00022705852416677255
48.8417201279,2.3253791173,0.0003364396976832962
48.8466140185,2.3253791173,0.00042572106183708753
48.8515079091,2.3253791173,0.00045682529400123027
48.8564017997,2.3253791173,0.00041726270427300575
48.8612956903,2.3253791173,0.00032680907767218125
48.8661895809,2.3253791173,0.00021963243763946992
48.8710834715,2.3253791173,0.00012635346461716955
48.8759773621,2.3253791173,6.227534392800684e-05
48.8808712527,2.3253791173,2.6631873668871304e-05
48.8857651433,2.3253791173,1.022237006035709e-05
48.8906590339,2.3253791173,3.838833590788238e-06
48.8955529245,2.3253791173,1.6596054498707502e-06
48.9004468151,2.3253791173,9.214561559397136e-07
48.9053407057,2.3253791173,5.990050029139708e-07
48.9102345963,2.3253791173,3.957855309927299e-07
48.9151284869,2.3253791173,2.4787530433747495e-07
48.9200223775,2.3253791173,1.4390023477955662e-07
48.9249162681,2.3253791173,7.698313398126214e-08
48.9298101587,2.3253791173,3.789966145420639e-08
48.9347040493,2.3253791173,1.7165292893824413e-08
48.9395979399,2.3253791173,7.151834800166547e-09
48.9444918305,2.3253791173,2.741128267484724e-09
48.9493857211,2.3253791173,9.664648522732084e-10
48.9542796117,2.3253791173,3.134638520601463e-10
48.9591735023,2.3253791173,9.3526255049967e-11
48.9640673929,2.3253791173,2.5669907153437885e-11
48.9689612835,2.3253791173,6.481264197003245e-12
48.9738551741,2.3253791173,1.5053581089282409e-12
48.9787490647,2.3253791173,3.216359624538511e-13
48.7389484253,2.3302730079,1.53919335575997e-21
48.7438423159,2.3302730079,2.0414191597301964e-20
48.7487362065,2.3302730079,3.0549655417311186e-19
48.7536300971,2.3302730079,5.340931652397629e-18
48.7585239877,2.3302730079,1.0012400057497809e-16
48.7634178783,2.3302730079,1.8003117703720828e-15
48.7683117689,2.3302730079,2.904678163601736e-14
48.7732056595,2.3302730079,4.0835931162791813e-13
48.7780995501,2.3302730079,4.9440653314547356e-12
48.7829934407,2.3302730079,5.130909651325548e-11
48.7878873313,2.3302730079,4.555536089057062e-10
48.7927812219,2.3302730079,3.4574956912082074e-09
48.7976751125,2.3302730079,2.2423304236467372e-08
48.8025690031,2.3302730079,1.2424453670685315e-07
48.8074628937,2.3302730079,5.881083395704515e-07
48.8123567843,2.3302730079,2.37804943764194e-06
48.8172506749,2.3302730079,8.214075627562064e-06
48.8221445655,2.3302730079,2.4236573604770036e-05
48.8270384561,2.3302730079,6.110056073740247e-05
48.8319323467,2.3302730079,0.0001318413040884203
48.8368262373,2.3302730079,0.0002448802979987391
48.8417201279,2.3302730079,0.0003915215893556359
48.8466140185,2.3302730079,0.0005282882722329285
48.8515079091,2.3302730079,0.0005971952266679067
48.8564017997,2.3302730079,0.0005797713300176396
48.8612956903,2.3302730079,0.000496922291038644
48.8661895809,2.3302730079,0.0003786531159788433
48.8710834715,2.3302730079,0.0002413718899014664
48.8759773621,2.3302730079,0.00012453258975330056
48.8808712527,2.3302730079,5.739443249410637e-05
48.8857651433,2.3302730079,2.641019847117042e-05
48.8906590339,2.3302730079,1.3297609161416705e-05
48.8955529245,2.3302730079,7.845762930146796e-06
48.9004468151,2.3302730079,5.202785253818015e-06
48.9053407057,2.3302730079,3.5185743877675482e-06
48.9102345963,2.3302730079,2.2756570517742443e-06
48.9151284869,2.3302730079,1.3705589676303977e-06
48.9200223775,2.3302730079,7.61944266202807e-07
48.9249162681,2.3302730079,3.900102065649849e-07
48.9298101587,2.3302730079,1.8368090109015933e-07
48.9347040493,2.3302730079,7.958230754844505e-08
48.9395979399,2.3302730079,3.171887254442266e-08
48.9444918305,2.3302730079,1.1629589416941376e-08
48.9493857211,2.3302730079,3.922435648263568e-09
48.9542796117,2.3302730079,1.2170038927070848e-09
48.9591735023,2.3302730079,3.4735438413930124e-10
48.9640673929,2.3302730079,9.120072201678619e-11
48.9689612835,2.3302730079,2.2027663961484693e-11
48.9738551741,2.3302730079,4.894217692755903e-12
48.9787490647,2.3302730079,1.00032885605547e-12
48.7389484253,2.3351668985000003,2.9663817062668524e-20
48.7438423159,2.3351668985000003,3.1990685652276403e-19
48.7487362065,2.3351668985000003,3.196019152669458e-18
48.7536300971,2.3351668985000003,2.9965638343470054e-17
48.7585239877,2.3351668985000003,2.716913566169663e-16
48.7634178783,2.3351668985000003,2.5098533999344963e-15
48.7683117689,2.3351668985000003,2.4883430226859712e-14
48.7732056595,2.3351668985000003,2.647064695266288e-13
48.7780995501,2.3351668985000003,2.842119865803178e-12
48.7829934407,2.3351668985000003,2.8682541376370915e-11
48.7878873313,2.3351668985000003,2.594248257578369e-10
48.7927812219,2.3351668985000003,2.0511390459829356e-09
48.7976751125,2.3351668985000003,1.4008651872385419e-08
48.8025690031,2.3351668985000003,8.218380588407974e-08
48.8074628937,2.3351668985000003,4.1305193281297786e-07
48.8123567843,2.3351668985000003,1.7761566602382745e-06
48.8172506749,2.3351668985000003,6.530255288769449e-06
48.8221445655,2.3351668985000003,2.052408924024431e-05
48.8270384561,2.3351668985000003,5.5234752451856025e-05
48.8319323467,2.3351668985000003,0.00012859119207442467
48.8368262373,2.3351668985000003,0.000262806296165922
48.8417201279,2.3351668985000003,0.0004581185878483132
48.8466140185,2.3351668985000003,0.0006459982888901294
48.8515079091,2.3351668985000003,0.0007593653588024227
48.8564017997,2.3351668985000003,0.0008299490699828872
48.8612956903,2.3351668985000003,0.0009935301682041636
48.8661895809,2.3351668985000003,0.0011509789781616962
48.8710834715,2.3351668985000003,0.0008501307614407748
48.8759773621,2.3351668985000003,0.00037440209669032884
48.8808712527,2.3351668985000003,0.0001506831051685337
48.8857651433,2.3351668985000003,8.027080083682469e-05
48.8906590339,2.3351668985000003,5.099600070974609e-05
48.8955529245,2.3351668985000003,3.4920823852508645e-05
48.9004468151,2.3351668985000003,2.4183434158341194e-05
48.9053407057,2.3351668985000003,1.611144092285096e-05
48.9102345963,2.3351668985000003,1.0048942787666793e-05
48.9151284869,2.3351668985000003,5.800781386249105e-06
48.9200223775,2.3351668985000003,3.0861974831103e-06
48.9249162681,2.3351668985000003,1.511274989649553e-06
48.9298101587,2.3351668985000003,6.80880819841752e-07
48.9347040493,2.3351668985000003,2.822012059082297e-07
48.9395979399,2.3351668985000003,1.0759567521437696e-07
48.9444918305,2.3351668985000003,3.773776501942351e-08
48.9493857211,2.3351668985000003,1.2175935915781907e-08
48.9542796117,2.3351668985000003,3.6138758692293385e-09
48.9591735023,2.3351668985000003,9.867083128083563e-10
48.9640673929,2.3351668985000003,2.478272271228187e-10
48.9689612835,2.3351668985000003,5.726034001097317e-11
48.9738551741,2.3351668985000003,1.2170362146213216e-11
48.9787490647,2.3351668985000003,2.3795659974934556e-12
48.7389484253,2.3400607891000003,4.738646666521593e-19
48.7438423159,2.3400607891000003,4.873776461886846e-18
48.7487362065,2.3400607891000003,4.6120364993711435e-17
48.7536300971,2.3400607891000003,4.016975462728116e-16
48.7585239877,2.3400607891000003,3.2237597277318985e-15
48.7634178783,2.3400607891000003,2.3908637295491273e-14
48.7683117689,2.3400607891000003,1.6501260823654198e-13
48.7732056595,2.3400607891000003,1.0754547473737362e-12
48.7780995501,2.3400607891000003,6.785601080700256e-12
48.7829934407,2.3400607891000003,4.27174043622651e-11
48.7878873313,2.3400607891000003,2.7290591165547536e-10
48.7927812219,2.3400607891000003,1.744154730170498e-09
48.7976751125,2.3400607891000003,1.0718564786643148e-08
48.8025690031,2.3400607891000003,6.070971699013703e-08
48.8074628937,2.3400607891000003,3.071380191165232e-07
48.8123567843,2.3400607891000003,1.3614521142570317e-06
48.8172506749,2.3400607891000003,5.2309767442002105e-06
48.8221445655,2.3400607891000003,1.734350407965807e-05
48.8270384561,2.3400607891000003,5.0115577733868385e-05
48.8319323467,2.3400607891000003,0.00013123830902173807
48.8368262373,2.3400607891000003,0.00030910099830381123
48.8417201279,2.3400607891000003,0.0005738340758836361
48.8466140185,2.3400607891000003,0.0008004359593632878
48.8515079091,2.3400607891000003,0.0009824202209612709
48.8564017997,2.3400607891000003,0.001461342245421068
48.8612956903,2.3400607891000003,0.003119998274814933
48.8661895809,2.3400607891000003,0.0049387190593841255
48.8710834715,2.3400607891000003,0.003718870388195214
48.8759773621,2.3400607891000003,0.0013771947234700371
48.8808712527,2.3400607891000003,0.0004523460235967221
48.8857651433,2.3400607891000003,0.00025568125690080966
48.8906590339,2.3400607891000003,0.00018067648414259
48.8955529245,2.3400607891000003,0.00012861813085321349
48.9004468151,2.3400607891000003,8.812589136003777e-05
48.9053407057,2.3400607891000003,5.679227388736602e-05
48.9102345963,2.3400607891000003,3.399134063913497e-05
48.9151284869,2.3400607891000003,1.878429368366293e-05
48.9200223775,2.3400607891000003,9.561603754414199e-06
48.9249162681,2.3400607891000003,4.479132875339921e-06
48.9298101587,2.3400607891000003,1.930439842972422e-06
48.9347040493,2.3400607891000003,7.653820151152091e-07
48.9395979399,2.3400607891000003,2.7915712379856303e-07
48.9444918305,2.3400607891000003,9.366228440356839e-08
48.9493857211,2.3400607891000003,2.890850583689496e-08
48.9542796117,2.3400607891000003,8.207884905520302e-09
48.9591735023,2.3400607891000003,2.143786599772842e-09
48.9640673929,2.3400607891000003,5.150821754598816e-10
48.9689612835,2.3400607891000003,1.1384557761739538e-10
48.9738551741,2.3400607891000003,2.3147307586097998e-11
48.9787490647,2.3400607891000003,4.329417562382361e-12
48.7389484253,2.3449546797000003,5.796316285363755e-18
48.7438423159,2.3449546797000003,5.702589407820224e-17
48.7487362065,2.3449546797000003,5.161059118834695e-16
48.7536300971,2.3449546797000003,4.296924840864651e-15
48.7585239877,2.3449546797000003,3.291145492098846e-14
48.7634178783,2.3449546797000003,2.3193286479586704e-13
48.7683117689,2.3449546797000003,1.5043828471594526e-12
48.7732056595,2.3449546797000003,8.989399341298136e-12
48.7780995501,2.3449546797000003,4.9590015322413776e-11
48.7829934407,2.3449546797000003,2.536571681944371e-10
48.7878873313,2.3449546797000003,1.2126465865289378e-09
48.7927812219,2.3449546797000003,5.483738411220781e-09
48.7976751125,2.3449546797000003,2.37835528729091e-08
48.8025690031,2.3449546797000003,9.983812417419362e-08
48.8074628937,2.3449546797000003,4.0437134717589124e-07
48.8123567843,2.3449546797000003,1.5537508438124828e-06
48.8172506749,2.3449546797000003,5.530993494188204e-06
48.8221445655,2.3449546797000003,1.7997814664987065e-05
48.8270384561,2.3449546797000003,5.5795417141631814e-05
48.8319323467,2.3449546797000003,0.00017454200354308948
48.8368262373,2.3449546797000003,0.00046123372441338493
48.8417201279,2.3449546797000003,0.0008184835747905481
48.8466140185,2.3449546797000003,0.0010562890525869597
48.8515079091,2.3449546797000003,0.0013659808314403815
48.8564017997,2.3449546797000003,0.0026182844755721986
48.8612956903,2.3449546797000003,0.006841931413868531
48.8661895809,2.3449546797000003,0.011120935063280572
48.8710834715,2.3449546797000003,0.008173283022081864
48.8759773621,2.3449546797000003,0.003034603975385874
48.8808712527,2.3449546797000003,0.001133867767394302
48.8857651433,2.3449546797000003,0.0007248454833041365
48.8906590339,2.3449546797000003,0.0005293272117131221
48.8955529245,2.3449546797000003,0.0003731902502899225
48.9004468151,2.3449546797000003,0.0002479475069958957
48.9053407057,2.3449546797000003,0.0001535310302409736
48.9102345963,2.3449546797000003,8.800608203881634e-05
48.9151284869,2.3449546797000003,4.653355584519909e-05
48.9200223775,2.3449546797000003,2.2658877266213427e-05
48.9249162681,2.3449546797000003,1.0153785122433517e-05
48.9298101587,2.3449546797000003,4.186201867123085e-06
48.9347040493,2.3449546797000003,1.587723792380796e-06
48.9395979399,2.3449546797000003,5.539614243175811e-07
48.9444918305,2.3449546797000003,1.7779932767397293e-07
48.9493857211,2.3449546797000003,5.249593891094945e-08
48.9542796117,2.3449546797000003,1.4258244209873641e-08
48.9591735023,2.3449546797000003,3.5624688827181626e-09
48.9640673929,2.3449546797000003,8.188055681480187e-10
48.9689612835,2.3449546797000003,1.7312315964419814e-10
48.9738551741,2.3449546797000003,3.36724119782261e-11
48.9787490647,2.3449546797000003,6.024735109973388e-12
48.7389484253,2.3498485703,5.4229417191698135e-17
48.7438423159,2.3498485703,5.103746204084589e-16
48.7487362065,2.3498485703,4.418633169814634e-15
48.7536300971,2.3498485703,3.519101540543105e-14
48.7585239877,2.3498485703,2.578228851807017e-13
48.7634178783,2.3498485703,1.7376402073964477e-12
48.7683117689,2.3498485703,1.0773484782761461e-11
48.7732056595,2.3498485703,6.145218585404929e-11
48.7780995501,2.3498485703,3.225334394894677e-10
48.7829934407,2.3498485703,1.558268509394346e-09
48.7878873313,2.3498485703,6.936236439656756e-09
48.7927812219,2.3498485703,2.8495928907514027e-08
48.7976751125,2.3498485703,1.083839923534308e-07
48.8025690031,2.3498485703,3.834602278391672e-07
48.8074628937,2.3498485703,1.2694207710689065e-06
48.8123567843,2.3498485703,3.953319325896325e-06
48.8172506749,2.3498485703,1.1632818250456608e-05
48.8221445655,2.3498485703,3.32754550737928e-05
48.8270384561,2.3498485703,0.0001043824790128925
48.8319323467,2.3498485703,0.00035108011041222383
48.8368262373,2.3498485703,0.0008684969734093919
48.8417201279,2.3498485703,0.0013221872750315833
48.8466140185,2.3498485703,0.0015717674648198475
48.8515079091,2.3498485703,0.0020741255493475323
48.8564017997,2.3498485703,0.003555832703563718
48.8612956903,2.3498485703,0.007506986657775656
48.8661895809,2.3498485703,0.01101218282289884
48.8710834715,2.3498485703,0.00829968264803382
48.8759773621,2.3498485703,0.004022331095844976
48.8808712527,2.3498485703,0.0023123535447658805
48.8857651433,2.3498485703,0.0016869108883967024
48.8906590339,2.3498485703,0.001225848199973975
48.8955529245,2.3498485703,0.0008390023579756624
48.9004468151,2.3498485703,0.0005360845778998808
48.9053407057,2.3498485703,0.00031798241142587256
48.9102345963,2.3498485703,0.0001743793851517558
48.9151284869,2.3498485703,8.818840100560932e-05
48.9200223775,2.3498485703,4.1073250211473405e-05
48.9249162681,2.3498485703,1.760564442735295e-05
48.9298101587,2.3498485703,6.943290670049661e-06
48.9347040493,2.3498485703,2.519125816662835e-06
48.9395979399,2.3498485703,8.407899629739603e-07
48.9444918305,2.3498485703,2.581501371683494e-07
48.9493857211,2.3498485703,7.291259594137087e-08
48.9542796117,2.3498485703,1.8944258393571262e-08
48.9591735023,2.3498485703,4.5279056742018594e-09
48.9640673929,2.3498485703,9.955471103022833e-10
48.9689612835,2.3498485703,2.0135894960781978e-10
48.9738551741,2.3498485703,3.746491334231058e-11
48.9787490647,2.3498485703,6.4124383370719465e-12
48.7389484253,2.3547424609,3.8805629875907966e-16
48.7438423159,2.3547424609,3.493683747927933e-15
48.7487362065,2.3547424609,2.89345757760155e-14
48.7536300971,2.3547424609,2.204425051077169e-13
48.7585239877,2.3547424609,1.5449637461141596e-12
48.7634178783,2.3547424609,9.960615400806017e-12
48.7683117689,2.3547424609,5.907444394500955e-11
48.7732056595,2.3547424609,3.223004471759832e-10
48.7780995501,2.3547424609,1.6176204659792658e-09
48.7829934407,2.3547424609,7.469049023826744e-09
48.7878873313,2.3547424609,3.1730277897191756e-08
48.7927812219,2.3547424609,1.2405403705690273e-07
48.7976751125,2.3547424609,4.4658493293687595e-07
48.8025690031,2.3547424609,1.4817762108504084e-06
48.8074628937,2.3547424609,4.539055160368105e-06
48.8123567843,2.3547424609,1.2869960576181317e-05
48.8172506749,2.3547424609,3.405609115127234e-05
48.8221445655,2.3547424609,8.920174916115123e-05
48.8270384561,2.3547424609,0.000269981689963057
48.8319323467,2.3547424609,0.0008268649727584077
48.8368262373,2.3547424609,0.0017068746662857956
48.8417201279,2.3547424609,0.00222827353086558
48.8466140185,2.3547424609,0.002598598358724726
48.8515079091,2.3547424609,0.0034643705949762406
48.8564017997,2.3547424609,0.004829880835948185
48.8612956903,2.3547424609,0.006765964750490175
48.8661895809,2.3547424609,0.00808170998781504
48.8710834715,2.3547424609,0.0071052425995261565
48.8759773621,2.3547424609,0.005379771745751923
48.8808712527,2.3547424609,0.004147029620970559
48.8857651433,2.3547424609,0.0031261995509350633
48.8906590339,2.3547424609,0.002209578318922422
48.8955529245,2.3547424609,0.0014546106313755229
48.9004468151,2.3547424609,0.0008899967963389865
48.9053407057,2.3547424609,0.0005046802147164944
48.9102345963,2.3547424609,0.0002645196246457965
48.9151284869,2.3547424609,0.00012788615464504342
48.9200223775,2.3547424609,5.6956193241898315e-05
48.9249162681,2.3547424609,2.3350031789909384e-05
48.9298101587,2.3547424609,8.808470931661076e-06
48.9347040493,2.3547424609,3.0570753793722727e-06
48.9395979399,2.3547424609,9.760538001504936e-07
48.9444918305,2.3547424609,2.866763086787522e-07
48.9493857211,2.3547424609,7.745621918859067e-08
48.9542796117,2.3547424609,1.9251561466182815e-08
48.9591735023,2.3547424609,4.401699917841966e-09
48.9640673929,2.3547424609,9.258051849510774e-10
48.9689612835,2.3547424609,1.7912799591863866e-10
48.9738551741,2.3547424609,3.188247302812228e-11
48.9787490647,2.3547424609,5.220176764734065e-12
48.7389484253,2.3596363515,2.1238864988781117e-15
48.7438423159,2.3596363515,1.8291734741762634e-14
48.7487362065,2.3596363515,1.4491827627560973e-13
48.7536300971,2.3596363515,1.0561755257039738e-12
48.7585239877,2.3596363515,7.080985706881518e-12
48.7634178783,2.3596363515,4.367129084124295e-11
48.7683117689,2.3596363515,2.477667891682645e-10
48.7732056595,2.3596363515,1.2931089863796116e-09
48.7780995501,2.3596363515,6.208302866916572e-09
48.7829934407,2.3596363515,2.7419451715026373e-08
48.7878873313,2.3596363515,1.114036975532821e-07
48.7927812219,2.3596363515,4.164027281724926e-07
48.7976751125,2.3596363515,1.4320048680438097e-06
48.8025690031,2.3596363515,4.531987870266186e-06
48.8074628937,2.3596363515,1.3205104700229526e-05
48.8123567843,2.3596363515,3.5469724792361954e-05
48.8172506749,2.3596363515,8.884912126284233e-05
48.8221445655,2.3596363515,0.00022527219157923028
48.8270384561,2.3596363515,0.0006581033820904744
48.8319323467,2.3596363515,0.0017488968701024517
48.8368262373,2.3596363515,0.0029963802556599696
48.8417201279,2.3596363515,0.0035406530835416787
48.8466140185,2.3596363515,0.004237446814638746
48.8515079091,2.3596363515,0.005671847280637191
48.8564017997,2.3596363515,0.007336270405641837
48.8612956903,2.3596363515,0.008722465236476927
48.8661895809,2.3596363515,0.009354954550661852
48.8710834715,2.3596363515,0.008934702036390959
48.8759773621,2.3596363515,0.007740850360274483
48.8808712527,2.3596363515,0.006178337808023729
48.8857651433,2.3596363515,0.004547338482709492
48.8906590339,2.3596363515,0.00309206912951654
48.8955529245,2.3596363515,0.0019474405721144163
48.9004468151,2.3596363515,0.0011370410734185008
48.9053407057,2.3596363515,0.0006149513140117193
48.9102345963,2.3596363515,0.0003075685796682743
48.9151284869,2.3596363515,0.00014200952205630635
48.9200223775,2.3596363515,6.0443269843523845e-05
48.9249162681,2.3596363515,2.3692550508835843e-05
48.9298101587,2.3596363515,8.547888011979421e-06
48.9347040493,2.3596363515,2.837636806473182e-06
48.9395979399,2.3596363515,8.666483306726366e-07
48.9444918305,2.3596363515,2.4349496438456024e-07
48.9493857211,2.3596363515,6.293429537156723e-08
48.9542796117,2.3596363515,1.4963432658738666e-08
48.9591735023,2.3596363515,3.2728062409040002e-09
48.9640673929,2.3596363515,6.584975648468668e-10
48.9689612835,2.3596363515,1.2188008917678702e-10
48.9738551741,2.3596363515,2.0751813187691998e-11
48.9787490647,2.3596363515,3.2503051981388115e-12
48.7389484253,2.3645302421,8.890877651027856e-15
48.7438423159,2.3645302421,7.324921306051058e-14
48.7487362065,2.3645302421,5.55144404549346e-13
48.7536300971,2.3645302421,3.870380335529251e-12
48.7585239877,2.3645302421,2.482252727703049e-11
48.7634178783,2.3645302421,1.46447858238193e-10
48.7683117689,2.3645302421,7.948125848758518e-10
48.7732056595,2.3645302421,3.968178090630909e-09
48.7780995501,2.3645302421,1.82247839724686e-08
48.7829934407,2.3645302421,7.699788745009437e-08
48.7878873313,2.3645302421,2.9925515088037415e-07
48.7927812219,2.3645302421,1.0699279168425657e-06
48.7976751125,2.3645302421,3.5190670144616595e-06
48.8025690031,2.3645302421,1.0648445634792884e-05
48.8074628937,2.3645302421,2.9648510611992092e-05
48.8123567843,2.3645302421,7.60742490491835e-05
48.8172506749,2.3645302421,0.0001835679723925454
48.8221445655,2.3645302421,0.00046435073765987577
48.8270384561,2.3645302421,0.0013134448336932078
48.8319323467,2.3645302421,0.003008666063453764
48.8368262373,2.3645302421,0.0043704320801359045
48.8417201279,2.3645302421,0.004894356045939438
48.8466140185,2.3645302421,0.006019842504809666
48.8515079091,2.3645302421,0.007930779798386271
48.8564017997,2.3645302421,0.00987532190705972
48.8612956903,2.3645302421,0.011266822346618287
48.8661895809,2.3645302421,0.011700367868108156
48.8710834715,2.3645302421,0.011024829952363747
48.8759773621,2.3645302421,0.009426062150496087
48.8808712527,2.3645302421,0.007329039444552577
48.8857651433,2.3645302421,0.0052018357488431725
48.8906590339,2.3645302421,0.003386468092322397
48.8955529245,2.3645302421,0.002031598981383623
48.9004468151,2.3645302421,0.0011269064921667108
48.9053407057,2.3645302421,0.0005788375209017435
48.9102345963,2.3645302421,0.00027527964070336863
48.9151284869,2.3645302421,0.00012106372873484852
48.9200223775,2.3645302421,4.915910412702586e-05
48.9249162681,2.3645302421,1.8405247241331928e-05
48.9298101587,2.3645302421,6.3472754393357034e-06
48.9347040493,2.3645302421,2.014951067151153e-06
48.9395979399,2.3645302421,5.885989510692028e-07
48.9444918305,2.3645302421,1.581887988526608e-07
48.9493857211,2.3645302421,3.911098272964722e-08
48.9542796117,2.3645302421,8.895581404490563e-09
48.9591735023,2.3645302421,1.861218364087078e-09
48.9640673929,2.3645302421,3.5823373200079225e-10
48.9689612835,2.3645302421,6.342876104799835e-11
48.9738551741,2.3645302421,1.0332394117735234e-11
48.9787490647,2.3645302421,1.5499894805810066e-12
48.7389484253,2.3694241327,2.8466542784919127e-14
48.7438423159,2.3694241327,2.2435088871199502e-13
48.7487362065,2.3694241327,1.6265429535020777e-12
48.7536300971,2.3694241327,1.0847956948745035e-11
48.7585239877,2.3694241327,6.655413503603333e-11
48.7634178783,2.3694241327,3.756183567531022e-10
48.7683117689,2.3694241327,1.9501285859733074e-09
48.7732056595,2.3694241327,9.313745526216144e-09
48.7780995501,2.3694241327,4.0919487363516356e-08
48.7829934407,2.3694241327,1.653791552732114e-07
48.7878873313,2.3694241327,6.148602064412827e-07
48.7927812219,2.3694241327,2.1028966624962493e-06
48.7976751125,2.3694241327,6.616193634029353e-06
48.8025690031,2.3694241327,1.914943345214518e-05
48.8074628937,2.3694241327,5.099524529541992e-05
48.8123567843,2.3694241327,0.00012536634978454792
48.8172506749,2.3694241327,0.0002956947248968358
48.8221445655,2.3694241327,0.0007664039350276619
48.8270384561,2.3694241327,0.0020858175308891267
48.8319323467,2.3694241327,0.004092749982583301
48.8368262373,2.3694241327,0.005131275814428989
48.8417201279,2.3694241327,0.005581122777645414
48.8466140185,2.3694241327,0.006942210721666178
48.8515079091,2.3694241327,0.008890789924386577
48.8564017997,2.3694241327,0.010680849368494548
48.8612956903,2.3694241327,0.011822463006318767
48.8661895809,2.3694241327,0.011979236940820367
48.8710834715,2.3694241327,0.011048690215392681
48.8759773621,2.3694241327,0.00923731454593235
48.8808712527,2.3694241327,0.006988285539653989
48.8857651433,2.3694241327,0.004788801483680002
48.8906590339,2.3694241327,0.0029831149472275605
48.8955529245,2.3694241327,0.0016983539098523119
48.9004468151,2.3694241327,0.000888904949154676
48.9053407057,2.3694241327,0.0004298504486498986
48.9102345963,2.3694241327,0.00019263400638381298
48.9151284869,2.3694241327,8.006645557225966e-05
48.9200223775,2.3694241327,3.083658082978525e-05
48.9249162681,2.3694241327,1.0985123451366369e-05
48.9298101587,2.3694241327,3.6129436287197184e-06
48.9347040493,2.3694241327,1.0954441219404617e-06
48.9395979399,2.3694241327,3.0588508465023554e-07
48.9444918305,2.3694241327,7.861600583940299e-08
48.9493857211,2.3694241327,1.8591655533295565e-08
48.9542796117,2.3694241327,4.045185437296049e-09
48.9591735023,2.3694241327,8.100280381836662e-10
48.9640673929,2.3694241327,1.4967658767560914e-10
48.9689612835,2.3694241327,2.6058584208183497e-11
48.9738551741,2.3694241327,4.972229337705381e-12
48.9787490647,2.3694241327,1.85857435230674e-12
48.7389484253,2.3743180233,6.971104299063805e-14
48.7438423159,2.3743180233,5.255685722998454e-13
48.7487362065,2.3743180233,3.6450363926735296e-12
48.7536300971,2.3743180233,2.3255143513323175e-11
48.7585239877,2.3743180233,1.3648372070161152e-10
48.7634178783,2.3743180233,7.368640297574498e-10
48.7683117689,2.3743180233,3.659641422132814e-09
48.7732056595,2.3743180233,1.6719927400431765e-08
48.7780995501,2.3743180233,7.027080341810812e-08
48.7829934407,2.3743180233,2.716815498936255e-07
48.7878873313,2.3743180233,9.662514063770252e-07
48.7927812219,2.3743180233,3.161296031038832e-06
48.7976751125,2.3743180233,9.514505039930194e-06
48.8025690031,2.3743180233,2.6342650706938113e-05
48.8074628937,2.3743180233,6.71213855069156e-05
48.8123567843,2.3743180233,0.0001587725075898211
48.8172506749,2.3743180233,0.00037553547924074586
48.8221445655,2.3743180233,0.0010260407847161334
48.8270384561,2.3743180233,0.0026339122179250656
48.8319323467,2.3743180233,0.0043681666479635966
48.8368262373,2.3743180233,0.004771570597437991
48.8417201279,2.3743180233,0.005086361432695538
48.8466140185,2.3743180233,0.0063014698454681535
48.8515079091,2.3743180233,0.007823109147296385
48.8564017997,2.3743180233,0.009119479389804978
48.8612956903,2.3743180233,0.009882108622375468
48.8661895809,2.3743180233,0.009885962109083934
48.8710834715,2.3743180233,0.009050721805349196
48.8759773621,2.3743180233,0.00751674482773546
48.8808712527,2.3743180233,0.005623888991706077
48.8857651433,2.3743180233,0.003775703599512346
48.8906590339,2.3743180233,0.0022738620866939057
48.8955529245,2.3743180233,0.001232430031503732
48.9004468151,2.3743180233,0.0006050615819835524
48.9053407057,2.3743180233,0.00027139102310115803
48.9102345963,2.3743180233,0.00011220606896344488
48.9151284869,2.3743180233,4.3069625030245365e-05
48.9200223775,2.3743180233,1.5407623883756848e-05
48.9249162681,2.3743180233,5.138595584634478e-06
48.9298101587,2.3743180233,1.5942006135138887e-06
48.9347040493,2.3743180233,4.586338962162899e-07
48.9395979399,2.3743180233,1.2201875936436528e-07
48.9444918305,2.3743180233,2.999476831030196e-08
48.9493857211,2.3743180233,6.857304053094234e-09
48.9542796117,2.3743180233,1.5280228719709547e-09
48.9591735023,2.3743180233,4.20628078378002e-10
48.9640673929,2.3743180233,2.317509394566146e-10
48.9689612835,2.3743180233,2.2656956313525467e-10
48.9738551741,2.3743180233,2.54514135687791e-10
48.9787490647,2.3743180233,2.86030742763789e-10
48.7389484253,2.3792119139,1.3057053986464702e-13
48.7438423159,2.3792119139,9.41689535775294e-13
48.7487362065,2.3792119139,6.2476251417902035e-12
48.7536300971,2.3792119139,3.813000460740485e-11
48.7585239877,2.3792119139,2.1407375442930177e-10
48.7634178783,2.3792119139,1.10561689865391e-09
48.7683117689,2.3792119139,5.252796601039657e-09
48.7732056595,2.3792119139,2.295731932320934e-08
48.7780995501,2.3792119139,9.229888210787119e-08
48.7829934407,2.3792119139,3.413629533287845e-07
48.7878873313,2.3792119139,1.161397900109373e-06
48.7927812219,2.3792119139,3.6348834352748616e-06
48.7976751125,2.3792119139,1.0465146068949122e-05
48.8025690031,2.3792119139,2.771799214868008e-05
48.8074628937,2.3792119139,6.763197768887233e-05
48.8123567843,2.3792119139,0.00015569490306525339
48.8172506749,2.3792119139,0.0003881214995573656
48.8221445655,2.3792119139,0.0011404995350610774
48.8270384561,2.3792119139,0.0026615464996555985
48.8319323467,2.3792119139,0.003652836214261798
48.8368262373,2.3792119139,0.003480846486779858
48.8417201279,2.3792119139,0.0036412079818952206
48.8466140185,2.3792119139,0.00445447355747504
48.8515079091,2.3792119139,0.005390170452477924
48.8564017997,2.3792119139,0.00618815737890685
48.8612956903,2.3792119139,0.006713437422845354
48.8661895809,2.3792119139,0.006829144984091059
48.8710834715,2.3792119139,0.0064259298786060294
48.8759773621,2.3792119139,0.005506311120029984
48.8808712527,2.3792119139,0.00423663012963033
48.8857651433,2.3792119139,0.0028963343169408212
48.8906590339,2.3792119139,0.0017481973732058676
48.8955529245,2.3792119139,0.0009295694780039923
48.9004468151,2.3792119139,0.0004362241894905413
48.9053407057,2.3792119139,0.00018173825523769434
48.9102345963,2.3792119139,6.79022638345493e-05
48.9151284869,2.3792119139,2.3069269237016608e-05
48.9200223775,2.3792119139,7.240591168708688e-06
48.9249162681,2.3792119139,2.1310848688776214e-06
48.9298101587,2.3792119139,5.960180717378303e-07
48.9347040493,2.3792119139,1.623288744674382e-07
48.9395979399,2.3792119139,4.7588416131305495e-08
48.9444918305,2.3792119139,2.0239524483410334e-08
48.9493857211,2.3792119139,1.5480210105232145e-08
48.9542796117,2.3792119139,1.6145037657933125e-08
48.9591735023,2.3792119139,1.7908632322193585e-08
48.9640673929,2.3792119139,1.968346051558878e-08
48.9689612835,2.3792119139,2.1145405662480004e-08
48.9738551741,2.3792119139,2.2151277334441738e-08
48.9787490647,2.3792119139,2.2619901134552247e-08
48.7389484253,2.3841058045,1.8705595358806918e-13
48.7438423159,2.3841058045,1.290522525190459e-12
48.7487362065,2.3841058045,8.190419448662977e-12
48.7536300971,2.3841058045,4.781807989491099e-11
48.7585239877,2.3841058045,2.568166228162568e-10
48.7634178783,2.3841058045,1.2688169014504083e-09
48.7683117689,2.3841058045,5.7665960115952556e-09
48.7732056595,2.3841058045,2.4109311632504543e-08
48.7780995501,2.3841058045,9.272456143362974e-08
48.7829934407,2.3841058045,3.28057108047792e-07
48.7878873313,2.3841058045,1.0676989311232816e-06
48.7927812219,2.3841058045,3.1966339226196237e-06
48.7976751125,2.3841058045,8.80405897469557e-06
48.8025690031,2.3841058045,2.2309645053464076e-05
48.8074628937,2.3841058045,5.228965847406833e-05
48.8123567843,2.3841058045,0.00012107992353391682
48.8172506749,2.3841058045,0.0003457556855332369
48.8221445655,2.3841058045,0.0010770563740302105
48.8270384561,2.3841058045,0.0021688606294653317
48.8319323467,2.3841058045,0.0023967965899441834
48.8368262373,2.3841058045,0.0019806612880842803
48.8417201279,2.3841058045,0.002031947656703605
48.8466140185,2.3841058045,0.002455996112186373
48.8515079091,2.3841058045,0.002948265557104071
48.8564017997,2.3841058045,0.0034464315268647543
48.8612956903,2.3841058045,0.003925847915632459
48.8661895809,2.3841058045,0.004296729580461185
48.8710834715,2.3841058045,0.00440408621855196
48.8759773621,2.3841058045,0.004114731463288194
48.8808712527,2.3841058045,0.003428972214512223
48.8857651433,2.3841058045,0.0025111002227029733
48.8906590339,2.3841058045,0.0016011982045431297
48.8955529245,2.3841058045,0.0008844501684005443
48.9004468151,2.3841058045,0.0004222627801952621
48.9053407057,2.3841058045,0.0001742985461251509
48.9102345963,2.3841058045,6.24199081509912e-05
48.9151284869,2.3841058045,1.9602988503331567e-05
48.9200223775,2.3841058045,5.596765109564433e-06
48.9249162681,2.3841058045,1.6631924643257657e-06
48.9298101587,2.3841058045,7.32209157134607e-07
48.9347040493,2.3841058045,5.782805357589236e-07
48.9395979399,2.3841058045,6.002729866492749e-07
48.9444918305,2.3841058045,6.52829840682866e-07
48.9493857211,2.3841058045,7.014709934307889e-07
48.9542796117,2.3841058045,7.364576811634102e-07
48.9591735023,2.3841058045,7.539678983094114e-07
48.9640673929,2.3841058045,7.524403578540046e-07
48.9689612835,2.3841058045,7.319452368401483e-07
48.9738551741,2.3841058045,6.940132606435506e-07
48.9787490647,2.3841058045,6.4141463114269e-07
48.7389484253,2.3889996951,2.0841826219067688e-13
48.7438423159,2.3889996951,1.3625726529487046e-12
48.7487362065,2.3889996951,8.23999056805867e-12
48.7536300971,2.3889996951,4.594106444077668e-11
48.7585239877,2.3889996951,2.358434983031548e-10
48.7634178783,2.3889996951,1.1142147609403612e-09
48.7683117689,2.3889996951,4.843287919428857e-09
48.7732056595,2.3889996951,1.9368488222258224e-08
48.7780995501,2.3889996951,7.125505660693724e-08
48.7829934407,2.3889996951,2.411519573330254e-07
48.7878873313,2.3889996951,7.507862880935476e-07
48.7927812219,2.3889996951,2.150254909734213e-06
48.7976751125,2.3889996951,5.6652236465509534e-06
48.8025690031,2.3889996951,1.374260348389668e-05
48.8074628937,2.3889996951,3.132781724634421e-05
48.8123567843,2.3889996951,7.979646139567004e-05
48.8172506749,2.3889996951,0.0002847541777991871
48.8221445655,2.3889996951,0.0008742861936022228
48.8270384561,2.3889996951,0.001434669803430557
48.8319323467,2.3889996951,0.0012379547830802843
48.8368262373,2.3889996951,0.0008768961759668189
48.8417201279,2.3889996951,0.0008848587082889512
48.8466140185,2.3889996951,0.0010739157231189353
48.8515079091,2.3889996951,0.0013356324799077921
48.8564017997,2.3889996951,0.0017028744757193915
48.8612956903,2.3889996951,0.0022043786295940413
48.8661895809,2.3889996951,0.002781095301965218
48.8710834715,2.3889996951,0.0032607346328867633
48.8759773621,2.3889996951,0.0034282299593108773
48.8808712527,2.3889996951,0.0031628240059860357
48.8857651433,2.3889996951,0.002530356774854437
48.8906590339,2.3889996951,0.001744794942339064
48.8955529245,2.3889996951,0.0010343055199992354
48.9004468151,2.3889996951,0.0005274850925959682
48.9053407057,2.3889996951,0.00023316935979011722
48.9102345963,2.3889996951,9.199203462306078e-05
48.9151284869,2.3889996951,3.583819769401681e-05
48.9200223775,2.3889996951,1.757290476753063e-05
48.9249162681,2.3889996951,1.3083000928891384e-05
48.9298101587,2.3889996951,1.263012197646363e-05
48.9347040493,2.3889996951,1.2998132519870433e-05
48.9395979399,2.3889996951,1.3290690007047638e-05
48.9444918305,2.3889996951,1.3291020680368107e-05
48.9493857211,2.3889996951,1.2962150801461242e-05
48.9542796117,2.3889996951,1.232279752021762e-05
48.9591735023,2.3889996951,1.1418985525877823e-05
48.9640673929,2.3889996951,1.0314022058392895e-05
48.9689612835,2.3889996951,9.080514138787247e-06
48.9738551741,2.3889996951,7.792460470333573e-06
48.9787490647,2.3889996951,6.518093010995608e-06
48.7389484253,2.3938935857,1.8447223349807956e-12
48.7438423159,2.3938935857,5.412364738196281e-12
48.7487362065,2.3938935857,1.721151385444318e-11
48.7536300971,2.3938935857,6.047248254234729e-11
48.7585239877,2.3938935857,2.2963820598442401e-10
48.7634178783,2.3938935857,8.97747728593481e-10
48.7683117689,2.3938935857,3.45119384538976e-09
48.7732056595,2.3938935857,1.2654956005771212e-08
48.7780995501,2.3938935857,4.3510645696017495e-08
48.7829934407,2.3938935857,1.390189579651489e-07
48.7878873313,2.3938935857,4.108496507174369e-07
48.7927812219,2.3938935857,1.1204016249223023e-06
48.7976751125,2.3938935857,2.8160060626456974e-06
48.8025690031,2.3938935857,6.547980435635902e-06
48.8074628937,2.3938935857,1.5236503835160165e-05
48.8123567843,2.3938935857,5.122361552706845e-05
48.8172506749,2.3938935857,0.00022427314181099062
48.8221445655,2.3938935857,0.0006073609241309763
48.8270384561,2.3938935857,0.0007741614511524634
48.8319323467,2.3938935857,0.0005071028018729755
48.8368262373,2.3938935857,0.0003049009535998401
48.8417201279,2.3938935857,0.0003089390503573422
48.8466140185,2.3938935857,0.0003966918296271824
48.8515079091,2.3938935857,0.0005609968117656661
48.8564017997,2.3938935857,0.0008635176563899293
48.8612956903,2.3938935857,0.001357097797279737
48.8661895809,2.3938935857,0.002016151186660425
48.8710834715,2.3938935857,0.0026902532645526676
48.8759773621,2.3938935857,0.0031414845560237803
48.8808712527,2.3938935857,0.0031734088092214446
48.8857651433,2.3938935857,0.002761777569094628
48.8906590339,2.3938935857,0.0020725842846054396
48.8955529245,2.3938935857,0.0013510592666167284
48.9004468151,2.3938935857,0.0007813459113462459
48.9053407057,2.3938935857,0.00042293550894975104
48.9102345963,2.3938935857,0.00023950500977994716
48.9151284869,2.3938935857,0.00016262243367047146
48.9200223775,2.3938935857,0.00013591710546700028
48.9249162681,2.3938935857,0.00012707965409023222
48.9298101587,2.3938935857,0.00012195140113303393
48.9347040493,2.3938935857,0.00011575083468900949
48.9395979399,2.3938935857,0.00010745593406748049
48.9444918305,2.3938935857,9.730103704420156e-05
48.9493857211,2.3938935857,8.58891825976572e-05
48.9542796117,2.3938935857,7.39008061253437e-05
48.9591735023,2.3938935857,6.197873560639831e-05
48.9640673929,2.3938935857,5.0666178316390346e-05
48.9689612835,2.3938935857,4.037154502993024e-05
48.9738551741,2.3938935857,3.135554614409662e-05
48.9787490647,2.3938935857,2.3737509094109567e-05
48.7389484253,2.3987874763,2.8988819039310763e-10
48.7438423159,2.3987874763,6.791432252801194e-10
48.7487362065,2.3987874763,1.5521120046543738e-09
48.7536300971,2.3987874763,3.4633483829914104e-09
48.7585239877,2.3987874763,7.557344878626866e-09
48.7634178783,2.3987874763,1.6168583118595637e-08
48.7683117689,2.3987874763,3.404475508307973e-08
48.7732056595,2.3987874763,7.088466401212754e-08
48.7780995501,2.3987874763,1.4661767407084243e-07
48.7829934407,2.3987874763,3.020972635480453e-07
48.7878873313,2.3987874763,6.194447132129881e-07
48.7927812219,2.3987874763,1.2570223755555585e-06
48.7976751125,2.3987874763,2.50204165375859e-06
48.8025690031,2.3987874763,4.890902433796219e-06
48.8074628937,2.3987874763,1.0983224332934337e-05
48.8123567843,2.3987874763,4.277472003513318e-05
48.8172506749,2.3987874763,0.00017342561892337636
48.8221445655,2.3987874763,0.0003711062896107076
48.8270384561,2.3987874763,0.0003655246484526316
48.8319323467,2.3987874763,0.00020238606150375216
48.8368262373,2.3987874763,0.00013717655654429454
48.8417201279,2.3987874763,0.0001649202034916723
48.8466140185,2.3987874763,0.0002391599773232537
48.8515079091,2.3987874763,0.00038511682988808573
48.8564017997,2.3987874763,0.0006646529300805543
48.8612956903,2.3987874763,0.0011406980343482028
48.8661895809,2.3987874763,0.0018209245836472091
48.8710834715,2.3987874763,0.0025985199687505456
48.8759773621,2.3987874763,0.0032523282006982914
48.8808712527,2.3987874763,0.003545392100714133
48.8857651433,2.3987874763,0.003369611480597706
48.8906590339,2.3987874763,0.0028179610162719897
48.8955529245,2.3987874763,0.002118619543075943
48.9004468151,2.3987874763,0.0014917942307518508
48.9053407057,2.3987874763,0.001047979150795486
48.9102345963,2.3987874763,0.0007838634510749168
48.9151284869,2.3987874763,0.0006396779984451631
48.9200223775,2.3987874763,0.0005545996731715497
48.9249162681,2.3987874763,0.0004904483784259036
48.9298101587,2.3987874763,0.0004305462740373598
48.9347040493,2.3987874763,0.00037062616949769977
48.9395979399,2.3987874763,0.0003115014756812051
48.9444918305,2.3987874763,0.00025529344575629095
48.9493857211,2.3987874763,0.00020395623264231826
48.9542796117,2.3987874763,0.0001588263449787923
48.9591735023,2.3987874763,0.0001205565715238203
48.9640673929,2.3987874763,8.919513116672058e-05
48.9689612835,2.3987874763,6.43240231710398e-05
48.9738551741,2.3987874763,4.521546772363522e-05
48.9787490647,2.3987874763,3.098008684623122e-05
48.7389484253,2.4036813669,1.798790669833106e-08
48.7438423159,2.4036813669,3.8117824404894105e-08
48.7487362065,2.4036813669,7.87337067585252e-08
48.7536300971,2.4036813669,1.5851944236979154e-07
48.7585239877,2.4036813669,3.1110125840490376e-07
48.7634178783,2.4036813669,5.951593460265419e-07
48.7683117689,2.4036813669,1.1099461675480801e-06
48.7732056595,2.4036813669,2.0181143795286586e-06
48.7780995501,2.4036813669,3.577807953155638e-06
48.7829934407,2.4036813669,6.185551212352604e-06
48.7878873313,2.4036813669,1.0430198173901709e-05
48.7927812219,2.4036813669,1.7155516080911137e-05
48.7976751125,2.4036813669,2.7525824618506215e-05
48.8025690031,2.4036813669,4.3170189056188824e-05
48.8074628937,2.4036813669,6.815422028630828e-05
48.8123567843,2.4036813669,0.00012190372814980137
48.8172506749,2.4036813669,0.000239964099664145
48.8221445655,2.4036813669,0.00036424473950248296
48.8270384561,2.4036813669,0.0003871441470852137
48.8319323467,2.4036813669,0.00039803399501950093
48.8368262373,2.4036813669,0.00048127066922241306
48.8417201279,2.4036813669,0.0006120989439145968
48.8466140185,2.4036813669,0.0007793833801893436
48.8515079091,2.4036813669,0.0010053314755563605
48.8564017997,2.4036813669,0.001336333351777886
48.8612956903,2.4036813669,0.0018297268109606765
48.8661895809,2.4036813669,0.0025128266278120464
48.8710834715,2.4036813669,0.0033223304755672666
48.8759773621,2.4036813669,0.0040749515960195335
48.8808712527,2.4036813669,0.0045258746453545814
48.8857651433,2.4036813669,0.004503837076833237
48.8906590339,2.4036813669,0.004023008561468378
48.8955529245,2.4036813669,0.003272542335996569
48.9004468151,2.4036813669,0.0024935934983846505
48.9053407057,2.4036813669,0.0018513706600047303
48.9102345963,2.4036813669,0.001391826182111466
48.9151284869,2.4036813669,0.0010799800930060503
48.9200223775,2.4036813669,0.0008596170599377446
48.9249162681,2.4036813669,0.0006888833111339986
48.9298101587,2.4036813669,0.0005467220886171407
48.9347040493,2.4036813669,0.0004256238189994779
48.9395979399,2.4036813669,0.000323663084226746
48.9444918305,2.4036813669,0.0002400535605435279
48.9493857211,2.4036813669,0.00017356842663039535
48.9542796117,2.4036813669,0.00012232892873195638
48.9591735023,2.4036813669,8.403728500440177e-05
48.9640673929,2.4036813669,5.627260914785133e-05
48.9689612835,2.4036813669,3.6728562058174625e-05
48.9738551741,2.4036813669,2.3366441690588743e-05
48.9787490647,2.4036813669,1.4489820772377968e-05
48.7389484253,2.4085752575,4.001529453247229e-07
48.7438423159,2.4085752575,7.674429782208936e-07
48.7487362065,2.4085752575,1.4346569230352325e-06
48.7536300971,2.4085752575,2.6141586201825175e-06
48.7585239877,2.4085752575,4.6429921268267125e-06
48.7634178783,2.4085752575,8.03797186701828e-06
48.7683117689,2.4085752575,1.3563702247004242e-05
48.7732056595,2.4085752575,2.2309735768648925e-05
48.7780995501,2.4085752575,3.5768178066151654e-05
48.7829934407,2.4085752575,5.589692106755652e-05
48.7878873313,2.4085752575,8.514724175027798e-05
48.7927812219,2.4085752575,0.00012642936354510234
48.7976751125,2.4085752575,0.0001829906401549618
48.8025690031,2.4085752575,0.0002582927309971737
48.8074628937,2.4085752575,0.00035736894334882814
48.8123567843,2.4085752575,0.0004932105783057936
48.8172506749,2.4085752575,0.0006743740604242754
48.8221445655,2.4085752575,0.0008575292919852666
48.8270384561,2.4085752575,0.00101664139447342
48.8319323467,2.4085752575,0.0011964242149693578
48.8368262373,2.4085752575,0.0014039916718964535
48.8417201279,2.4085752575,0.001617294976112356
48.8466140185,2.4085752575,0.0018273884714059168
48.8515079091,2.4085752575,0.0020423669975194784
48.8564017997,2.4085752575,0.0022921117126829134
48.8612956903,2.4085752575,0.0026273423742623385
48.8661895809,2.4085752575,0.003093942339226126
48.8710834715,2.4085752575,0.00367931173870177
48.8759773621,2.4085752575,0.004264271140826916
48.8808712527,2.4085752575,0.004639914546943038
48.8857651433,2.4085752575,0.0046125715426418926
48.8906590339,2.4085752575,0.0041316435957125565
48.8955529245,2.4085752575,0.0033311805345898763
48.9004468151,2.4085752575,0.0024459290800592074
48.9053407057,2.4085752575,0.0016770135741589155
48.9102345963,2.4085752575,0.0011133208399637937
48.9151284869,2.4085752575,0.000742632452674899
48.9200223775,2.4085752575,0.0005083154758623798
48.9249162681,2.4085752575,0.00035612267802561434
48.9298101587,2.4085752575,0.00025126698673222467
48.9347040493,2.4085752575,0.0001757260700211367
48.9395979399,2.4085752575,0.0001206288666940024
48.9444918305,2.4085752575,8.091077073548305e-05
48.9493857211,2.4085752575,5.293686699619014e-05
48.9542796117,2.4085752575,3.3765456482369034e-05
48.9591735023,2.4085752575,2.0993588413721058e-05
48.9640673929,2.4085752575,1.2722895039128702e-05
48.9689612835,2.4085752575,7.5156675215473435e-06
48.9738551741,2.4085752575,4.327439781675854e-06
48.9787490647,2.4085752575,2.4287135314983046e-06
48.7389484253,2.4134691481,3.1901093174061535e-06
48.7438423159,2.4134691481,5.537330601817651e-06
48.7487362065,2.4134691481,9.36865226032514e-06
48.7536300971,2.4134691481,1.54502520121346e-05
48.7585239877,2.4134691481,2.4835665876174944e-05
48.7634178783,2.4134691481,3.891328215941817e-05
48.7683117689,2.4134691481,5.94294585443734e-05
48.7732056595,2.4134691481,8.84682864197372e-05
48.7780995501,2.4134691481,0.00012836762756977368
48.7829934407,2.4134691481,0.00018155393377066242
48.7878873313,2.4134691481,0.00025028701655865
48.7927812219,2.4134691481,0.00033632090681745433
48.7976751125,2.4134691481,0.0004405106855731154
48.8025690031,2.4134691481,0.0005625194970092858
48.8074628937,2.4134691481,0.000701633155189887
48.8123567843,2.4134691481,0.0008587594683820362
48.8172506749,2.4134691481,0.0010260325457066544
48.8221445655,2.4134691481,0.0011775013684268351
48.8270384561,2.4134691481,0.0013072474834433508
48.8319323467,2.4134691481,0.0014238950623664222
48.8368262373,2.4134691481,0.0015188832581711784
48.8417201279,2.4134691481,0.0015823865583522616
48.8466140185,2.4134691481,0.0016138698286536357
48.8515079091,2.4134691481,0.0016253837630150882
48.8564017997,2.4134691481,0.0016484829385903675
48.8612956903,2.4134691481,0.0017376270004140209
48.8661895809,2.4134691481,0.001955691056306352
48.8710834715,2.4134691481,0.0023313303199252017
48.8759773621,2.4134691481,0.002804533380785165
48.8808712527,2.4134691481,0.003210878777128246
48.8857651433,2.4134691481,0.003348405728207049
48.8906590339,2.4134691481,0.003100739060481418
48.8955529245,2.4134691481,0.0025195856579393644
48.9004468151,2.4134691481,0.0017918406458931084
48.9053407057,2.4134691481,0.0011215825025606791
48.9102345963,2.4134691481,0.0006279670705333289
48.9151284869,2.4134691481,0.0003246009925580291
48.9200223775,2.4134691481,0.00016293452491670838
48.9249162681,2.4134691481,8.423776902135524e-05
48.9298101587,2.4134691481,4.6510361870219506e-05
48.9347040493,2.4134691481,2.7223141223839423e-05
48.9395979399,2.4134691481,1.6359893201604602e-05
48.9444918305,2.4134691481,9.816091545342569e-06
48.9493857211,2.4134691481,5.792312873303263e-06
48.9542796117,2.4134691481,3.3408105545085148e-06
48.9591735023,2.4134691481,1.8795495621288108e-06
48.9640673929,2.4134691481,1.030886801796294e-06
48.9689612835,2.4134691481,5.511433367247531e-07
48.9738551741,2.4134691481,2.872119070129586e-07
48.9787490647,2.4134691481,1.4588897534221587e-07
48.7389484253,2.4183630387,9.114188987380014e-06
48.7438423159,2.4183630387,1.431817759292151e-05
48.7487362065,2.4183630387,2.192498148468832e-05
48.7536300971,2.4183630387,3.2724460958684465e-05
48.7585239877,2.4183630387,4.760883393916264e-05
48.7634178783,2.4183630387,6.75125274784278e-05
48.7683117689,2.4183630387,9.331747390378296e-05
48.7732056595,2.4183630387,0.00012572550117097381
48.7780995501,2.4183630387,0.00016510703938038714
48.7829934407,2.4183630387,0.00021134386601864917
48.7878873313,2.4183630387,0.00026369117466895544
48.7927812219,2.4183630387,0.0003206886534228573
48.7976751125,2.4183630387,0.0003801530996080001
48.8025690031,2.4183630387,0.00043935266774031937
48.8074628937,2.4183630387,0.0004957886941904809
48.8123567843,2.4183630387,0.000547561062684643
48.8172506749,2.4183630387,0.0005887058997510451
48.8221445655,2.4183630387,0.0006113791749609964
48.8270384561,2.4183630387,0.0006176877015769533
48.8319323467,2.4183630387,0.0006108107321382553
48.8368262373,2.4183630387,0.0005900790998579719
48.8417201279,2.4183630387,0.0005568346206428227
48.8466140185,2.4183630387,0.0005163028188416482
48.8515079091,2.4183630387,0.00048021893419884396
48.8564017997,2.4183630387,0.00047270119886703635
48.8612956903,2.4183630387,0.0005358615313644943
48.8661895809,2.4183630387,0.0007249536718570421
48.8710834715,2.4183630387,0.0010802665412420183
48.8759773621,2.4183630387,0.001578311521494665
48.8808712527,2.4183630387,0.00209740977071695
48.8857651433,2.4183630387,0.0024474288665059176
48.8906590339,2.4183630387,0.0024705158376871384
48.8955529245,2.4183630387,0.0021438754481772765
48.9004468151,2.4183630387,0.0015952917361165397
48.9053407057,2.4183630387,0.0010171657771117092
48.9102345963,2.4183630387,0.0005560353654903374
48.9151284869,2.4183630387,0.00026119134295865624
48.9200223775,2.4183630387,0.00010602636538479954
48.9249162681,2.4183630387,3.769862913284379e-05
48.9298101587,2.4183630387,1.2121662587252026e-05
48.9347040493,2.4183630387,3.778294779486363e-06
48.9395979399,2.4183630387,1.2790624926339792e-06
48.9444918305,2.4183630387,5.148302943293589e-07
48.9493857211,2.4183630387,2.4079773635322415e-07
48.9542796117,2.4183630387,1.2026761416363494e-07
48.9591735023,2.4183630387,6.050960374474352e-08
48.9640673929,2.4183630387,2.9954018812100756e-08
48.9689612835,2.4183630387,1.44858232325017e-08
48.9738551741,2.4183630387,6.831467514779032e-09
48.9787490647,2.4183630387,3.1405267721432167e-09
48.7389484253,2.4232569293,9.331756339241563e-06
48.7438423159,2.4232569293,1.3268075500864338e-05
48.7487362065,2.4232569293,1.8387989750989153e-05
48.7536300971,2.4232569293,2.4839471258611643e-05
48.7585239877,2.4232569293,3.27063602888712e-05
48.7634178783,2.4232569293,4.197627168660919e-05
48.7683117689,2.4232569293,5.2511845920007964e-05
48.7732056595,2.4232569293,6.403132492220095e-05
48.7780995501,2.4232569293,7.610434931806127e-05
48.7829934407,2.4232569293,8.816744624569836e-05
48.7878873313,2.4232569293,9.956091100466781e-05
48.7927812219,2.4232569293,0.00010958513377672329
48.7976751125,2.4232569293,0.0001175736573073673
48.8025690031,2.4232569293,0.00012301905416954378
48.8074628937,2.4232569293,0.00012585277807546487
48.8123567843,2.4232569293,0.00012614285916474796
48.8172506749,2.4232569293,0.00012264229815709437
48.8221445655,2.4232569293,0.00011489702297435956
48.8270384561,2.4232569293,0.0001049645418595167
48.8319323467,2.4232569293,9.397284360236227e-05
48.8368262373,2.4232569293,8.225768530883062e-05
48.8417201279,2.4232569293,7.073583015564371e-05
48.8466140185,2.4232569293,6.157647321998057e-05
48.8515079091,2.4232569293,6.036358710606581e-05
48.8564017997,2.4232569293,8.083453205831512e-05
48.8612956903,2.4232569293,0.0001510806835300065
48.8661895809,2.4232569293,0.0003147734243722918
48.8710834715,2.4232569293,0.0006156250365911547
48.8759773621,2.4232569293,0.0010592788716490822
48.8808712527,2.4232569293,0.0015717864529316218
48.8857651433,2.4232569293,0.0019988315666458383
48.8906590339,2.4232569293,0.0021740410056735274
48.8955529245,2.4232569293,0.0020209172543465175
48.9004468151,2.4232569293,0.001605074758077633
48.9053407057,2.4232569293,0.0010890776996009366
48.9102345963,2.4232569293,0.0006312813673831269
48.9151284869,2.4232569293,0.00031260181382587965
48.9200223775,2.4232569293,0.00013224872909966073
48.9249162681,2.4232569293,4.780733993431834e-05
48.9298101587,2.4232569293,1.4773422727236546e-05
48.9347040493,2.4232569293,3.90689330168457e-06
48.9395979399,2.4232569293,8.870115557823038e-07
48.9444918305,2.4232569293,1.746153816262399e-07
48.9493857211,2.4232569293,3.0789468040447195e-08
48.9542796117,2.4232569293,5.378350002191114e-09
48.9591735023,2.4232569293,1.157690421101687e-09
48.9640673929,2.4232569293,3.590409156463225e-10
48.9689612835,2.4232569293,1.405713706130306e-10
48.9738551741,2.4232569293,5.854024632139026e-11
48.9787490647,2.4232569293,2.4247597060038694e-11
48.7389484253,2.4281508199,3.4240622155892162e-06
48.7438423159,2.4281508199,4.406167671194395e-06
48.7487362065,2.4281508199,5.5266526132261035e-06
48.7536300971,2.4281508199,6.756862632314965e-06
48.7585239877,2.4281508199,8.05211164013453e-06
48.7634178783,2.4281508199,9.353114716553372e-06
48.7683117689,2.4281508199,1.05897208174833e-05
48.7732056595,2.4281508199,1.1686771111598148e-05
48.7780995501,2.4281508199,1.2571478223203403e-05
48.7829934407,2.4281508199,1.3181351606858935e-05
48.7878873313,2.4281508199,1.3471482002332399e-05
48.7927812219,2.4281508199,1.3420083716836396e-05
48.7976751125,2.4281508199,1.3033531233611327e-05
48.8025690031,2.4281508199,1.2369915554417487e-05
48.8074628937,2.4281508199,1.1582970742298925e-05
48.8123567843,2.4281508199,1.0701804049932786e-05
48.8172506749,2.4281508199,9.411522069097605e-06
48.8221445655,2.4281508199,7.833643496553184e-06
48.8270384561,2.4281508199,6.408545268347361e-06
48.8319323467,2.4281508199,5.18983402736965e-06
48.8368262373,2.4281508199,4.160058817647005e-06
48.8417201279,2.4281508199,3.512716011392739e-06
48.8466140185,2.4281508199,4.067562465871604e-06
48.8515079091,2.4281508199,8.669560449723105e-06
48.8564017997,2.4281508199,2.5475744667181037e-05
48.8612956903,2.4281508199,7.325386328061678e-05
48.8661895809,2.4281508199,0.00018529639345423276
48.8710834715,2.4281508199,0.0004029759816836691
48.8759773621,2.4281508199,0.0007497747789227491
48.8808712527,2.4281508199,0.0011921258617668415
48.8857651433,2.4281508199,0.0016192851453736882
48.8906590339,2.4281508199,0.0018788719335922663
48.8955529245,2.4281508199,0.001862223430678067
48.9004468151,2.4281508199,0.0015766054135052912
48.9053407057,2.4281508199,0.0011401691637596151
48.9102345963,2.4281508199,0.0007043199609447654
48.9151284869,2.4281508199,0.0003716420982782119
48.9200223775,2.4281508199,0.00016750740258646726
48.9249162681,2.4281508199,6.449076196412302e-05
48.9298101587,2.4281508199,2.1208795250174456e-05
48.9347040493,2.4281508199,5.957868979668847e-06
48.9395979399,2.4281508199,1.4296384472819075e-06
48.9444918305,2.4281508199,2.9304398721620785e-07
48.9493857211,2.4281508199,5.1315091939785383e-08
48.9542796117,2.4281508199,7.678594525422328e-09
48.9591735023,2.4281508199,9.828713219454176e-10
48.9640673929,2.4281508199,1.080977816307112e-10
48.9689612835,2.4281508199,1.0427548944351361e-11
48.9738551741,2.4281508199,9.714160101411972e-13
48.9787490647,2.4281508199,1.2094835120661053e-13
48.7389484253,2.4330447105,4.5024904472225517e-07
48.7438423159,2.4330447105,5.243810648813372e-07
48.7487362065,2.4330447105,5.952823107108264e-07
48.7536300971,2.4330447105,6.586894819700052e-07
48.7585239877,2.4330447105,7.104283030729907e-07
48.7634178783,2.4330447105,7.468640533076767e-07
48.7683117689,2.4330447105,7.653227719150881e-07
48.7732056595,2.4330447105,7.644155143874355e-07
48.7780995501,2.4330447105,7.442110821834552e-07
48.7829934407,2.4330447105,7.062274110123151e-07
48.7878873313,2.4330447105,6.532440892143337e-07
48.7927812219,2.4330447105,5.8902260447123e-07
48.7976751125,2.4330447105,5.190880126333716e-07
48.8025690031,2.4330447105,4.585829915962851e-07
48.8074628937,2.4330447105,4.335555719225238e-07
48.8123567843,2.4330447105,4.097868356408645e-07
48.8172506749,2.4330447105,3.154210984333312e-07
48.8221445655,2.4330447105,2.0697860763283636e-07
48.8270384561,2.4330447105,1.4236237984278647e-07
48.8319323467,2.4330447105,1.0613583860114016e-07
48.8368262373,2.4330447105,9.910947127766593e-08
48.8417201279,2.4330447105,2.056733871030345e-07
48.8466140185,2.4330447105,8.241642340695574e-07
48.8515079091,2.4330447105,3.4672562354281646e-06
48.8564017997,2.4330447105,1.285131881954619e-05
48.8612956903,2.4330447105,4.087462856127313e-05
48.8661895809,2.4330447105,0.00011113241023855178
48.8710834715,2.4330447105,0.0002581320318652704
48.8759773621,2.4330447105,0.0005121644228175412
48.8808712527,2.4330447105,0.0008680277061499733
48.8857651433,2.4330447105,0.0012566439821206344
48.8906590339,2.4330447105,0.0015539779820236159
48.8955529245,2.4330447105,0.0016414635699614037
48.9004468151,2.4330447105,0.0014810556264020012
48.9053407057,2.4330447105,0.0011414718607748577
48.9102345963,2.4330447105,0.0007514719269259108
48.9151284869,2.4330447105,0.00042258494576434476
48.9200223775,2.4330447105,0.00020298735776428476
48.9249162681,2.4330447105,8.328708601646923e-05
48.9298101587,2.4330447105,2.919040047919127e-05
48.9347040493,2.4330447105,8.738887514856339e-06
48.9395979399,2.4330447105,2.2347346295930324e-06
48.9444918305,2.4330447105,4.881457267550764e-07
48.9493857211,2.4330447105,9.10807869842845e-08
48.9542796117,2.4330447105,1.451636526927216e-08
48.9591735023,2.4330447105,1.9762555544387717e-09
48.9640673929,2.4330447105,2.2981768214541965e-10
48.9689612835,2.4330447105,2.2828802858100188e-11
48.9738551741,2.4330447105,1.9371441713081632e-12
48.9787490647,2.4330447105,1.4045040456866807e-13
48.7389484253,2.4379386011,2.1217628880963074e-08
48.7438423159,2.4379386011,2.2364844280318614e-08
48.7487362065,2.4379386011,2.2978235892055985e-08
48.7536300971,2.4379386011,2.301172967505536e-08
48.7585239877,2.4379386011,2.246278597139845e-08
48.7634178783,2.4379386011,2.1372717766599802e-08
48.7683117689,2.4379386011,1.9821552211251817e-08
48.7732056595,2.4379386011,1.791832272446205e-08
48.7780995501,2.4379386011,1.578842633534539e-08
48.7829934407,2.4379386011,1.3560084577026638e-08
48.7878873313,2.4379386011,1.1352678270887076e-08
48.7927812219,2.4379386011,9.299222483247509e-09
48.7976751125,2.4379386011,8.031907579639421e-09
48.8025690031,2.4379386011,1.0731963312950248e-08
48.8074628937,2.4379386011,1.991914821924358e-08
48.8123567843,2.4379386011,2.3125591422371398e-08
48.8172506749,2.4379386011,1.2771681324449553e-08
48.8221445655,2.4379386011,3.8808112408920735e-09
48.8270384561,2.4379386011,1.4470329457484007e-09
48.8319323467,2.4379386011,2.091022120605716e-09
48.8368262373,2.4379386011,1.060982398427686e-08
48.8417201279,2.4379386011,6.491949874163675e-08
48.8466140185,2.4379386011,3.519713621241902e-07
48.8515079091,2.4379386011,1.63591379034077e-06
48.8564017997,2.4379386011,6.497386741796086e-06
48.8612956903,2.4379386011,2.2044080090167856e-05
48.8661895809,2.4379386011,6.388544632274485e-05
48.8710834715,2.4379386011,0.00015814886060502116
48.8759773621,2.4379386011,0.00033441364800250114
48.8808712527,2.4379386011,0.0006040260146496286
48.8857651433,2.4379386011,0.0009319250900787183
48.8906590339,2.4379386011,0.00122817449089422
48.8955529245,2.4379386011,0.0013825882078013743
48.9004468151,2.4379386011,0.0013294724154992292
48.9053407057,2.4379386011,0.0010919921590746523
48.9102345963,2.4379386011,0.0007661493119291386
48.9151284869,2.4379386011,0.00045915679792046837
48.9200223775,2.4379386011,0.00023505112162659222
48.9249162681,2.4379386011,0.00010278206622205675
48.9298101587,2.4379386011,3.839070317858577e-05
48.9347040493,2.4379386011,1.2248657655779978e-05
48.9395979399,2.4379386011,3.3381406609483944e-06
48.9444918305,2.4379386011,7.770956464276736e-07
48.9493857211,2.4379386011,1.5452474148805298e-07
48.9542796117,2.4379386011,2.624673475096289e-08
48.9591735023,2.4379386011,3.808081598187778e-09
48.9640673929,2.4379386011,4.719444857899812e-10
48.9689612835,2.4379386011,4.9960789690156985e-11
48.9738551741,2.4379386011,4.517741557813734e-12
48.9787490647,2.4379386011,3.489532079772536e-13
48.7389484253,2.4428324917,3.583222641647288e-10
48.7438423159,2.4428324917,3.4183588527508905e-10
48.7487362065,2.4428324917,3.178654211064825e-10
48.7536300971,2.4428324917,2.8810493347401925e-10
48.7585239877,2.4428324917,2.545305295957508e-10
48.7634178783,2.4428324917,2.1918500896591484e-10
48.7683117689,2.4428324917,1.8397703058791759e-10
48.7732056595,2.4428324917,1.5052137721702753e-10
48.7780995501,2.4428324917,1.2003690057379097e-10
48.7829934407,2.4428324917,9.331309135108057e-11
48.7878873313,2.4428324917,7.120749086011064e-11
48.7927812219,2.4428324917,6.927055666823018e-11
48.7976751125,2.4428324917,2.715771983621131e-10
48.8025690031,2.4428324917,1.346432598146283e-09
48.8074628937,2.4428324917,3.081076236489784e-09
48.8123567843,2.4428324917,2.9353807657686822e-09
48.8172506749,2.4428324917,1.1557321856964815e-09
48.8221445655,2.4428324917,1.9494558519917476e-10
48.8270384561,2.4428324917,6.672943196769925e-11
48.8319323467,2.4428324917,4.803327743810943e-10
48.8368262373,2.4428324917,3.803014639294311e-09
48.8417201279,2.4428324917,2.5822775352440454e-08
48.8466140185,2.4428324917,1.498081945419644e-07
48.8515079091,2.4428324917,7.423871322587179e-07
48.8564017997,2.4428324917,3.142532672966991e-06
48.8612956903,2.4428324917,1.1362737104027925e-05
48.8661895809,2.4428324917,3.509456247588669e-05
48.8710834715,2.4428324917,9.258708569737777e-05
48.8759773621,2.4428324917,0.00020864822917116536
48.8808712527,2.4428324917,0.0004016360606391449
48.8857651433,2.4428324917,0.0006603959498155403
48.8906590339,2.4428324917,0.0009275339400786047
48.8955529245,2.4428324917,0.0011127790122622803
48.9004468151,2.4428324917,0.0011403594045363286
48.9053407057,2.4428324917,0.0009982246218711416
48.9102345963,2.4428324917,0.0007463946431725208
48.9151284869,2.4428324917,0.00047671899472279735
48.9200223775,2.4428324917,0.00026008188616933047
48.9249162681,2.4428324917,0.00012120246772901146
48.9298101587,2.4428324917,4.824657909466388e-05
48.9347040493,2.4428324917,1.6404964502477625e-05
48.9395979399,2.4428324917,4.7647242471852375e-06
48.9444918305,2.4428324917,1.182099284836877e-06
48.9493857211,2.4428324917,2.505092948544596e-07
48.9542796117,2.4428324917,4.534688307563749e-08
48.9591735023,2.4428324917,7.01172289770943e-09
48.9640673929,2.4428324917,9.260954588268956e-10
48.9689612835,2.4428324917,1.0448175801653012e-10
48.9738551741,2.4428324917,1.0068827372187616e-11
48.9787490647,2.4428324917,8.288406170147951e-13
48.7389484253,2.4477263823,2.16862087789473e-12
48.7438423159,2.4477263823,1.872415907215799e-12
48.7487362065,2.4477263823,1.5758061306023512e-12
48.7536300971,2.4477263823,1.2926621389405895e-12
48.7585239877,2.4477263823,1.033591817882783e-12
48.7634178783,2.4477263823,8.055544944356654e-13
48.7683117689,2.4477263823,6.11959573957473e-13
48.7732056595,2.4477263823,4.5314053096331147e-13
48.7780995501,2.4477263823,3.2708798064997323e-13
48.7829934407,2.4477263823,2.3435272214754805e-13
48.7878873313,2.4477263823,4.155678089530805e-13
48.7927812219,2.4477263823,6.5230975381356816e-12
48.7976751125,2.4477263823,6.578417698012183e-11
48.8025690031,2.4477263823,2.768193280378066e-10
48.8074628937,2.4477263823,4.794907580511038e-10
48.8123567843,2.4477263823,3.4164815793309436e-10
48.8172506749,2.4477263823,1.0023020119137452e-10
48.8221445655,2.4477263823,1.3468908722393094e-11
48.8270384561,2.4477263823,1.680500730648896e-11
48.8319323467,2.4477263823,1.6075898011219826e-10
48.8368262373,2.4477263823,1.3621311822942748e-09
48.8417201279,2.4477263823,9.859464112069951e-09
48.8466140185,2.4477263823,6.095953975351379e-08
48.8515079091,2.4477263823,3.219465482007422e-07
48.8564017997,2.4477263823,1.4523777097385153e-06
48.8612956903,2.4477263823,5.596662057455877e-06
48.8661895809,2.4477263823,1.842181002211832e-05
48.8710834715,2.4477263823,5.179516507146825e-05
48.8759773621,2.4477263823,0.00012439411953152848
48.8808712527,2.4477263823,0.00025519031395238414
48.8857651433,2.4477263823,0.0004471798528026942
48.8906590339,2.4477263823,0.0006693510944654865
48.8955529245,2.4477263823,0.0008558140927595982
48.9004468151,2.4477263823,0.0009346706306164897
48.9053407057,2.4477263823,0.0008719497667178513
48.9102345963,2.4477263823,0.0006948291691029304
48.9151284869,2.4477263823,0.00047295337050062516
48.9200223775,2.4477263823,0.0002749870958329268
48.9249162681,2.4477263823,0.00013657147840963433
48.9298101587,2.4477263823,5.793772176486138e-05
48.9347040493,2.4477263823,2.0995031163999574e-05
48.9395979399,2.4477263823,6.498682808112029e-06
48.9444918305,2.4477263823,1.718255977577645e-06
48.9493857211,2.4477263823,3.880646590429479e-07
48.9542796117,2.4477263823,7.486417278458437e-08
48.9591735023,2.4477263823,1.2336662215281185e-08
48.9640673929,2.4477263823,1.7365009445932814e-09
48.9689612835,2.4477263823,2.0878826281669977e-10
48.9738551741,2.4477263823,2.1443261633048652e-11
48.9787490647,2.4477263823,1.881175504274883e-12
48.7389484253,2.4526202729,4.70355658177607e-15
48.7438423159,2.4526202729,3.675529345686246e-15
48.7487362065,2.4526202729,2.799595014903628e-15
48.7536300971,2.4526202729,2.0785112800071144e-15
48.7585239877,2.4526202729,1.5041517404660238e-15
48.7634178783,2.4526202729,1.0609962036650028e-15
48.7683117689,2.4526202729,7.294940030556234e-16
48.7732056595,2.4526202729,4.889821214233789e-16
48.7780995501,2.4526202729,3.4026824601304317e-16
48.7829934407,2.4526202729,2.4953781415120936e-15
48.7878873313,2.4526202729,1.0369535847619055e-13
48.7927812219,2.4526202729,1.92505064857041e-12
48.7976751125,2.4526202729,1.4715958722950968e-11
48.8025690031,2.4526202729,4.6271862037634825e-11
48.8074628937,2.4526202729,5.984308901097409e-11
48.8123567843,2.4526202729,3.183457592130675e-11
48.8172506749,2.4526202729,6.992026755637173e-12
48.8221445655,2.4526202729,1.0213785251999154e-12
48.8270384561,2.4526202729,4.907323462262875e-12
48.8319323467,2.4526202729,5.163725288136739e-11
48.8368262373,2.4526202729,4.663236768683016e-10
48.8417201279,2.4526202729,3.597232312484652e-09
48.8466140185,2.4526202729,2.370299443070412e-08
48.8515079091,2.4526202729,1.3341100319117786e-07
48.8564017997,2.4526202729,6.414071428668449e-07
48.8612956903,2.4526202729,2.6340841247518967e-06
48.8661895809,2.4526202729,9.240153726141869e-06
48.8710834715,2.4526202729,2.7687418097880984e-05
48.8759773621,2.4526202729,7.086624608106252e-05
48.8808712527,2.4526202729,0.0001549352023902049
48.8857651433,2.4526202729,0.00028934400355470327
48.8906590339,2.4526202729,0.0004615646879176303
48.8955529245,2.4526202729,0.0006289329840676665
48.9004468151,2.4526202729,0.0007320316767876543
48.9053407057,2.4526202729,0.0007277950273368365
48.9102345963,2.4526202729,0.000618076170763592
48.9151284869,2.4526202729,0.0004483618197440606
48.9200223775,2.4526202729,0.0002778234837702313
48.9249162681,2.4526202729,0.00014704930941947475
48.9298101587,2.4526202729,6.648301898333558e-05
48.9347040493,2.4526202729,2.5675102282274082e-05
48.9395979399,2.4526202729,8.469686568786047e-06
48.9444918305,2.4526202729,2.3865811296887375e-06
48.9493857211,2.4526202729,5.744321948073402e-07
48.9542796117,2.4526202729,1.1810140095347753e-07
48.9591735023,2.4526202729,2.0740777519338464e-08
48.9640673929,2.4526202729,3.111348961542022e-09
48.9689612835,2.4526202729,3.9868153374293577e-10
48.9738551741,2.4526202729,4.363723496811566e-11
48.9787490647,2.4526202729,4.079829695162018e-12
48.7389484253,2.4575141635,3.655965225152649e-18
48.7438423159,2.4575141635,2.5856551973915807e-18
48.7487362065,2.4575141635,1.782467857949173e-18
48.7536300971,2.4575141635,1.1977271591629707e-18
48.7585239877,2.4575141635,7.844935249786682e-19
48.7634178783,2.4575141635,5.009038608412374e-19
48.7683117689,2.4575141635,3.120036839123614e-19
48.7732056595,2.4575141635,2.496809768213635e-19
48.7780995501,2.4575141635,1.2103354089496491e-17
48.7829934407,2.4575141635,9.83553948452225e-16
48.7878873313,2.4575141635,3.317924971991352e-14
48.7927812219,2.4575141635,4.603947341911323e-13
48.7976751125,2.4575141635,2.6276150440157276e-12
48.8025690031,2.4575141635,6.168226664863989e-12
48.8074628937,2.4575141635,5.955623834332557e-12
48.8123567843,2.4575141635,2.365532317297497e-12
48.8172506749,2.4575141635,3.9323641339203447e-13
48.8221445655,2.4575141635,1.326028481457594e-13
48.8270384561,2.4575141635,1.4074679643868528e-12
48.8319323467,2.4575141635,1.5850293879759983e-11
48.8368262373,2.4575141635,1.5254948672365847e-10
48.8417201279,2.4575141635,1.254117166769016e-09
48.8466140185,2.4575141635,8.806821245504923e-09
48.8515079091,2.4575141635,5.2826757791186456e-08
48.8564017997,2.4575141635,2.7067144359597457e-07
48.8612956903,2.4575141635,1.184635186816936e-06
48.8661895809,2.4575141635,4.428743459092526e-06
48.8710834715,2.4575141635,1.4142628270422753e-05
48.8759773621,2.4575141635,3.857744276319866e-05
48.8808712527,2.4575141635,8.988566824951684e-05
48.8857651433,2.4575141635,0.0001788962241040716
48.8906590339,2.4575141635,0.0003041344409800459
48.8955529245,2.4575141635,0.0004416555982063011
48.9004468151,2.4575141635,0.0005478423260117227
48.9053407057,2.4575141635,0.0005804718081964324
48.9102345963,2.4575141635,0.0005253640951014311
48.9151284869,2.4575141635,0.00040615644731477064
48.9200223775,2.4575141635,0.0002682131220311043
48.9249162681,2.4575141635,0.0001512935446135936
48.9298101587,2.4575141635,7.28978099709215e-05
48.9347040493,2.4575141635,3.0002833455959737e-05
48.9395979399,2.4575141635,1.0547845698922503e-05
48.9444918305,2.4575141635,3.1675171246305923e-06
48.9493857211,2.4575141635,8.125084414535749e-07
48.9542796117,2.4575141635,1.7802889599796742e-07
48.9591735023,2.4575141635,3.332014037405436e-08
48.9640673929,2.4575141635,5.326928318931871e-09
48.9689612835,2.4575141635,7.27445714904008e-10
48.9738551741,2.4575141635,8.485511646299056e-11
48.9787490647,2.4575141635,8.454913805540443e-12
48.7389484253,2.4624080541,1.0183902099942282e-21
48.7438423159,2.4624080541,6.518883609593642e-22
48.7487362065,2.4624080541,4.0679564675240003e-22
48.7536300971,2.4624080541,2.4759744405085813e-22
48.7585239877,2.4624080541,1.473069699573404e-22
48.7634178783,2.4624080541,8.651250537239093e-23
48.7683117689,2.4624080541,1.534493635566716e-22
48.7732056595,2.4624080541,3.6945284792307026e-20
48.7780995501,2.4624080541,5.4953350926889695e-18
48.7829934407,2.4624080541,3.365046226067883e-16
48.7878873313,2.4624080541,8.475341417052713e-15
48.7927812219,2.4624080541,8.779919594466414e-14
48.7976751125,2.4624080541,3.741028457483311e-13
48.8025690031,2.4624080541,6.556298253592141e-13
48.8074628937,2.4624080541,4.726034347628036e-13
48.8123567843,2.4624080541,1.4020526936934746e-13
48.8172506749,2.4624080541,1.876045511742766e-14
48.8221445655,2.4624080541,2.839866613483916e-14
48.8270384561,2.4624080541,3.871881132357754e-13
48.8319323467,2.4624080541,4.649095700125017e-12
48.8368262373,2.4624080541,4.7685733518463545e-11
48.8417201279,2.4624080541,4.1779397202044176e-10
48.8466140185,2.4624080541,3.1267242255807484e-09
48.8515079091,2.4624080541,1.998806228827736e-08
48.8564017997,2.4624080541,1.09145420027644e-07
48.8612956903,2.4624080541,5.090893896088885e-07
48.8661895809,2.4624080541,2.0283191054138377e-06
48.8710834715,2.4624080541,6.902910205086549e-06
48.8759773621,2.4624080541,2.006697332227816e-05
48.8808712527,2.4624080541,4.9829350837351805e-05
48.8857651433,2.4624080541,0.00010569204283721745
48.8906590339,2.4624080541,0.0001914930699313898
48.8955529245,2.4624080541,0.0002963586022908907
48.9004468151,2.4624080541,0.000391774099308837
48.9053407057,2.4624080541,0.0004423923521990338
48.9102345963,2.4624080541,0.00042671037953126233
48.9151284869,2.4624080541,0.00035157056763877577
48.9200223775,2.4624080541,0.0002474261059157526
48.9249162681,2.4624080541,0.00014874152736095173
48.9298101587,2.4624080541,7.637876998311253e-05
48.9347040493,2.4624080541,3.3501695754297264e-05
48.9395979399,2.4624080541,1.2552049033679089e-05
48.9444918305,2.4624080541,4.017132630400101e-06
48.9493857211,2.4624080541,1.0981746669550095e-06
48.9542796117,2.4624080541,2.564368172990041e-07
48.9591735023,2.4624080541,5.1149694234760806e-08
48.9640673929,2.4624080541,8.714839886594249e-09
48.9689612835,2.4624080541,1.2683218949520133e-09
48.9738551741,2.4624080541,1.5767152702418257e-10
48.9787490647,2.4624080541,1.6742903127201596e-11
48.7389484253,2.4673019447,1.0179022814628598e-25
48.7438423159,2.4673019447,5.931510629612871e-26
48.7487362065,2.4673019447,3.451367887584998e-26
48.7536300971,2.4673019447,2.1758492720346229e-26
48.7585239877,2.4673019447,1.861100295893236e-26
48.7634178783,2.4673019447,1.2718363257675846e-25
48.7683117689,2.4673019447,6.690574576630487e-23
48.7732056595,2.4673019447,1.8067613104193325e-20
48.7780995501,2.4673019447,2.0081666031357714e-18
48.7829934407,2.4673019447,9.180531911631823e-17
48.7878873313,2.4673019447,1.7262476905738888e-15
48.7927812219,2.4673019447,1.3350745236150614e-14
48.7976751125,2.4673019447,4.246929430498097e-14
48.8025690031,2.4673019447,5.5566355412957315e-14
48.8074628937,2.4673019447,2.9903834852887944e-14
48.8123567843,2.4673019447,6.6377812377731255e-15
48.8172506749,2.4673019447,9.900986950104986e-16
48.8221445655,2.4673019447,6.819024123373173e-15
48.8270384561,2.4673019447,1.0182235384994157e-13
48.8319323467,2.4673019447,1.303029594930931e-12
48.8368262373,2.4673019447,1.4243627730392362e-11
48.8417201279,2.4673019447,1.329966361928316e-10
48.8466140185,2.4673019447,1.0607533347156976e-09
48.8515079091,2.4673019447,7.226730536779487e-09
48.8564017997,2.4673019447,4.205552161867749e-08
48.8612956903,2.4673019447,2.0905371670135865e-07
48.8661895809,2.4673019447,8.876596301864675e-07
48.8710834715,2.4673019447,3.2195023894410428e-06
48.8759773621,2.4673019447,9.974353160527625e-06
48.8808712527,2.4673019447,2.639577618887374e-05
48.8857651433,2.4673019447,5.9667499779531856e-05
48.8906590339,2.4673019447,0.00011521126623658148
48.8955529245,2.4673019447,0.00019002282317916524
48.9004468151,2.4673019447,0.00026771351066269067
48.9053407057,2.4673019447,0.00032217253848910695
48.9102345963,2.4673019447,0.00033117721951781337
48.9151284869,2.4673019447,0.0002907944402297806
48.9200223775,2.4673019447,0.00021810491318264514
48.9249162681,2.4673019447,0.00013973284634010485
48.9298101587,2.4673019447,7.646897504799376e-05
48.9347040493,2.4673019447,3.57458591184135e-05
48.9395979399,2.4673019447,1.4273152840641399e-05
48.9444918305,2.4673019447,4.868193140207274e-06
48.9493857211,2.4673019447,1.418304204979171e-06
48.9542796117,2.4673019447,3.5295934730586695e-07
48.9591735023,2.4673019447,7.502978320306834e-08
48.9640673929,2.4673019447,1.3623741737736892e-08
48.9689612835,2.4673019447,2.1130648199359743e-09
48.9738551741,2.4673019447,2.799515933892101e-10
48.9787490647,2.4673019447,3.168157578900481e-11
