LATITUDE,LONGITUDE,probability
48.7389484253,2.2275013053,6.149489281072325e-133
48.7438423159,2.2275013053,3.7938666766898477e-135
48.7487362065,2.2275013053,7.224383090462493e-138
48.7536300971,2.2275013053,4.2461482822906946e-141
48.7585239877,2.2275013053,7.703094605618942e-145
48.7634178783,2.2275013053,4.313313189941195e-149
48.7683117689,2.2275013053,7.454738978672576e-154
48.7732056595,2.2275013053,3.9767617796806804e-159
48.7780995501,2.2275013053,6.547905412142835e-165
48.7829934407,2.2275013053,3.327751628198432e-171
48.7878873313,2.2275013053,5.220055234957524e-178
48.7927812219,2.2275013053,2.5274058050874678e-185
48.7976751125,2.2275013053,3.777030965284103e-193
48.8025690031,2.2275013053,1.742215199913401e-201
48.8074628937,2.2275013053,2.4804400666035535e-210
48.8123567843,2.2275013053,1.0900122124988683e-219
48.8172506749,2.2275013053,1.4784603302745253e-229
48.8221445655,2.2275013053,6.189615549419856e-240
48.8270384561,2.2275013053,7.998220263528765e-251
48.8319323467,2.2275013053,3.1900591190324406e-262
48.8368262373,2.2275013053,3.9271707965228013e-274
48.8417201279,2.2275013053,1.4922326358707782e-286
48.8466140185,2.2275013053,1.750124581683887e-299
48.8515079091,2.2275013053,6.33544437296e-313
48.8564017997,2.2275013053,0.0
48.8612956903,2.2275013053,0.0
48.8661895809,2.2275013053,0.0
48.8710834715,2.2275013053,0.0
48.8759773621,2.2275013053,0.0
48.8808712527,2.2275013053,0.0
48.8857651433,2.2275013053,0.0
48.8906590339,2.2275013053,0.0
48.8955529245,2.2275013053,0.0
48.9004468151,2.2275013053,0.0
48.9053407057,2.2275013053,0.0
48.9102345963,2.2275013053,0.0
48.9151284869,2.2275013053,0.0
48.9200223775,2.2275013053,0.0
48.9249162681,2.2275013053,0.0
48.9298101587,2.2275013053,0.0
48.9347040493,2.2275013053,0.0
48.9395979399,2.2275013053,0.0
48.9444918305,2.2275013053,0.0
48.9493857211,2.2275013053,0.0
48.9542796117,2.2275013053,0.0
48.9591735023,2.2275013053,0.0
48.9640673929,2.2275013053,0.0
48.9689612835,2.2275013053,0.0
48.9738551741,2.2275013053,0.0
48.9787490647,2.2275013053,0.0
48.7389484253,2.2323951959,8.412830170705567e-127
48.7438423159,2.2323951959,8.593208306862858e-129
48.7487362065,2.2323951959,2.709219817124857e-131
48.7536300971,2.2323951959,2.636385013153956e-134
48.7585239877,2.2323951959,7.918612863785966e-138
48.7634178783,2.2323951959,7.341166505128848e-142
48.7683117689,2.2323951959,2.1006646353848585e-146
48.7732056595,2.2323951959,1.8553423604361967e-151
48.7780995501,2.2323951959,5.057863247707479e-157
48.7829934407,2.2323951959,4.255844897605026e-163
48.7878873313,2.2323951959,1.105300043999209e-169
48.7927812219,2.2323951959,8.860337585200842e-177
48.7976751125,2.2323951959,2.1922800783847713e-184
48.8025690031,2.2323951959,1.6742391457178958e-192
48.8074628937,2.2323951959,3.946522953891819e-201
48.8123567843,2.2323951959,2.871358773686978e-210
48.8172506749,2.2323951959,6.4481625135070005e-220
48.8221445655,2.2323951959,4.4695126914725075e-230
48.8270384561,2.2323951959,9.562249287614815e-241
48.8319323467,2.2323951959,6.314451541138757e-252
48.8368262373,2.2323951959,1.28702473702679e-263
48.8417201279,2.2323951959,8.09680798712773e-276
48.8466140185,2.2323951959,1.5722314255844071e-288
48.8515079091,2.2323951959,9.423121513446283e-302
48.8564017997,2.2323951959,1.74320634e-315
48.8612956903,2.2323951959,0.0
48.8661895809,2.2323951959,0.0
48.8710834715,2.2323951959,0.0
48.8759773621,2.2323951959,0.0
48.8808712527,2.2323951959,0.0
48.8857651433,2.2323951959,0.0
48.8906590339,2.2323951959,0.0
48.8955529245,2.2323951959,0.0
48.9004468151,2.2323951959,0.0
48.9053407057,2.2323951959,0.0
48.9102345963,2.2323951959,0.0
48.9151284869,2.2323951959,0.0
48.9200223775,2.2323951959,0.0
48.9249162681,2.2323951959,0.0
48.9298101587,2.2323951959,0.0
48.9347040493,2.2323951959,0.0
48.9395979399,2.2323951959,0.0
48.9444918305,2.2323951959,0.0
48.9493857211,2.2323951959,0.0
48.9542796117,2.2323951959,0.0
48.9591735023,2.2323951959,0.0
48.9640673929,2.2323951959,0.0
48.9689612835,2.2323951959,0.0
48.9738551741,2.2323951959,0.0
48.9787490647,2.2323951959,0.0
48.7389484253,2.2372890865,7.118085516844296e-121
48.7438423159,2.2372890865,1.2037786058831736e-122
48.7487362065,2.2372890865,6.283559418926994e-125
48.7536300971,2.2372890865,1.0123729168056866e-127
48.7585239877,2.2372890865,5.034437999924459e-131
48.7634178783,2.2372890865,7.727467046752837e-135
48.7683117689,2.2372890865,3.660993965673831e-139
48.7732056595,2.2372890865,5.353484514661851e-144
48.7780995501,2.2372890865,2.4162939969830007e-149
48.7829934407,2.2372890865,3.3661904652944476e-155
48.7878873313,2.2372890865,1.4474490398143293e-161
48.7927812219,2.2372890865,1.9210716628865837e-168
48.7976751125,2.2372890865,7.869724621441975e-176
48.8025690031,2.2372890865,9.950644069407764e-184
48.8074628937,2.2372890865,3.883457302960596e-192
48.8123567843,2.2372890865,4.678014500784996e-201
48.8172506749,2.2372890865,1.7393231572539414e-210
48.8221445655,2.2372890865,1.996065006917309e-220
48.8270384561,2.2372890865,7.070412782832335e-231
48.8319323467,2.2372890865,7.730196684876203e-242
48.8368262373,2.2372890865,2.6086271216395585e-253
48.8417201279,2.2372890865,2.7171220873963526e-265
48.8466140185,2.2372890865,8.735383716107289e-278
48.8515079091,2.2372890865,8.668231616683665e-291
48.8564017997,2.2372890865,2.654940020124881e-304
48.8612956903,2.2372890865,2.50989e-318
48.8661895809,2.2372890865,0.0
48.8710834715,2.2372890865,0.0
48.8759773621,2.2372890865,0.0
48.8808712527,2.2372890865,0.0
48.8857651433,2.2372890865,0.0
48.8906590339,2.2372890865,0.0
48.8955529245,2.2372890865,0.0
48.9004468151,2.2372890865,0.0
48.9053407057,2.2372890865,0.0
48.9102345963,2.2372890865,0.0
48.9151284869,2.2372890865,0.0
48.9200223775,2.2372890865,0.0
48.9249162681,2.2372890865,0.0
48.9298101587,2.2372890865,0.0
48.9347040493,2.2372890865,0.0
48.9395979399,2.2372890865,0.0
48.9444918305,2.2372890865,0.0
48.9493857211,2.2372890865,0.0
48.9542796117,2.2372890865,0.0
48.9591735023,2.2372890865,0.0
48.9640673929,2.2372890865,0.0
48.9689612835,2.2372890865,0.0
48.9738551741,2.2372890865,0.0
48.9787490647,2.2372890865,0.0
48.7389484253,2.2421829771,3.7247942398946113e-115
48.7438423159,2.2421829771,1.0429317955382973e-116
48.7487362065,2.2421829771,9.013328820459033e-119
48.7536300971,2.2421829771,2.404308593874342e-121
48.7585239877,2.2421829771,1.9795701152961543e-124
48.7634178783,2.2421829771,5.030686515338408e-128
48.7683117689,2.2421829771,3.946020237472484e-132
48.7732056595,2.2421829771,9.553599861800441e-137
48.7780995501,2.2421829771,7.139215200595446e-142
48.7829934407,2.2421829771,1.6466814207504683e-147
48.7878873313,2.2421829771,1.1723151676699987e-153
48.7927812219,2.2421829771,2.576053444866375e-160
48.7976751125,2.2421829771,1.747193641038391e-167
48.8025690031,2.2421829771,3.6576563390693877e-175
48.8074628937,2.2421829771,2.363417475537098e-183
48.8123567843,2.2421829771,4.713610288437617e-192
48.8172506749,2.2421829771,2.9016337240577014e-201
48.8221445655,2.2421829771,5.5132437480238984e-211
48.8270384561,2.2421829771,3.233311028118638e-221
48.8319323467,2.2421829771,5.852796982283076e-232
48.8368262373,2.2421829771,3.2700554920629125e-243
48.8417201279,2.2421829771,5.639264589003578e-255
48.8466140185,2.2421829771,3.001687711680196e-267
48.8515079091,2.2421829771,4.931558954526867e-280
48.8564017997,2.2421829771,2.500798140028627e-293
48.8612956903,2.2421829771,3.914251552436548e-307
48.8661895809,2.2421829771,1.89e-321
48.8710834715,2.2421829771,0.0
48.8759773621,2.2421829771,0.0
48.8808712527,2.2421829771,0.0
48.8857651433,2.2421829771,0.0
48.8906590339,2.2421829771,0.0
48.8955529245,2.2421829771,0.0
48.9004468151,2.2421829771,0.0
48.9053407057,2.2421829771,0.0
48.9102345963,2.2421829771,0.0
48.9151284869,2.2421829771,0.0
48.9200223775,2.2421829771,0.0
48.9249162681,2.2421829771,0.0
48.9298101587,2.2421829771,0.0
48.9347040493,2.2421829771,0.0
48.9395979399,2.2421829771,0.0
48.9444918305,2.2421829771,0.0
48.9493857211,2.2421829771,0.0
48.9542796117,2.2421829771,0.0
48.9591735023,2.2421829771,0.0
48.9640673929,2.2421829771,0.0
48.9689612835,2.2421829771,0.0
48.9738551741,2.2421829771,0.0
48.9787490647,2.2421829771,0.0
48.7389484253,2.2470768677,1.2054782502334188e-109
48.7438423159,2.2470768677,5.588344893828707e-111
48.7487362065,2.2470768677,7.996182732969547e-113
48.7536300971,2.2470768677,3.5314893877869256e-115
48.7585239877,2.2470768677,4.814029942358316e-118
48.7634178783,2.2470768677,2.025514494163376e-121
48.7683117689,2.2470768677,2.6304957819703945e-125
48.7732056595,2.2470768677,1.0544246511487296e-129
48.7780995501,2.2470768677,1.3045753791404462e-134
48.7829934407,2.2470768677,4.981939987260792e-140
48.7878873313,2.2470768677,5.872235873860645e-146
48.7927812219,2.2470768677,2.136407915612708e-152
48.7976751125,2.2470768677,2.399056915735911e-159
48.8025690031,2.2470768677,8.315198301950594e-167
48.8074628937,2.2470768677,8.895704676962371e-175
48.8123567843,2.2470768677,2.9374047229794473e-183
48.8172506749,2.2470768677,2.9938008508806428e-192
48.8221445655,2.2470768677,9.417978887509605e-202
48.8270384561,2.2470768677,9.144673498386941e-212
48.8319323467,2.2470768677,2.7406550816205047e-222
48.8368262373,2.2470768677,2.5352234671506254e-233
48.8417201279,2.2470768677,7.238586974057837e-245
48.8466140185,2.2470768677,6.379211982710285e-257
48.8515079091,2.2470768677,1.7352256455273897e-269
48.8564017997,2.2470768677,1.4568692192358483e-282
48.8612956903,2.2470768677,3.7753816794691875e-296
48.8661895809,2.2470768677,3.0197907245116e-310
48.8710834715,2.2470768677,0.0
48.8759773621,2.2470768677,0.0
48.8808712527,2.2470768677,0.0
48.8857651433,2.2470768677,0.0
48.8906590339,2.2470768677,0.0
48.8955529245,2.2470768677,0.0
48.9004468151,2.2470768677,0.0
48.9053407057,2.2470768677,0.0
48.9102345963,2.2470768677,0.0
48.9151284869,2.2470768677,0.0
48.9200223775,2.2470768677,0.0
48.9249162681,2.2470768677,0.0
48.9298101587,2.2470768677,0.0
48.9347040493,2.2470768677,0.0
48.9395979399,2.2470768677,0.0
48.9444918305,2.2470768677,0.0
48.9493857211,2.2470768677,0.0
48.9542796117,2.2470768677,0.0
48.9591735023,2.2470768677,0.0
48.9640673929,2.2470768677,0.0
48.9689612835,2.2470768677,0.0
48.9738551741,2.2470768677,0.0
48.9787490647,2.2470768677,0.0
48.7389484253,2.2519707583,2.412873076028564e-104
48.7438423159,2.2519707583,1.851946777074512e-105
48.7487362065,2.2519707583,4.3873088864175726e-107
48.7536300971,2.2519707583,3.208068320151117e-109
48.7585239877,2.2519707583,7.240435546152421e-112
48.7634178783,2.2519707583,5.043841858198551e-115
48.7683117689,2.2519707583,1.0845108906487756e-118
48.7732056595,2.2519707583,7.197506405152764e-123
48.7780995501,2.2519707583,1.4743679750083644e-127
48.7829934407,2.2519707583,9.321920702342767e-133
48.7878873313,2.2519707583,1.8192006645055984e-138
48.7927812219,2.2519707583,1.0958004996504526e-144
48.7976751125,2.2519707583,2.0373144649042184e-151
48.8025690031,2.2519707583,1.1691233371881324e-158
48.8074628937,2.2519707583,2.0708005757569004e-166
48.8123567843,2.2519707583,1.132118561522479e-174
48.8172506749,2.2519707583,1.9103864588310773e-183
48.8221445655,2.2519707583,9.950072329619706e-193
48.8270384561,2.2519707583,1.5995835558071623e-202
48.8319323467,2.2519707583,7.937126650529065e-213
48.8368262373,2.2519707583,1.2156131128024868e-223
48.8417201279,2.2519707583,5.746496261254751e-235
48.8466140185,2.2519707583,8.384681442573562e-247
48.8515079091,2.2519707583,3.7761191756472093e-259
48.8564017997,2.2519707583,5.249047512635891e-272
48.8612956903,2.2519707583,2.252117274895795e-285
48.8661895809,2.2519707583,2.982477570249396e-299
48.8710834715,2.2519707583,1.2190992302e-313
48.8759773621,2.2519707583,0.0
48.8808712527,2.2519707583,0.0
48.8857651433,2.2519707583,0.0
48.8906590339,2.2519707583,0.0
48.8955529245,2.2519707583,0.0
48.9004468151,2.2519707583,0.0
48.9053407057,2.2519707583,0.0
48.9102345963,2.2519707583,0.0
48.9151284869,2.2519707583,0.0
48.9200223775,2.2519707583,0.0
48.9249162681,2.2519707583,0.0
48.9298101587,2.2519707583,0.0
48.9347040493,2.2519707583,0.0
48.9395979399,2.2519707583,0.0
48.9444918305,2.2519707583,0.0
48.9493857211,2.2519707583,0.0
48.9542796117,2.2519707583,0.0
48.9591735023,2.2519707583,0.0
48.9640673929,2.2519707583,0.0
48.9689612835,2.2519707583,0.0
48.9738551741,2.2519707583,0.0
48.9787490647,2.2519707583,0.0
48.7389484253,2.2568646489,2.9869474499864904e-99
48.7438423159,2.2568646489,3.795699368455814e-100
48.7487362065,2.2568646489,1.488784091918321e-101
48.7536300971,2.2568646489,1.8023839773517106e-103
48.7585239877,2.2568646489,6.735015550447517e-106
48.7634178783,2.2568646489,7.7679348422542195e-109
48.7683117689,2.2568646489,2.7653380644578717e-112
48.7732056595,2.2568646489,3.0385513194818544e-116
48.7780995501,2.2568646489,1.0305299218668048e-120
48.7829934407,2.2568646489,1.0787736332013321e-125
48.7878873313,2.2568646489,3.4855853889099115e-131
48.7927812219,2.2568646489,3.4761364542314432e-137
48.7976751125,2.2568646489,1.0700241811967881e-143
48.8025690031,2.2568646489,1.0166373353847964e-150
48.8074628937,2.2568646489,2.9813585135677464e-158
48.8123567843,2.2568646489,2.6985970373131397e-166
48.8172506749,2.2568646489,7.539413467640324e-175
48.8221445655,2.2568646489,6.501488059457163e-184
48.8270384561,2.2568646489,1.7304683634521573e-193
48.8319323467,2.2568646489,1.42164199826129e-203
48.8368262373,2.2568646489,3.604894110977939e-214
48.8417201279,2.2568646489,2.8214377080034523e-225
48.8466140185,2.2568646489,6.815914071249518e-237
48.8515079091,2.2568646489,5.082219676863426e-249
48.8564017997,2.2568646489,1.1696567904069465e-261
48.8612956903,2.2568646489,8.308816085243702e-275
48.8661895809,2.2568646489,1.8217783305135197e-288
48.8710834715,2.2568646489,1.2328992952953726e-302
48.8759773621,2.2568646489,2.575345e-317
48.8808712527,2.2568646489,0.0
48.8857651433,2.2568646489,0.0
48.8906590339,2.2568646489,0.0
48.8955529245,2.2568646489,0.0
48.9004468151,2.2568646489,0.0
48.9053407057,2.2568646489,0.0
48.9102345963,2.2568646489,0.0
48.9151284869,2.2568646489,0.0
48.9200223775,2.2568646489,0.0
48.9249162681,2.2568646489,0.0
48.9298101587,2.2568646489,0.0
48.9347040493,2.2568646489,0.0
48.9395979399,2.2568646489,0.0
48.9444918305,2.2568646489,0.0
48.9493857211,2.2568646489,0.0
48.9542796117,2.2568646489,0.0
48.9591735023,2.2568646489,0.0
48.9640673929,2.2568646489,0.0
48.9689612835,2.2568646489,0.0
48.9738551741,2.2568646489,0.0
48.9787490647,2.2568646489,0.0
48.7389484253,2.2617585395,2.2868553387321602e-94
48.7438423159,2.2617585395,4.811418349437146e-95
48.7487362065,2.2617585395,3.1245194588581005e-96
48.7536300971,2.2617585395,6.262807077417372e-98
48.7585239877,2.2617585395,3.874632527843841e-100
48.7634178783,2.2617585395,7.398909118884249e-103
48.7683117689,2.2617585395,4.3609444247606385e-106
48.7732056595,2.2617585395,7.933578033736743e-110
48.7780995501,2.2617585395,4.454852507028077e-114
48.7829934407,2.2617585395,7.720994592717091e-119
48.7878873313,2.2617585395,4.130369006529389e-124
48.7927812219,2.2617585395,6.819933571602403e-130
48.7976751125,2.2617585395,3.475738721828104e-136
48.8025690031,2.2617585395,5.467512522223004e-143
48.8074628937,2.2617585395,2.654655299035721e-150
48.8123567843,2.2617585395,3.978342542070792e-158
48.8172506749,2.2617585395,1.8402291137663352e-166
48.8221445655,2.2617585395,2.627346226877093e-175
48.8270384561,2.2617585395,1.157812951369121e-184
48.8319323467,2.2617585395,1.574835463094513e-194
48.8368262373,2.2617585395,6.611616502317297e-205
48.8417201279,2.2617585395,8.567533484476708e-216
48.8466140185,2.2617585395,3.426728150706112e-227
48.8515079091,2.2617585395,4.2303780554371695e-239
48.8564017997,2.2617585395,1.6119604993563172e-251
48.8612956903,2.2617585395,1.8958557778926293e-264
48.8661895809,2.2617585395,6.882272812639744e-278
48.8710834715,2.2617585395,7.711416457546571e-292
48.8759773621,2.2617585395,2.6669330802894497e-306
48.8808712527,2.2617585395,2.846e-321
48.8857651433,2.2617585395,0.0
48.8906590339,2.2617585395,0.0
48.8955529245,2.2617585395,0.0
48.9004468151,2.2617585395,0.0
48.9053407057,2.2617585395,0.0
48.9102345963,2.2617585395,0.0
48.9151284869,2.2617585395,0.0
48.9200223775,2.2617585395,0.0
48.9249162681,2.2617585395,0.0
48.9298101587,2.2617585395,0.0
48.9347040493,2.2617585395,0.0
48.9395979399,2.2617585395,0.0
48.9444918305,2.2617585395,0.0
48.9493857211,2.2617585395,0.0
48.9542796117,2.2617585395,0.0
48.9591735023,2.2617585395,0.0
48.9640673929,2.2617585395,0.0
48.9689612835,2.2617585395,0.0
48.9738551741,2.2617585395,0.0
48.9787490647,2.2617585395,0.0
48.7389484253,2.2666524301,1.0828487767566725e-89
48.7438423159,2.2666524301,3.7720065568483645e-90
48.7487362065,2.2666524301,4.0555779592623616e-91
48.7536300971,2.2666524301,1.3458874878775702e-92
48.7585239877,2.2666524301,1.378606886811423e-94
48.7634178783,2.2666524301,4.3586080644994903e-97
48.7683117689,2.2666524301,4.253347624385272e-100
48.7732056595,2.2666524301,1.2811194540831198e-103
48.7780995501,2.2666524301,1.1910337269692237e-107
48.7829934407,2.2666524301,3.4177018995874963e-112
48.7878873313,2.2666524301,3.027052730167181e-117
48.7927812219,2.2666524301,8.275256787819297e-123
48.7976751125,2.2666524301,6.982624026680443e-129
48.8025690031,2.2666524301,1.8185762882825727e-135
48.8074628937,2.2666524301,1.4619081131848073e-142
48.8123567843,2.2666524301,3.6273070073165534e-150
48.8172506749,2.2666524301,2.7779488177829183e-158
48.8221445655,2.2666524301,6.566589247873393e-167
48.8270384561,2.2666524301,4.7910549178341155e-176
48.8319323467,2.2666524301,1.0789420845000151e-185
48.8368262373,2.2666524301,7.499646684657932e-196
48.8417201279,2.2666524301,1.6090115474069794e-206
48.8466140185,2.2666524301,1.0654993874390858e-217
48.8515079091,2.2666524301,2.1778247759962075e-229
48.8564017997,2.2666524301,1.373941844538781e-241
48.8612956903,2.2666524301,2.6754045002789237e-254
48.8661895809,2.2666524301,1.608000732975269e-267
48.8710834715,2.2666524301,2.9830375341045204e-281
48.8759773621,2.2666524301,1.7080747782570012e-295
48.8808712527,2.2666524301,3.01877488552026e-310
48.8857651433,2.2666524301,0.0
48.8906590339,2.2666524301,0.0
48.8955529245,2.2666524301,0.0
48.9004468151,2.2666524301,0.0
48.9053407057,2.2666524301,0.0
48.9102345963,2.2666524301,0.0
48.9151284869,2.2666524301,0.0
48.9200223775,2.2666524301,0.0
48.9249162681,2.2666524301,0.0
48.9298101587,2.2666524301,0.0
48.9347040493,2.2666524301,0.0
48.9395979399,2.2666524301,0.0
48.9444918305,2.2666524301,0.0
48.9493857211,2.2666524301,0.0
48.9542796117,2.2666524301,0.0
48.9591735023,2.2666524301,0.0
48.9640673929,2.2666524301,0.0
48.9689612835,2.2666524301,0.0
48.9738551741,2.2666524301,0.0
48.9787490647,2.2666524301,0.0
48.7389484253,2.2715463207,3.1711364812538615e-85
48.7438423159,2.2715463207,1.8288991756549295e-85
48.7487362065,2.2715463207,3.255669274590868e-86
48.7536300971,2.2715463207,1.7888193497898243e-87
48.7585239877,2.2715463207,3.0336702566437908e-89
48.7634178783,2.2715463207,1.5879833683504077e-91
48.7683117689,2.2715463207,2.56566064147272e-94
48.7732056595,2.2715463207,1.2794642651673984e-97
48.7780995501,2.2715463207,1.9693948412651992e-101
48.7829934407,2.2715463207,9.356493443822726e-106
48.7878873313,2.2715463207,1.372047433174049e-110
48.7927812219,2.2715463207,6.210131837993613e-116
48.7976751125,2.2715463207,8.675773414603676e-122
48.8025690031,2.2715463207,3.7410306668913236e-128
48.8074628937,2.2715463207,4.9790905222670575e-135
48.8123567843,2.2715463207,2.045429250063904e-142
48.8172506749,2.2715463207,2.5935497832456945e-150
48.8221445655,2.2715463207,1.0150335603119184e-158
48.8270384561,2.2715463207,1.2261451963593757e-167
48.8319323467,2.2715463207,4.571714348644151e-177
48.8368262373,2.2715463207,5.261286589361814e-187
48.8417201279,2.2715463207,1.8688761325731023e-197
48.8466140185,2.2715463207,2.0490132308241062e-208
48.8515079091,2.2715463207,6.9340136806746084e-220
48.8564017997,2.2715463207,7.242696921269864e-232
48.8612956903,2.2715463207,2.335025438933768e-244
48.8661895809,2.2715463207,2.3235852292139364e-257
48.8710834715,2.2715463207,7.136763153865716e-271
48.8759773621,2.2715463207,6.765807664589348e-285
48.8808712527,2.2715463207,1.9797652530695357e-299
48.8857651433,2.2715463207,1.788065542e-314
48.8906590339,2.2715463207,0.0
48.8955529245,2.2715463207,0.0
48.9004468151,2.2715463207,0.0
48.9053407057,2.2715463207,0.0
48.9102345963,2.2715463207,0.0
48.9151284869,2.2715463207,0.0
48.9200223775,2.2715463207,0.0
48.9249162681,2.2715463207,0.0
48.9298101587,2.2715463207,0.0
48.9347040493,2.2715463207,0.0
48.9395979399,2.2715463207,0.0
48.9444918305,2.2715463207,0.0
48.9493857211,2.2715463207,0.0
48.9542796117,2.2715463207,0.0
48.9591735023,2.2715463207,0.0
48.9640673929,2.2715463207,0.0
48.9689612835,2.2715463207,0.0
48.9738551741,2.2715463207,0.0
48.9787490647,2.2715463207,0.0
48.7389484253,2.2764402113,5.743545471982775e-81
48.7438423159,2.2764402113,5.48434915205984e-81
48.7487362065,2.2764402113,1.6163887307826257e-81
48.7536300971,2.2764402113,1.4704227678783943e-82
48.7585239877,2.2764402113,4.128709340627675e-84
48.7634178783,2.2764402113,3.578179204419357e-86
48.7683117689,2.2764402113,9.571622266534818e-89
48.7732056595,2.2764402113,7.902867520427369e-92
48.7780995501,2.2764402113,2.0140003352575115e-95
48.7829934407,2.2764402113,1.5842001925273219e-99
48.7878873313,2.2764402113,3.846239036855753e-104
48.7927812219,2.2764402113,2.8822932681660264e-109
48.7976751125,2.2764402113,6.666774258542976e-115
48.8025690031,2.2764402113,4.759584250367799e-121
48.8074628937,2.2764402113,1.0488127881382683e-127
48.8123567843,2.2764402113,7.133499181715916e-135
48.8172506749,2.2764402113,1.4975555599961652e-142
48.8221445655,2.2764402113,9.703735683635986e-151
48.8270384561,2.2764402113,1.9407547572382562e-159
48.8319323467,2.2764402113,1.1980585607637595e-168
48.8368262373,2.2764402113,2.282764555046474e-178
48.8417201279,2.2764402113,1.3425172688968873e-188
48.8466140185,2.2764402113,2.4369932562398474e-199
48.8515079091,2.2764402113,1.365414342472498e-210
48.8564017997,2.2764402113,2.361295175956568e-222
48.8612956903,2.2764402113,1.2604098420543437e-234
48.8661895809,2.2764402113,2.0765814876285553e-247
48.8710834715,2.2764402113,1.0559949874888763e-260
48.8759773621,2.2764402113,1.6574881107226578e-274
48.8808712527,2.2764402113,8.029983879016442e-289
48.8857651433,2.2764402113,1.2007555740395529e-303
48.8906590339,2.2764402113,5.54203e-319
48.8955529245,2.2764402113,0.0
48.9004468151,2.2764402113,0.0
48.9053407057,2.2764402113,0.0
48.9102345963,2.2764402113,0.0
48.9151284869,2.2764402113,0.0
48.9200223775,2.2764402113,0.0
48.9249162681,2.2764402113,0.0
48.9298101587,2.2764402113,0.0
48.9347040493,2.2764402113,0.0
48.9395979399,2.2764402113,0.0
48.9444918305,2.2764402113,0.0
48.9493857211,2.2764402113,0.0
48.9542796117,2.2764402113,0.0
48.9591735023,2.2764402113,0.0
48.9640673929,2.2764402113,0.0
48.9689612835,2.2764402113,0.0
48.9738551741,2.2764402113,0.0
48.9787490647,2.2764402113,0.0
48.7389484253,2.2813341019,6.433735462858419e-77
48.7438423159,2.2813341019,1.0171346126864897e-76
48.7487362065,2.2813341019,4.9632865942580105e-77
48.7536300971,2.2813341019,7.4754262220617255e-78
48.7585239877,2.2813341019,3.475187587122462e-79
48.7634178783,2.2813341019,4.986504685703808e-81
48.7683117689,2.2813341019,2.2084618274617798e-83
48.7732056595,2.2813341019,3.0189731392457833e-86
48.7780995501,2.2813341019,1.2738089247086573e-89
48.7829934407,2.2813341019,1.6589183541147813e-93
48.7878873313,2.2813341019,6.668396630360069e-98
48.7927812219,2.2813341019,8.273580960326244e-103
48.7976751125,2.2813341019,3.16840948729976e-108
48.8025690031,2.2813341019,3.7451117018506665e-114
48.8074628937,2.2813341019,1.3663562018549536e-120
48.8123567843,2.2813341019,1.5386462250823586e-127
48.8172506749,2.2813341019,5.347974223795978e-135
48.8221445655,2.2813341019,5.737405184416446e-143
48.8270384561,2.2813341019,1.899841735830213e-151
48.8319323467,2.2813341019,1.9417575970927586e-160
48.8368262373,2.2813341019,6.125595123721492e-170
48.8417201279,2.2813341019,5.9645440477304155e-180
48.8466140185,2.2813341019,1.7925938344953738e-190
48.8515079091,2.2813341019,1.6628850658047046e-201
48.8564017997,2.2813341019,4.761220052367574e-213
48.8612956903,2.2813341019,4.207750317859572e-225
48.8661895809,2.2813341019,1.1477765706558228e-237
48.8710834715,2.2813341019,9.663633165321873e-251
48.8759773621,2.2813341019,2.5113035022951155e-264
48.8808712527,2.2813341019,2.0143440750209617e-278
48.8857651433,2.2813341019,4.9870508326890204e-293
48.8906590339,2.2813341019,3.810918147523791e-308
48.8955529245,2.2813341019,1e-323
48.9004468151,2.2813341019,0.0
48.9053407057,2.2813341019,0.0
48.9102345963,2.2813341019,0.0
48.9151284869,2.2813341019,0.0
48.9200223775,2.2813341019,0.0
48.9249162681,2.2813341019,0.0
48.9298101587,2.2813341019,0.0
48.9347040493,2.2813341019,0.0
48.9395979399,2.2813341019,0.0
48.9444918305,2.2813341019,0.0
48.9493857211,2.2813341019,0.0
48.9542796117,2.2813341019,0.0
48.9591735023,2.2813341019,0.0
48.9640673929,2.2813341019,0.0
48.9689612835,2.2813341019,0.0
48.9738551741,2.2813341019,0.0
48.9787490647,2.2813341019,0.0
48.7389484253,2.2862279925,4.4572227906704536e-73
48.7438423159,2.2862279925,1.166674693253396e-72
48.7487362065,2.2862279925,9.425641097600572e-73
48.7536300971,2.2862279925,2.350432084906767e-73
48.7585239877,2.2862279925,1.8090901173421187e-74
48.7634178783,2.2862279925,4.297821576966718e-76
48.7683117689,2.2862279925,3.1514632641680567e-78
48.7732056595,2.2862279925,7.132664599072437e-81
48.7780995501,2.2862279925,4.982726419322627e-84
48.7829934407,2.2862279925,1.0743801329374543e-87
48.7878873313,2.2862279925,7.15030523790264e-92
48.7927812219,2.2862279925,1.4688142623009173e-96
48.7976751125,2.2862279925,9.312898432840138e-102
48.8025690031,2.2862279925,1.8225461683335893e-107
48.8074628937,2.2862279925,1.1009000641609355e-113
48.8123567843,2.2862279925,2.052546202970546e-120
48.8172506749,2.2862279925,1.1811734410330557e-127
48.8221445655,2.2862279925,2.098022255931705e-135
48.8270384561,2.2862279925,1.1502233905533827e-143
48.8319323467,2.2862279925,1.9463905418496764e-152
48.8368262373,2.2862279925,1.0166078584239975e-161
48.8417201279,2.2862279925,1.6389006439460006e-171
48.8466140185,2.2862279925,8.155065914770834e-182
48.8515079091,2.2862279925,1.2525007997515304e-192
48.8564017997,2.2862279925,5.937508364870442e-204
48.8612956903,2.2862279925,8.687726563003788e-216
48.8661895809,2.2862279925,3.9235910839457013e-228
48.8710834715,2.2862279925,5.4693664316865744e-241
48.8759773621,2.2862279925,2.3532387388122163e-254
48.8808712527,2.2862279925,3.1251483916320184e-268
48.8857651433,2.2862279925,1.2810054720228102e-282
48.8906590339,2.2862279925,1.6207163465110877e-297
48.8955529245,2.2862279925,6.32905291047e-313
48.9004468151,2.2862279925,0.0
48.9053407057,2.2862279925,0.0
48.9102345963,2.2862279925,0.0
48.9151284869,2.2862279925,0.0
48.9200223775,2.2862279925,0.0
48.9249162681,2.2862279925,0.0
48.9298101587,2.2862279925,0.0
48.9347040493,2.2862279925,0.0
48.9395979399,2.2862279925,0.0
48.9444918305,2.2862279925,0.0
48.9493857211,2.2862279925,0.0
48.9542796117,2.2862279925,0.0
48.9591735023,2.2862279925,0.0
48.9640673929,2.2862279925,0.0
48.9689612835,2.2862279925,0.0
48.9738551741,2.2862279925,0.0
48.9787490647,2.2862279925,0.0
48.7389484253,2.2911218831,1.9097806613961102e-69
48.7438423159,2.2911218831,8.276355328659392e-69
48.7487362065,2.2911218831,1.1070581946352954e-68
48.7536300971,2.2911218831,4.5706446771788677e-69
48.7585239877,2.2911218831,5.824520207519644e-70
48.7634178783,2.2911218831,2.290965444635201e-71
48.7683117689,2.2911218831,2.7813305580286355e-73
48.7732056595,2.2911218831,1.042227102310754e-75
48.7780995501,2.2911218831,1.2054461216273857e-78
48.7829934407,2.2911218831,4.3033724179948813e-82
48.7878873313,2.2911218831,4.7418274491569654e-86
48.7927812219,2.2911218831,1.6127173088251924e-90
48.7976751125,2.2911218831,1.6929589759076996e-95
48.8025690031,2.2911218831,5.485425334195383e-101
48.8074628937,2.2911218831,5.485925026237866e-107
48.8123567843,2.2911218831,1.6934216758101754e-113
48.8172506749,2.2911218831,1.613451991025563e-120
48.8221445655,2.2911218831,4.744851956413016e-128
48.8270384561,2.2911218831,4.3069018258151066e-136
48.8319323467,2.2911218831,1.2066545765589315e-144
48.8368262373,2.2911218831,1.0434620121375555e-153
48.8417201279,2.2911218831,2.785133441127001e-163
48.8466140185,2.2911218831,2.2945158352353534e-173
48.8515079091,2.2911218831,5.83460953020225e-184
48.8564017997,2.2911218831,4.57939621912553e-195
48.8612956903,2.2911218831,1.1093799993597814e-206
48.8661895809,2.2911218831,8.295224208200205e-219
48.8710834715,2.2911218831,1.914483432094396e-231
48.8759773621,2.2911218831,1.3638003016772893e-244
48.8808712527,2.2911218831,2.9986490350778202e-258
48.8857651433,2.2911218831,2.0350551408609263e-272
48.8906590339,2.2911218831,4.262873156685363e-287
48.8955529245,2.2911218831,2.75615936683624e-302
48.9004468151,2.2911218831,5.500245e-318
48.9053407057,2.2911218831,0.0
48.9102345963,2.2911218831,0.0
48.9151284869,2.2911218831,0.0
48.9200223775,2.2911218831,0.0
48.9249162681,2.2911218831,0.0
48.9298101587,2.2911218831,0.0
48.9347040493,2.2911218831,0.0
48.9395979399,2.2911218831,0.0
48.9444918305,2.2911218831,0.0
48.9493857211,2.2911218831,0.0
48.9542796117,2.2911218831,0.0
48.9591735023,2.2911218831,0.0
48.9640673929,2.2911218831,0.0
48.9689612835,2.2911218831,0.0
48.9738551741,2.2911218831,0.0
48.9787490647,2.2911218831,0.0
48.7389484253,2.2960157737,5.060817151984728e-66
48.7438423159,2.2960157737,3.6311691888731856e-65
48.7487362065,2.2960157737,8.041702626292148e-65
48.7536300971,2.2960157737,5.496993461078022e-65
48.7585239877,2.2960157737,1.159786683167899e-65
48.7634178783,2.2960157737,7.552777688505602e-67
48.7683117689,2.2960157737,1.5181370243494239e-68
48.7732056595,2.2960157737,9.418699230257999e-71
48.7780995501,2.2960157737,1.8036263513079098e-73
48.7829934407,2.2960157737,1.0660508022983847e-76
48.7878873313,2.2960157737,1.9448446533848843e-80
48.7927812219,2.2960157737,1.0951349007277246e-84
48.7976751125,2.2960157737,1.9033822213662434e-89
48.8025690031,2.2960157737,1.0210807381326504e-94
48.8074628937,2.2960157737,1.6907128181139756e-100
48.8123567843,2.2960157737,8.640826665454981e-107
48.8172506749,2.2960157737,1.3630645648876867e-113
48.8221445655,2.2960157737,6.636716229429573e-121
48.8270384561,2.2960157737,9.973917139307807e-129
48.8319323467,2.2960157737,4.626514733862598e-137
48.8368262373,2.2960157737,6.623961959756001e-146
48.8417201279,2.2960157737,2.9272336991623494e-155
48.8466140185,2.2960157737,3.9927548802995345e-165
48.8515079091,2.2960157737,1.680984034062734e-175
48.8564017997,2.2960157737,2.184390174121188e-186
48.8612956903,2.2960157737,8.761380191359064e-198
48.8661895809,2.2960157737,1.0846522590702438e-209
48.8710834715,2.2960157737,4.144615149804494e-222
48.8759773621,2.2960157737,4.888251943022e-235
48.8808712527,2.2960157737,1.7795026514792652e-248
48.8857651433,2.2960157737,1.999490677985325e-262
48.8906590339,2.2960157737,6.934510568672598e-277
48.8955529245,2.2960157737,7.423144787333994e-292
48.9004468151,2.2960157737,2.4526508890674114e-307
48.9053407057,2.2960157737,2.5e-323
48.9102345963,2.2960157737,0.0
48.9151284869,2.2960157737,0.0
48.9200223775,2.2960157737,0.0
48.9249162681,2.2960157737,0.0
48.9298101587,2.2960157737,0.0
48.9347040493,2.2960157737,0.0
48.9395979399,2.2960157737,0.0
48.9444918305,2.2960157737,0.0
48.9493857211,2.2960157737,0.0
48.9542796117,2.2960157737,0.0
48.9591735023,2.2960157737,0.0
48.9640673929,2.2960157737,0.0
48.9689612835,2.2960157737,0.0
48.9738551741,2.2960157737,0.0
48.9787490647,2.2960157737,0.0
48.7389484253,2.3009096643,8.294224914206592e-63
48.7438423159,2.3009096643,9.853076341851147e-62
48.7487362065,2.3009096643,3.612797119113252e-61
48.7536300971,2.3009096643,4.088754042892685e-61
48.7585239877,2.3009096643,1.4282824031520474e-61
48.7634178783,2.3009096643,1.5399721650597897e-62
48.7683117689,2.3009096643,5.12492297936783e-64
48.7732056595,2.3009096643,5.264262065663715e-66
48.7780995501,2.3009096643,1.6690269367801832e-68
48.7829934407,2.3009096643,1.6332959193830574e-71
48.7878873313,2.3009096643,4.933351893357789e-75
48.7927812219,2.3009096643,4.5993345259925216e-79
48.7976751125,2.3009096643,1.3234989127666665e-83
48.8025690031,2.3009096643,1.1755141620167424e-88
48.8074628937,2.3009096643,3.222610582081633e-94
48.8123567843,2.3009096643,2.7268640002906615e-100
48.8172506749,2.3009096643,7.121882668519142e-107
48.8221445655,2.3009096643,5.741188905622055e-114
48.8270384561,2.3009096643,1.4285141473691087e-121
48.8319323467,2.3009096643,1.0970917294351267e-129
48.8368262373,2.3009096643,2.6006207462407895e-138
48.8417201279,2.3009096643,1.9027721704551397e-147
48.8466140185,2.3009096643,4.2970681887638104e-157
48.8515079091,2.3009096643,2.9952521346501325e-167
48.8564017997,2.3009096643,6.444217852447147e-178
48.8612956903,2.3009096643,4.279398474121018e-189
48.8661895809,2.3009096643,8.771440619801514e-201
48.8710834715,2.3009096643,5.549256689792226e-213
48.8759773621,2.3009096643,1.0836134508687445e-225
48.8808712527,2.3009096643,6.531149826727855e-239
48.8857651433,2.3009096643,1.2150120708852664e-252
48.8906590339,2.3009096643,6.976654638000551e-267
48.8955529245,2.3009096643,1.2364869681601593e-281
48.9004468151,2.3009096643,6.764061515717958e-297
48.9053407057,2.3009096643,1.14209239629e-312
48.9102345963,2.3009096643,0.0
48.9151284869,2.3009096643,0.0
48.9200223775,2.3009096643,0.0
48.9249162681,2.3009096643,0.0
48.9298101587,2.3009096643,0.0
48.9347040493,2.3009096643,0.0
48.9395979399,2.3009096643,0.0
48.9444918305,2.3009096643,0.0
48.9493857211,2.3009096643,0.0
48.9542796117,2.3009096643,0.0
48.9591735023,2.3009096643,0.0
48.9640673929,2.3009096643,0.0
48.9689612835,2.3009096643,0.0
48.9738551741,2.3009096643,0.0
48.9787490647,2.3009096643,0.0
48.7389484253,2.3058035549,8.407153475997655e-60
48.7438423159,2.3058035549,1.6535419489922828e-58
48.7487362065,2.3058035549,1.0038230061897248e-57
48.7536300971,2.3058035549,1.8809392067158694e-57
48.7585239877,2.3058035549,1.0878476043862556e-57
48.7634178783,2.3058035549,1.9419455415945455e-58
48.7683117689,2.3058035549,1.0699949307943725e-59
48.7732056595,2.3058035549,1.8197095740453085e-61
48.7780995501,2.3058035549,9.552083854466822e-64
48.7829934407,2.3058035549,1.547639690473649e-66
48.7878873313,2.3058035549,7.739577940998495e-70
48.7927812219,2.3058035549,1.194649164406587e-73
48.7976751125,2.3058035549,5.691662970591692e-78
48.8025690031,2.3058035549,8.369772508577715e-83
48.8074628937,2.3058035549,3.7989521093563143e-88
48.8123567843,2.3058035549,5.322181364249363e-94
48.8172506749,2.3058035549,2.301395224405057e-100
48.8221445655,2.3058035549,3.0716266828288586e-107
48.8270384561,2.3058035549,1.2653810958483754e-114
48.8319323467,2.3058035549,1.6089773812031853e-122
48.8368262373,2.3058035549,6.314721800361275e-131
48.8417201279,2.3058035549,7.649520130449378e-140
48.8466140185,2.3058035549,2.860156834301288e-149
48.8515079091,2.3058035549,3.3008150475770867e-159
48.8564017997,2.3058035549,1.1757858230282418e-169
48.8612956903,2.3058035549,1.292739249290739e-180
48.8661895809,2.3058035549,4.387017193969245e-192
48.8710834715,2.3058035549,4.5951894877819454e-204
48.8759773621,2.3058035549,1.48563868396868e-216
48.8808712527,2.3058035549,1.4825135120430957e-229
48.8857651433,2.3058035549,4.5662512884210195e-243
48.8906590339,2.3058035549,4.341068527474055e-257
48.8955529245,2.3058035549,1.2738232219385098e-271
48.9004468151,2.3058035549,1.1537118903232353e-286
48.9053407057,2.3058035549,3.225234239246123e-302
48.9102345963,2.3058035549,2.78292e-318
48.9151284869,2.3058035549,0.0
48.9200223775,2.3058035549,0.0
48.9249162681,2.3058035549,0.0
48.9298101587,2.3058035549,0.0
48.9347040493,2.3058035549,0.0
48.9395979399,2.3058035549,0.0
48.9444918305,2.3058035549,0.0
48.9493857211,2.3058035549,0.0
48.9542796117,2.3058035549,0.0
48.9591735023,2.3058035549,0.0
48.9640673929,2.3058035549,0.0
48.9689612835,2.3058035549,0.0
48.9738551741,2.3058035549,0.0
48.9787490647,2.3058035549,0.0
48.7389484253,2.3106974455,5.270358403280706e-57
48.7438423159,2.3106974455,1.7162343607958158e-55
48.7487362065,2.3106974455,1.724998501414856e-54
48.7536300971,2.3106974455,5.351512422590039e-54
48.7585239877,2.3106974455,5.124364809469022e-54
48.7634178783,2.3106974455,1.5145347023386217e-54
48.7683117689,2.3106974455,1.3816374730674465e-55
48.7732056595,2.3106974455,3.8903140817034957e-57
48.7780995501,2.3106974455,3.3810447042447516e-59
48.7829934407,2.3106974455,9.069698439366089e-62
48.7878873313,2.3106974455,7.509490427571457e-65
48.7927812219,2.3106974455,1.9191272634274166e-68
48.7976751125,2.3106974455,1.5138148760055455e-72
48.8025690031,2.3106974455,3.685678494710251e-77
48.8074628937,2.3106974455,2.7697324229308e-82
48.8123567843,2.3106974455,6.424419146529777e-88
48.8172506749,2.3106974455,4.5994468743798463e-94
48.8221445655,2.3106974455,1.0163727965571419e-100
48.8270384561,2.3106974455,6.932280777164518e-108
48.8319323467,2.3106974455,1.4594020198730202e-115
48.8368262373,2.3106974455,9.483080295465842e-124
48.8417201279,2.3106974455,1.9019522048596727e-132
48.8466140185,2.3106974455,1.1774038641744106e-141
48.8515079091,2.3106974455,2.249712393928713e-151
48.8564017997,2.3106974455,1.3267962378998853e-161
48.8612956903,2.3106974455,2.4152225137911166e-172
48.8661895809,2.3106974455,1.3570184479562964e-183
48.8710834715,2.3106974455,2.353369070983062e-195
48.8759773621,2.3106974455,1.2597083776808022e-207
48.8808712527,2.3106974455,2.0812568500625252e-220
48.8857651433,2.3106974455,1.0613461021004984e-233
48.8906590339,2.3106974455,1.6705676403760263e-247
48.8955529245,2.3106974455,8.116088732926678e-262
48.9004468151,2.3106974455,1.2170409598913109e-276
48.9053407057,2.3106974455,5.6329940105603855e-292
48.9102345963,2.3106974455,8.047279220881523e-308
48.9151284869,2.3106974455,5e-324
48.9200223775,2.3106974455,0.0
48.9249162681,2.3106974455,0.0
48.9298101587,2.3106974455,0.0
48.9347040493,2.3106974455,0.0
48.9395979399,2.3106974455,0.0
48.9444918305,2.3106974455,0.0
48.9493857211,2.3106974455,0.0
48.9542796117,2.3106974455,0.0
48.9591735023,2.3106974455,0.0
48.9640673929,2.3106974455,0.0
48.9689612835,2.3106974455,0.0
48.9738551741,2.3106974455,0.0
48.9787490647,2.3106974455,0.0
48.7389484253,2.3155913361,2.0433809028130726e-54
48.7438423159,2.3155913361,1.1016812923266909e-52
48.7487362065,2.3155913361,1.8333201242006978e-51
48.7536300971,2.3155913361,9.416647707523701e-51
48.7585239877,2.3155913361,1.4928976239300984e-50
48.7634178783,2.3155913361,7.305322903818741e-51
48.7683117689,2.3155913361,1.1033784400851689e-51
48.7732056595,2.3155913361,5.143814006135328e-53
48.7780995501,2.3155913361,7.401533448237577e-55
48.7829934407,2.3155913361,3.2872583860018824e-57
48.7878873313,2.3155913361,4.5063162220296193e-60
48.7927812219,2.3155913361,1.906712320884235e-63
48.7976751125,2.3155913361,2.4901434600955966e-67
48.8025690031,2.3155913361,1.003781644042646e-71
48.8074628937,2.3155913361,1.2489061882054686e-76
48.8123567843,2.3155913361,4.796186605217324e-82
48.8172506749,2.3155913361,5.685098747973356e-88
48.8221445655,2.3155913361,2.079963145343607e-94
48.8270384561,2.3155913361,2.3488157662231423e-101
48.8319323467,2.3155913361,8.186871115578196e-109
48.8368262373,2.3155913361,8.8077025591688e-117
48.8417201279,2.3155913361,2.9247113649726366e-125
48.8466140185,2.3155913361,2.997637216288272e-134
48.8515079091,2.3155913361,9.483110642718981e-144
48.8564017997,2.3155913361,9.259728427788072e-154
48.8612956903,2.3155913361,2.7907527943640126e-164
48.8661895809,2.3155913361,2.596092563797239e-175
48.8710834715,2.3155913361,7.454090556988574e-187
48.8759773621,2.3155913361,6.60609541748682e-199
48.8808712527,2.3155913361,1.8070522347357098e-211
48.8857651433,2.3155913361,1.5257109285654194e-224
48.8906590339,2.3155913361,3.976028548760847e-238
48.8955529245,2.3155913361,3.1981764241426476e-252
48.9004468151,2.3155913361,7.940192424333978e-267
48.9053407057,2.3155913361,6.0846461009498394e-282
48.9102345963,2.3155913361,1.4391806335333006e-297
48.9151284869,2.3155913361,1.0506812337e-313
48.9200223775,2.3155913361,0.0
48.9249162681,2.3155913361,0.0
48.9298101587,2.3155913361,0.0
48.9347040493,2.3155913361,0.0
48.9395979399,2.3155913361,0.0
48.9444918305,2.3155913361,0.0
48.9493857211,2.3155913361,0.0
48.9542796117,2.3155913361,0.0
48.9591735023,2.3155913361,0.0
48.9640673929,2.3155913361,0.0
48.9689612835,2.3155913361,0.0
48.9738551741,2.3155913361,0.0
48.9787490647,2.3155913361,0.0
48.7389484253,2.3204852267,4.899779280880167e-52
48.7438423159,2.3204852267,4.3737440333218275e-50
48.7487362065,2.3204852267,1.2050522988639722e-48
48.7536300971,2.3204852267,1.0247881963407335e-47
48.7585239877,2.3204852267,2.6899116747746843e-47
48.7634178783,2.3204852267,2.1793029745854675e-47
48.7683117689,2.3204852267,5.4497036933078225e-48
48.7732056595,2.3204852267,4.206334968226656e-49
48.7780995501,2.3204852267,1.0020987155128161e-50
48.7829934407,2.3204852267,7.368733379934408e-53
48.7878873313,2.3204852267,1.6724412348419847e-55
48.7927812219,2.3204852267,1.1716140659772896e-58
48.7976751125,2.3204852267,2.5333428773582495e-62
48.8025690031,2.3204852267,1.6907486791526756e-66
48.8074628937,2.3204852267,3.4828905450817057e-71
48.8123567843,2.3204852267,2.2145030474455616e-76
48.8172506749,2.3204852267,4.345987017196482e-82
48.8221445655,2.3204852267,2.6325477262779816e-88
48.8270384561,2.3204852267,4.9219791376782246e-95
48.8319323467,2.3204852267,2.840396508720161e-102
48.8368262373,2.3204852267,5.059339908368502e-110
48.8417201279,2.3204852267,2.7815343824745684e-118
48.8466140185,2.3204852267,4.720094498008776e-127
48.8515079091,2.3204852267,2.4722514524487005e-136
48.8564017997,2.3204852267,3.9967802844313148e-146
48.8612956903,2.3204852267,1.9943601807478557e-156
48.8661895809,2.3204852267,3.0716561718094e-167
48.8710834715,2.3204852267,1.46021664251362e-178
48.8759773621,2.3204852267,2.1425830912791615e-190
48.8808712527,2.3204852267,9.703619063352362e-203
48.8857651433,2.3204852267,1.3564553137182013e-215
48.8906590339,2.3204852267,5.852655074381153e-229
48.8955529245,2.3204852267,7.794280924793061e-243
48.9004468151,2.3204852267,3.2038698549261868e-257
48.9053407057,2.3204852267,4.064895301243829e-272
48.9102345963,2.3204852267,1.5918404940176098e-287
48.9151284869,2.3204852267,1.9240901617332784e-303
48.9200223775,2.3204852267,7.1783e-320
48.9249162681,2.3204852267,0.0
48.9298101587,2.3204852267,0.0
48.9347040493,2.3204852267,0.0
48.9395979399,2.3204852267,0.0
48.9444918305,2.3204852267,0.0
48.9493857211,2.3204852267,0.0
48.9542796117,2.3204852267,0.0
48.9591735023,2.3204852267,0.0
48.9640673929,2.3204852267,0.0
48.9689612835,2.3204852267,0.0
48.9738551741,2.3204852267,0.0
48.9787490647,2.3204852267,0.0
48.7389484253,2.3253791173,7.266440302324842e-50
48.7438423159,2.3253791173,1.073912154244093e-47
48.7487362065,2.3253791173,4.898820107269904e-46
48.7536300971,2.3253791173,6.897471461787775e-45
48.7585239877,2.3253791173,2.9975333191393174e-44
48.7634178783,2.3253791173,4.020812418214276e-44
48.7683117689,2.3253791173,1.6647126983863286e-44
48.7732056595,2.3253791173,2.127357401027417e-45
48.7780995501,2.3253791173,8.391069363321055e-47
48.7829934407,2.3253791173,1.0215740445691198e-48
48.7878873313,2.3253791173,3.8388228886553416e-51
48.7927812219,2.3253791173,4.4524801034673126e-54
48.7976751125,2.3253791173,1.593975293939529e-57
48.8025690031,2.3253791173,1.7613143375804845e-61
48.8074628937,2.3253791173,6.007141216192029e-66
48.8123567843,2.3253791173,6.323747183631764e-71
48.8172506749,2.3253791173,2.0547398458741828e-76
48.8221445655,2.3253791173,2.0607004848546738e-82
48.8270384561,2.3253791173,6.378941069621e-89
48.8319323467,2.3253791173,6.094779431237176e-96
48.8368262373,2.3253791173,1.797393152383742e-103
48.8417201279,2.3253791173,1.6360774500303754e-111
48.8466140185,2.3253791173,4.5966381929969145e-120
48.8515079091,2.3253791173,3.9861392867706513e-129
48.8564017997,2.3253791173,1.066940756749162e-138
48.8612956903,2.3253791173,8.814624719002789e-149
48.8661895809,2.3253791173,2.2477242708710246e-159
48.8710834715,2.3253791173,1.7691225963131704e-170
48.8759773621,2.3253791173,4.297822849842236e-182
48.8808712527,2.3253791173,3.222662146550826e-194
48.8857651433,2.3253791173,7.458589949443005e-207
48.8906590339,2.3253791173,5.3281245923691384e-220
48.8955529245,2.3253791173,1.174810172575e-233
48.9004468151,2.3253791173,7.995335850937524e-248
48.9053407057,2.3253791173,1.679505424263598e-262
48.9102345963,2.3253791173,1.0889345981487803e-277
48.9151284869,2.3253791173,2.1792039070854227e-293
48.9200223775,2.3253791173,1.346076144243036e-309
48.9249162681,2.3253791173,0.0
48.9298101587,2.3253791173,0.0
48.9347040493,2.3253791173,0.0
48.9395979399,2.3253791173,0.0
48.9444918305,2.3253791173,0.0
48.9493857211,2.3253791173,0.0
48.9542796117,2.3253791173,0.0
48.9591735023,2.3253791173,0.0
48.9640673929,2.3253791173,0.0
48.9689612835,2.3253791173,0.0
48.9738551741,2.3253791173,0.0
48.9787490647,2.3253791173,0.0
48.7389484253,2.3302730079,6.664766051384974e-48
48.7438423159,2.3302730079,1.6308054665147023e-45
48.7487362065,2.3302730079,1.2316720727818791e-43
48.7536300971,2.3302730079,2.871201791775003e-42
48.7585239877,2.3302730079,2.0658939550347024e-41
48.7634178783,2.3302730079,4.5880487075611063e-41
48.7683117689,2.3302730079,3.1450220970033135e-41
48.7732056595,2.3302730079,6.654188032887645e-42
48.7780995501,2.3302730079,4.345523702485162e-43
48.7829934407,2.3302730079,8.75920849005547e-45
48.7878873313,2.3302730079,5.449583241231094e-47
48.7927812219,2.3302730079,1.0464955939096394e-49
48.7976751125,2.3302730079,6.202791798819802e-53
48.8025690031,2.3302730079,1.1347826582095758e-56
48.8074628937,2.3302730079,6.4078725164755e-61
48.8123567843,2.3302730079,1.1168393881617922e-65
48.8172506749,2.3302730079,6.008184596634567e-71
48.8221445655,2.3302730079,9.97634592039067e-77
48.8270384561,2.3302730079,5.11299558622318e-83
48.8319323467,2.3302730079,8.088258495572194e-90
48.8368262373,2.3302730079,3.949210779363929e-97
48.8417201279,2.3302730079,5.951703552237708e-105
48.8466140185,2.3302730079,2.768521849418474e-113
48.8515079091,2.3302730079,3.974937512451405e-122
48.8564017997,2.3302730079,1.761523099439278e-131
48.8612956903,2.3302730079,2.4094730100303078e-141
48.8661895809,2.3302730079,1.0172588469417051e-151
48.8710834715,2.3302730079,1.325612441877811e-162
48.8759773621,2.3302730079,5.331843015913038e-174
48.8808712527,2.3302730079,6.619326800801527e-186
48.8857651433,2.3302730079,2.5364480884344913e-198
48.8906590339,2.3302730079,2.999948644128997e-211
48.8955529245,2.3302730079,1.095159433112839e-224
48.9004468151,2.3302730079,1.2340039870217146e-238
48.9053407057,2.3302730079,4.291720828727168e-253
48.9102345963,2.3302730079,4.6070407246752826e-268
48.9151284869,2.3302730079,1.5264701815708596e-283
48.9200223775,2.3302730079,1.5610984242997362e-299
48.9249162681,2.3302730079,4.9277417e-316
48.9298101587,2.3302730079,0.0
48.9347040493,2.3302730079,0.0
48.9395979399,2.3302730079,0.0
48.9444918305,2.3302730079,0.0
48.9493857211,2.3302730079,0.0
48.9542796117,2.3302730079,0.0
48.9591735023,2.3302730079,0.0
48.9640673929,2.3302730079,0.0
48.9689612835,2.3302730079,0.0
48.9738551741,2.3302730079,0.0
48.9787490647,2.3302730079,0.0
48.7389484253,2.3351668985000003,3.780646876990587e-46
48.7438423159,2.3351668985000003,1.531628947316267e-43
48.7487362065,2.3351668985000003,1.9152113334742927e-41
48.7536300971,2.3351668985000003,7.391890532572484e-40
48.7585239877,2.3351668985000003,8.805824725378443e-39
48.7634178783,2.3351668985000003,3.237876154112152e-38
48.7683117689,2.3351668985000003,3.674735765516987e-38
48.7732056595,2.3351668985000003,1.287264183243893e-38
48.7780995501,2.3351668985000003,1.3918259882433295e-39
48.7829934407,2.3351668985000003,4.644916204182927e-41
48.7878873313,2.3351668985000003,4.784609653546159e-43
48.7927812219,2.3351668985000003,1.5212157988083366e-45
48.7976751125,2.3351668985000003,1.492831631101723e-48
48.8025690031,2.3351668985000003,4.521749679413432e-52
48.8074628937,2.3351668985000003,4.227444266883997e-56
48.8123567843,2.3351668985000003,1.2199020226798214e-60
48.8172506749,2.3351668985000003,1.0865449521043388e-65
48.8221445655,2.3351668985000003,2.987075033823303e-71
48.8270384561,2.3351668985000003,2.5346631558332087e-77
48.8319323467,2.3351668985000003,6.638501508161799e-84
48.8368262373,2.3351668985000003,5.366554584208116e-91
48.8417201279,2.3351668985000003,1.3390498037733266e-98
48.8466140185,2.3351668985000003,1.031272877084135e-106
48.8515079091,2.3351668985000003,2.4514675437376052e-115
48.8564017997,2.3351668985000003,1.7986819901814663e-124
48.8612956903,2.3351668985000003,4.0734117426749176e-134
48.8661895809,2.3351668985000003,2.847330775758716e-144
48.8710834715,2.3351668985000003,6.143179706593286e-155
48.8759773621,2.3351668985000003,4.0909503060280335e-166
48.8808712527,2.3351668985000003,8.408739038277776e-178
48.8857651433,2.3351668985000003,5.334739673816428e-190
48.8906590339,2.3351668985000003,1.0446511213279768e-202
48.8955529245,2.3351668985000003,6.314006207304237e-216
48.9004468151,2.3351668985000003,1.177916270438452e-229
48.9053407057,2.3351668985000003,6.782651814606643e-244
48.9102345963,2.3351668985000003,1.2054808405171015e-258
48.9151284869,2.3351668985000003,6.612973580365731e-274
48.9200223775,2.3351668985000003,1.1197187470127582e-289
48.9249162681,2.3351668985000003,5.85189867458583e-306
48.9298101587,2.3351668985000003,9.4e-323
48.9347040493,2.3351668985000003,0.0
48.9395979399,2.3351668985000003,0.0
48.9444918305,2.3351668985000003,0.0
48.9493857211,2.3351668985000003,0.0
48.9542796117,2.3351668985000003,0.0
48.9591735023,2.3351668985000003,0.0
48.9640673929,2.3351668985000003,0.0
48.9689612835,2.3351668985000003,0.0
48.9738551741,2.3351668985000003,0.0
48.9787490647,2.3351668985000003,0.0
48.7389484253,2.3400607891000003,1.3263719439383535e-44
48.7438423159,2.3400607891000003,8.896577766163599e-42
48.7487362065,2.3400607891000003,1.8418587354857043e-39
48.7536300971,2.3400607891000003,1.1769698652288446e-37
48.7585239877,2.3400607891000003,2.3214004010078497e-36
48.7634178783,2.3400607891000003,1.413222207058758e-35
48.7683117689,2.3400607891000003,2.6555014184549975e-35
48.7732056595,2.3400607891000003,1.5401332914979428e-35
48.7780995501,2.3400607891000003,2.7570571340282542e-36
48.7829934407,2.3400607891000003,1.5233823157925496e-37
48.7878873313,2.3400607891000003,2.598051406096048e-39
48.7927812219,2.3400607891000003,1.367609964828172e-41
48.7976751125,2.3400607891000003,2.2220430029891734e-44
48.8025690031,2.3400607891000003,1.1143416136141121e-47
48.8074628937,2.3400607891000003,1.7248841235830338e-51
48.8123567843,2.3400607891000003,8.240948252294419e-56
48.8172506749,2.3400607891000003,1.2152626087988329e-60
48.8221445655,2.3400607891000003,5.531447194990506e-66
48.8270384561,2.3400607891000003,7.771110642234775e-72
48.8319323467,2.3400607891000003,3.369792041292992e-78
48.8368262373,2.3400607891000003,4.5102310926171993e-85
48.8417201279,2.3400607891000003,1.863245904644106e-92
48.8466140185,2.3400607891000003,2.3758402877308725e-100
48.8515079091,2.3400607891000003,9.35061112993259e-109
48.8564017997,2.3400607891000003,1.1358956492296982e-117
48.8612956903,2.3400607891000003,4.259048273067707e-127
48.8661895809,2.3400607891000003,4.929040372248277e-137
48.8710834715,2.3400607891000003,1.7607101773933073e-147
48.8759773621,2.3400607891000003,1.941283933507923e-158
48.8808712527,2.3400607891000003,6.606416227993224e-170
48.8857651433,2.3400607891000003,6.939345178784761e-182
48.8906590339,2.3400607891000003,2.2498146256619197e-194
48.8955529245,2.3400607891000003,2.2513896593763167e-207
48.9004468151,2.3400607891000003,6.953929522049454e-221
48.9053407057,2.3400607891000003,6.629573486174749e-235
48.9102345963,2.3400607891000003,1.9508172156707557e-249
48.9151284869,2.3400607891000003,1.771834919296596e-264
48.9200223775,2.3400607891000003,4.96713106827354e-280
48.9249162681,2.3400607891000003,4.2979728696347236e-296
48.9298101587,2.3400607891000003,1.14788242387e-312
48.9347040493,2.3400607891000003,0.0
48.9395979399,2.3400607891000003,0.0
48.9444918305,2.3400607891000003,0.0
48.9493857211,2.3400607891000003,0.0
48.9542796117,2.3400607891000003,0.0
48.9591735023,2.3400607891000003,0.0
48.9640673929,2.3400607891000003,0.0
48.9689612835,2.3400607891000003,0.0
48.9738551741,2.3400607891000003,0.0
48.9787490647,2.3400607891000003,0.0
48.7389484253,2.3449546797000003,2.8779453660264292e-43
48.7438423159,2.3449546797000003,3.19602670278525e-40
48.7487362065,2.3449546797000003,1.0955039293274702e-37
48.7536300971,2.3449546797000003,1.1590259680385246e-35
48.7585239877,2.3449546797000003,3.784844835293774e-34
48.7634178783,2.3449546797000003,3.8148606571875865e-33
48.7683117689,2.3449546797000003,1.1868202983227653e-32
48.7732056595,2.3449546797000003,1.1396380422893429e-32
48.7780995501,2.3449546797000003,3.377727400644409e-33
48.7829934407,2.3449546797000003,3.0899961781708395e-34
48.7878873313,2.3449546797000003,8.725030906549591e-36
48.7927812219,2.3449546797000003,7.604167806864514e-38
48.7976751125,2.3449546797000003,2.0455594070885206e-40
48.8025690031,2.3449546797000003,1.698432094088303e-43
48.8074628937,2.3449546797000003,4.3527123255438934e-47
48.8123567843,2.3449546797000003,3.4430825004068626e-51
48.8172506749,2.3449546797000003,8.406410223931042e-56
48.8221445655,2.3449546797000003,6.335040796014934e-61
48.8270384561,2.3449546797000003,1.4735468183560968e-66
48.8319323467,2.3449546797000003,1.0579232178817944e-72
48.8368262373,2.3449546797000003,2.344337013536366e-79
48.8417201279,2.3449546797000003,1.6034729088817546e-86
48.8466140185,2.3449546797000003,3.385157623083514e-94
48.8515079091,2.3449546797000003,2.2058290438379004e-102
48.8564017997,2.3449546797000003,4.436500065763569e-111
48.8612956903,2.3449546797000003,2.7541324376949824e-120
48.8661895809,2.3449546797000003,5.2772155649800865e-130
48.8710834715,2.3449546797000003,3.121048629543136e-140
48.8759773621,2.3449546797000003,5.6973371815400646e-151
48.8808712527,2.3449546797000003,3.2101032139871734e-162
48.8857651433,2.3449546797000003,5.582667425175673e-174
48.8906590339,2.3449546797000003,2.9966788520768105e-186
48.8955529245,2.3449546797000003,4.964943788206667e-199
48.9004468151,2.3449546797000003,2.539008502557359e-212
48.9053407057,2.3449546797000003,4.007648843501309e-226
48.9102345963,2.3449546797000003,1.9524991483064695e-240
48.9151284869,2.3449546797000003,2.936078965290408e-255
48.9200223775,2.3449546797000003,1.3627628839806638e-270
48.9249162681,2.3449546797000003,1.9523089638515712e-286
48.9298101587,2.3449546797000003,8.633787113643485e-303
48.9347040493,2.3449546797000003,4.842164e-318
48.9395979399,2.3449546797000003,0.0
48.9444918305,2.3449546797000003,0.0
48.9493857211,2.3449546797000003,0.0
48.9542796117,2.3449546797000003,0.0
48.9591735023,2.3449546797000003,0.0
48.9640673929,2.3449546797000003,0.0
48.9689612835,2.3449546797000003,0.0
48.9738551741,2.3449546797000003,0.0
48.9787490647,2.3449546797000003,0.0
48.7389484253,2.3498485703,3.862048912383784e-42
48.7438423159,2.3498485703,7.100939710599143e-39
48.7487362065,2.3498485703,4.029856368554835e-36
48.7536300971,2.3498485703,7.058931959668843e-34
48.7585239877,2.3498485703,3.816489840598127e-32
48.7634178783,2.3498485703,6.368907067658781e-31
48.7683117689,2.3498485703,3.2805102538831286e-30
48.7732056595,2.3498485703,5.215471465411316e-30
48.7780995501,2.3498485703,2.559301399516199e-30
48.7829934407,2.3498485703,3.8763678334361793e-31
48.7878873313,2.3498485703,1.8121920232047124e-32
48.7927812219,2.3498485703,2.6149243799147064e-34
48.7976751125,2.3498485703,1.1646347393707263e-36
48.8025690031,2.3498485703,1.6010173300812187e-39
48.8074628937,2.3498485703,6.7932564831600484e-43
48.8123567843,2.3498485703,8.896837890363342e-47
48.8172506749,2.3498485703,3.596408613757783e-51
48.8221445655,2.3498485703,4.487227281381905e-56
48.8270384561,2.3498485703,1.728075814779225e-61
48.8319323467,2.3498485703,2.054107664928334e-67
48.8368262373,2.3498485703,7.536319477412348e-74
48.8417201279,2.3498485703,8.534362477473691e-81
48.8466140185,2.3498485703,2.9830364144324615e-88
48.8515079091,2.3498485703,3.2182643295375048e-96
48.8564017997,2.3498485703,1.071668720378244e-104
48.8612956903,2.3498485703,1.1014761157145961e-113
48.8661895809,2.3498485703,3.494341132376906e-123
48.8710834715,2.3498485703,3.421615485563401e-133
48.8759773621,2.3498485703,1.0341244148717973e-143
48.8808712527,2.3498485703,9.646950872233901e-155
48.8857651433,2.3498485703,2.777685223533984e-166
48.8906590339,2.3498485703,2.4686054108353375e-178
48.8955529245,2.3498485703,6.771673513372681e-191
48.9004468151,2.3498485703,5.733450032764971e-204
48.9053407057,2.3498485703,1.4983447113662013e-217
48.9102345963,2.3498485703,1.2086015113800958e-231
48.9151284869,2.3498485703,3.009055604388608e-246
48.9200223775,2.3498485703,2.312346859221018e-261
48.9249162681,2.3498485703,5.485305668336417e-277
48.9298101587,2.3498485703,9.776158662745976e-292
48.9347040493,2.3498485703,7.678800297446103e-303
48.9395979399,2.3498485703,3.4288264916e-314
48.9444918305,2.3498485703,0.0
48.9493857211,2.3498485703,0.0
48.9542796117,2.3498485703,0.0
48.9591735023,2.3498485703,0.0
48.9640673929,2.3498485703,0.0
48.9689612835,2.3498485703,0.0
48.9738551741,2.3498485703,0.0
48.9787490647,2.3498485703,0.0
48.7389484253,2.3547424609,3.205317101549807e-41
48.7438423159,2.3547424609,9.757515679766386e-38
48.7487362065,2.3547424609,9.168181481295838e-35
48.7536300971,2.3547424609,2.6589050657298676e-32
48.7585239877,2.3547424609,2.380116131684914e-30
48.7634178783,2.3547424609,6.57611123513562e-29
48.7683117689,2.3547424609,5.608101173403589e-28
48.7732056595,2.3547424609,1.4761762563964463e-27
48.7780995501,2.3547424609,1.1993233183302317e-27
48.7829934407,2.3547424609,3.0075304023957296e-28
48.7878873313,2.3547424609,2.3278739539896263e-29
48.7927812219,2.3547424609,5.561405761481453e-31
48.7976751125,2.3547424609,4.100958649000986e-33
48.8025690031,2.3547424609,9.33387293451331e-36
48.8074628937,2.3547424609,6.557134091532855e-39
48.8123567843,2.3547424609,1.4218112032335664e-42
48.8172506749,2.3547424609,9.515803938728515e-47
48.8221445655,2.3547424609,1.9657338902925782e-51
48.8270384561,2.3547424609,1.2533710273874892e-56
48.8319323467,2.3547424609,2.4666655255720598e-62
48.8368262373,2.3547424609,1.4983613542263944e-68
48.8417201279,2.3547424609,2.8093027782092256e-75
48.8466140185,2.3547424609,1.625759201008454e-82
48.8515079091,2.3547424609,2.903952971936161e-90
48.8564017997,2.3547424609,1.601026880704252e-98
48.8612956903,2.3547424609,2.724478310239774e-107
48.8661895809,2.3547424609,1.4310136367920942e-116
48.8710834715,2.3547424609,2.319956684630117e-126
48.8759773621,2.3547424609,1.1608915947147685e-136
48.8808712527,2.3547424609,1.7929952688031285e-147
48.8857651433,2.3547424609,8.547562928326521e-159
48.8906590339,2.3547424609,1.2577118605932438e-170
48.8955529245,2.3547424609,5.712098561437077e-183
48.9004468151,2.3547424609,8.007296589282197e-196
48.9053407057,2.3547424609,3.464589811607008e-209
48.9102345963,2.3547424609,4.626935220769677e-223
48.9151284869,2.3547424609,1.907263518057021e-237
48.9200223775,2.3547424609,2.4269195122255535e-252
48.9249162681,2.3547424609,1.4360262896064188e-266
48.9298101587,2.3547424609,3.391753816223998e-277
48.9347040493,2.3547424609,4.677560098814107e-288
48.9395979399,2.3547424609,3.516634181932925e-299
48.9444918305,2.3547424609,1.4412775614318e-310
48.9493857211,2.3547424609,3.2e-322
48.9542796117,2.3547424609,0.0
48.9591735023,2.3547424609,0.0
48.9640673929,2.3547424609,0.0
48.9689612835,2.3547424609,0.0
48.9738551741,2.3547424609,0.0
48.9787490647,2.3547424609,0.0
48.7389484253,2.3596363515,1.645289165772235e-40
48.7438423159,2.3596363515,8.292408662419219e-37
48.7487362065,2.3596363515,1.2900152423937054e-33
48.7536300971,2.3596363515,6.194192148875668e-31
48.7585239877,2.3596363515,9.180158749955161e-29
48.7634178783,2.3596363515,4.199440147084874e-27
48.7683117689,2.3596363515,5.929366381313016e-26
48.7732056595,2.3596363515,2.58404970922353e-25
48.7780995501,2.3596363515,3.4759148390962704e-25
48.7829934407,2.3596363515,1.4431553298862627e-25
48.7878873313,2.3596363515,1.8494079242845893e-26
48.7927812219,2.3596363515,7.31523086951652e-28
48.7976751125,2.3596363515,8.930978551832441e-30
48.8025690031,2.3596363515,3.3654701437782193e-32
48.8074628937,2.3596363515,3.9144263326700125e-35
48.8123567843,2.3596363515,1.4052907669710775e-38
48.8172506749,2.3596363515,1.5571840543237142e-42
48.8221445655,2.3596363515,5.32585562509212e-47
48.8270384561,2.3596363515,5.6223064952041226e-52
48.8319323467,2.3596363515,1.831957235067009e-57
48.8368262373,2.3596363515,1.8424335442174456e-63
48.8417201279,2.3596363515,5.7193150321721426e-70
48.8466140185,2.3596363515,5.479890653078822e-77
48.8515079091,2.3596363515,1.6205985741479217e-84
48.8564017997,2.3596363515,1.4792946915305767e-92
48.8612956903,2.3596363515,4.1678264985616553e-101
48.8661895809,2.3596363515,3.624434458214383e-110
48.8710834715,2.3596363515,9.728515075788946e-120
48.8759773621,2.3596363515,8.059879487474959e-130
48.8808712527,2.3596363515,2.0610390799059892e-140
48.8857651433,2.3596363515,1.6267454153593264e-151
48.8906590339,2.3596363515,3.9630417051516565e-163
48.8955529245,2.3596363515,2.9799802124899654e-175
48.9004468151,2.3596363515,6.916299705473703e-188
48.9053407057,2.3596363515,4.954615019631911e-201
48.9102345963,2.3596363515,1.09552353829316e-214
48.9151284869,2.3596363515,7.477651170357405e-229
48.9200223775,2.3596363515,1.5394867946687794e-242
48.9249162681,2.3596363515,1.0797689625824822e-252
48.9298101587,2.3596363515,4.599055430328142e-263
48.9347040493,2.3596363515,1.0678726786454633e-273
48.9395979399,2.3596363515,1.351708117450964e-284
48.9444918305,2.3596363515,9.327365251168557e-296
48.9493857211,2.3596363515,3.508711503400056e-307
48.9542796117,2.3596363515,7.19533e-319
48.9591735023,2.3596363515,0.0
48.9640673929,2.3596363515,0.0
48.9689612835,2.3596363515,0.0
48.9738551741,2.3596363515,0.0
48.9787490647,2.3596363515,0.0
48.7389484253,2.3645302421,5.2231377769241375e-40
48.7438423159,2.3645302421,4.3585310250879724e-36
48.7487362065,2.3645302421,1.1225985799083328e-32
48.7536300971,2.3645302421,8.92451290069871e-30
48.7585239877,2.3645302421,2.189879616887601e-27
48.7634178783,2.3645302421,1.658561757068512e-25
48.7683117689,2.3645302421,3.87720478160051e-24
48.7732056595,2.3645302421,2.7975735839069377e-23
48.7780995501,2.3645302421,6.230458157632089e-23
48.7829934407,2.3645302421,4.2828625362372223e-23
48.7878873313,2.3645302421,9.08707209100452e-24
48.7927812219,2.3645302421,5.950993802395619e-25
48.7976751125,2.3645302421,1.2029032794149165e-26
48.8025690031,2.3645302421,7.504946595819466e-29
48.8074628937,2.3645302421,1.4452407217685692e-31
48.8123567843,2.3645302421,8.590302553598726e-35
48.8172506749,2.3645302421,1.5759862231460972e-38
48.8221445655,2.3645302421,8.924256817316153e-43
48.8270384561,2.3645302421,1.5597945159502793e-47
48.8319323467,2.3645302421,8.41469549969623e-53
48.8368262373,2.3645302421,1.4011515356987457e-58
48.8417201279,2.3645302421,7.20124349275496e-65
48.8466140185,2.3645302421,1.142366794513889e-71
48.8515079091,2.3645302421,5.593444488608845e-79
48.8564017997,2.3645302421,8.453348627541966e-87
48.8612956903,2.3645302421,3.943246391498153e-95
48.8661895809,2.3645302421,5.677468525708205e-104
48.8710834715,2.3645302421,2.523081286266224e-113
48.8759773621,2.3645302421,3.460855255202192e-123
48.8808712527,2.3645302421,1.4652486029937092e-133
48.8857651433,2.3645302421,1.9147623633214494e-144
48.8906590339,2.3645302421,7.72314404866689e-156
48.8955529245,2.3645302421,9.614995258398466e-168
48.9004468151,2.3645302421,3.6947044193912436e-180
48.9053407057,2.3645302421,4.3821376461407554e-193
48.9102345963,2.3645302421,1.6044670326095436e-206
48.9151284869,2.3645302421,1.2079696750323728e-219
48.9200223775,2.3645302421,2.4774973023560444e-229
48.9249162681,2.3645302421,3.259067177988961e-239
48.9298101587,2.3645302421,2.3371530758794725e-249
48.9347040493,2.3645302421,9.136789493404471e-260
48.9395979399,2.3645302421,1.9472095698539033e-270
48.9444918305,2.3645302421,2.262269741211134e-281
48.9493857211,2.3645302421,1.4328102949035835e-292
48.9542796117,2.3645302421,4.947042201025003e-304
48.9591735023,2.3645302421,9.3114036e-316
48.9640673929,2.3645302421,0.0
48.9689612835,2.3645302421,0.0
48.9738551741,2.3645302421,0.0
48.9787490647,2.3645302421,0.0
48.7389484253,2.3694241327,1.0255235414766805e-39
48.7438423159,2.3694241327,1.416829509818678e-35
48.7487362065,2.3694241327,6.041880642207708e-32
48.7536300971,2.3694241327,7.952476167356658e-29
48.7585239877,2.3694241327,3.2307867821171114e-26
48.7634178783,2.3694241327,4.051258031263921e-24
48.7683117689,2.3694241327,1.5680041182298206e-22
48.7732056595,2.3694241327,1.8731828779093326e-21
48.7780995501,2.3694241327,6.906990302075315e-21
48.7829934407,2.3694241327,7.860916795349567e-21
48.7878873313,2.3694241327,2.761424916042545e-21
48.7927812219,2.3694241327,2.994118365712862e-22
48.7976751125,2.3694241327,1.0020292005927328e-23
48.8025690031,2.3694241327,1.0350646499521904e-25
48.8074628937,2.3694241327,3.300124025874485e-28
48.8123567843,2.3694241327,3.2476463700665237e-31
48.8172506749,2.3694241327,9.864677502695272e-35
48.8221445655,2.3694241327,9.248530569423354e-39
48.8270384561,2.3694241327,2.6763214038466672e-43
48.8319323467,2.3694241327,2.390449012478503e-48
48.8368262373,2.3694241327,6.590166521776068e-54
48.8417201279,2.3694241327,5.607754322829126e-60
48.8466140185,2.3694241327,1.4728457146271677e-66
48.8515079091,2.3694241327,1.1939914545210785e-73
48.8564017997,2.3694241327,2.9875891118863187e-81
48.8612956903,2.3694241327,2.3073644862526416e-89
48.8661895809,2.3694241327,5.500310747229113e-98
48.8710834715,2.3694241327,4.0470068077070796e-107
48.8759773621,2.3694241327,9.190863795129991e-117
48.8808712527,2.3694241327,6.4424997690675785e-127
48.8857651433,2.3694241327,1.393888964040809e-137
48.8906590339,2.3694241327,9.308455652391046e-149
48.8955529245,2.3694241327,1.9186809995591773e-160
48.9004468151,2.3694241327,1.2206849995534141e-172
48.9053407057,2.3694241327,2.3974688057548767e-185
48.9102345963,2.3694241327,6.950290741277412e-198
48.9151284869,2.3694241327,4.097057113941277e-207
48.9200223775,2.3694241327,1.6645367261532044e-216
48.9249162681,2.3694241327,3.686635848735628e-226
48.9298101587,2.3694241327,4.4512267384008465e-236
48.9347040493,2.3694241327,2.9298258577534746e-246
48.9395979399,2.3694241327,1.0512754276535481e-256
48.9444918305,2.3694241327,2.056382192458967e-267
48.9493857211,2.3694241327,2.192823973545267e-278
48.9542796117,2.3694241327,1.2747244679226596e-289
48.9591735023,2.3694241327,4.0396290692181676e-301
48.9640673929,2.3694241327,6.9787761891e-313
48.9689612835,2.3694241327,0.0
48.9738551741,2.3694241327,0.0
48.9787490647,2.3694241327,0.0
48.7389484253,2.3743180233,1.4197711983025653e-39
48.7438423159,2.3743180233,2.848515700137433e-35
48.7487362065,2.3743180233,2.0111191514512044e-31
48.7536300971,2.3743180233,4.382664612631038e-28
48.7585239877,2.3743180233,2.9479109472977274e-25
48.7634178783,2.3743180233,6.120207814240563e-23
48.7683117689,2.3743180233,3.921874251622362e-21
48.7732056595,2.3743180233,7.75705456907953e-20
48.7780995501,2.3743180233,4.735607667065836e-19
48.7829934407,2.3743180233,8.923398125178645e-19
48.7878873313,2.3743180233,5.189918178947492e-19
48.7927812219,2.3743180233,9.316792834250237e-20
48.7976751125,2.3743180233,5.162357215897405e-21
48.8025690031,2.3743180233,8.828874699426385e-23
48.8074628937,2.3743180233,4.660562540643742e-25
48.8123567843,2.3743180233,7.59358770774936e-28
48.8172506749,2.3743180233,3.8188392118151475e-31
48.8221445655,2.3743180233,5.927771022540605e-35
48.8270384561,2.3743180233,2.8400576247412304e-39
48.8319323467,2.3743180233,4.1998963349945246e-44
48.8368262373,2.3743180233,1.9170157293898384e-49
48.8417201279,2.3743180233,2.7007753935788746e-55
48.8466140185,2.3743180233,1.1744294859894458e-61
48.8515079091,2.3743180233,1.5763081138203602e-68
48.8564017997,2.3743180233,6.530267355641435e-76
48.8612956903,2.3743180233,8.350192731243948e-84
48.8661895809,2.3743180233,3.29562450513121e-92
48.8710834715,2.3743180233,4.014714196890812e-101
48.8759773621,2.3743180233,1.5095490545284483e-110
48.8808712527,2.3743180233,1.751925014430057e-120
48.8857651433,2.3743180233,6.275661107696378e-131
48.8906590339,2.3743180233,6.938716429374734e-142
48.8955529245,2.3743180233,2.367960717007651e-153
48.9004468151,2.3743180233,2.4947842211158637e-165
48.9053407057,2.3743180233,2.932465653513707e-177
48.9102345963,2.3743180233,4.883248554773737e-186
48.9151284869,2.3743180233,6.127295873884221e-195
48.9200223775,2.3743180233,4.1912997958282996e-204
48.9249162681,2.3743180233,1.562936076362865e-213
48.9298101587,2.3743180233,3.17721292592198e-223
48.9347040493,2.3743180233,3.5209839130976945e-233
48.9395979399,2.3743180233,2.1271316822938522e-243
48.9444918305,2.3743180233,7.005470792964125e-254
48.9493857211,2.3743180233,1.257745848655875e-264
48.9542796117,2.3743180233,1.231008562059324e-275
48.9591735023,2.3743180233,6.568131964525222e-287
48.9640673929,2.3743180233,1.9104482645774786e-298
48.9689612835,2.3743180233,3.02929318706865e-310
48.9738551741,2.3743180233,2.6e-322
48.9787490647,2.3743180233,0.0
48.7389484253,2.3792119139,7.010450948722799e-37
48.7438423159,2.3792119139,3.7884511815809164e-35
48.7487362065,2.3792119139,4.14024874960172e-31
48.7536300971,2.3792119139,1.4937987985329752e-27
48.7585239877,2.3792119139,1.66355984446821e-24
48.7634178783,2.3792119139,5.718214460000049e-22
48.7683117689,2.3792119139,6.066778466048337e-20
48.7732056595,2.3792119139,1.9866964701299958e-18
48.7780995501,2.3792119139,2.0080780554010822e-17
48.7829934407,2.3792119139,6.264773105301371e-17
48.7878873313,2.3792119139,6.032617496425082e-17
48.7927812219,2.3792119139,1.7930067255089266e-17
48.7976751125,2.3792119139,1.6448781599158816e-18
48.8025690031,2.3792119139,4.6575897925616915e-20
48.8074628937,2.3792119139,4.0706562052586367e-22
48.8123567843,2.3792119139,1.0981035604523926e-24
48.8172506749,2.3792119139,9.143192448154319e-28
48.8221445655,2.3792119139,2.3497849004790074e-31
48.8270384561,2.3792119139,1.8639490753013485e-35
48.8319323467,2.3792119139,4.563685031946268e-40
48.8368262373,2.3792119139,3.448839392872617e-45
48.8417201279,2.3792119139,8.044627955133984e-51
48.8466140185,2.3792119139,5.791814497012104e-57
48.8515079091,2.3792119139,1.2870606418562612e-63
48.8564017997,2.3792119139,8.827933692685986e-71
48.8612956903,2.3792119139,1.8689376005605452e-78
48.8661895809,2.3792119139,1.2212546406768629e-86
48.8710834715,2.3792119139,2.4631640585589165e-95
48.8759773621,2.3792119139,1.5334023948652373e-104
48.8808712527,2.3792119139,2.94641978377749e-114
48.8857651433,2.3792119139,1.7474662355158983e-124
48.8906590339,2.3792119139,3.198885359648873e-135
48.8955529245,2.3792119139,1.8078937789367532e-146
48.9004468151,2.3792119139,9.052951638922282e-158
48.9053407057,2.3792119139,4.19495219132864e-166
48.9102345963,2.3792119139,1.6256225810994096e-174
48.9151284869,2.3792119139,3.43433464785422e-183
48.9200223775,2.3792119139,3.955288033465322e-192
48.9249162681,2.3792119139,2.4832831093108298e-201
48.9298101587,2.3792119139,8.499374567760021e-211
48.9347040493,2.3792119139,1.5858434717957205e-220
48.9395979399,2.3792119139,1.6130442585155987e-230
48.9444918305,2.3792119139,8.944269239731719e-241
48.9493857211,2.3792119139,2.703684798553071e-251
48.9542796117,2.3792119139,4.455329925267238e-262
48.9591735023,2.3792119139,4.002361347555105e-273
48.9640673929,2.3792119139,1.960041816099572e-284
48.9689612835,2.3792119139,5.232713935235554e-296
48.9738551741,2.3792119139,7.615549839739e-308
48.9787490647,2.3792119139,6.042e-320
48.7389484253,2.3841058045,1.0527167428738841e-33
48.7438423159,2.3841058045,6.27102761518386e-33
48.7487362065,2.3841058045,5.4732477604661545e-31
48.7536300971,2.3841058045,3.1489726277809003e-27
48.7585239877,2.3841058045,5.806046454739312e-24
48.7634178783,2.3841058045,3.304248610967182e-21
48.7683117689,2.3841058045,5.804176558136825e-19
48.7732056595,2.3841058045,3.14690911231566e-17
48.7780995501,2.3841058045,5.266274245001758e-16
48.7829934407,2.3841058045,2.7201849254448377e-15
48.7878873313,2.3841058045,4.336796801187531e-15
48.7927812219,2.3841058045,2.134103139756576e-15
48.7976751125,2.3841058045,3.2414357821827415e-16
48.8025690031,2.3841058045,1.5196204369703972e-17
48.8074628937,2.3841058045,2.1989153739104947e-19
48.8123567843,2.3841058045,9.821042539383392e-22
48.8172506749,2.3841058045,1.3538868032718066e-24
48.8221445655,2.3841058045,5.7608000857911415e-28
48.8270384561,2.3841058045,7.565871137892448e-32
48.8319323467,2.3841058045,3.0669787169758144e-36
48.8368262373,2.3841058045,3.8374105994582424e-41
48.8417201279,2.3841058045,1.4819770076878308e-46
48.8466140185,2.3841058045,1.7665272745253996e-52
48.8515079091,2.3841058045,6.499424676524873e-59
48.8564017997,2.3841058045,7.380829433975059e-66
48.8612956903,2.3841058045,2.5870874537815533e-73
48.8661895809,2.3841058045,2.798934510024256e-81
48.8710834715,2.3841058045,9.346522382814588e-90
48.8759773621,2.3841058045,9.633476675973183e-99
48.8808712527,2.3841058045,3.0647265915849013e-108
48.8857651433,2.3841058045,3.0093740148052893e-118
48.8906590339,2.3841058045,9.123805090705998e-129
48.8955529245,2.3841058045,2.0361522884569086e-139
48.9004468151,2.3841058045,2.597370490724762e-147
48.9053407057,2.3841058045,3.10846511012058e-155
48.9102345963,2.3841058045,2.028205225002474e-163
48.9151284869,2.3841058045,7.214237166594062e-172
48.9200223775,2.3841058045,1.3988835048553502e-180
48.9249162681,2.3841058045,1.4787177907289603e-189
48.9298101587,2.3841058045,8.521217724192672e-199
48.9347040493,2.3841058045,2.6768907150043758e-208
48.9395979399,2.3841058045,4.584291612493603e-218
48.9444918305,2.3841058045,4.279829280134639e-228
48.9493857211,2.3841058045,2.178177515065662e-238
48.9542796117,2.3841058045,6.043279918792016e-249
48.9591735023,2.3841058045,9.140390837073693e-260
48.9640673929,2.3841058045,7.536495374732378e-271
48.9689612835,2.3841058045,3.387557868654334e-282
48.9738551741,2.3841058045,8.30073642829533e-294
48.9787490647,2.3841058045,1.1088151225108863e-305
48.7389484253,2.3889996951,5.93240148228747e-31
48.7438423159,2.3889996951,5.924123438097654e-30
48.7487362065,2.3889996951,3.2664991056173907e-29
48.7536300971,2.3889996951,4.201092239305336e-27
48.7585239877,2.3889996951,1.2532737713061672e-23
48.7634178783,2.3889996951,1.1808724869165244e-20
48.7683117689,2.3889996951,3.4343226918512573e-18
48.7732056595,2.3889996951,3.082867689955707e-16
48.7780995501,2.3889996951,8.541700887859611e-15
48.7829934407,2.3889996951,7.3048200002825e-14
48.7878873313,2.3889996951,1.9281923914936408e-13
48.7927812219,2.3889996951,1.5709664029954392e-13
48.7976751125,2.3889996951,3.950564129042896e-14
48.8025690031,2.3889996951,3.0663873969359666e-15
48.8074628937,2.3889996951,7.346333041211455e-17
48.8123567843,2.3889996951,5.432376864554777e-19
48.8172506749,2.3889996951,1.2398948480435863e-21
48.8221445655,2.3889996951,8.734851104522662e-25
48.8270384561,2.3889996951,1.8993361911605963e-28
48.8319323467,2.3889996951,1.2747466148864093e-32
48.8368262373,2.3889996951,2.6407152744282316e-37
48.8417201279,2.3889996951,1.6884763192207938e-42
48.8466140185,2.3889996951,3.332299723075064e-48
48.8515079091,2.3889996951,2.0298728106788476e-54
48.8564017997,2.3889996951,3.816535287558518e-61
48.8612956903,2.3889996951,2.2148556370735854e-68
48.8661895809,2.3889996951,3.9673201957278903e-76
48.8710834715,2.3889996951,2.1934349950053532e-84
48.8759773621,2.3889996951,3.743070178602042e-93
48.8808712527,2.3889996951,1.9715463434384413e-102
48.8857651433,2.3889996951,3.206620510162489e-112
48.8906590339,2.3889996951,3.317492013907854e-122
48.8955529245,2.3889996951,1.1591635267062827e-129
48.9004468151,2.3889996951,4.2839824044962493e-137
48.9053407057,2.3889996951,8.632897486670633e-145
48.9102345963,2.3889996951,9.483706750558565e-153
48.9151284869,2.3889996951,5.679528255201275e-161
48.9200223775,2.3889996951,1.8542104641231216e-169
48.9249162681,2.3889996951,3.300033936748283e-178
48.9298101587,2.3889996951,3.201771980773658e-187
48.9347040493,2.3889996951,1.6934602560258464e-196
48.9395979399,2.3889996951,4.882837066470729e-206
48.9444918305,2.3889996951,7.675065174416247e-216
48.9493857211,2.3889996951,6.576646921353544e-226
48.9542796117,2.3889996951,3.0721300504436372e-236
48.9591735023,2.3889996951,7.823251309816199e-247
48.9640673929,2.3889996951,1.0860444029921663e-257
48.9689612835,2.3889996951,8.219028705833375e-269
48.9738551741,2.3889996951,3.390830086955289e-280
48.9787490647,2.3889996951,7.6261294685221435e-292
48.7389484253,2.3938935857,1.2529212151011318e-28
48.7438423159,2.3938935857,2.106551146700884e-27
48.7487362065,2.3938935857,1.9308005510361868e-26
48.7536300971,2.3938935857,9.978338119482686e-26
48.7585239877,2.3938935857,1.699365578396447e-23
48.7634178783,2.3938935857,2.610103812599177e-20
48.7683117689,2.3938935857,1.2567809849211353e-17
48.7732056595,2.3938935857,1.867856803593803e-15
48.7780995501,2.3938935857,8.568469463868274e-14
48.7829934407,2.3938935857,1.213217355680485e-12
48.7878873313,2.3938935857,5.302121335424083e-12
48.7927812219,2.3938935857,7.152146406617517e-12
48.7976751125,2.3938935857,2.977822564113446e-12
48.8025690031,2.3938935857,3.8268102031414394e-13
48.8074628937,2.3938935857,1.5179264073245557e-14
48.8123567843,2.3938935857,1.8584042760852658e-16
48.8172506749,2.3938935857,7.022720144742103e-19
48.8221445655,2.3938935857,8.191175190720822e-22
48.8270384561,2.3938935857,2.948918387843426e-25
48.8319323467,2.3938935857,3.2768380565200876e-29
48.8368262373,2.3938935857,1.1238876282031787e-33
48.8417201279,2.3938935857,1.189779518981394e-38
48.8466140185,2.3938935857,3.887637594335298e-44
48.8515079091,2.3938935857,3.9208546616884015e-50
48.8564017997,2.3938935857,1.2205382707397062e-56
48.8612956903,2.3938935857,1.1727292175056883e-63
48.8661895809,2.3938935857,3.4779215017864145e-71
48.8710834715,2.3938935857,3.183592646488161e-79
48.8759773621,2.3938935857,8.994793816427055e-88
48.8808712527,2.3938935857,7.848676154092106e-97
48.8857651433,2.3938935857,3.8911208646332263e-106
48.8906590339,2.3938935857,3.728977532675512e-113
48.8955529245,2.3938935857,4.255247107861783e-120
48.9004468151,2.3938935857,2.6483578739176332e-127
48.9053407057,2.3938935857,8.985478683502342e-135
48.9102345963,2.3938935857,1.6619516329050623e-142
48.9151284869,2.3938935857,1.675745871375721e-150
48.9200223775,2.3938935857,9.211079928039992e-159
48.9249162681,2.3938935857,2.7601047142865154e-167
48.9298101587,2.3938935857,4.5087191327057395e-176
48.9347040493,2.3938935857,4.015072766709976e-185
48.9395979399,2.3938935857,1.9491545421183297e-194
48.9444918305,2.3938935857,5.158361129668128e-204
48.9493857211,2.3938935857,7.442002770717917e-214
48.9542796117,2.3938935857,5.853026990057033e-224
48.9591735023,2.3938935857,2.50948059301346e-234
48.9640673929,2.3938935857,5.865428853959822e-245
48.9689612835,2.3938935857,7.473573609450593e-256
48.9738551741,2.3938935857,5.19122050639302e-267
48.9787490647,2.3938935857,1.965727223522045e-278
48.7389484253,2.3987874763,9.917244855230389e-27
48.7438423159,2.3987874763,2.8073393298579925e-25
48.7487362065,2.3987874763,4.332229001566527e-24
48.7536300971,2.3987874763,3.6446864693918516e-23
48.7585239877,2.3987874763,1.809545535749174e-22
48.7634178783,2.3987874763,3.6097268952849733e-20
48.7683117689,2.3987874763,2.8444924334692006e-17
48.7732056595,2.3987874763,6.999230622956551e-15
48.7780995501,2.3987874763,5.315941020139596e-13
48.7829934407,2.3987874763,1.2461941735510406e-11
48.7878873313,2.3987874763,9.017101651053015e-11
48.7927812219,2.3987874763,2.0138350769502628e-10
48.7976751125,2.3987874763,1.3882143298396773e-10
48.8025690031,2.3987874763,2.953689447919695e-11
48.8074628937,2.3987874763,1.939763693014282e-12
48.8123567843,2.3987874763,3.9319547164460285e-14
48.8172506749,2.3987874763,2.460049665802133e-16
48.8221445655,2.3987874763,4.750670716584454e-19
48.8270384561,2.3987874763,2.8316636750472577e-22
48.8319323467,2.3987874763,5.209596613258343e-26
48.8368262373,2.3987874763,2.9582999749009893e-30
48.8417201279,2.3987874763,5.185086543823914e-35
48.8466140185,2.3987874763,2.805081575811383e-40
48.8515079091,2.3987874763,4.683932935575537e-46
48.8564017997,2.3987874763,2.4140792726495053e-52
48.8612956903,2.3987874763,3.8403258231354123e-59
48.8661895809,2.3987874763,1.8856466216596947e-66
48.8710834715,2.3987874763,2.8577814224178724e-74
48.8759773621,2.3987874763,1.3379424097072895e-82
48.8808712527,2.3987874763,3.2659002029852835e-91
48.8857651433,2.3987874763,8.64822652854562e-98
48.8906590339,2.3987874763,3.046333046535848e-104
48.8955529245,2.3987874763,5.8556102088172274e-111
48.9004468151,2.3987874763,6.135920452487787e-118
48.9053407057,2.3987874763,3.505095839543994e-125
48.9102345963,2.3987874763,1.0915224920013316e-132
48.9151284869,2.3987874763,1.8530114221830208e-140
48.9200223775,2.3987874763,1.7148894111869568e-148
48.9249162681,2.3987874763,8.651805674930278e-157
48.9298101587,2.3987874763,2.379523560002115e-165
48.9347040493,2.3987874763,3.567679864063161e-174
48.9395979399,2.3987874763,2.916045932362492e-183
48.9444918305,2.3987874763,1.2993180122736247e-192
48.9493857211,2.3987874763,3.1560885002340287e-202
48.9542796117,2.3987874763,4.17922258076775e-212
48.9591735023,2.3987874763,3.016855062366187e-222
48.9640673929,2.3987874763,1.187205788620892e-232
48.9689612835,2.3987874763,2.5468899527766896e-243
48.9738551741,2.3987874763,2.9785642327082586e-254
48.9787490647,2.3987874763,1.898962441954283e-265
48.7389484253,2.4036813669,2.941930127352924e-25
48.7438423159,2.4036813669,1.4021415444717568e-23
48.7487362065,2.4036813669,3.6430403055338203e-22
48.7536300971,2.4036813669,5.159988729848435e-21
48.7585239877,2.4036813669,3.98495060218587e-20
48.7634178783,2.4036813669,1.9787376635990443e-19
48.7683117689,2.4036813669,4.0200193460523313e-17
48.7732056595,2.4036813669,1.6221382736666826e-14
48.7780995501,2.4036813669,2.039741491824783e-12
48.7829934407,2.4036813669,7.916820995132863e-11
48.7878873313,2.4036813669,9.484234323898802e-10
48.7927812219,2.4036813669,3.5069486960660876e-09
48.7976751125,2.4036813669,4.002508253001755e-09
48.8025690031,2.4036813669,1.4099728368891578e-09
48.8074628937,2.4036813669,1.5330804391693586e-10
48.8123567843,2.4036813669,5.14511190777531e-12
48.8172506749,2.4036813669,5.329670920860126e-14
48.8221445655,2.4036813669,1.7040473179943775e-16
48.8270384561,2.4036813669,1.6816615410004153e-19
48.8319323467,2.4036813669,5.1223732469659014e-23
48.8368262373,2.4036813669,4.815923010439393e-27
48.8417201279,2.4036813669,1.3975377145535433e-31
48.8466140185,2.4036813669,1.2517662111272435e-36
48.8515079091,2.4036813669,3.460657333966582e-42
48.8564017997,2.4036813669,2.9530422413585543e-48
48.8612956903,2.4036813669,7.777793695891267e-55
48.8661895809,2.4036813669,6.3229661139875854e-62
48.8710834715,2.4036813669,1.588533493419157e-69
48.8759773621,2.4036813669,1.9513189829735218e-77
48.8808712527,2.4036813669,1.446314253189452e-83
48.8857651433,2.4036813669,1.571830408499741e-89
48.8906590339,2.4036813669,9.331319254685454e-96
48.8955529245,2.4036813669,3.0199073830058016e-102
48.9004468151,2.4036813669,5.327909200777814e-109
48.9053407057,2.4036813669,5.124277271891645e-116
48.9102345963,2.4036813669,2.686711551936941e-123
48.9151284869,2.4036813669,7.679307873256139e-131
48.9200223775,2.4036813669,1.1965634458476823e-138
48.9249162681,2.4036813669,1.0163937796949318e-146
48.9298101587,2.4036813669,4.706530538049392e-155
48.9347040493,2.4036813669,1.1880983112562969e-163
48.9395979399,2.4036813669,1.6349952356462823e-172
48.9444918305,2.4036813669,1.2265724889802204e-181
48.9493857211,2.4036813669,5.016289158002457e-191
48.9542796117,2.4036813669,1.1183674578248605e-200
48.9591735023,2.4036813669,1.3592492290070764e-210
48.9640673929,2.4036813669,9.005882665305936e-221
48.9689612835,2.4036813669,3.252865367258825e-231
48.9738551741,2.4036813669,6.404990769009757e-242
48.9787490647,2.4036813669,6.875171609036402e-253
48.7389484253,2.4085752575,3.270752757191482e-24
48.7438423159,2.4085752575,2.624598337184633e-22
48.7487362065,2.4085752575,1.1481287648590967e-20
48.7536300971,2.4085752575,2.7379843508079234e-19
48.7585239877,2.4085752575,3.559460780587207e-18
48.7634178783,2.4085752575,2.5241839023661573e-17
48.7683117689,2.4085752575,1.3192885684348265e-16
48.7732056595,2.4085752575,2.3454984960758038e-14
48.7780995501,2.4085752575,4.840710589713887e-12
48.7829934407,2.4085752575,3.110528215795099e-10
48.7878873313,2.4085752575,6.169579929817679e-09
48.7927812219,2.4085752575,3.777051707950793e-08
48.7976751125,2.4085752575,7.137168587966133e-08
48.8025690031,2.4085752575,4.162695724447954e-08
48.8074628937,2.4085752575,7.493747661384714e-09
48.8123567843,2.4085752575,4.1638890538804607e-10
48.8172506749,2.4085752575,7.141261231067917e-12
48.8221445655,2.4085752575,3.7803009663118163e-14
48.8270384561,2.4085752575,6.176657512150354e-17
48.8319323467,2.4085752575,3.114987806484074e-20
48.8368262373,2.4085752575,4.848806659006287e-24
48.8417201279,2.4085752575,2.3296413719419076e-28
48.8466140185,2.4085752575,3.454768567829427e-33
48.8515079091,2.4085752575,1.5813373783274543e-38
48.8564017997,2.4085752575,2.234116719076144e-44
48.8612956903,2.4085752575,9.742447872407851e-51
48.8661895809,2.4085752575,1.313768922877887e-57
48.8710834715,2.4085752575,8.264564283587932e-65
48.8759773621,2.4085752575,1.744946248231951e-70
48.8808712527,2.4085752575,5.845348606404684e-76
48.8857651433,2.4085752575,1.071739750881524e-81
48.8906590339,2.4085752575,1.0712304960991502e-87
48.8955529245,2.4085752575,5.836992471728872e-94
48.9004468151,2.4085752575,1.733835751470679e-100
48.9053407057,2.4085752575,2.807626866977036e-107
48.9102345963,2.4085752575,2.47846871174172e-114
48.9151284869,2.4085752575,1.1927244087087248e-121
48.9200223775,2.4085752575,3.129027561664045e-129
48.9249162681,2.4085752575,4.47498192384324e-137
48.9298101587,2.4085752575,3.488878113977376e-145
48.9347040493,2.4085752575,1.4828353288143686e-153
48.9395979399,2.4085752575,3.435679686280864e-162
48.9444918305,2.4085752575,4.339553279119948e-171
48.9493857211,2.4085752575,2.9880647055261046e-180
48.9542796117,2.4085752575,1.1216247550652902e-189
48.9591735023,2.4085752575,2.2951854882043766e-199
48.9640673929,2.4085752575,2.5603574902434093e-209
48.9689612835,2.4085752575,1.5570266350577015e-219
48.9738551741,2.4085752575,5.161834677800146e-230
48.9787490647,2.4085752575,9.328777938456926e-241
48.7389484253,2.4134691481,1.3628156848177766e-23
48.7438423159,2.4134691481,1.8412293369456162e-21
48.7487362065,2.4134691481,1.3560985888616797e-19
48.7536300971,2.4134691481,5.4448667671876404e-18
48.7585239877,2.4134691481,1.1917793807765562e-16
48.7634178783,2.4134691481,1.4220623788759125e-15
48.7683117689,2.4134691481,9.26865084083771e-15
48.7732056595,2.4134691481,5.3411797737357724e-14
48.7780995501,2.4134691481,7.1676705526255656e-12
48.7829934407,2.4134691481,7.559158534305019e-10
48.7878873313,2.4134691481,2.4821475005888213e-08
48.7927812219,2.4134691481,2.5159063720220505e-07
48.7976751125,2.4134691481,7.871140817561325e-07
48.8025690031,2.4134691481,7.600752556641126e-07
48.8074628937,2.4134691481,2.2654328499250545e-07
48.8123567843,2.4134691481,2.084114041690919e-08
48.8172506749,2.4134691481,5.917897680800691e-10
48.8221445655,2.4134691481,5.186675897100593e-12
48.8270384561,2.4134691481,1.4030929938120594e-14
48.8319323467,2.4134691481,1.171546383348647e-17
48.8368262373,2.4134691481,3.019313478659929e-21
48.8417201279,2.4134691481,2.401776608411261e-25
48.8466140185,2.4134691481,5.897021501325667e-30
48.8515079091,2.4134691481,4.4689836949370886e-35
48.8564017997,2.4134691481,1.0453810314897072e-40
48.8612956903,2.4134691481,7.569867392682468e-47
48.8661895809,2.4134691481,2.47340769842833e-53
48.8710834715,2.4134691481,1.5198263650073543e-58
48.8759773621,2.4134691481,1.56672887152455e-63
48.8808712527,2.4134691481,8.87178555822864e-69
48.8857651433,2.4134691481,2.738719994667904e-74
48.8906590339,2.4134691481,4.608895404232497e-80
48.8955529245,2.4134691481,4.228230816855458e-86
48.9004468151,2.4134691481,2.114623904869182e-92
48.9053407057,2.4134691481,5.765277324941661e-99
48.9102345963,2.4134691481,8.5687975772364565e-106
48.9151284869,2.4134691481,6.942760427628309e-113
48.9200223775,2.4134691481,3.066599712014267e-120
48.9249162681,2.4134691481,7.384049798144785e-128
48.9298101587,2.4134691481,9.692699720547636e-136
48.9347040493,2.4134691481,6.935974940024361e-144
48.9395979399,2.4134691481,2.7057202216190832e-152
48.9444918305,2.4134691481,5.754013476597314e-161
48.9493857211,2.4134691481,6.670701038209336e-170
48.9542796117,2.4134691481,4.21584558062392e-179
48.9591735023,2.4134691481,1.4524812272519993e-188
48.9640673929,2.4134691481,2.7280289592816124e-198
48.9689612835,2.4134691481,2.7931871775625986e-208
48.9738551741,2.4134691481,1.5590631920303236e-218
48.9787490647,2.4134691481,4.743949009155238e-229
48.7389484253,2.4183630387,2.1281418639626327e-23
48.7438423159,2.4183630387,4.840909542083835e-21
48.7487362065,2.4183630387,6.00296726401668e-19
48.7536300971,2.4183630387,4.0580519070613906e-17
48.7585239877,2.4183630387,1.4954842238087209e-15
48.7634178783,2.4183630387,3.004406576393935e-14
48.7683117689,2.4183630387,3.290457029359106e-13
48.7732056595,2.4183630387,1.975791341116103e-12
48.7780995501,2.4183630387,1.2842522091187723e-11
48.7829934407,2.4183630387,1.1472815273814946e-09
48.7878873313,2.4183630387,6.177224671925621e-08
48.7927812219,2.4183630387,1.0364692193416454e-06
48.7976751125,2.4183630387,5.368680356909667e-06
48.8025690031,2.4183630387,8.58334444441082e-06
48.8074628937,2.4183630387,4.235662335047135e-06
48.8123567843,2.4183630387,6.451516569650724e-07
48.8172506749,2.4183630387,3.033038971974356e-08
48.8221445655,2.4183630387,4.4011872991950013e-10
48.8270384561,2.4183630387,1.971230444924364e-12
48.8319323467,2.4183630387,2.725088634653807e-15
48.8368262373,2.4183630387,1.1627853722375563e-18
48.8417201279,2.4183630387,1.531419751714515e-22
48.8466140185,2.4183630387,6.2253803272023784e-27
48.8515079091,2.4183630387,7.811818055026355e-32
48.8564017997,2.4183630387,3.0398964005412777e-37
48.8612956903,2.4183630387,5.219050710673253e-43
48.8661895809,2.4183630387,9.567215681574936e-48
48.8710834715,2.4183630387,3.026654978962892e-52
48.8759773621,2.4183630387,5.293076402615167e-57
48.8808712527,2.4183630387,5.046470489410182e-62
48.8857651433,2.4183630387,2.622889363831814e-67
48.8906590339,2.4183630387,7.431642698850948e-73
48.8955529245,2.4183630387,1.147895321654311e-78
48.9004468151,2.4183630387,9.665678948662658e-85
48.9053407057,2.4183630387,4.4368532107297133e-91
48.9102345963,2.4183630387,1.1102745143631764e-97
48.9151284869,2.4183630387,1.514601199625542e-104
48.9200223775,2.4183630387,1.1263641965371736e-111
48.9249162681,2.4183630387,4.5663794097020505e-119
48.9298101587,2.4183630387,1.0092012141858783e-126
48.9347040493,2.4183630387,1.2158952189624768e-134
48.9395979399,2.4183630387,7.985960402054082e-143
48.9444918305,2.4183630387,2.8593727192109538e-151
48.9493857211,2.4183630387,5.5811924934330696e-160
48.9542796117,2.4183630387,5.938761013070469e-169
48.9591735023,2.4183630387,3.4449054878424703e-178
48.9640673929,2.4183630387,1.0893599115983701e-187
48.9689612835,2.4183630387,1.8779243025219658e-197
48.9738551741,2.4183630387,1.76480770234865e-207
48.9787490647,2.4183630387,9.041267403120124e-218
48.7389484253,2.4232569293,1.2454837670650453e-23
48.7438423159,2.4232569293,4.770018830595377e-21
48.7487362065,2.4232569293,9.95897703010536e-19
48.7536300971,2.4232569293,1.1335011970640122e-16
48.7585239877,2.4232569293,7.033019972928899e-15
48.7634178783,2.4232569293,2.378889853016608e-13
48.7683117689,2.4232569293,4.386514362329813e-12
48.7732056595,2.4232569293,4.409759250206915e-11
48.7780995501,2.4232569293,2.4524833756577435e-10
48.7829934407,2.4232569293,1.7776459955927905e-09
48.7878873313,2.4232569293,9.621926223978418e-08
48.7927812219,2.4232569293,2.6418193384715643e-06
48.7976751125,2.4232569293,2.2647738228451204e-05
48.8025690031,2.4232569293,5.994810134990975e-05
48.8074628937,2.4232569293,4.897896912274915e-05
48.8123567843,2.4232569293,1.2351514488814427e-05
48.8172506749,2.4232569293,9.614054149071485e-07
48.8221445655,2.4232569293,2.3097694078075177e-08
48.8270384561,2.4232569293,1.7127989710378595e-10
48.8319323467,2.4232569293,3.9203056259045704e-13
48.8368262373,2.4232569293,2.769553000204538e-16
48.8417201279,2.4232569293,6.039222972268615e-20
48.8466140185,2.4232569293,4.0657137242337694e-24
48.8515079091,2.4232569293,8.513833579880808e-29
48.8564017997,2.4232569293,7.753901925059774e-34
48.8612956903,2.4232569293,4.359932090059608e-38
48.8661895809,2.4232569293,4.214422264680075e-42
48.8710834715,2.4232569293,2.2760450104474868e-46
48.8759773621,2.4232569293,6.70198180594374e-51
48.8808712527,2.4232569293,1.075817222481791e-55
48.8857651433,2.4232569293,9.414263638622083e-61
48.8906590339,2.4232569293,4.49103908941763e-66
48.8955529245,2.4232569293,1.1679383776040075e-71
48.9004468151,2.4232569293,1.655791461324614e-77
48.9053407057,2.4232569293,1.2796876046278163e-83
48.9102345963,2.4232569293,5.391565717128078e-90
48.9151284869,2.4232569293,1.2383358848600846e-96
48.9200223775,2.4232569293,1.550510203451447e-103
48.9249162681,2.4232569293,1.0583356220323117e-110
48.9298101587,2.4232569293,3.938082543713944e-118
48.9347040493,2.4232569293,7.988382118956546e-126
48.9395979399,2.4232569293,8.833757278227433e-134
48.9444918305,2.4232569293,5.3253077239206855e-142
48.9493857211,2.4232569293,1.7500746349980065e-150
48.9542796117,2.4232569293,3.1353140402483375e-159
48.9591735023,2.4232569293,3.062091327357502e-168
48.9640673929,2.4232569293,1.6303011949442443e-177
48.9689612835,2.4232569293,4.731841289025027e-187
48.9738551741,2.4232569293,7.486953009732989e-197
48.9787490647,2.4232569293,6.45791999653375e-207
48.7389484253,2.4281508199,2.7318044789170064e-24
48.7438423159,2.4281508199,1.7615187257021167e-21
48.7487362065,2.4281508199,6.1920938639259e-19
48.7536300971,2.4281508199,1.1865892597479997e-16
48.7585239877,2.4281508199,1.2395838526551727e-14
48.7634178783,2.4281508199,7.059338754702125e-13
48.7683117689,2.4281508199,2.1916174697774592e-11
48.7732056595,2.4281508199,3.7091896063515463e-10
48.7780995501,2.4281508199,3.4234464322461724e-09
48.7829934407,2.4281508199,1.781938833456152e-08
48.7878873313,2.4281508199,1.3765316708123958e-07
48.7927812219,2.4281508199,4.231824799033308e-06
48.7976751125,2.4281508199,5.914297966673893e-05
48.8025690031,2.4281508199,0.00025897225384083073
48.8074628937,2.4281508199,0.0003502864066792064
48.8123567843,2.4281508199,0.00014625102973477749
48.8172506749,2.4281508199,1.8847529830393877e-05
48.8221445655,2.4281508199,7.496985732420493e-07
48.8270384561,2.4281508199,9.204402991179797e-09
48.8319323467,2.4281508199,3.4880611564833254e-11
48.8368262373,2.4281508199,4.080140689906388e-14
48.8417201279,2.4281508199,1.47415881502734e-17
48.8466140185,2.4281508199,1.6651824834548629e-21
48.8515079091,2.4281508199,8.10659918767092e-26
48.8564017997,2.4281508199,1.4416958423186998e-29
48.8612956903,2.4281508199,4.230357893464944e-33
48.8661895809,2.4281508199,7.053906944100244e-37
48.8710834715,2.4281508199,6.414962990112775e-41
48.8759773621,2.4281508199,3.180331668378558e-45
48.8808712527,2.4281508199,8.59534457903598e-50
48.8857651433,2.4281508199,1.2663879956113908e-54
48.8906590339,2.4281508199,1.0171450586508506e-59
48.8955529245,2.4281508199,4.453604194757245e-65
48.9004468151,2.4281508199,1.0630481997254848e-70
48.9053407057,2.4281508199,1.3832698482936534e-76
48.9102345963,2.4281508199,9.812360148784335e-83
48.9151284869,2.4281508199,3.794483464951802e-89
48.9200223775,2.4281508199,7.99916149011967e-96
48.9249162681,2.4281508199,9.192822608163285e-103
48.9298101587,2.4281508199,5.759249722961214e-110
48.9347040493,2.4281508199,1.9669601244159207e-117
48.9395979399,2.4281508199,3.6621642314377353e-125
48.9444918305,2.4281508199,3.717001125600971e-133
48.9493857211,2.4281508199,2.0566490245192884e-141
48.9542796117,2.4281508199,6.203550049790968e-150
48.9591735023,2.4281508199,1.020077133212229e-158
48.9640673929,2.4281508199,9.144044885454023e-168
48.9689612835,2.4281508199,4.468443813332114e-177
48.9738551741,2.4281508199,1.1903834190219235e-186
48.9787490647,2.4281508199,1.7287414755488682e-196
48.7389484253,2.4330447105,2.2456144726955816e-25
48.7438423159,2.4330447105,2.4379706879858974e-22
48.7487362065,2.4330447105,1.4428938292880635e-19
48.7536300971,2.4330447105,4.655355894490914e-17
48.7585239877,2.4330447105,8.188116526084103e-15
48.7634178783,2.4330447105,7.851050241998854e-13
48.7683117689,2.4330447105,4.1037804104109e-11
48.7732056595,2.4330447105,1.1693731697771482e-09
48.7780995501,2.4330447105,1.8165239461652945e-08
48.7829934407,2.4330447105,1.540414760709351e-07
48.7878873313,2.4330447105,7.63373107585409e-07
48.7927812219,2.4330447105,5.842590406137169e-06
48.7976751125,2.4330447105,9.778950683175427e-05
48.8025690031,2.4330447105,0.0006936079234418459
48.8074628937,2.4330447105,0.0015500627994541104
48.8123567843,2.4330447105,0.0010711696086662043
48.8172506749,2.4330447105,0.00022853667621520535
48.8221445655,2.4330447105,1.505076192187265e-05
48.8270384561,2.4330447105,3.0596111995387414e-07
48.8319323467,2.4330447105,1.9202808895157746e-09
48.8368262373,2.4330447105,3.7269663694306735e-12
48.8417201279,2.4330447105,2.280394440166618e-15
48.8466140185,2.4330447105,5.965289985936973e-19
48.8515079091,2.4330447105,3.469142929371276e-22
48.8564017997,2.4330447105,3.0622312148169614e-25
48.8612956903,2.4330447105,1.575643388074958e-28
48.8661895809,2.4330447105,4.4254811491685456e-32
48.8710834715,2.4330447105,6.776130102118447e-36
48.8759773621,2.4330447105,5.656081102377805e-40
48.8808712527,2.4330447105,2.573724968642614e-44
48.8857651433,2.4330447105,6.384417196221561e-49
48.8906590339,2.4330447105,8.633621333501409e-54
48.8955529245,2.4330447105,6.364691384347013e-59
48.9004468151,2.4330447105,2.5578455600327914e-64
48.9053407057,2.4330447105,5.60381645945822e-70
48.9102345963,2.4330447105,6.692773097469873e-76
48.9151284869,2.4330447105,4.357535318238377e-82
48.9200223775,2.4330447105,1.5466368211001205e-88
48.9249162681,2.4330447105,2.99259805976838e-95
48.9298101587,2.4330447105,3.1566108866391604e-102
48.9347040493,2.4330447105,1.8151241087429e-109
48.9395979399,2.4330447105,5.689894522118576e-117
48.9444918305,2.4330447105,9.723323188651438e-125
48.9493857211,2.4330447105,9.058115251897172e-133
48.9542796117,2.4330447105,4.600166789420738e-141
48.9591735023,2.4330447105,1.273567388071969e-149
48.9640673929,2.4330447105,1.9221306159086225e-158
48.9689612835,2.4330447105,1.5814536869402207e-167
48.9738551741,2.4330447105,7.0932076720271614e-177
48.9787490647,2.4330447105,1.7343689402777595e-186
48.7389484253,2.4379386011,6.918227338335752e-27
48.7438423159,2.4379386011,1.2645725194685756e-23
48.7487362065,2.4379386011,1.2601007377875064e-20
48.7536300971,2.4379386011,6.8450938517089954e-18
48.7585239877,2.4379386011,2.027057944743562e-15
48.7634178783,2.4379386011,3.2723936036801145e-13
48.7683117689,2.4379386011,2.8799007571074724e-11
48.7732056595,2.4379386011,1.3816629971442579e-09
48.7780995501,2.4379386011,3.6135974598815354e-08
48.7829934407,2.4379386011,5.152632485004556e-07
48.7878873313,2.4379386011,4.023915104577843e-06
48.7927812219,2.4379386011,1.9412244272421683e-05
48.7976751125,2.4379386011,0.00013433424189870498
48.8025690031,2.4379386011,0.0011923270552899766
48.8074628937,2.4379386011,0.004272083499062567
48.8123567843,2.4379386011,0.0048633647815470825
48.8172506749,2.4379386011,0.0017161498876156205
48.8221445655,2.4379386011,0.00018712893206016036
48.8270384561,2.4379386011,6.305564215700128e-06
48.8319323467,2.4379386011,6.589620650413364e-08
48.8368262373,2.4379386011,2.19817066860239e-10
48.8417201279,2.4379386011,3.0925552816059283e-13
48.8466140185,2.4379386011,6.094259864044477e-16
48.8515079091,2.4379386011,1.600053787459796e-18
48.8564017997,2.4379386011,2.536764954193867e-21
48.8612956903,2.4379386011,2.200404249012997e-24
48.8661895809,2.4379386011,1.0405584020626495e-27
48.8710834715,2.4379386011,2.682522450095654e-31
48.8759773621,2.4379386011,3.769926536099721e-35
48.8808712527,2.4379386011,2.8882516126313915e-39
48.8857651433,2.4379386011,1.206284581985775e-43
48.8906590339,2.4379386011,2.746484451085779e-48
48.8955529245,2.4379386011,3.4089224975797434e-53
48.9004468151,2.4379386011,2.3065863932085575e-58
48.9053407057,2.4379386011,8.508146104627488e-64
48.9102345963,2.4379386011,1.7108532840102724e-69
48.9151284869,2.4379386011,1.8754401600915338e-75
48.9200223775,2.4379386011,1.120743608279956e-81
48.9249162681,2.4379386011,3.6510850106332264e-88
48.9298101587,2.4379386011,6.484107920841333e-95
48.9347040493,2.4379386011,6.277563860008606e-102
48.9395979399,2.4379386011,3.3131771645263904e-109
48.9444918305,2.4379386011,9.532587374360612e-117
48.9493857211,2.4379386011,1.4951664561105857e-124
48.9542796117,2.4379386011,1.2784416496493728e-132
48.9591735023,2.4379386011,5.959157882313263e-141
48.9640673929,2.4379386011,1.5142636178567564e-149
48.9689612835,2.4379386011,2.0976387605543262e-158
48.9738551741,2.4379386011,1.584063277410513e-167
48.9787490647,2.4379386011,6.521191712084847e-177
48.7389484253,2.4428324917,7.987824315567447e-29
48.7438423159,2.4428324917,2.4582896050663517e-25
48.7487362065,2.4428324917,4.124299545140452e-22
48.7536300971,2.4428324917,3.7720719761314294e-19
48.7585239877,2.4428324917,1.8807122661454955e-16
48.7634178783,2.4428324917,5.111841251381976e-14
48.7683117689,2.4428324917,7.574343118050573e-12
48.7732056595,2.4428324917,6.118221654276266e-10
48.7780995501,2.4428324917,2.694127226878881e-08
48.7829934407,2.4428324917,6.467372095909749e-07
48.7878873313,2.4428324917,8.467700680055984e-06
48.7927812219,2.4428324917,6.128832186827995e-05
48.7976751125,2.4428324917,0.00029352947830541215
48.8025690031,2.4428324917,0.0016657745389322923
48.8074628937,2.4428324917,0.00774573930863263
48.8123567843,2.4428324917,0.013949824466064962
48.8172506749,2.4428324917,0.00807146849098793
48.8221445655,2.4428324917,0.0014579565875596767
48.8270384561,2.4428324917,8.231944149568319e-05
48.8319323467,2.4428324917,1.507279160808602e-06
48.8368262373,2.4428324917,1.1315511200054094e-08
48.8417201279,2.4428324917,7.838971553234301e-11
48.8466140185,2.4428324917,6.049314659377153e-13
48.8515079091,2.4428324917,2.944176641277625e-15
48.8564017997,2.4428324917,7.885364642858036e-18
48.8612956903,2.4428324917,1.1516661641637353e-20
48.8661895809,2.4428324917,9.169517913079155e-24
48.8710834715,2.4428324917,3.979963044205647e-27
48.8759773621,2.4428324917,9.417251978806045e-31
48.8808712527,2.4428324917,1.2147361550094155e-34
48.8857651433,2.4428324917,8.541857852538099e-39
48.8906590339,2.4428324917,3.2744271846813272e-43
48.8955529245,2.4428324917,6.8427543550717e-48
48.9004468151,2.4428324917,7.795413870424087e-53
48.9053407057,2.4428324917,4.841277985366878e-58
48.9102345963,2.4428324917,1.6390548178028393e-63
48.9151284869,2.4428324917,3.025098722097608e-69
48.9200223775,2.4428324917,3.0436747455764734e-75
48.9249162681,2.4428324917,1.669435116890999e-81
48.9298101587,2.4428324917,4.9917573247483873e-88
48.9347040493,2.4428324917,8.136731745182646e-95
48.9395979399,2.4428324917,7.230347122236264e-102
48.9444918305,2.4428324917,3.502522329475575e-109
48.9493857211,2.4428324917,9.249436874821411e-117
48.9542796117,2.4428324917,1.3315647449587282e-124
48.9591735023,2.4428324917,1.045013494513726e-132
48.9640673929,2.4428324917,4.470891437308375e-141
48.9689612835,2.4428324917,1.0427470392755121e-149
48.9738551741,2.4428324917,1.325795136838253e-158
48.9787490647,2.4428324917,9.189385971966336e-168
48.7389484253,2.4477263823,3.4564973189873196e-31
48.7438423159,2.4477263823,1.791003333850129e-27
48.7487362065,2.4477263823,5.05905241967515e-24
48.7536300971,2.4477263823,7.790307127520352e-21
48.7585239877,2.4477263823,6.539621235032062e-18
48.7634178783,2.4477263823,2.992700293340317e-15
48.7683117689,2.4477263823,7.465973984455266e-13
48.7732056595,2.4477263823,1.0153653380459215e-10
48.7780995501,2.4477263823,7.527847607683691e-09
48.7829934407,2.4477263823,3.042514638985517e-07
48.7878873313,2.4477263823,6.704169424429516e-06
48.7927812219,2.4477263823,8.072788796925646e-05
48.7976751125,2.4477263823,0.000549633011875292
48.8025690031,2.4477263823,0.002620057862301878
48.8074628937,2.4477263823,0.011164816041333557
48.8123567843,2.4477263823,0.02742342528973313
48.8172506749,2.4477263823,0.025040470297070155
48.8221445655,2.4477263823,0.007521137156601489
48.8270384561,2.4477263823,0.0007502394935396581
48.8319323467,2.4477263823,2.9300682196969702e-05
48.8368262373,2.4477263823,7.397192407332766e-07
48.8417201279,2.4477263823,1.664291482642224e-08
48.8466140185,2.4477263823,2.464927006639424e-10
48.8515079091,2.4477263823,2.0367206972821424e-12
48.8564017997,2.4477263823,9.186761769870487e-15
48.8612956903,2.4477263823,2.259045848205508e-17
48.8661895809,2.4477263823,3.0283118252605954e-20
48.8710834715,2.4477263823,2.2130374247447163e-23
48.8759773621,2.4477263823,8.816364548175675e-27
48.8808712527,2.4477263823,1.9147096934069197e-30
48.8857651433,2.4477263823,2.2668821753443515e-34
48.8906590339,2.4477263823,1.4630783183714743e-38
48.8955529245,2.4477263823,5.147766230584675e-43
48.9004468151,2.4477263823,9.873762438260436e-48
48.9053407057,2.4477263823,1.032426507482074e-52
48.9102345963,2.4477263823,5.885023945858646e-58
48.9151284869,2.4477263823,1.828731464786009e-63
48.9200223775,2.4477263823,3.097877608784282e-69
48.9249162681,2.4477263823,2.8608243201817218e-75
48.9298101587,2.4477263823,1.440226301781536e-81
48.9347040493,2.4477263823,3.952600323173603e-88
48.9395979399,2.4477263823,5.913541936839081e-95
48.9444918305,2.4477263823,4.8230867729342664e-102
48.9493857211,2.4477263823,2.1444458544417183e-109
48.9542796117,2.4477263823,5.197777801467117e-117
48.9591735023,2.4477263823,6.868042123754873e-125
48.9640673929,2.4477263823,4.9472152372962425e-133
48.9689612835,2.4477263823,1.9426800312914804e-141
48.9738551741,2.4477263823,4.158669066070893e-150
48.9787490647,2.4477263823,4.853109194392417e-159
48.7389484253,2.4526202729,5.605546880066179e-34
48.7438423159,2.4526202729,4.890280703745911e-30
48.7487362065,2.4526202729,2.3257455743564642e-26
48.7536300971,2.4526202729,6.029804522567531e-23
48.7585239877,2.4526202729,8.522301183345607e-20
48.7634178783,2.4526202729,6.566336558567701e-17
48.7683117689,2.4526202729,2.75804923361681e-14
48.7732056595,2.4526202729,6.315293011199563e-12
48.7780995501,2.4526202729,7.883110496470177e-10
48.7829934407,2.4526202729,5.364318570323637e-08
48.7878873313,2.4526202729,1.9900092376499876e-06
48.7927812219,2.4526202729,4.027251732688393e-05
48.7976751125,2.4526202729,0.00044894120713062733
48.8025690031,2.4526202729,0.0029547994987489316
48.8074628937,2.4526202729,0.013590792201283767
48.8123567843,2.4526202729,0.0408221648659461
48.8172506749,2.4526202729,0.055625797783107396
48.8221445655,2.4526202729,0.02807274064956032
48.8270384561,2.4526202729,0.005389410830577492
48.8319323467,2.4526202729,0.0005121130156578137
48.8368262373,2.4526202729,3.374361105762284e-05
48.8417201279,2.4526202729,1.492956391920927e-06
48.8466140185,2.4526202729,3.792531738517496e-08
48.8515079091,2.4526202729,5.281747368548889e-10
48.8564017997,2.4526202729,4.0112438190878316e-12
48.8612956903,2.4526202729,1.6607243248563463e-14
48.8661895809,2.4526202729,3.7482515253973723e-17
48.8710834715,2.4526202729,4.6118218430545106e-20
48.8759773621,2.4526202729,3.093349083071178e-23
48.8808712527,2.4526202729,1.131092072917358e-26
48.8857651433,2.4526202729,2.2546524197259027e-30
48.8906590339,2.4526202729,2.4500438451025497e-34
48.8955529245,2.4526202729,1.4513786428408851e-38
48.9004468151,2.4526202729,4.687056783926998e-43
48.9053407057,2.4526202729,8.251488851059877e-48
48.9102345963,2.4526202729,7.919122017430433e-53
48.9151284869,2.4526202729,4.143185396327386e-58
48.9200223775,2.4526202729,1.1816920536565084e-63
48.9249162681,2.4526202729,1.837328781256415e-69
48.9298101587,2.4526202729,1.557335044299562e-75
48.9347040493,2.4526202729,7.19597838363036e-82
48.9395979399,2.4526202729,1.8126345717212522e-88
48.9444918305,2.4526202729,2.4891053765057595e-95
48.9493857211,2.4526202729,1.8633263355085798e-102
48.9542796117,2.4526202729,7.604088743136148e-110
48.9591735023,2.4526202729,1.691679343669092e-117
48.9640673929,2.4526202729,2.0516417647847506e-125
48.9689612835,2.4526202729,1.356430765364394e-133
48.9738551741,2.4526202729,4.888845885505776e-142
48.9787490647,2.4526202729,9.605670333466203e-151
48.7389484253,2.4575141635,3.4070130598657044e-37
48.7438423159,2.4575141635,5.004321781891015e-33
48.7487362065,2.4575141635,4.0070916131941676e-29
48.7536300971,2.4575141635,1.749145476509789e-25
48.7585239877,2.4575141635,4.162317510518264e-22
48.7634178783,2.4575141635,5.399544143617813e-19
48.7683117689,2.4575141635,3.818489505188856e-16
48.7732056595,2.4575141635,1.472104776367442e-13
48.7780995501,2.4575141635,3.093844336120795e-11
48.7829934407,2.4575141635,3.5446300890115723e-09
48.7878873313,2.4575141635,2.2139165335394499e-07
48.7927812219,2.4575141635,7.540593468209223e-06
48.7976751125,2.4575141635,0.00014068736456336617
48.8025690031,2.4575141635,0.0014854929071783291
48.8074628937,2.4575141635,0.009752732921444898
48.8123567843,2.4575141635,0.040196044852891286
48.8172506749,2.4575141635,0.0828592588496839
48.8221445655,2.4575141635,0.07075020724235816
48.8270384561,2.4575141635,0.025952246673267045
48.8319323467,2.4575141635,0.005168773738911805
48.8368262373,2.4575141635,0.0006617502718714552
48.8417201279,2.4575141635,5.099400264628667e-05
48.8466140185,2.4575141635,2.188859563072476e-06
48.8515079091,2.4575141635,5.13345890096707e-08
48.8564017997,2.4575141635,6.564020530776957e-10
48.8612956903,2.4575141635,4.575558322584474e-12
48.8661895809,2.4575141635,1.7387250259355045e-14
48.8710834715,2.4575141635,3.60188904348124e-17
48.8759773621,2.4575141635,4.0676386996146456e-20
48.8808712527,2.4575141635,2.504188553983219e-23
48.8857651433,2.4575141635,8.404353224835196e-27
48.8906590339,2.4575141635,1.53763828242799e-30
48.8955529245,2.4575141635,1.5336161889600806e-34
48.9004468151,2.4575141635,8.338574261866041e-39
48.9053407057,2.4575141635,2.4716076606193012e-43
48.9102345963,2.4575141635,3.9937408417520647e-48
48.9151284869,2.4575141635,3.5179757528817857e-53
48.9200223775,2.4575141635,1.6893452665721667e-58
48.9249162681,2.4575141635,4.422385648217443e-64
48.9298101587,2.4575141635,6.311134269287131e-70
48.9347040493,2.4575141635,4.909879606055722e-76
48.9395979399,2.4575141635,2.0823171760046208e-82
48.9444918305,2.4575141635,4.814326443730678e-89
48.9493857211,2.4575141635,6.0678774906304235e-96
48.9542796117,2.4575141635,4.16918040516328e-103
48.9591735023,2.4575141635,1.5616265615971802e-110
48.9640673929,2.4575141635,3.188719383862272e-118
48.9689612835,2.4575141635,3.5495069558710516e-126
48.9738551741,2.4575141635,2.1539339251226156e-134
48.9787490647,2.4575141635,7.125401433960697e-143
48.7389484253,2.4624080541,7.760749263206615e-41
48.7438423159,2.4624080541,1.9192462954800492e-36
48.7487362065,2.4624080541,2.587440578877674e-32
48.7536300971,2.4624080541,1.901615348525464e-28
48.7585239877,2.4624080541,7.618817636109405e-25
48.7634178783,2.4624080541,1.6640451206907992e-21
48.7683117689,2.4624080541,1.981322780299337e-18
48.7732056595,2.4624080541,1.2860503826453926e-15
48.7780995501,2.4624080541,4.55064910938427e-13
48.7829934407,2.4624080541,8.778118073185309e-11
48.7878873313,2.4624080541,9.230946744318884e-09
48.7927812219,2.4624080541,5.293139820492372e-07
48.7976751125,2.4624080541,1.6606927509916056e-05
48.8025690031,2.4624080541,0.00029216125628483817
48.8074628937,2.4624080541,0.0030975782280374567
48.8123567843,2.4624080541,0.020096631814299673
48.8172506749,2.4624080541,0.0666648758792189
48.8221445655,2.4624080541,0.09584734984049736
48.8270384561,2.4624080541,0.06222183498183512
48.8319323467,2.4624080541,0.022387288701799096
48.8368262373,2.4624080541,0.005006734087070321
48.8417201279,2.4624080541,0.0006546986762924846
48.8466140185,2.4624080541,4.735336882683139e-05
48.8515079091,2.4624080541,1.8699017110470095e-06
48.8564017997,2.4624080541,4.025639526014547e-08
48.8612956903,2.4624080541,4.724596122013915e-10
48.8661895809,2.4624080541,3.0227840952283667e-12
48.8710834715,2.4624080541,1.05429508810256e-14
48.8759773621,2.4624080541,2.004609818217258e-17
48.8808712527,2.4624080541,2.0778306024728754e-20
48.8857651433,2.4624080541,1.1740944597294022e-23
48.8906590339,2.4624080541,3.616667257146945e-27
48.8955529245,2.4624080541,6.073327282795023e-31
48.9004468151,2.4624080541,5.559777752494661e-35
48.9053407057,2.4624080541,2.774602624336802e-39
48.9102345963,2.4624080541,7.548432386291308e-44
48.9151284869,2.4624080541,1.1195032561735432e-48
48.9200223775,2.4624080541,9.05120847724415e-54
48.9249162681,2.4624080541,3.989333926930151e-59
48.9298101587,2.4624080541,9.58532467512463e-65
48.9347040493,2.4624080541,1.2555264913413886e-70
48.9395979399,2.4624080541,8.965149758701607e-77
48.9444918305,2.4624080541,3.489810394317413e-83
48.9493857211,2.4624080541,7.4055740735685145e-90
48.9542796117,2.4624080541,8.56698968416784e-97
48.9591735023,2.4624080541,5.402694029570943e-104
48.9640673929,2.4624080541,1.8573986133689293e-111
48.9689612835,2.4624080541,3.481067754595461e-119
48.9738551741,2.4624080541,3.556578927186375e-127
48.9787490647,2.4624080541,1.9809113519455707e-135
48.7389484253,2.4673019447,6.625330552094716e-45
48.7438423159,2.4673019447,2.7586095750797e-40
48.7487362065,2.4673019447,6.26160320061007e-36
48.7536300971,2.4673019447,7.74806867685019e-32
48.7585239877,2.4673019447,5.226536594132328e-28
48.7634178783,2.4673019447,1.921972390683552e-24
48.7683117689,2.4673019447,3.852945883017997e-21
48.7732056595,2.4673019447,4.210670801933195e-18
48.7780995501,2.4673019447,2.5085472468478363e-15
48.7829934407,2.4673019447,8.147155627911908e-13
48.7878873313,2.4673019447,1.4424731987372793e-10
48.7927812219,2.4673019447,1.3927159139562076e-08
48.7976751125,2.4673019447,7.364381314202202e-07
48.8025690031,2.4673019447,2.1976109752316645e-05
48.8074628937,2.4673019447,0.00040219872473268547
48.8123567843,2.4673019447,0.004536761161347531
48.8172506749,2.4673019447,0.025647053182241454
48.8221445655,2.4673019447,0.06134129696388147
48.8270384561,2.4673019447,0.06519993613936735
48.8319323467,2.4673019447,0.03848767157905161
48.8368262373,2.4673019447,0.014346746875065637
48.8417201279,2.4673019447,0.0031533640540557612
48.8466140185,2.4673019447,0.0003839557088509334
48.8515079091,2.4673019447,2.5527143079034634e-05
48.8564017997,2.4673019447,9.252815299500712e-07
48.8612956903,2.4673019447,1.8283499642938124e-08
48.8661895809,2.4673019447,1.9695064004988265e-10
48.8710834715,2.4673019447,1.1565597678089428e-12
48.8759773621,2.4673019447,3.702468568751725e-15
48.8808712527,2.4673019447,6.4614099354392744e-18
48.8857651433,2.4673019447,6.147178513131035e-21
48.8906590339,2.4673019447,3.188136962147113e-24
48.8955529245,2.4673019447,9.013858388894826e-28
48.9004468151,2.4673019447,1.389303425635321e-31
48.9053407057,2.4673019447,1.1673365869522186e-35
48.9102345963,2.4673019447,5.3469694611833095e-40
48.9151284869,2.4673019447,1.3351557335053553e-44
48.9200223775,2.4673019447,1.817476322466401e-49
48.9249162681,2.4673019447,1.3487088695374508e-54
48.9298101587,2.4673019447,5.456074360636781e-60
48.9347040493,2.4673019447,1.2032474861085573e-65
48.9395979399,2.4673019447,1.4465793478100792e-71
48.9444918305,2.4673019447,9.480738618616982e-78
48.9493857211,2.4673019447,3.3873081058267874e-84
48.9542796117,2.4673019447,6.597506771575127e-91
48.9591735023,2.4673019447,7.005152644641288e-98
48.9640673929,2.4673019447,4.054786359782664e-105
48.9689612835,2.4673019447,1.2794725291545263e-112
48.9738551741,2.4673019447,2.2009317223490378e-120
48.9787490647,2.4673019447,2.0639291717503274e-128
