LATITUDE,LONGITUDE,probability
48.7389484253,2.2275013053,4.639386653417585e-81
48.7438423159,2.2275013053,2.741686278234626e-74
48.7487362065,2.2275013053,6.596730755406375e-68
48.7536300971,2.2275013053,6.462396040098441e-62
48.7585239877,2.2275013053,2.5775802254454376e-56
48.7634178783,2.2275013053,4.185859393110328e-51
48.7683117689,2.2275013053,2.767671842006569e-46
48.7732056595,2.2275013053,7.464300960690231e-42
48.7780995501,2.2275013053,1.047286474535058e-37
48.7829934407,2.2275013053,1.168974122570239e-32
48.7878873313,2.2275013053,1.623178447460267e-27
48.7927812219,2.2275013053,6.782855490013804e-23
48.7976751125,2.2275013053,8.2748970688165065e-19
48.8025690031,2.2275013053,2.9467025261761256e-15
48.8074628937,2.2275013053,3.0636366596629035e-12
48.8123567843,2.2275013053,9.300611006880252e-10
48.8172506749,2.2275013053,8.242036283392543e-08
48.8221445655,2.2275013053,2.1305735905700346e-06
48.8270384561,2.2275013053,1.6053464630178387e-05
48.8319323467,2.2275013053,3.524698582156328e-05
48.8368262373,2.2275013053,2.25563006974075e-05
48.8417201279,2.2275013053,4.20923661704657e-06
48.8466140185,2.2275013053,2.2911881999282315e-07
48.8515079091,2.2275013053,3.6382906287858213e-09
48.8564017997,2.2275013053,1.6856124989937364e-11
48.8612956903,2.2275013053,2.2787841313274737e-14
48.8661895809,2.2275013053,8.990701246640506e-18
48.8710834715,2.2275013053,1.0352889405741139e-21
48.8759773621,2.2275013053,3.4794128609065985e-26
48.8808712527,2.2275013053,3.4127286789913494e-31
48.8857651433,2.2275013053,9.768219812602398e-37
48.8906590339,2.2275013053,8.158611699022594e-43
48.8955529245,2.2275013053,1.988298732720462e-49
48.9004468151,2.2275013053,1.4138303610923884e-56
48.9053407057,2.2275013053,2.933301252041942e-64
48.9102345963,2.2275013053,1.7759254632832274e-72
48.9151284869,2.2275013053,3.1747397300015705e-81
48.9200223775,2.2275013053,3.658325438258964e-90
48.9249162681,2.2275013053,4.415289384546426e-98
48.9298101587,2.2275013053,3.843940699770228e-106
48.9347040493,2.2275013053,1.3699997374213988e-114
48.9395979399,2.2275013053,1.9880625999720697e-123
48.9444918305,2.2275013053,1.1746094224859305e-132
48.9493857211,2.2275013053,2.8256002226158224e-142
48.9542796117,2.2275013053,2.7674626130470265e-152
48.9591735023,2.2275013053,1.1035871107497676e-162
48.9640673929,2.2275013053,1.7917824858046034e-173
48.9689612835,2.2275013053,1.1844528176823057e-184
48.9738551741,2.2275013053,3.187895335649605e-196
48.9787490647,2.2275013053,3.4933665207899417e-208
48.7389484253,2.2323951959,1.8264619315406305e-79
48.7438423159,2.2323951959,1.404046657204115e-72
48.7487362065,2.2323951959,4.394467587871027e-66
48.7536300971,2.2323951959,5.599958415025701e-60
48.7585239877,2.2323951959,2.905475040329501e-54
48.7634178783,2.2323951959,6.1376667816997015e-49
48.7683117689,2.2323951959,5.27889815103898e-44
48.7732056595,2.2323951959,1.8485822271984816e-39
48.7780995501,2.2323951959,2.6371998004274413e-35
48.7829934407,2.2323951959,1.628060598467756e-31
48.7878873313,2.2323951959,2.151242556904449e-27
48.7927812219,2.2323951959,9.566778120402603e-23
48.7976751125,2.2323951959,1.482779396236095e-18
48.8025690031,2.2323951959,6.737675133394624e-15
48.8074628937,2.2323951959,8.944347625412377e-12
48.8123567843,2.2323951959,3.4651212900399407e-09
48.8172506749,2.2323951959,3.911930592755235e-07
48.8221445655,2.2323951959,1.285940600002424e-05
48.8270384561,2.2323951959,0.00012313637951896599
48.8319323467,2.2323951959,0.0003438153394222455
48.8368262373,2.2323951959,0.00028009239173437136
48.8417201279,2.2323951959,6.656978105506074e-05
48.8466140185,2.2323951959,4.614290857838861e-06
48.8515079091,2.2323951959,9.326766587545309e-08
48.8564017997,2.2323951959,5.498437194593737e-10
48.8612956903,2.2323951959,9.457589606211701e-13
48.8661895809,2.2323951959,4.747777598924733e-16
48.8710834715,2.2323951959,6.957360520611365e-20
48.8759773621,2.2323951959,2.9761456774499508e-24
48.8808712527,2.2323951959,3.716093025038631e-29
48.8857651433,2.2323951959,1.354224921990365e-34
48.8906590339,2.2323951959,1.4401835885041145e-40
48.8955529245,2.2323951959,4.469215205477614e-47
48.9004468151,2.2323951959,4.047002698568309e-54
48.9053407057,2.2323951959,1.0719328625988612e-61
48.9102345963,2.2323951959,9.408237783552573e-70
48.9151284869,2.2323951959,2.1544314846530105e-77
48.9200223775,2.2323951959,1.3538255138861198e-84
48.9249162681,2.2323951959,3.7830052077546796e-92
48.9298101587,2.2323951959,4.307745106028905e-100
48.9347040493,2.2323951959,1.9971906029681626e-108
48.9395979399,2.2323951959,3.770013053272935e-117
48.9444918305,2.2323951959,2.897477048312072e-126
48.9493857211,2.2323951959,9.066735902091851e-136
48.9542796117,2.2323951959,1.1551429649331871e-145
48.9591735023,2.2323951959,5.992034703642255e-156
48.9640673929,2.2323951959,1.265513297869102e-166
48.9689612835,2.2323951959,1.088210511724625e-177
48.9738551741,2.2323951959,3.809894335562302e-189
48.9787490647,2.2323951959,5.430836847268889e-201
48.7389484253,2.2372890865,2.3780186186143445e-78
48.7438423159,2.2372890865,2.3779345179958806e-71
48.7487362065,2.2372890865,9.681403975897194e-65
48.7536300971,2.2372890865,1.6048358009570557e-58
48.7585239877,2.2372890865,1.0831202526063954e-52
48.7634178783,2.2372890865,2.9762990076806835e-47
48.7683117689,2.2372890865,3.3298928065794515e-42
48.7732056595,2.2372890865,1.5168329853433455e-37
48.7780995501,2.2372890865,2.8131965840132258e-33
48.7829934407,2.2372890865,2.124813134937675e-29
48.7878873313,2.2372890865,6.652655506058135e-26
48.7927812219,2.2372890865,1.6491758964094284e-22
48.7976751125,2.2372890865,1.7094484659977293e-18
48.8025690031,2.2372890865,9.783030944070984e-15
48.8074628937,2.2372890865,1.6635228872939687e-11
48.8123567843,2.2372890865,8.180266976412786e-09
48.8172506749,2.2372890865,1.1632567352044132e-06
48.8221445655,2.2372890865,4.810514077454817e-05
48.8270384561,2.2372890865,0.0005818275566916761
48.8319323467,2.2372890865,0.002062166817500991
48.8368262373,2.2372890865,0.0021386012039437833
48.8417201279,2.2372890865,0.0006474313509512533
48.8466140185,2.2372890865,5.713319782635375e-05
48.8515079091,2.2372890865,1.469214870048254e-06
48.8564017997,2.2372890865,1.1014458095459653e-08
48.8612956903,2.2372890865,2.4088197586299838e-11
48.8661895809,2.2372890865,1.5376470923142804e-14
48.8710834715,2.2372890865,2.8659358673524865e-18
48.8759773621,2.2372890865,1.5598045977142534e-22
48.8808712527,2.2372890865,2.4787054599273355e-27
48.8857651433,2.2372890865,1.149878721355272e-32
48.8906590339,2.2372890865,1.5569995267630554e-38
48.8955529245,2.2372890865,6.158367101933256e-45
48.9004468151,2.2372890865,7.304686197006321e-52
48.9053407057,2.2372890865,5.188943526332441e-59
48.9102345963,2.2372890865,1.5341809397290066e-65
48.9151284869,2.2372890865,3.3162774603168025e-72
48.9200223775,2.2372890865,2.962686143573292e-79
48.9249162681,2.2372890865,1.0778553051978442e-86
48.9298101587,2.2372890865,1.5965771239519857e-94
48.9347040493,2.2372890865,9.628821971902604e-103
48.9395979399,2.2372890865,2.36434159393044e-111
48.9444918305,2.2372890865,2.3637475869105258e-120
48.9493857211,2.2372890865,9.621566483862956e-130
48.9542796117,2.2372890865,1.5945725455362552e-139
48.9591735023,2.2372890865,1.0759611496092675e-149
48.9640673929,2.2372890865,2.95598828647337e-160
48.9689612835,2.2372890865,3.306455163108234e-171
48.9738551741,2.2372890865,1.5058314994478347e-182
48.9787490647,2.2372890865,2.792183317551553e-194
48.7389484253,2.2421829771,1.0239398522512989e-77
48.7438423159,2.2421829771,1.3319036597539551e-70
48.7487362065,2.2421829771,7.053830001175628e-64
48.7536300971,2.2421829771,1.5210061710948612e-57
48.7585239877,2.2421829771,1.3353366654331111e-51
48.7634178783,2.2421829771,4.7731423042766e-46
48.7683117689,2.2421829771,6.94659215459538e-41
48.7732056595,2.2421829771,4.116167424093573e-36
48.7780995501,2.2421829771,9.930430565884289e-32
48.7829934407,2.2421829771,9.754337030563185e-28
48.7878873313,2.2421829771,3.9016475681576214e-24
48.7927812219,2.2421829771,6.411921891366397e-21
48.7976751125,2.2421829771,5.863670064187323e-18
48.8025690031,2.2421829771,1.3606579505532851e-14
48.8074628937,2.2421829771,2.5576819574818215e-11
48.8123567843,2.2421829771,1.436707185976647e-08
48.8172506749,2.2421829771,2.3406534398238417e-06
48.8221445655,2.2421829771,0.00011464232179402242
48.8270384561,2.2421829771,0.0017072312938458106
48.8319323467,2.2421829771,0.007631570906121873
48.8368262373,2.2421829771,0.010070647652523176
48.8417201279,2.2421829771,0.0038843853840342356
48.8466140185,2.2421829771,0.000436319965137456
48.8515079091,2.2421829771,1.4265229822204676e-05
48.8564017997,2.2421829771,1.3585419207796917e-07
48.8612956903,2.2421829771,3.7729594939017653e-10
48.8661895809,2.2421829771,3.058810955862093e-13
48.8710834715,2.2421829771,7.243842874084719e-17
48.8759773621,2.2421829771,5.0122050577868394e-21
48.8808712527,2.2421829771,1.0132154684736372e-25
48.8857651433,2.2421829771,5.985777150569673e-31
48.8906590339,2.2421829771,1.0430445420601656e-36
48.8955529245,2.2421829771,6.452156194945757e-43
48.9004468151,2.2421829771,6.117243383116404e-49
48.9053407057,2.2421829771,9.256346044184871e-55
48.9102345963,2.2421829771,6.467879930506e-61
48.9151284869,2.2421829771,1.846361189396812e-67
48.9200223775,2.2421829771,2.1461094383395107e-74
48.9249162681,2.2421829771,1.0156433290164214e-81
48.9298101587,2.2421829771,1.9569709995562096e-89
48.9347040493,2.2421829771,1.5352580034457396e-97
48.9395979399,2.2421829771,4.903793356320502e-106
48.9444918305,2.2421829771,6.377298750071593e-115
48.9493857211,2.2421829771,3.3767209665031376e-124
48.9542796117,2.2421829771,7.279598001880263e-134
48.9591735023,2.2421829771,6.389596454273251e-144
48.9640673929,2.2421829771,2.2834592954488476e-154
48.9689612835,2.2421829771,3.3225148362450925e-165
48.9738551741,2.2421829771,1.9683140570371084e-176
48.9787490647,2.2421829771,4.747616930230427e-188
48.7389484253,2.2470768677,1.4581030279909218e-77
48.7438423159,2.2470768677,2.467176974670936e-70
48.7487362065,2.2470768677,1.6996762474811736e-63
48.7536300971,2.2470768677,4.767447486306158e-57
48.7585239877,2.2470768677,5.444518041270448e-51
48.7634178783,2.2470768677,2.5315515487555423e-45
48.7683117689,2.2470768677,4.792563983428228e-40
48.7732056595,2.2470768677,3.694050896263911e-35
48.7780995501,2.2470768677,1.1592888024275033e-30
48.7829934407,2.2470768677,1.481270228532627e-26
48.7878873313,2.2470768677,7.706169165053954e-23
48.7927812219,2.2470768677,1.634035267070025e-19
48.7976751125,2.2470768677,1.4628221290081855e-16
48.8025690031,2.2470768677,8.966300053738008e-14
48.8074628937,2.2470768677,7.83871623115723e-11
48.8123567843,2.2470768677,3.282410038610515e-08
48.8172506749,2.2470768677,4.272132927688437e-06
48.8221445655,2.2470768677,0.00019272530740894965
48.8270384561,2.2470768677,0.0031861251329294397
48.8319323467,2.2470768677,0.017557242388100688
48.8368262373,2.2470768677,0.029428091157904943
48.8417201279,2.2470768677,0.014471117141026718
48.8466140185,2.2470768677,0.0020688822315653318
48.8515079091,2.2470768677,8.59069103424915e-05
48.8564017997,2.2470768677,1.0373816097375439e-06
48.8612956903,2.2470768677,3.6502567844420628e-09
48.8661895809,2.2470768677,3.749785736832724e-12
48.8710834715,2.2470768677,1.12614223930419e-15
48.8759773621,2.2470768677,9.899245748248801e-20
48.8808712527,2.2470768677,2.5618507571907762e-24
48.8857651433,2.2470768677,2.0880939267499538e-29
48.8906590339,2.2470768677,1.0207985468062281e-34
48.8955529245,2.2470768677,8.41226475929533e-40
48.9004468151,2.2470768677,4.4862552928570515e-45
48.9053407057,2.2470768677,1.0039194951652174e-50
48.9102345963,2.2470768677,9.156488136349941e-57
48.9151284869,2.2470768677,3.4003545033470955e-63
48.9200223775,2.2470768677,5.14130617726113e-70
48.9249162681,2.2470768677,3.1650206821103253e-77
48.9298101587,2.2470768677,7.932926807340641e-85
48.9347040493,2.2470768677,8.095508869717956e-93
48.9395979399,2.2470768677,3.3636335003923557e-101
48.9444918305,2.2470768677,5.690192987359491e-110
48.9493857211,2.2470768677,3.919215405694387e-119
48.9542796117,2.2470768677,1.0990693118733273e-128
48.9591735023,2.2470768677,1.2548876362897154e-138
48.9640673929,2.2470768677,5.833623679227474e-149
48.9689612835,2.2470768677,1.1041441855873759e-159
48.9738551741,2.2470768677,8.508773839591372e-171
48.9787490647,2.2470768677,2.6696970503353196e-182
48.7389484253,2.2519707583,6.866833975643413e-78
48.7438423159,2.2519707583,1.511410253335042e-70
48.7487362065,2.2519707583,1.3544469251372615e-63
48.7536300971,2.2519707583,4.9419168018203665e-57
48.7585239877,2.2519707583,7.341464082889093e-51
48.7634178783,2.2519707583,4.4404168063760355e-45
48.7683117689,2.2519707583,1.0934995475713187e-39
48.7732056595,2.2519707583,1.0963956108224683e-34
48.7780995501,2.2519707583,4.475790812042698e-30
48.7829934407,2.2519707583,7.439199497783333e-26
48.7878873313,2.2519707583,5.034372852228497e-22
48.7927812219,2.2519707583,1.3883213494278478e-18
48.7976751125,2.2519707583,1.5901138002693144e-15
48.8025690031,2.2519707583,9.289373690267706e-13
48.8074628937,2.2519707583,4.6034841560481713e-10
48.8123567843,2.2519707583,1.2754484104802375e-07
48.8172506749,2.2519707583,1.093660254963095e-05
48.8221445655,2.2519707583,0.00030646113956238113
48.8270384561,2.2519707583,0.004093309458401477
48.8319323467,2.2519707583,0.02557514976490192
48.8368262373,2.2519707583,0.05404462731097384
48.8417201279,2.2519707583,0.03391870695312516
48.8466140185,2.2519707583,0.0061728410362077435
48.8515079091,2.2519707583,0.0003250176813429848
48.8564017997,2.2519707583,4.961422789246856e-06
48.8612956903,2.2519707583,2.2036214409192533e-08
48.8661895809,2.2519707583,2.8605573380759426e-11
48.8710834715,2.2519707583,1.0943575856853283e-14
48.8759773621,2.2519707583,1.2840537330166866e-18
48.8808712527,2.2519707583,6.063574790007936e-23
48.8857651433,2.2519707583,2.6554448922805203e-27
48.8906590339,2.2519707583,9.959443889559411e-32
48.8955529245,2.2519707583,1.7333449070472207e-36
48.9004468151,2.2519707583,1.2400167968377337e-41
48.9053407057,2.2519707583,3.6134516396965694e-47
48.9102345963,2.2519707583,4.287236677020116e-53
48.9151284869,2.2519707583,2.071031217105563e-59
48.9200223775,2.2519707583,4.073330455375266e-66
48.9249162681,2.2519707583,3.261868540532224e-73
48.9298101587,2.2519707583,1.063498972428778e-80
48.9347040493,2.2519707583,1.4117620576990985e-88
48.9395979399,2.2519707583,7.630267214765898e-97
48.9444918305,2.2519707583,1.6790815891424114e-105
48.9493857211,2.2519707583,1.504380386439185e-114
48.9542796117,2.2519707583,5.487788132347325e-124
48.9591735023,2.2519707583,8.15062327533611e-134
48.9640673929,2.2519707583,4.928765038078047e-144
48.9689612835,2.2519707583,1.2134984349751836e-154
48.9738551741,2.2519707583,1.2164496467034781e-165
48.9787490647,2.2519707583,4.964812632715779e-177
48.7389484253,2.2568646489,1.0694967091409275e-78
48.7438423159,2.2568646489,3.062097358493908e-71
48.7487362065,2.2568646489,3.5695407788515444e-64
48.7536300971,2.2568646489,1.6941798468619684e-57
48.7585239877,2.2568646489,3.273862877231479e-51
48.7634178783,2.2568646489,2.5758185719308762e-45
48.7683117689,2.2568646489,8.251328273576528e-40
48.7732056595,2.2568646489,1.0761833573781696e-34
48.7780995501,2.2568646489,5.714819184495908e-30
48.7829934407,2.2568646489,1.2355861418121292e-25
48.7878873313,2.2568646489,1.087733709170815e-21
48.7927812219,2.2568646489,3.90519605423802e-18
48.7976751125,2.2568646489,5.858239629795091e-15
48.8025690031,2.2568646489,4.353162274477631e-12
48.8074628937,2.2568646489,2.122892386461944e-09
48.8123567843,2.2568646489,4.903815635170087e-07
48.8172506749,2.2568646489,3.369957752935924e-05
48.8221445655,2.2568646489,0.0006324372464547135
48.8270384561,2.2568646489,0.00470680360165612
48.8319323467,2.2568646489,0.025374268776481967
48.8368262373,2.2568646489,0.06473010104751971
48.8417201279,2.2568646489,0.05163644554978945
48.8466140185,2.2568646489,0.011953514913072621
48.8515079091,2.2568646489,0.0007970441332480022
48.8564017997,2.2568646489,1.5368547730207282e-05
48.8612956903,2.2568646489,8.674589905238698e-08
48.8661895809,2.2568646489,1.4863739791283018e-10
48.8710834715,2.2568646489,8.92961603924778e-14
48.8759773621,2.2568646489,2.936095669496962e-17
48.8808712527,2.2568646489,7.251406998247844e-21
48.8857651433,2.2568646489,9.534978283792093e-25
48.8906590339,2.2568646489,5.331585387605465e-29
48.8955529245,2.2568646489,1.218823231486063e-33
48.9004468151,2.2568646489,1.1347404750683793e-38
48.9053407057,2.2568646489,4.301418048166714e-44
48.9102345963,2.2568646489,6.638664972444023e-50
48.9151284869,2.2568646489,4.171609674707225e-56
48.9200223775,2.2568646489,1.0672849628972586e-62
48.9249162681,2.2568646489,1.1117596963467967e-69
48.9298101587,2.2568646489,4.7151473785488695e-77
48.9347040493,2.2568646489,8.142043686376208e-85
48.9395979399,2.2568646489,5.72433966280769e-93
48.9444918305,2.2568646489,1.6385932939545092e-101
48.9493857211,2.2568646489,1.9097246837360572e-110
48.9542796117,2.2568646489,9.062002141996288e-120
48.9591735023,2.2568646489,1.7507791667548286e-129
48.9640673929,2.2568646489,1.3771853378218828e-139
48.9689612835,2.2568646489,4.410696969116167e-150
48.9738551741,2.2568646489,5.75143032120652e-161
48.9787490647,2.2568646489,3.053502745042042e-172
48.7389484253,2.2617585395,5.508799015349991e-80
48.7438423159,2.2617585395,2.0516826952028737e-72
48.7487362065,2.2617585395,3.111123660845432e-65
48.7536300971,2.2617585395,1.920782378232473e-58
48.7585239877,2.2617585395,4.8282846104209205e-52
48.7634178783,2.2617585395,4.9415292741437925e-46
48.7683117689,2.2617585395,2.0591296555148486e-40
48.7732056595,2.2617585395,3.4934925826808214e-35
48.7780995501,2.2617585395,2.413180708055958e-30
48.7829934407,2.2617585395,6.787007255775333e-26
48.7878873313,2.2617585395,7.77464101355581e-22
48.7927812219,2.2617585395,3.651902806692243e-18
48.7976751125,2.2617585395,7.509303477053311e-15
48.8025690031,2.2617585395,8.571188174283058e-12
48.8074628937,2.2617585395,5.5934657470411936e-09
48.8123567843,2.2617585395,1.3175887882933274e-06
48.8172506749,2.2617585395,8.382669900085792e-05
48.8221445655,2.2617585395,0.0013744315072749121
48.8270384561,2.2617585395,0.007104385640067817
48.8319323467,2.2617585395,0.024078247528253705
48.8368262373,2.2617585395,0.06048180073981275
48.8417201279,2.2617585395,0.05774468646366041
48.8466140185,2.2617585395,0.016758933916701205
48.8515079091,2.2617585395,0.0014286066546901845
48.8564017997,2.2617585395,3.640677363607681e-05
48.8612956903,2.2617585395,3.0086400750814225e-07
48.8661895809,2.2617585395,9.990253114881953e-10
48.8710834715,2.2617585395,1.77348561020375e-12
48.8759773621,2.2617585395,1.693059233187116e-15
48.8808712527,2.2617585395,7.293933378467056e-19
48.8857651433,2.2617585395,1.3051892872003116e-22
48.8906590339,2.2617585395,9.533161411408932e-27
48.8955529245,2.2617585395,2.83564501372241e-31
48.9004468151,2.2617585395,3.434209456284607e-36
48.9053407057,2.2617585395,1.693385312678568e-41
48.9102345963,2.2617585395,3.3996845162931695e-47
48.9151284869,2.2617585395,2.7789149598104474e-53
48.9200223775,2.2617585395,9.248380871880524e-60
48.9249162681,2.2617585395,1.2531699361048467e-66
48.9298101587,2.2617585395,6.913660331216536e-74
48.9347040493,2.2617585395,1.5529587523951477e-81
48.9395979399,2.2617585395,1.4202526664159967e-89
48.9444918305,2.2617585395,5.2884099842032187e-98
48.9493857211,2.2617585395,8.01749006202736e-107
48.9542796117,2.2617585395,4.9488644055455637e-116
48.9591735023,2.2617585395,1.2437310873352017e-125
48.9640673929,2.2617585395,1.2726273001247974e-135
48.9689612835,2.2617585395,5.301878751832315e-146
48.9738551741,2.2617585395,8.993156654208214e-157
48.9787490647,2.2617585395,6.210811323203228e-168
48.7389484253,2.2666524301,9.384021038072318e-82
48.7438423159,2.2666524301,4.546277759752024e-74
48.7487362065,2.2666524301,8.967611178314833e-67
48.7536300971,2.2666524301,7.201971261638469e-60
48.7585239877,2.2666524301,2.354939797035311e-53
48.7634178783,2.2666524301,3.1351768574283025e-47
48.7683117689,2.2666524301,1.6994096936763858e-41
48.7732056595,2.2666524301,3.7504897240466166e-36
48.7780995501,2.2666524301,3.370031732591794e-31
48.7829934407,2.2666524301,1.2331901796285995e-26
48.7878873313,2.2666524301,1.8468716140146182e-22
48.7927812219,2.2666524301,1.202162757795664e-18
48.7976751125,2.2666524301,4.503390928124436e-15
48.8025690031,2.2666524301,1.0886748832734834e-11
48.8074628937,2.2666524301,9.920892231816361e-09
48.8123567843,2.2666524301,2.41052134132272e-06
48.8172506749,2.2666524301,0.00014403801811723908
48.8221445655,2.2666524301,0.0021692889523369794
48.8270384561,2.2666524301,0.01013875111897089
48.8319323467,2.2666524301,0.028180793159664184
48.8368262373,2.2666524301,0.0616862379660863
48.8417201279,2.2666524301,0.06249277755767133
48.8466140185,2.2666524301,0.02193737384718608
48.8515079091,2.2666524301,0.0024897304918918123
48.8564017997,2.2666524301,9.579080451921433e-05
48.8612956903,2.2666524301,1.4472800382567023e-06
48.8661895809,2.2666524301,1.0014874718010015e-08
48.8710834715,2.2666524301,3.2132229227228147e-11
48.8759773621,2.2666524301,4.447473395905659e-14
48.8808712527,2.2666524301,2.542852955779952e-17
48.8857651433,2.2666524301,5.933593261320138e-21
48.8906590339,2.2666524301,5.638821755108715e-25
48.8955529245,2.2666524301,2.1818397515199913e-29
48.9004468151,2.2666524301,3.4372550240471736e-34
48.9053407057,2.2666524301,2.2047253628505176e-39
48.9102345963,2.2666524301,5.757726778293982e-45
48.9151284869,2.2666524301,6.122114070087223e-51
48.9200223775,2.2666524301,2.6503644208104516e-57
48.9249162681,2.2666524301,4.671577724834839e-64
48.9298101587,2.2666524301,3.3525508649764646e-71
48.9347040493,2.2666524301,9.795824212966236e-79
48.9395979399,2.2666524301,1.1653607884993126e-86
48.9444918305,2.2666524301,5.644605955967184e-95
48.9493857211,2.2666524301,1.1131678862812111e-103
48.9542796117,2.2666524301,8.93802404693131e-113
48.9591735023,2.2666524301,2.9219728697064824e-122
48.9640673929,2.2666524301,3.889239163478717e-132
48.9689612835,2.2666524301,2.1076909561742607e-142
48.9738551741,2.2666524301,4.650536147210776e-153
48.9787490647,2.2666524301,4.177850809660466e-164
48.7389484253,2.2715463207,5.286589482848096e-84
48.7438423159,2.2715463207,3.3316264876221336e-76
48.7487362065,2.2715463207,8.548518097098179e-69
48.7536300971,2.2715463207,8.930569924363264e-62
48.7585239877,2.2715463207,3.798580423328051e-55
48.7634178783,2.2715463207,6.578354705525591e-49
48.7683117689,2.2715463207,4.638388210826665e-43
48.7732056595,2.2715463207,1.331600134422756e-37
48.7780995501,2.2715463207,1.557009555521798e-32
48.7829934407,2.2715463207,7.488734942983793e-28
48.7878873313,2.2715463207,1.7022276113700673e-23
48.7927812219,2.2715463207,3.1692213562181113e-19
48.7976751125,2.2715463207,3.993402815350789e-15
48.8025690031,2.2715463207,1.5584753190264213e-11
48.8074628937,2.2715463207,1.4945542341574404e-08
48.8123567843,2.2715463207,3.392424749726487e-06
48.8172506749,2.2715463207,0.0001819588093352064
48.8221445655,2.2715463207,0.002370594275343851
48.8270384561,2.2715463207,0.008978117448296812
48.8319323467,2.2715463207,0.0211320544460842
48.8368262373,2.2715463207,0.04811600607640576
48.8417201279,2.2715463207,0.05531611000925488
48.8466140185,2.2715463207,0.023925914526532505
48.8515079091,2.2715463207,0.0036526256418075416
48.8564017997,2.2715463207,0.00020653939774709632
48.8612956903,2.2715463207,4.8164909700984655e-06
48.8661895809,2.2715463207,4.924926806321074e-08
48.8710834715,2.2715463207,2.163388297787862e-10
48.8759773621,2.2715463207,3.9436282383920394e-13
48.8808712527,2.2715463207,2.938968400163769e-16
48.8857651433,2.2715463207,8.92292128458122e-20
48.8906590339,2.2715463207,1.103062011621903e-23
48.8955529245,2.2715463207,5.551989746113307e-28
48.9004468151,2.2715463207,1.1377616964532965e-32
48.9053407057,2.2715463207,9.493093923989191e-38
48.9102345963,2.2715463207,3.224913404709525e-43
48.9151284869,2.2715463207,4.460485662903237e-49
48.9200223775,2.2715463207,2.511886713335028e-55
48.9249162681,2.2715463207,5.759327303855901e-62
48.9298101587,2.2715463207,5.376470688585543e-69
48.9347040493,2.2715463207,2.0435092846432212e-76
48.9395979399,2.2715463207,3.162348718061321e-84
48.9444918305,2.2715463207,1.9924925797825044e-92
48.9493857211,2.2715463207,5.111371856462362e-101
48.9542796117,2.2715463207,5.338657413295126e-110
48.9591735023,2.2715463207,2.270285307666801e-119
48.9640673929,2.2715463207,3.930815275670388e-129
48.9689612835,2.2715463207,2.7710135041069994e-139
48.9738551741,2.2715463207,7.953320063690449e-150
48.9787490647,2.2715463207,9.294201598436162e-161
48.7389484253,2.2764402113,9.849558691019026e-87
48.7438423159,2.2764402113,8.0744177769588e-79
48.7487362065,2.2764402113,2.6950043532586288e-71
48.7536300971,2.2764402113,3.662364252488028e-64
48.7585239877,2.2764402113,2.0263637736889737e-57
48.7634178783,2.2764402113,4.564857310321115e-51
48.7683117689,2.2764402113,4.1869927481470696e-45
48.7732056595,2.2764402113,1.5661128197767733e-39
48.7780995501,2.2764402113,2.515813477168792e-34
48.7829934407,2.2764402113,3.211716553892913e-29
48.7878873313,2.2764402113,5.4764434981369106e-24
48.7927812219,2.2764402113,3.5375040028296327e-19
48.7976751125,2.2764402113,5.61917545569518e-15
48.8025690031,2.2764402113,2.0986003677954832e-11
48.8074628937,2.2764402113,1.8332688371552312e-08
48.8123567843,2.2764402113,3.743628169127338e-06
48.8172506749,2.2764402113,0.00017886995356379133
48.8221445655,2.2764402113,0.002014231072213712
48.8270384561,2.2764402113,0.005718817195826533
48.8319323467,2.2764402113,0.0076801084378136115
48.8368262373,2.2764402113,0.016675534183834873
48.8417201279,2.2764402113,0.02404390793672205
48.8466140185,2.2764402113,0.013369630071905452
48.8515079091,2.2764402113,0.0026683110151375262
48.8564017997,2.2764402113,0.00020055325134453895
48.8612956903,2.2764402113,6.255449054374161e-06
48.8661895809,2.2764402113,8.47658029108779e-08
48.8710834715,2.2764402113,4.878143990887765e-10
48.8759773621,2.2764402113,1.1587248766663385e-12
48.8808712527,2.2764402113,1.123616444439485e-15
48.8857651433,2.2764402113,4.437707682806926e-19
48.8906590339,2.2764402113,7.136191949327348e-23
48.8955529245,2.2764402113,4.672282037190388e-27
48.9004468151,2.2764402113,1.245504877982887e-31
48.9053407057,2.2764402113,1.3518099141724582e-36
48.9102345963,2.2764402113,5.973648059741979e-42
48.9151284869,2.2764402113,1.0747747332580083e-47
48.9200223775,2.2764402113,7.873159948031337e-54
48.9249162681,2.2764402113,2.3481969059520678e-60
48.9298101587,2.2764402113,2.8515025158112754e-67
48.9347040493,2.2764402113,1.4098302258346643e-74
48.9395979399,2.2764402113,2.8380084628310194e-82
48.9444918305,2.2764402113,2.3260249328001526e-90
48.9493857211,2.2764402113,7.76191452151468e-99
48.9542796117,2.2764402113,1.0545742346724763e-107
48.9591735023,2.2764402113,5.833635204087726e-117
48.9640673929,2.2764402113,1.3138784508843218e-126
48.9689612835,2.2764402113,1.2048276405698975e-136
48.9738551741,2.2764402113,4.4983005134294e-147
48.9787490647,2.2764402113,6.837948402363179e-158
48.7389484253,2.2813341019,6.068935571865974e-90
48.7438423159,2.2813341019,6.471734562894911e-82
48.7487362065,2.2813341019,2.8098470253022946e-74
48.7536300971,2.2813341019,4.967049306603414e-67
48.7585239877,2.2813341019,3.574941626876075e-60
48.7634178783,2.2813341019,1.047866828149364e-53
48.7683117689,2.2813341019,1.2743600096491006e-47
48.7732056595,2.2813341019,1.1134163236483626e-41
48.7780995501,2.2813341019,2.566001561644813e-35
48.7829934407,2.2813341019,2.7702085030588717e-29
48.7878873313,2.2813341019,7.281479412620651e-24
48.7927812219,2.2813341019,4.483248895585329e-19
48.7976751125,2.2813341019,6.4502031383076614e-15
48.8025690031,2.2813341019,2.1679978486698697e-11
48.8074628937,2.2813341019,1.702298781433701e-08
48.8123567843,2.2813341019,3.122537174600622e-06
48.8172506749,2.2813341019,0.00013381680073659002
48.8221445655,2.2813341019,0.0013407770686525045
48.8270384561,2.2813341019,0.003170789384196365
48.8319323467,2.2813341019,0.0021460987818249025
48.8368262373,2.2813341019,0.0023897707277171533
48.8417201279,2.2813341019,0.004467162067339819
48.8466140185,2.2813341019,0.0032999412572605733
48.8515079091,2.2813341019,0.0008318441656192212
48.8564017997,2.2813341019,7.603558766943033e-05
48.8612956903,2.2813341019,2.886851109673559e-06
48.8661895809,2.2813341019,4.92085184650743e-08
48.8710834715,2.2813341019,3.6507328446468233e-10
48.8759773621,2.2813341019,1.1264640587300518e-12
48.8808712527,2.2813341019,1.4207393257687617e-15
48.8857651433,2.2813341019,7.2990477173347525e-19
48.8906590339,2.2813341019,1.5268197124608368e-22
48.8955529245,2.2813341019,1.3003612478156276e-26
48.9004468151,2.2813341019,4.509144227234287e-31
48.9053407057,2.2813341019,6.366167286290002e-36
48.9102345963,2.2813341019,3.659449658427039e-41
48.9151284869,2.2813341019,8.564604609940335e-47
48.9200223775,2.2813341019,8.161174616389312e-53
48.9249162681,2.2813341019,3.1662983347845658e-59
48.9298101587,2.2813341019,5.001552197410809e-66
48.9347040493,2.2813341019,3.21670763018928e-73
48.9395979399,2.2813341019,8.423104399050441e-81
48.9444918305,2.2813341019,8.980211980523131e-89
48.9493857211,2.2813341019,3.8981164063234176e-97
48.9542796117,2.2813341019,6.889327494962404e-106
48.9591735023,2.2813341019,4.957385211653139e-115
48.9640673929,2.2813341019,1.4523868705914086e-124
48.9689612835,2.2813341019,1.7324701967843615e-134
48.9738551741,2.2813341019,8.414010331134559e-145
48.9787490647,2.2813341019,1.6637731837726085e-155
48.7389484253,2.2862279925,1.236695702155731e-93
48.7438423159,2.2862279925,1.7154763949641632e-85
48.7487362065,2.2862279925,9.68858880777584e-78
48.7536300971,2.2862279925,2.227971682577216e-70
48.7585239877,2.2862279925,2.1005344363981097e-63
48.7634178783,2.2862279925,1.2967517068184647e-56
48.7683117689,2.2862279925,4.114389937407244e-49
48.7732056595,2.2862279925,7.424768185734752e-42
48.7780995501,2.2862279925,3.2202073246315884e-35
48.7829934407,2.2862279925,3.2656863429367295e-29
48.7878873313,2.2862279925,7.736985241049256e-24
48.7927812219,2.2862279925,4.2820891540656294e-19
48.7976751125,2.2862279925,5.536363640086338e-15
48.8025690031,2.2862279925,1.6721616925155678e-11
48.8074628937,2.2862279925,1.1798225232665164e-08
48.8123567843,2.2862279925,1.9446434819587346e-06
48.8172506749,2.2862279925,7.487715578647359e-05
48.8221445655,2.2862279925,0.000673531112952738
48.8270384561,2.2862279925,0.0014161774294636493
48.8319323467,2.2862279925,0.0007117703070578012
48.8368262373,2.2862279925,0.00022297740189774012
48.8417201279,2.2862279925,0.0004592428052302968
48.8466140185,2.2862279925,0.00046313945910690717
48.8515079091,2.2862279925,0.00014175835766247773
48.8564017997,2.2862279925,1.3936451793450628e-05
48.8612956903,2.2862279925,5.338794565019322e-07
48.8661895809,2.2862279925,9.977496555007069e-09
48.8710834715,2.2862279925,9.116924575194898e-11
48.8759773621,2.2862279925,3.62506446232458e-13
48.8808712527,2.2862279925,5.941469925016422e-16
48.8857651433,2.2862279925,3.9703581210150336e-19
48.8906590339,2.2862279925,1.0803478523335285e-22
48.8955529245,2.2862279925,1.1968881239467543e-26
48.9004468151,2.2862279925,5.398801879773516e-31
48.9053407057,2.2862279925,9.915052902453263e-36
48.9102345963,2.2862279925,7.413896037029864e-41
48.9151284869,2.2862279925,2.257104976791363e-46
48.9200223775,2.2862279925,2.7977624408153205e-52
48.9249162681,2.2862279925,1.4119643236155022e-58
48.9298101587,2.2862279925,2.9012851955058017e-65
48.9347040493,2.2862279925,2.4272299986920113e-72
48.9395979399,2.2862279925,8.267710303420235e-80
48.9444918305,2.2862279925,1.146603811457819e-87
48.9493857211,2.2862279925,6.4743373077941726e-96
48.9542796117,2.2862279925,1.4884391123173468e-104
48.9591735023,2.2862279925,1.3932230014797773e-113
48.9640673929,2.2862279925,5.309626945996423e-123
48.9689612835,2.2862279925,8.238747485455941e-133
48.9738551741,2.2862279925,5.2048975573789275e-143
48.9787490647,2.2862279925,1.3388039679984623e-153
48.7389484253,2.2911218831,8.334273575515371e-98
48.7438423159,2.2911218831,1.5038585830557424e-89
48.7487362065,2.2911218831,1.1078427207640432e-81
48.7536300971,2.2911218831,4.997911445707383e-74
48.7585239877,2.2911218831,2.258227593048539e-65
48.7634178783,2.2911218831,6.789291797228945e-57
48.7683117689,2.2911218831,4.852037481431097e-49
48.7732056595,2.2911218831,8.102688669430823e-42
48.7780995501,2.2911218831,3.1609826788821703e-35
48.7829934407,2.2911218831,2.8807125276622293e-29
48.7878873313,2.2911218831,6.132851232706185e-24
48.7927812219,2.2911218831,3.0500687740804806e-19
48.7976751125,2.2911218831,3.543574164341057e-15
48.8025690031,2.2911218831,9.617409615370703e-12
48.8074628937,2.2911218831,6.097606477827886e-09
48.8123567843,2.2911218831,9.031198046927111e-07
48.8172506749,2.2911218831,3.12475555140515e-05
48.8221445655,2.2911218831,0.0002525641433109169
48.8270384561,2.2911218831,0.0004768947266940702
48.8319323467,2.2911218831,0.0002108452938739067
48.8368262373,2.2911218831,2.9749102071497453e-05
48.8417201279,2.2911218831,3.999175881378976e-05
48.8466140185,2.2911218831,5.387629584560656e-05
48.8515079091,2.2911218831,2.0249928006012735e-05
48.8564017997,2.2911218831,2.1352391396700303e-06
48.8612956903,2.2911218831,6.929256805460386e-08
48.8661895809,2.2911218831,9.421100427656518e-10
48.8710834715,2.2911218831,8.066901328256461e-12
48.8759773621,2.2911218831,3.886400234144441e-14
48.8808712527,2.2911218831,8.221317947461482e-17
48.8857651433,2.2911218831,7.142615168198144e-20
48.8906590339,2.2911218831,2.5281004396427894e-23
48.8955529245,2.2911218831,3.643322977277101e-27
48.9004468151,2.2911218831,2.1377416765202607e-31
48.9053407057,2.2911218831,5.107008666029556e-36
48.9102345963,2.2911218831,4.967430233238321e-41
48.9151284869,2.2911218831,1.9672102032460518e-46
48.9200223775,2.2911218831,3.171929828095526e-52
48.9249162681,2.2911218831,2.0823330121420127e-58
48.9298101587,2.2911218831,5.5658385971637e-65
48.9347040493,2.2911218831,6.057101380003603e-72
48.9395979399,2.2911218831,2.6838169279445607e-79
48.9444918305,2.2911218831,4.841665075450035e-87
48.9493857211,2.2911218831,3.55623465682393e-95
48.9542796117,2.2911218831,1.0635058594497419e-103
48.9591735023,2.2911218831,1.2949207038670544e-112
48.9640673929,2.2911218831,6.419486249011824e-122
48.9689612835,2.2911218831,1.295720057995827e-131
48.9738551741,2.2911218831,1.0648192683494018e-141
48.9787490647,2.2911218831,3.562824510719148e-152
48.7389484253,2.2960157737,1.8596010563011376e-102
48.7438423159,2.2960157737,6.306264088463278e-94
48.7487362065,2.2960157737,4.239950777052415e-84
48.7536300971,2.2960157737,2.115620575588499e-74
48.7585239877,2.2960157737,2.4901311825076753e-65
48.7634178783,2.2960157737,6.847369427357828e-57
48.7683117689,2.2960157737,4.3985588972824454e-49
48.7732056595,2.2960157737,6.600574930758841e-42
48.7780995501,2.2960157737,2.3138639089266322e-35
48.7829934407,2.2960157737,1.8948662075574941e-29
48.7878873313,2.2960157737,3.624966368152907e-24
48.7927812219,2.2960157737,1.6199966056556388e-19
48.7976751125,2.2960157737,1.6912543229170292e-15
48.8025690031,2.2960157737,4.124662582477506e-12
48.8074628937,2.2960157737,2.349917558596223e-09
48.8123567843,2.2960157737,3.1275302421944363e-07
48.8172506749,2.2960157737,9.72377949106871e-06
48.8221445655,2.2960157737,7.062417419818125e-05
48.8270384561,2.2960157737,0.00011982766213399457
48.8319323467,2.2960157737,4.751201884765569e-05
48.8368262373,2.2960157737,4.819822438623399e-06
48.8417201279,2.2960157737,2.8758911548755968e-06
48.8466140185,2.2960157737,4.946652857507609e-06
48.8515079091,2.2960157737,2.373114145036234e-06
48.8564017997,2.2960157737,3.076304503967487e-07
48.8612956903,2.2960157737,1.0879409295680315e-08
48.8661895809,2.2960157737,1.1096549731186635e-10
48.8710834715,2.2960157737,4.482418247020257e-13
48.8759773621,2.2960157737,1.5227008967787304e-15
48.8808712527,2.2960157737,3.7887067528345435e-18
48.8857651433,2.2960157737,4.2508244895634465e-21
48.8906590339,2.2960157737,1.9565164408910356e-24
48.8955529245,2.2960157737,3.6677222000293567e-28
48.9004468151,2.2960157737,2.7994172137322133e-32
48.9053407057,2.2960157737,8.699468576736658e-37
48.9102345963,2.2960157737,1.100706752085751e-41
48.9151284869,2.2960157737,5.670277950914616e-47
48.9200223775,2.2960157737,1.1892985138056864e-52
48.9249162681,2.2960157737,1.0156199305539401e-58
48.9298101587,2.2960157737,3.5312247864163083e-65
48.9347040493,2.2960157737,4.998887052629668e-72
48.9395979399,2.2960157737,2.881211203127078e-79
48.9444918305,2.2960157737,6.761307315625421e-87
48.9493857211,2.2960157737,6.460112302144574e-95
48.9542796117,2.2960157737,2.5130623877234974e-103
48.9591735023,2.2960157737,3.9803410293438547e-112
48.9640673929,2.2960157737,2.5667945412913455e-121
48.9689612835,2.2960157737,6.739314771505652e-131
48.9738551741,2.2960157737,7.204339761659128e-141
48.9787490647,2.2960157737,3.135641775511297e-151
48.7389484253,2.3009096643,2.7202879379381055e-105
48.7438423159,2.3009096643,2.2457311426782222e-94
48.7487362065,2.3009096643,4.352718121134542e-84
48.7536300971,2.3009096643,1.9708610131430527e-74
48.7585239877,2.3009096643,2.0846646229121014e-65
48.7634178783,2.3009096643,5.151113117378888e-57
48.7683117689,2.3009096643,2.973381738031846e-49
48.7732056595,2.3009096643,4.009451317105838e-42
48.7780995501,2.3009096643,1.263001631790637e-35
48.7829934407,2.3009096643,9.294104919024967e-30
48.7878873313,2.3009096643,1.5977025271740319e-24
48.7927812219,2.3009096643,6.416068110390935e-20
48.7976751125,2.3009096643,6.019032678394395e-16
48.8025690031,2.3009096643,1.3190739052360333e-12
48.8074628937,2.3009096643,6.752992211269215e-10
48.8123567843,2.3009096643,8.076218512824976e-08
48.8172506749,2.3009096643,2.256340116648099e-06
48.8221445655,2.3009096643,1.4726032737018463e-05
48.8270384561,2.3009096643,2.245182923342788e-05
48.8319323467,2.3009096643,7.997031433549314e-06
48.8368262373,2.3009096643,6.808391463208725e-07
48.8417201279,2.3009096643,1.4533570022421438e-07
48.8466140185,2.3009096643,3.0442771525297296e-07
48.8515079091,2.3009096643,1.8838033376385562e-07
48.8564017997,2.3009096643,3.139288604837305e-08
48.8612956903,2.3009096643,1.4091757782936566e-09
48.8661895809,2.3009096643,1.7081221424251735e-11
48.8710834715,2.3009096643,5.705121457275625e-14
48.8759773621,2.3009096643,6.413714081117857e-17
48.8808712527,2.3009096643,6.825459645458307e-20
48.8857651433,2.3009096643,8.433298122800755e-23
48.8906590339,2.3009096643,5.008718011553812e-26
48.8955529245,2.3009096643,1.2211011974888538e-29
48.9004468151,2.3009096643,1.2123684539818417e-33
48.9053407057,2.3009096643,4.900872709891231e-38
48.9102345963,2.3009096643,8.066145557690421e-43
48.9151284869,2.3009096643,5.4052090808421773e-48
48.9200223775,2.3009096643,1.4747308020421124e-53
48.9249162681,2.3009096643,1.6381995994588633e-59
48.9298101587,2.3009096643,7.409257529825678e-66
48.9347040493,2.3009096643,1.3643832389267628e-72
48.9395979399,2.3009096643,1.0229440288061685e-79
48.9444918305,2.3009096643,3.1226346767918486e-87
48.9493857211,2.3009096643,3.8810058331831824e-95
48.9542796117,2.3009096643,1.963908380420983e-103
48.9591735023,2.3009096643,4.046243007457925e-112
48.9640673929,2.3009096643,3.3941928244901325e-121
48.9689612835,2.3009096643,1.159244037331899e-130
48.9738551741,2.3009096643,1.6120074370500955e-140
48.9787490647,2.3009096643,9.126684172753687e-151
48.7389484253,2.3058035549,2.5914133090981096e-105
48.7438423159,2.3058035549,1.9320827446530367e-94
48.7487362065,2.3058035549,3.3651114823997523e-84
48.7536300971,2.3058035549,1.3691716034341498e-74
48.7585239877,2.3058035549,1.3013706333748104e-65
48.7634178783,2.3058035549,2.8895406821948625e-57
48.7683117689,2.3058035549,1.4987918283076363e-49
48.7732056595,2.3058035549,1.8160947876006886e-42
48.7780995501,2.3058035549,5.140677975642959e-36
48.7829934407,2.3058035549,3.399280313599442e-30
48.7878873313,2.3058035549,5.250954449629784e-25
48.7927812219,2.3058035549,1.8948472897152593e-20
48.7976751125,2.3058035549,1.5973308187177718e-16
48.8025690031,2.3058035549,3.145576265090038e-13
48.8074628937,2.3058035549,1.4470723975612153e-10
48.8123567843,2.3058035549,1.5551238863768314e-08
48.8172506749,2.3058035549,3.904131315615391e-07
48.8221445655,2.3058035549,2.2896470117300103e-06
48.8270384561,2.3058035549,3.136875994263914e-06
48.8319323467,2.3058035549,1.0039561216952237e-06
48.8368262373,2.3058035549,7.542828900790443e-08
48.8417201279,2.3058035549,5.371267641205784e-09
48.8466140185,2.3058035549,1.2058737260859664e-08
48.8515079091,2.3058035549,9.6324934290627e-09
48.8564017997,2.3058035549,2.072263005012055e-09
48.8612956903,2.3058035549,1.2001430368489406e-10
48.8661895809,2.3058035549,1.871241279131515e-12
48.8710834715,2.3058035549,7.858364931870817e-15
48.8759773621,2.3058035549,8.934329509573014e-18
48.8808712527,2.3058035549,2.984143529364704e-21
48.8857651433,2.3058035549,7.652440780148907e-25
48.8906590339,2.3058035549,4.287341285801838e-28
48.8955529245,2.3058035549,1.344780337855632e-31
48.9004468151,2.3058035549,1.736430143133485e-35
48.9053407057,2.3058035549,9.13079728395214e-40
48.9102345963,2.3058035549,1.9548572484025146e-44
48.9151284869,2.3058035549,1.7040220774988423e-49
48.9200223775,2.3058035549,6.047685470657796e-55
48.9249162681,2.3058035549,8.73890434792996e-61
48.9298101587,2.3058035549,5.14136676674346e-67
48.9347040493,2.3058035549,1.2315555247740483e-73
48.9395979399,2.3058035549,1.201111204489368e-80
48.9444918305,2.3058035549,4.7694274876691733e-88
48.9493857211,2.3058035549,7.710864882284461e-96
48.9542796117,2.3058035549,5.0756743022456935e-104
48.9591735023,2.3058035549,1.360311001094518e-112
48.9640673929,2.3058035549,1.4843505743292826e-121
48.9689612835,2.3058035549,6.594601697212482e-131
48.9738551741,2.3058035549,1.1928737062575653e-140
48.9787490647,2.3058035549,8.785250962877764e-151
48.7389484253,2.3106974455,1.850121250423184e-105
48.7438423159,2.3106974455,1.2395160495047597e-94
48.7487362065,2.3106974455,1.9399422856579345e-84
48.7536300971,2.3106974455,7.092676581478503e-75
48.7585239877,2.3106974455,6.057817651868835e-66
48.7634178783,2.3106974455,1.2086677322900894e-57
48.7683117689,2.3106974455,5.633552574419266e-50
48.7732056595,2.3106974455,6.133981580692745e-43
48.7780995501,2.3106974455,1.560225154796215e-36
48.7829934407,2.3106974455,9.27079068427097e-31
48.7878873313,2.3106974455,1.2868590110795977e-25
48.7927812219,2.3106974455,4.172821932914842e-21
48.7976751125,2.3106974455,3.1609194514310464e-17
48.8025690031,2.3106974455,5.593474953480267e-14
48.8074628937,2.3106974455,2.3122493104142415e-11
48.8123567843,2.3106974455,2.2329156192120916e-09
48.8172506749,2.3106974455,5.037263352666189e-08
48.8221445655,2.3106974455,2.6546159168089066e-07
48.8270384561,2.3106974455,3.2680856063709167e-07
48.8319323467,2.3106974455,9.398755123427264e-08
48.8368262373,2.3106974455,6.319987203192724e-09
48.8417201279,2.3106974455,1.7889441189966953e-10
48.8466140185,2.3106974455,3.0623319136741525e-10
48.8515079091,2.3106974455,3.156264561036868e-10
48.8564017997,2.3106974455,8.76751963290881e-11
48.8612956903,2.3106974455,6.55614026115396e-12
48.8661895809,2.3106974455,1.319741559092765e-13
48.8710834715,2.3106974455,7.151604915500418e-16
48.8759773621,2.3106974455,1.0433302016517959e-18
48.8808712527,2.3106974455,4.101725114306024e-22
48.8857651433,2.3106974455,4.4488006035178156e-26
48.8906590339,2.3106974455,2.419657661229211e-30
48.8955529245,2.3106974455,4.99031337518997e-34
48.9004468151,2.3106974455,8.226885244154226e-38
48.9053407057,2.3106974455,5.625995389579056e-42
48.9102345963,2.3106974455,1.5668182353675776e-46
48.9151284869,2.3106974455,1.7766116540850973e-51
48.9200223775,2.3106974455,8.202008424273074e-57
48.9249162681,2.3106974455,1.5417065801994861e-62
48.9298101587,2.3106974455,1.1798778595960445e-68
48.9347040493,2.3106974455,3.6764290400580165e-75
48.9395979399,2.3106974455,4.664113763127824e-82
48.9444918305,2.3106974455,2.4091613784402745e-89
48.9493857211,2.3106974455,5.066598152794464e-97
48.9542796117,2.3106974455,4.338312570124579e-105
48.9591735023,2.3106974455,1.512443042978594e-113
48.9640673929,2.3106974455,2.1467972413416064e-122
48.9689612835,2.3106974455,1.240671594762279e-131
48.9738551741,2.3106974455,2.919284762070503e-141
48.9787490647,2.3106974455,2.79672582197371e-151
48.7389484253,2.3155913361,9.849497898734899e-106
48.7438423159,2.3155913361,5.929648848576783e-95
48.7487362065,2.3155913361,8.339279905003384e-85
48.7536300971,2.3155913361,2.7397618803246236e-75
48.7585239877,2.3155913361,2.1027216134411326e-66
48.7634178783,2.3155913361,3.769948615558933e-58
48.7683117689,2.3155913361,1.5789696234231592e-50
48.7732056595,2.3155913361,1.5448873298353574e-43
48.7780995501,2.3155913361,3.531055468927792e-37
48.7829934407,2.3155913361,1.8853715985318492e-31
48.7878873313,2.3155913361,2.3516575151773285e-26
48.7927812219,2.3155913361,6.852292264470262e-22
48.7976751125,2.3155913361,4.66425596182532e-18
48.8025690031,2.3155913361,7.416748706328982e-15
48.8074628937,2.3155913361,2.7550497515665326e-12
48.8123567843,2.3155913361,2.390727181930692e-10
48.8172506749,2.3155913361,4.8463556872712795e-09
48.8221445655,2.3155913361,2.2950134908712037e-08
48.8270384561,2.3155913361,2.538866661448414e-08
48.8319323467,2.3155913361,6.5611397434617956e-09
48.8368262373,2.3155913361,3.961531902244473e-10
48.8417201279,2.3155913361,6.59053446925769e-12
48.8466140185,2.3155913361,4.98980860300217e-12
48.8515079091,2.3155913361,6.62401063915256e-12
48.8564017997,2.3155913361,2.375887736994383e-12
48.8612956903,2.3155913361,2.2940169039027173e-13
48.8661895809,2.3155913361,5.962556167533938e-15
48.8710834715,2.3155913361,4.1719034060303637e-17
48.8759773621,2.3155913361,7.85784571805794e-20
48.8808712527,2.3155913361,3.9842407079144874e-23
48.8857651433,2.3155913361,5.439080411436854e-27
48.8906590339,2.3155913361,2.009308919810976e-31
48.8955529245,2.3155913361,2.566530550842214e-36
48.9004468151,2.3155913361,1.3411030394938387e-40
48.9053407057,2.3155913361,1.1467958565174525e-44
48.9102345963,2.3155913361,4.1531489981248915e-49
48.9151284869,2.3155913361,6.125821934575181e-54
48.9200223775,2.3155913361,3.6787967632420548e-59
48.9249162681,2.3155913361,8.994997275683102e-65
48.9298101587,2.3155913361,8.95468033996078e-71
48.9347040493,2.3155913361,3.629551382058894e-77
48.9395979399,2.3155913361,5.98976275806453e-84
48.9444918305,2.3155913361,4.0245757327358064e-91
48.9493857211,2.3155913361,1.100992594241834e-98
48.9542796117,2.3155913361,1.2263163029060222e-106
48.9591735023,2.3155913361,5.56127558423336e-115
48.9640673929,2.3155913361,1.0268337676877346e-123
48.9689612835,2.3155913361,7.719331258731846e-133
48.9738551741,2.3155913361,2.362724174287842e-142
48.9787490647,2.3155913361,2.9444228685049987e-152
48.7389484253,2.3204852267,3.910014613585348e-106
48.7438423159,2.3204852267,2.1152231188237752e-95
48.7487362065,2.3204852267,2.6731213874917886e-85
48.7536300971,2.3204852267,7.891614624563524e-76
48.7585239877,2.3204852267,5.4424913741304845e-67
48.7634178783,2.3204852267,8.768278225975944e-59
48.7683117689,2.3204852267,3.300012513148831e-51
48.7732056595,2.3204852267,2.9013594936994677e-44
48.7780995501,2.3204852267,5.958983631732585e-38
48.7829934407,2.3204852267,2.859088071732769e-32
48.7878873313,2.3204852267,3.2045537979624577e-27
48.7927812219,2.3204852267,8.39058598530429e-23
48.7976751125,2.3204852267,5.13217799095378e-19
48.8025690031,2.3204852267,7.333238664557135e-16
48.8074628937,2.3204852267,2.447792622093415e-13
48.8123567843,2.3204852267,1.908701942240656e-11
48.8172506749,2.3204852267,3.476852778206997e-10
48.8221445655,2.3204852267,1.4795143433343221e-09
48.8270384561,2.3204852267,1.4707428652834842e-09
48.8319323467,2.3204852267,3.415379896276088e-10
48.8368262373,2.3204852267,1.8528231192768845e-11
48.8417201279,2.3204852267,2.4289639436782904e-13
48.8466140185,2.3204852267,5.244218372553677e-14
48.8515079091,2.3204852267,8.902922214935274e-14
48.8564017997,2.3204852267,4.123241422983974e-14
48.8612956903,2.3204852267,5.140571080701624e-15
48.8661895809,2.3204852267,1.72523442756903e-16
48.8710834715,2.3204852267,1.5586520577784324e-18
48.8759773621,2.3204852267,3.790660685461648e-21
48.8808712527,2.3204852267,2.481681580984567e-24
48.8857651433,2.3204852267,4.37365309580965e-28
48.8906590339,2.3204852267,2.0750072925946641e-32
48.8955529245,2.3204852267,2.6524302359845068e-37
48.9004468151,2.3204852267,9.779291344200598e-43
48.9053407057,2.3204852267,8.569297375732878e-48
48.9102345963,2.3204852267,3.642841415613997e-52
48.9151284869,2.3204852267,6.985406338845524e-57
48.9200223775,2.3204852267,5.456899460476814e-62
48.9249162681,2.3204852267,1.7356210796486326e-67
48.9298101587,2.3204852267,2.247593112768267e-73
48.9347040493,2.3204852267,1.1850434651965412e-79
48.9395979399,2.3204852267,2.5439271919488e-86
48.9444918305,2.3204852267,2.223457772726725e-93
48.9493857211,2.3204852267,7.912375779320759e-101
48.9542796117,2.3204852267,1.1464067498841094e-108
48.9591735023,2.3204852267,6.762766220253287e-117
48.9640673929,2.3204852267,1.624290953682428e-125
48.9689612835,2.3204852267,1.5883897908326587e-134
48.9738551741,2.3204852267,6.324179078445273e-144
48.9787490647,2.3204852267,1.0251916065122978e-153
48.7389484253,2.3253791173,1.157425529721951e-106
48.7438423159,2.3253791173,5.6264411666370924e-96
48.7487362065,2.3253791173,6.389387070950705e-86
48.7536300971,2.3253791173,1.6949984577556507e-76
48.7585239877,2.3253791173,1.0504227238690127e-67
48.7634178783,2.3253791173,1.5207001939966348e-59
48.7683117689,2.3253791173,5.1428965266847846e-52
48.7732056595,2.3253791173,4.063092072844896e-45
48.7780995501,2.3253791173,7.498773455309571e-39
48.7829934407,2.3253791173,3.2330207723996316e-33
48.7878873313,2.3253791173,3.256202825114448e-28
48.7927812219,2.3253791173,7.661240479631755e-24
48.7976751125,2.3253791173,4.210866110489729e-20
48.8025690031,2.3253791173,5.406652571174974e-17
48.8074628937,2.3253791173,1.6216987623373077e-14
48.8123567843,2.3253791173,1.136309401028122e-12
48.8172506749,2.3253791173,1.8599775674187702e-11
48.8221445655,2.3253791173,7.112192537824045e-11
48.8270384561,2.3253791173,6.353075200328841e-11
48.8319323467,2.3253791173,1.3257119757701578e-11
48.8368262373,2.3253791173,6.46249128674964e-13
48.8417201279,2.3253791173,7.401049227720172e-15
48.8466140185,2.3253791173,3.6451477582471553e-16
48.8515079091,2.3253791173,7.662927909537292e-16
48.8564017997,2.3253791173,4.582465209925852e-16
48.8612956903,2.3253791173,7.376907889489317e-17
48.8661895809,2.3253791173,3.196784907481834e-18
48.8710834715,2.3253791173,3.7292060537848517e-20
48.8759773621,2.3253791173,1.171071299367679e-22
48.8808712527,2.3253791173,9.899527294428365e-26
48.8857651433,2.3253791173,2.2527349550322408e-29
48.8906590339,2.3253791173,1.3799744653607213e-33
48.8955529245,2.3253791173,2.2756196572272647e-38
48.9004468151,2.3253791173,1.0102940725889436e-43
48.9053407057,2.3253791173,1.2244237786751167e-49
48.9102345963,2.3253791173,1.4438952908617385e-55
48.9151284869,2.3253791173,2.637704782671645e-60
48.9200223775,2.3253791173,2.6769604145440548e-65
48.9249162681,2.3253791173,1.1075500675408033e-70
48.9298101587,2.3253791173,1.8656916503343574e-76
48.9347040493,2.3253791173,1.279588064390222e-82
48.9395979399,2.3253791173,3.573175138965536e-89
48.9444918305,2.3253791173,4.062489368482422e-96
48.9493857211,2.3253791173,1.8805460896523506e-103
48.9542796117,2.3253791173,3.544292346302521e-111
48.9591735023,2.3253791173,2.7197494811754357e-119
48.9640673929,2.3253791173,8.497322059036007e-128
48.9689612835,2.3253791173,1.0809088328312068e-136
48.9738551741,2.3253791173,5.59821873460398e-146
48.9787490647,2.3253791173,1.1804958684586874e-155
48.7389484253,2.3302730079,2.554807148828526e-107
48.7438423159,2.3302730079,1.1159937636366075e-96
48.7487362065,2.3302730079,1.1388069392024565e-86
48.7536300971,2.3302730079,2.714708070683686e-77
48.7585239877,2.3302730079,1.5117530569750173e-68
48.7634178783,2.3302730079,1.966632758582842e-60
48.7683117689,2.3302730079,5.976547489000345e-53
48.7732056595,2.3302730079,4.242893908106682e-46
48.7780995501,2.3302730079,7.036531926525417e-40
48.7829934407,2.3302730079,2.7260878341322264e-34
48.7878873313,2.3302730079,2.467207740360139e-29
48.7927812219,2.3302730079,5.216224627960294e-25
48.7976751125,2.3302730079,2.5762709938224488e-21
48.8025690031,2.3302730079,2.972429032432077e-18
48.8074628937,2.3302730079,8.011542434500621e-16
48.8123567843,2.3302730079,5.044353020369841e-14
48.8172506749,2.3302730079,7.419583033399884e-13
48.8221445655,2.3302730079,2.549401392503087e-12
48.8270384561,2.3302730079,2.046358077457615e-12
48.8319323467,2.3302730079,3.8371584545525437e-13
48.8368262373,2.3302730079,1.6808254664501883e-14
48.8417201279,2.3302730079,1.721348434100562e-16
48.8466140185,2.3302730079,1.883592487053039e-18
48.8515079091,2.3302730079,4.223881701958557e-18
48.8564017997,2.3302730079,3.2613865231992744e-18
48.8612956903,2.3302730079,6.779227297851991e-19
48.8661895809,2.3302730079,3.7933413290808463e-20
48.8710834715,2.3302730079,5.713831893496486e-22
48.8759773621,2.3302730079,2.3168441593431735e-24
48.8808712527,2.3302730079,2.5288906514852412e-27
48.8857651433,2.3302730079,7.430657155299077e-31
48.8906590339,2.3302730079,5.877444160961074e-35
48.8955529245,2.3302730079,1.2514523162436987e-39
48.9004468151,2.3302730079,7.173078622382049e-45
48.9053407057,2.3302730079,1.1068012876335417e-50
48.9102345963,2.3302730079,4.607371910491428e-57
48.9151284869,2.3302730079,8.42628588141538e-64
48.9200223775,2.3302730079,4.358479119025531e-69
48.9249162681,2.3302730079,2.3373767406759143e-74
48.9298101587,2.3302730079,5.1217292351063855e-80
48.9347040493,2.3302730079,4.5694155051418435e-86
48.9395979399,2.3302730079,1.6598104695461984e-92
48.9444918305,2.3302730079,2.4547663361410142e-99
48.9493857211,2.3302730079,1.4781402012229653e-106
48.9542796117,2.3302730079,3.623889187519298e-114
48.9591735023,2.3302730079,3.6173289184186045e-122
48.9640673929,2.3302730079,1.4701271632529258e-130
48.9689612835,2.3302730079,2.432627513390772e-139
48.9738551741,2.3302730079,1.638891252928974e-148
48.9787490647,2.3302730079,4.495504853780122e-158
48.7389484253,2.3351668985000003,4.205073354947867e-108
48.7438423159,2.3351668985000003,1.650593542246238e-97
48.7487362065,2.3351668985000003,1.513531274303641e-87
48.7536300971,2.3351668985000003,3.242107038452559e-78
48.7585239877,2.3351668985000003,1.6223628422907392e-69
48.7634178783,2.3351668985000003,1.8965020869525684e-61
48.7683117689,2.3351668985000003,5.178969473254271e-54
48.7732056595,2.3351668985000003,3.303832868282984e-47
48.7780995501,2.3351668985000003,4.923540105837903e-41
48.7829934407,2.3351668985000003,1.714042485749209e-35
48.7878873313,2.3351668985000003,1.3939602102630692e-30
48.7927812219,2.3351668985000003,2.648279777122744e-26
48.7976751125,2.3351668985000003,1.17533601246164e-22
48.8025690031,2.3351668985000003,1.2185543780682822e-19
48.8074628937,2.3351668985000003,2.951294018948476e-17
48.8123567843,2.3351668985000003,1.669801062873665e-15
48.8172506749,2.3351668985000003,2.2069966846459702e-14
48.8221445655,2.3351668985000003,6.814332495358455e-14
48.8270384561,2.3351668985000003,4.915069377607437e-14
48.8319323467,2.3351668985000003,8.2817225411454e-15
48.8368262373,2.3351668985000003,3.259840868879731e-16
48.8417201279,2.3351668985000003,2.997776039782027e-18
48.8466140185,2.3351668985000003,1.0463854088517094e-20
48.8515079091,2.3351668985000003,1.491158546732606e-20
48.8564017997,2.3351668985000003,1.4864374657464864e-20
48.8612956903,2.3351668985000003,3.989581449368803e-21
48.8661895809,2.3351668985000003,2.8825166386276504e-22
48.8710834715,2.3351668985000003,5.606348553381574e-24
48.8759773621,2.3351668985000003,2.9352977109067456e-26
48.8808712527,2.3351668985000003,4.1370237482373743e-29
48.8857651433,2.3351668985000003,1.5695952856720162e-32
48.8906590339,2.3351668985000003,1.6030652752567877e-36
48.8955529245,2.3351668985000003,4.4073613454648374e-41
48.9004468151,2.3351668985000003,3.261896933548333e-46
48.9053407057,2.3351668985000003,6.498699112496035e-52
48.9102345963,2.3351668985000003,3.485370645247225e-58
48.9151284869,2.3351668985000003,5.0333535787135715e-65
48.9200223775,2.3351668985000003,2.188773320580982e-72
48.9249162681,2.3351668985000003,1.6518029044175186e-78
48.9298101587,2.3351668985000003,4.650003870371672e-84
48.9347040493,2.3351668985000003,5.396419401165662e-90
48.9395979399,2.3351668985000003,2.549865456532101e-96
48.9444918305,2.3351668985000003,4.905492885478212e-103
48.9493857211,2.3351668985000003,3.842393557640215e-110
48.9542796117,2.3351668985000003,1.2253914658020322e-117
48.9591735023,2.3351668985000003,1.5911153587281928e-125
48.9640673929,2.3351668985000003,8.4116713287352905e-134
48.9689612835,2.3351668985000003,1.810575889596092e-142
48.9738551741,2.3351668985000003,1.5867371181878695e-151
48.9787490647,2.3351668985000003,5.661702435648671e-161
48.7389484253,2.3400607891000003,5.161066060125808e-109
48.7438423159,2.3400607891000003,1.8204087062407498e-98
48.7487362065,2.3400607891000003,1.499971757706139e-88
48.7536300971,2.3400607891000003,2.887233793332879e-79
48.7585239877,2.3400607891000003,1.2982714736324737e-70
48.7634178783,2.3400607891000003,1.3637468772746777e-62
48.7683117689,2.3400607891000003,3.346468302953734e-55
48.7732056595,2.3400607891000003,1.9183345762579203e-48
48.7780995501,2.3400607891000003,2.5688969646361953e-42
48.7829934407,2.3400607891000003,8.036254994524153e-37
48.7878873313,2.3400607891000003,5.872802878412122e-32
48.7927812219,2.3400607891000003,1.0025864511605954e-27
48.7976751125,2.3400607891000003,3.998369544977222e-24
48.8025690031,2.3400607891000003,3.725020974685323e-21
48.8074628937,2.3400607891000003,8.106981954469877e-19
48.8123567843,2.3400607891000003,4.121681056994938e-17
48.8172506749,2.3400607891000003,4.895242946990317e-16
48.8221445655,2.3400607891000003,1.358184627396395e-15
48.8270384561,2.3400607891000003,8.802946511070511e-16
48.8319323467,2.3400607891000003,1.3328522440155117e-16
48.8368262373,2.3400607891000003,4.7143372202417496e-18
48.8417201279,2.3400607891000003,3.895367125974742e-20
48.8466140185,2.3400607891000003,8.223481990588264e-23
48.8515079091,2.3400607891000003,3.373252761617889e-23
48.8564017997,2.3400607891000003,4.338423191464444e-23
48.8612956903,2.3400607891000003,1.503541308849587e-23
48.8661895809,2.3400607891000003,1.4026930049208276e-24
48.8710834715,2.3400607891000003,3.5226839246183596e-26
48.8759773621,2.3400607891000003,2.381488585798034e-28
48.8808712527,2.3400607891000003,4.3339820993370365e-31
48.8857651433,2.3400607891000003,2.123193165548173e-34
48.8906590339,2.3400607891000003,2.799984933695438e-38
48.8955529245,2.3400607891000003,9.939984107988675e-43
48.9004468151,2.3400607891000003,9.499035971841268e-48
48.9053407057,2.3400607891000003,2.443640513981291e-53
48.9102345963,2.3400607891000003,1.6922296465539978e-59
48.9151284869,2.3400607891000003,3.154614046337733e-66
48.9200223775,2.3400607891000003,1.5831118450439464e-73
48.9249162681,2.3400607891000003,2.17624992371702e-81
48.9298101587,2.3400607891000003,1.473933516768904e-88
48.9347040493,2.3400607891000003,2.1077592131769985e-94
48.9395979399,2.3400607891000003,1.2954796879463947e-100
48.9444918305,2.3400607891000003,3.241975371953202e-107
48.9493857211,2.3400607891000003,3.3032590390824076e-114
48.9542796117,2.3400607891000003,1.3703432453032435e-121
48.9591735023,2.3400607891000003,2.314567791460554e-129
48.9640673929,2.3400607891000003,1.5917111478559233e-137
48.9689612835,2.3400607891000003,4.45668994689862e-146
48.9738551741,2.3400607891000003,5.080592876764302e-155
48.9787490647,2.3400607891000003,2.3581432272787096e-164
48.7389484253,2.3449546797000003,4.723410035299338e-110
48.7438423159,2.3449546797000003,1.4970904996282763e-99
48.7487362065,2.3449546797000003,1.1084730864764777e-89
48.7536300971,2.3449546797000003,1.917286188295522e-80
48.7585239877,2.3449546797000003,7.746997692414474e-72
48.7634178783,2.3449546797000003,7.312478490226385e-64
48.7683117689,2.3449546797000003,1.6124285110467726e-56
48.7732056595,2.3449546797000003,8.305791562111131e-50
48.7780995501,2.3449546797000003,9.994619834964808e-44
48.7829934407,2.3449546797000003,2.8095464918228396e-38
48.7878873313,2.3449546797000003,1.844976585152819e-33
48.7927812219,2.3449546797000003,2.830285110924249e-29
48.7976751125,2.3449546797000003,1.0142714633598646e-25
48.8025690031,2.3449546797000003,8.491079730509979e-23
48.8074628937,2.3449546797000003,1.6605666946353095e-20
48.8123567843,2.3449546797000003,7.586376978264756e-19
48.8172506749,2.3449546797000003,8.096497912169627e-18
48.8221445655,2.3449546797000003,2.0185740645027383e-17
48.8270384561,2.3449546797000003,1.1756467884704802e-17
48.8319323467,2.3449546797000003,1.5995349239884517e-18
48.8368262373,2.3449546797000003,5.0838799195084184e-20
48.8417201279,2.3449546797000003,3.7746955529209407e-22
48.8466140185,2.3449546797000003,6.626143602112696e-25
48.8515079091,2.3449546797000003,4.904456465918506e-26
48.8564017997,2.3449546797000003,8.108827015963466e-26
48.8612956903,2.3449546797000003,3.628642421536063e-26
48.8661895809,2.3449546797000003,4.371135044943959e-27
48.8710834715,2.3449546797000003,1.4174509953196844e-28
48.8759773621,2.3449546797000003,1.2373303366322723e-30
48.8808712527,2.3449546797000003,2.9075490353225506e-33
48.8857651433,2.3449546797000003,1.839213788429592e-36
48.8906590339,2.3449546797000003,3.1318515011185952e-40
48.8955529245,2.3449546797000003,1.4356014651005977e-44
48.9004468151,2.3449546797000003,1.7714561866625873e-49
48.9053407057,2.3449546797000003,5.884244997785108e-55
48.9102345963,2.3449546797000003,5.261564927975128e-61
48.9151284869,2.3449546797000003,1.2664939192558465e-67
48.9200223775,2.3449546797000003,8.206456470708537e-75
48.9249162681,2.3449546797000003,1.4314453198696446e-82
48.9298101587,2.3449546797000003,6.735301160845606e-91
48.9347040493,2.3449546797000003,3.5720908236369593e-99
48.9395979399,2.3449546797000003,2.1769888228937e-105
48.9444918305,2.3449546797000003,7.085840277281294e-112
48.9493857211,2.3449546797000003,9.391565429903655e-119
48.9542796117,2.3449546797000003,5.068021461256493e-126
48.9591735023,2.3449546797000003,1.1135063876209347e-133
48.9640673929,2.3449546797000003,9.96095070182118e-142
48.9689612835,2.3449546797000003,3.627961580878357e-150
48.9738551741,2.3449546797000003,5.379951723815504e-159
48.9787490647,2.3449546797000003,3.2482383425268886e-168
48.7389484253,2.3498485703,3.2234598576558637e-111
48.7438423159,2.3498485703,9.180737989069641e-101
48.7487362065,2.3498485703,6.108261372527209e-91
48.7536300971,2.3498485703,9.49384907645368e-82
48.7585239877,2.3498485703,3.447082890647996e-73
48.7634178783,2.3498485703,2.9237876164484057e-65
48.7683117689,2.3498485703,5.793281210167127e-58
48.7732056595,2.3498485703,2.6815635258222043e-51
48.7780995501,2.3498485703,2.899587786194295e-45
48.7829934407,2.3498485703,7.32435061663681e-40
48.7878873313,2.3498485703,4.3220191022330124e-35
48.7927812219,2.3498485703,5.957841296265779e-31
48.7976751125,2.3498485703,1.9185621437228486e-27
48.8025690031,2.3498485703,1.4432697312484335e-24
48.8074628937,2.3498485703,2.536318726984538e-22
48.8123567843,2.3498485703,1.0412256190918656e-20
48.8172506749,2.3498485703,9.985516976369982e-20
48.8221445655,2.3498485703,2.2370771176465113e-19
48.8270384561,2.3498485703,1.170782032656091e-19
48.8319323467,2.3498485703,1.4313829323846132e-20
48.8368262373,2.3498485703,4.0880887178472277e-22
48.8417201279,2.3498485703,2.727529851102584e-24
48.8466140185,2.3498485703,4.2567905150885945e-27
48.8515079091,2.3498485703,4.6764580974391953e-29
48.8564017997,2.3498485703,9.705664343585246e-29
48.8612956903,2.3498485703,5.608074003747721e-29
48.8661895809,2.3498485703,8.72301403720053e-30
48.8710834715,2.3498485703,3.652440796594008e-31
48.8759773621,2.3498485703,4.1168360992676506e-33
48.8808712527,2.3498485703,1.2491303124565772e-35
48.8857651433,2.3498485703,1.0202713612043985e-38
48.8906590339,2.3498485703,2.243300348551298e-42
48.8955529245,2.3498485703,1.3277702408751986e-46
48.9004468151,2.3498485703,2.1155447579394244e-51
48.9053407057,2.3498485703,9.073718234993432e-57
48.9102345963,2.3498485703,1.047640193226721e-62
48.9151284869,2.3498485703,3.256138203157667e-69
48.9200223775,2.3498485703,2.7243154316425927e-76
48.9249162681,2.3498485703,6.135868597551471e-84
48.9298101587,2.3498485703,3.720142699542516e-92
48.9347040493,2.3498485703,6.07286658319596e-101
48.9395979399,2.3498485703,3.877258260064143e-110
48.9444918305,2.3498485703,5.125013777593295e-117
48.9493857211,2.3498485703,8.830554277823246e-124
48.9542796117,2.3498485703,6.198721107917146e-131
48.9591735023,2.3498485703,1.771618023441232e-138
48.9640673929,2.3498485703,2.061540605351137e-146
48.9689612835,2.3498485703,9.76714212690453e-155
48.9738551741,2.3498485703,1.8840695563727814e-163
48.9787490647,2.3498485703,1.4797221247612277e-172
48.7389484253,2.3547424609,1.6403603862044467e-112
48.7438423159,2.3547424609,4.198145826987762e-102
48.7487362065,2.3547424609,2.509923355239312e-92
48.7536300971,2.3547424609,3.505484825457237e-83
48.7585239877,2.3547424609,1.1437218427718974e-74
48.7634178783,2.3547424609,8.717208453345176e-67
48.7683117689,2.3547424609,1.5520980006484724e-59
48.7732056595,2.3547424609,6.455732695065669e-53
48.7780995501,2.3547424609,6.2727305457967965e-47
48.7829934407,2.3547424609,1.423811238991349e-41
48.7878873313,2.3547424609,7.549755609670352e-37
48.7927812219,2.3547424609,9.351861413361925e-33
48.7976751125,2.3547424609,2.7061254354649315e-29
48.8025690031,2.3547424609,1.8292896470068766e-26
48.8074628937,2.3547424609,2.888695213105457e-24
48.8123567843,2.3547424609,1.0656280879858529e-22
48.8172506749,2.3547424609,9.183205198919474e-22
48.8221445655,2.3547424609,1.848704977194781e-21
48.8270384561,2.3547424609,8.694119881781144e-22
48.8319323467,2.3547424609,9.551428528850623e-23
48.8368262373,2.3547424609,2.4512958414174425e-24
48.8417201279,2.3547424609,1.4696293637288605e-26
48.8466140185,2.3547424609,2.058541396270674e-29
48.8515079091,2.3547424609,3.357553767073191e-32
48.8564017997,2.3547424609,7.439353708398843e-32
48.8612956903,2.3547424609,5.550396972168002e-32
48.8661895809,2.3547424609,1.114755608347071e-32
48.8710834715,2.3547424609,6.026970484634125e-34
48.8759773621,2.3547424609,8.771669128693843e-36
48.8808712527,2.3547424609,3.436601668882724e-38
48.8857651433,2.3547424609,3.624431782329581e-41
48.8906590339,2.3547424609,1.0289977892644442e-44
48.8955529245,2.3547424609,7.864167079061305e-49
48.9004468151,2.3547424609,1.6179116434157363e-53
48.9053407057,2.3547424609,8.960260752894392e-59
48.9102345963,2.3547424609,1.3358271825170393e-64
48.9151284869,2.3547424609,5.360973855347733e-71
48.9200223775,2.3547424609,5.791631178002749e-78
48.9249162681,2.3547424609,1.684309646701482e-85
48.9298101587,2.3547424609,1.3185813326159023e-93
48.9347040493,2.3547424609,2.7787935741808905e-102
48.9395979399,2.3547424609,1.5764412264237908e-111
48.9444918305,2.3547424609,2.529903038832327e-121
48.9493857211,2.3547424609,2.7558467384860664e-129
48.9542796117,2.3547424609,2.5073820271025056e-136
48.9591735023,2.3547424609,9.321848425753336e-144
48.9640673929,2.3547424609,1.411034283601102e-151
48.9689612835,2.3547424609,8.696147658235131e-160
48.9738551741,2.3547424609,2.18207691852276e-168
48.9787490647,2.3547424609,2.2292923012140142e-177
48.7389484253,2.3596363515,6.2245314784213695e-114
48.7438423159,2.3596363515,1.4314884078817573e-103
48.7487362065,2.3596363515,7.690484400248378e-94
48.7536300971,2.3596363515,9.651709629918186e-85
48.7585239877,2.3596363515,2.829694118365325e-76
48.7634178783,2.3596363515,1.938025239000698e-68
48.7683117689,2.3596363515,3.1007307573920178e-61
48.7732056595,2.3596363515,1.1589197872222297e-54
48.7780995501,2.3596363515,1.0118762228070975e-48
48.7829934407,2.3596363515,2.063887857559083e-43
48.7878873313,2.3596363515,9.833983905636322e-39
48.7927812219,2.3596363515,1.0946053904752708e-34
48.7976751125,2.3596363515,2.8462324386784354e-31
48.8025690031,2.3596363515,1.7288918922388263e-28
48.8074628937,2.3596363515,2.4532962976245106e-26
48.8123567843,2.3596363515,8.132364976886274e-25
48.8172506749,2.3596363515,6.297503411015789e-24
48.8221445655,2.3596363515,1.13921226915018e-23
48.8270384561,2.3596363515,4.814216177732173e-24
48.8319323467,2.3596363515,4.75259946120038e-25
48.8368262373,2.3596363515,1.0960277071169021e-26
48.8417201279,2.3596363515,5.904682415437168e-29
48.8466140185,2.3596363515,7.431230497987179e-32
48.8515079091,2.3596363515,3.2050955059279086e-35
48.8564017997,2.3596363515,3.6517271377306955e-35
48.8612956903,2.3596363515,3.5178320491147316e-35
48.8661895809,2.3596363515,9.122912435730875e-36
48.8710834715,2.3596363515,6.368771831909247e-37
48.8759773621,2.3596363515,1.196855312936813e-38
48.8808712527,2.3596363515,6.054682749540675e-41
48.8857651433,2.3596363515,8.24527054678684e-44
48.8906590339,2.3596363515,3.022610641381428e-47
48.8955529245,2.3596363515,2.98279414386537e-51
48.9004468151,2.3596363515,7.923702016431848e-56
48.9053407057,2.3596363515,5.6662634928624934e-61
48.9102345963,2.3596363515,1.0907599321293979e-66
48.9151284869,2.3596363515,5.6523020969088815e-73
48.9200223775,2.3596363515,7.884702936169259e-80
48.9249162681,2.3596363515,2.960800135524727e-87
48.9298101587,2.3596363515,2.992930643208394e-95
48.9347040493,2.3596363515,8.144193474572269e-104
48.9395979399,2.3596363515,5.965730438684827e-113
48.9444918305,2.3596363515,1.1763719161684741e-122
48.9493857211,2.3596363515,6.272693876183014e-133
48.9542796117,2.3596363515,3.443467136433702e-142
48.9591735023,2.3596363515,1.622144256553835e-149
48.9640673929,2.3596363515,3.19402130176876e-157
48.9689612835,2.3596363515,2.560594882073416e-165
48.9738551741,2.3596363515,8.357911124443022e-174
48.9787490647,2.3596363515,1.1107298282957831e-182
48.7389484253,2.3645302421,1.7612639690956263e-115
48.7438423159,2.3645302421,3.639724726278515e-105
48.7487362065,2.3645302421,1.7571034020063356e-95
48.7536300971,2.3645302421,1.981576267734333e-86
48.7585239877,2.3645302421,5.220462219698364e-78
48.7634178783,2.3645302421,3.2128600923489535e-70
48.7683117689,2.3645302421,4.6191212584403405e-63
48.7732056595,2.3645302421,1.5513564815725468e-56
48.7780995501,2.3645302421,1.2171624281529196e-50
48.7829934407,2.3645302421,2.2308489402991643e-45
48.7878873313,2.3645302421,9.551607792172902e-41
48.7927812219,2.3645302421,9.553609616715128e-37
48.7976751125,2.3645302421,2.2322518573117677e-33
48.8025690031,2.3645302421,1.2184384264923492e-30
48.8074628937,2.3645302421,1.5536338444673254e-28
48.8123567843,2.3645302421,4.627841238869063e-27
48.8172506749,2.3645302421,3.2202747171113573e-26
48.8221445655,2.3645302421,5.234703467212936e-26
48.8270384561,2.3645302421,1.9878148920019577e-26
48.8319323467,2.3645302421,1.763374218329025e-27
48.8368262373,2.3645302421,3.654245543166383e-29
48.8417201279,2.3645302421,1.7690318708764461e-31
48.8466140185,2.3645302421,2.0005923083387475e-34
48.8515079091,2.3645302421,5.533641745549304e-38
48.8564017997,2.3645302421,1.1481348201164702e-38
48.8612956903,2.3645302421,1.4277984404034948e-38
48.8661895809,2.3645302421,4.7811029170594704e-39
48.8710834715,2.3645302421,4.309759752140614e-40
48.8759773621,2.3645302421,1.045783554396431e-41
48.8808712527,2.3645302421,6.83115804332002e-44
48.8857651433,2.3645302421,1.2011870363373137e-46
48.8906590339,2.3645302421,5.685788726140286e-50
48.8955529245,2.3645302421,7.244936407597199e-54
48.9004468151,2.3645302421,2.485090538046396e-58
48.9053407057,2.3645302421,2.2946350973297263e-63
48.9102345963,2.3645302421,5.703596928520851e-69
48.9151284869,2.3645302421,3.816346502610291e-75
48.9200223775,2.3645302421,6.874016191282675e-82
48.9249162681,2.3645302421,3.333013568166167e-89
48.9298101587,2.3645302421,4.350382012080172e-97
48.9347040493,2.3645302421,1.5285565092106076e-105
48.9395979399,2.3645302421,1.44577073444608e-114
48.9444918305,2.3645302421,3.6811314709951176e-124
48.9493857211,2.3645302421,2.5230614695338236e-134
48.9542796117,2.3645302421,4.656720900566287e-145
48.9591735023,2.3645302421,1.164759589718034e-155
48.9640673929,2.3645302421,2.391102740224044e-163
48.9689612835,2.3645302421,2.4935002205745846e-171
48.9738551741,2.3645302421,1.0587173049357083e-179
48.9787490647,2.3645302421,1.830224747468076e-188
48.7389484253,2.3694241327,3.716144748642681e-117
48.7438423159,2.3694241327,6.900803020065286e-107
48.7487362065,2.3694241327,2.9935831931657726e-97
48.7536300971,2.3694241327,3.033665726868052e-88
48.7585239877,2.3694241327,7.181725647788092e-80
48.7634178783,2.3694241327,3.9716830907804076e-72
48.7683117689,2.3694241327,5.1310359502375365e-65
48.7732056595,2.3694241327,1.5485321245121742e-58
48.7780995501,2.3694241327,1.091742138197561e-52
48.7829934407,2.3694241327,1.7980618195154755e-47
48.7878873313,2.3694241327,6.917893270336133e-43
48.7927812219,2.3694241327,6.217671709405575e-39
48.7976751125,2.3694241327,1.3054685394804214e-35
48.8025690031,2.3694241327,6.40309174909898e-33
48.8074628937,2.3694241327,7.336648823012375e-31
48.8123567843,2.3694241327,1.963769137872799e-29
48.8172506749,2.3694241327,1.2279136339621078e-28
48.8221445655,2.3694241327,1.793617797761775e-28
48.8270384561,2.3694241327,6.120355939915598e-29
48.8319323467,2.3694241327,4.878745317887814e-30
48.8368262373,2.3694241327,9.084986935361947e-32
48.8417201279,2.3694241327,3.952074828062638e-34
48.8466140185,2.3694241327,4.016157367143978e-37
48.8515079091,2.3694241327,9.572849584767683e-41
48.8564017997,2.3694241327,2.3157515612686226e-42
48.8612956903,2.3694241327,3.71107264761548e-42
48.8661895809,2.3694241327,1.604587570309321e-42
48.8710834715,2.3694241327,1.8676314449356504e-43
48.8759773621,2.3694241327,5.851708844839306e-45
48.8808712527,2.3694241327,4.93557799856712e-47
48.8857651433,2.3694241327,1.1206167457307831e-49
48.8906590339,2.3694241327,6.849201995902576e-53
48.8955529245,2.3694241327,1.1269032187495955e-56
48.9004468151,2.3694241327,4.991108860995427e-61
48.9053407057,2.3694241327,5.950743673600667e-66
48.9102345963,2.3694241327,1.909893818038968e-71
48.9151284869,2.3694241327,1.6501027217483297e-77
48.9200223775,2.3694241327,3.8377485525568207e-84
48.9249162681,2.3694241327,2.4027347575701303e-91
48.9298101587,2.3694241327,4.0494768812577206e-99
48.9347040493,2.3694241327,1.8371972935278533e-107
48.9395979399,2.3694241327,2.2437602757354982e-116
48.9444918305,2.3694241327,7.376679532810568e-126
48.9493857211,2.3694241327,6.528437712447464e-136
48.9542796117,2.3694241327,1.555327609620107e-146
48.9591735023,2.3694241327,9.974896596342398e-158
48.9640673929,2.3694241327,2.3140631041043227e-169
48.9689612835,2.3694241327,8.031114305883917e-178
48.9738551741,2.3694241327,4.435237143814408e-186
48.9787490647,2.3694241327,9.973669706221321e-195
48.7389484253,2.3743180233,5.846704998065114e-119
48.7438423159,2.3743180233,9.756209351572777e-109
48.7487362065,2.3743180233,3.803082376168139e-99
48.7536300971,2.3743180233,3.463179851973912e-90
48.7585239877,2.3743180233,7.367142188913273e-82
48.7634178783,2.3743180233,3.661067616436539e-74
48.7683117689,2.3743180233,4.250119488729492e-67
48.7732056595,2.3743180233,1.1526016111347873e-60
48.7780995501,2.3743180233,7.302002826312836e-55
48.7829934407,2.3743180233,1.08066096205241e-49
48.7878873313,2.3743180233,3.736126925926519e-45
48.7927812219,2.3743180233,3.0174388158646884e-41
48.7976751125,2.3743180233,5.692984687672951e-38
48.8025690031,2.3743180233,2.5091478395863335e-35
48.8074628937,2.3743180233,2.583432852622308e-33
48.8123567843,2.3743180233,6.213735996994701e-32
48.8172506749,2.3743180233,3.491347756516336e-31
48.8221445655,2.3743180233,4.582665019527168e-31
48.8270384561,2.3743180233,1.405166568138118e-31
48.8319323467,2.3743180233,1.0065195074909756e-32
48.8368262373,2.3743180233,1.6842295255516707e-34
48.8417201279,2.3743180233,6.583624440096948e-37
48.8466140185,2.3743180233,6.011924447685426e-40
48.8515079091,2.3743180233,1.282854962651246e-43
48.8564017997,2.3743180233,3.042218391974545e-46
48.8612956903,2.3743180233,6.176931599139311e-46
48.8661895809,2.3743180233,3.4485736098740005e-46
48.8710834715,2.3743180233,5.182866700495361e-47
48.8759773621,2.3743180233,2.0968354784259177e-48
48.8808712527,2.3743180233,2.283612709776508e-50
48.8857651433,2.3743180233,6.69490355232579e-53
48.8906590339,2.3743180233,5.283600547542676e-56
48.8955529245,2.3743180233,1.1224820540327642e-59
48.9004468151,2.3743180233,6.419373046174882e-64
48.9053407057,2.3743180233,9.88256320530163e-69
48.9102345963,2.3743180233,4.0955323910528405e-74
48.9151284869,2.3743180233,4.568934243747361e-80
48.9200223775,2.3743180233,1.3720919886561203e-86
48.9249162681,2.3743180233,1.10921396240835e-93
48.9298101587,2.3743180233,2.4138551475485147e-101
48.9347040493,2.3743180233,1.414069844453993e-109
48.9395979399,2.3743180233,2.2299457403050567e-118
48.9444918305,2.3743180233,9.466327213147511e-128
48.9493857211,2.3743180233,1.0817639905602675e-137
48.9542796117,2.3743180233,3.327724537846141e-148
48.9591735023,2.3743180233,2.755664195544637e-159
48.9640673929,2.3743180233,6.142863815470757e-171
48.9689612835,2.3743180233,3.771799477876992e-183
48.9738551741,2.3743180233,6.150762541650432e-193
48.9787490647,2.3743180233,1.7974636493442813e-201
48.7389484253,2.3792119139,6.859305239997696e-121
48.7438423159,2.3792119139,1.0285205640389506e-110
48.7487362065,2.3792119139,3.6027200901244664e-101
48.7536300971,2.3792119139,2.9480358160833456e-92
48.7585239877,2.3792119139,5.635334266431277e-84
48.7634178783,2.3792119139,2.516467351639719e-76
48.7683117689,2.3792119139,2.6251106317168753e-69
48.7732056595,2.3792119139,6.397180630591137e-63
48.7780995501,2.3792119139,3.6417850480126964e-57
48.7829934407,2.3792119139,4.843114041052383e-52
48.7878873313,2.3792119139,1.504595555824229e-47
48.7927812219,2.3792119139,1.0919419375712099e-43
48.7976751125,2.3792119139,1.851245472745227e-40
48.8025690031,2.3792119139,7.331843141820504e-38
48.8074628937,2.3792119139,6.783393529171853e-36
48.8123567843,2.3792119139,1.4661066129853166e-34
48.8172506749,2.3792119139,7.4023358362491175e-34
48.8221445655,2.3792119139,8.730853657906888e-34
48.8270384561,2.3792119139,2.4056327367132084e-34
48.8319323467,2.3792119139,1.548412375186726e-35
48.8368262373,2.3792119139,2.3282447600839417e-37
48.8417201279,2.3792119139,8.178154802318861e-40
48.8466140185,2.3792119139,6.710682811812306e-43
48.8515079091,2.3792119139,1.28638548931933e-46
48.8564017997,2.3792119139,3.034589072869272e-50
48.8612956903,2.3792119139,6.583959859753328e-50
48.8661895809,2.3792119139,4.746312430028588e-50
48.8710834715,2.3792119139,9.210636571141092e-51
48.8759773621,2.3792119139,4.811569336315939e-52
48.8808712527,2.3792119139,6.766243591332799e-54
48.8857651433,2.3792119139,2.56136981514406e-56
48.8906590339,2.3792119139,2.6101214990618366e-59
48.8955529245,2.3792119139,7.15999862217639e-63
48.9004468151,2.3792119139,5.287238871782484e-67
48.9053407057,2.3792119139,1.0510144888795317e-71
48.9102345963,2.3792119139,5.624089879009634e-77
48.9151284869,2.3792119139,8.101390758982435e-83
48.9200223775,2.3792119139,3.1414538653763852e-89
48.9249162681,2.3792119139,3.2791823688704336e-96
48.9298101587,2.3792119139,9.214339985622589e-104
48.9347040493,2.3792119139,6.969902021885794e-112
48.9395979399,2.3792119139,1.4192303568495822e-120
48.9444918305,2.3792119139,7.77934244544673e-130
48.9493857211,2.3792119139,1.1478804699388416e-139
48.9542796117,2.3792119139,4.5594686075414536e-150
48.9591735023,2.3792119139,4.8752355818324695e-161
48.9640673929,2.3792119139,1.403269039312695e-172
48.9689612835,2.3792119139,1.0873042328336713e-184
48.9738551741,2.3792119139,2.270752586782972e-197
48.9787490647,2.3792119139,1.0840569033406398e-208
48.7389484253,2.3841058045,6.00066615435524e-123
48.7438423159,2.3841058045,8.085283192005023e-113
48.7487362065,2.3841058045,2.544929163072543e-103
48.7536300971,2.3841058045,1.87128895019438e-94
48.7585239877,2.3841058045,3.2143317634062647e-86
48.7634178783,2.3841058045,1.2898085124829623e-78
48.7683117689,2.3841058045,1.2090505806441379e-71
48.7732056595,2.3841058045,2.64757574142262e-65
48.7780995501,2.3841058045,1.3543690120603562e-59
48.7829934407,2.3841058045,1.618491101822742e-54
48.7878873313,2.3841058045,4.5182298010349485e-50
48.7927812219,2.3841058045,2.94653095206173e-46
48.7976751125,2.3841058045,4.48888409096542e-43
48.8025690031,2.3841058045,1.5975353155321565e-40
48.8074628937,2.3841058045,1.3281503339038537e-38
48.8123567843,2.3841058045,2.579459397512153e-37
48.8172506749,2.3841058045,1.1702936503184065e-36
48.8221445655,2.3841058045,1.2403541193771799e-36
48.8270384561,2.3841058045,3.071009996571369e-37
48.8319323467,2.3841058045,1.7762392358218514e-38
48.8368262373,2.3841058045,2.3999731342229885e-40
48.8417201279,2.3841058045,7.575232963820524e-43
48.8466140185,2.3841058045,5.5856060100275534e-46
48.8515079091,2.3841058045,9.621211306703433e-50
48.8564017997,2.3841058045,5.1711137772366386e-54
48.8612956903,2.3841058045,4.494124260479772e-54
48.8661895809,2.3841058045,4.183250678950623e-54
48.8710834715,2.3841058045,1.0482141043059266e-54
48.8759773621,2.3841058045,7.07049608541876e-56
48.8808712527,2.3841058045,1.2838478302167733e-57
48.8857651433,2.3841058045,6.275393953685624e-60
48.8906590339,2.3841058045,8.257188834480221e-63
48.8955529245,2.3841058045,2.9247396753183997e-66
48.9004468151,2.3841058045,2.7887269561946838e-70
48.9053407057,2.3841058045,7.157948196003527e-75
48.9102345963,2.3841058045,4.945781041678325e-80
48.9151284869,2.3841058045,9.199092761324966e-86
48.9200223775,2.3841058045,4.605946499914305e-92
48.9249162681,2.3841058045,6.208069328811865e-99
48.9298101587,2.3841058045,2.252464762470555e-106
48.9347040493,2.3841058045,2.200002787841685e-114
48.9395979399,2.3841058045,5.784318987138095e-123
48.9444918305,2.3841058045,4.093973403660995e-132
48.9493857211,2.3841058045,7.800125267711778e-142
48.9542796117,2.3841058045,4.000570395937812e-152
48.9591735023,2.3841058045,5.5233941879439756e-163
48.9640673929,2.3841058045,2.0528345998560623e-174
48.9689612835,2.3841058045,2.053836034624734e-186
48.9738551741,2.3841058045,5.531488557953316e-199
48.9787490647,2.3841058045,4.010597938111006e-212
48.7389484253,2.3889996951,3.9144359378685356e-125
48.7438423159,2.3889996951,4.739449289535831e-115
48.7487362065,2.3889996951,1.340513721665422e-105
48.7536300971,2.3889996951,8.857258891658593e-97
48.7585239877,2.3889996951,1.3671372176558743e-88
48.7634178783,2.3889996951,4.929575990082943e-81
48.7683117689,2.3889996951,4.152328625154194e-74
48.7732056595,2.3889996951,8.170686755627923e-68
48.7780995501,2.3889996951,3.7558660654670683e-62
48.7829934407,2.3889996951,4.033168112731008e-57
48.7878873313,2.3889996951,1.0117360967490108e-52
48.7927812219,2.3889996951,5.928882689114297e-49
48.7976751125,2.3889996951,8.116394759145342e-46
48.8025690031,2.3889996951,2.5956023479372376e-43
48.8074628937,2.3889996951,1.9390894658973659e-41
48.8123567843,2.3889996951,3.3840925194163727e-40
48.8172506749,2.3889996951,1.3796575468957405e-39
48.8221445655,2.3889996951,1.3139688393075028e-39
48.8270384561,2.3889996951,2.92336823306378e-40
48.8319323467,2.3889996951,1.5193809355993484e-41
48.8368262373,2.3889996951,1.8447372372424326e-43
48.8417201279,2.3889996951,5.232232668662278e-46
48.8466140185,2.3889996951,3.4667639672607935e-49
48.8515079091,2.3889996951,5.3659449568961985e-53
48.8564017997,2.3889996951,1.9842254256521828e-57
48.8612956903,2.3889996951,1.964596282403694e-58
48.8661895809,2.3889996951,2.3610881593330998e-58
48.8710834715,2.3889996951,7.639256583014035e-59
48.8759773621,2.3889996951,6.65355527585667e-60
48.8808712527,2.3889996951,1.5599842712686715e-61
48.8857651433,2.3889996951,9.845787269806256e-64
48.8906590339,2.3889996951,1.6728016755303743e-66
48.8955529245,2.3889996951,7.650718797540531e-70
48.9004468151,2.3889996951,9.419412212108417e-74
48.9053407057,2.3889996951,3.1218292415107815e-78
48.9102345963,2.3889996951,2.785212039423522e-83
48.9151284869,2.3889996951,6.689153491983392e-89
48.9200223775,2.3889996951,4.324618855551538e-95
48.9249162681,2.3889996951,7.526417260507946e-102
48.9298101587,2.3889996951,3.526082944777332e-109
48.9347040493,2.3889996951,4.446932472486271e-117
48.9395979399,2.3889996951,1.5097057997652874e-125
48.9444918305,2.3889996951,1.3797102491383287e-134
48.9493857211,2.3889996951,3.394276643365084e-144
48.9542796117,2.3889996951,2.2478656933120826e-154
48.9591735023,2.3889996951,4.007349872937676e-165
48.9640673929,2.3889996951,1.923126905756223e-176
48.9689612835,2.3889996951,2.48440512569862e-188
48.9738551741,2.3889996951,8.639741257387664e-201
48.9787490647,2.3889996951,8.088039607225434e-214
48.7389484253,2.3938935857,1.9040980252631664e-127
48.7438423159,2.3938935857,2.0716239058180465e-117
48.7487362065,2.3938935857,5.265228428084767e-108
48.7536300971,2.3938935857,3.126138486326109e-99
48.7585239877,2.3938935857,4.3359463600748607e-91
48.7634178783,2.3938935857,1.4048963391488914e-83
48.7683117689,2.3938935857,1.0633821180740678e-76
48.7732056595,2.3938935857,1.8802652386651375e-70
48.7780995501,2.3938935857,7.766647123198185e-65
48.7829934407,2.3938935857,7.494328436121089e-60
48.7878873313,2.3938935857,1.6893380443750653e-55
48.7927812219,2.3938935857,8.895801742737905e-52
48.7976751125,2.3938935857,1.0943048406341362e-48
48.8025690031,2.3938935857,3.144678398306538e-46
48.8074628937,2.3938935857,2.1110515892504944e-44
48.8123567843,2.3938935857,3.3105957100668684e-43
48.8172506749,2.3938935857,1.2128250026268107e-42
48.8221445655,2.3938935857,1.0379461613591933e-42
48.8270384561,2.3938935857,2.0750864993854826e-43
48.8319323467,2.3938935857,9.691305292375934e-45
48.8368262373,2.3938935857,1.0573360428722649e-46
48.8417201279,2.3938935857,2.6948121146023082e-49
48.8466140185,2.3938935857,1.6044590506700758e-52
48.8515079091,2.3938935857,2.231585222070668e-56
48.8564017997,2.3938935857,7.26028929910725e-61
48.8612956903,2.3938935857,5.504372316913777e-63
48.8661895809,2.3938935857,8.53397295287531e-63
48.8710834715,2.3938935857,3.565274233853941e-63
48.8759773621,2.3938935857,4.009575519196525e-64
48.8808712527,2.3938935857,1.2138572960902438e-65
48.8857651433,2.3938935857,9.892376717350251e-68
48.8906590339,2.3938935857,2.170188403082694e-70
48.8955529245,2.3938935857,1.28161625898921e-73
48.9004468151,2.3938935857,2.0374284046836393e-77
48.9053407057,2.3938935857,8.719076396026451e-82
48.9102345963,2.3938935857,1.0044362721136254e-86
48.9151284869,2.3938935857,3.114856690899477e-92
48.9200223775,2.3938935857,2.6002645269747154e-98
48.9249162681,2.3938935857,5.8433348021425485e-105
48.9298101587,2.3938935857,3.5348239425692344e-112
48.9347040493,2.3938935857,5.756235897975348e-120
48.9395979399,2.3938935857,2.5233248076175496e-128
48.9444918305,2.3938935857,2.9776353345605615e-137
48.9493857211,2.3938935857,9.458747662811562e-147
48.9542796117,2.3938935857,8.088342779272818e-157
48.9591735023,2.3938935857,1.861869487995349e-167
48.9640673929,2.3938935857,1.1537260534119092e-178
48.9689612835,2.3938935857,1.9245089915416933e-190
48.9738551741,2.3938935857,8.641735590725252e-203
48.9787490647,2.3938935857,1.0445899061031811e-215
48.7389484253,2.3987874763,6.906528424860768e-130
48.7438423159,2.3987874763,6.752185040210473e-120
48.7487362065,2.3987874763,1.5421036297331762e-110
48.7536300971,2.3987874763,8.227492129802669e-102
48.7585239877,2.3987874763,1.025430152970972e-93
48.7634178783,2.3987874763,2.9855846156754794e-86
48.7683117689,2.3987874763,2.0306607603898977e-79
48.7732056595,2.3987874763,3.226488054002939e-73
48.7780995501,2.3987874763,1.1975880073579199e-67
48.7829934407,2.3987874763,1.0384115434904322e-62
48.7878873313,2.3987874763,2.1033728724131235e-58
48.7927812219,2.3987874763,9.952856024527722e-55
48.7976751125,2.3987874763,1.1001803075961437e-51
48.8025690031,2.3987874763,2.8409572897467038e-49
48.8074628937,2.3987874763,1.7137609171883287e-47
48.8123567843,2.3987874763,2.4150184681520864e-46
48.8172506749,2.3987874763,7.950150867954557e-46
48.8221445655,2.3987874763,6.113852773548319e-46
48.8270384561,2.3987874763,1.098346257690915e-46
48.8319323467,2.3987874763,4.6094410486863305e-48
48.8368262373,2.3987874763,4.51899590311009e-50
48.8417201279,2.3987874763,1.0349522720782167e-52
48.8466140185,2.3987874763,5.537113032815047e-56
48.8515079091,2.3987874763,6.920399214414464e-60
48.8564017997,2.3987874763,2.020654487074165e-64
48.8612956903,2.3987874763,9.994937628524692e-68
48.8661895809,2.3987874763,1.9752909330021536e-67
48.8710834715,2.3987874763,1.0655541611239071e-67
48.8759773621,2.3987874763,1.5473329420720725e-68
48.8808712527,2.3987874763,6.048612908724534e-70
48.8857651433,2.3987874763,6.36490008520989e-72
48.8906590339,2.3987874763,1.8029810717462125e-74
48.8955529245,2.3987874763,1.37484748136176e-77
48.9004468151,2.3987874763,2.822160152977547e-81
48.9053407057,2.3987874763,1.5594539941298756e-85
48.9102345963,2.3987874763,2.3196756127043924e-90
48.9151284869,2.3987874763,9.288502974310259e-96
48.9200223775,2.3987874763,1.0012164363809648e-101
48.9249162681,2.3987874763,2.905186348893425e-108
48.9298101587,2.3987874763,2.269257592783128e-115
48.9347040493,2.3987874763,4.771526914783462e-123
48.9395979399,2.3987874763,2.70081437680771e-131
48.9444918305,2.3987874763,4.1152466858009034e-140
48.9493857211,2.3987874763,1.6879547074356936e-149
48.9542796117,2.3987874763,1.8637578366641975e-159
48.9591735023,2.3987874763,5.539645252335378e-170
48.9640673929,2.3987874763,4.4323924271204103e-181
48.9689612835,2.3987874763,9.546808968427191e-193
48.9738551741,2.3987874763,5.535311164511931e-205
48.9787490647,2.3987874763,8.639520289889534e-218
48.7389484253,2.4036813669,1.8680164344474902e-132
48.7438423159,2.4036813669,1.6410739251858467e-122
48.7487362065,2.4036813669,3.3679085432267e-113
48.7536300971,2.4036813669,1.614645275584411e-104
48.7585239877,2.4036813669,1.8083340293658053e-96
48.7634178783,2.4036813669,4.731129937733655e-89
48.7683117689,2.4036813669,2.891583839658461e-82
48.7732056595,2.4036813669,4.1284914936373954e-76
48.7780995501,2.4036813669,1.3769928698041479e-70
48.7829934407,2.4036813669,1.0728936648951502e-65
48.7878873313,2.4036813669,1.9528386528084432e-61
48.7927812219,2.4036813669,8.303491325741912e-58
48.7976751125,2.4036813669,8.247831923941607e-55
48.8025690031,2.4036813669,1.9138308912344623e-52
48.8074628937,2.4036813669,1.0374137752685145e-50
48.8123567843,2.4036813669,1.3136665839424597e-49
48.8172506749,2.4036813669,3.886001709146925e-49
48.8221445655,2.4036813669,2.68537853958844e-49
48.8270384561,2.4036813669,4.335036242196771e-50
48.8319323467,2.4036813669,1.6348000546769998e-51
48.8368262373,2.4036813669,1.4401948268593945e-53
48.8417201279,2.4036813669,2.9638931416344363e-56
48.8466140185,2.4036813669,1.4249135919758158e-59
48.8515079091,2.4036813669,1.6002919058354542e-63
48.8564017997,2.4036813669,4.198515858457493e-68
48.8612956903,2.4036813669,1.3888560484386396e-72
48.8661895809,2.4036813669,2.927869187756134e-72
48.8710834715,2.4036813669,2.0393833234719445e-72
48.8759773621,2.4036813669,3.823929624013031e-73
48.8808712527,2.4036813669,1.930121712719079e-74
48.8857651433,2.4036813669,2.6225469988051546e-76
48.8906590339,2.4036813669,9.592363807473511e-79
48.8955529245,2.4036813669,9.444778599709522e-82
48.9004468151,2.4036813669,2.503350728502546e-85
48.9053407057,2.4036813669,1.7861395891229228e-89
48.9102345963,2.4036813669,3.430622022721426e-94
48.9151284869,2.4036813669,1.7737570070008132e-99
48.9200223775,2.4036813669,2.4687616089342638e-105
48.9249162681,2.4036813669,9.249706755184175e-112
48.9298101587,2.4036813669,9.329117261695882e-119
48.9347040493,2.4036813669,2.5328934307984302e-126
48.9395979399,2.4036813669,1.8512158564503764e-134
48.9444918305,2.4036813669,3.6421764642566168e-143
48.9493857211,2.4036813669,1.92898426005895e-152
48.9542796117,2.4036813669,2.750173939864142e-162
48.9591735023,2.4036813669,1.0554931500986107e-172
48.9640673929,2.4036813669,1.0904718378381665e-183
48.9689612835,2.4036813669,3.0327545799991094e-195
48.9738551741,2.4036813669,2.27051229852832e-207
48.9787490647,2.4036813669,4.575875805123468e-220
48.7389484253,2.4085752575,3.76748880253262e-135
48.7438423159,2.4085752575,2.974146403571739e-125
48.7487362065,2.4085752575,5.484757213609743e-116
48.7536300971,2.4085752575,2.3628555101921793e-107
48.7585239877,2.4085752575,2.3779439535150796e-99
48.7634178783,2.4085752575,5.59050133825755e-92
48.7683117689,2.4085752575,3.070326700105765e-85
48.7732056595,2.4085752575,3.939155408216807e-79
48.7780995501,2.4085752575,1.180609661201656e-73
48.7829934407,2.4085752575,8.26597795686691e-69
48.7878873313,2.4085752575,1.3519693466580809e-64
48.7927812219,2.4085752575,5.1656400334744875e-61
48.7976751125,2.4085752575,4.6106921464789946e-58
48.8025690031,2.4085752575,9.613749551611262e-56
48.8074628937,2.4085752575,4.6827845282706575e-54
48.8123567843,2.4085752575,5.32844193580859e-53
48.8172506749,2.4085752575,1.4163839361641339e-52
48.8221445655,2.4085752575,8.79521458282301e-53
48.8270384561,2.4085752575,1.275841072186519e-53
48.8319323467,2.4085752575,4.323459652036788e-55
48.8368262373,2.4085752575,3.4225589243946423e-57
48.8417201279,2.4085752575,6.32929225342668e-60
48.8466140185,2.4085752575,2.7342867466388445e-63
48.8515079091,2.4085752575,2.7594190448224495e-67
48.8564017997,2.4085752575,6.505429791737368e-72
48.8612956903,2.4085752575,4.4145848582300885e-77
48.8661895809,2.4085752575,2.7791605064779936e-77
48.8710834715,2.4085752575,2.499556415507403e-77
48.8759773621,2.4085752575,6.051691150291941e-78
48.8808712527,2.4085752575,3.9441583807399566e-79
48.8857651433,2.4085752575,6.919834612469109e-81
48.8906590339,2.4085752575,3.268141573636196e-83
48.8955529245,2.4085752575,4.1549881229703995e-86
48.9004468151,2.4085752575,1.4220094744442221e-89
48.9053407057,2.4085752575,1.3100834836475398e-93
48.9102345963,2.4085752575,3.249071219592539e-98
48.9151284869,2.4085752575,2.16911845357576e-103
48.9200223775,2.4085752575,3.898262545381783e-109
48.9249162681,2.4085752575,1.8859174524064432e-115
48.9298101587,2.4085752575,2.4560547966139825e-122
48.9347040493,2.4085752575,8.610278575626638e-130
48.9395979399,2.4085752575,8.125687792325366e-138
48.9444918305,2.4085752575,2.0642716058067493e-146
48.9493857211,2.4085752575,1.4116834530521911e-155
48.9542796117,2.4085752575,2.598792398297159e-165
48.9591735023,2.4085752575,1.287862891228832e-175
48.9640673929,2.4085752575,1.7180327941312332e-186
48.9689612835,2.4085752575,6.1696005647404036e-198
48.9738551741,2.4085752575,5.964120700519761e-210
48.9787490647,2.4085752575,1.5520280949940172e-222
48.7389484253,2.4134691481,5.66596171857176e-138
48.7438423159,2.4134691481,4.019267665482332e-128
48.7487362065,2.4134691481,6.660470586036854e-119
48.7536300971,2.4134691481,2.5783839690598514e-110
48.7585239877,2.4134691481,2.331712291498017e-102
48.7634178783,2.4134691481,4.9259162525037596e-95
48.7683117689,2.4134691481,2.4309933900903747e-88
48.7732056595,2.4134691481,2.802626500255644e-82
48.7780995501,2.4134691481,7.54799080585399e-77
48.7829934407,2.4134691481,4.748781560940594e-72
48.7878873313,2.4134691481,6.979393996503019e-68
48.7927812219,2.4134691481,2.3962820264524123e-64
48.7976751125,2.4134691481,1.9219533278659507e-61
48.8025690031,2.4134691481,3.6010772358491167e-59
48.8074628937,2.4134691481,1.5761833204634553e-57
48.8123567843,2.4134691481,1.6116313643389915e-56
48.8172506749,2.4134691481,3.849544870606171e-56
48.8221445655,2.4134691481,2.1480171958663987e-56
48.8270384561,2.4134691481,2.799953465330647e-57
48.8319323467,2.4134691481,8.526063550253614e-59
48.8368262373,2.4134691481,6.0650028520843565e-61
48.8417201279,2.4134691481,1.0078552109611676e-63
48.8466140185,2.4134691481,3.912460571701088e-67
48.8515079091,2.4134691481,3.5480235547031978e-71
48.8564017997,2.4134691481,7.516362348545743e-76
48.8612956903,2.4134691481,3.7589072822283443e-81
48.8661895809,2.4134691481,1.6893747723966795e-82
48.8710834715,2.4134691481,1.9618588971683886e-82
48.8759773621,2.4134691481,6.13316100427564e-83
48.8808712527,2.4134691481,5.161367005196652e-84
48.8857651433,2.4134691481,1.169254082419625e-85
48.8906590339,2.4134691481,7.130448160277437e-88
48.8955529245,2.4134691481,1.1705461393967492e-90
48.9004468151,2.4134691481,5.172780204378517e-94
48.9053407057,2.4134691481,6.153515399943755e-98
48.9102345963,2.4134691481,1.9705449072013415e-102
48.9151284869,2.4134691481,1.698686203379645e-107
48.9200223775,2.4134691481,3.9418832806043616e-113
48.9249162681,2.4134691481,2.4623973777843504e-119
48.9298101587,2.4134691481,4.140724133420902e-126
48.9347040493,2.4134691481,1.874382553811646e-133
48.9395979399,2.4134691481,2.2840412723783142e-141
48.9444918305,2.4134691481,7.492270340907316e-150
48.9493857211,2.4134691481,6.615866145902051e-159
48.9542796117,2.4134691481,1.5726198691913258e-168
48.9591735023,2.4134691481,1.0062933095603943e-178
48.9640673929,2.4134691481,1.7333616760484006e-189
48.9689612835,2.4134691481,8.037436845187644e-201
48.9738551741,2.4134691481,1.0032513085363185e-212
48.9787490647,2.4134691481,3.371053728900235e-225
48.7389484253,2.4183630387,6.35397775317088e-141
48.7438423159,2.4183630387,4.0502506810624186e-131
48.7487362065,2.4183630387,6.031187215012675e-122
48.7536300971,2.4183630387,2.0980141249836242e-113
48.7585239877,2.4183630387,1.704899164854016e-105
48.7634178783,2.4183630387,3.2364856099042965e-98
48.7683117689,2.4183630387,1.435269165855176e-91
48.7732056595,2.4183630387,1.486886168727207e-85
48.7780995501,2.4183630387,3.598377979433015e-80
48.7829934407,2.4183630387,2.0343259140640135e-75
48.7878873313,2.4183630387,2.686698757304215e-71
48.7927812219,2.4183630387,8.28899942836137e-68
48.7976751125,2.4183630387,5.9740649104332465e-65
48.8025690031,2.4183630387,1.0058250710552762e-62
48.8074628937,2.4183630387,3.9560308371439736e-61
48.8123567843,2.4183630387,3.6348088103342445e-60
48.8172506749,2.4183630387,7.801680629479341e-60
48.8221445655,2.4183630387,3.911825344232519e-60
48.8270384561,2.4183630387,4.582003708336209e-61
48.8319323467,2.4183630387,1.253764904076344e-62
48.8368262373,2.4183630387,8.014223931875859e-65
48.8417201279,2.4183630387,1.1967171913590607e-67
48.8466140185,2.4183630387,4.174517429921666e-71
48.8515079091,2.4183630387,3.4017760536245734e-75
48.8564017997,2.4183630387,6.475746698167424e-80
48.8612956903,2.4183630387,2.8809563008700503e-85
48.8661895809,2.4183630387,6.578930036081167e-88
48.8710834715,2.4183630387,9.860826985768476e-88
48.8759773621,2.4183630387,3.9804550250417167e-88
48.8808712527,2.4183630387,4.325296479622378e-89
48.8857651433,2.4183630387,1.265210596221643e-90
48.8906590339,2.4183630387,9.9626193561942e-93
48.8955529245,2.4183630387,2.1117768885368106e-95
48.9004468151,2.4183630387,1.2049979442162327e-98
48.9053407057,2.4183630387,1.850923023217159e-102
48.9102345963,2.4183630387,7.653396039909348e-107
48.9151284869,2.4183630387,8.518905395152972e-112
48.9200223775,2.4183630387,2.5525671833108034e-117
48.9249162681,2.4183630387,2.0588956966906448e-123
48.9298101587,2.4183630387,4.470491654621943e-130
48.9347040493,2.4183630387,2.6130036073188077e-137
48.9395979399,2.4183630387,4.111388419780048e-145
48.9444918305,2.4183630387,1.7414090033899025e-153
48.9493857211,2.4183630387,1.9855317719921517e-162
48.9542796117,2.4183630387,6.094199603171554e-172
48.9591735023,2.4183630387,5.03524128423036e-182
48.9640673929,2.4183630387,1.119921742951098e-192
48.9689612835,2.4183630387,6.705309748493863e-204
48.9738551741,2.4183630387,1.0807214991121868e-215
48.9787490647,2.4183630387,4.688916682083393e-228
48.7389484253,2.4232569293,5.313346422170297e-144
48.7438423159,2.4232569293,3.0434576750899384e-134
48.7487362065,2.4232569293,4.072406227725191e-125
48.7536300971,2.4232569293,1.2729742287928246e-116
48.7585239877,2.4232569293,9.295501434863679e-109
48.7634178783,2.4232569293,1.585662389016108e-101
48.7683117689,2.4232569293,6.318781240413738e-95
48.7732056595,2.4232569293,5.882211112592806e-89
48.7780995501,2.4232569293,1.2791827274366458e-83
48.7829934407,2.4232569293,6.498442163164371e-79
48.7878873313,2.4232569293,7.712063940056406e-75
48.7927812219,2.4232569293,2.138044190926638e-71
48.7976751125,2.4232569293,1.3846736418532836e-68
48.8025690031,2.4232569293,2.0948979183830288e-66
48.8074628937,2.4232569293,7.4039418193112936e-65
48.8123567843,2.4232569293,6.112907465438444e-64
48.8172506749,2.4232569293,1.1790095913054949e-63
48.8221445655,2.4232569293,5.3121648851050756e-64
48.8270384561,2.4232569293,5.591269778213145e-65
48.8319323467,2.4232569293,1.3747826426265945e-66
48.8368262373,2.4232569293,7.896639743639813e-69
48.8417201279,2.4232569293,1.0595837822553451e-71
48.8466140185,2.4232569293,3.32133721542529e-75
48.8515079091,2.4232569293,2.4320658701432425e-79
48.8564017997,2.4232569293,4.160278331071906e-84
48.8612956903,2.4232569293,1.6624939978658553e-89
48.8661895809,2.4232569293,1.6547544228567328e-93
48.8710834715,2.4232569293,3.1739468888823888e-93
48.8759773621,2.4232569293,1.6543287685816456e-93
48.8808712527,2.4232569293,2.3211743764470107e-94
48.8857651433,2.4232569293,8.767130911146599e-96
48.8906590339,2.4232569293,8.913966415551158e-98
48.8955529245,2.4232569293,2.439766555620451e-100
48.9004468151,2.4232569293,1.7975845722324346e-103
48.9053407057,2.4232569293,3.565284316232343e-107
48.9102345963,2.4232569293,1.9035434022462692e-111
48.9151284869,2.4232569293,2.7358682317595224e-116
48.9200223775,2.4232569293,1.0585011830748817e-121
48.9249162681,2.4232569293,1.1024306959668177e-127
48.9298101587,2.4232569293,3.0908293303428147e-134
48.9347040493,2.4232569293,2.332719558363225e-141
48.9395979399,2.4232569293,4.739295788651749e-149
48.9444918305,2.4232569293,2.5919634728339655e-157
48.9493857211,2.4232569293,3.815994300727711e-166
48.9542796117,2.4232569293,1.5123431238581423e-175
48.9591735023,2.4232569293,1.613454538271641e-185
48.9640673929,2.4232569293,4.633689279403765e-196
48.9689612835,2.4232569293,3.582290994489665e-207
48.9738551741,2.4232569293,7.45518788155427e-219
48.9787490647,2.4232569293,4.1765732487889025e-231
48.7389484253,2.4281508199,3.31314896297246e-147
48.7438423159,2.4281508199,1.705308738338254e-137
48.7487362065,2.4281508199,2.0504527425894804e-128
48.7536300971,2.4281508199,5.7594525348955584e-120
48.7585239877,2.4281508199,3.779177886668861e-112
48.7634178783,2.4281508199,5.792928365064121e-105
48.7683117689,2.4281508199,2.074357823234878e-98
48.7732056595,2.4281508199,1.735217349241463e-92
48.7780995501,2.4281508199,3.3908515816760334e-87
48.7829934407,2.4281508199,1.547919505834012e-82
48.7878873313,2.4281508199,1.650717125893317e-78
48.7927812219,2.4281508199,4.112270111604414e-75
48.7976751125,2.4281508199,2.393179652120509e-72
48.8025690031,2.4281508199,3.253521358609629e-70
48.8074628937,2.4281508199,1.0332768866433433e-68
48.8123567843,2.4281508199,7.665923121265338e-68
48.8172506749,2.4281508199,1.3286081020079361e-67
48.8221445655,2.4281508199,5.379154590498955e-68
48.8270384561,2.4281508199,5.087633833557646e-69
48.8319323467,2.4281508199,1.1240933022623168e-70
48.8368262373,2.4281508199,5.80194444010778e-73
48.8417201279,2.4281508199,6.995672393002413e-76
48.8466140185,2.4281508199,1.9704710248328236e-79
48.8515079091,2.4281508199,1.29656810818783e-83
48.8564017997,2.4281508199,1.9929908695571902e-88
48.8612956903,2.4281508199,7.156491277560559e-94
48.8661895809,2.4281508199,3.21708512934835e-99
48.8710834715,2.4281508199,6.54224379375127e-99
48.8759773621,2.4281508199,4.4030302427962024e-99
48.8808712527,2.4281508199,7.97701482359566e-100
48.8857651433,2.4281508199,3.890387918922352e-101
48.8906590339,2.4281508199,5.107509639338785e-103
48.8955529245,2.4281508199,1.8050500988517586e-105
48.9004468151,2.4281508199,1.7172483336069642e-108
48.9053407057,2.4281508199,4.3978531666797125e-112
48.9102345963,2.4281508199,3.0318808162814845e-116
48.9151284869,2.4281508199,5.626616340922752e-121
48.9200223775,2.4281508199,2.810905591564294e-126
48.9249162681,2.4281508199,3.7801496561152704e-132
48.9298101587,2.4281508199,1.3684707103584407e-138
48.9347040493,2.4281508199,1.3336006467421762e-145
48.9395979399,2.4281508199,3.498483794362337e-153
48.9444918305,2.4281508199,2.4705731305325902e-161
48.9493857211,2.4281508199,4.6965542073534586e-170
48.9542796117,2.4281508199,2.4033927291333644e-179
48.9591735023,2.4281508199,3.310807458613821e-189
48.9640673929,2.4281508199,1.2277413556856996e-199
48.9689612835,2.4281508199,1.2255855258944617e-210
48.9738551741,2.4281508199,3.293397411653089e-222
48.9787490647,2.4281508199,2.382365737710154e-234
48.7389484253,2.4330447105,1.54050879276765e-150
48.7438423159,2.4330447105,7.125070350082581e-141
48.7487362065,2.4330447105,7.698370776657868e-132
48.7536300971,2.4330447105,1.9430911948066412e-123
48.7585239877,2.4330447105,1.1457034885186389e-115
48.7634178783,2.4330447105,1.5781053033586492e-108
48.7683117689,2.4330447105,5.077903172487264e-102
48.7732056595,2.4330447105,3.816959426049837e-96
48.7780995501,2.4330447105,6.70247748451119e-91
48.7829934407,2.4330447105,2.7493996697424683e-86
48.7878873313,2.4330447105,2.6346630502280833e-82
48.7927812219,2.4330447105,5.89789419718291e-79
48.7976751125,2.4330447105,3.0842783566324784e-76
48.8025690031,2.4330447105,3.7678607779964215e-74
48.8074628937,2.4330447105,1.0752781488601949e-72
48.8123567843,2.4330447105,7.16855275581006e-72
48.8172506749,2.4330447105,1.1164180337569273e-71
48.8221445655,2.4330447105,4.061691112774378e-72
48.8270384561,2.4330447105,3.4520067352984683e-73
48.8319323467,2.4330447105,6.853636523057766e-75
48.8368262373,2.4330447105,3.178741370992785e-77
48.8417201279,2.4330447105,3.444086198209866e-80
48.8466140185,2.4330447105,8.71721028665415e-84
48.8515079091,2.4330447105,5.154252913517841e-88
48.8564017997,2.4330447105,7.11932173034426e-93
48.8612956903,2.4330447105,2.297186263069009e-98
48.8661895809,2.4330447105,1.99906792379497e-104
48.8710834715,2.4330447105,8.63564291940599e-105
48.8759773621,2.4330447105,7.504508610299082e-105
48.8808712527,2.4330447105,1.7555523150977066e-105
48.8857651433,2.4330447105,1.10552627714295e-106
48.8906590339,2.4330447105,1.8740800684485733e-108
48.8955529245,2.4330447105,8.552064980309694e-111
48.9004468151,2.4330447105,1.0505521612499478e-113
48.9053407057,2.4330447105,3.473985706413359e-117
48.9102345963,2.4330447105,3.092446622018116e-121
48.9151284869,2.4330447105,7.410374817698832e-126
48.9200223775,2.4330447105,4.78015431040991e-131
48.9249162681,2.4330447105,8.300560818457492e-137
48.9298101587,2.4330447105,3.880044742969133e-143
48.9347040493,2.4330447105,4.882360120590247e-150
48.9395979399,2.4330447105,1.6538139989260273e-157
48.9444918305,2.4330447105,1.5080206760515225e-165
48.9493857211,2.4330447105,3.7016189225542804e-174
48.9542796117,2.4330447105,2.4459067486502055e-183
48.9591735023,2.4330447105,4.3506271154511515e-193
48.9640673929,2.4330447105,2.083183885573377e-203
48.9689612835,2.4330447105,2.685141215262583e-214
48.9738551741,2.4330447105,9.316878507789036e-226
48.9787490647,2.4330447105,8.702369354585746e-238
48.7389484253,2.4379386011,5.3411870644479545e-154
48.7438423159,2.4379386011,2.2198605042231813e-144
48.7487362065,2.4379386011,2.1552530691848892e-135
48.7536300971,2.4379386011,4.888274124593334e-127
48.7585239877,2.4379386011,2.5899866437353524e-119
48.7634178783,2.4379386011,3.2057096815785874e-112
48.7683117689,2.4379386011,9.26905683891308e-106
48.7732056595,2.4379386011,6.260825421143964e-100
48.7780995501,2.4379386011,9.878985198104461e-95
48.7829934407,2.4379386011,3.6414786466943472e-90
48.7878873313,2.4379386011,3.1356522508666712e-86
48.7927812219,2.4379386011,6.307579164065015e-83
48.7976751125,2.4379386011,2.9640274356006984e-80
48.8025690031,2.4379386011,3.2537667792331337e-78
48.8074628937,2.4379386011,8.344019576548262e-77
48.8123567843,2.4379386011,4.998605930596342e-76
48.8172506749,2.4379386011,6.995313428378329e-76
48.8221445655,2.4379386011,2.2869156584035278e-76
48.8270384561,2.4379386011,1.7465370795864873e-77
48.8319323467,2.4379386011,3.115947736159743e-79
48.8368262373,2.4379386011,1.2986353217178323e-81
48.8417201279,2.4379386011,1.2643547653526794e-84
48.8466140185,2.4379386011,2.8756457243588824e-88
48.8515079091,2.4379386011,1.5278703514564785e-92
48.8564017997,2.4379386011,1.8963666909667865e-97
48.8612956903,2.4379386011,5.498482229206699e-103
48.8661895809,2.4379386011,3.7418409059311646e-109
48.8710834715,2.4379386011,7.29972637054647e-111
48.8759773621,2.4379386011,8.190937222225828e-111
48.8808712527,2.4379386011,2.4741606650536947e-111
48.8857651433,2.4379386011,2.0118054344649006e-112
48.8906590339,2.4379386011,4.403599706132976e-114
48.8955529245,2.4379386011,2.594737744578751e-116
48.9004468151,2.4379386011,4.115692153907416e-119
48.9053407057,2.4379386011,1.757341133777369e-122
48.9102345963,2.4379386011,2.0199147685156544e-126
48.9151284869,2.4379386011,6.249910420127688e-131
48.9200223775,2.4379386011,5.205690201197076e-136
48.9249162681,2.4379386011,1.1672036138334306e-141
48.9298101587,2.4379386011,7.044962833353711e-148
48.9347040493,2.4379386011,1.1446548881313343e-154
48.9395979399,2.4379386011,5.006499837225711e-162
48.9444918305,2.4379386011,5.894644573033531e-170
48.9493857211,2.4379386011,1.868292280208986e-178
48.9542796117,2.4379386011,1.5940274395985e-187
48.9591735023,2.4379386011,3.6610911790293516e-197
48.9640673929,2.4379386011,2.2635446998192073e-207
48.9689612835,2.4379386011,3.7673102189187047e-218
48.9738551741,2.4379386011,1.6878640773174485e-229
48.9787490647,2.4379386011,2.0356698059816205e-241
48.7389484253,2.4428324917,1.3808985826396548e-157
48.7438423159,2.4428324917,5.157183685215899e-148
48.7487362065,2.4428324917,4.499332705869194e-139
48.7536300971,2.4428324917,9.169978323641632e-131
48.7585239877,2.4428324917,4.365894146173362e-123
48.7634178783,2.4428324917,4.8558223150825596e-116
48.7683117689,2.4428324917,1.261644688233677e-109
48.7732056595,2.4428324917,7.657659170039394e-104
48.7780995501,2.4428324917,1.08577464041388e-98
48.7829934407,2.4428324917,3.5964004833495045e-94
48.7878873313,2.4428324917,2.7827942217976847e-90
48.7927812219,2.4428324917,5.030125614777364e-87
48.7976751125,2.4428324917,2.124033002810861e-84
48.8025690031,2.4428324917,2.0952139762707713e-82
48.8074628937,2.4428324917,4.82814380025242e-81
48.8123567843,2.4428324917,2.5990623781452945e-80
48.8172506749,2.4428324917,3.2684203149747794e-80
48.8221445655,2.4428324917,9.601604031105002e-81
48.8270384561,2.4428324917,6.589225560471709e-82
48.8319323467,2.4428324917,1.0563544089275367e-83
48.8368262373,2.4428324917,3.956121455493758e-86
48.8417201279,2.4428324917,3.461101020300277e-89
48.8466140185,2.4428324917,7.0736509651274596e-93
48.8515079091,2.4428324917,3.3772069165185267e-97
48.8564017997,2.4428324917,3.766659874035908e-102
48.8612956903,2.4428324917,9.813859435801842e-108
48.8661895809,2.4428324917,5.973946479507819e-114
48.8710834715,2.4428324917,3.952261827095329e-117
48.8759773621,2.4428324917,5.7251343152316176e-117
48.8808712527,2.4428324917,2.232969369236414e-117
48.8857651433,2.4428324917,2.344464330457167e-118
48.8906590339,2.4428324917,6.626256934691896e-120
48.8955529245,2.4428324917,5.041464252528785e-122
48.9004468151,2.4428324917,1.032544768504466e-124
48.9053407057,2.4428324917,5.692786118309781e-128
48.9102345963,2.4428324917,8.448986619945977e-132
48.9151284869,2.4428324917,3.3755780603110084e-136
48.9200223775,2.4428324917,3.630408261910789e-141
48.9249162681,2.4428324917,1.051057695846909e-146
48.9298101587,2.4428324917,8.191462062715647e-153
48.9347040493,2.4428324917,1.718541682489614e-159
48.9395979399,2.4428324917,9.705602364190903e-167
48.9444918305,2.4428324917,1.4755322184509846e-174
48.9493857211,2.4428324917,6.0386335758007305e-183
48.9542796117,2.4428324917,6.652615697423937e-192
48.9591735023,2.4428324917,1.9729222617082536e-201
48.9640673929,2.4428324917,1.575038914857362e-211
48.9689612835,2.4428324917,3.384826261756429e-222
48.9738551741,2.4428324917,1.958146828292673e-233
48.9787490647,2.4428324917,3.0494246274091554e-245
48.7389484253,2.4477263823,2.6621723438919535e-161
48.7438423159,2.4477263823,8.934081381192768e-152
48.7487362065,2.4477263823,7.004035410372648e-143
48.7536300971,2.4477263823,1.2827187827449623e-134
48.7585239877,2.4477263823,5.487812534466431e-127
48.7634178783,2.4477263823,5.4846860442548064e-120
48.7683117689,2.4477263823,1.2805276783638232e-113
48.7732056595,2.4477263823,6.98410660378419e-108
48.7780995501,2.4477263823,8.898513045599635e-103
48.7829934407,2.4477263823,2.6485532888731365e-98
48.7878873313,2.4477263823,1.841554946381603e-94
48.7927812219,2.4477263823,2.99119922476135e-91
48.7976751125,2.4477263823,1.1349864844131858e-88
48.8025690031,2.4477263823,1.0060527033432096e-86
48.8074628937,2.4477263823,2.083221585965751e-85
48.8123567843,2.4477263823,1.007708434810515e-84
48.8172506749,2.4477263823,1.1387254122388933e-84
48.8221445655,2.4477263823,3.0059920224182915e-85
48.8270384561,2.4477263823,1.853708011315867e-86
48.8319323467,2.4477263823,2.670419693846019e-88
48.8368262373,2.4477263823,8.98674481262926e-91
48.8417201279,2.4477263823,7.06496458648745e-94
48.8466140185,2.4477263823,1.2974847468545512e-97
48.8515079091,2.4477263823,5.566461695564411e-102
48.8564017997,2.4477263823,5.578801139619987e-107
48.8612956903,2.4477263823,1.3061324794113432e-112
48.8661895809,2.4477263823,7.143638474883099e-119
48.8710834715,2.4477263823,1.378880614185406e-123
48.8759773621,2.4477263823,2.5625863469839398e-123
48.8808712527,2.4477263823,1.2905605300203385e-123
48.8857651433,2.4477263823,1.7496131237361192e-124
48.8906590339,2.4477263823,6.385125750907287e-126
48.8955529245,2.4477263823,6.272788724717144e-128
48.9004468151,2.4477263823,1.658882569200262e-130
48.9053407057,2.4477263823,1.1809578724557432e-133
48.9102345963,2.4477263823,2.263168790963593e-137
48.9151284869,2.4477263823,1.1675171366123495e-141
48.9200223775,2.4477263823,1.6213372482056847e-146
48.9249162681,2.4477263823,6.061041181343778e-152
48.9298101587,2.4477263823,6.099368712062745e-158
48.9347040493,2.4477263823,1.6522901681984408e-164
48.9395979399,2.4477263823,1.2049014523947343e-171
48.9444918305,2.4477263823,2.36526886648936e-179
48.9493857211,2.4477263823,1.2498942810977435e-187
48.9542796117,2.4477263823,1.777992091067538e-196
48.9591735023,2.4477263823,6.808479698864222e-206
48.9640673929,2.4477263823,7.01833747147134e-216
48.9689612835,2.4477263823,1.9475208933987773e-226
48.9738551741,2.4477263823,1.4547681432006247e-237
48.9787490647,2.4477263823,2.9252919572304374e-249
48.7389484253,2.4526202729,3.8270218278712063e-165
48.7438423159,2.4526202729,1.1540844688129776e-155
48.7487362065,2.4526202729,8.13015725539196e-147
48.7536300971,2.4526202729,1.3379657228386661e-138
48.7585239877,2.4526202729,5.143701067780116e-131
48.7634178783,2.4526202729,4.619459319633224e-124
48.7683117689,2.4526202729,9.691505909051512e-118
48.7732056595,2.4526202729,4.749808222714058e-112
48.7780995501,2.4526202729,5.438079812285275e-107
48.7829934407,2.4526202729,1.4544532674149373e-102
48.7878873313,2.4526202729,9.087379354921554e-99
48.7927812219,2.4526202729,1.3263625066660965e-95
48.7976751125,2.4526202729,4.522415986415976e-93
48.8025690031,2.4526202729,3.6021639090574833e-91
48.8074628937,2.4526202729,6.702566409734206e-90
48.8123567843,2.4526202729,2.9134225204721087e-89
48.8172506749,2.4526202729,2.9583565299408132e-89
48.8221445655,2.4526202729,7.017497132962854e-90
48.8270384561,2.4526202729,3.8886483125729466e-91
48.8319323467,2.4526202729,5.0338443573181455e-93
48.8368262373,2.4526202729,1.5222486280611608e-95
48.8417201279,2.4526202729,1.0753654805428272e-98
48.8466140185,2.4526202729,1.7746441576215206e-102
48.8515079091,2.4526202729,6.841497428284049e-107
48.8564017997,2.4526202729,6.161348079991413e-112
48.8612956903,2.4526202729,1.2962387889700933e-117
48.8661895809,2.4526202729,6.370580342222558e-124
48.8710834715,2.4526202729,3.77210190493229e-130
48.8759773621,2.4526202729,7.345343032865765e-130
48.8808712527,2.4526202729,4.776554497173555e-130
48.8857651433,2.4526202729,8.361441798441455e-131
48.8906590339,2.4526202729,3.940137550327827e-132
48.8955529245,2.4526202729,4.998104979434123e-134
48.9004468151,2.4526202729,1.7067233978342236e-136
48.9053407057,2.4526202729,1.5688618022910466e-139
48.9102345963,2.4526202729,3.8821294619096555e-143
48.9151284869,2.4526202729,2.5859440100709906e-147
48.9200223775,2.4526202729,4.636945579366362e-152
48.9249162681,2.4526202729,2.2382503369939883e-157
48.9298101587,2.4526202729,2.908366251055833e-163
48.9347040493,2.4526202729,1.0173099974326479e-169
48.9395979399,2.4526202729,9.579025000558322e-177
48.9444918305,2.4526202729,2.4280245812524197e-184
48.9493857211,2.4526202729,1.656718148997951e-192
48.9542796117,2.4526202729,3.043042085741372e-201
48.9591735023,2.4526202729,1.5046346741292664e-210
48.9640673929,2.4526202729,2.002709468694236e-220
48.9689612835,2.4526202729,7.175771727067537e-231
48.9738551741,2.4526202729,6.921226410924611e-242
48.9787490647,2.4526202729,1.797054615567357e-253
48.7389484253,2.4575141635,4.102382013592341e-169
48.7438423159,2.4575141635,1.1116694659216272e-159
48.7487362065,2.4575141635,7.037200858335477e-151
48.7536300971,2.4575141635,1.0406601130681829e-142
48.7585239877,2.4575141635,3.5950303669955196e-135
48.7634178783,2.4575141635,2.9012216488646064e-128
48.7683117689,2.4575141635,5.469453670446058e-122
48.7732056595,2.4575141635,2.40874972755686e-116
48.7780995501,2.4575141635,2.4781300914817056e-111
48.7829934407,2.4575141635,5.955815232545741e-107
48.7878873313,2.4575141635,3.3438210174134594e-103
48.7927812219,2.4575141635,4.385605091040833e-100
48.7976751125,2.4575141635,1.3436950387751897e-97
48.8025690031,2.4575141635,9.617376035229384e-96
48.8074628937,2.4575141635,1.6080412036317602e-94
48.8123567843,2.4575141635,6.28090812058353e-94
48.8172506749,2.4575141635,5.731026284770143e-94
48.8221445655,2.4575141635,1.221594453889262e-94
48.8270384561,2.4575141635,6.082840046875724e-96
48.8319323467,2.4575141635,7.075716645378771e-98
48.8368262373,2.4575141635,1.9227338015594274e-100
48.8417201279,2.4575141635,1.2205415878520924e-103
48.8466140185,2.4575141635,1.809967157743036e-107
48.8515079091,2.4575141635,6.270086026388121e-112
48.8564017997,2.4575141635,5.074123068670739e-117
48.8612956903,2.4575141635,9.592530431403701e-123
48.8661895809,2.4575141635,4.2363327708905625e-129
48.8710834715,2.4575141635,4.802764880562491e-136
48.8759773621,2.4575141635,1.348299688019431e-136
48.8808712527,2.4575141635,1.132118379200747e-136
48.8857651433,2.4575141635,2.558945638630683e-137
48.8906590339,2.4575141635,1.5570195199054652e-138
48.8955529245,2.4575141635,2.5502974266679107e-140
48.9004468151,2.4575141635,1.1244790960031582e-142
48.9053407057,2.4575141635,1.3346755915783726e-145
48.9102345963,2.4575141635,4.2644578704571685e-149
48.9151284869,2.4575141635,3.6678850495036796e-153
48.9200223775,2.4575141635,8.492418408187483e-158
48.9249162681,2.4575141635,5.293108881668799e-163
48.9298101587,2.4575141635,8.880840099311112e-169
48.9347040493,2.4575141635,4.0110774854140925e-175
48.9395979399,2.4575141635,4.8767650286655737e-182
48.9444918305,2.4575141635,1.5961231202716905e-189
48.9493857211,2.4575141635,1.406257087288262e-197
48.9542796117,2.4575141635,3.335238060355822e-206
48.9591735023,2.4575141635,2.129377840662714e-215
48.9640673929,2.4575141635,3.659673999975667e-225
48.9689612835,2.4575141635,1.6931516147416654e-235
48.9738551741,2.4575141635,2.1086916381150818e-246
48.9787490647,2.4575141635,7.069587609802309e-258
48.7389484253,2.4624080541,3.279152751956033e-173
48.7438423159,2.4624080541,7.984801901157099e-164
48.7487362065,2.4624080541,4.542043992921765e-155
48.7536300971,2.4624080541,6.035638482433865e-147
48.7585239877,2.4624080541,1.873612579188447e-139
48.7634178783,2.4624080541,1.3586921315678987e-132
48.7683117689,2.4624080541,2.3016909985126287e-126
48.7732056595,2.4624080541,9.108726673607179e-121
48.7780995501,2.4624080541,8.420793425315189e-116
48.7829934407,2.4624080541,1.818582673129005e-111
48.7878873313,2.4624080541,9.174824728983918e-108
48.7927812219,2.4624080541,1.0813024726949374e-104
48.7976751125,2.4624080541,2.9770169538492408e-102
48.8025690031,2.4624080541,1.914697242663217e-100
48.8074628937,2.4624080541,2.876759844420226e-99
48.8123567843,2.4624080541,1.0096986978444124e-98
48.8172506749,2.4624080541,8.278748255524198e-99
48.8221445655,2.4624080541,1.5857044649333534e-99
48.8270384561,2.4624080541,7.095197905844506e-101
48.8319323467,2.4624080541,7.416371400877232e-103
48.8368262373,2.4624080541,1.810936071666181e-105
48.8417201279,2.4624080541,1.0329979520720944e-108
48.8466140185,2.4624080541,1.3765135592809442e-112
48.8515079091,2.4624080541,4.284954543501995e-117
48.8564017997,2.4624080541,3.1159941713394967e-122
48.8612956903,2.4624080541,5.293363839753889e-128
48.8661895809,2.4624080541,2.1006395990201156e-134
48.8710834715,2.4624080541,1.951339040807684e-141
48.8759773621,2.4624080541,1.5849027536350238e-143
48.8808712527,2.4624080541,1.718342335740334e-143
48.8857651433,2.4624080541,5.0151242164576345e-144
48.8906590339,2.4624080541,3.940192831437185e-145
48.8955529245,2.4624080541,8.333300388706068e-147
48.9004468151,2.4624080541,4.7443899331201225e-149
48.9053407057,2.4624080541,7.271223476615101e-152
48.9102345963,2.4624080541,2.9998420446000704e-155
48.9151284869,2.4624080541,3.3316015927990806e-159
48.9200223775,2.4624080541,9.96027920252596e-164
48.9249162681,2.4624080541,8.015926793419303e-169
48.9298101587,2.4624080541,1.7365998141762835e-174
48.9347040493,2.4624080541,1.012766987145525e-180
48.9395979399,2.4624080541,1.5899486587763532e-187
48.9444918305,2.4624080541,6.719244480390911e-195
48.9493857211,2.4624080541,7.644015587328416e-203
48.9542796117,2.4624080541,2.34091941152149e-211
48.9591735023,2.4624080541,1.9298126109144217e-220
48.9640673929,2.4624080541,4.282600816526924e-230
48.9689612835,2.4624080541,2.5583727995728434e-240
48.9738551741,2.4624080541,4.114185230721138e-251
48.9787490647,2.4624080541,1.781015219926352e-262
48.7389484253,2.4673019447,1.9545085941358049e-177
48.7438423159,2.4673019447,4.276643047412814e-168
48.7487362065,2.4673019447,2.1860148807747577e-159
48.7536300971,2.4673019447,2.6102849356005158e-151
48.7585239877,2.4673019447,7.281274636143108e-144
48.7634178783,2.4673019447,4.744731044389753e-137
48.7683117689,2.4673019447,7.222715007020456e-131
48.7732056595,2.4673019447,2.568467356101047e-125
48.7780995501,2.4673019447,2.133694875455674e-120
48.7829934407,2.4673019447,4.140714336450947e-116
48.7878873313,2.4673019447,1.877167031008682e-112
48.7927812219,2.4673019447,1.9879948644957732e-109
48.7976751125,2.4673019447,4.918269136852135e-107
48.8025690031,2.4673019447,2.8424577289804066e-105
48.8074628937,2.4673019447,3.83760641526822e-104
48.8123567843,2.4673019447,1.2103515764502383e-103
48.8172506749,2.4673019447,8.917586713139014e-104
48.8221445655,2.4673019447,1.5348566989554614e-104
48.8270384561,2.4673019447,6.171248280019879e-106
48.8319323467,2.4673019447,5.7964607104070166e-108
48.8368262373,2.4673019447,1.2718546024478882e-110
48.8417201279,2.4673019447,6.51923636702809e-114
48.8466140185,2.4673019447,7.806218103817867e-118
48.8515079091,2.4673019447,2.1835811021970102e-122
48.8564017997,2.4673019447,1.4268642768746671e-127
48.8612956903,2.4673019447,2.1781144448728203e-133
48.8661895809,2.4673019447,7.767180852793163e-140
48.8710834715,2.4673019447,6.470624974036147e-147
48.8759773621,2.4673019447,1.1931721498955328e-150
48.8808712527,2.4673019447,1.670199251907466e-150
48.8857651433,2.4673019447,6.29423674422401e-151
48.8906590339,2.4673019447,6.385304921914476e-152
48.8955529245,2.4673019447,1.743749061144702e-153
48.9004468151,2.4673019447,1.2818880840608187e-155
48.9053407057,2.4673019447,2.5367636881038716e-158
48.9102345963,2.4673019447,1.3513681924655917e-161
48.9151284869,2.4673019447,1.937899055025226e-165
48.9200223775,2.4673019447,7.480874818277609e-170
48.9249162681,2.4673019447,7.773872299719567e-175
48.9298101587,2.4673019447,2.1746341069761e-180
48.9347040493,2.4673019447,1.637565825416296e-186
48.9395979399,2.4673019447,3.319518671371486e-193
48.9444918305,2.4673019447,1.8114036701982278e-200
48.9493857211,2.4673019447,2.6608423804370666e-208
48.9542796117,2.4673019447,1.052172224809746e-216
48.9591735023,2.4673019447,1.1200007031929637e-225
48.9640673929,2.4673019447,3.209323792049263e-235
48.9689612835,2.4673019447,2.4755548560348175e-245
48.9738551741,2.4673019447,5.1403814910847427e-256
48.9787490647,2.4673019447,2.8733063072218975e-267
