LATITUDE,LONGITUDE,probability
48.7389484253,2.2275013053,6.72043322608653e-22
48.7438423159,2.2275013053,3.882290293703583e-20
48.7487362065,2.2275013053,1.816141504458595e-18
48.7536300971,2.2275013053,6.879902798968186e-17
48.7585239877,2.2275013053,2.1105024612921654e-15
48.7634178783,2.2275013053,5.2427646810094003e-14
48.7683117689,2.2275013053,1.0546438117061599e-12
48.7732056595,2.2275013053,1.7179961803632027e-11
48.7780995501,2.2275013053,2.2662588898546708e-10
48.7829934407,2.2275013053,2.420849489533262e-09
48.7878873313,2.2275013053,2.0940979854470458e-08
48.7927812219,2.2275013053,1.466888657580923e-07
48.7976751125,2.2275013053,8.320860554556828e-07
48.8025690031,2.2275013053,3.822172699546241e-06
48.8074628937,2.2275013053,1.4217544126915149e-05
48.8123567843,2.2275013053,4.282997854698021e-05
48.8172506749,2.2275013053,0.00010465528796724024
48.8221445655,2.2275013053,0.00021114527672440282
48.8270384561,2.2275013053,0.00039248186076721946
48.8319323467,2.2275013053,0.0008503677242077675
48.8368262373,2.2275013053,0.001956021320663641
48.8417201279,2.2275013053,0.003392423408256236
48.8466140185,2.2275013053,0.004317625866383456
48.8515079091,2.2275013053,0.004118779058495548
48.8564017997,2.2275013053,0.0021838849621771224
48.8612956903,2.2275013053,0.0004974164422536368
48.8661895809,2.2275013053,4.738201033769796e-05
48.8710834715,2.2275013053,2.9786013030286864e-06
48.8759773621,2.2275013053,3.457367592037421e-07
48.8808712527,2.2275013053,7.987628083202126e-08
48.8857651433,2.2275013053,1.9331701713522445e-06
48.8906590339,2.2275013053,4.1490080288579974e-05
48.8955529245,2.2275013053,0.0002788275154836074
48.9004468151,2.2275013053,0.0005847633618633972
48.9053407057,2.2275013053,0.00038271104251009884
48.9102345963,2.2275013053,7.816423209352627e-05
48.9151284869,2.2275013053,4.98185828124155e-06
48.9200223775,2.2275013053,9.90879636491305e-08
48.9249162681,2.2275013053,6.150305215812705e-10
48.9298101587,2.2275013053,1.1912932092417137e-12
48.9347040493,2.2275013053,7.200902519861083e-16
48.9395979399,2.2275013053,1.3583260018802361e-19
48.9444918305,2.2275013053,8.004231378793512e-24
48.9493857211,2.2275013053,2.159155100544784e-28
48.9542796117,2.2275013053,4.586679319214879e-31
48.9591735023,2.2275013053,2.4587410981314552e-33
48.9640673929,2.2275013053,1.069290334305027e-35
48.9689612835,2.2275013053,3.765820661251768e-38
48.9738551741,2.2275013053,2.481207455361161e-40
48.9787490647,2.2275013053,1.890763735909567e-38
48.7389484253,2.2323951959,2.748992275456093e-23
48.7438423159,2.2323951959,1.8661754969057646e-21
48.7487362065,2.2323951959,1.0258937586583326e-19
48.7536300971,2.2323951959,4.566918213125328e-18
48.7585239877,2.2323951959,1.6463229110917985e-16
48.7634178783,2.2323951959,4.805933439312401e-15
48.7683117689,2.2323951959,1.1360865617635891e-13
48.7732056595,2.2323951959,2.1747835307873976e-12
48.7780995501,2.2323951959,3.371254892990932e-11
48.7829934407,2.2323951959,4.231926201392916e-10
48.7878873313,2.2323951959,4.301852575619944e-09
48.7927812219,2.2323951959,3.5411465640913784e-08
48.7976751125,2.2323951959,2.3604957783348908e-07
48.8025690031,2.2323951959,1.2741887974565926e-06
48.8074628937,2.2323951959,5.569870664157458e-06
48.8123567843,2.2323951959,1.972610193358836e-05
48.8172506749,2.2323951959,5.6954586496682136e-05
48.8221445655,2.2323951959,0.00014070602201704462
48.8270384561,2.2323951959,0.0003536502324313721
48.8319323467,2.2323951959,0.001003629183164478
48.8368262373,2.2323951959,0.002437466603296515
48.8417201279,2.2323951959,0.004281240780467653
48.8466140185,2.2323951959,0.006241107495660965
48.8515079091,2.2323951959,0.006470988115959024
48.8564017997,2.2323951959,0.0032115532460811496
48.8612956903,2.2323951959,0.0006489341867356441
48.8661895809,2.2323951959,6.159408317201754e-05
48.8710834715,2.2323951959,6.541860421812264e-06
48.8759773621,2.2323951959,1.2502028964712654e-06
48.8808712527,2.2323951959,2.5948798090779383e-07
48.8857651433,2.2323951959,2.140126621628388e-06
48.8906590339,2.2323951959,4.509305451494497e-05
48.8955529245,2.2323951959,0.00030125979498335883
48.9004468151,2.2323951959,0.0006281417187664305
48.9053407057,2.2323951959,0.00040871527984564024
48.9102345963,2.2323951959,8.29908779689888e-05
48.9151284869,2.2323951959,5.258793001693745e-06
48.9200223775,2.2323951959,1.0398914918336814e-07
48.9249162681,2.2323951959,6.417061572060979e-10
48.9298101587,2.2323951959,1.2357500800869876e-12
48.9347040493,2.2323951959,7.426296249841021e-16
48.9395979399,2.2323951959,1.3929566158006028e-19
48.9444918305,2.2323951959,8.453511000211408e-24
48.9493857211,2.2323951959,3.0637944772635894e-27
48.9542796117,2.2323951959,2.271824856293869e-29
48.9591735023,2.2323951959,1.4337024426687942e-31
48.9640673929,2.2323951959,7.327070327568918e-34
48.9689612835,2.2323951959,3.033774364638658e-36
48.9738551741,2.2323951959,1.9938754276921085e-37
48.9787490647,2.2323951959,2.0038090210032223e-35
48.7389484253,2.2372890865,9.893672353057054e-25
48.7438423159,2.2372890865,7.892683987707185e-23
48.7487362065,2.2372890865,5.0987397698129005e-21
48.7536300971,2.2372890865,2.667300343360617e-19
48.7585239877,2.2372890865,1.1299310326618257e-17
48.7634178783,2.2372890865,3.876170691291529e-16
48.7683117689,2.2372890865,1.0767745742186773e-14
48.7732056595,2.2372890865,2.4222425689735353e-13
48.7780995501,2.2372890865,4.412466426964289e-12
48.7829934407,2.2372890865,6.50902796365384e-11
48.7878873313,2.2372890865,7.775383206486998e-10
48.7927812219,2.2372890865,7.521395225739222e-09
48.7976751125,2.2372890865,5.891773508583386e-08
48.8025690031,2.2372890865,3.7373856670697303e-07
48.8074628937,2.2372890865,1.920185591497801e-06
48.8123567843,2.2372890865,8.012917228740257e-06
48.8172506749,2.2372890865,2.787443405883923e-05
48.8221445655,2.2372890865,9.156807435090124e-05
48.8270384561,2.2372890865,0.0003389173868822878
48.8319323467,2.2372890865,0.0011908492403435607
48.8368262373,2.2372890865,0.002962626005853104
48.8417201279,2.2372890865,0.005557058172798133
48.8466140185,2.2372890865,0.009220551804514138
48.8515079091,2.2372890865,0.009381367751893209
48.8564017997,2.2372890865,0.0041194581233169715
48.8612956903,2.2372890865,0.0007443503919028108
48.8661895809,2.2372890865,8.359468240908741e-05
48.8710834715,2.2372890865,1.6082274189996523e-05
48.8759773621,2.2372890865,4.097795825320895e-06
48.8808712527,2.2372890865,9.210583943653001e-07
48.8857651433,2.2372890865,2.451932855061413e-06
48.8906590339,2.2372890865,4.889671690690694e-05
48.8955529245,2.2372890865,0.0003246604487730202
48.9004468151,2.2372890865,0.0006730007707921083
48.9053407057,2.2372890865,0.00043536257745530965
48.9102345963,2.2372890865,8.788868845689217e-05
48.9151284869,2.2372890865,5.53682903849062e-06
48.9200223775,2.2372890865,1.0885176634080584e-07
48.9249162681,2.2372890865,6.678149104694418e-10
48.9298101587,2.2372890865,1.2785670953708247e-12
48.9347040493,2.2372890865,7.639387590362309e-16
48.9395979399,2.2372890865,1.43113573778366e-19
48.9444918305,2.2372890865,1.786253784037277e-23
48.9493857211,2.2372890865,1.084451113618615e-25
48.9542796117,2.2372890865,9.918020814297751e-28
48.9591735023,2.2372890865,7.355517988589128e-30
48.9640673929,2.2372890865,4.41746347809354e-32
48.9689612835,2.2372890865,2.166430665031094e-34
48.9738551741,2.2372890865,1.8423488466357187e-34
48.9787490647,2.2372890865,1.5306459055302557e-32
48.7389484253,2.2421829771,3.1329198418448613e-26
48.7438423159,2.2421829771,2.93700510593759e-24
48.7487362065,2.2421829771,2.22962107797691e-22
48.7536300971,2.2421829771,1.370655656792105e-20
48.7585239877,2.2421829771,6.823333613332829e-19
48.7634178783,2.2421829771,2.750652895613091e-17
48.7683117689,2.2421829771,8.979371016039495e-16
48.7732056595,2.2421829771,2.3737063090634177e-14
48.7780995501,2.2421829771,5.081348636900969e-13
48.7829934407,2.2421829771,8.808499705876176e-12
48.7878873313,2.2421829771,1.2365048866236775e-10
48.7927812219,2.2421829771,1.4055966170821361e-09
48.7976751125,2.2421829771,1.2938917589948954e-08
48.8025690031,2.2421829771,9.646002909076607e-08
48.8074628937,2.2421829771,5.833348724393533e-07
48.8123567843,2.2421829771,2.912842620699883e-06
48.8172506749,2.2421829771,1.3338309919628963e-05
48.8221445655,2.2421829771,6.955874135201865e-05
48.8270384561,2.2421829771,0.00037498971010566676
48.8319323467,2.2421829771,0.001444979552137992
48.8368262373,2.2421829771,0.003565892624870412
48.8417201279,2.2421829771,0.007271627435085135
48.8466140185,2.2421829771,0.012719275093483086
48.8515079091,2.2421829771,0.011775872311047594
48.8564017997,2.2421829771,0.0044815187108124665
48.8612956903,2.2421829771,0.0007620422535444463
48.8661895809,2.2421829771,0.00012465306019405318
48.8710834715,2.2421829771,3.824408642995883e-05
48.8759773621,2.2421829771,1.1886128892552169e-05
48.8808712527,2.2421829771,3.0655448765680972e-06
48.8857651433,2.2421829771,3.1220632386967015e-06
48.8906590339,2.2421829771,5.29460965207501e-05
48.8955529245,2.2421829771,0.0003489870187359092
48.9004468151,2.2421829771,0.0007192079218708064
48.9053407057,2.2421829771,0.00046255325268941696
48.9102345963,2.2421829771,9.283590404259621e-05
48.9151284869,2.2421829771,5.814555405631081e-06
48.9200223775,2.2421829771,1.1364840636710116e-07
48.9249162681,2.2421829771,6.931973637332747e-10
48.9298101587,2.2421829771,1.3194897557670252e-12
48.9347040493,2.2421829771,7.845569052598253e-16
48.9395979399,2.2421829771,1.6151135042306472e-19
48.9444918305,2.2421829771,2.7475705633312173e-22
48.9493857211,2.2421829771,3.540064030816672e-24
48.9542796117,2.2421829771,3.809767043996086e-26
48.9591735023,2.2421829771,3.3202841971253897e-28
48.9640673929,2.2421829771,2.343290373241939e-30
48.9689612835,2.2421829771,1.4995059626174237e-32
48.9738551741,2.2421829771,1.2816549742888603e-31
48.9787490647,2.2421829771,8.427298222934642e-30
48.7389484253,2.2470768677,8.728684535010023e-28
48.7438423159,2.2470768677,9.615955472235307e-26
48.7487362065,2.2470768677,8.578414576635521e-24
48.7536300971,2.2470768677,6.197157871118651e-22
48.7585239877,2.2470768677,3.625342399768191e-20
48.7634178783,2.2470768677,1.7174197082350497e-18
48.7683117689,2.2470768677,6.588321682247347e-17
48.7732056595,2.2470768677,2.0466524095252708e-15
48.7780995501,2.2470768677,5.148542805269294e-14
48.7829934407,2.2470768677,1.0488068286833141e-12
48.7878873313,2.2470768677,1.7301256391695103e-11
48.7927812219,2.2470768677,2.311168081561406e-10
48.7976751125,2.2470768677,2.5002483071989895e-09
48.8025690031,2.2470768677,2.1931388294401638e-08
48.8074628937,2.2470768677,1.5842765738391852e-07
48.8123567843,2.2470768677,1.0507310974934441e-06
48.8172506749,2.2470768677,8.394393345146071e-06
48.8221445655,2.2470768677,7.48393205734404e-05
48.8270384561,2.2470768677,0.00047848082214630686
48.8319323467,2.2470768677,0.0017875845963504309
48.8368262373,2.2470768677,0.00425477844097027
48.8417201279,2.2470768677,0.009130895008576915
48.8466140185,2.2470768677,0.015421597959239043
48.8515079091,2.2470768677,0.012459338647470277
48.8564017997,2.2470768677,0.004113446665910572
48.8612956903,2.2470768677,0.0007293651808784921
48.8661895809,2.2470768677,0.00019648301351185752
48.8710834715,2.2470768677,8.234469772807e-05
48.8759773621,2.2470768677,3.0367467461183392e-05
48.8808712527,2.2470768677,9.135468940748242e-06
48.8857651433,2.2470768677,4.914431385150211e-06
48.8906590339,2.2470768677,5.741687288530328e-05
48.8955529245,2.2470768677,0.0003742119873829789
48.9004468151,2.2470768677,0.0007666144487390221
48.9053407057,2.2470768677,0.0004901774064854507
48.9102345963,2.2470768677,9.780916361649345e-05
48.9151284869,2.2470768677,6.090494268827603e-06
48.9200223775,2.2470768677,1.1835113708687881e-07
48.9249162681,2.2470768677,7.177030776257281e-10
48.9298101587,2.2470768677,1.3586346608657313e-12
48.9347040493,2.2470768677,8.162505022864984e-16
48.9395979399,2.2470768677,4.858073123725956e-19
48.9444918305,2.2470768677,6.527225066942656e-21
48.9493857211,2.2470768677,1.0180906584178863e-22
48.9542796117,2.2470768677,1.2875969380082906e-24
48.9591735023,2.2470768677,1.3186969886965968e-26
48.9640673929,2.2470768677,1.0937905889322273e-28
48.9689612835,2.2470768677,1.758582725323706e-30
48.9738551741,2.2470768677,6.450166719572741e-29
48.9787490647,2.2470768677,3.344235187522835e-27
48.7389484253,2.2519707583,2.139715671891788e-29
48.7438423159,2.2519707583,2.7700521213340488e-27
48.7487362065,2.2519707583,2.903960840346236e-25
48.7536300971,2.2519707583,2.4652701205566177e-23
48.7585239877,2.2519707583,1.694763921142053e-21
48.7634178783,2.2519707583,9.434629489169463e-20
48.7683117689,2.2519707583,4.253157157995855e-18
48.7732056595,2.2519707583,1.5526335031127995e-16
48.7780995501,2.2519707583,4.589838637808565e-15
48.7829934407,2.2519707583,1.0987448020381331e-13
48.7878873313,2.2519707583,2.1299420460608864e-12
48.7927812219,2.2519707583,3.343738026927829e-11
48.7976751125,2.2519707583,4.256087326616338e-10
48.8025690031,2.2519707583,4.470122144767276e-09
48.8074628937,2.2519707583,4.458178145873655e-08
48.8123567843,2.2519707583,6.071375493689246e-07
48.8172506749,2.2519707583,9.708619253172809e-06
48.8221445655,2.2519707583,0.00010684367096635409
48.8270384561,2.2519707583,0.0006566994255721628
48.8319323467,2.2519707583,0.0022157212310383633
48.8368262373,2.2519707583,0.004944850491518456
48.8417201279,2.2519707583,0.010450626462144352
48.8466140185,2.2519707583,0.01593075523607663
48.8515079091,2.2519707583,0.010998340038314512
48.8564017997,2.2519707583,0.003209405633047244
48.8612956903,2.2519707583,0.000690332512238023
48.8661895809,2.2519707583,0.0003010527636619987
48.8710834715,2.2519707583,0.000157181658595642
48.8759773621,2.2519707583,6.827609263834239e-05
48.8808712527,2.2519707583,2.4075313861202133e-05
48.8857651433,2.2519707583,9.779851573922757e-06
48.8906590339,2.2519707583,6.287297494200537e-05
48.8955529245,2.2519707583,0.00040039136863246054
48.9004468151,2.2519707583,0.0008150693759714526
48.9053407057,2.2519707583,0.0005181174871230202
48.9102345963,2.2519707583,0.00010278390110513763
48.9151284869,2.2519707583,6.363135278981054e-06
48.9200223775,2.2519707583,1.2293338252833012e-07
48.9249162681,2.2519707583,7.412855081233548e-10
48.9298101587,2.2519707583,1.4007844640745595e-12
48.9347040493,2.2519707583,1.0399676916079705e-15
48.9395979399,2.2519707583,6.343482146038474e-18
48.9444918305,2.2519707583,1.4037894317366216e-19
48.9493857211,2.2519707583,2.5762433230657685e-21
48.9542796117,2.2519707583,3.8288575950038627e-23
48.9591735023,2.2519707583,4.608107659618558e-25
48.9640673929,2.2519707583,4.498858279254975e-27
48.9689612835,2.2519707583,5.069529970292234e-28
48.9738551741,2.2519707583,2.3405934853830707e-26
48.9787490647,2.2519707583,9.565331702247462e-25
48.7389484253,2.2568646489,4.614993486990588e-31
48.7438423159,2.2568646489,7.020874228539625e-29
48.7487362065,2.2568646489,8.649325385906017e-27
48.7536300971,2.2568646489,8.62867714197786e-25
48.7585239877,2.2568646489,6.970712078276395e-23
48.7634178783,2.2568646489,4.560169775653357e-21
48.7683117689,2.2568646489,2.415771316385979e-19
48.7732056595,2.2568646489,1.0363383522711568e-17
48.7780995501,2.2568646489,3.600130724501419e-16
48.7829934407,2.2568646489,1.012759860753386e-14
48.7878873313,2.2568646489,2.3072269088261944e-13
48.7927812219,2.2568646489,4.263116413676939e-12
48.7976751125,2.2568646489,6.55375128201435e-11
48.8025690031,2.2568646489,1.0475508761389628e-09
48.8074628937,2.2568646489,2.811798883493753e-08
48.8123567843,2.2568646489,8.518474365444651e-07
48.8172506749,2.2568646489,1.6251374635985907e-05
48.8221445655,2.2568646489,0.00016750941147574384
48.8270384561,2.2568646489,0.0009104443397314067
48.8319323467,2.2568646489,0.002696554642515739
48.8368262373,2.2568646489,0.00544960250988758
48.8417201279,2.2568646489,0.01052289470054372
48.8466140185,2.2568646489,0.013825642074706563
48.8515079091,2.2568646489,0.008076581631362814
48.8564017997,2.2568646489,0.00216960316703551
48.8612956903,2.2568646489,0.0006625752813529828
48.8661895809,2.2568646489,0.00042271002726199824
48.8710834715,2.2568646489,0.00026446756256455625
48.8759773621,2.2568646489,0.00013506753176678585
48.8808712527,2.2568646489,5.591456829092705e-05
48.8857651433,2.2568646489,2.1874503862730067e-05
48.8906590339,2.2568646489,7.083191558302369e-05
48.8955529245,2.2568646489,0.0004278620773721634
48.9004468151,2.2568646489,0.000864469090089438
48.9053407057,2.2568646489,0.000546258081059804
48.9102345963,2.2568646489,0.00010773582781828172
48.9151284869,2.2568646489,6.631092996307664e-06
48.9200223775,2.2568646489,1.2738273830180774e-07
48.9249162681,2.2568646489,7.648669029136474e-10
48.9298101587,2.2568646489,1.5026436552571454e-12
48.9347040493,2.2568646489,3.8695397245771084e-15
48.9395979399,2.2568646489,1.0000624975028863e-16
48.9444918305,2.2568646489,2.659484251975586e-18
48.9493857211,2.2568646489,5.735821947140704e-20
48.9542796117,2.2568646489,1.0017659103504702e-21
48.9591735023,2.2568646489,1.4168031916846686e-23
48.9640673929,2.2568646489,1.655557838579854e-25
48.9689612835,2.2568646489,1.5797704483819445e-25
48.9738551741,2.2568646489,6.1220250339040825e-24
48.9787490647,2.2568646489,1.9719596516198876e-22
48.7389484253,2.2617585395,8.75777679705264e-33
48.7438423159,2.2617585395,1.5656771041751066e-30
48.7487362065,2.2617585395,2.266634373020191e-28
48.7536300971,2.2617585395,2.657245509571902e-26
48.7585239877,2.2617585395,2.5226258093500674e-24
48.7634178783,2.2617585395,1.9392996953703932e-22
48.7683117689,2.2617585395,1.2072798867925521e-20
48.7732056595,2.2617585395,6.086140194156999e-19
48.7780995501,2.2617585395,2.4845490988712916e-17
48.7829934407,2.2617585395,8.214085069638921e-16
48.7878873313,2.2617585395,2.204720130091417e-14
48.7927812219,2.2617585395,5.038245188516389e-13
48.7976751125,2.2617585395,1.477838964978795e-11
48.8025690031,2.2617585395,9.059987072725893e-10
48.8074628937,2.2617585395,5.1668697749689245e-08
48.8123567843,2.2617585395,1.6862310497219024e-06
48.8172506749,2.2617585395,2.9081205785424266e-05
48.8221445655,2.2617585395,0.0002620021354728454
48.8270384561,2.2617585395,0.0012352847328368306
48.8319323467,2.2617585395,0.003173416503605197
48.8368262373,2.2617585395,0.0055757334026047154
48.8417201279,2.2617585395,0.00916524085106949
48.8466140185,2.2617585395,0.010032206125646426
48.8515079091,2.2617585395,0.0049402925795476735
48.8564017997,2.2617585395,0.0013122458889973235
48.8612956903,2.2617585395,0.0006285565947950258
48.8661895809,2.2617585395,0.0005295947711857369
48.8710834715,2.2617585395,0.00039167906709882013
48.8759773621,2.2617585395,0.00023509504733137932
48.8808712527,2.2617585395,0.0001143227980341581
48.8857651433,2.2617585395,4.838157410763952e-05
48.8906590339,2.2617585395,8.470071005823659e-05
48.8955529245,2.2617585395,0.00045770238190606584
48.9004468151,2.2617585395,0.0009149061879213903
48.9053407057,2.2617585395,0.000574521092609737
48.9102345963,2.2617585395,0.00011264713762229073
48.9151284869,2.2617585395,6.893926645504143e-06
48.9200223775,2.2617585395,1.3178558113923398e-07
48.9249162681,2.2617585395,7.972885163228217e-10
48.9298101587,2.2617585395,2.2263096823869675e-12
48.9347040493,2.2617585395,3.749531841662892e-14
48.9395979399,2.2617585395,1.4166233932581067e-15
48.9444918305,2.2617585395,4.4332725617073797e-17
48.9493857211,2.2617585395,1.1236012721387651e-18
48.9542796117,2.2617585395,2.3060623499837256e-20
48.9591735023,2.2617585395,3.832884030952393e-22
48.9640673929,2.2617585395,6.157416938518434e-24
48.9689612835,2.2617585395,3.748268800560567e-23
48.9738551741,2.2617585395,1.154148688013495e-21
48.9787490647,2.2617585395,2.930156253085493e-20
48.7389484253,2.2666524301,1.4622593519661664e-34
48.7438423159,2.2666524301,3.0719982453558546e-32
48.7487362065,2.2666524301,5.2262293020318836e-30
48.7536300971,2.2666524301,7.1999072099879495e-28
48.7585239877,2.2666524301,8.032232663116464e-26
48.7634178783,2.2666524301,7.256322928443674e-24
48.7683117689,2.2666524301,5.308451797963053e-22
48.7732056595,2.2666524301,3.1447869369373085e-20
48.7780995501,2.2666524301,1.5088640861487467e-18
48.7829934407,2.2666524301,5.894258432900564e-17
48.7878873313,2.2666524301,2.0963486936086313e-15
48.7927812219,2.2666524301,1.4592710974541804e-13
48.7976751125,2.2666524301,2.114535814594533e-11
48.8025690031,2.2666524301,2.1577176214050523e-09
48.8074628937,2.2666524301,1.1855023813360878e-07
48.8123567843,2.2666524301,3.406249072839474e-06
48.8172506749,2.2666524301,5.099446584598326e-05
48.8221445655,2.2666524301,0.00039763322216828425
48.8270384561,2.2666524301,0.0016207298515835866
48.8319323467,2.2666524301,0.0035834999683479396
48.8368262373,2.2666524301,0.0052614570710294364
48.8417201279,2.2666524301,0.00690093522213259
48.8466140185,2.2666524301,0.00609689949589214
48.8515079091,2.2666524301,0.0025304951303170057
48.8564017997,2.2666524301,0.0007399595543432347
48.8612956903,2.2666524301,0.0005622464879382094
48.8661895809,2.2666524301,0.0005863272378444582
48.8710834715,2.2666524301,0.0005104273223312327
48.8759773621,2.2666524301,0.0003600345713270948
48.8808712527,2.2666524301,0.0002057045601830159
48.8857651433,2.2666524301,9.8775489151877e-05
48.8906590339,2.2666524301,0.00011073044167547742
48.8955529245,2.2666524301,0.0004925606447707844
48.9004468151,2.2666524301,0.0009670362420502855
48.9053407057,2.2666524301,0.0006029754207113694
48.9102345963,2.2666524301,0.00011753031585631309
48.9151284869,2.2666524301,7.156024813232463e-06
48.9200223775,2.2666524301,1.368175139430483e-07
48.9249162681,2.2666524301,9.038404992940924e-10
48.9298101587,2.2666524301,8.425783467986177e-12
48.9347040493,2.2666524301,3.9010047918307265e-13
48.9395979399,2.2666524301,1.767905591325022e-14
48.9444918305,2.2666524301,6.502201792496898e-16
48.9493857211,2.2666524301,1.936584891483871e-17
48.9542796117,2.2666524301,4.670718704030737e-19
48.9591735023,2.2666524301,9.12833604174907e-21
48.9640673929,2.2666524301,3.6282628220195077e-22
48.9689612835,2.2666524301,6.454160870311159e-21
48.9738551741,2.2666524301,1.5682802392974647e-19
48.9787490647,2.2666524301,3.1381832587467858e-18
48.7389484253,2.2715463207,2.1481405727788794e-36
48.7438423159,2.2715463207,5.30331570188705e-34
48.7487362065,2.2715463207,1.0602376096632699e-31
48.7536300971,2.2715463207,1.7164449220003466e-29
48.7585239877,2.2715463207,2.250232952445698e-27
48.7634178783,2.2715463207,2.3888894523315692e-25
48.7683117689,2.2715463207,2.0537043784369127e-23
48.7732056595,2.2715463207,1.4302284729439384e-21
48.7780995501,2.2715463207,8.18587355033927e-20
48.7829934407,2.2715463207,5.2539171117126054e-18
48.7878873313,2.2715463207,1.1601382387862902e-15
48.7927812219,2.2715463207,3.508524812278821e-13
48.7976751125,2.2715463207,6.122883444428233e-11
48.8025690031,2.2715463207,5.611792380207938e-09
48.8074628937,2.2715463207,2.680363368405861e-07
48.8123567843,2.2715463207,6.665883174087634e-06
48.8172506749,2.2715463207,8.63059453138102e-05
48.8221445655,2.2715463207,0.0005818636792217778
48.8270384561,2.2715463207,0.0020487964843923807
48.8319323467,2.2715463207,0.0038784034277309053
48.8368262373,2.2715463207,0.0046229551286726565
48.8417201279,2.2715463207,0.004564754495877784
48.8466140185,2.2715463207,0.0031331026214152973
48.8515079091,2.2715463207,0.0010976939974231131
48.8564017997,2.2715463207,0.0004023849815775359
48.8612956903,2.2715463207,0.00045727163578893596
48.8661895809,2.2715463207,0.000571851165670148
48.8710834715,2.2715463207,0.0005852651707695457
48.8759773621,2.2715463207,0.0004851240395717295
48.8808712527,2.2715463207,0.0003256891981289153
48.8857651433,2.2715463207,0.0001809091268278374
48.8906590339,2.2715463207,0.00015785818816878395
48.8955529245,2.2715463207,0.0005376547806719417
48.9004468151,2.2715463207,0.0010227887196967592
48.9053407057,2.2715463207,0.0006321217337390877
48.9102345963,2.2715463207,0.00012250656870445685
48.9151284869,2.2715463207,7.4424975211261885e-06
48.9200223775,2.2715463207,1.4619544070579727e-07
48.9249162681,2.2715463207,1.4994218993559855e-09
48.9298101587,2.2715463207,5.6696815089220824e-11
48.9347040493,2.2715463207,3.638244151062944e-12
48.9395979399,2.2715463207,1.9413830866245037e-13
48.9444918305,2.2715463207,8.390817646196009e-15
48.9493857211,2.2715463207,2.9367610582501123e-16
48.9542796117,2.2715463207,8.323495226780993e-18
48.9591735023,2.2715463207,1.9225278980952776e-19
48.9640673929,2.2715463207,3.800606393531449e-20
48.9689612835,2.2715463207,8.018178209854375e-19
48.9738551741,2.2715463207,1.535961899457694e-17
48.9787490647,2.2715463207,2.4224821629840635e-16
48.7389484253,2.2764402113,2.776570743973564e-38
48.7438423159,2.2764402113,8.055300643181917e-36
48.7487362065,2.2764402113,1.8924556312426846e-33
48.7536300971,2.2764402113,3.6003158329167477e-31
48.7585239877,2.2764402113,5.54659544572275e-29
48.7634178783,2.2764402113,6.919739272270022e-27
48.7683117689,2.2764402113,6.998495819816039e-25
48.7732056595,2.2764402113,6.035849565913013e-23
48.7780995501,2.2764402113,1.0366350513427379e-20
48.7829934407,2.2764402113,7.308953934086115e-18
48.7878873313,2.2764402113,4.00490330362602e-15
48.7927812219,2.2764402113,1.170228617741059e-12
48.7976751125,2.2764402113,1.7831780652096773e-10
48.8025690031,2.2764402113,1.414793270200792e-08
48.8074628937,2.2764402113,5.843848301883935e-07
48.8123567843,2.2764402113,1.2566183504171251e-05
48.8172506749,2.2764402113,0.0001406720671069173
48.8221445655,2.2764402113,0.0008199293810502731
48.8270384561,2.2764402113,0.0024935239598463345
48.8319323467,2.2764402113,0.004034035834043735
48.8368262373,2.2764402113,0.003862536776791162
48.8417201279,2.2764402113,0.002750639037341906
48.8466140185,2.2764402113,0.0013941590752935044
48.8515079091,2.2764402113,0.0004120373234425639
48.8564017997,2.2764402113,0.00021235332657164983
48.8612956903,2.2764402113,0.0003316232345398149
48.8661895809,2.2764402113,0.0004908816576887491
48.8710834715,2.2764402113,0.0005904465373454289
48.8759773621,2.2764402113,0.0005751341923120053
48.8808712527,2.2764402113,0.0004537219210068135
48.8857651433,2.2764402113,0.00029395180875601504
48.8906590339,2.2764402113,0.00023477983947371627
48.8955529245,2.2764402113,0.0006010522777571371
48.9004468151,2.2764402113,0.0010863436777453007
48.9053407057,2.2764402113,0.000663483450588615
48.9102345963,2.2764402113,0.00012802114753659153
48.9151284869,2.2764402113,7.854299241573513e-06
48.9200223775,2.2764402113,1.771692117809216e-07
48.9249162681,2.2764402113,4.874315234173542e-09
48.9298101587,2.2764402113,3.876516074072331e-10
48.9347040493,2.2764402113,2.9907235210372015e-11
48.9395979399,2.2764402113,1.8757471845865826e-12
48.9444918305,2.2764402113,9.52699379494364e-14
48.9493857211,2.2764402113,3.918397229835051e-15
48.9542796117,2.2764402113,1.3051293311889497e-16
48.9591735023,2.2764402113,3.695617483135614e-18
48.9640673929,2.2764402113,3.992132590501816e-18
48.9689612835,2.2764402113,7.18093634476584e-17
48.9738551741,2.2764402113,1.084256426810276e-15
48.9787490647,2.2764402113,1.3478378257895444e-14
48.7389484253,2.2813341019,3.1576394831834508e-40
48.7438423159,2.2813341019,1.076524162607813e-37
48.7487362065,2.2813341019,2.972048981012395e-35
48.7536300971,2.2813341019,6.644453294119775e-33
48.7585239877,2.2813341019,1.2029735337578797e-30
48.7634178783,2.2813341019,1.7715863584192195e-28
48.7683117689,2.2813341019,2.628199182037021e-26
48.7732056595,2.2813341019,2.0436654204781338e-23
48.7780995501,2.2813341019,3.3211472336510526e-20
48.7829934407,2.2813341019,3.088308989302974e-17
48.7878873313,2.2813341019,1.5012040406521897e-14
48.7927812219,2.2813341019,3.799851823267012e-12
48.7976751125,2.2813341019,5.007256605678132e-10
48.8025690031,2.2813341019,3.435027887233849e-08
48.8074628937,2.2813341019,1.2267520233997424e-06
48.8123567843,2.2813341019,2.280758360486594e-05
48.8172506749,2.2813341019,0.00022074950143744933
48.8221445655,2.2813341019,0.0011123927043772525
48.8270384561,2.2813341019,0.002922087487894859
48.8319323467,2.2813341019,0.004045971381914841
48.8368262373,2.2813341019,0.003138703366714071
48.8417201279,2.2813341019,0.001597178478941097
48.8466140185,2.2813341019,0.0005650991611611399
48.8515079091,2.2813341019,0.00013906088130915032
48.8564017997,2.2813341019,0.00010645565895355886
48.8612956903,2.2813341019,0.00021264671996310122
48.8661895809,2.2813341019,0.00037077792950401486
48.8710834715,2.2813341019,0.0005241027942914009
48.8759773621,2.2813341019,0.0005999200342966546
48.8808712527,2.2813341019,0.000556153184312403
48.8857651433,2.2813341019,0.0004218576412819921
48.8906590339,2.2813341019,0.000343627797547601
48.8955529245,2.2813341019,0.0006916575809421264
48.9004468151,2.2813341019,0.0011647151256533286
48.9053407057,2.2813341019,0.0007005108468213166
48.9102345963,2.2813341019,0.00013532037970361523
48.9151284869,2.2813341019,8.727742844661251e-06
48.9200223775,2.2813341019,2.98605284256687e-07
48.9249162681,2.2813341019,2.1999052050180744e-08
48.9298101587,2.2813341019,2.378488647128788e-09
48.9347040493,2.2813341019,2.163456934271559e-10
48.9395979399,2.2813341019,1.59457664558926e-11
48.9444918305,2.2813341019,9.517332403338308e-13
48.9493857211,2.2813341019,4.599984130535133e-14
48.9542796117,2.2813341019,1.801251073730493e-15
48.9591735023,2.2813341019,7.53251071091224e-17
48.9640673929,2.2813341019,3.2213252451271456e-16
48.9689612835,2.2813341019,4.6354997769786775e-15
48.9738551741,2.2813341019,5.5166869434459434e-14
48.9787490647,2.2813341019,5.405171250388266e-13
48.7389484253,2.2862279925,3.1595417577837454e-42
48.7438423159,2.2862279925,1.2658247064711563e-39
48.7487362065,2.2862279925,4.10671581813983e-37
48.7536300971,2.2862279925,1.0791705788387527e-34
48.7585239877,2.2862279925,2.3503223706525172e-32
48.7634178783,2.2862279925,9.999181117085427e-30
48.7683117689,2.2862279925,3.515021011464467e-26
48.7732056595,2.2862279925,1.0315570279678739e-22
48.7780995501,2.2862279925,1.5992455915284848e-19
48.7829934407,2.2862279925,1.2914150029019453e-16
48.7878873313,2.2862279925,5.429066478034473e-14
48.7927812219,2.2862279925,1.1881776333719229e-11
48.7976751125,2.2862279925,1.3537346196472835e-09
48.8025690031,2.2862279925,8.029371302693182e-08
48.8074628937,2.2862279925,2.479278849208114e-06
48.8123567843,2.2862279925,3.985337217137115e-05
48.8172506749,2.2862279925,0.00033350454706308085
48.8221445655,2.2862279925,0.0014529703052955458
48.8270384561,2.2862279925,0.003297650649083962
48.8319323467,2.2862279925,0.003920101878917184
48.8368262373,2.2862279925,0.002513398072405842
48.8417201279,2.2862279925,0.0009465743044284109
48.8466140185,2.2862279925,0.0002277728156165859
48.8515079091,2.2862279925,4.477166081287574e-05
48.8564017997,2.2862279925,4.9211269217321545e-05
48.8612956903,2.2862279925,0.00012017174358384748
48.8661895809,2.2862279925,0.00024641491081910257
48.8710834715,2.2862279925,0.00040931736086979815
48.8759773621,2.2862279925,0.0005505862125435217
48.8808712527,2.2862279925,0.0005998105426955627
48.8857651433,2.2862279925,0.0005337440268543992
48.8906590339,2.2862279925,0.00047285217473496446
48.8955529245,2.2862279925,0.0008138194345291052
48.9004468151,2.2862279925,0.0012665359572700166
48.9053407057,2.2862279925,0.0007493447804825502
48.9102345963,2.2862279925,0.00014725266859173014
48.9151284869,2.2862279925,1.101007704466121e-05
48.9200223775,2.2862279925,7.467733239557546e-07
48.9249162681,2.2862279925,9.833458678590658e-08
48.9298101587,2.2862279925,1.2875780848752879e-08
48.9347040493,2.2862279925,1.3770110534244735e-09
48.9395979399,2.2862279925,1.192680937647532e-10
48.9444918305,2.2862279925,8.365316090636984e-12
48.9493857211,2.2862279925,4.751327882732678e-13
48.9542796117,2.2862279925,2.193438121697182e-14
48.9591735023,2.2862279925,2.1817399086770257e-15
48.9640673929,2.2862279925,1.8954335757327963e-14
48.9689612835,2.2862279925,2.1568033253417433e-13
48.9738551741,2.2862279925,2.0231097453763864e-12
48.9787490647,2.2862279925,1.5623417611581235e-11
48.7389484253,2.2911218831,2.7815919651613995e-44
48.7438423159,2.2911218831,1.3095878135288633e-41
48.7487362065,2.2911218831,4.999903794016341e-39
48.7536300971,2.2911218831,1.79237189690956e-36
48.7585239877,2.2911218831,4.96787497006793e-33
48.7634178783,2.2911218831,4.3639464191691263e-29
48.7683117689,2.2911218831,2.155869934171963e-25
48.7732056595,2.2911218831,5.553776923643812e-22
48.7780995501,2.2911218831,7.448577587888396e-19
48.7829934407,2.2911218831,5.200621051101457e-16
48.7878873313,2.2911218831,1.8903097606131376e-13
48.7927812219,2.2911218831,3.576898150094295e-11
48.7976751125,2.2911218831,3.523513938206363e-09
48.8025690031,2.2911218831,1.8069296111797783e-07
48.8074628937,2.2911218831,4.82394444852025e-06
48.8123567843,2.2911218831,6.704388965578718e-05
48.8172506749,2.2911218831,0.00048507901032290846
48.8221445655,2.2911218831,0.0018271401581728868
48.8270384561,2.2911218831,0.0035839097075560356
48.8319323467,2.2911218831,0.00366899628488987
48.8368262373,2.2911218831,0.001983668948449825
48.8417201279,2.2911218831,0.0005870761255453626
48.8466140185,2.2911218831,0.0001003840521597623
48.8515079091,2.2911218831,1.4736271002395674e-05
48.8564017997,2.2911218831,2.0506784041178017e-05
48.8612956903,2.2911218831,5.978355680433068e-05
48.8661895809,2.2911218831,0.00014408862004775864
48.8710834715,2.2911218831,0.00028126236043108803
48.8759773621,2.2911218831,0.00044459554280714764
48.8808712527,2.2911218831,0.0005691786060190499
48.8857651433,2.2911218831,0.0005949195800056384
48.8906590339,2.2911218831,0.0005952400641573609
48.8955529245,2.2911218831,0.0009601220908184845
48.9004468151,2.2911218831,0.0013976843100948013
48.9053407057,2.2911218831,0.0008182528339562235
48.9102345963,2.2911218831,0.00016911124626067125
48.9151284869,2.2911218831,1.6944187091807686e-05
48.9200223775,2.2911218831,2.2140162205601237e-06
48.9249162681,2.2911218831,3.9614700207103635e-07
48.9298101587,2.2911218831,6.135391061705281e-08
48.9347040493,2.2911218831,7.711442221022533e-09
48.9395979399,2.2911218831,7.84893831189884e-10
48.9444918305,2.2911218831,6.469300604458551e-11
48.9493857211,2.2911218831,4.318264900502207e-12
48.9542796117,2.2911218831,2.389524985981128e-13
48.9591735023,2.2911218831,8.405399269598328e-14
48.9640673929,2.2911218831,8.057973086792335e-13
48.9689612835,2.2911218831,7.233031409912299e-12
48.9738551741,2.2911218831,5.347555627743235e-11
48.9787490647,2.2911218831,3.254898052923743e-10
48.7389484253,2.2960157737,2.1547367736342934e-46
48.7438423159,2.2960157737,1.2052391772031881e-43
48.7487362065,2.2960157737,1.3020832402814895e-40
48.7536300971,2.2960157737,2.3485201304538585e-36
48.7585239877,2.2960157737,3.677762619627609e-32
48.7634178783,2.2960157737,3.022277342785417e-28
48.7683117689,2.2960157737,1.293135928919556e-24
48.7732056595,2.2960157737,2.880392289045138e-21
48.7780995501,2.2960157737,3.3400656102582336e-18
48.7829934407,2.2960157737,2.0162955064135942e-15
48.7878873313,2.2960157737,6.336496336903243e-13
48.7927812219,2.2960157737,1.0366687694292835e-10
48.7976751125,2.2960157737,8.829307928825987e-09
48.8025690031,2.2960157737,3.91479597168986e-07
48.8074628937,2.2960157737,9.03623305670187e-06
48.8123567843,2.2960157737,0.00010858292687778851
48.8172506749,2.2960157737,0.0006792532300657799
48.8221445655,2.2960157737,0.0022120845597553476
48.8270384561,2.2960157737,0.0037507333660497326
48.8319323467,2.2960157737,0.0033137747468394573
48.8368262373,2.2960157737,0.001531665859501921
48.8417201279,2.2960157737,0.0003748427583698592
48.8466140185,2.2960157737,4.965970506097868e-05
48.8515079091,2.2960157737,5.201685870904306e-06
48.8564017997,2.2960157737,7.6057379207845035e-06
48.8612956903,2.2960157737,2.6172011743769612e-05
48.8661895809,2.2960157737,7.413111487010061e-05
48.8710834715,2.2960157737,0.0001700477248383674
48.8759773621,2.2960157737,0.00031587316257655914
48.8808712527,2.2960157737,0.0004752264216666169
48.8857651433,2.2960157737,0.000584070535957495
48.8906590339,2.2960157737,0.0006760752604753427
48.8955529245,2.2960157737,0.001107525572719568
48.9004468151,2.2960157737,0.001554404555386514
48.9053407057,2.2960157737,0.0009142722198482369
48.9102345963,2.2960157737,0.00020856811808328505
48.9151284869,2.2960157737,3.091396225492193e-05
48.9200223775,2.2960157737,6.415527676139421e-06
48.9249162681,2.2960157737,1.411232931984017e-06
48.9298101587,2.2960157737,2.5724784167363043e-07
48.9347040493,2.2960157737,3.7996337352508275e-08
48.9395979399,2.2960157737,4.544700995451114e-09
48.9444918305,2.2960157737,4.401910640260003e-10
48.9493857211,2.2960157737,3.4547612466792635e-11
48.9542796117,2.2960157737,2.4680336139507637e-12
48.9591735023,2.2960157737,2.985833478240953e-12
48.9640673929,2.2960157737,2.4705458004157765e-11
48.9689612835,2.2960157737,1.7483375139113277e-10
48.9738551741,2.2960157737,1.0187929850070547e-09
48.9787490647,2.2960157737,4.887575791689703e-09
48.7389484253,2.3009096643,1.631315220268114e-48
48.7438423159,2.3009096643,1.6713139361603026e-44
48.7487362065,2.3009096643,7.942069079173317e-40
48.7536300971,2.3009096643,2.0811561913844836e-35
48.7585239877,2.3009096643,2.840780145297795e-31
48.7634178783,2.3009096643,2.018694704512138e-27
48.7683117689,2.3009096643,7.467918835282541e-24
48.7732056595,2.3009096643,1.4382168071677882e-20
48.7780995501,2.3009096643,1.441932569307017e-17
48.7829934407,2.3009096643,7.52595061886908e-15
48.7878873313,2.3009096643,2.0449071735547503e-12
48.7927812219,2.3009096643,2.8925551870201557e-10
48.7976751125,2.3009096643,2.1300290664293426e-08
48.8025690031,2.3009096643,8.165545953759635e-07
48.8074628937,2.3009096643,1.6295989863231752e-05
48.8123567843,2.3009096643,0.00016930589844143019
48.8172506749,2.3009096643,0.0009157128994756445
48.8221445655,2.3009096643,0.0025783611150961877
48.8270384561,2.3009096643,0.0037795450909731882
48.8319323467,2.3009096643,0.002885042453477817
48.8368262373,2.3009096643,0.0011481108894743875
48.8417201279,2.3009096643,0.00023898312577097145
48.8466140185,2.3009096643,2.6203746651827984e-05
48.8515079091,2.3009096643,1.980395320690757e-06
48.8564017997,2.3009096643,2.4966905170075995e-06
48.8612956903,2.3009096643,1.0081389771495211e-05
48.8661895809,2.3009096643,3.355669847653558e-05
48.8710834715,2.3009096643,9.045608565743987e-05
48.8759773621,2.3009096643,0.00019745508219417041
48.8808712527,2.3009096643,0.0003491224431940202
48.8857651433,2.3009096643,0.0005052057137327089
48.8906590339,2.3009096643,0.0006893830809155887
48.8955529245,2.3009096643,0.0012225817659901122
48.9004468151,2.3009096643,0.0017181157110069227
48.9053407057,2.3009096643,0.001036976235911659
48.9102345963,2.3009096643,0.00027326238371377216
48.9151284869,2.3009096643,5.973051357117182e-05
48.9200223775,2.3009096643,1.6883242246318363e-05
48.9249162681,2.3009096643,4.428451009591303e-06
48.9298101587,2.3009096643,9.490202877498719e-07
48.9347040493,2.3009096643,1.6472353302821915e-07
48.9395979399,2.3009096643,2.315301530438845e-08
48.9444918305,2.3009096643,2.635381518877606e-09
48.9493857211,2.3009096643,2.4387711716815537e-10
48.9542796117,2.3009096643,2.7918745059959316e-11
48.9591735023,2.3009096643,8.166909480526685e-11
48.9640673929,2.3009096643,5.46043725868248e-10
48.9689612835,2.3009096643,3.045966389960276e-09
48.9738551741,2.3009096643,1.3989794878161394e-08
48.9787490647,2.3009096643,5.289862520141497e-08
48.7389484253,2.3058035549,2.176626950179872e-48
48.7438423159,2.3058035549,1.8134547267086523e-43
48.7487362065,2.3058035549,7.896847085412353e-39
48.7536300971,2.3058035549,1.7902439671553163e-34
48.7585239877,2.3058035549,2.112840677036073e-30
48.7634178783,2.3058035549,1.298126769348886e-26
48.7683117689,2.3058035549,4.152056775742666e-23
48.7732056595,2.3058035549,6.913616448975527e-20
48.7780995501,2.3058035549,5.992983777972679e-17
48.7829934407,2.3058035549,2.7044362162583786e-14
48.7878873313,2.3058035549,6.353400095730647e-12
48.7927812219,2.3058035549,7.770187315715128e-10
48.7976751125,2.3058035549,4.9471216837509864e-08
48.8025690031,2.3058035549,1.6397193368053583e-06
48.8074628937,2.3058035549,2.8293212721417753e-05
48.8123567843,2.3058035549,0.0002541504210353508
48.8172506749,2.3058035549,0.0011884892204487836
48.8221445655,2.3058035549,0.002893315988938614
48.8270384561,2.3058035549,0.003666878854653979
48.8319323467,2.3058035549,0.0024194946465580865
48.8368262373,2.3058035549,0.0008313872657979985
48.8417201279,2.3058035549,0.00014888932893207914
48.8466140185,2.3058035549,1.3924234532802077e-05
48.8515079091,2.3058035549,7.95819094863232e-07
48.8564017997,2.3058035549,7.244072353163933e-07
48.8612956903,2.3058035549,3.416790134668313e-06
48.8661895809,2.3058035549,1.3364899545599751e-05
48.8710834715,2.3058035549,4.233626226737808e-05
48.8759773621,2.3058035549,0.00010860058334776346
48.8808712527,2.3058035549,0.00022568302171843945
48.8857651433,2.3058035549,0.00038534584394750226
48.8906590339,2.3058035549,0.0006321686444170862
48.8955529245,2.3058035549,0.0012759362049723755
48.9004468151,2.3058035549,0.0018578358065378423
48.9053407057,2.3058035549,0.0011725028249048729
48.9102345963,2.3058035549,0.0003654198701500772
48.9151284869,2.3058035549,0.00011104765120619958
48.9200223775,2.3058035549,3.947467167193617e-05
48.9249162681,2.3058035549,1.2230428883106045e-05
48.9298101587,2.3058035549,3.080409443355449e-06
48.9347040493,2.3058035549,6.283148667212227e-07
48.9395979399,2.3058035549,1.0378116883189449e-07
48.9444918305,2.3058035549,1.3884571005754362e-08
48.9493857211,2.3058035549,1.5353829527917342e-09
48.9542796117,2.3058035549,3.829264702300413e-10
48.9591735023,2.3058035549,1.6380436512434638e-09
48.9640673929,2.3058035549,8.699231062117054e-09
48.9689612835,2.3058035549,3.8248972711929635e-08
48.9738551741,2.3058035549,1.3846229120392518e-07
48.9787490647,2.3058035549,4.126577737243899e-07
48.7389484253,2.3106974455,2.7777476138835237e-47
48.7438423159,2.3106974455,2.0089834823391134e-42
48.7487362065,2.3106974455,7.564086357842407e-38
48.7536300971,2.3106974455,1.4826287612842856e-33
48.7585239877,2.3106974455,1.5128789638226376e-29
48.7634178783,2.3106974455,8.036589188299698e-26
48.7683117689,2.3106974455,2.2224662496075836e-22
48.7732056595,2.3106974455,3.199590519778974e-19
48.7780995501,2.3106974455,2.398001493624325e-16
48.7829934407,2.3106974455,9.356217698346973e-14
48.7878873313,2.3106974455,1.900408693669806e-11
48.7927812219,2.3106974455,2.00950698332969e-09
48.7976751125,2.3106974455,1.1061852217776168e-07
48.8025690031,2.3106974455,3.170020024983913e-06
48.8074628937,2.3106974455,4.729246817724844e-05
48.8123567843,2.3106974455,0.00036729733418782557
48.8172506749,2.3106974455,0.0014850442668026336
48.8221445655,2.3106974455,0.0031257694199316537
48.8270384561,2.3106974455,0.0034250845147790416
48.8319323467,2.3106974455,0.001953837814606167
48.8368262373,2.3106974455,0.0005802756787675161
48.8417201279,2.3106974455,8.973744428570153e-05
48.8466140185,2.3106974455,7.230092036999073e-06
48.8515079091,2.3106974455,3.2867173503196034e-07
48.8564017997,2.3106974455,1.8608804805979304e-07
48.8612956903,2.3106974455,1.0188910621880973e-06
48.8661895809,2.3106974455,4.683385815851698e-06
48.8710834715,2.3106974455,1.743391796754512e-05
48.8759773621,2.3106974455,5.2553914669582415e-05
48.8808712527,2.3106974455,0.00012838419992392412
48.8857651433,2.3106974455,0.000259748518132409
48.8906590339,2.3106974455,0.0005261273114645061
48.8955529245,2.3106974455,0.001257901778331735
48.9004468151,2.3106974455,0.0019423471384444032
48.9053407057,2.3106974455,0.0012935213025969546
48.9102345963,2.3106974455,0.0004756132943502516
48.9151284869,2.3106974455,0.00018893794865141992
48.9200223775,2.3106974455,8.14692393987329e-05
48.9249162681,2.3106974455,2.9721865946523677e-05
48.9298101587,2.3106974455,8.797302152876625e-06
48.9347040493,2.3106974455,2.1086619052757753e-06
48.9395979399,2.3106974455,4.0930446879014426e-07
48.9444918305,2.3106974455,6.443210428947443e-08
48.9493857211,2.3106974455,8.935678158136354e-09
48.9542796117,2.3106974455,5.4846198098814735e-09
48.9591735023,2.3106974455,2.379911865902537e-08
48.9640673929,2.3106974455,9.989382519025953e-08
48.9689612835,2.3106974455,3.461858158085911e-07
48.9738551741,2.3106974455,9.877486565283366e-07
48.9787490647,2.3106974455,2.320226817430781e-06
48.7389484253,2.3155913361,3.4266423359426773e-46
48.7438423159,2.3155913361,2.1427440814969261e-41
48.7487362065,2.3155913361,6.975376494546277e-37
48.7536300971,2.3155913361,1.1821179826684857e-32
48.7585239877,2.3155913361,1.0429171652812929e-28
48.7634178783,2.3155913361,4.7899902365628535e-25
48.7683117689,2.3155913361,1.1452894547578381e-21
48.7732056595,2.3155913361,1.4255804037841151e-18
48.7780995501,2.3155913361,9.237702950465787e-16
48.7829934407,2.3155913361,3.116248553926876e-13
48.7878873313,2.3155913361,5.4726290090825755e-11
48.7927812219,2.3155913361,5.003290822762686e-09
48.7976751125,2.3155913361,2.3812846254632017e-07
48.8025690031,2.3155913361,5.900145063945381e-06
48.8074628937,2.3155913361,7.610442205610025e-05
48.8123567843,2.3155913361,0.0005110376720250965
48.8172506749,2.3155913361,0.0017864536893673951
48.8221445655,2.3155913361,0.0032510709653102727
48.8270384561,2.3155913361,0.0030800456726545367
48.8319323467,2.3155913361,0.0015190953234909118
48.8368262373,2.3155913361,0.00039004495144461123
48.8417201279,2.3155913361,5.213830202999881e-05
48.8466140185,2.3155913361,3.628914184123782e-06
48.8515079091,2.3155913361,1.363225982517699e-07
48.8564017997,2.3155913361,4.255005803901002e-08
48.8612956903,2.3155913361,2.6733084275245895e-07
48.8661895809,2.3155913361,1.443982513031073e-06
48.8710834715,2.3155913361,6.3166274580292685e-06
48.8759773621,2.3155913361,2.237636674462036e-05
48.8808712527,2.3155913361,6.429038273303864e-05
48.8857651433,2.3155913361,0.00015554810070773537
48.8906590339,2.3155913361,0.0004055010516817669
48.8955529245,2.3155913361,0.0011839213954001916
48.9004468151,2.3155913361,0.001956111383097422
48.9053407057,2.3155913361,0.0013687073780561563
48.9102345963,2.3155913361,0.0005807366404194574
48.9151284869,2.3155913361,0.00028781668706757724
48.9200223775,2.3155913361,0.00014811101491592007
48.9249162681,2.3155913361,6.355209348328251e-05
48.9298101587,2.3155913361,2.2105405125012055e-05
48.9347040493,2.3155913361,6.226532744939946e-06
48.9395979399,2.3155913361,1.4205298180448658e-06
48.9444918305,2.3155913361,2.644540477257919e-07
48.9493857211,2.3155913361,5.186802797142375e-08
48.9542796117,2.3155913361,6.658036539295049e-08
48.9591735023,2.3155913361,2.4964244242484644e-07
48.9640673929,2.3155913361,8.267917417086631e-07
48.9689612835,2.3155913361,2.2583623165378832e-06
48.9738551741,2.3155913361,5.078741990991098e-06
48.9787490647,2.3155913361,9.402982309700301e-06
48.7389484253,2.3204852267,4.069618431585374e-45
48.7438423159,2.3204852267,2.200252118638774e-40
48.7487362065,2.3204852267,6.192799583486395e-36
48.7536300971,2.3204852267,9.073971768847076e-32
48.7585239877,2.3204852267,6.92155450792763e-28
48.7634178783,2.3204852267,2.7485629251315265e-24
48.7683117689,2.3204852267,5.6820303079128116e-21
48.7732056595,2.3204852267,6.115010806612033e-18
48.7780995501,2.3204852267,3.4259950640848758e-15
48.7829934407,2.3204852267,9.992451709011565e-13
48.7878873313,2.3204852267,1.517236229096912e-10
48.7927812219,2.3204852267,1.1993064566763272e-08
48.7976751125,2.3204852267,4.935179580152537e-07
48.8025690031,2.3204852267,1.0572350920320495e-05
48.8074628937,2.3204852267,0.0001179060256880471
48.8123567843,2.3204852267,0.000684535936532357
48.8172506749,2.3204852267,0.00206896110221173
48.8221445655,2.3204852267,0.0032553989838816676
48.8270384561,2.3204852267,0.0026665637845375272
48.8319323467,2.3204852267,0.0011370924322078534
48.8368262373,2.3204852267,0.0002524272883667324
48.8417201279,2.3204852267,2.9172598863660896e-05
48.8466140185,2.3204852267,1.7552129293952882e-06
48.8515079091,2.3204852267,5.578589201926088e-08
48.8564017997,2.3204852267,8.767910964264771e-09
48.8612956903,2.3204852267,6.171412838757419e-08
48.8661895809,2.3204852267,3.9171634213959186e-07
48.8710834715,2.3204852267,2.0136471811218156e-06
48.8759773621,2.3204852267,8.38289769052589e-06
48.8808712527,2.3204852267,2.836543613712773e-05
48.8857651433,2.3204852267,8.386125133128162e-05
48.8906590339,2.3204852267,0.00030022152362467073
48.8955529245,2.3204852267,0.0010857044718136004
48.9004468151,2.3204852267,0.0019079344744095698
48.9053407057,2.3204852267,0.0013780641912385053
48.9102345963,2.3204852267,0.000650686192669656
48.9151284869,2.3204852267,0.0003889567235299307
48.9200223775,2.3204852267,0.00023702427664353557
48.9249162681,2.3204852267,0.00011956264622866814
48.9298101587,2.3204852267,4.887153683170126e-05
48.9347040493,2.3204852267,1.617749497483053e-05
48.9395979399,2.3204852267,4.34181109770151e-06
48.9444918305,2.3204852267,9.740068404450243e-07
48.9493857211,2.3204852267,3.1931100739162385e-07
48.9542796117,2.3204852267,6.172724683309493e-07
48.9591735023,2.3204852267,1.8886838355379925e-06
48.9640673929,2.3204852267,4.93233414707013e-06
48.9689612835,2.3204852267,1.0618738526684281e-05
48.9738551741,2.3204852267,1.8821777266325895e-05
48.9787490647,2.3204852267,2.746600925508686e-05
48.7389484253,2.3253791173,4.653147330544818e-44
48.7438423159,2.3253791173,2.175117827618681e-39
48.7487362065,2.3253791173,5.293154777488791e-35
48.7536300971,2.3253791173,6.70567066223193e-31
48.7585239877,2.3253791173,4.422477862454126e-27
48.7634178783,2.3253791173,1.5183955994437117e-23
48.7683117689,2.3253791173,2.7139386521565484e-20
48.7732056595,2.3253791173,2.525288129869847e-17
48.7780995501,2.3253791173,1.2232568867740773e-14
48.7829934407,2.3253791173,3.084751774223448e-12
48.7878873313,2.3253791173,4.0496603230089e-10
48.7927812219,2.3253791173,2.7676603530891094e-08
48.7976751125,2.3253791173,9.84697440483126e-07
48.8025690031,2.3253791173,1.8238480229488497e-05
48.8074628937,2.3253791173,0.00017586131065606563
48.8123567843,2.3253791173,0.0008827704466538701
48.8172506749,2.3253791173,0.0023068591920115135
48.8221445655,2.3253791173,0.0031382693061148582
48.8270384561,2.3253791173,0.002222568515894268
48.8319323467,2.3253791173,0.0008194377331692767
48.8368262373,2.3253791173,0.00015727971051967488
48.8417201279,2.3253791173,1.571540494401093e-05
48.8466140185,2.3253791173,8.174837837460691e-07
48.8515079091,2.3253791173,2.225663462026473e-08
48.8564017997,2.3253791173,1.6725877054134035e-09
48.8612956903,2.3253791173,1.2535443252776959e-08
48.8661895809,2.3253791173,9.349517672679256e-08
48.8710834715,2.3253791173,5.647934304777371e-07
48.8759773621,2.3253791173,2.763443979431742e-06
48.8808712527,2.3253791173,1.1058633165189778e-05
48.8857651433,2.3253791173,4.211110451635197e-05
48.8906590339,2.3253791173,0.00022543128101995912
48.8955529245,2.3253791173,0.0009948143746871146
48.9004468151,2.3253791173,0.00182576158584656
48.9053407057,2.3253791173,0.001324023408561077
48.9102345963,2.3253791173,0.0006622989285506838
48.9151284869,2.3253791173,0.00046449669544047854
48.9200223775,2.3253791173,0.0003338073670309572
48.9249162681,2.3253791173,0.00019791151053278556
48.9298101587,2.3253791173,9.506702428101211e-05
48.9347040493,2.3253791173,3.699280375311743e-05
48.9395979399,2.3253791173,1.1729082400016054e-05
48.9444918305,2.3253791173,3.3367962709460907e-06
48.9493857211,2.3253791173,1.964978121863319e-06
48.9542796117,2.3253791173,4.212089370221568e-06
48.9591735023,2.3253791173,1.0302532412844793e-05
48.9640673929,2.3253791173,2.1208486773943918e-05
48.9689612835,2.3253791173,3.5987156074346866e-05
48.9738551741,2.3253791173,5.027590712247445e-05
48.9787490647,2.3253791173,5.782561672161506e-05
48.7389484253,2.3302730079,5.122100696906324e-43
48.7438423159,2.3302730079,2.0701476624180425e-38
48.7487362065,2.3302730079,4.35562375815422e-34
48.7536300971,2.3302730079,4.770843963788771e-30
48.7585239877,2.3302730079,2.720419557533442e-26
48.7634178783,2.3302730079,8.075555110067067e-23
48.7683117689,2.3302730079,1.247971602725191e-19
48.7732056595,2.3302730079,1.0039979874877578e-16
48.7780995501,2.3302730079,4.204910945539658e-14
48.7829934407,2.3302730079,9.16804177945215e-12
48.7878873313,2.3302730079,1.0406200423240198e-09
48.7927812219,2.3302730079,6.148987492545473e-08
48.7976751125,2.3302730079,1.8915196368594808e-06
48.8025690031,2.3302730079,3.0291021555586504e-05
48.8074628937,2.3302730079,0.00025252990007363187
48.8123567843,2.3302730079,0.001095992329949306
48.8172506749,2.3302730079,0.0024762702720890974
48.8221445655,2.3302730079,0.002912623801627463
48.8270384561,2.3302730079,0.0017834731119145957
48.8319323467,2.3302730079,0.0005685184494834915
48.8368262373,2.3302730079,9.43448926055949e-05
48.8417201279,2.3302730079,8.150571864966761e-06
48.8466140185,2.3302730079,3.665681523852289e-07
48.8515079091,2.3302730079,8.597999645417131e-09
48.8564017997,2.3302730079,3.1150533744262e-10
48.8612956903,2.3302730079,2.2404026065765853e-09
48.8661895809,2.3302730079,1.9634257838309002e-08
48.8710834715,2.3302730079,1.3938160043970354e-07
48.8759773621,2.3302730079,8.018459619179545e-07
48.8808712527,2.3302730079,3.8488885532889306e-06
48.8857651433,2.3302730079,2.132994860848161e-05
48.8906590339,2.3302730079,0.0001814655017900082
48.8955529245,2.3302730079,0.0009300656210851161
48.9004468151,2.3302730079,0.0017416228106786058
48.9053407057,2.3302730079,0.001229975289501518
48.9102345963,2.3302730079,0.0006120015271706509
48.9151284869,2.3302730079,0.0004894112871912472
48.9200223775,2.3302730079,0.0004136679089621044
48.9249162681,2.3302730079,0.00028824556070327636
48.9298101587,2.3302730079,0.00016273865560809778
48.9347040493,2.3302730079,7.456411987343163e-05
48.9395979399,2.3302730079,2.8359260984912322e-05
48.9444918305,2.3302730079,1.1189295747972753e-05
48.9493857211,2.3302730079,1.0555960105247519e-05
48.9542796117,2.3302730079,2.0894693170997252e-05
48.9591735023,2.3302730079,4.051793074958848e-05
48.9640673929,2.3302730079,6.57316990270617e-05
48.9689612835,2.3302730079,8.790601085390918e-05
48.9738551741,2.3302730079,9.679527205207622e-05
48.9787490647,2.3302730079,8.774851321419267e-05
48.7389484253,2.3351668985000003,5.428222203267272e-42
48.7438423159,2.3351668985000003,1.896828461730879e-37
48.7487362065,2.3351668985000003,3.450597625611541e-33
48.7536300971,2.3351668985000003,3.2678070231354366e-29
48.7585239877,2.3351668985000003,1.6110696103345472e-25
48.7634178783,2.3351668985000003,4.1349287500016025e-22
48.7683117689,2.3351668985000003,5.524812918850899e-19
48.7732056595,2.3351668985000003,3.842934158142028e-16
48.7780995501,2.3351668985000003,1.3915670342302327e-13
48.7829934407,2.3351668985000003,2.6232588170827554e-11
48.7878873313,2.3351668985000003,2.574387818234409e-09
48.7927812219,2.3351668985000003,1.3152327766457094e-07
48.7976751125,2.3351668985000003,3.498058724143141e-06
48.8025690031,2.3351668985000003,4.843367126840946e-05
48.8074628937,2.3351668985000003,0.0003491109772123506
48.8123567843,2.3351668985000003,0.001310012503171048
48.8172506749,2.3351668985000003,0.0025590760825191083
48.8221445655,2.3351668985000003,0.002602476257489396
48.8270384561,2.3351668985000003,0.0013777999845526014
48.8319323467,2.3351668985000003,0.0003797356721775372
48.8368262373,2.3351668985000003,5.4484433513973406e-05
48.8417201279,2.3351668985000003,4.069671056788362e-06
48.8466140185,2.3351668985000003,1.582494639873369e-07
48.8515079091,2.3351668985000003,3.205231038692542e-09
48.8564017997,2.3351668985000003,6.144207005758095e-11
48.8612956903,2.3351668985000003,3.5234695166706505e-10
48.8661895809,2.3351668985000003,3.627835422720401e-09
48.8710834715,2.3351668985000003,3.0264837150092793e-08
48.8759773621,2.3351668985000003,2.050795924037706e-07
48.8808712527,2.3351668985000003,1.2423630474511897e-06
48.8857651433,2.3351668985000003,1.2482004487134715e-05
48.8906590339,2.3351668985000003,0.000160401994853528
48.8955529245,2.3351668985000003,0.0008949649772765172
48.9004468151,2.3351668985000003,0.0016775509903722348
48.9053407057,2.3351668985000003,0.0011273688255662708
48.9102345963,2.3351668985000003,0.0005178619915923902
48.9151284869,2.3351668985000003,0.00045479173568516726
48.9200223775,2.3351668985000003,0.0004510801779915394
48.9249162681,2.3351668985000003,0.0003694438091665683
48.9298101587,2.3351668985000003,0.00024544136968778017
48.9347040493,2.3351668985000003,0.00013340622468743842
48.9395979399,2.3351668985000003,6.334576482694185e-05
48.9444918305,2.3351668985000003,3.716813715064711e-05
48.9493857211,2.3351668985000003,4.477125957477126e-05
48.9542796117,2.3351668985000003,7.504457580674864e-05
48.9591735023,2.3351668985000003,0.00011490201982921091
48.9640673929,2.3351668985000003,0.00014684887425425283
48.9689612835,2.3351668985000003,0.00015477137557307362
48.9738551741,2.3351668985000003,0.00013432104666859506
48.9787490647,2.3351668985000003,9.597412214852552e-05
48.7389484253,2.3400607891000003,5.538285226882043e-41
48.7438423159,2.3400607891000003,1.6732582966159667e-36
48.7487362065,2.3400607891000003,2.631761180949771e-32
48.7536300971,2.3400607891000003,2.1548933823421856e-28
48.7585239877,2.3400607891000003,9.185460190532765e-25
48.7634178783,2.3400607891000003,2.0383176835972474e-21
48.7683117689,2.3400607891000003,2.3547166047706983e-18
48.7732056595,2.3400607891000003,1.4161238643277614e-15
48.7780995501,2.3400607891000003,4.433632151349143e-13
48.7829934407,2.3400607891000003,7.22626518892103e-11
48.7878873313,2.3400607891000003,6.131460767551631e-09
48.7927812219,2.3400607891000003,2.708381467371034e-07
48.7976751125,2.3400607891000003,6.2280420212782285e-06
48.8025690031,2.3400607891000003,7.455710837731088e-05
48.8074628937,2.3400607891000003,0.0004646462098893988
48.8123567843,2.3400607891000003,0.001507480014102268
48.8172506749,2.3400607891000003,0.0025461063981803787
48.8221445655,2.3400607891000003,0.0022387075017576727
48.8270384561,2.3400607891000003,0.0010247406915095136
48.8319323467,2.3400607891000003,0.00024418918790917565
48.8368262373,2.3400607891000003,3.0292470968332686e-05
48.8417201279,2.3400607891000003,1.9563150299253263e-06
48.8466140185,2.3400607891000003,6.577165272132195e-08
48.8515079091,2.3400607891000003,1.1513332089875473e-09
48.8564017997,2.3400607891000003,1.3747712935705756e-11
48.8612956903,2.3400607891000003,4.876834369914788e-11
48.8661895809,2.3400607891000003,5.897782032470112e-10
48.8710834715,2.3400607891000003,5.782736002897389e-09
48.8759773621,2.3400607891000003,4.656327864562729e-08
48.8808712527,2.3400607891000003,4.2385080674454396e-07
48.8857651433,2.3400607891000003,9.3107951179602e-06
48.8906590339,2.3400607891000003,0.0001529318220795587
48.8955529245,2.3400607891000003,0.0008830453598622977
48.9004468151,2.3400607891000003,0.001640470668616858
48.9053407057,2.3400607891000003,0.0010409211834045084
48.9102345963,2.3400607891000003,0.0004094572773633168
48.9151284869,2.3400607891000003,0.0003729753728482293
48.9200223775,2.3400607891000003,0.0004329673441789856
48.9249162681,2.3400607891000003,0.00041738076050063574
48.9298101587,2.3400607891000003,0.0003283414628294374
48.9347040493,2.3400607891000003,0.00021700254814306554
48.9395979399,2.3400607891000003,0.00013702803391123984
48.9444918305,2.3400607891000003,0.00011429271438994585
48.9493857211,2.3400607891000003,0.0001428359303316595
48.9542796117,2.3400607891000003,0.00019499308033386672
48.9591735023,2.3400607891000003,0.00023507114082753575
48.9640673929,2.3400607891000003,0.00023652406014523528
48.9689612835,2.3400607891000003,0.0001964196447958585
48.9738551741,2.3400607891000003,0.00013434902012834856
48.9787490647,2.3400607891000003,7.565966166094168e-05
48.7389484253,2.3449546797000003,5.4400290199799795e-40
48.7438423159,2.3449546797000003,1.4210393790972512e-35
48.7487362065,2.3449546797000003,1.9324436142309353e-31
48.7536300971,2.3449546797000003,1.368054407215115e-27
48.7585239877,2.3449546797000003,5.041917434069757e-24
48.7634178783,2.3449546797000003,9.6735061133938e-21
48.7683117689,2.3449546797000003,9.66201956543303e-18
48.7732056595,2.3449546797000003,5.023978079624646e-15
48.7780995501,2.3449546797000003,1.359951374159489e-12
48.7829934407,2.3449546797000003,1.916438317760962e-10
48.7878873313,2.3449546797000003,1.4059249309777712e-08
48.7927812219,2.3449546797000003,5.369393589325874e-07
48.7976751125,2.3449546797000003,1.0675400295848584e-05
48.8025690031,2.3449546797000003,0.00011049405670941119
48.8074628937,2.3449546797000003,0.0005953734854116828
48.8123567843,2.3449546797000003,0.001670074641972625
48.8172506749,2.3449546797000003,0.0024388107187224097
48.8221445655,2.3449546797000003,0.0018540273203195962
48.8270384561,2.3449546797000003,0.0007337531605892433
48.8319323467,2.3449546797000003,0.00015117489009565995
48.8368262373,2.3449546797000003,1.6214559669609543e-05
48.8417201279,2.3449546797000003,9.053707887015407e-07
48.8466140185,2.3449546797000003,2.6317439161762012e-08
48.8515079091,2.3449546797000003,3.982662885133517e-10
48.8564017997,2.3449546797000003,3.4749220269343116e-12
48.8612956903,2.3449546797000003,5.9428714845038425e-12
48.8661895809,2.3449546797000003,8.436063711987134e-11
48.8710834715,2.3449546797000003,9.729543233710026e-10
48.8759773621,2.3449546797000003,9.759945874060209e-09
48.8808712527,2.3449546797000003,2.0194867436807712e-07
48.8857651433,2.3449546797000003,8.428371802258362e-06
48.8906590339,2.3449546797000003,0.00015207523381625815
48.8955529245,2.3449546797000003,0.0008849772127935216
48.9004468151,2.3449546797000003,0.0016259034571233285
48.9053407057,2.3449546797000003,0.0009811498993751685
48.9102345963,2.3449546797000003,0.0003132568283634382
48.9151284869,2.3449546797000003,0.0002708169054417585
48.9200223775,2.3449546797000003,0.00036730434690958384
48.9249162681,2.3449546797000003,0.0004204850598360818
48.9298101587,2.3449546797000003,0.00040132976136187813
48.9347040493,2.3449546797000003,0.00033926250232584407
48.9395979399,2.3449546797000003,0.0002917954891897516
48.9444918305,2.3449546797000003,0.000295322673901213
48.9493857211,2.3449546797000003,0.00033638736701192736
48.9542796117,2.3449546797000003,0.00036718294766345576
48.9591735023,2.3449546797000003,0.00034748484105381227
48.9640673929,2.3449546797000003,0.00027485258012921
48.9689612835,2.3449546797000003,0.0001797283076827625
48.9738551741,2.3449546797000003,9.686400041287926e-05
48.9787490647,2.3449546797000003,4.299136860885066e-05
48.7389484253,2.3498485703,5.14440688540892e-39
48.7438423159,2.3498485703,1.1618697252076495e-34
48.7487362065,2.3498485703,1.366077634833691e-30
48.7536300971,2.3498485703,8.361595379633661e-27
48.7585239877,2.3498485703,2.664395773320175e-23
48.7634178783,2.3498485703,4.419815545835302e-20
48.7683117689,2.3498485703,3.816852483267911e-17
48.7732056595,2.3498485703,1.7159412979290033e-14
48.7780995501,2.3498485703,4.0160147484302635e-12
48.7829934407,2.3498485703,4.893098885393354e-10
48.7878873313,2.3498485703,3.1036197525861414e-08
48.7927812219,2.3498485703,1.024822951150077e-06
48.7976751125,2.3498485703,1.7616717895463774e-05
48.8025690031,2.3498485703,0.00015765109000327146
48.8074628937,2.3498485703,0.0007344542984374882
48.8123567843,2.3498485703,0.0017812644362740849
48.8172506749,2.3498485703,0.0022489916263043726
48.8221445655,2.3498485703,0.001478233706731446
48.8270384561,2.3498485703,0.0005058178885830534
48.8319323467,2.3498485703,9.010338130703215e-05
48.8368262373,2.3498485703,8.355718777322427e-06
48.8417201279,2.3498485703,4.033874306434757e-07
48.8466140185,2.3498485703,1.0138103749436452e-08
48.8515079091,2.3498485703,1.3264499559261728e-10
48.8564017997,2.3498485703,9.342311986873236e-13
48.8612956903,2.3498485703,6.382834878782832e-13
48.8661895809,2.3498485703,1.0617625497007269e-11
48.8710834715,2.3498485703,1.4490899584844486e-10
48.8759773621,2.3498485703,2.2971655272436472e-09
48.8808712527,2.3498485703,1.5192355024217878e-07
48.8857651433,2.3498485703,8.330367008888461e-06
48.8906590339,2.3498485703,0.00015381826167235453
48.8955529245,2.3498485703,0.0008931107113789345
48.9004468151,2.3498485703,0.0016249726657942064
48.9053407057,2.3498485703,0.0009462431924293028
48.9102345963,2.3498485703,0.0002437045906885894
48.9151284869,2.3498485703,0.00017799154981031336
48.9200223775,2.3498485703,0.0002853535292085744
48.9249162681,2.3498485703,0.00040204252220374213
48.9298101587,2.3498485703,0.0004895928032043989
48.9347040493,2.3498485703,0.0005426529228146129
48.9395979399,2.3498485703,0.000577550157288488
48.9444918305,2.3498485703,0.0005988119905434094
48.9493857211,2.3498485703,0.0005826287288402471
48.9542796117,2.3498485703,0.0005041830208319643
48.9591735023,2.3498485703,0.00037311527203726265
48.9640673929,2.3498485703,0.0002311925050190019
48.9689612835,2.3498485703,0.0001187747795504336
48.9738551741,2.3498485703,5.038096650041385e-05
48.9787490647,2.3498485703,1.7613587112582498e-05
48.7389484253,2.3547424609,4.6835763211485425e-38
48.7438423159,2.3547424609,9.145700061744925e-34
48.7487362065,2.3547424609,9.297199028521942e-30
48.7536300971,2.3547424609,4.9202041512497533e-26
48.7585239877,2.3547424609,1.3555325140581491e-22
48.7634178783,2.3547424609,1.9441625638727318e-19
48.7683117689,2.3547424609,1.451613620393182e-16
48.7732056595,2.3547424609,5.6424187481107477e-14
48.7780995501,2.3547424609,1.1417615519701225e-11
48.7829934407,2.3547424609,1.2027665346447765e-09
48.7878873313,2.3547424609,6.596036931956043e-08
48.7927812219,2.3547424609,1.8831314756496556e-06
48.7976751125,2.3547424609,2.7988139339222642e-05
48.8025690031,2.3547424609,0.00021655251575426008
48.8074628937,2.3547424609,0.0008722646264166817
48.8123567843,2.3547424609,0.001829064871287033
48.8172506749,2.3547424609,0.0019966676346195953
48.8221445655,2.3547424609,0.0011346927204830405
48.8270384561,2.3547424609,0.0003356963199075931
48.8319323467,2.3547424609,5.170240115536372e-05
48.8368262373,2.3547424609,4.145440316540787e-06
48.8417201279,2.3547424609,1.7303200563133466e-07
48.8466140185,2.3547424609,3.7599150958875455e-09
48.8515079091,2.3547424609,4.25330280359184e-11
48.8564017997,2.3547424609,2.529674322456128e-13
48.8612956903,2.3547424609,6.129178176337047e-14
48.8661895809,2.3547424609,1.1927135329140035e-12
48.8710834715,2.3547424609,2.0257883709231875e-11
48.8759773621,2.3547424609,9.943364234897152e-10
48.8808712527,2.3547424609,1.4477546857740285e-07
48.8857651433,2.3547424609,8.456489629218926e-06
48.8906590339,2.3547424609,0.00015628457937258815
48.8955529245,2.3547424609,0.0009027902440891419
48.9004468151,2.3547424609,0.0016298755771811516
48.9053407057,2.3547424609,0.0009295420451973539
48.9102345963,2.3547424609,0.00020645266637929125
48.9151284869,2.3547424609,0.00012589980620073232
48.9200223775,2.3547424609,0.00024912212558850477
48.9249162681,2.3547424609,0.00044482500974424
48.9298101587,2.3547424609,0.0006739988947513336
48.9347040493,2.3547424609,0.0008725957678051685
48.9395979399,2.3547424609,0.0009689646872705649
48.9444918305,2.3547424609,0.0009220848166821101
48.9493857211,2.3547424609,0.0007482952612121263
48.9542796117,2.3547424609,0.0005141909801565924
48.9591735023,2.3547424609,0.00029697408059294565
48.9640673929,2.3547424609,0.00014324681159364895
48.9689612835,2.3547424609,5.742462781507542e-05
48.9738551741,2.3547424609,1.9065800386892944e-05
48.9787490647,2.3547424609,5.230611267552292e-06
48.7389484253,2.3596363515,4.1051410988174684e-37
48.7438423159,2.3596363515,6.93082079397843e-33
48.7487362065,2.3596363515,6.091679860976896e-29
48.7536300971,2.3596363515,2.78731013888206e-25
48.7585239877,2.3596363515,6.639407713053809e-22
48.7634178783,2.3596363515,8.23321020810932e-19
48.7683117689,2.3596363515,5.315019841863993e-16
48.7732056595,2.3596363515,1.7862259629424983e-13
48.7780995501,2.3596363515,3.1250986129475966e-11
48.7829934407,2.3596363515,2.8463406536396416e-09
48.7878873313,2.3596363515,1.3496024144310547e-07
48.7927812219,2.3596363515,3.331352878437089e-06
48.7976751125,2.3596363515,4.280862231309557e-05
48.8025690031,2.3596363515,0.00028637670343542815
48.8074628937,2.3596363515,0.0009973324290574455
48.8123567843,2.3596363515,0.001808164827282052
48.8172506749,2.3596363515,0.0017066006804451754
48.8221445655,2.3596363515,0.0008385358465845311
48.8270384561,2.3596363515,0.00021449006096469864
48.8319323467,2.3596363515,2.8561994647289262e-05
48.8368262373,2.3596363515,1.9800023937598684e-06
48.8417201279,2.3596363515,7.145600278299221e-08
48.8466140185,2.3596363515,1.3424791304633245e-09
48.8515079091,2.3596363515,1.313029823892813e-11
48.8564017997,2.3596363515,6.89304652664443e-14
48.8612956903,2.3596363515,4.910776045761181e-14
48.8661895809,2.3596363515,9.521782479878542e-13
48.8710834715,2.3596363515,1.653564863060316e-11
48.8759773621,2.3596363515,9.752754582646078e-10
48.8808712527,2.3596363515,1.48394098702053e-07
48.8857651433,2.3596363515,8.641619646751433e-06
48.8906590339,2.3596363515,0.00015882155262194394
48.8955529245,2.3596363515,0.0009121882750926046
48.9004468151,2.3596363515,0.001637663394089522
48.9053407057,2.3596363515,0.0009313045277119559
48.9102345963,2.3596363515,0.00021899703771687744
48.9151284869,2.3596363515,0.00017207327524917956
48.9200223775,2.3596363515,0.00036754992660464653
48.9249162681,2.3596363515,0.0006770562499567007
48.9298101587,2.3596363515,0.0010225685306059344
48.9347040493,2.3596363515,0.0012660165734417355
48.9395979399,2.3596363515,0.00128535929554313
48.9444918305,2.3596363515,0.001070698719510885
48.9493857211,2.3596363515,0.0007322133939899628
48.9542796117,2.3596363515,0.00041138079860881274
48.9591735023,2.3596363515,0.00019002805548906982
48.9640673929,2.3596363515,7.222639430529795e-05
48.9689612835,2.3596363515,2.2604930836385723e-05
48.9738551741,2.3596363515,5.8295307310458995e-06
48.9787490647,2.3596363515,1.2394684368102542e-06
48.7389484253,2.3645302421,3.4640709037133084e-36
48.7438423159,2.3645302421,5.056623067614583e-32
48.7487362065,2.3645302421,3.8426445320735247e-28
48.7536300971,2.3645302421,1.5201822681559063e-24
48.7585239877,2.3645302421,3.130811602736269e-21
48.7634178783,2.3645302421,3.3567115884635027e-18
48.7683117689,2.3645302421,1.873557137711159e-15
48.7732056595,2.3645302421,5.443969429402374e-13
48.7780995501,2.3645302421,8.234936115137937e-11
48.7829934407,2.3645302421,6.48486011075386e-09
48.7878873313,2.3645302421,2.658500895172968e-07
48.7927812219,2.3645302421,5.673732168166723e-06
48.7976751125,2.3645302421,6.303716480765122e-05
48.8025690031,2.3645302421,0.00036460308081169156
48.8074628937,2.3645302421,0.0010978419387757078
48.8123567843,2.3645302421,0.0017208979675723466
48.8172506749,2.3645302421,0.0014043205372701053
48.8221445655,2.3645302421,0.0005965861870339768
48.8270384561,2.3645302421,0.00013193984255249915
48.8319323467,2.3645302421,1.5190586789130148e-05
48.8368262373,2.3645302421,9.104769599822663e-07
48.8417201279,2.3645302421,2.8409212245064996e-08
48.8466140185,2.3645302421,4.614720694807717e-10
48.8515079091,2.3645302421,3.907417403155191e-12
48.8564017997,2.3645302421,1.291783431838529e-13
48.8612956903,2.3645302421,2.0412970532589528e-12
48.8661895809,2.3645302421,3.063123829279863e-11
48.8710834715,2.3645302421,3.797719454941437e-10
48.8759773621,2.3645302421,4.648170663300584e-09
48.8808712527,2.3645302421,1.8219137895338232e-07
48.8857651433,2.3645302421,9.013526236168626e-06
48.8906590339,2.3645302421,0.0001621131340453678
48.8955529245,2.3645302421,0.0009243486576103956
48.9004468151,2.3645302421,0.0016594060123176478
48.9053407057,2.3645302421,0.0009830819481230013
48.9102345963,2.3645302421,0.0003505813790408134
48.9151284869,2.3645302421,0.0004287901817245046
48.9200223775,2.3645302421,0.0007600158105779478
48.9249162681,2.3645302421,0.0011415528595410064
48.9298101587,2.3645302421,0.001428171850485019
48.9347040493,2.3645302421,0.0014913523336871376
48.9395979399,2.3645302421,0.0013022595681549908
48.9444918305,2.3645302421,0.0009518852763433567
48.9493857211,2.3645302421,0.0005823860005379805
48.9542796117,2.3645302421,0.00029785993389090323
48.9591735023,2.3645302421,0.00012704010350389402
48.9640673929,2.3645302421,4.5040420816713204e-05
48.9689612835,2.3645302421,1.3225987839330456e-05
48.9738551741,2.3645302421,3.205070578529817e-06
48.9787490647,2.3645302421,6.387916948802321e-07
48.7389484253,2.3694241327,2.8141915387134464e-35
48.7438423159,2.3694241327,3.5517688153939203e-31
48.7487362065,2.3694241327,2.333627574269565e-27
48.7536300971,2.3694241327,7.982046011439665e-24
48.7585239877,2.3694241327,1.421322814132545e-20
48.7634178783,2.3694241327,1.3175498273226893e-17
48.7683117689,2.3694241327,6.358244010805578e-15
48.7732056595,2.3694241327,1.597361285376747e-12
48.7780995501,2.3694241327,2.0891274670921357e-10
48.7829934407,2.3694241327,1.4224026240741255e-08
48.7878873313,2.3694241327,5.041688062983496e-07
48.7927812219,2.3694241327,9.303047099207264e-06
48.7976751125,2.3694241327,8.936558214735019e-05
48.8025690031,2.3694241327,0.0004469008482851243
48.8074628937,2.3694241327,0.0011634504457851125
48.8123567843,2.3694241327,0.0015768138385950994
48.8172506749,2.3694241327,0.0011125224315836073
48.8221445655,2.3694241327,0.00040863254360808175
48.8270384561,2.3694241327,7.813631882259782e-05
48.8319323467,2.3694241327,7.778014772831266e-06
48.8368262373,2.3694241327,4.0306993162838387e-07
48.8417201279,2.3694241327,1.087396374625555e-08
48.8466140185,2.3694241327,1.5273117707357068e-10
48.8515079091,2.3694241327,1.3890304440562572e-12
48.8564017997,2.3694241327,4.757746567104407e-12
48.8612956903,2.3694241327,6.827899171879198e-11
48.8661895809,2.3694241327,8.074356914935358e-10
48.8710834715,2.3694241327,7.862320711953416e-09
48.8759773621,2.3694241327,6.382823182068621e-08
48.8808712527,2.3694241327,5.691400512245161e-07
48.8857651433,2.3694241327,1.119890140976207e-05
48.8906590339,2.3694241327,0.00017273136501537982
48.8955529245,2.3694241327,0.0009604036751793369
48.9004468151,2.3694241327,0.0017482839904984582
48.9053407057,2.3694241327,0.00118593812473518
48.9102345963,2.3694241327,0.0007360808563622236
48.9151284869,2.3694241327,0.000993791865651111
48.9200223775,2.3694241327,0.0013851570045178155
48.9249162681,2.3694241327,0.0016197982529084142
48.9298101587,2.3694241327,0.0015934276792416583
48.9347040493,2.3694241327,0.0013439444771003578
48.9395979399,2.3694241327,0.0010000188879025
48.9444918305,2.3694241327,0.0006772509523557082
48.9493857211,2.3694241327,0.00042448719121890294
48.9542796117,2.3694241327,0.00024354500830333012
48.9591735023,2.3694241327,0.0001239521634384687
48.9640673929,2.3694241327,5.412023460097747e-05
48.9689612835,2.3694241327,1.9776961488404124e-05
48.9738551741,2.3694241327,5.957792765421618e-06
48.9787490647,2.3694241327,1.4671855234989602e-06
48.7389484253,2.3743180233,2.201044026408394e-34
48.7438423159,2.3743180233,2.40180085200327e-30
48.7487362065,2.3743180233,1.3643980203157866e-26
48.7536300971,2.3743180233,4.0349762960705496e-23
48.7585239877,2.3743180233,6.212075365929354e-20
48.7634178783,2.3743180233,4.978841093523636e-17
48.7683117689,2.3743180233,2.077378516034747e-14
48.7732056595,2.3743180233,4.5123089511606596e-12
48.7780995501,2.3743180233,5.102439221077565e-10
48.7829934407,2.3743180233,3.003673161486739e-08
48.7878873313,2.3743180233,9.20499016842265e-07
48.7927812219,2.3743180233,1.4685536094392881e-05
48.7976751125,2.3743180233,0.0001219697411677905
48.8025690031,2.3743180233,0.0005273636851387854
48.8074628937,2.3743180233,0.0011870367368421448
48.8123567843,2.3743180233,0.0013909576915860096
48.8172506749,2.3743180233,0.000848514956671675
48.8221445655,2.3743180233,0.0002694640945701925
48.8270384561,2.3743180233,4.45490173098681e-05
48.8319323467,2.3743180233,3.834168311193412e-06
48.8368262373,2.3743180233,1.7179085562492932e-07
48.8417201279,2.3743180233,4.007080883614344e-09
48.8466140185,2.3743180233,4.929011461143917e-11
48.8515079091,2.3743180233,1.0882957238266868e-11
48.8564017997,2.3743180233,1.4542917254683734e-10
48.8612956903,2.3743180233,1.6464469946189865e-09
48.8661895809,2.3743180233,1.534594076368177e-08
48.8710834715,2.3743180233,1.1775814731894702e-07
48.8759773621,2.3743180233,7.447596317288095e-07
48.8808712527,2.3743180233,4.025577432904253e-06
48.8857651433,2.3743180233,2.563538609596183e-05
48.8906590339,2.3743180233,0.00022240657635240452
48.8955529245,2.3743180233,0.0010951042722390052
48.9004468151,2.3743180233,0.002035197269445173
48.9053407057,2.3743180233,0.0016926863304420484
48.9102345963,2.3743180233,0.0014442419417107788
48.9151284869,2.3743180233,0.0017305892101319895
48.9200223775,2.3743180233,0.0018969659401898657
48.9249162681,2.3743180233,0.0017327333417523458
48.9298101587,2.3743180233,0.0013337483644687421
48.9347040493,2.3743180233,0.0009035018057733817
48.9395979399,2.3743180233,0.0005915346217064512
48.9444918305,2.3743180233,0.0004183558700431189
48.9493857211,2.3743180233,0.00032078978450090253
48.9542796117,2.3743180233,0.00023840034080772817
48.9591735023,2.3743180233,0.00015514862485648182
48.9640673929,2.3743180233,8.415748983101298e-05
48.9689612835,2.3743180233,3.7340116190539894e-05
48.9738551741,2.3743180233,1.346282045169453e-05
48.9787490647,2.3743180233,3.935417160028881e-06
48.7389484253,2.3792119139,1.6573414904386586e-33
48.7438423159,2.3792119139,1.5636426067686308e-29
48.7487362065,2.3792119139,7.679957379033513e-26
48.7536300971,2.3792119139,1.9637036396770128e-22
48.7585239877,2.3792119139,2.6138995946714824e-19
48.7634178783,2.3792119139,1.8113304116574228e-16
48.7683117689,2.3792119139,6.534348261889331e-14
48.7732056595,2.3792119139,1.2271642563032683e-11
48.7780995501,2.3792119139,1.1997725955673571e-09
48.7829934407,2.3792119139,6.106480853398309e-08
48.7878873313,2.3792119139,1.6180013615197244e-06
48.7927812219,2.3792119139,2.2318375842118382e-05
48.7976751125,2.3792119139,0.00016026626361087567
48.8025690031,2.3792119139,0.0005991250226235945
48.8074628937,2.3792119139,0.0011659733546623174
48.8123567843,2.3792119139,0.0011812875162720397
48.8172506749,2.3792119139,0.0006230435782518522
48.8221445655,2.3792119139,0.0001710712602910964
48.8270384561,2.3792119139,2.4452963903050207e-05
48.8319323467,2.3792119139,1.8196245202052724e-06
48.8368262373,2.3792119139,7.049013132094324e-08
48.8417201279,2.3792119139,1.4229803853865863e-09
48.8466140185,2.3792119139,3.7398161924296495e-11
48.8515079091,2.3792119139,2.959512298059197e-10
48.8564017997,2.3792119139,3.206850273582973e-09
48.8612956903,2.3792119139,2.8615634106257817e-08
48.8661895809,2.3792119139,2.1022027378336653e-07
48.8710834715,2.3792119139,1.2714310552272872e-06
48.8759773621,2.3792119139,6.3316325153695494e-06
48.8808712527,2.3792119139,2.6111026843324006e-05
48.8857651433,2.3792119139,9.675889491065278e-05
48.8906590339,2.3792119139,0.0004083166898091313
48.8955529245,2.3792119139,0.0014822895572405997
48.9004468151,2.3792119139,0.002669092539347021
48.9053407057,2.3792119139,0.0025109279541732058
48.9102345963,2.3792119139,0.002225634328974153
48.9151284869,2.3792119139,0.0021886917626599504
48.9200223775,2.3792119139,0.0018891661889951286
48.9249162681,2.3792119139,0.0013540885027323118
48.9298101587,2.3792119139,0.0008183760210673087
48.9347040493,2.3792119139,0.00045077642243750843
48.9395979399,2.3792119139,0.0002822486509836916
48.9444918305,2.3792119139,0.000246839410494513
48.9493857211,2.3792119139,0.0002539423729794608
48.9542796117,2.3792119139,0.00024048073267588025
48.9591735023,2.3792119139,0.00019041082312754216
48.9640673929,2.3792119139,0.00012298843372530538
48.9689612835,2.3792119139,6.443689783494503e-05
48.9738551741,2.3792119139,2.7349114787313666e-05
48.9787490647,2.3792119139,9.400738812765193e-06
48.7389484253,2.3841058045,1.2014438325911395e-32
48.7438423159,2.3841058045,9.800453973913314e-29
48.7487362065,2.3841058045,4.161833825139093e-25
48.7536300971,2.3841058045,9.200662473031748e-22
48.7585239877,2.3841058045,1.0588861875289033e-18
48.7634178783,2.3841058045,6.344176965419539e-16
48.7683117689,2.3841058045,1.9787781919264224e-13
48.7732056595,2.3841058045,3.213029870690563e-11
48.7780995501,2.3841058045,2.7159904086594647e-09
48.7829934407,2.3841058045,1.195191571610835e-07
48.7878873313,2.3841058045,2.7380579333184986e-06
48.7927812219,2.3841058045,3.265453961000439e-05
48.7976751125,2.3841058045,0.00020274040904808184
48.8025690031,2.3841058045,0.0006552890227022533
48.8074628937,2.3841058045,0.0011026083785510607
48.8123567843,2.3841058045,0.0009658407056256673
48.8172506749,2.3841058045,0.0004404387715387381
48.8221445655,2.3841058045,0.00010455899530010549
48.8270384561,2.3841058045,1.2922099526834461e-05
48.8319323467,2.3841058045,8.313820932620671e-07
48.8368262373,2.3841058045,2.7849049291750466e-08
48.8417201279,2.3841058045,5.311553515198317e-10
48.8466140185,2.3841058045,5.793740046912416e-10
48.8515079091,2.3841058045,5.966248981962087e-09
48.8564017997,2.3841058045,5.096870035081206e-08
48.8612956903,2.3841058045,3.584707800012622e-07
48.8661895809,2.3841058045,2.0756324999719783e-06
48.8710834715,2.3841058045,9.894497167925993e-06
48.8759773621,2.3841058045,3.883230868278961e-05
48.8808712527,2.3841058045,0.00012562575869176735
48.8857651433,2.3841058045,0.0003429941801099317
48.8906590339,2.3841058045,0.0008963651712964666
48.8955529245,2.3841058045,0.002240963941937071
48.9004468151,2.3841058045,0.003563137967106768
48.9053407057,2.3841058045,0.0032631955649175073
48.9102345963,2.3841058045,0.0025525003369835345
48.9151284869,2.3841058045,0.001999492061751837
48.9200223775,2.3841058045,0.0013590160794908625
48.9249162681,2.3841058045,0.0007661833847391666
48.9298101587,2.3841058045,0.00036518606890706266
48.9347040493,2.3841058045,0.0001687600918201013
48.9395979399,2.3841058045,0.00011780409011283714
48.9444918305,2.3841058045,0.0001449373490464457
48.9493857211,2.3841058045,0.0001944079182674547
48.9542796117,2.3841058045,0.00022325118122023966
48.9591735023,2.3841058045,0.00020939514863223244
48.9640673929,2.3841058045,0.0001592471659731516
48.9689612835,2.3841058045,9.809193700947197e-05
48.9738551741,2.3841058045,4.89304372679225e-05
48.9787490647,2.3841058045,1.9765049627162878e-05
48.7389484253,2.3889996951,8.385001380669795e-32
48.7438423159,2.3889996951,5.913751722636823e-28
48.7487362065,2.3889996951,2.1712951275043494e-24
48.7536300971,2.3889996951,4.150213599046718e-21
48.7585239877,2.3889996951,4.129693894057719e-18
48.7634178783,2.3889996951,2.139247805390293e-15
48.7683117689,2.3889996951,5.768994830563176e-13
48.7732056595,2.3889996951,8.099067631772112e-11
48.7780995501,2.3889996951,5.919236910955751e-09
48.7829934407,2.3889996951,2.252123698027843e-07
48.7878873313,2.3889996951,4.460818771210306e-06
48.7927812219,2.3889996951,4.599734237575196e-05
48.7976751125,2.3889996951,0.00024691457200614356
48.8025690031,2.3889996951,0.0006900118093667372
48.8074628937,2.3889996951,0.001003834568585754
48.8123567843,2.3889996951,0.0007602625393357279
48.8172506749,2.3889996951,0.00029975114980685974
48.8221445655,2.3889996951,6.152532899460614e-05
48.8270384561,2.3889996951,6.574199439116753e-06
48.8319323467,2.3889996951,3.657082418661035e-07
48.8368262373,2.3889996951,1.0678744295184562e-08
48.8417201279,2.3889996951,1.2269279009188452e-09
48.8466140185,2.3889996951,1.0603828392771538e-08
48.8515079091,2.3889996951,8.671496960617545e-08
48.8564017997,2.3889996951,5.838795062305971e-07
48.8612956903,2.3889996951,3.2366736571697762e-06
48.8661895809,2.3889996951,1.4771380788784281e-05
48.8710834715,2.3889996951,5.549959144850614e-05
48.8759773621,2.3889996951,0.00017167506575801745
48.8808712527,2.3889996951,0.0004373500299263325
48.8857651433,2.3889996951,0.0009259086968167864
48.8906590339,2.3889996951,0.0017477091437391166
48.8955529245,2.3889996951,0.0031667531743899166
48.9004468151,2.3889996951,0.004219960860992064
48.9053407057,2.3889996951,0.0033918948125265655
48.9102345963,2.3889996951,0.0021534262422915713
48.9151284869,2.3889996951,0.0013189493981563515
48.9200223775,2.3889996951,0.0007051236845309256
48.9249162681,2.3889996951,0.00031303851065063226
48.9298101587,2.3889996951,0.00011832895737151997
48.9347040493,2.3889996951,4.90876047853593e-05
48.9395979399,2.3889996951,4.697385890743559e-05
48.9444918305,2.3889996951,8.187430762837733e-05
48.9493857211,2.3889996951,0.00013523360983373108
48.9542796117,2.3889996951,0.00018399696575189945
48.9591735023,2.3889996951,0.00020307237572930915
48.9640673929,2.3889996951,0.00018152519025708023
48.9689612835,2.3889996951,0.00013140187518716274
48.9738551741,2.3889996951,7.702610988991538e-05
48.9787490647,2.3889996951,3.656330059257315e-05
48.7389484253,2.3938935857,5.633924218078609e-31
48.7438423159,2.3938935857,3.43548596107285e-27
48.7487362065,2.3938935857,1.0905891594460184e-23
48.7536300971,2.3938935857,1.802312089412415e-20
48.7585239877,2.3938935857,1.5505816365783293e-17
48.7634178783,2.3938935857,6.944725718278136e-15
48.7683117689,2.3938935857,1.6192405855523077e-12
48.7732056595,2.3938935857,1.9654567181165753e-10
48.7780995501,2.3938935857,1.2419708693220902e-08
48.7829934407,2.3938935857,4.085593515572295e-07
48.7878873313,2.3938935857,6.996723679676019e-06
48.7927812219,2.3938935857,6.237780825194674e-05
48.7976751125,2.3938935857,0.0002895085008334698
48.8025690031,2.3938935857,0.000699501018128323
48.8074628937,2.3938935857,0.0008798551949073348
48.8123567843,2.3938935857,0.0005761424502953987
48.8172506749,2.3938935857,0.00019640130503590527
48.8221445655,2.3938935857,3.485416578968997e-05
48.8270384561,2.3938935857,3.220048363685393e-06
48.8319323467,2.3938935857,1.5503219365880073e-07
48.8368262373,2.3938935857,5.769913124898391e-09
48.8417201279,2.3938935857,1.8048083809208665e-08
48.8466140185,2.3938935857,1.4092106121926737e-07
48.8515079091,2.3938935857,9.084123085212917e-07
48.8564017997,2.3938935857,4.821005983201866e-06
48.8612956903,2.3938935857,2.1063902267701225e-05
48.8661895809,2.3938935857,7.576811647952295e-05
48.8710834715,2.3938935857,0.00022437819707650544
48.8759773621,2.3938935857,0.0005470437158460301
48.8808712527,2.3938935857,0.00109818074115664
48.8857651433,2.3938935857,0.0018237941024665083
48.8906590339,2.3938935857,0.0026337525480161295
48.8955529245,2.3938935857,0.003676235150861042
48.9004468151,2.3938935857,0.0041177806410249125
48.9053407057,2.3938935857,0.002777499974144074
48.9102345963,2.3938935857,0.0013506399064531452
48.9151284869,2.3938935857,0.000629718450876026
48.9200223775,2.3938935857,0.0002638000380292502
48.9249162681,2.3938935857,9.227041530559213e-05
48.9298101587,2.3938935857,2.7931771756673986e-05
48.9347040493,2.3938935857,1.1960590045310223e-05
48.9395979399,2.3938935857,1.8473418262916466e-05
48.9444918305,2.3938935857,4.235648669592818e-05
48.9493857211,2.3938935857,8.343041727283924e-05
48.9542796117,2.3938935857,0.00013361058046306755
48.9591735023,2.3938935857,0.00017331825910382826
48.9640673929,2.3938935857,0.0001820650474572963
48.9689612835,2.3938935857,0.0001548746438121118
48.9738551741,2.3938935857,0.0001066854127493867
48.9787490647,2.3938935857,5.9511474009511106e-05
48.7389484253,2.3987874763,3.644408576430333e-30
48.7438423159,2.3987874763,1.9214162760226976e-26
48.7487362065,2.3987874763,5.273654714843818e-23
48.7536300971,2.3987874763,7.535251273038353e-20
48.7585239877,2.3987874763,5.605051503623022e-17
48.7634178783,2.3987874763,2.1704875410631946e-14
48.7683117689,2.3987874763,4.3755314327736496e-12
48.7732056595,2.3987874763,4.591981608209673e-10
48.7780995501,2.3987874763,2.5087956788291416e-08
48.7829934407,2.3987874763,7.135530504534278e-07
48.7878873313,2.3987874763,1.0565329899783325e-05
48.7927812219,2.3987874763,8.143960877156762e-05
48.7976751125,2.3987874763,0.0003268015563597653
48.8025690031,2.3987874763,0.0006826975978245487
48.8074628937,2.3987874763,0.0007424521246816099
48.8123567843,2.3987874763,0.00042034351858563634
48.8172506749,2.3987874763,0.0001238899511639262
48.8221445655,2.3987874763,1.9009211946549406e-05
48.8270384561,2.3987874763,1.5186925359457892e-06
48.8319323467,2.3987874763,6.634510698373966e-08
48.8368262373,2.3987874763,3.0548196333206985e-08
48.8417201279,2.3987874763,2.187643411862535e-07
48.8466140185,2.3987874763,1.349997990748505e-06
48.8515079091,2.3987874763,6.859093673078173e-06
48.8564017997,2.3987874763,2.8691078547173147e-05
48.8612956903,2.3987874763,9.880376965450678e-05
48.8661895809,2.3987874763,0.0002801216360598602
48.8710834715,2.3987874763,0.000653832184301548
48.8759773621,2.3987874763,0.001256413954426781
48.8808712527,2.3987874763,0.0019878400416469964
48.8857651433,2.3987874763,0.00259820290138975
48.8906590339,2.3987874763,0.0029405173381879986
48.8955529245,2.3987874763,0.0033527492338163954
48.9004468151,2.3987874763,0.0033244126390587657
48.9053407057,2.3987874763,0.0018895979439866675
48.9102345963,2.3987874763,0.0006621975598521625
48.9151284869,2.3987874763,0.00022001855005248814
48.9200223775,2.3987874763,7.120346258339333e-05
48.9249162681,2.3987874763,1.9618301098514574e-05
48.9298101587,2.3987874763,4.8590292463042364e-06
48.9347040493,2.3987874763,2.740848536915305e-06
48.9395979399,2.3987874763,6.9227360295027665e-06
48.9444918305,2.3987874763,1.952635858293757e-05
48.9493857211,2.3987874763,4.5356592802601146e-05
48.9542796117,2.3987874763,8.537966568035453e-05
48.9591735023,2.3987874763,0.00013015291164639273
48.9640673929,2.3987874763,0.00016066634897483924
48.9689612835,2.3987874763,0.00016060791097939912
48.9738551741,2.3987874763,0.00013001093594853133
48.9787490647,2.3987874763,8.522436576651638e-05
48.7389484253,2.4036813669,2.2696104136488478e-29
48.7438423159,2.4036813669,1.0345773084961674e-25
48.7487362065,2.4036813669,2.455106878955908e-22
48.7536300971,2.4036813669,3.033008857871636e-19
48.7585239877,2.4036813669,1.950620460395996e-16
48.7634178783,2.4036813669,6.53081968365807e-14
48.7683117689,2.4036813669,1.1383044453530179e-11
48.7732056595,2.4036813669,1.0328684028440228e-09
48.7780995501,2.4036813669,4.8789612957317846e-08
48.7829934407,2.4036813669,1.1997909316569869e-06
48.7878873313,2.4036813669,1.5359589128284788e-05
48.7927812219,2.4036813669,0.00010236451728818092
48.7976751125,2.4036813669,0.00035515268989573794
48.8025690031,2.4036813669,0.0006414703614060395
48.8074628937,2.4036813669,0.0006031619030613098
48.8123567843,2.4036813669,0.0002952480480992357
48.8172506749,2.4036813669,7.523781962391874e-05
48.8221445655,2.4036813669,9.98164356550795e-06
48.8270384561,2.4036813669,6.945053311919027e-07
48.8319323467,2.4036813669,6.997794563227536e-08
48.8368262373,2.4036813669,3.24808978446594e-07
48.8417201279,2.4036813669,1.9163485705244315e-06
48.8466140185,2.4036813669,9.321506454872751e-06
48.8515079091,2.4036813669,3.732890271185158e-05
48.8564017997,2.4036813669,0.00012306961555543977
48.8612956903,2.4036813669,0.0003340434523847873
48.8661895809,2.4036813669,0.0007464514786995857
48.8710834715,2.4036813669,0.0013732408120862131
48.8759773621,2.4036813669,0.002079881128868734
48.8808712527,2.4036813669,0.0025936085943335523
48.8857651433,2.4036813669,0.0026716823879826502
48.8906590339,2.4036813669,0.0024134748175550285
48.8955529245,2.4036813669,0.0024562434307918686
48.9004468151,2.4036813669,0.002411664395574136
48.9053407057,2.4036813669,0.001226956604787952
48.9102345963,2.4036813669,0.0002973763192902504
48.9151284869,2.4036813669,5.93699006261256e-05
48.9200223775,2.4036813669,1.3925197166670822e-05
48.9249162681,2.4036813669,3.0102019718585882e-06
48.9298101587,2.4036813669,6.43599606484482e-07
48.9347040493,2.4036813669,6.436211771869551e-07
48.9395979399,2.4036813669,2.3642202453080877e-06
48.9444918305,2.4036813669,7.944582585097328e-06
48.9493857211,2.4036813669,2.1700390540937892e-05
48.9542796117,2.4036813669,4.800466722849423e-05
48.9591735023,2.4036813669,8.599471710478646e-05
48.9640673929,2.4036813669,0.00012474727472758145
48.9689612835,2.4036813669,0.0001465417265570985
48.9738551741,2.4036813669,0.0001393999067215986
48.9787490647,2.4036813669,0.00010738277028181591
48.7389484253,2.4085752575,1.3607669981530375e-28
48.7438423159,2.4085752575,5.363059667233625e-25
48.7487362065,2.4085752575,1.1003663761484532e-21
48.7536300971,2.4085752575,1.175324569081365e-18
48.7585239877,2.4085752575,6.535429580230483e-16
48.7634178783,2.4085752575,1.8918481962670842e-13
48.7683117689,2.4085752575,2.8509805348733308e-11
48.7732056595,2.4085752575,2.236650056252324e-09
48.7780995501,2.4085752575,9.134770681196591e-08
48.7829934407,2.4085752575,1.942196108303166e-06
48.7878873313,2.4085752575,2.1497320479796154e-05
48.7927812219,2.4085752575,0.00012387150192644963
48.7976751125,2.4085752575,0.00037158168260927917
48.8025690031,2.4085752575,0.0005802738664171283
48.8074628937,2.4085752575,0.00047174526680563675
48.8123567843,2.4085752575,0.00019965401307847993
48.8172506749,2.4085752575,4.398978962329115e-05
48.8221445655,2.4085752575,5.0535331365519876e-06
48.8270384561,2.4085752575,3.681346518931855e-07
48.8319323467,2.4085752575,4.687314536311177e-07
48.8368262373,2.4085752575,2.5985406116608943e-06
48.8417201279,2.4085752575,1.2100291290091536e-05
48.8466140185,2.4085752575,4.639101554145348e-05
48.8515079091,2.4085752575,0.00014642609470042896
48.8564017997,2.4085752575,0.0003804955474483326
48.8612956903,2.4085752575,0.0008140051978594876
48.8661895809,2.4085752575,0.0014336768636961286
48.8710834715,2.4085752575,0.0020788438803900477
48.8759773621,2.4085752575,0.002481642038128775
48.8808712527,2.4085752575,0.0024391157076250037
48.8857651433,2.4085752575,0.00198271087640993
48.8906590339,2.4085752575,0.0014763873061787247
48.8955529245,2.4085752575,0.0015979369079288169
48.9004468151,2.4085752575,0.0018084879332258782
48.9053407057,2.4085752575,0.0009035349484854604
48.9102345963,2.4085752575,0.00016588575157465172
48.9151284869,2.4085752575,1.594925851253009e-05
48.9200223775,2.4085752575,2.041120875887096e-06
48.9249162681,2.4085752575,3.341252193207342e-07
48.9298101587,2.4085752575,7.069628193533601e-08
48.9347040493,2.4085752575,1.5200528539311436e-07
48.9395979399,2.4085752575,7.183341434039303e-07
48.9444918305,2.4085752575,2.8456838708930885e-06
48.9493857211,2.4085752575,9.135142849630065e-06
48.9542796117,2.4085752575,2.3747662186913435e-05
48.9591735023,2.4085752575,4.999164662528347e-05
48.9640673929,2.4085752575,8.522067409468242e-05
48.9689612835,2.4085752575,0.0001176422792512035
48.9738551741,2.4085752575,0.00013150820097096525
48.9787490647,2.4085752575,0.00011904555519462906
48.7389484253,2.4134691481,7.8546075966799225e-28
48.7438423159,2.4134691481,2.6765201005596193e-24
48.7487362065,2.4134691481,4.7480186486412015e-21
48.7536300971,2.4134691481,4.384803617775809e-18
48.7585239877,2.4134691481,2.1080635551255e-15
48.7634178783,2.4134691481,5.276100675969414e-13
48.7683117689,2.4134691481,6.874454928543284e-11
48.7732056595,2.4134691481,4.662934178030949e-09
48.7780995501,2.4134691481,1.6465545455305703e-07
48.7829934407,2.4134691481,3.026835232244224e-06
48.7878873313,2.4134691481,2.8966582506489333e-05
48.7927812219,2.4134691481,0.00014431170590339603
48.7976751125,2.4134691481,0.00037428436230546884
48.8025690031,2.4134691481,0.0005053562381582256
48.8074628937,2.4134691481,0.0003552135426582821
48.8123567843,2.4134691481,0.0001299813504501149
48.8172506749,2.4134691481,2.4772380032499423e-05
48.8221445655,2.4134691481,2.5499745652926466e-06
48.8270384561,2.4134691481,7.482121771828468e-07
48.8319323467,2.4134691481,3.368717916676159e-06
48.8368262373,2.4134691481,1.500365748651e-05
48.8417201279,2.4134691481,5.506971694982996e-05
48.8466140185,2.4134691481,0.00016640885076334925
48.8515079091,2.4134691481,0.00041398680654836296
48.8564017997,2.4134691481,0.0008478969629200986
48.8612956903,2.4134691481,0.0014297040855732366
48.8661895809,2.4134691481,0.0019847039607632897
48.8710834715,2.4134691481,0.0022682546739847907
48.8759773621,2.4134691481,0.0021341973863953922
48.8808712527,2.4134691481,0.0016533601102876976
48.8857651433,2.4134691481,0.001063550289443851
48.8906590339,2.4134691481,0.0007134294400405893
48.8955529245,2.4134691481,0.001100644576161644
48.9004468151,2.4134691481,0.0015332254849684465
48.9053407057,2.4134691481,0.0007846335086768154
48.9102345963,2.4134691481,0.00013038902952945108
48.9151284869,2.4134691481,7.548863127989291e-06
48.9200223775,2.4134691481,2.966605010032382e-07
48.9249162681,2.4134691481,2.7326620022168773e-08
48.9298101587,2.4134691481,7.624245783960409e-09
48.9347040493,2.4134691481,3.3732646459184927e-08
48.9395979399,2.4134691481,1.9254945220329112e-07
48.9444918305,2.4134691481,8.96912056644397e-07
48.9493857211,2.4134691481,3.383546885886225e-06
48.9542796117,2.4134691481,1.0336322680104871e-05
48.9591735023,2.4134691481,2.5570008236556982e-05
48.9640673929,2.4134691481,5.122318970641898e-05
48.9689612835,2.4134691481,8.30946975257334e-05
48.9738551741,2.4134691481,0.00010915683763829688
48.9787490647,2.4134691481,0.00011611799302807103
48.7389484253,2.4183630387,4.364957708402412e-27
48.7438423159,2.4183630387,1.2859879626982977e-23
48.7487362065,2.4183630387,1.9724033949393842e-20
48.7536300971,2.4183630387,1.5748916461849654e-17
48.7585239877,2.4183630387,6.546383714124413e-15
48.7634178783,2.4183630387,1.4166026805963369e-12
48.7683117689,2.4183630387,1.5958441730891007e-10
48.7732056595,2.4183630387,9.35898446366006e-09
48.7780995501,2.4183630387,2.857345728299024e-07
48.7829934407,2.4183630387,4.541430559499791e-06
48.7878873313,2.4183630387,3.757667821558112e-05
48.7927812219,2.4183630387,0.00016186014153616267
48.7976751125,2.4183630387,0.0003629587558019572
48.8025690031,2.4183630387,0.00042371183760230735
48.8074628937,2.4183630387,0.0002575030946064647
48.8123567843,2.4183630387,8.148414308591538e-05
48.8172506749,2.4183630387,1.354542954803662e-05
48.8221445655,2.4183630387,1.953519040736747e-06
48.8270384561,2.4183630387,4.214642249129199e-06
48.8319323467,2.4183630387,1.7771136936699006e-05
48.8368262373,2.4183630387,6.244277713005234e-05
48.8417201279,2.4183630387,0.00018064446927621876
48.8466140185,2.4183630387,0.00043024291618446836
48.8515079091,2.4183630387,0.0008436247013476853
48.8564017997,2.4183630387,0.0013618564933096074
48.8612956903,2.4183630387,0.0018099221871715255
48.8661895809,2.4183630387,0.0019803181212454442
48.8710834715,2.4183630387,0.0017838425511922844
48.8759773621,2.4183630387,0.001322893512339072
48.8808712527,2.4183630387,0.0008078465606922909
48.8857651433,2.4183630387,0.0004151561174406046
48.8906590339,2.4183630387,0.0003255543885627604
48.8955529245,2.4183630387,0.0009010644509569714
48.9004468151,2.4183630387,0.0014263919456320758
48.9053407057,2.4183630387,0.0007393012926026935
48.9102345963,2.4183630387,0.00012043377550222842
48.9151284869,2.4183630387,6.1917413882939875e-06
48.9200223775,2.4183630387,1.1061368473174315e-07
48.9249162681,2.4183630387,2.062434352260737e-09
48.9298101587,2.4183630387,9.374334216868408e-10
48.9347040493,2.4183630387,6.730193800605572e-09
48.9395979399,2.4183630387,4.5435039227088155e-08
48.9444918305,2.4183630387,2.487286491322481e-07
48.9493857211,2.4183630387,1.1026480597557774e-06
48.9542796117,2.4183630387,3.958393934117046e-06
48.9591735023,2.4183630387,1.1507263269747252e-05
48.9640673929,2.4183630387,2.708919052021906e-05
48.9689612835,2.4183630387,5.164056052223039e-05
48.9738551741,2.4183630387,7.971807612316596e-05
48.9787490647,2.4183630387,9.96537422492946e-05
48.7389484253,2.4232569293,2.3376210768328162e-26
48.7438423159,2.4232569293,5.948812393011925e-23
48.7487362065,2.4232569293,7.888393345953178e-20
48.7536300971,2.4232569293,5.4457731823398695e-17
48.7585239877,2.4232569293,1.957164979808121e-14
48.7634178783,2.4232569293,3.661771563143363e-12
48.7683117689,2.4232569293,3.566571171143169e-10
48.7732056595,2.4232569293,1.8084494177350065e-08
48.7780995501,2.4232569293,4.773727886044187e-07
48.7829934407,2.4232569293,6.560014141002147e-06
48.7878873313,2.4232569293,4.692969347686065e-05
48.7927812219,2.4232569293,0.0001747778964866899
48.7976751125,2.4232569293,0.0003388608072376763
48.8025690031,2.4232569293,0.0003420224750949509
48.8074628937,2.4232569293,0.00017973469206959689
48.8123567843,2.4232569293,4.932302922514707e-05
48.8172506749,2.4232569293,7.991502755764153e-06
48.8221445655,2.4232569293,5.438650989263106e-06
48.8270384561,2.4232569293,2.0123295287263232e-05
48.8319323467,2.4232569293,6.763075998697351e-05
48.8368262373,2.4232569293,0.0001873109787274416
48.8417201279,2.4232569293,0.0004271016631211917
48.8466140185,2.4232569293,0.0008017626139414083
48.8515079091,2.4232569293,0.0012391013771841366
48.8564017997,2.4232569293,0.0015765740634868723
48.8612956903,2.4232569293,0.001651461353984997
48.8661895809,2.4232569293,0.0014241933458641553
48.8710834715,2.4232569293,0.0010111509396618034
48.8759773621,2.4232569293,0.0005910309468491275
48.8808712527,2.4232569293,0.00028457905367289726
48.8857651433,2.4232569293,0.00012175225870635366
48.8906590339,2.4232569293,0.00019159611864294504
48.8955529245,2.4232569293,0.0008343718737397275
48.9004468151,2.4232569293,0.0013722228320391745
48.9053407057,2.4232569293,0.0007108266401276148
48.9102345963,2.4232569293,0.00011502158929882021
48.9151284869,2.4232569293,5.812770897176704e-06
48.9200223775,2.4232569293,9.22332523592308e-08
48.9249162681,2.4232569293,5.2222527591845e-10
48.9298101587,2.4232569293,1.2602238705477842e-10
48.9347040493,2.4232569293,1.1877173353079433e-09
48.9395979399,2.4232569293,9.433700843498332e-09
48.9444918305,2.4232569293,6.068900546906818e-08
48.9493857211,2.4232569293,3.1616180233757536e-07
48.9542796117,2.4232569293,1.3337662429194034e-06
48.9591735023,2.4232569293,4.556391003771515e-06
48.9640673929,2.4232569293,1.2604719675970542e-05
48.9689612835,2.4232569293,2.823685599773304e-05
48.9738551741,2.4232569293,5.122363898883745e-05
48.9787490647,2.4232569293,7.524808614828892e-05
48.7389484253,2.4281508199,1.2631081399819067e-25
48.7438423159,2.4281508199,2.6543658613726504e-22
48.7487362065,2.4281508199,3.037677537592807e-19
48.7536300971,2.4281508199,1.812933132536564e-16
48.7585239877,2.4281508199,5.633294062226397e-14
48.7634178783,2.4281508199,9.112611047049099e-12
48.7683117689,2.4281508199,7.673960911480132e-10
48.7732056595,2.4281508199,3.3642809086345395e-08
48.7780995501,2.4281508199,7.678223892744935e-07
48.7829934407,2.4281508199,9.122736763089085e-06
48.7878873313,2.4281508199,5.642680060398517e-05
48.7927812219,2.4281508199,0.00018169458905971364
48.7976751125,2.4281508199,0.00030457752398084715
48.8025690031,2.4281508199,0.0002658201069441401
48.8074628937,2.4281508199,0.00012095161958042165
48.8123567843,2.4281508199,2.9726317164859696e-05
48.8172506749,2.4281508199,9.069107647409039e-06
48.8221445655,2.4281508199,2.1949253960312913e-05
48.8270384561,2.4281508199,6.997424790227059e-05
48.8319323467,2.4281508199,0.00018552070646268655
48.8368262373,2.4281508199,0.00040498515483190426
48.8417201279,2.4281508199,0.0007278344726775928
48.8466140185,2.4281508199,0.0010768932124064637
48.8515079091,2.4281508199,0.0013117744191544877
48.8564017997,2.4281508199,0.0013155040059945168
48.8612956903,2.4281508199,0.0010861046973159847
48.8661895809,2.4281508199,0.0007382402308172578
48.8710834715,2.4281508199,0.00041311429833154584
48.8759773621,2.4281508199,0.00019032305358421202
48.8808712527,2.4281508199,7.235090227322531e-05
48.8857651433,2.4281508199,3.1488587782718684e-05
48.8906590339,2.4281508199,0.00015758464992876817
48.8955529245,2.4281508199,0.00080477210874902
48.9004468151,2.4281508199,0.0013276820367069096
48.9053407057,2.4281508199,0.0006843896661822434
48.9102345963,2.4281508199,0.00011010430957453842
48.9151284869,2.4281508199,5.528024639610954e-06
48.9200223775,2.4281508199,8.66328115053219e-08
48.9249162681,2.4281508199,4.264152851556125e-10
48.9298101587,2.4281508199,1.6759507896145825e-11
48.9347040493,2.4281508199,1.846081807722963e-10
48.9395979399,2.4281508199,1.7233972724164263e-09
48.9444918305,2.4281508199,1.3028728281197951e-08
48.9493857211,2.4281508199,7.976082461029485e-08
48.9542796117,2.4281508199,3.954104889260515e-07
48.9591735023,2.4281508199,1.587368205639086e-06
48.9640673929,2.4281508199,5.160337548489318e-06
48.9689612835,2.4281508199,1.3584682281552003e-05
48.9738551741,2.4281508199,2.895954953190437e-05
48.9787490647,2.4281508199,4.999252358402862e-05
48.7389484253,2.4330447105,1.6941709299664263e-24
48.7438423159,2.4330447105,1.2117479871040641e-21
48.7487362065,2.4330447105,1.1302182933319746e-18
48.7536300971,2.4330447105,5.812370968559991e-16
48.7585239877,2.4330447105,1.5610821202388251e-13
48.7634178783,2.4330447105,2.183268557170871e-11
48.7683117689,2.4330447105,1.5896374536063645e-09
48.7732056595,2.4330447105,6.025418889620967e-08
48.7780995501,2.4330447105,1.1889754621484992e-06
48.7829934407,2.4330447105,1.2213913729261609e-05
48.7878873313,2.4330447105,6.531814805520826e-05
48.7927812219,2.4330447105,0.0001818505202391519
48.7976751125,2.4330447105,0.0002635916535629129
48.8025690031,2.4330447105,0.00019909386453506099
48.8074628937,2.4330447105,7.942462521687146e-05
48.8123567843,2.4330447105,2.195889098198624e-05
48.8172506749,2.4330447105,2.4123489357536104e-05
48.8221445655,2.4330447105,6.923460090704748e-05
48.8270384561,2.4330447105,0.0001755165106179549
48.8319323467,2.4330447105,0.00036680673175230205
48.8368262373,2.4330447105,0.0006311168098953491
48.8417201279,2.4330447105,0.0008939819408184485
48.8466140185,2.4330447105,0.001042543640722319
48.8515079091,2.4330447105,0.0010009358418184924
48.8564017997,2.4330447105,0.0007911607578895793
48.8612956903,2.4330447105,0.0005148369803068967
48.8661895809,2.4330447105,0.00027581712705475515
48.8710834715,2.4330447105,0.00012165199411483619
48.8759773621,2.4330447105,4.4174634533581285e-05
48.8808712527,2.4330447105,1.3368323703704434e-05
48.8857651433,2.4330447105,1.204992558941083e-05
48.8906590339,2.4330447105,0.00014907061692114233
48.8955529245,2.4330447105,0.0007812141684668117
48.9004468151,2.4330447105,0.0012829216810213149
48.9053407057,2.4330447105,0.0006575494134874216
48.9102345963,2.4330447105,0.00010517351415191242
48.9151284869,2.4330447105,5.249663042899599e-06
48.9200223775,2.4330447105,8.177215642086282e-08
48.9249162681,2.4330447105,3.976342229309367e-10
48.9298101587,2.4330447105,2.4684584831211366e-12
48.9347040493,2.4330447105,2.525043619931433e-11
48.9395979399,2.4330447105,2.7701092605264006e-10
48.9444918305,2.4330447105,2.460944338283452e-09
48.9493857211,2.4330447105,1.7704253810287456e-08
48.9542796117,2.4330447105,1.0313935348667299e-07
48.9591735023,2.4330447105,4.865664098185012e-07
48.9640673929,2.4330447105,1.858791958186918e-06
48.9689612835,2.4330447105,5.7502984689660036e-06
48.9738551741,2.4330447105,1.4405254362536845e-05
48.9787490647,2.4330447105,2.9222839771722764e-05
48.7389484253,2.4379386011,1.4687660438170605e-22
48.7438423159,2.4379386011,1.254690720620423e-20
48.7487362065,2.4379386011,4.371050503090125e-18
48.7536300971,2.4379386011,1.8058687292081976e-15
48.7585239877,2.4379386011,4.168394757292289e-13
48.7634178783,2.4379386011,5.036813811401798e-11
48.7683117689,2.4379386011,3.170366512274395e-09
48.7732056595,2.4379386011,1.0389701289883208e-07
48.7780995501,2.4379386011,1.772570053660278e-06
48.7829934407,2.4379386011,1.574366200329039e-05
48.7878873313,2.4379386011,7.279753675130355e-05
48.7927812219,2.4379386011,0.000175258263115666
48.7976751125,2.4379386011,0.00021983181700470914
48.8025690031,2.4379386011,0.00014464886348070346
48.8074628937,2.4379386011,5.480886728103632e-05
48.8123567843,2.4379386011,3.0707978067401466e-05
48.8172506749,2.4379386011,6.605380550017258e-05
48.8221445655,2.4379386011,0.00015864433084934856
48.8270384561,2.4379386011,0.00031734159204608654
48.8319323467,2.4379386011,0.00052272971691781
48.8368262373,2.4379386011,0.0007088839738653918
48.8417201279,2.4379386011,0.0007914429880554906
48.8466140185,2.4379386011,0.0007274625037058482
48.8515079091,2.4379386011,0.0005504882960075681
48.8564017997,2.4379386011,0.00034295099424924404
48.8612956903,2.4379386011,0.00017589866457108085
48.8661895809,2.4379386011,7.427446254808566e-05
48.8710834715,2.4379386011,2.582040330964894e-05
48.8759773621,2.4379386011,7.390737895029963e-06
48.8808712527,2.4379386011,1.901856556359259e-06
48.8857651433,2.4379386011,8.96972843212699e-06
48.8906590339,2.4379386011,0.000144789629719779
48.8955529245,2.4379386011,0.0007573417183924091
48.9004468151,2.4379386011,0.001236649132031704
48.9053407057,2.4379386011,0.0006301601257473286
48.9102345963,2.4379386011,0.00010020785574867575
48.9151284869,2.4379386011,4.972775810937595e-06
48.9200223775,2.4379386011,7.700914086022342e-08
48.9249162681,2.4379386011,3.7217209637882544e-10
48.9298101587,2.4379386011,7.521575193819109e-13
48.9347040493,2.4379386011,3.0390079809833104e-12
48.9395979399,2.4379386011,3.917564800311512e-11
48.9444918305,2.4379386011,4.0898681780180475e-10
48.9493857211,2.4379386011,3.4575890484741437e-09
48.9542796117,2.4379386011,2.367055163568374e-08
48.9591735023,2.4379386011,1.31224318482254e-07
48.9640673929,2.4379386011,5.891029727023662e-07
48.9689612835,2.4379386011,2.1416033827224888e-06
48.9738551741,2.4379386011,6.30460403541039e-06
48.9787490647,2.4379386011,1.5029603678872832e-05
48.7389484253,2.4428324917,1.3633839644522045e-20
48.7438423159,2.4428324917,6.044178245420085e-19
48.7487362065,2.4428324917,3.454585756183479e-17
48.7536300971,2.4428324917,5.930284085148703e-15
48.7585239877,2.4428324917,1.0840888763931368e-12
48.7634178783,2.4428324917,1.1211346807967604e-10
48.7683117689,2.4428324917,6.091258974574057e-09
48.7732056595,2.4428324917,1.7252660797791142e-07
48.7780995501,2.4428324917,2.5446999590258166e-06
48.7829934407,2.4428324917,1.954222385289781e-05
48.7878873313,2.4428324917,7.814595401967876e-05
48.7927812219,2.4428324917,0.00016282510315835625
48.7976751125,2.4428324917,0.00017755411856801572
48.8025690031,2.4428324917,0.00010538997318882882
48.8074628937,2.4428324917,4.9984911959900955e-05
48.8123567843,2.4428324917,6.32994415228687e-05
48.8172506749,2.4428324917,0.00013726013215672168
48.8221445655,2.4428324917,0.0002622580320356719
48.8270384561,2.4428324917,0.00041355688115271306
48.8319323467,2.4428324917,0.000536922840918616
48.8368262373,2.4428324917,0.0005738988230719759
48.8417201279,2.4428324917,0.0005050161785219062
48.8466140185,2.4428324917,0.00036586574364728134
48.8515079091,2.4428324917,0.00021821505217689988
48.8564017997,2.4428324917,0.00010715048971438199
48.8612956903,2.4428324917,4.3316176611803154e-05
48.8661895809,2.4428324917,1.441625882616917e-05
48.8710834715,2.4428324917,3.950041975627025e-06
48.8759773621,2.4428324917,8.919631515673162e-07
48.8808712527,2.4428324917,3.235774747410481e-07
48.8857651433,2.4428324917,8.470772928787612e-06
48.8906590339,2.4428324917,0.00014079010839931766
48.8955529245,2.4428324917,0.0007323979364778009
48.9004468151,2.4428324917,0.0011889887742925135
48.9053407057,2.4428324917,0.0006023581683511516
48.9102345963,2.4428324917,9.523094469952791e-05
48.9151284869,2.4428324917,4.698374307338903e-06
48.9200223775,2.4428324917,7.2337478306905e-08
48.9249162681,2.4428324917,3.4755719589420385e-10
48.9298101587,2.4428324917,5.383137749301067e-13
48.9347040493,2.4428324917,3.2200440800844145e-13
48.9395979399,2.4428324917,4.87464775198365e-12
48.9444918305,2.4428324917,5.9803222264009e-11
48.9493857211,2.4428324917,5.941236986005953e-10
48.9542796117,2.4428324917,4.779694165957525e-09
48.9591735023,2.4428324917,3.113825586445006e-08
48.9640673929,2.4428324917,1.6427043181229266e-07
48.9689612835,2.4428324917,7.017710625210368e-07
48.9738551741,2.4428324917,2.427741571875313e-06
48.9787490647,2.4428324917,6.801119341615107e-06
48.7389484253,2.4477263823,9.284821195811237e-19
48.7438423159,2.4477263823,3.154236823827439e-17
48.7487362065,2.4477263823,9.239248402578214e-16
48.7536300971,2.4477263823,3.5409108245502393e-14
48.7585239877,2.4477263823,3.026391899327798e-12
48.7634178783,2.4477263823,2.4501621110538944e-10
48.7683117689,2.4477263823,1.1326802037367523e-08
48.7732056595,2.4477263823,2.76428528800988e-07
48.7780995501,2.4477263823,3.522227917285069e-06
48.7829934407,2.4477263823,2.3389312459275463e-05
48.7878873313,2.4477263823,8.096540485727304e-05
48.7927812219,2.4477263823,0.00014658605287935837
48.7976751125,2.4477263823,0.000141675221006652
48.8025690031,2.4477263823,8.503947434539293e-05
48.8074628937,2.4477263823,6.750921819929845e-05
48.8123567843,2.4477263823,0.00011510317883923992
48.8172506749,2.4477263823,0.00020715459040412249
48.8221445655,2.4477263823,0.0003125291871307036
48.8270384561,2.4477263823,0.00038845347911115155
48.8319323467,2.4477263823,0.0003975038503405722
48.8368262373,2.4477263823,0.0003348808209759549
48.8417201279,2.4477263823,0.0002322660382853702
48.8466140185,2.4477263823,0.00013262568761191037
48.8515079091,2.4477263823,6.234707513397773e-05
48.8564017997,2.4477263823,2.4129649849449e-05
48.8612956903,2.4477263823,7.68833776985076e-06
48.8661895809,2.4477263823,2.0167886550044765e-06
48.8710834715,2.4477263823,4.3554846845411443e-07
48.8759773621,2.4477263823,7.835016636062611e-08
48.8808712527,2.4477263823,1.665215676112325e-07
48.8857651433,2.4477263823,8.24309922199472e-06
48.8906590339,2.4477263823,0.0001365934158419424
48.8955529245,2.4477263823,0.0007064580081231724
48.9004468151,2.4477263823,0.00114022245009682
48.9053407057,2.4477263823,0.0005743003223250317
48.9102345963,2.4477263823,9.026819605896379e-05
48.9151284869,2.4477263823,4.427684813550474e-06
48.9200223775,2.4477263823,6.777427229608986e-08
48.9249162681,2.4477263823,3.237422097816321e-10
48.9298101587,2.4477263823,4.839552327137911e-13
48.9347040493,2.4477263823,3.020089000457693e-14
48.9395979399,2.4477263823,5.336764811188512e-13
48.9444918305,2.4477263823,7.69391908406241e-12
48.9493857211,2.4477263823,8.982311937965939e-11
48.9542796117,2.4477263823,8.491796799122291e-10
48.9591735023,2.4477263823,6.50102737928538e-09
48.9640673929,2.4477263823,4.030281104296173e-08
48.9689612835,2.4477263823,2.0232969333132529e-07
48.9738551741,2.4477263823,8.225358766606412e-07
48.9787490647,2.4477263823,2.7078276447753613e-06
48.7389484253,2.4526202729,4.561303009477215e-17
48.7438423159,2.4526202729,1.2189083080159531e-15
48.7487362065,2.4526202729,2.6950359856836727e-14
48.7536300971,2.4526202729,5.273346638915212e-13
48.7585239877,2.4526202729,1.3532374550246013e-11
48.7634178783,2.4526202729,5.808840423030722e-10
48.7683117689,2.4526202729,2.091847662103244e-08
48.7732056595,2.4526202729,4.3154280524987914e-07
48.7780995501,2.4526202729,4.727398259467374e-06
48.7829934407,2.4526202729,2.7132460594425946e-05
48.7878873313,2.4526202729,8.156082835471074e-05
48.7927812219,2.4526202729,0.0001299216802135662
48.7976751125,2.4526202729,0.00011717582445032836
48.8025690031,2.4526202729,8.430613493044693e-05
48.8074628937,2.4526202729,9.82526935488481e-05
48.8123567843,2.4526202729,0.00015714380690602436
48.8172506749,2.4526202729,0.00022565435312901975
48.8221445655,2.4526202729,0.000268447533406301
48.8270384561,2.4526202729,0.00026298907149320625
48.8319323467,2.4526202729,0.0002121121601444063
48.8368262373,2.4526202729,0.0001408445293318637
48.8417201279,2.4526202729,7.699471202267509e-05
48.8466140185,2.4526202729,3.46520007152409e-05
48.8515079091,2.4526202729,1.2839326117008823e-05
48.8564017997,2.4526202729,3.916540708266606e-06
48.8612956903,2.4526202729,9.835797059844807e-07
48.8661895809,2.4526202729,2.03358802384598e-07
48.8710834715,2.4526202729,3.461654076521516e-08
48.8759773621,2.4526202729,5.748732747238686e-09
48.8808712527,2.4526202729,1.5249417320188735e-07
48.8857651433,2.4526202729,8.022253116257416e-06
48.8906590339,2.4526202729,0.00013218333063507777
48.8955529245,2.4526202729,0.0006796825216613179
48.9004468151,2.4526202729,0.0010906408434386465
48.9053407057,2.4526202729,0.0005461395701670371
48.9102345963,2.4526202729,8.534375783707379e-05
48.9151284869,2.4526202729,4.161846997157817e-06
48.9200223775,2.4526202729,6.333542503950666e-08
48.9249162681,2.4526202729,3.0078315046281556e-10
48.9298101587,2.4526202729,4.458606979204537e-13
48.9347040493,2.4526202729,2.6633223375856814e-15
48.9395979399,2.4526202729,5.1406832640943144e-14
48.9444918305,2.4526202729,8.709202717382425e-13
48.9493857211,2.4526202729,1.1948328257145221e-11
48.9542796117,2.4526202729,1.3274153430047177e-10
48.9591735023,2.4526202729,1.1942010876147072e-09
48.9640673929,2.4526202729,8.699995603952635e-09
48.9689612835,2.4526202729,5.132530579129653e-08
48.9738551741,2.4526202729,2.4519691373514405e-07
48.9787490647,2.4526202729,9.485700211240198e-07
48.7389484253,2.4575141635,1.6151829803705873e-15
48.7438423159,2.4575141635,3.4013376504158445e-14
48.7487362065,2.4575141635,5.901045910573062e-13
48.7536300971,2.4575141635,8.527246427609063e-12
48.7585239877,2.4575141635,1.1332219623943305e-10
48.7634178783,2.4575141635,1.9317252187513346e-09
48.7683117689,2.4575141635,4.192006226824126e-08
48.7732056595,2.4575141635,6.781319811468216e-07
48.7780995501,2.4575141635,6.258641016813187e-06
48.7829934407,2.4575141635,3.092331311755146e-05
48.7878873313,2.4575141635,8.118884103376377e-05
48.7927812219,2.4575141635,0.00011651854863531936
48.7976751125,2.4575141635,0.00010509880849522567
48.8025690031,2.4575141635,9.324697209655544e-05
48.8074628937,2.4575141635,0.00011740910189437698
48.8123567843,2.4575141635,0.00015603728815194134
48.8172506749,2.4575141635,0.00017722549350369192
48.8221445655,2.4575141635,0.00016619809656611827
48.8270384561,2.4575141635,0.00012833088674364651
48.8319323467,2.4575141635,8.158016133630788e-05
48.8368262373,2.4575141635,4.269573119217597e-05
48.8417201279,2.4575141635,1.8396315583307572e-05
48.8466140185,2.4575141635,6.525649541314736e-06
48.8515079091,2.4575141635,1.905737769188689e-06
48.8564017997,2.4575141635,4.581936178202542e-07
48.8612956903,2.4575141635,9.069459997605938e-08
48.8661895809,2.4575141635,1.4779520731734038e-08
48.8710834715,2.4575141635,1.9844673605689056e-09
48.8759773621,2.4575141635,1.1010222995600087e-09
48.8808712527,2.4575141635,1.483876136131359e-07
48.8857651433,2.4575141635,7.788410274638973e-06
48.8906590339,2.4575141635,0.00012758638904602083
48.8955529245,2.4575141635,0.0006522381308655088
48.9004468151,2.4575141635,0.0010405291576753466
48.9053407057,2.4575141635,0.0005180224185037389
48.9102345963,2.4575141635,8.048020736109885e-05
48.9151284869,2.4575141635,3.90189743274543e-06
48.9200223775,2.4575141635,5.903490143106883e-08
48.9249162681,2.4575141635,2.787327931925037e-10
48.9298101587,2.4575141635,4.1069526351761204e-13
48.9347040493,2.4575141635,3.6604927818203473e-16
48.9395979399,2.4575141635,4.356860034400816e-15
48.9444918305,2.4575141635,8.673950499248229e-14
48.9493857211,2.4575141635,1.3984080423112271e-12
48.9542796117,2.4575141635,1.8256681038610365e-11
48.9591735023,2.4575141635,1.93010388458121e-10
48.9640673929,2.4575141635,1.6523821053280634e-09
48.9689612835,2.4575141635,1.1455425439071548e-08
48.9738551741,2.4575141635,6.431065077791408e-08
48.9787490647,2.4575141635,2.92365098825251e-07
48.7389484253,2.4624080541,4.12240966942946e-14
48.7438423159,2.4624080541,6.842188051534278e-13
48.7487362065,2.4624080541,9.350664881451657e-12
48.7536300971,2.4624080541,1.0545958135224683e-10
48.7585239877,2.4624080541,1.0059236030595615e-09
48.7634178783,2.4624080541,9.287287444317195e-09
48.7683117689,2.4624080541,1.0319857567129601e-07
48.7732056595,2.4624080541,1.1367702683013296e-06
48.7780995501,2.4624080541,8.409491273070585e-06
48.7829934407,2.4624080541,3.5279018342034216e-05
48.7878873313,2.4624080541,8.11461808879135e-05
48.7927812219,2.4624080541,0.00010691415608520371
48.7976751125,2.4624080541,9.789878413907922e-05
48.8025690031,2.4624080541,9.303613266442759e-05
48.8074628937,2.4624080541,0.00010501770587372622
48.8123567843,2.4624080541,0.00011194814589030572
48.8172506749,2.4624080541,0.00010033294883731113
48.8221445655,2.4624080541,7.416318854753883e-05
48.8270384561,2.4624080541,4.513562583514534e-05
48.8319323467,2.4624080541,2.261508990471021e-05
48.8368262373,2.4624080541,9.32875513735106e-06
48.8417201279,2.4624080541,3.1680758354396282e-06
48.8466140185,2.4624080541,8.857556752239939e-07
48.8515079091,2.4624080541,2.0388196842907956e-07
48.8564017997,2.4624080541,3.863582513960368e-08
48.8612956903,2.4624080541,6.027650535923852e-09
48.8661895809,2.4624080541,7.7419964017441e-10
48.8710834715,2.4624080541,8.347836899032123e-11
48.8759773621,2.4624080541,8.712327959168565e-10
48.8808712527,2.4624080541,1.4451205056141898e-07
48.8857651433,2.4624080541,7.541961677226029e-06
48.8906590339,2.4624080541,0.00012283223144421724
48.8955529245,2.4624080541,0.0006242903106178496
48.9004468151,2.4624080541,0.0009901638765772239
48.9053407057,2.4624080541,0.0004900876886991363
48.9102345963,2.4624080541,7.569840668302235e-05
48.9151284869,2.4624080541,3.6487651810063645e-06
48.9200223775,2.4624080541,5.488470348436143e-08
48.9249162681,2.4624080541,2.5763387193879337e-10
48.9298101587,2.4624080541,3.7739938865976304e-13
48.9347040493,2.4624080541,1.8376733742922686e-16
48.9395979399,2.4624080541,3.2490909862738646e-16
48.9444918305,2.4624080541,7.600868771581605e-15
48.9493857211,2.4624080541,1.4400197069380173e-13
48.9542796117,2.4624080541,2.209248547681572e-12
48.9591735023,2.4624080541,2.744679650323647e-11
48.9640673929,2.4624080541,2.7612751731284606e-10
48.9689612835,2.4624080541,2.2495655650168332e-09
48.9738551741,2.4624080541,1.4840842782520181e-08
48.9787490647,2.4624080541,7.928470504237415e-08
48.7389484253,2.4673019447,7.583601934682188e-13
48.7438423159,2.4673019447,9.920723370191321e-12
48.7487362065,2.4673019447,1.0684936450998339e-10
48.7536300971,2.4673019447,9.4806145902256e-10
48.7585239877,2.4673019447,6.983134608773393e-09
48.7634178783,2.4673019447,4.497641406246291e-08
48.7683117689,2.4673019447,2.954642955999374e-07
48.7732056595,2.4673019447,2.0674864331193697e-06
48.7780995501,2.4673019447,1.157434408945956e-05
48.7829934407,2.4673019447,4.027692545747395e-05
48.7878873313,2.4673019447,8.044297806374896e-05
48.7927812219,2.4673019447,9.614644554975986e-05
48.7976751125,2.4673019447,8.387507373473967e-05
48.8025690031,2.4673019447,7.34538733921752e-05
48.8074628937,2.4673019447,6.856822123925424e-05
48.8123567843,2.4673019447,5.793975313710359e-05
48.8172506749,2.4673019447,4.094225696093452e-05
48.8221445655,2.4673019447,2.3853161801849327e-05
48.8270384561,2.4673019447,1.144201508240424e-05
48.8319323467,2.4673019447,4.51863064126889e-06
48.8368262373,2.4673019447,1.469121442863221e-06
48.8417201279,2.4673019447,3.932376139170705e-07
48.8466140185,2.4673019447,8.665605349620368e-08
48.8515079091,2.4673019447,1.5721329143884873e-08
48.8564017997,2.4673019447,2.34815149992127e-09
48.8612956903,2.4673019447,2.8874167193174277e-10
48.8661895809,2.4673019447,2.923163520717057e-11
48.8710834715,2.4673019447,4.021022052925917e-12
48.8759773621,2.4673019447,8.445473774207514e-10
48.8808712527,2.4673019447,1.403931932197649e-07
48.8857651433,2.4673019447,7.284508058004989e-06
48.8906590339,2.4673019447,0.00011795073840650865
48.8955529245,2.4673019447,0.000596001470070607
48.9004468151,2.4673019447,0.0009398103612882359
48.9053407057,2.4673019447,0.0004624655187418396
48.9102345963,2.4673019447,7.101739159759189e-05
48.9151284869,2.4673019447,3.403269232699734e-06
48.9200223775,2.4673019447,5.089488400134242e-08
48.9249162681,2.4673019447,2.375189042881629e-10
48.9298101587,2.4673019447,3.459142737725051e-13
48.9347040493,2.4673019447,1.5783957311443426e-16
48.9395979399,2.4673019447,2.133776140096395e-17
48.9444918305,2.4673019447,5.860265408496641e-16
48.9493857211,2.4673019447,1.3047001528469942e-14
48.9542796117,2.4673019447,2.352204537362412e-13
48.9591735023,2.4673019447,3.4340798959704504e-12
48.9640673929,2.4673019447,4.059912262961786e-11
48.9689612835,2.4673019447,3.8868147588994687e-10
48.9738551741,2.4673019447,3.0132972798589324e-09
48.9787490647,2.4673019447,1.8917383038093275e-08
