LATITUDE,LONGITUDE,probability
48.7389484253,2.2275013053,1.4697722429078353e-23
48.7438423159,2.2275013053,1.1872678474105144e-20
48.7487362065,2.2275013053,5.5266451874489495e-18
48.7536300971,2.2275013053,1.4824794158000372e-15
48.7585239877,2.2275013053,2.2915533449876436e-13
48.7634178783,2.2275013053,2.041199638603635e-11
48.7683117689,2.2275013053,1.0477440551379008e-09
48.7732056595,2.2275013053,3.099125327796306e-08
48.7780995501,2.2275013053,5.282472985833096e-07
48.7829934407,2.2275013053,5.1885934329386985e-06
48.7878873313,2.2275013053,2.936812431980624e-05
48.7927812219,2.2275013053,9.578929781274872e-05
48.7976751125,2.2275013053,0.00018004123395219958
48.8025690031,2.2275013053,0.00019500295088968362
48.8074628937,2.2275013053,0.00012170953338211306
48.8123567843,2.2275013053,4.377460368182742e-05
48.8172506749,2.2275013053,9.072647963108572e-06
48.8221445655,2.2275013053,1.083577823069307e-06
48.8270384561,2.2275013053,7.45762201679274e-08
48.8319323467,2.2275013053,2.9577048868518522e-09
48.8368262373,2.2275013053,6.759639288133312e-11
48.8417201279,2.2275013053,8.902385887293261e-13
48.8466140185,2.2275013053,6.756215925147543e-15
48.8515079091,2.2275013053,2.9547098354363834e-17
48.8564017997,2.2275013053,7.446297202353215e-20
48.8612956903,2.2275013053,1.0813844141707633e-22
48.8661895809,2.2275013053,9.049697386168725e-26
48.8710834715,2.2275013053,4.364177517134383e-29
48.8759773621,2.2275013053,3.884614361231026e-32
48.8808712527,2.2275013053,1.1142635932861663e-29
48.8857651433,2.2275013053,1.3703289567608538e-27
48.8906590339,2.2275013053,4.969575293185045e-26
48.8955529245,2.2275013053,5.314607363369479e-25
48.9004468151,2.2275013053,1.676025280209922e-24
48.9053407057,2.2275013053,1.5586457338581867e-24
48.9102345963,2.2275013053,4.274366283666608e-25
48.9151284869,2.2275013053,3.4566350220762054e-26
48.9200223775,2.2275013053,8.243142096032755e-28
48.9249162681,2.2275013053,5.796816477484195e-30
48.9298101587,2.2275013053,1.2026642638099584e-32
48.9347040493,2.2275013053,3.493402315671284e-35
48.9395979399,2.2275013053,5.601772453420618e-35
48.9444918305,2.2275013053,4.653827581619736e-35
48.9493857211,2.2275013053,1.5817024305982605e-35
48.9542796117,2.2275013053,2.1991693115378053e-36
48.9591735023,2.2275013053,1.2508693236026264e-37
48.9640673929,2.2275013053,2.9106139633774864e-39
48.9689612835,2.2275013053,2.77061809332007e-41
48.9738551741,2.2275013053,1.0789171948539977e-43
48.9787490647,2.2275013053,1.718774707063924e-46
48.7389484253,2.2323951959,3.9670863713540596e-26
48.7438423159,2.2323951959,5.2788354479498464e-23
48.7487362065,2.2323951959,4.047797745161267e-20
48.7536300971,2.2323951959,1.7886019312024456e-17
48.7585239877,2.2323951959,4.554312195786305e-15
48.7634178783,2.2323951959,6.682609934935302e-13
48.7683117689,2.2323951959,5.650457822516291e-11
48.7732056595,2.2323951959,2.753184871153447e-09
48.7780995501,2.2323951959,7.730388541149337e-08
48.7829934407,2.2323951959,1.2507815963951295e-06
48.7878873313,2.2323951959,1.1662075635453205e-05
48.7927812219,2.2323951959,6.265914093974955e-05
48.7976751125,2.2323951959,0.0001940024571057757
48.8025690031,2.2323951959,0.00034613397986615413
48.8074628937,2.2323951959,0.00035587333877682667
48.8123567843,2.2323951959,0.0002108438225228425
48.8172506749,2.2323951959,7.198475336382249e-05
48.8221445655,2.2323951959,1.4162318992122353e-05
48.8270384561,2.2323951959,1.6056187639158219e-06
48.8319323467,2.2323951959,1.0489739639414224e-07
48.8368262373,2.2323951959,3.949127854575176e-09
48.8417201279,2.2323951959,8.567456170765134e-11
48.8466140185,2.2323951959,1.0710673970083805e-12
48.8515079091,2.2323951959,7.716065746558948e-15
48.8564017997,2.2323951959,3.2032383160399186e-17
48.8612956903,2.2323951959,7.662964142634741e-20
48.8661895809,2.2323951959,1.0563760525590444e-22
48.8710834715,2.2323951959,8.391789021586982e-26
48.8759773621,2.2323951959,4.5769598897311144e-29
48.8808712527,2.2323951959,1.8862480922237394e-27
48.8857651433,2.2323951959,1.4266306847590254e-25
48.8906590339,2.2323951959,3.1818823049465912e-24
48.8955529245,2.2323951959,2.0927344911270322e-23
48.9004468151,2.2323951959,4.058837114224914e-23
48.9053407057,2.2323951959,2.3213818462065747e-23
48.9102345963,2.2323951959,3.9151554910397435e-24
48.9151284869,2.2323951959,1.9471926245440773e-25
48.9200223775,2.2323951959,2.8557901320595837e-27
48.9249162681,2.2323951959,1.235113847806777e-29
48.9298101587,2.2323951959,1.6889415834910282e-32
48.9347040493,2.2323951959,3.1806791529926114e-33
48.9395979399,2.2323951959,3.6248438088321365e-33
48.9444918305,2.2323951959,1.6931194859051053e-33
48.9493857211,2.2323951959,3.2352316881931603e-34
48.9542796117,2.2323951959,2.528963483554659e-35
48.9591735023,2.2323951959,8.087217443245518e-37
48.9640673929,2.2323951959,1.0579741903190502e-38
48.9689612835,2.2323951959,5.662007194289649e-41
48.9738551741,2.2323951959,1.2396102301042278e-43
48.9787490647,2.2323951959,1.110246154252207e-46
48.7389484253,2.2372890865,6.385650273662423e-29
48.7438423159,2.2372890865,1.3997143042764018e-25
48.7487362065,2.2372890865,1.768022890691945e-22
48.7536300971,2.2372890865,1.286917117847326e-19
48.7585239877,2.2372890865,5.3979329189294644e-17
48.7634178783,2.2372890865,1.3047238467678623e-14
48.7683117689,2.2372890865,1.817288710207698e-12
48.7732056595,2.2372890865,1.4586243804891786e-10
48.7780995501,2.2372890865,6.746479726996263e-09
48.7829934407,2.2372890865,1.798146956778484e-07
48.7878873313,2.2372890865,2.761769037988965e-06
48.7927812219,2.2372890865,2.4443519727627945e-05
48.7976751125,2.2372890865,0.00012466781245467018
48.8025690031,2.2372890865,0.0003664031067257567
48.8074628937,2.2372890865,0.0006205519822316539
48.8123567843,2.2372890865,0.000605635604022325
48.8172506749,2.2372890865,0.0003406111347623863
48.8221445655,2.2372890865,0.000110387651878319
48.8270384561,2.2372890865,2.0615618121567113e-05
48.8319323467,2.2372890865,2.2186379524374792e-06
48.8368262373,2.2372890865,1.3759122150743987e-07
48.8417201279,2.2372890865,4.91710209893724e-09
48.8466140185,2.2372890865,1.0126093598081134e-10
48.8515079091,2.2372890865,1.2016800745792757e-12
48.8564017997,2.2372890865,8.217694542472423e-15
48.8612956903,2.2372890865,3.2383615903054886e-17
48.8661895809,2.2372890865,7.353852195054745e-20
48.8710834715,2.2372890865,9.623181520873236e-23
48.8759773621,2.2372890865,7.407826340987296e-26
48.8808712527,2.2372890865,2.384813969825949e-25
48.8857651433,2.2372890865,1.1091499656703143e-23
48.8906590339,2.2372890865,1.5213913093509596e-22
48.8955529245,2.2372890865,6.153880555675581e-22
48.9004468151,2.2372890865,7.340314434188468e-22
48.9053407057,2.2372890865,2.581890001011005e-22
48.9102345963,2.2372890865,2.678047509694738e-23
48.9151284869,2.2372890865,8.191365208405295e-25
48.9200223775,2.2372890865,7.388427275876809e-27
48.9249162681,2.2372890865,1.9688905062116256e-29
48.9298101587,2.2372890865,1.5732314309635573e-31
48.9347040493,2.2372890865,2.2267950470605308e-31
48.9395979399,2.2372890865,1.4294059254770592e-31
48.9444918305,2.2372890865,3.7536800515985723e-32
48.9493857211,2.2372890865,4.032536605398243e-33
48.9542796117,2.2372890865,1.7722246603431407e-34
48.9591735023,2.2372890865,3.186241012739476e-36
48.9640673929,2.2372890865,2.343461713283336e-38
48.9689612835,2.2372890865,7.051093808812607e-41
48.9738551741,2.2372890865,8.679096431271889e-44
48.9787490647,2.2372890865,4.370306798865258e-47
48.7389484253,2.2421829771,6.129858677774748e-32
48.7438423159,2.2421829771,2.2133624420880354e-28
48.7487362065,2.2421829771,4.605415537718309e-25
48.7536300971,2.2421829771,5.52203708392348e-22
48.7585239877,2.2421829771,3.815434719231634e-19
48.7634178783,2.2421829771,1.5191580077117154e-16
48.7683117689,2.2421829771,3.485588214732698e-14
48.7732056595,2.2421829771,4.6085406360650505e-12
48.7780995501,2.2421829771,3.5112760596808513e-10
48.7829934407,2.2421829771,1.5416320871128474e-08
48.7878873313,2.2421829771,3.9004141028341415e-07
48.7927812219,2.2421829771,5.686629144602812e-06
48.7976751125,2.2421829771,4.7776387270585485e-05
48.8025690031,2.2421829771,0.00023130547770688572
48.8074628937,2.2421829771,0.0006453164566298059
48.8123567843,2.2421829771,0.0010374657654106047
48.8172506749,2.2421829771,0.0009611452417283538
48.8221445655,2.2421829771,0.000513119450254176
48.8270384561,2.2421829771,0.00015785638236863827
48.8319323467,2.2421829771,2.7984659409890608e-05
48.8368262373,2.2421829771,2.8588549229973555e-06
48.8417201279,2.2421829771,1.68297792575707e-07
48.8466140185,2.2421829771,5.7092483350133664e-09
48.8515079091,2.2421829771,1.1160757181366949e-10
48.8564017997,2.2421829771,1.2572527567588165e-12
48.8612956903,2.2421829771,8.161420321468098e-15
48.8661895809,2.2421829771,3.0529739943901744e-17
48.8710834715,2.2421829771,6.581042279759794e-20
48.8759773621,2.2421829771,8.198067238306978e-23
48.8808712527,2.2421829771,2.2569250983781712e-23
48.8857651433,2.2421829771,6.439630937662458e-22
48.8906590339,2.2421829771,5.4323749001110225e-21
48.8955529245,2.2421829771,1.3513752977288054e-20
48.9004468151,2.2421829771,9.913332849032672e-21
48.9053407057,2.2421829771,2.1444744217693504e-21
48.9102345963,2.2421829771,1.3679792911542085e-22
48.9151284869,2.2421829771,2.573331035894258e-24
48.9200223775,2.2421829771,1.4275722945777953e-26
48.9249162681,2.2421829771,2.835355105524062e-29
48.9298101587,2.2421829771,1.0799799796759488e-29
48.9347040493,2.2421829771,9.517628811413203e-30
48.9395979399,2.2421829771,3.434901284712796e-30
48.9444918305,2.2421829771,5.07129905519931e-31
48.9493857211,2.2421829771,3.062975859717188e-32
48.9542796117,2.2421829771,7.568107935975526e-34
48.9591735023,2.2421829771,7.649806530579149e-36
48.9640673929,2.2421829771,3.1632460689344793e-38
48.9689612835,2.2421829771,5.350999290140218e-41
48.9738551741,2.2421829771,3.7030212197245946e-44
48.9787490647,2.2421829771,1.0483273084694926e-47
48.7389484253,2.2470768677,3.5091962247195194e-35
48.7438423159,2.2470768677,2.0872647105229628e-31
48.7487362065,2.2470768677,7.154208930034785e-28
48.7536300971,2.2470768677,1.413057774949415e-24
48.7585239877,2.2470768677,1.6083198806347902e-21
48.7634178783,2.2470768677,1.0548705143509732e-18
48.7683117689,2.2470768677,3.9869435565035954e-16
48.7732056595,2.2470768677,8.683508485502071e-14
48.7780995501,2.2470768677,1.0898446336719456e-11
48.7829934407,2.2470768677,7.882212855507489e-10
48.7878873313,2.2470768677,3.285079911947128e-08
48.7927812219,2.2470768677,7.889653495641815e-07
48.7976751125,2.2470768677,1.0919031848155025e-05
48.8025690031,2.2470768677,8.708122844460979e-05
48.8074628937,2.2470768677,0.0004002019243737576
48.8123567843,2.2470768677,0.0010598587990078936
48.8172506749,2.2470768677,0.001617450722352133
48.8221445655,2.2470768677,0.0014224215330857462
48.8270384561,2.2470768677,0.0007208415129909275
48.8319323467,2.2470768677,0.00021050648151823073
48.8368262373,2.2470768677,3.542463356668064e-05
48.8417201279,2.2470768677,3.435258890561836e-06
48.8466140185,2.2470768677,1.9196753547673134e-07
48.8515079091,2.2470768677,6.18173406316579e-09
48.8564017997,2.2470768677,1.1471152616830615e-10
48.8612956903,2.2470768677,1.2266425040066667e-12
48.8661895809,2.2470768677,7.558631482393518e-15
48.8710834715,2.2470768677,2.6840002280561735e-17
48.8759773621,2.2470768677,5.494730863578663e-20
48.8808712527,2.2470768677,1.6517496914468665e-21
48.8857651433,2.2470768677,2.792057266323106e-20
48.8906590339,2.2470768677,1.4485400921184355e-19
48.8955529245,2.2470768677,2.216128162140286e-19
48.9004468151,2.2470768677,9.998082029890383e-20
48.9053407057,2.2470768677,1.3301358189467223e-20
48.9102345963,2.2470768677,5.218344573012524e-22
48.9151284869,2.2470768677,6.037099951721289e-24
48.9200223775,2.2470768677,2.0734900760202114e-26
48.9249162681,2.2470768677,4.32966309879985e-28
48.9298101587,2.2470768677,4.998184546598025e-28
48.9347040493,2.2470768677,2.4789993495638314e-28
48.9395979399,2.2470768677,5.029968536105569e-29
48.9444918305,2.2470768677,4.175163776913607e-30
48.9493857211,2.2470768677,1.4177548922127728e-31
48.9542796117,2.2470768677,1.9694646233266617e-33
48.9591735023,2.2470768677,1.1192177902850303e-35
48.9640673929,2.2470768677,2.6019588049887853e-38
48.9689612835,2.2470768677,2.4746034783010535e-41
48.9738551741,2.2470768677,9.627869891033866e-45
48.9787490647,2.2470768677,1.532407247671989e-48
48.7389484253,2.2519707583,1.1980548558169693e-38
48.7438423159,2.2519707583,1.173854809577713e-34
48.7487362065,2.2519707583,6.627752392085311e-31
48.7536300971,2.2519707583,2.1564151681524904e-27
48.7585239877,2.2519707583,4.0430833281345625e-24
48.7634178783,2.2519707583,4.36824730817318e-21
48.7683117689,2.2519707583,2.719668399361355e-18
48.7732056595,2.2519707583,9.757507722335587e-16
48.7780995501,2.2519707583,2.0173258966965203e-13
48.7829934407,2.2519707583,2.403407627267529e-11
48.7878873313,2.2519707583,1.650034473841856e-09
48.7927812219,2.2519707583,6.527889768674814e-08
48.7976751125,2.2519707583,1.488218907770554e-06
48.8025690031,2.2519707583,1.9551272781195082e-05
48.8074628937,2.2519707583,0.00014801218288359563
48.8123567843,2.2519707583,0.0006457049320260905
48.8172506749,2.2519707583,0.0016232482938838386
48.8221445655,2.2519707583,0.0023515272615402213
48.8270384561,2.2519707583,0.001963040646877441
48.8319323467,2.2519707583,0.0009443278063271562
48.8368262373,2.2519707583,0.00026177639046923607
48.8417201279,2.2519707583,4.1816952902683756e-05
48.8466140185,2.2519707583,3.849359774733287e-06
48.8515079091,2.2519707583,2.0419205274314005e-07
48.8564017997,2.2519707583,6.241706999358215e-09
48.8612956903,2.2519707583,1.0994668317548733e-10
48.8661895809,2.2519707583,1.1160280186796635e-12
48.8710834715,2.2519707583,6.528032026267407e-15
48.8759773621,2.2519707583,2.2006379816965788e-17
48.8808712527,2.2519707583,1.2629129776494985e-19
48.8857651433,2.2519707583,9.040683745386058e-19
48.8906590339,2.2519707583,2.884451849606034e-18
48.8955529245,2.2519707583,2.7139744358492774e-18
48.9004468151,2.2519707583,7.530185696411091e-19
48.9053407057,2.2519707583,6.1611685512444e-20
48.9102345963,2.2519707583,1.4865449749887355e-21
48.9151284869,2.2519707583,1.0579753253666634e-23
48.9200223775,2.2519707583,3.4615021032116893e-26
48.9249162681,2.2519707583,2.0714683216252867e-26
48.9298101587,2.2519707583,1.4110544861802445e-26
48.9347040493,2.2519707583,3.9347437894907844e-27
48.9395979399,2.2519707583,4.488576189977948e-28
48.9444918305,2.2519707583,2.094691812658726e-29
48.9493857211,2.2519707583,3.998996831938967e-31
48.9542796117,2.2519707583,3.123211362231972e-33
48.9591735023,2.2519707583,9.978633750292179e-36
48.9640673929,2.2519707583,1.3042480039434522e-38
48.9689612835,2.2519707583,6.973786856097307e-42
48.9738551741,2.2519707583,1.525444985344436e-45
48.9787490647,2.2519707583,1.3650351053956615e-49
48.7389484253,2.2568646489,2.4392572971616854e-42
48.7438423159,2.2568646489,3.936978977551688e-38
48.7487362065,2.2568646489,3.661700253511405e-34
48.7536300971,2.2568646489,1.9625317696369025e-30
48.7585239877,2.2568646489,6.061286509522801e-27
48.7634178783,2.2568646489,1.0787657306216614e-23
48.7683117689,2.2568646489,1.1063783830374399e-20
48.7732056595,2.2568646489,6.538745485750985e-18
48.7780995501,2.2568646489,2.2268932358436777e-15
48.7829934407,2.2568646489,4.370373664034444e-13
48.7878873313,2.2568646489,4.942560069385155e-11
48.7927812219,2.2568646489,3.221065479029858e-09
48.7976751125,2.2568646489,1.2096545463823917e-07
48.8025690031,2.2568646489,2.6178055377724066e-06
48.8074628937,2.2568646489,3.264582239469455e-05
48.8123567843,2.2568646489,0.0002346021870672377
48.8172506749,2.2568646489,0.0009715176853428013
48.8221445655,2.2568646489,0.002318374421484988
48.8270384561,2.2568646489,0.0031880905927376565
48.8319323467,2.2568646489,0.0025263408379285314
48.8368262373,2.2568646489,0.001153632393897372
48.8417201279,2.2568646489,0.00030356881405834866
48.8466140185,2.2568646489,4.603213062144317e-05
48.8515079091,2.2568646489,4.022344014433477e-06
48.8564017997,2.2568646489,2.025403504242798e-07
48.8612956903,2.2568646489,5.877032796031407e-09
48.8661895809,2.2568646489,9.826953089523983e-11
48.8710834715,2.2568646489,9.468776460584456e-13
48.8759773621,2.2568646489,5.25769124636205e-15
48.8808712527,2.2568646489,2.0107220419057497e-17
48.8857651433,2.2568646489,2.1889747880888764e-17
48.8906590339,2.2568646489,4.289319283191187e-17
48.8955529245,2.2568646489,2.4820390834696515e-17
48.9004468151,2.2568646489,4.235324200934371e-18
48.9053407057,2.2568646489,2.1311900609217728e-19
48.9102345963,2.2568646489,3.162440794252207e-21
48.9151284869,2.2568646489,1.413305259784852e-23
48.9200223775,2.2568646489,6.940613585912392e-25
48.9249162681,2.2568646489,6.334623434145633e-25
48.9298101587,2.2568646489,2.4275757664632235e-25
48.9347040493,2.2568646489,3.8058251363366273e-26
48.9395979399,2.2568646489,2.4408678060611877e-27
48.9444918305,2.2568646489,6.404114371362934e-29
48.9493857211,2.2568646489,6.873743001854941e-31
48.9542796117,2.2568646489,3.018192201867467e-33
48.9591735023,2.2568646489,5.421505289745134e-36
48.9640673929,2.2568646489,3.9839352381608894e-39
48.9689612835,2.2568646489,1.1976338025107302e-42
48.9738551741,2.2568646489,1.4728387825648075e-46
48.9787490647,2.2568646489,7.409787761171609e-51
48.7389484253,2.2617585395,2.961763528926335e-46
48.7438423159,2.2617585395,7.874512318720142e-42
48.7487362065,2.2617585395,1.2064551009512435e-37
48.7536300971,2.2617585395,1.0651551528008113e-33
48.7585239877,2.2617585395,5.419120308183062e-30
48.7634178783,2.2617585395,1.588762294346749e-26
48.7683117689,2.2617585395,2.6841282764685997e-23
48.7732056595,2.2617585395,2.6131348482116856e-20
48.7780995501,2.2617585395,1.4660020832499674e-17
48.7829934407,2.2617585395,4.739380362266243e-15
48.7878873313,2.2617585395,8.829228436960268e-13
48.7927812219,2.2617585395,9.478468115251683e-11
48.7976751125,2.2617585395,5.863646294720125e-09
48.8025690031,2.2617585395,2.0903142826019693e-07
48.8074628937,2.2617585395,4.29407496905895e-06
48.8123567843,2.2617585395,5.083254668929394e-05
48.8172506749,2.2617585395,0.0003467594659966296
48.8221445655,2.2617585395,0.0013631040060626055
48.8270384561,2.2617585395,0.0030877623987058686
48.8319323467,2.2617585395,0.004030630304346637
48.8368262373,2.2617585395,0.003031909744130538
48.8417201279,2.2617585395,0.0013142372825817386
48.8466140185,2.2617585395,0.000328280819596152
48.8515079091,2.2617585395,4.725322414398772e-05
48.8564017997,2.2617585395,3.919508358908742e-06
48.8612956903,2.2617585395,1.873466600715255e-07
48.8661895809,2.2617585395,5.160294962939677e-09
48.8710834715,2.2617585395,8.19063005035462e-11
48.8759773621,2.2617585395,7.491664717761504e-13
48.8808712527,2.2617585395,4.04506655832577e-15
48.8857651433,2.2617585395,4.066898458308205e-16
48.8906590339,2.2617585395,4.763475269424437e-16
48.8955529245,2.2617585395,1.6951319744569036e-16
48.9004468151,2.2617585395,1.7789331078376594e-17
48.9053407057,2.2617585395,5.505208977890907e-19
48.9102345963,2.2617585395,5.029474439497924e-21
48.9151284869,2.2617585395,3.094086176368351e-23
48.9200223775,2.2617585395,2.2438893177438616e-23
48.9249162681,2.2617585395,1.1812297090103741e-23
48.9298101587,2.2617585395,2.545037596984588e-24
48.9347040493,2.2617585395,2.243228565880432e-25
48.9395979399,2.2617585395,8.088579197161017e-27
48.9444918305,2.2617585395,1.1931370957184948e-28
48.9493857211,2.2617585395,7.199922901700792e-31
48.9542796117,2.2617585395,1.7773981932279332e-33
48.9591735023,2.2617585395,1.7949857857474448e-36
48.9640673929,2.2617585395,7.415777385977305e-40
48.9689612835,2.2617585395,1.2533482117717749e-43
48.9738551741,2.2617585395,8.665750845734521e-48
48.9787490647,2.2617585395,2.4510944224533884e-52
48.7389484253,2.2666524301,2.1446429928074793e-50
48.7438423159,2.2666524301,9.392822093657718e-46
48.7487362065,2.2666524301,2.370562427632664e-41
48.7536300971,2.2666524301,3.4476320418138222e-37
48.7585239877,2.2666524301,2.8893797939462023e-33
48.7634178783,2.2666524301,1.395412361022808e-29
48.7683117689,2.2666524301,3.883423118184817e-26
48.7732056595,2.2666524301,6.227891946235815e-23
48.7780995501,2.2666524301,5.755481174011927e-20
48.7829934407,2.2666524301,3.0650419143155685e-17
48.7878873313,2.2666524301,9.406009422058498e-15
48.7927812219,2.2666524301,1.6633690349936089e-12
48.7976751125,2.2666524301,1.6950637133097776e-10
48.8025690031,2.2666524301,9.954000375572658e-09
48.8074628937,2.2666524301,3.368398692504864e-07
48.8123567843,2.2666524301,6.568459687129418e-06
48.8172506749,2.2666524301,7.381044080759327e-05
48.8221445655,2.2666524301,0.0004779541871292213
48.8270384561,2.2666524301,0.001783482916208319
48.8319323467,2.2666524301,0.0038350042368794257
48.8368262373,2.2666524301,0.004752005711696349
48.8417201279,2.2666524301,0.003393143847185755
48.8466140185,2.2666524301,0.0013961812457523137
48.8515079091,2.2666524301,0.00033105148490127664
48.8564017997,2.2666524301,4.5233843571470285e-05
48.8612956903,2.2666524301,3.56160420043346e-06
48.8661895809,2.2666524301,1.616002503737175e-07
48.8710834715,2.2666524301,4.225252000843828e-09
48.8759773621,2.2666524301,6.366182767939738e-11
48.8808712527,2.2666524301,5.548489270935453e-13
48.8857651433,2.2666524301,8.087710900348273e-15
48.8906590339,2.2666524301,3.9581224414882485e-15
48.8955529245,2.2666524301,8.645635971502716e-16
48.9004468151,2.2666524301,5.579878154982374e-17
48.9053407057,2.2666524301,1.0620617397247912e-18
48.9102345963,2.2666524301,6.314238061723758e-21
48.9151284869,2.2666524301,6.361558392500657e-22
48.9200223775,2.2666524301,4.533206488017085e-22
48.9249162681,2.2666524301,1.3422849482026804e-22
48.9298101587,2.2666524301,1.6259528126092156e-23
48.9347040493,2.2666524301,8.057318814106104e-25
48.9395979399,2.2666524301,1.6333999949996687e-26
48.9444918305,2.2666524301,1.3546089559370164e-28
48.9493857211,2.2666524301,4.5957323323433905e-31
48.9542796117,2.2666524301,6.3784462621840505e-34
48.9591735023,2.2666524301,3.62154984289452e-37
48.9640673929,2.2666524301,8.411886872663395e-41
48.9689612835,2.2666524301,7.993036040239551e-45
48.9738551741,2.2666524301,3.107059070057432e-49
48.9787490647,2.2666524301,4.9409065477831686e-54
48.7389484253,2.2715463207,9.26129021677388e-55
48.7438423159,2.2715463207,6.68159865657651e-50
48.7487362065,2.2715463207,2.7778160851722126e-45
48.7536300971,2.2715463207,6.65488879816856e-41
48.7585239877,2.2715463207,9.187393733456228e-37
48.7634178783,2.2715463207,7.309001755202327e-33
48.7683117689,2.2715463207,3.350719051424964e-29
48.7732056595,2.2715463207,8.85181187016599e-26
48.7780995501,2.2715463207,1.3475365288769385e-22
48.7829934407,2.2715463207,1.1821242592257552e-19
48.7878873313,2.2715463207,5.975853256908691e-17
48.7927812219,2.2715463207,1.7408082264008237e-14
48.7976751125,2.2715463207,2.9222417935836413e-12
48.8025690031,2.2715463207,2.8268032143987586e-10
48.8074628937,2.2715463207,1.5757568970842323e-08
48.8123567843,2.2715463207,5.06170777168521e-07
48.8172506749,2.2715463207,9.369558593227864e-06
48.8221445655,2.2715463207,9.994369599470989e-05
48.8270384561,2.2715463207,0.0006143358956455099
48.8319323467,2.2715463207,0.0021760586138928942
48.8368262373,2.2715463207,0.00444170282113479
48.8417201279,2.2715463207,0.005224474554112547
48.8466140185,2.2715463207,0.0035411958773025067
48.8515079091,2.2715463207,0.0013831570446700791
48.8564017997,2.2715463207,0.0003113201618362938
48.8612956903,2.2715463207,4.0379153801253215e-05
48.8661895809,2.2715463207,3.018014978495125e-06
48.8710834715,2.2715463207,1.2998695816188638e-07
48.8759773621,2.2715463207,3.226214715954519e-09
48.8808712527,2.2715463207,4.6176918979533226e-11
48.8857651433,2.2715463207,4.338887216621402e-13
48.8906590339,2.2715463207,2.6269409236815003e-14
48.8955529245,2.2715463207,3.297771662038216e-15
48.9004468151,2.2715463207,1.3071052352381047e-16
48.9053407057,2.2715463207,1.5355383164898348e-18
48.9102345963,2.2715463207,1.9073724781052035e-20
48.9151284869,2.2715463207,1.3725960588516768e-20
48.9200223775,2.2715463207,5.583422630339427e-21
48.9249162681,2.2715463207,9.294959289302296e-22
48.9298101587,2.2715463207,6.330149949977685e-23
48.9347040493,2.2715463207,1.7635992063967114e-24
48.9395979399,2.2715463207,2.010042233861555e-26
48.9444918305,2.2715463207,9.371947813492921e-29
48.9493857211,2.2715463207,1.7876147587191621e-31
48.9542796117,2.2715463207,1.3948817511691614e-34
48.9591735023,2.2715463207,4.45266728335867e-38
48.9640673929,2.2715463207,5.814635394454537e-42
48.9689612835,2.2715463207,3.1063051850027173e-46
48.9738551741,2.2715463207,6.788677013392343e-51
48.9787490647,2.2715463207,6.06939723782049e-56
48.7389484253,2.2764402113,2.385062908122855e-59
48.7438423159,2.2764402113,2.8345004675603015e-54
48.7487362065,2.2764402113,1.9411872893549727e-49
48.7536300971,2.2764402113,7.660772340554103e-45
48.7585239877,2.2764402113,1.7421754325456628e-40
48.7634178783,2.2764402113,2.2831025833840007e-36
48.7683117689,2.2764402113,1.7241425787874854e-32
48.7732056595,2.2764402113,7.503003348851655e-29
48.7780995501,2.2764402113,1.8815307258590593e-25
48.7829934407,2.2764402113,2.718953002629996e-22
48.7878873313,2.2764402113,2.2641557491141735e-19
48.7927812219,2.2764402113,1.086488433022483e-16
48.7976751125,2.2764402113,3.004402587713227e-14
48.8025690031,2.2764402113,4.78746221217721e-12
48.8074628937,2.2764402113,4.396092299439287e-10
48.8123567843,2.2764402113,2.3261753900718753e-08
48.8172506749,2.2764402113,7.093038591716964e-07
48.8221445655,2.2764402113,1.2463396174560992e-05
48.8270384561,2.2764402113,0.00012619864416794677
48.8319323467,2.2764402113,0.0007363549138677186
48.8368262373,2.2764402113,0.0024759045675888844
48.8417201279,2.2764402113,0.0047972773130088445
48.8466140185,2.2764402113,0.00535636247356101
48.8515079091,2.2764402113,0.0034463493957590245
48.8564017997,2.2764402113,0.001277799936338532
48.8612956903,2.2764402113,0.000273011305064715
48.8661895809,2.2764402113,3.361341297731685e-05
48.8710834715,2.2764402113,2.384837572098755e-06
48.8759773621,2.2764402113,9.750340679021504e-08
48.8808712527,2.2764402113,2.297596985480089e-09
48.8857651433,2.2764402113,3.15906740355375e-11
48.8906590339,2.2764402113,3.5713525241252655e-13
48.8955529245,2.2764402113,1.0465727322604339e-14
48.9004468151,2.2764402113,2.3155802111410675e-16
48.9053407057,2.2764402113,1.889666993110947e-18
48.9102345963,2.2764402113,3.310262261200415e-19
48.9151284869,2.2764402113,1.8317507118639985e-19
48.9200223775,2.2764402113,4.190754246573241e-20
48.9249162681,2.2764402113,3.92231610140414e-21
48.9298101587,2.2764402113,1.5018009784233715e-22
48.9347040493,2.2764402113,2.3523479763017797e-24
48.9395979399,2.2764402113,1.5073362385839786e-26
48.9444918305,2.2764402113,3.951282723562339e-29
48.9493857211,2.2764402113,4.2372634003743877e-32
48.9542796117,2.2764402113,1.858883656547507e-35
48.9591735023,2.2764402113,3.3360945242684804e-39
48.9640673929,2.2764402113,2.4493106824977652e-43
48.9689612835,2.2764402113,7.356458629106424e-48
48.9738551741,2.2764402113,9.038848520974407e-53
48.9787490647,2.2764402113,4.543356447740863e-58
48.7389484253,2.2813341019,3.663026343802881e-64
48.7438423159,2.2813341019,7.1710795378278645e-59
48.7487362065,2.2813341019,8.089901771444492e-54
48.7536300971,2.2813341019,5.2591573977564564e-49
48.7585239877,2.2813341019,1.9701681796604626e-44
48.7634178783,2.2813341019,4.253090692228088e-40
48.7683117689,2.2813341019,5.290786031271931e-36
48.7732056595,2.2813341019,3.792712860531256e-32
48.7780995501,2.2813341019,1.5667292147043638e-28
48.7829934407,2.2813341019,3.729513045867104e-25
48.7878873313,2.2813341019,5.115929263550963e-22
48.7927812219,2.2813341019,4.043999961134335e-19
48.7976751125,2.2813341019,1.8420947547656553e-16
48.8025690031,2.2813341019,4.835339814736856e-14
48.8074628937,2.2813341019,7.314021734999372e-12
48.8123567843,2.2813341019,6.375286466179614e-10
48.8172506749,2.2813341019,3.202265769277928e-08
48.8221445655,2.2813341019,9.268922550936641e-07
48.8270384561,2.2813341019,1.5460208444848754e-05
48.8319323467,2.2813341019,0.0001485989183679597
48.8368262373,2.2813341019,0.0008230574737825321
48.8417201279,2.2813341019,0.0026269928390378634
48.8466140185,2.2813341019,0.004831720752149148
48.8515079091,2.2813341019,0.005121049518753322
48.8564017997,2.2813341019,0.0031277377777096005
48.8612956903,2.2813341019,0.001100818976213409
48.8661895809,2.2813341019,0.00022326245228530483
48.8710834715,2.2813341019,2.609334101276835e-05
48.8759773621,2.2813341019,1.7573504321873602e-06
48.8808712527,2.2813341019,6.820636810809937e-08
48.8857651433,2.2813341019,1.527569134345474e-09
48.8906590339,2.2813341019,2.004822045765352e-11
48.8955529245,2.2813341019,1.6588036916329956e-13
48.9004468151,2.2813341019,9.266965335179777e-16
48.9053407057,2.2813341019,9.029325968180477e-18
48.9102345963,2.2813341019,4.743356745069144e-18
48.9151284869,2.2813341019,1.4901937819084215e-18
48.9200223775,2.2813341019,1.9167979188976662e-19
48.9249162681,2.2813341019,1.0086256644176882e-20
48.9298101587,2.2813341019,2.1712163115098336e-22
48.9347040493,2.2813341019,1.912033787830635e-24
48.9395979399,2.2813341019,6.888226559512873e-27
48.9444918305,2.2813341019,1.0151697647412415e-29
48.9493857211,2.2813341019,6.120534030986944e-33
48.9542796117,2.2813341019,1.509591182828148e-36
48.9591735023,2.2813341019,1.5231713949689295e-40
48.9640673929,2.2813341019,6.287204558814841e-45
48.9689612835,2.2813341019,1.0616608370733444e-49
48.9738551741,2.2813341019,7.3338731652329e-55
48.9787490647,2.2813341019,2.0725278895100718e-60
48.7389484253,2.2862279925,3.3549967557719104e-69
48.7438423159,2.2862279925,1.0819430584845105e-63
48.7487362065,2.2862279925,2.0106242522014594e-58
48.7536300971,2.2862279925,2.153136880648707e-53
48.7585239877,2.2862279925,1.328698897438176e-48
48.7634178783,2.2862279925,4.724933719759951e-44
48.7683117689,2.2862279925,9.682312114251759e-40
48.7732056595,2.2862279925,1.1433432895985014e-35
48.7780995501,2.2862279925,7.78015819363703e-32
48.7829934407,2.2862279925,3.0508047884694033e-28
48.7878873313,2.2862279925,6.893735600153982e-25
48.7927812219,2.2862279925,8.976541381140451e-22
48.7976751125,2.2862279925,6.735621327208787e-19
48.8025690031,2.2862279925,2.9124635642040304e-16
48.8074628937,2.2862279925,7.257007131627989e-14
48.8123567843,2.2862279925,1.0420026183481559e-11
48.8172506749,2.2862279925,8.621727296334223e-10
48.8221445655,2.2862279925,4.110872103516054e-08
48.8270384561,2.2862279925,1.1295042255918136e-06
48.8319323467,2.2862279925,1.7883641944717156e-05
48.8368262373,2.2862279925,0.00016316923734474996
48.8417201279,2.2862279925,0.0008578963352248418
48.8466140185,2.2862279925,0.0025992350396777495
48.8515079091,2.2862279925,0.0045380628339120365
48.8564017997,2.2862279925,0.004565724141052511
48.8612956903,2.2862279925,0.0026470554734402013
48.8661895809,2.2862279925,0.0008843631319269155
48.8710834715,2.2862279925,0.00017025992576880384
48.8759773621,2.2862279925,1.8888998484824924e-05
48.8808712527,2.2862279925,1.2076139913781794e-06
48.8857651433,2.2862279925,4.449751259003903e-08
48.8906590339,2.2862279925,9.454637933082256e-10
48.8955529245,2.2862279925,1.1585648804695007e-11
48.9004468151,2.2862279925,8.183488652395944e-14
48.9053407057,2.2862279925,4.2839867852251466e-16
48.9102345963,2.2862279925,4.256760998744124e-17
48.9151284869,2.2862279925,7.388846392908585e-18
48.9200223775,2.2862279925,5.342609719320647e-19
48.9249162681,2.2862279925,1.580555583467191e-20
48.9298101587,2.2862279925,1.912872960653824e-22
48.9347040493,2.2862279925,9.470695724987315e-25
48.9395979399,2.2862279925,1.9182138861532123e-27
48.9444918305,2.2862279925,1.589393996846413e-30
48.9493857211,2.2862279925,5.387477844174652e-34
48.9542796117,2.2862279925,7.470657341378688e-38
48.9591735023,2.2862279925,4.2379080326024454e-42
48.9640673929,2.2862279925,9.834756907717991e-47
48.9689612835,2.2862279925,9.336736932212163e-52
48.9738551741,2.2862279925,3.626152013272831e-57
48.9787490647,2.2862279925,5.761244164623831e-63
48.7389484253,2.2911218831,1.8325508144581307e-74
48.7438423159,2.2911218831,9.735003886380664e-69
48.7487362065,2.2911218831,2.9800972996590906e-63
48.7536300971,2.2911218831,5.2570120209145295e-58
48.7585239877,2.2911218831,5.343941652490203e-53
48.7634178783,2.2911218831,3.130391507376164e-48
48.7683117689,2.2911218831,1.0566954006061093e-43
48.7732056595,2.2911218831,2.0554891514073012e-39
48.7780995501,2.2911218831,2.304065241184751e-35
48.7829934407,2.2911218831,1.488293438220743e-31
48.7878873313,2.2911218831,5.539831726432816e-28
48.7927812219,2.2911218831,1.1882800086790678e-24
48.7976751125,2.2911218831,1.4687748239310767e-21
48.8025690031,2.2911218831,1.0461786675903284e-18
48.8074628937,2.2911218831,4.2940857429897646e-16
48.8123567843,2.2911218831,1.0156633360576886e-13
48.8172506749,2.2911218831,1.3843408995904187e-11
48.8221445655,2.2911218831,1.087302874640961e-09
48.8270384561,2.2911218831,4.921213807284581e-08
48.8319323467,2.2911218831,1.2835362623846969e-06
48.8368262373,2.2911218831,1.9291156456414843e-05
48.8417201279,2.2911218831,0.00016707928003276934
48.8466140185,2.2911218831,0.0008338753548467854
48.8515079091,2.2911218831,0.002398246907937068
48.8564017997,2.2911218831,0.003974668009543945
48.8612956903,2.2911218831,0.0037959635801554682
48.8661895809,2.2911218831,0.0020890913347332597
48.8710834715,2.2911218831,0.0006625323251141267
48.8759773621,2.2911218831,0.00012107973994968614
48.8808712527,2.2911218831,1.2751269762253751e-05
48.8857651433,2.2911218831,7.738517675986384e-07
48.8906590339,2.2911218831,2.706317198075663e-08
48.8955529245,2.2911218831,5.453795120160574e-10
48.9004468151,2.2911218831,6.334675231002396e-12
48.9053407057,2.2911218831,4.330389045532421e-14
48.9102345963,2.2911218831,3.879979005671213e-16
48.9151284869,2.2911218831,2.2682462899397796e-17
48.9200223775,2.2911218831,9.079126770423526e-19
48.9249162681,2.2911218831,1.5093560882033452e-20
48.9298101587,2.2911218831,1.0269802816364498e-22
48.9347040493,2.2911218831,2.858647359043016e-25
48.9395979399,2.2911218831,3.255209691413062e-28
48.9444918305,2.2911218831,1.5164105188770041e-31
48.9493857211,2.2911218831,2.8898413602211964e-35
48.9542796117,2.2911218831,2.252945097405122e-39
48.9591735023,2.2911218831,7.185328126337365e-44
48.9640673929,2.2911218831,9.374799616393492e-49
48.9689612835,2.2911218831,5.003763475670194e-54
48.9738551741,2.2911218831,1.0925742050075042e-59
48.9787490647,2.2911218831,9.759431138634867e-66
48.7389484253,2.2960157737,5.969415463128563e-80
48.7438423159,2.2960157737,5.223717864400051e-74
48.7487362065,2.2960157737,2.634158055478245e-68
48.7536300971,2.2960157737,7.65452347211386e-63
48.7585239877,2.2960157737,1.281765859130183e-57
48.7634178783,2.2960157737,1.2368397990444323e-52
48.7683117689,2.2960157737,6.877528755340125e-48
48.7732056595,2.2960157737,2.203766564410643e-43
48.7780995501,2.2960157737,4.069236917051085e-39
48.7829934407,2.2960157737,4.329867170518401e-35
48.7878873313,2.2960157737,2.654913540966541e-31
48.7927812219,2.2960157737,9.38081136626381e-28
48.7976751125,2.2960157737,1.9100495554239403e-24
48.8025690031,2.2960157737,2.241109509100416e-21
48.8074628937,2.2960157737,1.5152899160937185e-18
48.8123567843,2.2960157737,5.903949027923365e-16
48.8172506749,2.2960157737,1.325573083679292e-13
48.8221445655,2.2960157737,1.7150586097149894e-11
48.8270384561,2.2960157737,1.2786994151420717e-09
48.8319323467,2.2960157737,5.493791568123313e-08
48.8368262373,2.2960157737,1.3601603225677856e-06
48.8417201279,2.2960157737,1.9405383798687426e-05
48.8466140185,2.2960157737,0.00015953963085290994
48.8515079091,2.2960157737,0.0007558387275794076
48.8564017997,2.2960157737,0.002063497321987868
48.8612956903,2.2960157737,0.0032463316883911434
48.8661895809,2.2960157737,0.002943039571786276
48.8710834715,2.2960157737,0.0015374949031169195
48.8759773621,2.2960157737,0.0004628562552096934
48.8808712527,2.2960157737,8.029595863628695e-05
48.8857651433,2.2960157737,8.027027031245802e-06
48.8906590339,2.2960157737,4.624106676672658e-07
48.8955529245,2.2960157737,1.5350239931393612e-08
48.9004468151,2.2960157737,2.9365700546010515e-10
48.9053407057,2.2960157737,3.242313573470856e-12
48.9102345963,2.2960157737,2.129733453125071e-14
48.9151284869,2.2960157737,1.163580970631819e-16
48.9200223775,2.2960157737,1.098023469913048e-18
48.9249162681,2.2960157737,8.976061394022493e-21
48.9298101587,2.2960157737,3.37344039784189e-23
48.9347040493,2.2960157737,5.263588939952795e-26
48.9395979399,2.2960157737,3.3675723837695375e-29
48.9444918305,2.2960157737,8.818163111734332e-33
48.9493857211,2.2960157737,9.447463971224719e-37
48.9542796117,2.2960157737,4.1409126834924953e-41
48.9591735023,2.2960157737,7.425432615482517e-46
48.9640673929,2.2960157737,5.447904482845879e-51
48.9689612835,2.2960157737,1.6360342217997672e-56
48.9738551741,2.2960157737,2.0153494143174617e-62
48.9787490647,2.2960157737,1.0336711314246405e-68
48.7389484253,2.3009096643,1.1596300087148154e-85
48.7438423159,2.3009096643,1.6716107466994574e-79
48.7487362065,2.3009096643,1.388561357621959e-73
48.7536300971,2.3009096643,6.6467479003671395e-68
48.7585239877,2.3009096643,1.8334435815279075e-62
48.7634178783,2.3009096643,2.9143392493844906e-57
48.7683117689,2.3009096643,2.6694812299847455e-52
48.7732056595,2.3009096643,1.4090546880764781e-47
48.7780995501,2.3009096643,4.2859099142724666e-43
48.7829934407,2.3009096643,7.512291627070707e-39
48.7878873313,2.3009096643,7.587803069348164e-35
48.7927812219,2.3009096643,4.416455656720909e-31
48.7976751125,2.3009096643,1.4813098446023283e-27
48.8025690031,2.3009096643,2.863071246198648e-24
48.8074628937,2.3009096643,3.1888391482551028e-21
48.8123567843,2.3009096643,2.046667447898025e-18
48.8172506749,2.3009096643,7.569656333641864e-16
48.8221445655,2.3009096643,1.6133153083200508e-13
48.8270384561,2.3009096643,1.981420072069658e-11
48.8319323467,2.3009096643,1.4023230512611143e-09
48.8368262373,2.3009096643,5.719180446813388e-08
48.8417201279,2.3009096643,1.344106672215448e-06
48.8466140185,2.3009096643,1.820320609225912e-05
48.8515079091,2.3009096643,0.00014206145117998624
48.8564017997,2.3009096643,0.000638879306303268
48.8612956903,2.3009096643,0.0016556770941768945
48.8661895809,2.3009096643,0.0024725602434560894
48.8710834715,2.3009096643,0.0021278101921909857
48.8759773621,2.3009096643,0.0010551964505103705
48.8808712527,2.3009096643,0.0003015413938332109
48.8857651433,2.3009096643,4.96562310507382e-05
48.8906590339,2.3009096643,4.712105845505264e-06
48.8955529245,2.3009096643,2.5767448503360367e-07
48.9004468151,2.3009096643,8.11982984430333e-09
48.9053407057,2.3009096643,1.4746279147785365e-10
48.9102345963,2.3009096643,1.5443222725167314e-12
48.9151284869,2.3009096643,9.349423299301636e-15
48.9200223775,2.3009096643,3.291943555160684e-17
48.9249162681,2.3009096643,6.784481645903725e-20
48.9298101587,2.3009096643,8.138873265863497e-23
48.9347040493,2.3009096643,5.555676609768066e-26
48.9395979399,2.3009096643,2.1150427043216316e-29
48.9444918305,2.3009096643,4.5139717800260155e-33
48.9493857211,2.3009096643,5.534146799873331e-37
48.9542796117,2.3009096643,3.9660837453911375e-41
48.9591735023,2.3009096643,1.6608090222116327e-45
48.9640673929,2.3009096643,4.034209654880436e-50
48.9689612835,2.3009096643,5.657770068445681e-55
48.9738551741,2.3009096643,4.574104754090966e-60
48.9787490647,2.3009096643,2.131090838764511e-65
48.7389484253,2.3058035549,1.3434420680337846e-91
48.7438423159,2.3058035549,3.1900864728698133e-85
48.7487362065,2.3058035549,4.365160121331907e-79
48.7536300971,2.3058035549,3.442009890026049e-73
48.7585239877,2.3058035549,1.564005443130447e-67
48.7634178783,2.3058035549,4.095233016523318e-62
48.7683117689,2.3058035549,6.179213303140073e-57
48.7732056595,2.3058035549,5.372815999030897e-52
48.7780995501,2.3058035549,2.6920613922939406e-47
48.7829934407,2.3058035549,7.772883582926813e-43
48.7878873313,2.3058035549,1.2932830273623725e-38
48.7927812219,2.3058035549,1.239992916901937e-34
48.7976751125,2.3058035549,6.851080052647293e-31
48.8025690031,2.3058035549,2.1812884075575634e-27
48.8074628937,2.3058035549,4.002039326075624e-24
48.8123567843,2.3058035549,4.2312026300172326e-21
48.8172506749,2.3058035549,2.5778670023987006e-18
48.8221445655,2.3058035549,9.050475609519686e-16
48.8270384561,2.3058035549,1.8310344214616699e-13
48.8319323467,2.3058035549,2.1346949682443362e-11
48.8368262373,2.3058035549,1.4341327568515086e-09
48.8417201279,2.3058035549,5.552097654758289e-08
48.8466140185,2.3058035549,1.2386227423401703e-06
48.8515079091,2.3058035549,1.5923379453460186e-05
48.8564017997,2.3058035549,0.00011796303364539681
48.8612956903,2.3058035549,0.0005035841422330864
48.8661895809,2.3058035549,0.0012388369678761626
48.8710834715,2.3058035549,0.0017561812178027664
48.8759773621,2.3058035549,0.0014346122298460483
48.8808712527,2.3058035549,0.0006753246621166901
48.8857651433,2.3058035549,0.00018319206372956242
48.8906590339,2.3058035549,2.8636253871094928e-05
48.8955529245,2.3058035549,2.5795292374314025e-06
48.9004468151,2.3058035549,1.338997435974207e-07
48.9053407057,2.3058035549,4.005303645610825e-09
48.9102345963,2.3058035549,6.904128879069545e-11
48.9151284869,2.3058035549,6.8580166535583e-13
48.9200223775,2.3058035549,3.925535357492769e-15
48.9249162681,2.3058035549,1.2948087067145142e-17
48.9298101587,2.3058035549,2.461052869858899e-20
48.9347040493,2.3058035549,2.6955713115288304e-23
48.9395979399,2.3058035549,1.7013685015591106e-26
48.9444918305,2.3058035549,6.1881803527940194e-30
48.9493857211,2.3058035549,1.2970089048698207e-33
48.9542796117,2.3058035549,1.566525589704924e-37
48.9591735023,2.3058035549,1.0903007240230817e-41
48.9640673929,2.3058035549,4.372897786812119e-46
48.9689612835,2.3058035549,1.0106634590608191e-50
48.9738551741,2.3058035549,1.3460401462413062e-55
48.9787490647,2.3058035549,1.0330555464120532e-60
48.7389484253,2.3106974455,9.281759270662233e-98
48.7438423159,2.3106974455,3.630626852455333e-91
48.7487362065,2.3106974455,8.183651783978144e-85
48.7536300971,2.3106974455,1.062984372000735e-78
48.7585239877,2.3106974455,7.956477313468692e-73
48.7634178783,2.3106974455,3.431855468993188e-67
48.7683117689,2.3106974455,8.53004577103475e-62
48.7732056595,2.3106974455,1.2217657464648564e-56
48.7780995501,2.3106974455,1.008413706400127e-51
48.7829934407,2.3106974455,4.796271360424196e-47
48.7878873313,2.3106974455,1.3145677213544551e-42
48.7927812219,2.3106974455,2.0762344527740664e-38
48.7976751125,2.3106974455,1.8896615836367595e-34
48.8025690031,2.3106974455,9.91073550923448e-31
48.8074628937,2.3106974455,2.9953111948765885e-27
48.8123567843,2.3106974455,5.216656305890884e-24
48.8172506749,2.3106974455,5.2354824846467936e-21
48.8221445655,2.3106974455,3.0278573374416687e-18
48.8270384561,2.3106974455,1.00908631877822e-15
48.8319323467,2.3106974455,1.937918188180054e-13
48.8368262373,2.3106974455,2.1446517192395086e-11
48.8417201279,2.3106974455,1.3677050093636836e-09
48.8466140185,2.3106974455,5.026248161541242e-08
48.8515079091,2.3106974455,1.0644379956778364e-06
48.8564017997,2.3106974455,1.2990946440973264e-05
48.8612956903,2.3106974455,9.136732144133859e-05
48.8661895809,2.3106974455,0.00037025535983730844
48.8710834715,2.3106974455,0.000864503037617037
48.8759773621,2.3106974455,0.0011632042025434184
48.8808712527,2.3106974455,0.0009019669474282625
48.8857651433,2.3106974455,0.00040304348815700533
48.8906590339,2.3106974455,0.00010378377390353906
48.8955529245,2.3106974455,1.5400025008345406e-05
48.9004468151,2.3106974455,1.3168236898274136e-06
48.9053407057,2.3106974455,6.488554919432087e-08
48.9102345963,2.3106974455,1.8423936812302115e-09
48.9151284869,2.3106974455,3.014609253506343e-11
48.9200223775,2.3106974455,2.8424566278075743e-13
48.9249162681,2.3106974455,1.5444395976312789e-15
48.9298101587,2.3106974455,4.835732375480965e-18
48.9347040493,2.3106974455,8.725047776643196e-21
48.9395979399,2.3106974455,9.071677135742399e-24
48.9444918305,2.3106974455,5.435275579420766e-27
48.9493857211,2.3106974455,1.8765915807549427e-30
48.9542796117,2.3106974455,3.733637672629955e-34
48.9591735023,2.3106974455,4.280640812212662e-38
48.9640673929,2.3106974455,2.828131617289858e-42
48.9689612835,2.3106974455,1.0767246550906547e-46
48.9738551741,2.3106974455,2.3622394054207977e-51
48.9787490647,2.3106974455,2.9864646151895557e-56
48.7389484253,2.3155913361,3.824313762165222e-104
48.7438423159,2.3155913361,2.4641811676724416e-97
48.7487362065,2.3155913361,9.149681224207894e-91
48.7536300971,2.3155913361,1.957733192596698e-84
48.7585239877,2.3155913361,2.4138776648869114e-78
48.7634178783,2.3155913361,1.7151070016479113e-72
48.7683117689,2.3155913361,7.02233259498967e-67
48.7732056595,2.3155913361,1.6568598778654528e-61
48.7780995501,2.3155913361,2.252705291333684e-56
48.7829934407,2.3155913361,1.7649694332776385e-51
48.7878873313,2.3155913361,7.968640037550524e-47
48.7927812219,2.3155913361,2.073220246041131e-42
48.7976751125,2.3155913361,3.108285374059011e-38
48.8025690031,2.3155913361,2.685409616920154e-34
48.8074628937,2.3155913361,1.3369476626122427e-30
48.8123567843,2.3155913361,3.835592706757049e-27
48.8172506749,2.3155913361,6.3411025016344134e-24
48.8221445655,2.3155913361,6.0410339269036164e-21
48.8270384561,2.3155913361,3.3164391643666015e-18
48.8319323467,2.3155913361,1.0491774820625844e-15
48.8368262373,2.3155913361,1.9128465190291396e-13
48.8417201279,2.3155913361,2.0115181130369624e-11
48.8466140185,2.3155913361,1.2239878024189891e-09
48.8515079091,2.3155913361,4.31993632723259e-08
48.8564017997,2.3155913361,8.757209185355137e-07
48.8612956903,2.3155913361,1.0079618843949805e-05
48.8661895809,2.3155913361,6.647034977284939e-05
48.8710834715,2.3155913361,0.0002541109281364953
48.8759773621,2.3155913361,0.0005625071850915742
48.8808712527,2.3155913361,0.0007184248393232037
48.8857651433,2.3155913361,0.0005288216803090649
48.8906590339,2.3155913361,0.00022431310232750063
48.8955529245,2.3155913361,5.482949980365302e-05
48.9004468151,2.3155913361,7.723036971177632e-06
48.9053407057,2.3155913361,6.268680933199526e-07
48.9102345963,2.3155913361,2.9320977887595195e-08
48.9151284869,2.3155913361,7.903054216358647e-10
48.9200223775,2.3155913361,1.2275118378029071e-11
48.9249162681,2.3155913361,1.0986785091795684e-13
48.9298101587,2.3155913361,5.666694263439643e-16
48.9347040493,2.3155913361,1.6842367727063878e-18
48.9395979399,2.3155913361,2.8846340149050878e-21
48.9444918305,2.3155913361,2.847033037161563e-24
48.9493857211,2.3155913361,1.619229862398692e-27
48.9542796117,2.3155913361,5.306873237112142e-31
48.9591735023,2.3155913361,1.0022663155455355e-34
48.9640673929,2.3155913361,1.0907915548589574e-38
48.9689612835,2.3155913361,6.840921556502589e-43
48.9738551741,2.3155913361,2.472302827301501e-47
48.9787490647,2.3155913361,5.1487633613620075e-52
48.7389484253,2.3204852267,9.396986243847077e-111
48.7438423159,2.3204852267,9.974141195194951e-104
48.7487362065,2.3204852267,6.100657504353792e-97
48.7536300971,2.3204852267,2.1502650085872072e-90
48.7585239877,2.3204852267,4.367385649194792e-84
48.7634178783,2.3204852267,5.111699429789485e-78
48.7683117689,2.3204852267,3.4476509256691526e-72
48.7732056595,2.3204852267,1.3399712378582917e-66
48.7780995501,2.3204852267,3.001109746047434e-61
48.7829934407,2.3204852267,3.8733120718561213e-56
48.7878873313,2.3204852267,2.8806952269289103e-51
48.7927812219,2.3204852267,1.2346002144937197e-46
48.7976751125,2.3204852267,3.0490854431242634e-42
48.8025690031,2.3204852267,4.3393736998973195e-38
48.8074628937,2.3204852267,3.5587601754710566e-34
48.8123567843,2.3204852267,1.6818397941173672e-30
48.8172506749,2.3204852267,4.580229234547961e-27
48.8221445655,2.3204852267,7.190346837679643e-24
48.8270384561,2.3204852267,6.569401656997197e-21
48.8319323467,2.3204852267,3.952796741946054e-18
48.8368262373,2.3204852267,2.3795626104979202e-15
48.8417201279,2.3204852267,1.1440473122293433e-12
48.8466140185,2.3204852267,2.203890381677827e-10
48.8515079091,2.3204852267,1.3541924402636285e-08
48.8564017997,2.3204852267,2.6177301146509336e-07
48.8612956903,2.3204852267,1.8644947576820134e-06
48.8661895809,2.3204852267,8.953494941286601e-06
48.8710834715,2.3204852267,4.5323041823299645e-05
48.8759773621,2.3204852267,0.0001623047936332766
48.8808712527,2.3204852267,0.00034126138447049487
48.8857651433,2.3204852267,0.00041378915242556747
48.8906590339,2.3204852267,0.00028912908618559577
48.8955529245,2.3204852267,0.00011641770066155867
48.9004468151,2.3204852267,2.7012241841978963e-05
48.9053407057,2.3204852267,3.611740269998868e-06
48.9102345963,2.3204852267,2.782829627985265e-07
48.9151284869,2.3204852267,1.2355801968561828e-08
48.9200223775,2.3204852267,3.1613273694082034e-10
48.9249162681,2.3204852267,4.661033399154864e-12
48.9298101587,2.3204852267,3.9601275122403464e-14
48.9347040493,2.3204852267,1.938877346794353e-16
48.9395979399,2.3204852267,5.470231605973703e-19
48.9444918305,2.3204852267,8.893553129000038e-22
48.9493857211,2.3204852267,8.332188848215624e-25
48.9542796117,2.3204852267,4.498390122179808e-28
48.9591735023,2.3204852267,1.3994885207017417e-31
48.9640673929,2.3204852267,2.508971774496881e-35
48.9689612835,2.3204852267,2.5920085043608053e-39
48.9738551741,2.3204852267,1.5430900825660994e-43
48.9787490647,2.3204852267,5.293712478642082e-48
48.7389484253,2.3253791173,1.3770050238789506e-117
48.7438423159,2.3253791173,2.4076327843583147e-110
48.7487362065,2.3253791173,2.425823413890942e-103
48.7536300971,2.3253791173,1.4084529055471617e-96
48.7585239877,2.3253791173,4.712373314893774e-90
48.7634178783,2.3253791173,9.085550724814192e-84
48.7683117689,2.3253791173,1.009431930373921e-77
48.7732056595,2.3253791173,6.462745152594838e-72
48.7780995501,2.3253791173,2.3843567562299357e-66
48.7829934407,2.3253791173,5.069202978375994e-61
48.7878873313,2.3253791173,6.210442072072103e-56
48.7927812219,2.3253791173,4.384500832660749e-51
48.7976751125,2.3253791173,1.783745242506531e-46
48.8025690031,2.3253791173,4.181795724406183e-42
48.8074628937,2.3253791173,5.656821944039438e-38
48.8123567843,2.3253791173,4.8946376771685025e-34
48.8172506749,2.3253791173,1.1706640904128492e-29
48.8221445655,2.3253791173,5.676092706919542e-25
48.8270384561,2.3253791173,9.593631998611737e-21
48.8319323467,2.3253791173,4.817977620165766e-17
48.8368262373,2.3253791173,7.139208945580789e-14
48.8417201279,2.3253791173,3.1197890045741e-11
48.8466140185,2.3253791173,4.020389869813633e-09
48.8515079091,2.3253791173,1.5278806578366628e-07
48.8564017997,2.3253791173,1.7127788023255663e-06
48.8612956903,2.3253791173,5.681939206860612e-06
48.8661895809,2.3253791173,5.957716020325089e-06
48.8710834715,2.3253791173,6.223929496637369e-06
48.8759773621,2.3253791173,2.8030670745238585e-05
48.8808712527,2.3253791173,9.667993005853152e-05
48.8857651433,2.3253791173,0.00019309219113450133
48.8906590339,2.3253791173,0.0002222496073854103
48.8955529245,2.3253791173,0.0001474129443155335
48.9004468151,2.3253791173,5.6343658793711775e-05
48.9053407057,2.3253791173,1.240991314035748e-05
48.9102345963,2.3253791173,1.5750946408474738e-06
48.9151284869,2.3253791173,1.1520167072714485e-07
48.9200223775,2.3253791173,4.855401103437704e-09
48.9249162681,2.3253791173,1.1792493872246028e-10
48.9298101587,2.3253791173,1.6504425712701482e-12
48.9347040493,2.3253791173,1.3310960254189875e-14
48.9395979399,2.3253791173,6.186322656606981e-17
48.9444918305,2.3253791173,1.656799518975576e-19
48.9493857211,2.3253791173,2.5569460425229068e-22
48.9542796117,2.3253791173,2.273983863990704e-25
48.9591735023,2.3253791173,1.165379583188923e-28
48.9640673929,2.3253791173,3.4416099071137944e-32
48.9689612835,2.3253791173,5.8569307973311494e-36
48.9738551741,2.3253791173,5.7437132963878586e-40
48.9787490647,2.3253791173,3.2458588178848447e-44
48.7389484253,2.3302730079,1.2033565253323052e-124
48.7438423159,2.3302730079,3.465906585905365e-117
48.7487362065,2.3302730079,5.752486639006637e-110
48.7536300971,2.3302730079,5.50504706313741e-103
48.7585239877,2.3302730079,3.164091569589847e-96
48.7634178783,2.3302730079,2.7619567659173398e-89
48.7683117689,2.3302730079,8.439221517579481e-82
48.7732056595,2.3302730079,1.279258683694875e-74
48.7780995501,2.3302730079,6.647448541496063e-68
48.7829934407,2.3302730079,1.1638947350983528e-61
48.7878873313,2.3302730079,6.859385962637919e-56
48.7927812219,2.3302730079,1.3605930669651254e-50
48.7976751125,2.3302730079,9.083335832152949e-46
48.8025690031,2.3302730079,2.045011204839618e-41
48.8074628937,2.3302730079,2.0856789779798308e-37
48.8123567843,2.3302730079,2.2488632273547778e-32
48.8172506749,2.3302730079,2.6629847188447156e-27
48.8221445655,2.3302730079,9.463265115302494e-23
48.8270384561,2.3302730079,9.918090088861774e-19
48.8319323467,2.3302730079,3.065301239142053e-15
48.8368262373,2.3302730079,2.7936742161588094e-12
48.8417201279,2.3302730079,7.508200176094406e-10
48.8466140185,2.3302730079,5.95049996491728e-08
48.8515079091,2.3302730079,1.3906853991022233e-06
48.8564017997,2.3302730079,9.584393912156545e-06
48.8612956903,2.3302730079,1.9480211827928492e-05
48.8661895809,2.3302730079,1.1700502390434844e-05
48.8710834715,2.3302730079,2.3835007110834915e-06
48.8759773621,2.3302730079,3.0079608118365578e-06
48.8808712527,2.3302730079,1.6353648120513256e-05
48.8857651433,2.3302730079,5.3738775132788995e-05
48.8906590339,2.3302730079,0.00010188320133119782
48.8955529245,2.3302730079,0.00011131766545490646
48.9004468151,2.3302730079,7.008762288840722e-05
48.9053407057,2.3302730079,2.5429207940519892e-05
48.9102345963,2.3302730079,5.316655840251176e-06
48.9151284869,2.3302730079,6.405580227358133e-07
48.9200223775,2.3302730079,4.447260948667726e-08
48.9249162681,2.3302730079,1.7792663382194727e-09
48.9298101587,2.3302730079,4.102074309159481e-11
48.9347040493,2.3302730079,5.449796625910754e-13
48.9395979399,2.3302730079,4.17225918548265e-15
48.9444918305,2.3302730079,1.8406722911787573e-17
48.9493857211,2.3302730079,4.6794615299539564e-20
48.9542796117,2.3302730079,6.85534789620711e-23
48.9591735023,2.3302730079,5.787317764097842e-26
48.9640673929,2.3302730079,2.8153952251634915e-29
48.9689612835,2.3302730079,7.892518745603602e-33
48.9738551741,2.3302730079,1.2749879664090911e-36
48.9787490647,2.3302730079,1.186890793307881e-40
48.7389484253,2.3351668985000003,4.102079594314109e-127
48.7438423159,2.3351668985000003,2.8141753458820032e-117
48.7487362065,2.3351668985000003,6.497828101423936e-108
48.7536300971,2.3351668985000003,5.049504590093017e-99
48.7585239877,2.3351668985000003,1.320665307838747e-90
48.7634178783,2.3351668985000003,1.162519408940613e-82
48.7683117689,2.3351668985000003,3.444063099873815e-75
48.7732056595,2.3351668985000003,3.4340406478393245e-68
48.7780995501,2.3351668985000003,1.152399888903507e-61
48.7829934407,2.3351668985000003,1.3015607052634329e-55
48.7878873313,2.3351668985000003,4.947537518842174e-50
48.7927812219,2.3351668985000003,6.329614373020062e-45
48.7976751125,2.3351668985000003,2.7253955912782226e-40
48.8025690031,2.3351668985000003,3.9496471308358565e-36
48.8074628937,2.3351668985000003,1.9297930653194323e-32
48.8123567843,2.3351668985000003,3.9059533038639267e-29
48.8172506749,2.3351668985000003,5.619070247550224e-25
48.8221445655,2.3351668985000003,1.1892972911706789e-20
48.8270384561,2.3351668985000003,7.663236836367616e-17
48.8319323467,2.3351668985000003,1.4565739785548632e-13
48.8368262373,2.3351668985000003,8.164191348496293e-11
48.8417201279,2.3351668985000003,1.3494336451025115e-08
48.8466140185,2.3351668985000003,6.577303986620286e-07
48.8515079091,2.3351668985000003,9.453761194165026e-06
48.8564017997,2.3351668985000003,4.007177510246196e-05
48.8612956903,2.3351668985000003,5.01085325576462e-05
48.8661895809,2.3351668985000003,1.8573411249735234e-05
48.8710834715,2.3351668985000003,2.215478287680639e-06
48.8759773621,2.3351668985000003,3.803761928790193e-07
48.8808712527,2.3351668985000003,1.6869986722618068e-06
48.8857651433,2.3351668985000003,8.922668661777957e-06
48.8906590339,2.3351668985000003,2.7853335229403853e-05
48.8955529245,2.3351668985000003,5.013077546468391e-05
48.9004468151,2.3351668985000003,5.199355073654238e-05
48.9053407057,2.3351668985000003,3.107483158390834e-05
48.9102345963,2.3351668985000003,1.0702427675964074e-05
48.9151284869,2.3351668985000003,2.1240758989792566e-06
48.9200223775,2.3351668985000003,2.429248661805303e-07
48.9249162681,2.3351668985000003,1.6009881762819407e-08
48.9298101587,2.3351668985000003,6.080208726723229e-10
48.9347040493,2.3351668985000003,1.3306476264156235e-11
48.9395979399,2.3351668985000003,1.678115505793463e-13
48.9444918305,2.3351668985000003,1.2195366274376582e-15
48.9493857211,2.3351668985000003,5.1071905051911555e-18
48.9542796117,2.3351668985000003,1.2324902118558485e-20
48.9591735023,2.3351668985000003,1.7139538002267788e-23
48.9640673929,2.3351668985000003,1.3735009214731216e-26
48.9689612835,2.3351668985000003,6.34268305801827e-30
48.9738551741,2.3351668985000003,1.6878400080446727e-33
48.9787490647,2.3351668985000003,2.5882352945145616e-37
48.7389484253,2.3400607891000003,8.551789462432794e-120
48.7438423159,2.3400607891000003,3.7840260535708106e-110
48.7487362065,2.3400607891000003,5.635269363294701e-101
48.7536300971,2.3400607891000003,2.8244811874862632e-92
48.7585239877,2.3400607891000003,4.764596610479174e-84
48.7634178783,2.3400607891000003,2.7050608123627273e-76
48.7683117689,2.3400607891000003,5.168819576151135e-69
48.7732056595,2.3400607891000003,3.3240623190766597e-62
48.7780995501,2.3400607891000003,7.19466183903974e-56
48.7829934407,2.3400607891000003,5.241010859651635e-50
48.7878873313,2.3400607891000003,1.284940972783154e-44
48.7927812219,2.3400607891000003,1.060265779328217e-39
48.7976751125,2.3400607891000003,2.944488407421755e-35
48.8025690031,2.3400607891000003,2.75213764500838e-31
48.8074628937,2.3400607891000003,8.658196509750678e-28
48.8123567843,2.3400607891000003,9.193599470093375e-25
48.8172506749,2.3400607891000003,4.138014228681675e-22
48.8221445655,2.3400607891000003,1.1600978023893043e-18
48.8270384561,2.3400607891000003,4.4253277596867055e-15
48.8319323467,2.3400607891000003,5.1689963186946936e-12
48.8368262373,2.3400607891000003,1.7817456918820625e-09
48.8417201279,2.3400607891000003,1.8111809936073776e-07
48.8466140185,2.3400607891000003,5.429267121873941e-06
48.8515079091,2.3400607891000003,4.799529078928483e-05
48.8564017997,2.3400607891000003,0.00012515389967656559
48.8612956903,2.3400607891000003,9.648415302769378e-05
48.8661895809,2.3400607891000003,2.2569494022164956e-05
48.8710834715,2.3400607891000003,2.2118593767062603e-06
48.8759773621,2.3400607891000003,3.3676304647722476e-07
48.8808712527,2.3400607891000003,1.4835629600465542e-07
48.8857651433,2.3400607891000003,8.859200828831441e-07
48.8906590339,2.3400607891000003,4.541157214072807e-06
48.8955529245,2.3400607891000003,1.3463457935834152e-05
48.9004468151,2.3400607891000003,2.3002205729720146e-05
48.9053407057,2.3400607891000003,2.264626541311481e-05
48.9102345963,2.3400607891000003,1.2848070586568345e-05
48.9151284869,2.3400607891000003,4.200427047835239e-06
48.9200223775,2.3400607891000003,7.913401304692287e-07
48.9249162681,2.3400607891000003,8.591067781789973e-08
48.9298101587,2.3400607891000003,5.374589660038264e-09
48.9347040493,2.3400607891000003,1.937571288899494e-10
48.9395979399,2.3400607891000003,4.025170489682872e-12
48.9444918305,2.3400607891000003,4.818646652953834e-14
48.9493857211,2.3400607891000003,3.3241460251600315e-16
48.9542796117,2.3400607891000003,1.321445685645183e-18
48.9591735023,2.3400607891000003,3.0271417138926527e-21
48.9640673929,2.3400607891000003,3.996045268519963e-24
48.9689612835,2.3400607891000003,3.03978073011458e-27
48.9738551741,2.3400607891000003,1.3325034040804473e-30
48.9787490647,2.3400607891000003,3.3659573458699352e-34
48.7389484253,2.3449546797000003,6.419507318191931e-113
48.7438423159,2.3449546797000003,1.832070865849803e-103
48.7487362065,2.3449546797000003,1.759730993478748e-94
48.7536300971,2.3449546797000003,5.6887093129515876e-86
48.7585239877,2.3449546797000003,6.189344353603894e-78
48.7634178783,2.3449546797000003,2.2664126948023892e-70
48.7683117689,2.3449546797000003,2.793166255991707e-63
48.7732056595,2.3449546797000003,1.158558649309602e-56
48.7780995501,2.3449546797000003,1.6173451308596683e-50
48.7829934407,2.3449546797000003,7.59890178679066e-45
48.7878873313,2.3449546797000003,1.2016068680578723e-39
48.7927812219,2.3449546797000003,6.394953890191995e-35
48.7976751125,2.3449546797000003,1.1454493475126024e-30
48.8025690031,2.3449546797000003,6.905229273279298e-27
48.8074628937,2.3449546797000003,1.4010394097601018e-23
48.8123567843,2.3449546797000003,9.570273084977614e-21
48.8172506749,2.3449546797000003,2.219818971515217e-18
48.8221445655,2.3449546797000003,2.614657760578219e-16
48.8270384561,2.3449546797000003,1.9936720554335538e-13
48.8319323467,2.3449546797000003,1.3744357877313282e-10
48.8368262373,2.3449546797000003,2.9051107713729255e-08
48.8417201279,2.3449546797000003,1.8155398161659376e-06
48.8466140185,2.3449546797000003,3.347130179919116e-05
48.8515079091,2.3449546797000003,0.00018202631549831374
48.8564017997,2.3449546797000003,0.00029238784290016115
48.8612956903,2.3449546797000003,0.00014025216603909602
48.8661895809,2.3449546797000003,2.2403638193270202e-05
48.8710834715,2.3449546797000003,2.5383239197045124e-06
48.8759773621,2.3449546797000003,4.026130407678795e-07
48.8808712527,2.3449546797000003,3.9700589112399284e-08
48.8857651433,2.3449546797000003,5.3454486982624313e-08
48.8906590339,2.3449546797000003,4.4154474718495354e-07
48.8955529245,2.3449546797000003,2.156357055310588e-06
48.9004468151,2.3449546797000003,6.0687793650716105e-06
48.9053407057,2.3449546797000003,9.842292355015297e-06
48.9102345963,2.3449546797000003,9.19825372666657e-06
48.9151284869,2.3449546797000003,4.953688805902569e-06
48.9200223775,2.3449546797000003,1.5373270441572433e-06
48.9249162681,2.3449546797000003,2.749274003035888e-07
48.9298101587,2.3449546797000003,2.833244113138408e-08
48.9347040493,2.3449546797000003,1.682535267252884e-09
48.9395979399,2.3449546797000003,5.757826426516349e-11
48.9444918305,2.3449546797000003,1.1354477984445736e-12
48.9493857211,2.3449546797000003,1.2902978925428003e-14
48.9542796117,2.3449546797000003,8.449422263853759e-17
48.9591735023,2.3449546797000003,3.1884400300313755e-19
48.9640673929,2.3449546797000003,6.933359233587387e-22
48.9689612835,2.3449546797000003,8.688071046113707e-25
48.9738551741,2.3449546797000003,6.273605940320091e-28
48.9787490647,2.3449546797000003,2.610509753155947e-31
48.7389484253,2.3498485703,1.7351280750583443e-106
48.7438423159,2.3498485703,3.193857679441401e-97
48.7487362065,2.3498485703,1.9786228815748307e-88
48.7536300971,2.3498485703,4.125474803238165e-80
48.7585239877,2.3498485703,2.894998181530787e-72
48.7634178783,2.3498485703,6.837322988745557e-65
48.7683117689,2.3498485703,5.434847235846048e-58
48.7732056595,2.3498485703,1.4539585681307897e-51
48.7780995501,2.3498485703,1.3091221326356655e-45
48.7829934407,2.3498485703,3.9670871750612784e-40
48.7878873313,2.3498485703,4.0460082800977635e-35
48.7927812219,2.3498485703,1.3888176748174025e-30
48.7976751125,2.3498485703,1.6044535501294463e-26
48.8025690031,2.3498485703,6.23839047346019e-23
48.8074628937,2.3498485703,8.163620860861426e-20
48.8123567843,2.3498485703,3.595783643387881e-17
48.8172506749,2.3498485703,5.341309709256435e-15
48.8221445655,2.3498485703,2.807940424969954e-13
48.8270384561,2.3498485703,1.3730194186597237e-11
48.8319323467,2.3498485703,3.00269888258359e-09
48.8368262373,2.3498485703,3.6017330329971524e-07
48.8417201279,2.3498485703,1.3640857774990975e-05
48.8466140185,2.3498485703,0.0001542763308984989
48.8515079091,2.3498485703,0.0005164075367885616
48.8564017997,2.3498485703,0.0005135677941251422
48.8612956903,2.3498485703,0.0001582259562634267
48.8661895809,2.3498485703,2.0647983828178122e-05
48.8710834715,2.3498485703,2.7878756488714243e-06
48.8759773621,2.3498485703,3.1422195065425815e-07
48.8808712527,2.3498485703,1.6200335751088894e-08
48.8857651433,2.3498485703,2.1746358015405144e-09
48.8906590339,2.3498485703,2.5604264066851996e-08
48.8955529245,2.3498485703,2.0596650087036904e-07
48.9004468151,2.3498485703,9.548718115782589e-07
48.9053407057,2.3498485703,2.5509843148244823e-06
48.9102345963,2.3498485703,3.927215336713768e-06
48.9151284869,2.3498485703,3.4839816055261503e-06
48.9200223775,2.3498485703,1.7810708798689632e-06
48.9249162681,2.3498485703,5.246875560430426e-07
48.9298101587,2.3498485703,8.907063259507265e-08
48.9347040493,2.3498485703,8.713297063575119e-09
48.9395979399,2.3498485703,4.911845707636579e-10
48.9444918305,2.3498485703,1.5955893283962926e-11
48.9493857211,2.3498485703,2.986838503975038e-13
48.9542796117,2.3498485703,3.221933489194596e-15
48.9591735023,2.3498485703,2.0027909122869173e-17
48.9640673929,2.3498485703,7.174123764996675e-20
48.9689612835,2.3498485703,1.4808679320888378e-22
48.9738551741,2.3498485703,1.76148116630032e-25
48.9787490647,2.3498485703,1.2074075603773952e-28
48.7389484253,2.3547424609,1.6886767199881205e-100
48.7438423159,2.3547424609,2.0048135631278447e-91
48.7487362065,2.3547424609,8.01059751918188e-83
48.7536300971,2.3547424609,1.077256879652457e-74
48.7585239877,2.3547424609,4.875701229093279e-67
48.7634178783,2.3547424609,7.427084049971384e-60
48.7683117689,2.3547424609,3.807702741332964e-53
48.7732056595,2.3547424609,6.570087886675355e-47
48.7780995501,2.3547424609,3.8154236377121615e-41
48.7829934407,2.3547424609,7.457234452138882e-36
48.7878873313,2.3547424609,4.905420855826859e-31
48.7927812219,2.3547424609,1.0860209259552446e-26
48.7976751125,2.3547424609,8.092143181016052e-23
48.8025690031,2.3547424609,2.0293285961069813e-19
48.8074628937,2.3547424609,1.7127931886229622e-16
48.8123567843,2.3547424609,4.8655401613887637e-14
48.8172506749,2.3547424609,4.655121398856271e-12
48.8221445655,2.3547424609,1.5283513195885745e-10
48.8270384561,2.3547424609,2.5243222222050714e-09
48.8319323467,2.3547424609,1.0188087009472468e-07
48.8368262373,2.3547424609,4.43511444468444e-06
48.8417201279,2.3547424609,8.379643137060658e-05
48.8466140185,2.3547424609,0.000545807882652857
48.8515079091,2.3547424609,0.0011078239861964248
48.8564017997,2.3547424609,0.0006893161748554098
48.8612956903,2.3547424609,0.00014692254470952755
48.8661895809,2.3547424609,1.8451397532749195e-05
48.8710834715,2.3547424609,2.2198161826522716e-06
48.8759773621,2.3547424609,1.5126528836680143e-07
48.8808712527,2.3547424609,4.384767845897339e-09
48.8857651433,2.3547424609,9.060656326067808e-11
48.8906590339,2.3547424609,8.85536721490552e-10
48.8955529245,2.3547424609,1.1732332639427725e-08
48.9004468151,2.3547424609,8.959848286366772e-08
48.9053407057,2.3547424609,3.9430399230568075e-07
48.9102345963,2.3547424609,9.999445185674785e-07
48.9151284869,2.3547424609,1.4612847271941042e-06
48.9200223775,2.3547424609,1.2305747449731748e-06
48.9249162681,2.3547424609,5.971663972899587e-07
48.9298101587,2.3547424609,1.6699248880177737e-07
48.9347040493,2.3547424609,2.6909939678005413e-08
48.9395979399,2.3547424609,2.4988645877940067e-09
48.9444918305,2.3547424609,1.3371709479458674e-10
48.9493857211,2.3547424609,4.123303982653492e-12
48.9542796117,2.3547424609,7.326861567350655e-14
48.9591735023,2.3547424609,7.502479720190212e-16
48.9640673929,2.3547424609,4.4269629329771934e-18
48.9689612835,2.3547424609,1.505293382954866e-20
48.9738551741,2.3547424609,2.949515147522337e-23
48.9787490647,2.3547424609,3.3303840706424406e-26
48.7389484253,2.3596363515,5.917614043216394e-95
48.7438423159,2.3596363515,4.5312452068255306e-86
48.7487362065,2.3596363515,1.1677555423639694e-77
48.7536300971,2.3596363515,1.012860779196658e-69
48.7585239877,2.3596363515,2.9567255623145467e-62
48.7634178783,2.3596363515,2.904930337297015e-55
48.7683117689,2.3596363515,9.605586178109992e-49
48.7732056595,2.3596363515,1.0689944926694712e-42
48.7780995501,2.3596363515,4.003967165021913e-37
48.7829934407,2.3596363515,5.047414736711322e-32
48.7878873313,2.3596363515,2.1414647001077278e-27
48.7927812219,2.3596363515,3.057850811104487e-23
48.7976751125,2.3596363515,1.4695525150661542e-19
48.8025690031,2.3596363515,2.376935370934959e-16
48.8074628937,2.3596363515,1.2939370153556454e-13
48.8123567843,2.3596363515,2.37069112711681e-11
48.8172506749,2.3596363515,1.4622050396921326e-09
48.8221445655,2.3596363515,3.062517976690497e-08
48.8270384561,2.3596363515,2.764801475829251e-07
48.8319323467,2.3596363515,4.921295844696658e-06
48.8368262373,2.3596363515,9.736232814281303e-05
48.8417201279,2.3596363515,0.0007349021109246987
48.8466140185,2.3596363515,0.0020522213627471955
48.8515079091,2.3596363515,0.0020994822501603084
48.8564017997,2.3596363515,0.00076824310971424
48.8612956903,2.3596363515,0.00012012889684720942
48.8661895809,2.3596363515,1.3708288054591695e-05
48.8710834715,2.3596363515,1.134909297780906e-06
48.8759773621,2.3596363515,4.451409939700594e-08
48.8808712527,2.3596363515,7.263763620800895e-10
48.8857651433,2.3596363515,5.336786315304231e-12
48.8906590339,2.3596363515,1.8269631165503443e-11
48.8955529245,2.3596363515,3.985510928824723e-10
48.9004468151,2.3596363515,5.013812606610792e-09
48.9053407057,2.3596363515,3.634681991484024e-08
48.9102345963,2.3596363515,1.5183746761873868e-07
48.9151284869,2.3596363515,3.6551541386041256e-07
48.9200223775,2.3596363515,5.070451716456819e-07
48.9249162681,2.3596363515,4.0532353198944606e-07
48.9298101587,2.3596363515,1.8671155538533587e-07
48.9347040493,2.3596363515,4.9562680537099465e-08
48.9395979399,2.3596363515,7.581455459443546e-09
48.9444918305,2.3596363515,6.682894428846008e-10
48.9493857211,2.3596363515,3.394617334728213e-11
48.9542796117,2.3596363515,9.936450197566056e-13
48.9591735023,2.3596363515,1.6760458965956672e-14
48.9640673929,2.3596363515,1.6291263400476686e-16
48.9689612835,2.3596363515,9.125104261532004e-19
48.9738551741,2.3596363515,2.945337837035603e-21
48.9787490647,2.3596363515,5.4783100667043375e-24
48.7389484253,2.3645302421,7.466754926037198e-90
48.7438423159,2.3645302421,3.687620987183222e-81
48.7487362065,2.3645302421,6.129486647824584e-73
48.7536300971,2.3645302421,3.4289833248531496e-65
48.7585239877,2.3645302421,6.456097603611599e-58
48.7634178783,2.3645302421,4.091082582272583e-51
48.7683117689,2.3645302421,8.725088675001416e-45
48.7732056595,2.3645302421,6.262747427268625e-39
48.7780995501,2.3645302421,1.5129458674743406e-33
48.7829934407,2.3645302421,1.2301139005092597e-28
48.7878873313,2.3645302421,3.366128627254194e-24
48.7927812219,2.3645302421,3.100127338646609e-20
48.7976751125,2.3645302421,9.609301127292366e-17
48.8025690031,2.3645302421,1.0024610742174028e-13
48.8074628937,2.3645302421,3.519708421398269e-11
48.8123567843,2.3645302421,4.159201339488018e-09
48.8172506749,2.3645302421,1.6542922949030656e-07
48.8221445655,2.3645302421,2.223296681668886e-06
48.8270384561,2.3645302421,1.1733369234147542e-05
48.8319323467,2.3645302421,0.00011505490887690555
48.8368262373,2.3645302421,0.0016982345148216968
48.8417201279,2.3645302421,0.008609435167948544
48.8466140185,2.3645302421,0.013444780604502538
48.8515079091,2.3645302421,0.006670136342216842
48.8564017997,2.3645302421,0.0011554651163528586
48.8612956903,2.3645302421,9.915482983566193e-05
48.8661895809,2.3645302421,7.308664625358974e-06
48.8710834715,2.3645302421,3.5986912571613397e-07
48.8759773621,2.3645302421,7.990936468119544e-09
48.8808712527,2.3645302421,7.334567058855411e-11
48.8857651433,2.3645302421,2.7921683720938656e-13
48.8906590339,2.3645302421,2.249451456234716e-13
48.8955529245,2.3645302421,8.074125591504194e-12
48.9004468151,2.3645302421,1.6731982391986104e-10
48.9053407057,2.3645302421,1.9980829919185194e-09
48.9102345963,2.3645302421,1.3749720137207907e-08
48.9151284869,2.3645302421,5.452408743952576e-08
48.9200223775,2.3645302421,1.245940101179118e-07
48.9249162681,2.3645302421,1.6406658327067687e-07
48.9298101587,2.3645302421,1.2449654959455684e-07
48.9347040493,2.3645302421,5.44388206158302e-08
48.9395979399,2.3645302421,1.3717479254156789e-08
48.9444918305,2.3645302421,1.9918385233714348e-09
48.9493857211,2.3645302421,1.6666643833870617e-10
48.9542796117,2.3645302421,8.036304667276853e-12
48.9591735023,2.3645302421,2.2329492002512341e-13
48.9640673929,2.3645302421,3.57532482375991e-15
48.9689612835,2.3645302421,3.2988789292420047e-17
48.9738551741,2.3645302421,1.7540075609533422e-19
48.9787490647,2.3645302421,5.374162036559504e-22
48.7389484253,2.3694241327,3.3923628508265844e-85
48.7438423159,2.3694241327,1.0805879796726334e-76
48.7487362065,2.3694241327,1.1584609799670968e-68
48.7536300971,2.3694241327,4.1799023179830274e-61
48.7585239877,2.3694241327,5.075914517752049e-54
48.7634178783,2.3694241327,2.0745595755610243e-47
48.7683117689,2.3694241327,2.853651715832258e-41
48.7732056595,2.3694241327,1.321111482868036e-35
48.7780995501,2.3694241327,2.0584551657554635e-30
48.7829934407,2.3694241327,1.079460615637633e-25
48.7878873313,2.3694241327,1.9051783404547075e-21
48.7927812219,2.3694241327,1.1316911347210132e-17
48.7976751125,2.3694241327,2.2624742059320088e-14
48.8025690031,2.3694241327,1.5223089612006456e-11
48.8074628937,2.3694241327,3.447350311314337e-09
48.8123567843,2.3694241327,2.627432861573877e-07
48.8172506749,2.3694241327,6.739884406594445e-06
48.8221445655,2.3694241327,5.828569172265193e-05
48.8270384561,2.3694241327,0.00018571816769517987
48.8319323467,2.3694241327,0.0009791694183522671
48.8368262373,2.3694241327,0.011759800162229439
48.8417201279,2.3694241327,0.04960198691525224
48.8466140185,2.3694241327,0.06203615207681636
48.8515079091,2.3694241327,0.023063217204750644
48.8564017997,2.3694241327,0.002629184642644025
48.8612956903,2.3694241327,0.00010912843626874826
48.8661895809,2.3694241327,3.000688555414206e-06
48.8710834715,2.3694241327,7.13690661811959e-08
48.8759773621,2.3694241327,8.756700472121268e-10
48.8808712527,2.3694241327,4.513549815454767e-12
48.8857651433,2.3694241327,9.551289486681862e-15
48.8906590339,2.3694241327,1.6549371962071908e-15
48.8955529245,2.3694241327,9.754810925346168e-14
48.9004468151,2.3694241327,3.3299564877951646e-12
48.9053407057,2.3694241327,6.550470357911365e-11
48.9102345963,2.3694241327,7.425413173904465e-10
48.9151284869,2.3694241327,4.850460521064728e-09
48.9200223775,2.3694241327,1.825826623341597e-08
48.9249162681,2.3694241327,3.960502650222306e-08
48.9298101587,2.3694241327,4.95057098854997e-08
48.9347040493,2.3694241327,3.565943748709347e-08
48.9395979399,2.3694241327,1.4801573809015684e-08
48.9444918305,2.3694241327,3.540425936370655e-09
48.9493857211,2.3694241327,4.879972150702035e-10
48.9542796117,2.3694241327,3.876085826720594e-11
48.9591735023,2.3694241327,1.774122638465775e-12
48.9640673929,2.3694241327,4.679377709015837e-14
48.9689612835,2.3694241327,7.11224612836564e-16
48.9738551741,2.3694241327,6.229305993015877e-18
48.9787490647,2.3694241327,3.1440305916545615e-20
48.7389484253,2.3743180233,5.54955092390106e-81
48.7438423159,2.3743180233,1.1401424799208984e-72
48.7487362065,2.3743180233,7.883586874660346e-65
48.7536300971,2.3743180233,1.8346449631869833e-57
48.7585239877,2.3743180233,1.436956603575089e-50
48.7634178783,2.3743180233,3.787901844358396e-44
48.7683117689,2.3743180233,3.360603112008782e-38
48.7732056595,2.3743180233,1.0034579505398856e-32
48.7780995501,2.3743180233,1.008427257068743e-27
48.7829934407,2.3743180233,3.4107777234203873e-23
48.7878873313,2.3743180233,3.882627304181746e-19
48.7927812219,2.3743180233,1.4875152792007796e-15
48.7976751125,2.3743180233,1.9180530322339227e-12
48.8025690031,2.3743180233,8.32383055423827e-10
48.8074628937,2.3743180233,1.2157640484658409e-07
48.8123567843,2.3743180233,5.976388999824755e-06
48.8172506749,2.3743180233,9.887706901097599e-05
48.8221445655,2.3743180233,0.0005509587488632579
48.8270384561,2.3743180233,0.001087240130222714
48.8319323467,2.3743180233,0.002971386423940784
48.8368262373,2.3743180233,0.028765195263867893
48.8417201279,2.3743180233,0.10390088100554505
48.8466140185,2.3743180233,0.11092484761704746
48.8515079091,2.3743180233,0.034927998250876766
48.8564017997,2.3743180233,0.0032789559550318683
48.8612956903,2.3743180233,9.67565321593855e-05
48.8661895809,2.3743180233,1.151717434048379e-06
48.8710834715,2.3743180233,9.790471449756826e-09
48.8759773621,2.3743180233,5.936238546037399e-11
48.8808712527,2.3743180233,1.6944980838049615e-13
48.8857651433,2.3743180233,2.0107875040384579e-16
48.8906590339,2.3743180233,7.300143338171467e-18
48.8955529245,2.3743180233,7.028361171490866e-16
48.9004468151,2.3743180233,3.952224238786738e-14
48.9053407057,2.3743180233,1.280687902950823e-12
48.9102345963,2.3743180233,2.3914386761755912e-11
48.9151284869,2.3743180233,2.573293965334929e-10
48.9200223775,2.3743180233,1.595635778425887e-09
48.9249162681,2.3743180233,5.701542178668576e-09
48.9298101587,2.3743180233,1.173991975971858e-08
48.9347040493,2.3743180233,1.3930032418802466e-08
48.9395979399,2.3743180233,9.524744554920373e-09
48.9444918305,2.3743180233,3.7529152623422346e-09
48.9493857211,2.3743180233,8.521153551019267e-10
48.9542796117,2.3743180233,1.1149162249282368e-10
48.9591735023,2.3743180233,8.406211087161175e-12
48.9640673929,2.3743180233,3.6523514271250467e-13
48.9689612835,2.3743180233,9.144480475573293e-15
48.9738551741,2.3743180233,1.3193491055321036e-16
48.9787490647,2.3743180233,1.0969191750662555e-18
48.7389484253,2.3792119139,3.268876582229861e-77
48.7438423159,2.3792119139,4.3315493102503663e-69
48.7487362065,2.3792119139,1.9317523359851522e-61
48.7536300971,2.3792119139,2.8994997383149665e-54
48.7585239877,2.3792119139,1.4647319206857946e-47
48.7634178783,2.3792119139,2.4903286384386016e-41
48.7683117689,2.3792119139,1.4250123367803855e-35
48.7732056595,2.3792119139,2.744378636396374e-30
48.7780995501,2.3792119139,1.778823589462422e-25
48.7829934407,2.3792119139,3.880477546134891e-21
48.7878873313,2.3792119139,2.849055529667457e-17
48.7927812219,2.3792119139,7.040120580151752e-14
48.7976751125,2.3792119139,5.854943733717077e-11
48.8025690031,2.3792119139,1.638810732194079e-08
48.8074628937,2.3792119139,1.5438259180648373e-06
48.8123567843,2.3792119139,4.894760651153913e-05
48.8172506749,2.3792119139,0.000522314425196012
48.8221445655,2.3792119139,0.0018767003985922979
48.8270384561,2.3792119139,0.002346834941365787
48.8319323467,2.3792119139,0.0034614783538371003
48.8368262373,2.3792119139,0.025617082098526745
48.8417201279,2.3792119139,0.07741576707178237
48.8466140185,2.3792119139,0.07018913341298748
48.8515079091,2.3792119139,0.018915880524769165
48.8564017997,2.3792119139,0.001518288730171765
48.8612956903,2.3792119139,3.697278307801358e-05
48.8661895809,2.3792119139,2.972991685389079e-07
48.8710834715,2.3792119139,1.0711965476105053e-09
48.8759773621,2.3792119139,2.652363161791576e-12
48.8808712527,2.3792119139,3.916574811863051e-15
48.8857651433,2.3792119139,2.585182816677995e-18
48.8906590339,2.3792119139,1.949271670011968e-20
48.8955529245,2.3792119139,3.0199596810118887e-18
48.9004468151,2.3792119139,2.7974121376907955e-16
48.9053407057,2.3792119139,1.493227528489972e-14
48.9102345963,2.3792119139,4.593140519117306e-13
48.9151284869,2.3792119139,8.141561125646262e-12
48.9200223775,2.3792119139,8.316102910324794e-11
48.9249162681,2.3792119139,4.894927160390539e-10
48.9298101587,2.3792119139,1.6603009776761973e-09
48.9347040493,2.3792119139,3.245201179075166e-09
48.9395979399,2.3792119139,3.6551957323569545e-09
48.9444918305,2.3792119139,2.3724324862957185e-09
48.9493857211,2.3792119139,8.873425309321266e-10
48.9542796117,2.3792119139,1.912506611712752e-10
48.9591735023,2.3792119139,2.375356526660489e-11
48.9640673929,2.3792119139,1.7000781037012193e-12
48.9689612835,2.3792119139,7.011697240362087e-14
48.9738551741,2.3792119139,1.6664475463774282e-15
48.9787490647,2.3792119139,2.2823085254564104e-17
48.7389484253,2.3841058045,6.933050245447143e-74
48.7438423159,2.3841058045,5.925329953168322e-66
48.7487362065,2.3841058045,1.704371153383369e-58
48.7536300971,2.3841058045,1.6499821867848857e-51
48.7585239877,2.3841058045,5.375981685740823e-45
48.7634178783,2.3841058045,5.89521637662576e-39
48.7683117689,2.3841058045,2.1757308207394042e-33
48.7732056595,2.3841058045,2.7025517713747385e-28
48.7780995501,2.3841058045,1.1298123693101538e-23
48.7829934407,2.3841058045,1.5896520428172862e-19
48.7878873313,2.3841058045,7.527681998640539e-16
48.7927812219,2.3841058045,1.1997310557546505e-12
48.7976751125,2.3841058045,6.435317578547375e-10
48.8025690031,2.3841058045,1.1617683142218313e-07
48.8074628937,2.3841058045,7.058829398410418e-06
48.8123567843,2.3841058045,0.00014434823594230333
48.8172506749,2.3841058045,0.0009935506509879486
48.8221445655,2.3841058045,0.0023062329654426963
48.8270384561,2.3841058045,0.0019384561449155811
48.8319323467,2.3841058045,0.002480945122615576
48.8368262373,2.3841058045,0.011502144430273314
48.8417201279,2.3841058045,0.023784450881941904
48.8466140185,2.3841058045,0.016565234575930447
48.8515079091,2.3841058045,0.0036599210059985827
48.8564017997,2.3841058045,0.00024840085680875304
48.8612956903,2.3841058045,5.135454344797562e-06
48.8661895809,2.3841058045,3.323373327189376e-08
48.8710834715,2.3841058045,7.611360648048848e-11
48.8759773621,2.3841058045,8.446527842255314e-14
48.8808712527,2.3841058045,5.776266619775268e-17
48.8857651433,2.3841058045,2.039313315200477e-20
48.8906590339,2.3841058045,3.233262389248715e-23
48.8955529245,2.3841058045,7.738558641697635e-21
48.9004468151,2.3841058045,1.1808186161109363e-18
48.9053407057,2.3841058045,1.0382944370477914e-16
48.9102345963,2.3841058045,5.261045701012927e-15
48.9151284869,2.3841058045,1.5361648837190486e-13
48.9200223775,2.3841058045,2.584745590604991e-12
48.9249162681,2.3841058045,2.5061784116798618e-11
48.9298101587,2.3841058045,1.4002977067579145e-10
48.9347040493,2.3841058045,4.5086132389375914e-10
48.9395979399,2.3841058045,8.365266817970948e-10
48.9444918305,2.3841058045,8.943980114827632e-10
48.9493857211,2.3841058045,5.510564164416241e-10
48.9542796117,2.3841058045,1.9564804550577927e-10
48.9591735023,2.3841058045,4.002848702981911e-11
48.9640673929,2.3841058045,4.7192941582322054e-12
48.9689612835,2.3841058045,3.206262920481039e-13
48.9738551741,2.3841058045,1.2552650249094684e-14
48.9787490647,2.3841058045,2.8319523102289017e-16
48.7389484253,2.3889996951,5.294626294022064e-71
48.7438423159,2.3889996951,2.918548778929048e-63
48.7487362065,2.3889996951,5.414545965495356e-56
48.7536300971,2.3889996951,3.3808085500493813e-49
48.7585239877,2.3889996951,7.104647836084836e-43
48.7634178783,2.3889996951,5.024906414600052e-37
48.7683117689,2.3889996951,1.1961257621800526e-31
48.7732056595,2.3889996951,9.582727874118006e-27
48.7780995501,2.3889996951,2.5838357991790204e-22
48.7829934407,2.3889996951,2.344790855380084e-18
48.7878873313,2.3889996951,7.16154555257842e-15
48.7927812219,2.3889996951,7.36161092768823e-12
48.7976751125,2.3889996951,2.5468447618284244e-09
48.8025690031,2.3889996951,2.9654871734071667e-07
48.8074628937,2.3889996951,1.1621384228339357e-05
48.8123567843,2.3889996951,0.00015329810354855318
48.8172506749,2.3889996951,0.0006817556582634228
48.8221445655,2.3889996951,0.001053536394853044
48.8270384561,2.3889996951,0.0010012092212942586
48.8319323467,2.3889996951,0.0030575206774428837
48.8368262373,2.3889996951,0.007102061543710041
48.8417201279,2.3889996951,0.006301871095770567
48.8466140185,2.3889996951,0.0021792564525364914
48.8515079091,2.3889996951,0.0003009925510592209
48.8564017997,2.3889996951,1.531678399510179e-05
48.8612956903,2.3889996951,2.594005268460543e-07
48.8661895809,2.3889996951,1.3990636717816541e-09
48.8710834715,2.3889996951,2.4834032830969273e-12
48.8759773621,2.3889996951,1.6845088019747855e-15
48.8808712527,2.3889996951,5.623207533737714e-19
48.8857651433,2.3889996951,1.0054147318374925e-22
48.8906590339,2.3889996951,3.548780901051189e-26
48.8955529245,2.3889996951,1.1825809269227377e-23
48.9004468151,2.3889996951,2.972499475958862e-21
48.9053407057,2.3889996951,4.3055330315167126e-19
48.9102345963,2.3889996951,3.593736872169863e-17
48.9151284869,2.3889996951,1.7285416046551895e-15
48.9200223775,2.3889996951,4.791015877586811e-14
48.9249162681,2.3889996951,7.652257832205724e-13
48.9298101587,2.3889996951,7.043131392434466e-12
48.9347040493,2.3889996951,3.735564140003847e-11
48.9395979399,2.3889996951,1.1417231745549679e-10
48.9444918305,2.3889996951,2.0108498660601505e-10
48.9493857211,2.3889996951,2.0408575297838578e-10
48.9542796117,2.3889996951,1.1936031083612916e-10
48.9591735023,2.3889996951,4.022734827997072e-11
48.9640673929,2.3889996951,7.8126268419951e-12
48.9689612835,2.3889996951,8.743533305828595e-13
48.9738551741,2.3889996951,5.6388568218764116e-14
48.9787490647,2.3889996951,2.0956047663523757e-15
48.7389484253,2.3938935857,1.4558995910804096e-68
48.7438423159,2.3938935857,5.1761460059675124e-61
48.7487362065,2.3938935857,6.193627159492321e-54
48.7536300971,2.3938935857,2.4942905645437847e-47
48.7585239877,2.3938935857,3.380745466760315e-41
48.7634178783,2.3938935857,1.5422023125933366e-35
48.7683117689,2.3938935857,2.3677381490286364e-30
48.7732056595,2.3938935857,1.2234590592768274e-25
48.7780995501,2.3938935857,2.1276915344040126e-21
48.7829934407,2.3938935857,1.2453498459781316e-17
48.7878873313,2.3938935857,2.4532266373371246e-14
48.7927812219,2.3938935857,1.626477791443217e-11
48.7976751125,2.3938935857,3.6293274908723795e-09
48.8025690031,2.3938935857,2.7258097501300424e-07
48.8074628937,2.3938935857,6.893747176010672e-06
48.8123567843,2.3938935857,5.897898980780305e-05
48.8172506749,2.3938935857,0.00018023404841533447
48.8221445655,2.3938935857,0.00034484176328934143
48.8270384561,2.3938935857,0.001360190063275788
48.8319323467,2.3938935857,0.004393891506722316
48.8368262373,2.3938935857,0.0058125097474098905
48.8417201279,2.3938935857,0.0026469915748545333
48.8466140185,2.3938935857,0.00040193212713369916
48.8515079091,2.3938935857,2.217399548790069e-05
48.8564017997,2.3938935857,5.282247217570979e-07
48.8612956903,2.3938935857,5.66014541796081e-09
48.8661895809,2.3938935857,2.3344681477844528e-11
48.8710834715,2.3938935857,3.315534594720469e-14
48.8759773621,2.3938935857,1.6559563892678464e-17
48.8808712527,2.3938935857,3.3269459642953975e-21
48.8857651433,2.3938935857,3.1289569303697103e-25
48.8906590339,2.3938935857,2.8935465979357036e-29
48.8955529245,2.3938935857,1.0777388084839253e-26
48.9004468151,2.3938935857,4.462438470501868e-24
48.9053407057,2.3938935857,1.0647439538059075e-21
48.9102345963,2.3938935857,1.4639705342489452e-19
48.9151284869,2.3938935857,1.1599351256407214e-17
48.9200223775,2.3938935857,5.296015847882895e-16
48.9249162681,2.3938935857,1.3934104503890507e-14
48.9298101587,2.3938935857,2.112628149117126e-13
48.9347040493,2.3938935857,1.8457856800314294e-12
48.9395979399,2.3938935857,9.292952000196753e-12
48.9444918305,2.3938935857,2.6961268844293514e-11
48.9493857211,2.3938935857,4.507556420983488e-11
48.9542796117,2.3938935857,4.3426639890623663e-11
48.9591735023,2.3938935857,2.4109349611237983e-11
48.9640673929,2.3938935857,7.713100204279126e-12
48.9689612835,2.3938935857,1.4219576554567932e-12
48.9738551741,2.3938935857,1.510631600479021e-13
48.9787490647,2.3938935857,9.247933079191973e-15
48.7389484253,2.3987874763,1.4415062784967064e-66
48.7438423159,2.3987874763,3.3054702402741713e-59
48.7487362065,2.3987874763,2.551023800437562e-52
48.7536300971,2.3987874763,6.626125521067931e-46
48.7585239877,2.3987874763,5.792532586688271e-40
48.7634178783,2.3987874763,1.7042800303527057e-34
48.7683117689,2.3987874763,1.6876297111830374e-29
48.7732056595,2.3987874763,5.624416179312134e-25
48.7780995501,2.3987874763,6.308743607235944e-21
48.7829934407,2.3987874763,2.381645287197289e-17
48.7878873313,2.3987874763,3.026176149606876e-14
48.7927812219,2.3987874763,1.2943691635385484e-11
48.7976751125,2.3987874763,1.8651188300390593e-09
48.8025690031,2.3987874763,9.097708412168432e-08
48.8074628937,2.3987874763,1.5548151084331242e-06
48.8123567843,2.3987874763,1.1822264466426863e-05
48.8172506749,2.3987874763,8.449484153917914e-05
48.8221445655,2.3987874763,0.0005800290937819847
48.8270384561,2.3987874763,0.0023066883144798804
48.8319323467,2.3987874763,0.004550553005855411
48.8368262373,2.3987874763,0.0036397559464549332
48.8417201279,2.3987874763,0.0009968533159604466
48.8466140185,2.3987874763,8.7112198033483e-05
48.8515079091,2.3987874763,2.4332229077785512e-06
48.8564017997,2.3987874763,2.3699464579549943e-08
48.8612956903,2.3987874763,9.970818712463814e-11
48.8661895809,2.3987874763,2.1439598669003734e-13
48.8710834715,2.3987874763,2.0685239548415785e-16
48.8759773621,2.3987874763,7.589340158488097e-20
48.8808712527,2.3987874763,1.0443460327206567e-23
48.8857651433,2.3987874763,5.845151543832412e-28
48.8906590339,2.3987874763,1.9263941524739149e-32
48.8955529245,2.3987874763,5.857442478134177e-30
48.9004468151,2.3987874763,3.995163470765968e-27
48.9053407057,2.3987874763,1.5702734893926363e-24
48.9102345963,2.3987874763,3.556560940629607e-22
48.9151284869,2.3987874763,4.6419389244258284e-20
48.9200223775,2.3987874763,3.491264888903969e-18
48.9249162681,2.3987874763,1.5131444562952962e-16
48.9298101587,2.3987874763,3.77913314198559e-15
48.9347040493,2.3987874763,5.438989317655027e-14
48.9395979399,2.3987874763,4.5108504643603424e-13
48.9444918305,2.3987874763,2.155821835180091e-12
48.9493857211,2.3987874763,5.937197743854854e-12
48.9542796117,2.3987874763,9.422461520930669e-12
48.9591735023,2.3987874763,8.617106149634015e-12
48.9640673929,2.3987874763,4.541221909844516e-12
48.9689612835,2.3987874763,1.379107809050328e-12
48.9738551741,2.3987874763,2.4134478676930725e-13
48.9787490647,2.3987874763,2.4338389560194016e-14
48.7389484253,2.4036813669,5.183212109782101e-65
48.7438423159,2.4036813669,7.630465917599272e-58
48.7487362065,2.4036813669,3.7915831559402396e-51
48.7536300971,2.4036813669,6.347491091992543e-45
48.7585239877,2.4036813669,3.5780008181243424e-39
48.7634178783,2.4036813669,6.789797226914878e-34
48.7683117689,2.4036813669,4.3376208447678135e-29
48.7732056595,2.4036813669,9.330496807872208e-25
48.7780995501,2.4036813669,6.7619939305001206e-21
48.7829934407,2.4036813669,1.654162007396975e-17
48.7878873313,2.4036813669,1.3748733979711153e-14
48.7927812219,2.4036813669,3.982544219553628e-12
48.7976751125,2.4036813669,4.4463971286100146e-10
48.8025690031,2.4036813669,2.573982749325001e-08
48.8074628937,2.4036813669,1.027194924015893e-06
48.8123567843,2.4036813669,2.3263711316651855e-05
48.8172506749,2.4036813669,0.00023882947454794808
48.8221445655,2.4036813669,0.0011113130613797095
48.8270384561,2.4036813669,0.002660280290250199
48.8319323467,2.4036813669,0.003268742771185605
48.8368262373,2.4036813669,0.0016411505477931356
48.8417201279,2.4036813669,0.0002785106836180203
48.8466140185,2.4036813669,1.4795081404608152e-05
48.8515079091,2.4036813669,2.42297211684031e-07
48.8564017997,2.4036813669,1.2596712724948693e-09
48.8612956903,2.4036813669,2.3221871606024127e-12
48.8661895809,2.4036813669,1.938455175265656e-15
48.8710834715,2.4036813669,8.846889259262449e-19
48.8759773621,2.4036813669,1.946822027290234e-22
48.8808712527,2.4036813669,1.7481280973988e-26
48.8857651433,2.4036813669,6.168699867681913e-31
48.8906590339,2.4036813669,9.806305514400422e-36
48.8955529245,2.4036813669,1.898516615041346e-33
48.9004468151,2.4036813669,2.1330877722068817e-30
48.9053407057,2.4036813669,1.381075031105259e-27
48.9102345963,2.4036813669,5.152761395954585e-25
48.9151284869,2.4036813669,1.1078399002772765e-22
48.9200223775,2.4036813669,1.3725500327633624e-20
48.9249162681,2.4036813669,9.799266698374589e-19
48.9298101587,2.4036813669,4.0315605072423653e-17
48.9347040493,2.4036813669,9.557999385573244e-16
48.9395979399,2.4036813669,1.30579507334063e-14
48.9444918305,2.4036813669,1.0280098231779826e-13
48.9493857211,2.4036813669,4.663733385702899e-13
48.9542796117,2.4036813669,1.2192264525837758e-12
48.9591735023,2.4036813669,1.836746622035588e-12
48.9640673929,2.4036813669,1.5945139913904493e-12
48.9689612835,2.4036813669,7.976670092723923e-13
48.9738551741,2.4036813669,2.299477359424037e-13
48.9787490647,2.4036813669,3.819889999112132e-14
48.7389484253,2.4085752575,9.918461012397482e-63
48.7438423159,2.4085752575,4.160089311591159e-56
48.7487362065,2.4085752575,7.528538229441437e-50
48.7536300971,2.4085752575,5.698336862995134e-44
48.7585239877,2.4085752575,1.7116590755520303e-38
48.7634178783,2.4085752575,1.9519044650626595e-33
48.7683117689,2.4085752575,8.28561324334972e-29
48.7732056595,2.4085752575,1.320501864199957e-24
48.7780995501,2.4085752575,8.187592622990036e-21
48.7829934407,2.4085752575,2.0813352186202915e-17
48.7878873313,2.4085752575,2.264379713665567e-14
48.7927812219,2.4085752575,1.0642549294425872e-11
48.7976751125,2.4085752575,2.12421584994685e-09
48.8025690031,2.4085752575,1.7651902443243684e-07
48.8074628937,2.4085752575,6.0390768976487034e-06
48.8123567843,2.4085752575,8.491015785554661e-05
48.8172506749,2.4085752575,0.0005001822430186089
48.8221445655,2.4085752575,0.001360002405079412
48.8270384561,2.4085752575,0.002064101799592928
48.8319323467,2.4085752575,0.001686095529909339
48.8368262373,2.4085752575,0.0005487162527018542
48.8417201279,2.4085752575,5.853618994029265e-05
48.8466140185,2.4085752575,1.914489529371741e-06
48.8515079091,2.4085752575,1.8887900906821706e-08
48.8564017997,2.4085752575,5.6685427790961356e-11
48.8612956903,2.4085752575,5.424026295834725e-14
48.8661895809,2.4085752575,1.9249648191568163e-17
48.8710834715,2.4085752575,3.434942648435065e-21
48.8759773621,2.4085752575,3.57051096329332e-25
48.8808712527,2.4085752575,1.797637180322119e-29
48.8857651433,2.4085752575,3.7814971923826553e-34
48.8906590339,2.4085752575,3.321824207603065e-39
48.8955529245,2.4085752575,3.669717485588574e-37
48.9004468151,2.4085752575,6.79195433126412e-34
48.9053407057,2.4085752575,7.243877666851621e-31
48.9102345963,2.4085752575,4.452066771607207e-28
48.9151284869,2.4085752575,1.5767630802470816e-25
48.9200223775,2.4085752575,3.2179954601173985e-23
48.9249162681,2.4085752575,3.7845881320058405e-21
48.9298101587,2.4085752575,2.5648739733350237e-19
48.9347040493,2.4085752575,1.0016768794626478e-17
48.9395979399,2.4085752575,2.2542572751045184e-16
48.9444918305,2.4085752575,2.9234355358396103e-15
48.9493857211,2.4085752575,2.1847300132709855e-14
48.9542796117,2.4085752575,9.408410103015351e-14
48.9591735023,2.4085752575,2.3347958660125286e-13
48.9640673929,2.4085752575,3.3388415021318506e-13
48.9689612835,2.4085752575,2.7514200778912793e-13
48.9738551741,2.4085752575,1.3065685869378385e-13
48.9787490647,2.4085752575,3.575376112857141e-14
48.7389484253,2.4134691481,1.1817361798830474e-58
48.7438423159,2.4134691481,2.533765572746467e-52
48.7487362065,2.4134691481,2.222565280248038e-46
48.7536300971,2.4134691481,7.976084992582073e-41
48.7585239877,2.4134691481,1.171011124710944e-35
48.7634178783,2.4134691481,7.0329514099622e-31
48.7683117689,2.4134691481,1.7277653515123832e-26
48.7732056595,2.4134691481,1.736157668141063e-22
48.7780995501,2.4134691481,7.136249434765367e-19
48.7829934407,2.4134691481,1.1999505312939396e-15
48.7878873313,2.4134691481,8.254609327884694e-13
48.7927812219,2.4134691481,2.3231477195954287e-10
48.7976751125,2.4134691481,2.674839657393865e-08
48.8025690031,2.4134691481,1.259960735578628e-06
48.8074628937,2.4134691481,2.42872941552206e-05
48.8123567843,2.4134691481,0.00019230483526860983
48.8172506749,2.4134691481,0.0006456085540842908
48.8221445655,2.4134691481,0.0010742302026762393
48.8270384561,2.4134691481,0.0011412693700147607
48.8319323467,2.4134691481,0.0006557410983901316
48.8368262373,2.4134691481,0.0001399291025969758
48.8417201279,2.4134691481,9.404261446225445e-06
48.8466140185,2.4134691481,1.9027032156421963e-07
48.8515079091,2.4134691481,1.1462452871685086e-09
48.8564017997,2.4134691481,2.057712576996432e-12
48.8612956903,2.4134691481,1.116376303367157e-15
48.8661895809,2.4134691481,1.936662626167134e-19
48.8710834715,2.4134691481,1.3108138560201042e-23
48.8759773621,2.4134691481,5.116030539127341e-28
48.8808712527,2.4134691481,1.2456799418568438e-32
48.8857651433,2.4134691481,1.4458087783725332e-37
48.8906590339,2.4134691481,7.093964198093169e-43
48.8955529245,2.4134691481,4.2302177118061166e-41
48.9004468151,2.4134691481,1.2897117213961306e-37
48.9053407057,2.4134691481,2.265879447281174e-34
48.9102345963,2.4134691481,2.2940092505532466e-31
48.9151284869,2.4134691481,1.338343952927112e-28
48.9200223775,2.4134691481,4.4993992183409105e-26
48.9249162681,2.4134691481,8.716768808628408e-24
48.9298101587,2.4134691481,9.731297234660753e-22
48.9347040493,2.4134691481,6.260372279971834e-20
48.9395979399,2.4134691481,2.320832476122175e-18
48.9444918305,2.4134691481,4.957944235790909e-17
48.9493857211,2.4134691481,6.103426147298149e-16
48.9542796117,2.4134691481,4.329721492580244e-15
48.9591735023,2.4134691481,1.769947727765083e-14
48.9640673929,2.4134691481,4.1694150611332196e-14
48.9689612835,2.4134691481,5.659838417556098e-14
48.9738551741,2.4134691481,4.427383538670667e-14
48.9787490647,2.4134691481,1.995742338409086e-14
48.7389484253,2.4183630387,9.19087739164432e-55
48.7438423159,2.4183630387,1.1078608458038975e-48
48.7487362065,2.4183630387,5.46302079826409e-43
48.7536300971,2.4183630387,1.1020464448545231e-37
48.7585239877,2.4183630387,9.094657456206864e-33
48.7634178783,2.4183630387,3.070380437978628e-28
48.7683117689,2.4183630387,4.240503372006945e-24
48.7732056595,2.4183630387,2.3958630960660742e-20
48.7780995501,2.4183630387,5.5376556214234554e-17
48.7829934407,2.4183630387,5.2361160645878594e-14
48.7878873313,2.4183630387,2.0254054668638267e-11
48.7927812219,2.4183630387,3.205044803908337e-09
48.7976751125,2.4183630387,2.074799023697456e-07
48.8025690031,2.4183630387,5.494755052765771e-06
48.8074628937,2.4183630387,5.956017322979056e-05
48.8123567843,2.4183630387,0.00026594789336152993
48.8172506749,2.4183630387,0.0005188645477300089
48.8221445655,2.4183630387,0.0005829665000025321
48.8270384561,2.4183630387,0.0004864983036063801
48.8319323467,2.4183630387,0.0001988492547943566
48.8368262373,2.4183630387,2.7459164934286917e-05
48.8417201279,2.4183630387,1.154309854015672e-06
48.8466140185,2.4183630387,1.4435398927932754e-08
48.8515079091,2.4183630387,5.3418284573564283e-11
48.8564017997,2.4183630387,5.845909636889329e-14
48.8612956903,2.4183630387,1.8975169294632447e-17
48.8661895809,2.4183630387,1.8508329935714217e-21
48.8710834715,2.4183630387,5.750926157314827e-26
48.8759773621,2.4183630387,7.271270551774331e-31
48.8808712527,2.4183630387,6.186053924025317e-36
48.8857651433,2.4183630387,3.5374985881464034e-41
48.8906590339,2.4183630387,9.521712068108997e-47
48.8955529245,2.4183630387,2.908068730871173e-45
48.9004468151,2.4183630387,1.460502805656672e-41
48.9053407057,2.4183630387,4.2268258208255287e-38
48.9102345963,2.4183630387,7.04921114830892e-35
48.9151284869,2.4183630387,6.774556956643545e-32
48.9200223775,2.4183630387,3.7517638019723156e-29
48.9249162681,2.4183630387,1.1973036068016432e-26
48.9298101587,2.4183630387,2.2018478431621623e-24
48.9347040493,2.4183630387,2.333374937635079e-22
48.9395979399,2.4183630387,1.4249379893276343e-20
48.9444918305,2.4183630387,5.014430457355821e-19
48.9493857211,2.4183630387,1.0168607206815723e-17
48.9542796117,2.4183630387,1.1882711203603775e-16
48.9591735023,2.4183630387,8.001728730155416e-16
48.9640673929,2.4183630387,3.105033695329618e-15
48.9689612835,2.4183630387,6.9432535071062e-15
48.9738551741,2.4183630387,8.946927917506807e-15
48.9787490647,2.4183630387,6.643532532217122e-15
48.7389484253,2.4232569293,4.3560909513783815e-51
48.7438423159,2.4232569293,2.952082299843107e-45
48.7487362065,2.4232569293,8.1842591725088e-40
48.7536300971,2.4232569293,9.282173413110328e-35
48.7585239877,2.4232569293,4.306647963155421e-30
48.7634178783,2.4232569293,8.174260218194031e-26
48.7683117689,2.4232569293,6.347123312510388e-22
48.7732056595,2.4232569293,2.0161591167640774e-18
48.7780995501,2.4232569293,2.6199443284374887e-15
48.7829934407,2.4232569293,1.3927677856154231e-12
48.7878873313,2.4232569293,3.028898739201519e-10
48.7927812219,2.4232569293,2.694698631312767e-08
48.7976751125,2.4232569293,9.807440249433516e-07
48.8025690031,2.4232569293,1.4602915393238676e-05
48.8074628937,2.4232569293,8.903354311558774e-05
48.8123567843,2.4232569293,0.00022529676393689694
48.8172506749,2.4232569293,0.0002690989892264062
48.8221445655,2.4232569293,0.00024376750055226236
48.8270384561,2.4232569293,0.00016879093675202384
48.8319323467,2.4232569293,4.710759176084403e-05
48.8368262373,2.4232569293,4.115334393308694e-06
48.8417201279,2.4232569293,1.07293500342796e-07
48.8466140185,2.4232569293,8.27365893178492e-10
48.8515079091,2.4232569293,1.8833191030407923e-12
48.8564017997,2.4232569293,1.2650106237660424e-15
48.8612956903,2.4232569293,2.5083775691640646e-19
48.8661895809,2.4232569293,1.4715085839235203e-23
48.8710834715,2.4232569293,2.579552137934174e-28
48.8759773621,2.4232569293,1.4256486084624396e-33
48.8808712527,2.4232569293,3.283323973737804e-39
48.8857651433,2.4232569293,5.990668609570353e-45
48.8906590339,2.4232569293,8.013329814662994e-51
48.8955529245,2.4232569293,1.192225684136504e-49
48.9004468151,2.4232569293,9.863339982254393e-46
48.9053407057,2.4232569293,4.7022288561709084e-42
48.9102345963,2.4232569293,1.2918072952497556e-38
48.9151284869,2.4232569293,2.045059342982987e-35
48.9200223775,2.4232569293,1.8656419912521855e-32
48.9249162681,2.4232569293,9.80764895941396e-30
48.9298101587,2.4232569293,2.9710894635193688e-27
48.9347040493,2.4232569293,5.1865761287037e-25
48.9395979399,2.4232569293,5.217470424950813e-23
48.9444918305,2.4232569293,3.0244990086135477e-21
48.9493857211,2.4232569293,1.0103250207478766e-19
48.9542796117,2.4232569293,1.9448359860755523e-18
48.9591735023,2.4232569293,2.1573423381570152e-17
48.9640673929,2.4232569293,1.379016183525338e-16
48.9689612835,2.4232569293,5.079650949512887e-16
48.9738551741,2.4232569293,1.078232925821544e-15
48.9787490647,2.4232569293,1.3188807218815823e-15
48.7389484253,2.4281508199,1.2581407603263487e-47
48.7438423159,2.4281508199,4.7936248246626064e-42
48.7487362065,2.4281508199,7.471679596181706e-37
48.7536300971,2.4281508199,4.764220245346652e-32
48.7585239877,2.4281508199,1.242752975329517e-27
48.7634178783,2.4281508199,1.326163845729095e-23
48.7683117689,2.4281508199,5.789338551637319e-20
48.7732056595,2.4281508199,1.0339037285328454e-16
48.7780995501,2.4281508199,7.553541973818045e-14
48.7829934407,2.4281508199,2.2575666624163895e-11
48.7878873313,2.4281508199,2.760259485613185e-09
48.7927812219,2.4281508199,1.3806342926739309e-07
48.7976751125,2.4281508199,2.8250622123504146e-06
48.8025690031,2.4281508199,2.3650331039706005e-05
48.8074628937,2.4281508199,8.117501481731143e-05
48.8123567843,2.4281508199,0.00011820599174162774
48.8172506749,2.4281508199,9.939315139891672e-05
48.8221445655,2.4281508199,8.845348196178228e-05
48.8270384561,2.4281508199,4.7437335458675784e-05
48.8319323467,2.4281508199,8.571347611622487e-06
48.8368262373,2.4281508199,4.6586167621160964e-07
48.8417201279,2.4281508199,7.493257285699969e-09
48.8466140185,2.4281508199,3.557117266646568e-11
48.8515079091,2.4281508199,4.9807267714536593e-14
48.8564017997,2.4281508199,2.0568432693391235e-17
48.8612956903,2.4281508199,2.5051848850994837e-21
48.8661895809,2.4281508199,9.001801427703536e-26
48.8710834715,2.4281508199,9.554684250014966e-31
48.8759773621,2.4281508199,3.015950083508353e-36
48.8808712527,2.4281508199,2.959153425429887e-42
48.8857651433,2.4281508199,1.2102613423931252e-48
48.8906590339,2.4281508199,4.621289192639379e-55
48.8955529245,2.4281508199,2.914903223355606e-54
48.9004468151,2.4281508199,3.9724411285332653e-50
48.9053407057,2.4281508199,3.119643961385598e-46
48.9102345963,2.4281508199,1.4117792847330699e-42
48.9151284869,2.4281508199,3.681652462979923e-39
48.9200223775,2.4281508199,5.532647312401815e-36
48.9249162681,2.4281508199,4.791123811905423e-33
48.9298101587,2.4281508199,2.390870278127801e-30
48.9347040493,2.4281508199,6.87525552501679e-28
48.9395979399,2.4281508199,1.1392941981792285e-25
48.9444918305,2.4281508199,1.0879204469535779e-23
48.9493857211,2.4281508199,5.98649472365134e-22
48.9542796117,2.4281508199,1.8982887780464373e-20
48.9591735023,2.4281508199,3.468695429613871e-19
48.9640673929,2.4281508199,3.652449897817417e-18
48.9689612835,2.4281508199,2.21623892234753e-17
48.9738551741,2.4281508199,7.749311164939333e-17
48.9787490647,2.4281508199,1.561434724345049e-16
48.7389484253,2.4330447105,2.2143886722324272e-44
48.7438423159,2.4330447105,4.743423989245318e-39
48.7487362065,2.4330447105,4.156707175731548e-34
48.7536300971,2.4330447105,1.4901373752927572e-29
48.7585239877,2.4330447105,2.1853579149340823e-25
48.7634178783,2.4330447105,1.3111072951601548e-21
48.7683117689,2.4330447105,3.2179054807165787e-18
48.7732056595,2.4330447105,3.230931303312422e-15
48.7780995501,2.4330447105,1.3270936028022947e-12
48.7829934407,2.4330447105,2.2299482178829597e-10
48.7878873313,2.4330447105,1.5328772996122963e-08
48.7927812219,2.4330447105,4.3106171838895756e-07
48.7976751125,2.4330447105,4.958996669928775e-06
48.8025690031,2.4330447105,2.3343870589813188e-05
48.8074628937,2.4330447105,4.523706439016286e-05
48.8123567843,2.4330447105,3.998924853846468e-05
48.8172506749,2.4330447105,3.183598520829082e-05
48.8221445655,2.4330447105,2.826492071354033e-05
48.8270384561,2.4330447105,1.0416896119383838e-05
48.8319323467,2.4330447105,1.178937809525175e-06
48.8368262373,2.4330447105,3.955049744518248e-08
48.8417201279,2.4330447105,3.9159867234538604e-10
48.8466140185,2.4330447105,1.1435816395238795e-12
48.8515079091,2.4330447105,9.84856258607964e-16
48.8564017997,2.4330447105,2.501183358643168e-19
48.8612956903,2.4330447105,1.8732040217323603e-23
48.8661895809,2.4330447105,4.137172564499893e-28
48.8710834715,2.4330447105,2.694980816444205e-33
48.8759773621,2.4330447105,5.181054832142477e-39
48.8808712527,2.4330447105,2.951650862499477e-45
48.8857651433,2.4330447105,5.151008829296867e-52
48.8906590339,2.4330447105,3.6606667878020275e-59
48.8955529245,2.4330447105,4.250124679864557e-59
48.9004468151,2.4330447105,9.54119550892479e-55
48.9053407057,2.4330447105,1.2342926987397793e-50
48.9102345963,2.4330447105,9.201269186750341e-47
48.9151284869,2.4330447105,3.9526787972601826e-43
48.9200223775,2.4330447105,9.784745255058217e-40
48.9249162681,2.4330447105,1.3957953075493971e-36
48.9298101587,2.4330447105,1.1473823265071118e-33
48.9347040493,2.4330447105,5.435115649379358e-31
48.9395979399,2.4330447105,1.4836232631835725e-28
48.9444918305,2.4330447105,2.333741186332807e-26
48.9493857211,2.4330447105,2.1154168463064855e-24
48.9542796117,2.4330447105,1.104977507517067e-22
48.9591735023,2.4330447105,3.3260220833819532e-21
48.9640673929,2.4330447105,5.769139367197039e-20
48.9689612835,2.4330447105,5.766484699027282e-19
48.9738551741,2.4330447105,3.3214327908598996e-18
48.9787490647,2.4330447105,1.1024375703389086e-17
48.7389484253,2.4379386011,2.375039269120198e-41
48.7438423159,2.4379386011,2.8603038816082878e-36
48.7487362065,2.4379386011,1.4092010149048848e-31
48.7536300971,2.4379386011,2.8402273824284744e-27
48.7585239877,2.4379386011,2.3418154340388285e-23
48.7634178783,2.4379386011,7.898990814554691e-20
48.7683117689,2.4379386011,1.0899584550945841e-16
48.7732056595,2.4379386011,6.152727367394257e-14
48.7780995501,2.4379386011,1.4208387385655205e-11
48.7829934407,2.4379386011,1.3422743722574677e-09
48.7878873313,2.4379386011,5.187489137460499e-08
48.7927812219,2.4379386011,8.201487858558544e-07
48.7976751125,2.4379386011,5.304640339163785e-06
48.8025690031,2.4379386011,1.4046698361656612e-05
48.8074628937,2.4379386011,1.555048354971507e-05
48.8123567843,2.4379386011,1.0047669571815487e-05
48.8172506749,2.4379386011,1.0288535501980338e-05
48.8221445655,2.4379386011,7.395856333011649e-06
48.8270384561,2.4379386011,1.7379758400047577e-06
48.8319323467,2.4379386011,1.2157490893285084e-07
48.8368262373,2.4379386011,2.5105766078021425e-09
48.8417201279,2.4379386011,1.529087480892865e-11
48.8466140185,2.4379386011,2.7463946714358638e-14
48.8515079091,2.4379386011,1.454637351682577e-17
48.8564017997,2.4379386011,2.2719844814796447e-21
48.8612956903,2.4379386011,1.0464403830785092e-25
48.8661895809,2.4379386011,1.4212911615068187e-30
48.8710834715,2.4379386011,5.6926622744311325e-36
48.8759773621,2.4379386011,6.72407636166106e-42
48.8808712527,2.4379386011,2.342940136147648e-48
48.8857651433,2.4379386011,2.4136951475449196e-55
48.8906590339,2.4379386011,7.520931204203754e-63
48.8955529245,2.4379386011,3.69565252071966e-64
48.9004468151,2.4379386011,1.3666584135946938e-59
48.9053407057,2.4379386011,2.912347189084144e-55
48.9102345963,2.4379386011,3.576354215895031e-51
48.9151284869,2.4379386011,2.530766733734309e-47
48.9200223775,2.4379386011,1.0319957749123325e-43
48.9249162681,2.4379386011,2.425034563009772e-40
48.9298101587,2.4379386011,3.2837656665232936e-37
48.9347040493,2.4379386011,2.5623626436695165e-34
48.9395979399,2.4379386011,1.1521877194835062e-31
48.9444918305,2.4379386011,2.985520800290143e-29
48.9493857211,2.4379386011,4.4579087234896504e-27
48.9542796117,2.4379386011,3.835804409790131e-25
48.9591735023,2.4379386011,1.9019362136265732e-23
48.9640673929,2.4379386011,5.434375612543559e-22
48.9689612835,2.4379386011,8.947826800593622e-21
48.9738551741,2.4379386011,8.489843739745372e-20
48.9787490647,2.4379386011,4.64190273517238e-19
48.7389484253,2.4428324917,1.552315747372165e-38
48.7438423159,2.4428324917,1.0510532761465076e-33
48.7487362065,2.4428324917,2.9113122537831394e-29
48.7536300971,2.4428324917,3.2989234452980183e-25
48.7585239877,2.4428324917,1.5292379869969355e-21
48.7634178783,2.4428324917,2.8999953977823878e-18
48.7683117689,2.4428324917,2.2497741936551293e-15
48.7732056595,2.4428324917,7.14002847851502e-13
48.7780995501,2.4428324917,9.270013106320702e-11
48.7829934407,2.4428324917,4.923570301580286e-09
48.7878873313,2.4428324917,1.069791974636007e-07
48.7927812219,2.4428324917,9.509078162049286e-07
48.7976751125,2.4428324917,3.4580164607198566e-06
48.8025690031,2.4428324917,5.159935243185791e-06
48.8074628937,2.4428324917,3.444359961590554e-06
48.8123567843,2.4428324917,2.5689804595651796e-06
48.8172506749,2.4428324917,3.0858056780041393e-06
48.8221445655,2.4428324917,1.4925975542927938e-06
48.8270384561,2.4428324917,2.1760869929347303e-07
48.8319323467,2.4428324917,9.37181361390049e-09
48.8368262373,2.4428324917,1.1904431537660678e-10
48.8417201279,2.4428324917,4.459256524897747e-13
48.8466140185,2.4428324917,4.925789098789736e-16
48.8515079091,2.4428324917,1.604527419400319e-19
48.8564017997,2.4428324917,1.5412607113640735e-23
48.8612956903,2.4428324917,4.365787976812912e-28
48.8661895809,2.4428324917,3.646756714350249e-33
48.8710834715,2.4428324917,8.982740228770351e-39
48.8759773621,2.4428324917,6.52484325061587e-45
48.8808712527,2.4428324917,1.3976479855678582e-51
48.8857651433,2.4428324917,8.8296737415579e-59
48.8906590339,2.4428324917,1.6470619830814472e-66
48.8955529245,2.4428324917,1.9164361253363103e-69
48.9004468151,2.4428324917,1.1674250892248774e-64
48.9053407057,2.4428324917,4.0980758586386216e-60
48.9102345963,2.4428324917,8.28982142771153e-56
48.9151284869,2.4428324917,9.663280119063667e-52
48.9200223775,2.4428324917,6.491098120885633e-48
48.9249162681,2.4428324917,2.5126152453348776e-44
48.9298101587,2.4428324917,5.604643825282793e-41
48.9347040493,2.4428324917,7.204175063256813e-38
48.9395979399,2.4428324917,5.336232069043213e-35
48.9444918305,2.4428324917,2.2777149412212088e-32
48.9493857211,2.4428324917,5.60245328925376e-30
48.9542796117,2.4428324917,7.940929298103412e-28
48.9591735023,2.4428324917,6.486025111531761e-26
48.9640673929,2.4428324917,3.052812516751772e-24
48.9689612835,2.4428324917,8.280105169345625e-23
48.9738551741,2.4428324917,1.294153477757243e-21
48.9787490647,2.4428324917,1.1656010391096866e-20
48.7389484253,2.4477263823,6.182749580071576e-36
48.7438423159,2.4477263823,2.353583495870757e-31
48.7487362065,2.4477263823,3.665193893602541e-27
48.7536300971,2.4477263823,2.3349828210274064e-23
48.7585239877,2.4477263823,6.08540961177284e-20
48.7634178783,2.4477263823,6.488067111794061e-17
48.7683117689,2.4477263823,2.829829319506184e-14
48.7732056595,2.4477263823,5.049222878552691e-12
48.7780995501,2.4477263823,3.685600276556535e-10
48.7829934407,2.4477263823,1.1005538907217213e-08
48.7878873313,2.4477263823,1.34441641884425e-07
48.7927812219,2.4477263823,6.718582924109256e-07
48.7976751125,2.4477263823,1.3739556446667065e-06
48.8025690031,2.4477263823,1.1660359760076915e-06
48.8074628937,2.4477263823,5.986382252431908e-07
48.8123567843,2.4477263823,7.753632893994335e-07
48.8172506749,2.4477263823,7.473559204437678e-07
48.8221445655,2.4477263823,2.2679809922027076e-07
48.8270384561,2.4477263823,2.0369271293782752e-08
48.8319323467,2.4477263823,5.39613032016177e-10
48.8368262373,2.4477263823,4.2155855543087455e-12
48.8417201279,2.4477263823,9.711633866354926e-15
48.8466140185,2.4477263823,6.5975761696454995e-18
48.8515079091,2.4477263823,1.3217035319903114e-21
48.8564017997,2.4477263823,7.808024634100322e-26
48.8612956903,2.4477263823,1.3602094168356057e-30
48.8661895809,2.4477263823,6.987597148067041e-36
48.8710834715,2.4477263823,1.058540391474593e-41
48.8759773621,2.4477263823,4.7287305490808526e-48
48.8808712527,2.4477263823,6.229305063920319e-55
48.8857651433,2.4477263823,2.419885519653501e-62
48.8906590339,2.4477263823,2.7722371188344926e-70
48.8955529245,2.4477263823,5.927533619735635e-75
48.9004468151,2.4477263823,5.947164133550161e-70
48.9053407057,2.4477263823,3.4389724626533677e-65
48.9102345963,2.4477263823,1.1459394834410979e-60
48.9151284869,2.4477263823,2.200436700630703e-56
48.9200223775,2.4477263823,2.4348392149681557e-52
48.9249162681,2.4477263823,1.5525511139186527e-48
48.9298101587,2.4477263823,5.704738452893537e-45
48.9347040493,2.4477263823,1.2079244726272643e-41
48.9395979399,2.4477263823,1.4738661134726284e-38
48.9444918305,2.4477263823,1.0363119327852979e-35
48.9493857211,2.4477263823,4.198915892354655e-33
48.9542796117,2.4477263823,9.803881728738173e-31
48.9591735023,2.4477263823,1.3190861572210775e-28
48.9640673929,2.4477263823,1.022733481015028e-26
48.9689612835,2.4477263823,4.569471740617013e-25
48.9738551741,2.4477263823,1.1764777810100229e-23
48.9787490647,2.4477263823,1.7454832057588226e-22
48.7389484253,2.4526202729,1.5006367398737118e-33
48.7438423159,2.4526202729,3.2116396772615903e-29
48.7487362065,2.4526202729,2.81188428956681e-25
48.7536300971,2.4526202729,1.0071344853968178e-21
48.7585239877,2.4526202729,1.4756959304336104e-18
48.7634178783,2.4526202729,8.845567140988408e-16
48.7683117689,2.4526202729,2.1690715495498837e-13
48.7732056595,2.4526202729,2.1759126835076827e-11
48.7780995501,2.4526202729,8.929526705379836e-10
48.7829934407,2.4526202729,1.499114513942807e-08
48.7878873313,2.4526202729,1.0295813444543878e-07
48.7927812219,2.4526202729,2.8927815255835954e-07
48.7976751125,2.4526202729,3.3303871899998135e-07
48.8025690031,2.4526202729,1.7008803640520228e-07
48.8074628937,2.4526202729,1.305638303935974e-07
48.8123567843,2.4526202729,2.1888744649755673e-07
48.8172506749,2.4526202729,1.376467937510178e-07
48.8221445655,2.4526202729,2.5776594451044505e-08
48.8270384561,2.4526202729,1.4241335101138294e-09
48.8319323467,2.4526202729,2.3203161970835025e-11
48.8368262373,2.4526202729,1.1148138406206673e-13
48.8417201279,2.4526202729,1.5794837146630843e-16
48.8466140185,2.4526202729,6.599111206794069e-20
48.8515079091,2.4526202729,8.130424415668495e-24
48.8564017997,2.4526202729,2.9539181542175213e-28
48.8612956903,2.4526202729,3.1647628339876055e-33
48.8661895809,2.4526202729,9.998649673765549e-39
48.8710834715,2.4526202729,9.315346324594487e-45
48.8759773621,2.4526202729,2.5592583738565715e-51
48.8808712527,2.4526202729,2.0734174387648546e-58
48.8857651433,2.4526202729,4.953554304555383e-66
48.8906590339,2.4526202729,3.489838566675845e-74
48.8955529245,2.4526202729,1.1002759185132612e-80
48.9004468151,2.4526202729,1.8067692291961634e-75
48.9053407057,2.4526202729,1.7210332548870297e-70
48.9102345963,2.4526202729,9.446915921690945e-66
48.9151284869,2.4526202729,2.9881682677817297e-61
48.9200223775,2.4526202729,5.446710096679003e-57
48.9249162681,2.4526202729,5.72107554699838e-53
48.9298101587,2.4526202729,3.4628630505434624e-49
48.9347040493,2.4526202729,1.2078337521670341e-45
48.9395979399,2.4526202729,2.4276899368312868e-42
48.9444918305,2.4526202729,2.811858655589799e-39
48.9493857211,2.4526202729,1.8767566592532426e-36
48.9542796117,2.4526202729,7.218328730213046e-34
48.9591735023,2.4526202729,1.599851079520733e-31
48.9640673929,2.4526202729,2.0433213480175002e-29
48.9689612835,2.4526202729,1.5038620414066994e-27
48.9738551741,2.4526202729,6.378132456723055e-26
48.9787490647,2.4526202729,1.558810355148244e-24
48.7389484253,2.4575141635,2.2195340827132157e-31
48.7438423159,2.4575141635,2.6706461174965627e-27
48.7487362065,2.4575141635,1.3145898088987129e-23
48.7536300971,2.4575141635,2.6471805859816143e-20
48.7585239877,2.4575141635,2.18070172974568e-17
48.7634178783,2.4575141635,7.349001872300146e-15
48.7683117689,2.4575141635,1.0131642077929563e-12
48.7732056595,2.4575141635,5.7141378202408656e-11
48.7780995501,2.4575141635,1.3183811168920676e-09
48.7829934407,2.4575141635,1.2443731493882939e-08
48.7878873313,2.4575141635,4.8048541325475704e-08
48.7927812219,2.4575141635,7.59079774406254e-08
48.7976751125,2.4575141635,4.958078450934994e-08
48.8025690031,2.4575141635,2.112760179903288e-08
48.8074628937,2.4575141635,3.807968940120439e-08
48.8123567843,2.4575141635,4.866317622663973e-08
48.8172506749,2.4575141635,1.8992221170836527e-08
48.8221445655,2.4575141635,2.188329914823216e-09
48.8270384561,2.4575141635,7.435836408420258e-11
48.8319323467,2.4575141635,7.450847930358626e-13
48.8368262373,2.4575141635,2.201603751983646e-15
48.8417201279,2.4575141635,1.9183599389406888e-18
48.8466140185,2.4575141635,4.929223476839467e-22
48.8515079091,2.4575141635,3.7349465448281713e-26
48.8564017997,2.4575141635,8.345411249358247e-31
48.8612956903,2.4575141635,5.498808122151209e-36
48.8661895809,2.4575141635,1.0684319293884612e-41
48.8710834715,2.4575141635,6.121849109341719e-48
48.8759773621,2.4575141635,1.0343698519236852e-54
48.8808712527,2.4575141635,5.153788090737821e-62
48.8857651433,2.4575141635,7.572420703132563e-70
48.8906590339,2.4575141635,3.280955962726664e-78
48.8955529245,2.4575141635,1.6213758389250875e-86
48.9004468151,2.4575141635,3.2734620122235942e-81
48.9053407057,2.4575141635,5.1364336784217615e-76
48.9102345963,2.4575141635,4.644407051745665e-71
48.9151284869,2.4575141635,2.419987251548074e-66
48.9200223775,2.4575141635,7.2662459163283026e-62
48.9249162681,2.4575141635,1.257249052763698e-57
48.9298101587,2.4575141635,1.2535646990829723e-53
48.9347040493,2.4575141635,7.202551989111703e-50
48.9395979399,2.4575141635,2.3847357440197873e-46
48.9444918305,2.4575141635,4.549967894159891e-43
48.9493857211,2.4575141635,5.002540513694234e-40
48.9542796117,2.4575141635,3.1694733781124295e-37
48.9591735023,2.4575141635,1.1571717254729468e-34
48.9640673929,2.4575141635,2.434572601076237e-32
48.9689612835,2.4575141635,2.9516296083028407e-30
48.9738551741,2.4575141635,2.062125998346322e-28
48.9787490647,2.4575141635,8.302000373589853e-27
48.7389484253,2.4624080541,2.0005084338527273e-29
48.7438423159,2.4624080541,1.3533128289920702e-25
48.7487362065,2.4624080541,3.7452033399910975e-22
48.7536300971,2.4624080541,4.2400599414624627e-19
48.7585239877,2.4624080541,1.9637580640538106e-16
48.7634178783,2.4624080541,3.7206888919384144e-14
48.7683117689,2.4624080541,2.8838862405364827e-12
48.7732056595,2.4624080541,9.144338269787889e-11
48.7780995501,2.4624080541,1.1861669866458011e-09
48.7829934407,2.4624080541,6.294464580607438e-09
48.7878873313,2.4624080541,1.3664529612855695e-08
48.7927812219,2.4624080541,1.2147231087744633e-08
48.7976751125,2.4624080541,4.794731928799288e-09
48.8025690031,2.4624080541,4.2726230967852215e-09
48.8074628937,2.4624080541,1.0036628754420188e-08
48.8123567843,2.4624080541,8.147748020328895e-09
48.8172506749,2.4624080541,1.9578017226376567e-09
48.8221445655,2.4624080541,1.387413044665622e-10
48.8270384561,2.4624080541,2.8993610173387566e-12
48.8319323467,2.4624080541,1.786719587831611e-14
48.8368262373,2.4624080541,3.2468930262432356e-17
48.8417201279,2.4624080541,1.7399510606697157e-20
48.8466140185,2.4624080541,2.7495622470337557e-24
48.8515079091,2.4624080541,1.2812903318822249e-28
48.8564017997,2.4624080541,1.7607147899538937e-33
48.8612956903,2.4624080541,7.134900903473417e-39
48.8661895809,2.4624080541,8.525980773241449e-45
48.8710834715,2.4624080541,3.0044032451290425e-51
48.8759773621,2.4624080541,3.1219760418961343e-58
48.8808712527,2.4624080541,9.566616830855437e-66
48.8857651433,2.4624080541,8.644595240886404e-74
48.8906590339,2.4624080541,2.3035010673534195e-82
48.8955529245,2.4624080541,1.888898705422734e-91
48.9004468151,2.4624080541,3.536908169351673e-87
48.9053407057,2.4624080541,9.142099980319356e-82
48.9102345963,2.4624080541,1.3617028936726517e-76
48.9151284869,2.4624080541,1.1687805226480129e-71
48.9200223775,2.4624080541,5.780930953701186e-67
48.9249162681,2.4624080541,1.6476949490453167e-62
48.9298101587,2.4624080541,2.7062633116875178e-58
48.9347040493,2.4624080541,2.561400564490147e-54
48.9395979399,2.4624080541,1.397008869062248e-50
48.9444918305,2.4624080541,4.390712867021427e-47
48.9493857211,2.4624080541,7.952160233520666e-44
48.9542796117,2.4624080541,8.299452029212277e-41
48.9591735023,2.4624080541,4.991463815848574e-38
48.9640673929,2.4624080541,1.729898598058052e-35
48.9689612835,2.4624080541,3.45483712417834e-33
48.9738551741,2.4624080541,3.976021462919977e-31
48.9787490647,2.4624080541,2.6368417956688254e-29
48.7389484253,2.4673019447,1.0987813512448583e-27
48.7438423159,2.4673019447,4.179000069091556e-24
48.7487362065,2.4673019447,6.502088371497233e-21
48.7536300971,2.4673019447,4.1385932805593555e-18
48.7585239877,2.4673019447,1.0776358228304355e-15
48.7634178783,2.4673019447,1.1479175146989352e-13
48.7683117689,2.4673019447,5.002288504641715e-12
48.7732056595,2.4673019447,8.917562881162693e-11
48.7780995501,2.4673019447,6.503438184103608e-10
48.7829934407,2.4673019447,1.9402576401300153e-09
48.7878873313,2.4673019447,2.3682321209189473e-09
48.7927812219,2.4673019447,1.1929883545779144e-09
48.7976751125,2.4673019447,4.492249666321461e-10
48.8025690031,2.4673019447,1.2173828862155189e-09
48.8074628937,2.4673019447,2.0354474179951658e-09
48.8123567843,2.4673019447,1.0198096834391114e-09
48.8172506749,2.4673019447,1.5072142639868183e-10
48.8221445655,2.4673019447,6.568892100643297e-12
48.8270384561,2.4673019447,8.442418439517387e-14
48.8319323467,2.4673019447,3.1996251110773364e-16
48.8368262373,2.4673019447,3.575928198596727e-19
48.8417201279,2.4673019447,1.178517276786062e-22
48.8466140185,2.4673019447,1.1453562426532499e-26
48.8515079091,2.4673019447,3.282484553035877e-31
48.8564017997,2.4673019447,2.7741009744867254e-36
48.8612956903,2.4673019447,6.913521358590002e-42
48.8661895809,2.4673019447,5.08082016000823e-48
48.8710834715,2.4673019447,1.101097577401752e-54
48.8759773621,2.4673019447,7.036800870001671e-62
48.8808712527,2.4673019447,1.326118048145064e-69
48.8857651433,2.4673019447,7.369645204282193e-78
48.8906590339,2.4673019447,1.207726080145965e-86
48.8955529245,2.4673019447,5.839521137140451e-96
48.9004468151,2.4673019447,2.2790409137017386e-93
48.9053407057,2.4673019447,9.703806036126836e-88
48.9102345963,2.4673019447,2.3809282270255522e-82
48.9151284869,2.4673019447,3.3663922008486422e-77
48.9200223775,2.4673019447,2.742820151463637e-72
48.9249162681,2.4673019447,1.2877873734367634e-67
48.9298101587,2.4673019447,3.484217077250726e-63
48.9347040493,2.4673019447,5.432258884922898e-59
48.9395979399,2.4673019447,4.8805630118168224e-55
48.9444918305,2.4673019447,2.5268158995933305e-51
48.9493857211,2.4673019447,7.538613695356318e-48
48.9542796117,2.4673019447,1.2960554681712014e-44
48.9591735023,2.4673019447,1.2840144161229665e-41
48.9640673929,2.4673019447,7.330446394289585e-39
48.9689612835,2.4673019447,2.4115993386650564e-36
48.9738551741,2.4673019447,4.5718724061654175e-34
48.9787490647,2.4673019447,4.994560269653169e-32
