LATITUDE,LONGITUDE,probability
48.7389484253,2.2275013053,1.4979977115058144e-26
48.7438423159,2.2275013053,1.0247094427826774e-24
48.7487362065,2.2275013053,2.1024364357247394e-22
48.7536300971,2.2275013053,3.968734532150209e-20
48.7585239877,2.2275013053,5.395647883029581e-18
48.7634178783,2.2275013053,5.181406268941349e-16
48.7683117689,2.2275013053,3.5087015725944944e-14
48.7732056595,2.2275013053,1.675192367093393e-12
48.7780995501,2.2275013053,5.638891378696611e-11
48.7829934407,2.2275013053,1.338242272108619e-09
48.7878873313,2.2275013053,2.2392017027803613e-08
48.7927812219,2.2275013053,2.641686725470497e-07
48.7976751125,2.2275013053,2.1974853740642748e-06
48.8025690031,2.2275013053,1.289109855325254e-05
48.8074628937,2.2275013053,5.3349149345049e-05
48.8123567843,2.2275013053,0.0001558987547751828
48.8172506749,2.2275013053,0.00032252081369514286
48.8221445655,2.2275013053,0.00047595213727750075
48.8270384561,2.2275013053,0.0005126236235766991
48.8319323467,2.2275013053,0.00043048654487293464
48.8368262373,2.2275013053,0.0003268845141818042
48.8417201279,2.2275013053,0.0002631023456071795
48.8466140185,2.2275013053,0.0002171358930574837
48.8515079091,2.2275013053,0.00015818396288344604
48.8564017997,2.2275013053,9.415860413953265e-05
48.8612956903,2.2275013053,4.7978904804296835e-05
48.8661895809,2.2275013053,2.815023679225904e-05
48.8710834715,2.2275013053,2.8733991445266425e-05
48.8759773621,2.2275013053,4.114437829508304e-05
48.8808712527,2.2275013053,5.9418717072321896e-05
48.8857651433,2.2275013053,7.924578314747049e-05
48.8906590339,2.2275013053,9.681466027785825e-05
48.8955529245,2.2275013053,0.00011005025241108752
48.9004468151,2.2275013053,0.00012007831144566045
48.9053407057,2.2275013053,0.0001274367216162754
48.9102345963,2.2275013053,0.00012506106414934254
48.9151284869,2.2275013053,0.00010303060773874572
48.9200223775,2.2275013053,6.6585709146272e-05
48.9249162681,2.2275013053,3.481175148998844e-05
48.9298101587,2.2275013053,1.6559064748041945e-05
48.9347040493,2.2275013053,7.75605414401509e-06
48.9395979399,2.2275013053,3.514794326047917e-06
48.9444918305,2.2275013053,1.4827843503852907e-06
48.9493857211,2.2275013053,5.719076737914686e-07
48.9542796117,2.2275013053,2.0070427790117703e-07
48.9591735023,2.2275013053,6.403295288354118e-08
48.9640673929,2.2275013053,1.857046132858607e-08
48.9689612835,2.2275013053,4.8956514123769945e-09
48.9738551741,2.2275013053,1.1731855468219626e-09
48.9787490647,2.2275013053,2.5555909142653715e-10
48.7389484253,2.2323951959,3.9090441788073976e-26
48.7438423159,2.2323951959,8.156648174147274e-25
48.7487362065,2.2323951959,1.6297197820502628e-23
48.7536300971,2.2323951959,5.044005514799803e-22
48.7585239877,2.2323951959,4.93604825086549e-20
48.7634178783,2.2323951959,6.144715558018195e-18
48.7683117689,2.2323951959,5.818970705648584e-16
48.7732056595,2.2323951959,3.926529238565177e-14
48.7780995501,2.2323951959,1.8732333461478146e-12
48.7829934407,2.2323951959,6.308768282334074e-11
48.7878873313,2.2323951959,1.499233462894437e-09
48.7927812219,2.2323951959,2.5136823089248717e-08
48.7976751125,2.2323951959,2.9737232872295633e-07
48.8025690031,2.2323951959,2.4829639085514974e-06
48.8074628937,2.2323951959,1.4642276161892928e-05
48.8123567843,2.2323951959,6.106715958486423e-05
48.8172506749,2.2323951959,0.00018063223814735263
48.8221445655,2.2323951959,0.00038122536484659424
48.8270384561,2.2323951959,0.0005815966507344376
48.8319323467,2.2323951959,0.0006594209126259564
48.8368262373,2.2323951959,0.0005862208303493785
48.8417201279,2.2323951959,0.00044230822229899283
48.8466140185,2.2323951959,0.000301945377038194
48.8515079091,2.2323951959,0.0001861084077393024
48.8564017997,2.2323951959,0.00010057553387892626
48.8612956903,2.2323951959,5.193633568902846e-05
48.8661895809,2.2323951959,3.745229705312999e-05
48.8710834715,2.2323951959,4.654205415024669e-05
48.8759773621,2.2323951959,6.935845116292116e-05
48.8808712527,2.2323951959,9.906568463022743e-05
48.8857651433,2.2323951959,0.00012979636767960806
48.8906590339,2.2323951959,0.00015640773453288857
48.8955529245,2.2323951959,0.0001774685618021362
48.9004468151,2.2323951959,0.0001955846433250372
48.9053407057,2.2323951959,0.00020761874770128139
48.9102345963,2.2323951959,0.0001966751925630216
48.9151284869,2.2323951959,0.00015077001927720255
48.9200223775,2.2323951959,9.014181132410277e-05
48.9249162681,2.2323951959,4.528084302705709e-05
48.9298101587,2.2323951959,2.1616702842241114e-05
48.9347040493,2.2323951959,1.0201696336831388e-05
48.9395979399,2.2323951959,4.587333154407131e-06
48.9444918305,2.2323951959,1.9029048021198328e-06
48.9493857211,2.2323951959,7.197293397400632e-07
48.9542796117,2.2323951959,2.4755996346707197e-07
48.9591735023,2.2323951959,7.74068031392634e-08
48.9640673929,2.2323951959,2.20012627115884e-08
48.9689612835,2.2323951959,5.684399101229197e-09
48.9738551741,2.2323951959,1.3350266454784342e-09
48.9787490647,2.2323951959,2.8501237663301693e-10
48.7389484253,2.2372890865,1.127312542364665e-25
48.7438423159,2.2372890865,2.3003780722635987e-24
48.7487362065,2.2372890865,4.301478694799064e-23
48.7536300971,2.2372890865,7.765498426342564e-22
48.7585239877,2.2372890865,1.7320268693334508e-20
48.7634178783,2.2372890865,6.881121426422253e-19
48.7683117689,2.2372890865,3.836053024455629e-17
48.7732056595,2.2372890865,2.055711933356425e-15
48.7780995501,2.2372890865,9.346376258571992e-14
48.7829934407,2.2372890865,3.438175914379521e-12
48.7878873313,2.2372890865,9.837279271264389e-11
48.7927812219,2.2372890865,2.11669513502062e-09
48.7976751125,2.2372890865,3.343853547890111e-08
48.8025690031,2.2372890865,3.820489395770503e-07
48.8074628937,2.2372890865,3.1300540801516496e-06
48.8123567843,2.2372890865,1.8309262669199136e-05
48.8172506749,2.2372890865,7.636442217322532e-05
48.8221445655,2.2372890865,0.00022737122578203752
48.8270384561,2.2372890865,0.00048528684200875984
48.8319323467,2.2372890865,0.0007486569381517838
48.8368262373,2.2372890865,0.0008471171503640788
48.8417201279,2.2372890865,0.0007198627183503107
48.8466140185,2.2372890865,0.0004753441539038254
48.8515079091,2.2372890865,0.0002549143989566566
48.8564017997,2.2372890865,0.00011941955399922592
48.8612956903,2.2372890865,6.128515377772944e-05
48.8661895809,2.2372890865,5.369039270175338e-05
48.8710834715,2.2372890865,7.523579621437418e-05
48.8759773621,2.2372890865,0.00011326652522502808
48.8808712527,2.2372890865,0.00015928029101512834
48.8857651433,2.2372890865,0.00020517397419583458
48.8906590339,2.2372890865,0.0002448852951833589
48.8955529245,2.2372890865,0.0002792321971144673
48.9004468151,2.2372890865,0.00031127077679150833
48.9053407057,2.2372890865,0.0003271340785160607
48.9102345963,2.2372890865,0.00029445249247271707
48.9151284869,2.2372890865,0.00020817828689585237
48.9200223775,2.2372890865,0.00011606435957742624
48.9249162681,2.2372890865,5.705748716275471e-05
48.9298101587,2.2372890865,2.7512357026613508e-05
48.9347040493,2.2372890865,1.301058361542782e-05
48.9395979399,2.2372890865,5.779190027287071e-06
48.9444918305,2.2372890865,2.35368904722507e-06
48.9493857211,2.2372890865,8.727103484377545e-07
48.9542796117,2.2372890865,2.9420038718124705e-07
48.9591735023,2.2372890865,9.015546522995904e-08
48.9640673929,2.2372890865,2.5113644195276042e-08
48.9689612835,2.2372890865,6.359102838232845e-09
48.9738551741,2.2372890865,1.463694276061386e-09
48.9787490647,2.2372890865,3.062480377769978e-10
48.7389484253,2.2421829771,3.1326108260852375e-25
48.7438423159,2.2421829771,6.2679457549132796e-24
48.7487362065,2.2421829771,1.1532237827707363e-22
48.7536300971,2.2421829771,2.0892748595503166e-21
48.7585239877,2.2421829771,4.9005743596032124e-20
48.7634178783,2.2421829771,1.9493783386513827e-18
48.7683117689,2.2421829771,9.4903020420946e-17
48.7732056595,2.2421829771,4.037210223176039e-15
48.7780995501,2.2421829771,1.3581299322985517e-13
48.7829934407,2.2421829771,3.5437643045110055e-12
48.7878873313,2.2421829771,7.174089508019439e-11
48.7927812219,2.2421829771,1.134895673156594e-09
48.7976751125,2.2421829771,1.4173888973030039e-08
48.8025690031,2.2421829771,1.409648572721611e-07
48.8074628937,2.2421829771,1.1170533083456647e-06
48.8123567843,2.2421829771,6.97507750127566e-06
48.8172506749,2.2421829771,3.3639352733175684e-05
48.8221445655,2.2421829771,0.00012256829622902835
48.8270384561,2.2421829771,0.0003311709610220388
48.8319323467,2.2421829771,0.0006550063868704926
48.8368262373,2.2421829771,0.0009414921521815557
48.8417201279,2.2421829771,0.0009816360402609748
48.8466140185,2.2421829771,0.0007456612959967911
48.8515079091,2.2421829771,0.0004199037179280666
48.8564017997,2.2421829771,0.00018805778300391113
48.8612956903,2.2421829771,9.07350018231334e-05
48.8661895809,2.2421829771,8.277237106215436e-05
48.8710834715,2.2421829771,0.00011968262703387226
48.8759773621,2.2421829771,0.0001787131328646417
48.8808712527,2.2421829771,0.0002469661717501011
48.8857651433,2.2421829771,0.00031342348860351275
48.8906590339,2.2421829771,0.00037273441831395807
48.8955529245,2.2421829771,0.0004298832700795517
48.9004468151,2.2421829771,0.0004833642398221171
48.9053407057,2.2421829771,0.0004959189439516143
48.9102345963,2.2421829771,0.00041759159308950354
48.9151284869,2.2421829771,0.0002712254460512021
48.9200223775,2.2421829771,0.00014299128560262323
48.9249162681,2.2421829771,6.994439213436741e-05
48.9298101587,2.2421829771,3.4081971859522195e-05
48.9347040493,2.2421829771,1.605374598108941e-05
48.9395979399,2.2421829771,7.021996211601271e-06
48.9444918305,2.2421829771,2.805388028997627e-06
48.9493857211,2.2421829771,1.0195692294296651e-06
48.9542796117,2.2421829771,3.368557315241669e-07
48.9591735023,2.2421829771,1.0116778290718725e-07
48.9640673929,2.2421829771,2.7619071819022044e-08
48.9689612835,2.2421829771,6.8540038747840005e-09
48.9738551741,2.2421829771,1.546137188379959e-09
48.9787490647,2.2421829771,3.1704442496971727e-10
48.7389484253,2.2470768677,8.387256479358353e-25
48.7438423159,2.2470768677,1.6459399458925183e-23
48.7487362065,2.2470768677,2.9850783797613123e-22
48.7536300971,2.2470768677,5.476892205934518e-21
48.7585239877,2.2470768677,1.382018257855327e-19
48.7634178783,2.2470768677,5.760046969612321e-18
48.7683117689,2.2470768677,2.7188383569085075e-16
48.7732056595,2.2470768677,1.090456097042465e-14
48.7780995501,2.2470768677,3.4319650153419314e-13
48.7829934407,2.2470768677,8.329081789729958e-12
48.7878873313,2.2470768677,1.5526103684779265e-10
48.7927812219,2.2470768677,2.2214337021350787e-09
48.7976751125,2.2470768677,2.441084984472062e-08
48.8025690031,2.2470768677,2.064697440913447e-07
48.8074628937,2.2470768677,1.350726320545827e-06
48.8123567843,2.2470768677,6.896883358511182e-06
48.8172506749,2.2470768677,2.786461102034147e-05
48.8221445655,2.2470768677,9.041154760065414e-05
48.8270384561,2.2470768677,0.00023738632429389165
48.8319323467,2.2470768677,0.0005004112222098137
48.8368262373,2.2470768677,0.0008280641253120662
48.8417201279,2.2470768677,0.001046345378985863
48.8466140185,2.2470768677,0.0009868980195473186
48.8515079091,2.2470768677,0.0006883483054803096
48.8564017997,2.2470768677,0.00036620594127225625
48.8612956903,2.2470768677,0.00018149661971993017
48.8661895809,2.2470768677,0.0001419557026066799
48.8710834715,2.2470768677,0.00018793660513886579
48.8759773621,2.2470768677,0.0002724577717522851
48.8808712527,2.2470768677,0.00036949773726851294
48.8857651433,2.2470768677,0.0004636981788424176
48.8906590339,2.2470768677,0.0005536252075734611
48.8955529245,2.2470768677,0.0006487460931525634
48.9004468151,2.2470768677,0.0007300738619302209
48.9053407057,2.2470768677,0.0007189745080541605
48.9102345963,2.2470768677,0.0005587562288371535
48.9151284869,2.2470768677,0.00033421404945307076
48.9200223775,2.2470768677,0.00016969280147822362
48.9249162681,2.2470768677,8.356975284026096e-05
48.9298101587,2.2470768677,4.099790385815144e-05
48.9347040493,2.2470768677,1.9134568928133012e-05
48.9395979399,2.2470768677,8.224871172346218e-06
48.9444918305,2.2470768677,3.2218704094010842e-06
48.9493857211,2.2470768677,1.14763522414564e-06
48.9542796117,2.2470768677,3.7160545411260144e-07
48.9591735023,2.2470768677,1.093779118171519e-07
48.9640673929,2.2470768677,2.9264804893326754e-08
48.9689612835,2.2470768677,7.117542249982135e-09
48.9738551741,2.2470768677,1.573558483613475e-09
48.9787490647,2.2470768677,3.1623077893403593e-10
48.7389484253,2.2519707583,2.1636802010788903e-24
48.7438423159,2.2519707583,4.166093528040912e-23
48.7487362065,2.2519707583,7.466266504096158e-22
48.7536300971,2.2519707583,1.4012472032065527e-20
48.7585239877,2.2519707583,3.8313517740636045e-19
48.7634178783,2.2519707583,1.651847675813218e-17
48.7683117689,2.2519707583,7.513464736450133e-16
48.7732056595,2.2519707583,2.840674281819129e-14
48.7780995501,2.2519707583,8.388973576894599e-13
48.7829934407,2.2519707583,1.908443765410438e-11
48.7878873313,2.2519707583,3.3334775140671705e-10
48.7927812219,2.2519707583,4.466648709072269e-09
48.7976751125,2.2519707583,4.5901569630158474e-08
48.8025690031,2.2519707583,3.6177597287326206e-07
48.8074628937,2.2519707583,2.1875748863608434e-06
48.8123567843,2.2519707583,1.016048711309739e-05
48.8172506749,2.2519707583,3.6378491292708884e-05
48.8221445655,2.2519707583,0.00010135427154748099
48.8270384561,2.2519707583,0.00022444110396069251
48.8319323467,2.2519707583,0.0004099903455078351
48.8368262373,2.2519707583,0.000644054752728224
48.8417201279,2.2519707583,0.0008804787263845142
48.8466140185,2.2519707583,0.0010106510013546798
48.8515079091,2.2519707583,0.0009238431924397795
48.8564017997,2.2519707583,0.0006580404604826561
48.8612956903,2.2519707583,0.0003958268131289782
48.8661895809,2.2519707583,0.000275737985959111
48.8710834715,2.2519707583,0.0002994991567185825
48.8759773621,2.2519707583,0.0004037161270394647
48.8808712527,2.2519707583,0.0005344396185532028
48.8857651433,2.2519707583,0.0006665950354284005
48.8906590339,2.2519707583,0.000805686396674298
48.8955529245,2.2519707583,0.0009598924989469005
48.9004468151,2.2519707583,0.001067322857312779
48.9053407057,2.2519707583,0.0009906169268936195
48.9102345963,2.2519707583,0.0007037511414676983
48.9151284869,2.2519707583,0.00039134490064188395
48.9200223775,2.2519707583,0.0001951547563683764
48.9249162681,2.2519707583,9.729095146906133e-05
48.9298101587,2.2519707583,4.777883233188282e-05
48.9347040493,2.2519707583,2.2006797903118142e-05
48.9395979399,2.2519707583,9.284412898425025e-06
48.9444918305,2.2519707583,3.565128831769653e-06
48.9493857211,2.2519707583,1.2445991209378267e-06
48.9542796117,2.2519707583,3.9496399121195375e-07
48.9591735023,2.2519707583,1.1393423405444489e-07
48.9640673929,2.2519707583,2.987578997837911e-08
48.9689612835,2.2519707583,7.121196553200492e-09
48.9738551741,2.2519707583,1.5429610474425614e-09
48.9787490647,2.2519707583,3.0389626729968816e-10
48.7389484253,2.2568646489,5.378226033363775e-24
48.7438423159,2.2568646489,1.0166400722577056e-22
48.7487362065,2.2568646489,1.806720525345751e-21
48.7536300971,2.2568646489,3.510014407745486e-20
48.7585239877,2.2568646489,1.0435284336258686e-18
48.7634178783,2.2568646489,4.5908389832496995e-17
48.7683117689,2.2568646489,2.0012443176371073e-15
48.7732056595,2.2568646489,7.124710237728029e-14
48.7780995501,2.2568646489,1.973921624206684e-12
48.7829934407,2.2568646489,4.2094842279621017e-11
48.7878873313,2.2568646489,6.891177276662198e-10
48.7927812219,2.2568646489,8.653667292301434e-09
48.7976751125,2.2568646489,8.333916892156206e-08
48.8025690031,2.2568646489,6.154705477322437e-07
48.8074628937,2.2568646489,3.485530550669614e-06
48.8123567843,2.2568646489,1.5137834573447339e-05
48.8172506749,2.2568646489,5.043693134669068e-05
48.8221445655,2.2568646489,0.00012912159254965257
48.8270384561,2.2568646489,0.0002555335474772405
48.8319323467,2.2568646489,0.0003992156025424749
48.8368262373,2.2568646489,0.0005225395125138568
48.8417201279,2.2568646489,0.0006408836590700858
48.8466140185,2.2568646489,0.0007959511470653881
48.8515079091,2.2568646489,0.0009328720467351583
48.8564017997,2.2568646489,0.0009158973691507759
48.8612956903,2.2568646489,0.0007331295470337542
48.8661895809,2.2568646489,0.0005475390676684639
48.8710834715,2.2568646489,0.0005006377862900402
48.8759773621,2.2568646489,0.0005922401049114912
48.8808712527,2.2568646489,0.0007515489183210837
48.8857651433,2.2568646489,0.0009356066473585235
48.8906590339,2.2568646489,0.001152894589610204
48.8955529245,2.2568646489,0.0013898642056867935
48.9004468151,2.2568646489,0.0015007642084336617
48.9053407057,2.2568646489,0.0012895496812960756
48.9102345963,2.2568646489,0.0008343018764152906
48.9151284869,2.2568646489,0.00043828902926048793
48.9200223775,2.2568646489,0.00021840602933029864
48.9249162681,2.2568646489,0.00011017339330513129
48.9298101587,2.2568646489,5.3842068745590794e-05
48.9347040493,2.2568646489,2.4406090925108927e-05
48.9395979399,2.2568646489,1.0098906455776581e-05
48.9444918305,2.2568646489,3.8008938898727434e-06
48.9493857211,2.2568646489,1.3004473499929342e-06
48.9542796117,2.2568646489,4.044549548867182e-07
48.9591735023,2.2568646489,1.1434470491305432e-07
48.9640673929,2.2568646489,2.9385316548949238e-08
48.9689612835,2.2568646489,6.8645662863034546e-09
48.9738551741,2.2568646489,1.4576868863365436e-09
48.9787490647,2.2568646489,2.8137389641997305e-10
48.7389484253,2.2617585395,1.2881863122899186e-23
48.7438423159,2.2617585395,2.392622477409103e-22
48.7487362065,2.2617585395,4.236947271797546e-21
48.7536300971,2.2617585395,8.636539051177625e-20
48.7585239877,2.2617585395,2.7886755802699387e-18
48.7634178783,2.2617585395,1.235030247726538e-16
48.7683117689,2.2617585395,5.136431381320155e-15
48.7732056595,2.2617585395,1.7203951388049332e-13
48.7780995501,2.2617585395,4.470899717705094e-12
48.7829934407,2.2617585395,8.937361080863494e-11
48.7878873313,2.2617585395,1.3712568284890024e-09
48.7927812219,2.2617585395,1.613807989149239e-08
48.7976751125,2.2617585395,1.4565383196534927e-07
48.8025690031,2.2617585395,1.0080893766282227e-06
48.8074628937,2.2617585395,5.350244356568476e-06
48.8123567843,2.2617585395,2.177444353925267e-05
48.8172506749,2.2617585395,6.795767508769689e-05
48.8221445655,2.2617585395,0.0001626815880592717
48.8270384561,2.2617585395,0.00029902215181718493
48.8319323467,2.2617585395,0.000424309990983544
48.8368262373,2.2617585395,0.0004771080314091637
48.8417201279,2.2617585395,0.0004715320379438268
48.8466140185,2.2617585395,0.0005194366814518844
48.8515079091,2.2617585395,0.0007063945664582846
48.8564017997,2.2617585395,0.0009418303995750389
48.8612956903,2.2617585395,0.0010350062137883236
48.8661895809,2.2617585395,0.0009506242634873648
48.8710834715,2.2617585395,0.0008529708490986928
48.8759773621,2.2617585395,0.0008832608370085831
48.8808712527,2.2617585395,0.0010424060323531764
48.8857651433,2.2617585395,0.0012916175553148708
48.8906590339,2.2617585395,0.001625898422085689
48.8955529245,2.2617585395,0.0019612370801089787
48.9004468151,2.2617585395,0.002014862762998025
48.9053407057,2.2617585395,0.0015786434100832534
48.9102345963,2.2617585395,0.0009333966164197303
48.9151284869,2.2617585395,0.0004728845093609757
48.9200223775,2.2617585395,0.00023827078642079598
48.9249162681,2.2617585395,0.00012108102891276513
48.9298101587,2.2617585395,5.858921191946869e-05
48.9347040493,2.2617585395,2.6089773697000066e-05
48.9395979399,2.2617585395,1.0584190888909242e-05
48.9444918305,2.2617585395,3.90423457540249e-06
48.9493857211,2.2617585395,1.3091621005636617e-06
48.9542796117,2.2617585395,3.9904331107878216e-07
48.9591735023,2.2617585395,1.1056434316215487e-07
48.9640673929,2.2617585395,2.7847009314418227e-08
48.9689612835,2.2617585395,6.375444127907515e-09
48.9738551741,2.2617585395,1.3268161290115594e-09
48.9787490647,2.2617585395,2.5100331341964894e-10
48.7389484253,2.2666524301,2.9733417894201634e-23
48.7438423159,2.2666524301,5.433348684585762e-22
48.7487362065,2.2666524301,9.651128778090311e-21
48.7536300971,2.2666524301,2.0937553322512985e-19
48.7585239877,2.2666524301,7.298240241198008e-18
48.7634178783,2.2666524301,3.212781922130463e-16
48.7683117689,2.2666524301,1.2701079228335908e-14
48.7732056595,2.2666524301,3.9993696385748575e-13
48.7780995501,2.2666524301,9.747698130949877e-12
48.7829934407,2.2666524301,1.8265023920621863e-10
48.7878873313,2.2666524301,2.6264716698161154e-09
48.7927812219,2.2666524301,2.896890398475111e-08
48.7976751125,2.2666524301,2.450325884481982e-07
48.8025690031,2.2666524301,1.5893593966540327e-06
48.8074628937,2.2666524301,7.905316026402795e-06
48.8123567843,2.2666524301,3.015214366653641e-05
48.8172506749,2.2666524301,8.819333375323015e-05
48.8221445655,2.2666524301,0.00019784412006313093
48.8270384561,2.2666524301,0.00034052876723329896
48.8319323467,2.2666524301,0.00045047387462821605
48.8368262373,2.2666524301,0.0004621620048526751
48.8417201279,2.2666524301,0.0003870479970685649
48.8466140185,2.2666524301,0.0003329691315802449
48.8515079091,2.2666524301,0.0004357228099971911
48.8564017997,2.2666524301,0.0007374715165654967
48.8612956903,2.2666524301,0.0011011617907656173
48.8661895809,2.2666524301,0.0013162873673100714
48.8710834715,2.2666524301,0.0013407014572670846
48.8759773621,2.2666524301,0.0013343550183199115
48.8808712527,2.2666524301,0.0014574817389488126
48.8857651433,2.2666524301,0.001774671599963988
48.8906590339,2.2666524301,0.002262175133471168
48.8955529245,2.2666524301,0.0026805773825354564
48.9004468151,2.2666524301,0.0025634136843649077
48.9053407057,2.2666524301,0.0018124952705401089
48.9102345963,2.2666524301,0.000990648038976242
48.9151284869,2.2666524301,0.0004946956732483507
48.9200223775,2.2666524301,0.0002532816014476348
48.9249162681,2.2666524301,0.00012886199367610011
48.9298101587,2.2666524301,6.15062623604301e-05
48.9347040493,2.2666524301,2.687676888917116e-05
48.9395979399,2.2666524301,1.0687831440368542e-05
48.9444918305,2.2666524301,3.863884960501882e-06
48.9493857211,2.2666524301,1.2697883441952036e-06
48.9542796117,2.2666524301,3.7932120668443673e-07
48.9591735023,2.2666524301,1.0300334615668746e-07
48.9640673929,2.2666524301,2.542517540045355e-08
48.9689612835,2.2666524301,5.70486006564927e-09
48.9738551741,2.2666524301,1.1635751794987816e-09
48.9787490647,2.2666524301,2.15730880137034e-10
48.7389484253,2.2715463207,6.61438305854977e-23
48.7438423159,2.2715463207,1.1914366927201175e-21
48.7487362065,2.2715463207,2.141677324901478e-20
48.7536300971,2.2715463207,5.012909766571486e-19
48.7585239877,2.2715463207,1.866421399658366e-17
48.7634178783,2.2715463207,8.074688172577821e-16
48.7683117689,2.2715463207,3.025298908806682e-14
48.7732056595,2.2715463207,8.950478934366764e-13
48.7780995501,2.2715463207,2.0457367607939805e-11
48.7829934407,2.2715463207,3.5930356163249205e-10
48.7878873313,2.2715463207,4.8423386419204845e-09
48.7927812219,2.2715463207,5.0054229791635454e-08
48.7976751125,2.2715463207,3.967845674462069e-07
48.8025690031,2.2715463207,2.411987295430184e-06
48.8074628937,2.2715463207,1.1243365385978788e-05
48.8123567843,2.2715463207,4.0190671168599254e-05
48.8172506749,2.2715463207,0.00011017592837543906
48.8221445655,2.2715463207,0.0002316606274954728
48.8270384561,2.2715463207,0.00037379954646759065
48.8319323467,2.2715463207,0.00046365022081572765
48.8368262373,2.2715463207,0.00044515720743472034
48.8417201279,2.2715463207,0.00034207207416370736
48.8466140185,2.2715463207,0.0002486372934262099
48.8515079091,2.2715463207,0.0002742346086075215
48.8564017997,2.2715463207,0.0005041517356777151
48.8612956903,2.2715463207,0.0009431735573858323
48.8661895809,2.2715463207,0.00144290943158061
48.8710834715,2.2715463207,0.0017845700688373604
48.8759773621,2.2715463207,0.0019228645516210384
48.8808712527,2.2715463207,0.0020642582469117036
48.8857651433,2.2715463207,0.002460102234566676
48.8906590339,2.2715463207,0.0031072234468866784
48.8955529245,2.2715463207,0.0035231801670148324
48.9004468151,2.2715463207,0.0030696521366343587
48.9053407057,2.2715463207,0.0019516207550464746
48.9102345963,2.2715463207,0.0010047041732493863
48.9151284869,2.2715463207,0.0005039748454841875
48.9200223775,2.2715463207,0.00026186338837850984
48.9249162681,2.2715463207,0.00013257354741123083
48.9298101587,2.2715463207,6.225498392412591e-05
48.9347040493,2.2715463207,2.6678890634023994e-05
48.9395979399,2.2715463207,1.0398327026197783e-05
48.9444918305,2.2715463207,3.6842578062718837e-06
48.9493857211,2.2715463207,1.1866058223919191e-06
48.9542796117,2.2715463207,3.4740128697676987e-07
48.9591735023,2.2715463207,9.24538045646457e-08
48.9640673929,2.2715463207,2.236590965125547e-08
48.9689612835,2.2715463207,4.9183197424443494e-09
48.9738551741,2.2715463207,9.831399995975448e-10
48.9787490647,2.2715463207,1.7864151247643508e-10
48.7389484253,2.2764402113,1.418383737170393e-22
48.7438423159,2.2764402113,2.5255791796891833e-21
48.7487362065,2.2764402113,4.647142961460726e-20
48.7536300971,2.2764402113,1.1867999872861452e-18
48.7585239877,2.2764402113,4.6534677405708914e-17
48.7634178783,2.2764402113,1.9592817768432873e-15
48.7683117689,2.2764402113,6.940446551899566e-14
48.7732056595,2.2764402113,1.9283377193271777e-12
48.7780995501,2.2764402113,4.132725575760136e-11
48.7829934407,2.2764402113,6.80350901858952e-10
48.7878873313,2.2764402113,8.593421300837148e-09
48.7927812219,2.2764402113,8.324881015619272e-08
48.7976751125,2.2764402113,6.184644815652154e-07
48.8025690031,2.2764402113,3.523367538951623e-06
48.8074628937,2.2764402113,1.5392362051735456e-05
48.8123567843,2.2764402113,5.156655672962798e-05
48.8172506749,2.2764402113,0.00013249008359289677
48.8221445655,2.2764402113,0.0002611300394235313
48.8270384561,2.2764402113,0.00039510750116216327
48.8319323467,2.2764402113,0.0004601333285546636
48.8368262373,2.2764402113,0.00041659640582663947
48.8417201279,2.2764402113,0.00030603285876707473
48.8466140185,2.2764402113,0.00021736991549395514
48.8515079091,2.2764402113,0.0002270699627857645
48.8564017997,2.2764402113,0.00039227674502116867
48.8612956903,2.2764402113,0.0007677288774961742
48.8661895809,2.2764402113,0.001349512028739038
48.8710834715,2.2764402113,0.001983859826342902
48.8759773621,2.2764402113,0.0024704785742647004
48.8808712527,2.2764402113,0.002857369412287279
48.8857651433,2.2764402113,0.003439674491230376
48.8906590339,2.2764402113,0.004211494142105361
48.8955529245,2.2764402113,0.004425285454620039
48.9004468151,2.2764402113,0.003444520111553592
48.9053407057,2.2764402113,0.0019770676141047374
48.9102345963,2.2764402113,0.000981630475871108
48.9151284869,2.2764402113,0.0005008686864015888
48.9200223775,2.2764402113,0.0002627147279476264
48.9249162681,2.2764402113,0.00013167917151961947
48.9298101587,2.2764402113,6.073418745825477e-05
48.9347040493,2.2764402113,2.5516262534512048e-05
48.9395979399,2.2764402113,9.74712264979909e-06
48.9444918305,2.2764402113,3.3846452862049188e-06
48.9493857211,2.2764402113,1.068362976575761e-06
48.9542796117,2.2764402113,3.0654408014139957e-07
48.9591735023,2.2764402113,7.995312676580771e-08
48.9640673929,2.2764402113,1.8955986279424102e-08
48.9689612835,2.2764402113,4.085316733498894e-09
48.9738551741,2.2764402113,8.003381043078482e-10
48.9787490647,2.2764402113,1.4252454714013151e-10
48.7389484253,2.2813341019,2.932823781107249e-22
48.7438423159,2.2813341019,5.183591908749465e-21
48.7487362065,2.2813341019,9.902698588675603e-20
48.7536300971,2.2813341019,2.778110368856059e-18
48.7585239877,2.2813341019,1.1286550211550123e-16
48.7634178783,2.2813341019,4.5870805420105464e-15
48.7683117689,2.2813341019,1.5333843412420576e-13
48.7732056595,2.2813341019,3.9993932490495164e-12
48.7780995501,2.2813341019,8.036395433230123e-11
48.7829934407,2.2813341019,1.2400363551831764e-09
48.7878873313,2.2813341019,1.4679306854358082e-08
48.7927812219,2.2813341019,1.3327351114136067e-07
48.7976751125,2.2813341019,9.279058345365058e-07
48.8025690031,2.2813341019,4.9541730575416826e-06
48.8074628937,2.2813341019,2.0283680850064707e-05
48.8123567843,2.2813341019,6.368668244489808e-05
48.8172506749,2.2813341019,0.00015336647556885277
48.8221445655,2.2813341019,0.00028336633332370307
48.8270384561,2.2813341019,0.0004021579205901756
48.8319323467,2.2813341019,0.0004401763291370604
48.8368262373,2.2813341019,0.00037752421597752125
48.8417201279,2.2813341019,0.00027111462756072374
48.8466140185,2.2813341019,0.00020591153048592963
48.8515079091,2.2813341019,0.00023883128000431542
48.8564017997,2.2813341019,0.00039820336662367236
48.8612956903,2.2813341019,0.0007178008657744616
48.8661895809,2.2813341019,0.0012426597447265926
48.8710834715,2.2813341019,0.001967688721307174
48.8759773621,2.2813341019,0.002798806517173509
48.8808712527,2.2813341019,0.003691769509022702
48.8857651433,2.2813341019,0.004720551267384667
48.8906590339,2.2813341019,0.005585946345117929
48.8955529245,2.2813341019,0.005294082876888555
48.9004468151,2.2813341019,0.0036253697553364577
48.9053407057,2.2813341019,0.0018989545205857273
48.9102345963,2.2813341019,0.0009311554167152824
48.9151284869,2.2813341019,0.00048537515731555
48.9200223775,2.2813341019,0.00025520997331245386
48.9249162681,2.2813341019,0.00012616402698524868
48.9298101587,2.2813341019,5.709706453873017e-05
48.9347040493,2.2813341019,2.3513261931757395e-05
48.9395979399,2.2813341019,8.80293119005056e-06
48.9444918305,2.2813341019,2.9958051115749543e-06
48.9493857211,2.2813341019,9.26762379891117e-07
48.9542796117,2.2813341019,2.6061034744109266e-07
48.9591735023,2.2813341019,6.661673273589005e-08
48.9640673929,2.2813341019,1.5479018386274084e-08
48.9689612835,2.2813341019,3.2694290543380723e-09
48.9738551741,2.2813341019,6.277241445223858e-10
48.9787490647,2.2813341019,1.0955549447812765e-10
48.7389484253,2.2862279925,5.850136378441629e-22
48.7438423159,2.2862279925,1.0324519561784928e-20
48.7487362065,2.2862279925,2.081951782614294e-19
48.7536300971,2.2862279925,6.4207485339614005e-18
48.7585239877,2.2862279925,2.6576327494843473e-16
48.7634178783,2.2862279925,1.035700075109094e-14
48.7683117689,2.2862279925,3.2622745923552865e-13
48.7732056595,2.2862279925,7.984957282742936e-12
48.7780995501,2.2862279925,1.50425982286323e-10
48.7829934407,2.2862279925,2.1755333234423305e-09
48.7878873313,2.2862279925,2.4136454977478974e-08
48.7927812219,2.2862279925,2.0537057425285742e-07
48.7976751125,2.2862279925,1.3400539841543087e-06
48.8025690031,2.2862279925,6.7052502238683625e-06
48.8074628937,2.2862279925,2.5728925999323558e-05
48.8123567843,2.2862279925,7.571275390104551e-05
48.8172506749,2.2862279925,0.00017089704634126667
48.8221445655,2.2862279925,0.00029603783715555795
48.8270384561,2.2862279925,0.0003942332802368224
48.8319323467,2.2862279925,0.0004061360189731666
48.8368262373,2.2862279925,0.0003319187604696548
48.8417201279,2.2862279925,0.00023836893744068273
48.8466140185,2.2862279925,0.00020343030969753533
48.8515079091,2.2862279925,0.00027186451871714907
48.8564017997,2.2862279925,0.0004599380733776545
48.8612956903,2.2862279925,0.0007792477869789549
48.8661895809,2.2862279925,0.0012553379160358431
48.8710834715,2.2862279925,0.0019489704447592819
48.8759773621,2.2862279925,0.002974755790365181
48.8808712527,2.2862279925,0.004439503860088121
48.8857651433,2.2862279925,0.006145520386533691
48.8906590339,2.2862279925,0.007085422697625742
48.8955529245,2.2862279925,0.006013031182176731
48.9004468151,2.2862279925,0.00361785900611553
48.9053407057,2.2862279925,0.001759024256991053
48.9102345963,2.2862279925,0.0008651455193294787
48.9151284869,2.2862279925,0.0004582179750487788
48.9200223775,2.2862279925,0.00023968969495019024
48.9249162681,2.2862279925,0.00011654488679799509
48.9298101587,2.2862279925,5.172176163948534e-05
48.9347040493,2.2862279925,2.0876124834804018e-05
48.9395979399,2.2862279925,7.659768687032899e-06
48.9444918305,2.2862279925,2.5547662882985166e-06
48.9493857211,2.2862279925,7.745601942028982e-07
48.9542796117,2.2862279925,2.1346544732452868e-07
48.9591735023,2.2862279925,5.347716989406508e-08
48.9640673929,2.2862279925,1.2178047326368405e-08
48.9689612835,2.2862279925,2.520898231055114e-09
48.9738551741,2.2862279925,4.743527073864804e-10
48.9787490647,2.2862279925,8.113642497833132e-11
48.7389484253,2.2911218831,1.1265350389385756e-21
48.7438423159,2.2911218831,2.0019463299836018e-20
48.7487362065,2.2911218831,4.337428939685662e-19
48.7536300971,2.2911218831,1.461508457369625e-17
48.7585239877,2.2911218831,6.064924521386675e-16
48.7634178783,2.2911218831,2.254344064432635e-14
48.7683117689,2.2911218831,6.682887964722989e-13
48.7732056595,2.2911218831,1.5346623853340545e-11
48.7780995501,2.2911218831,2.7103182221273516e-10
48.7829934407,2.2911218831,3.673895520563759e-09
48.7878873313,2.2911218831,3.8200575008004825e-08
48.7927812219,2.2911218831,3.0462194828215865e-07
48.7976751125,2.2911218831,1.8628163234390369e-06
48.8025690031,2.2911218831,8.735539741471783e-06
48.8074628937,2.2911218831,3.1414557253362853e-05
48.8123567843,2.2911218831,8.6642757762719e-05
48.8172506749,2.2911218831,0.00018331770775112358
48.8221445655,2.2911218831,0.0002977708422268447
48.8270384561,2.2911218831,0.0003722955491545765
48.8319323467,2.2911218831,0.0003617622056051304
48.8368262373,2.2911218831,0.0002841717157685788
48.8417201279,2.2911218831,0.00020997654298781978
48.8466140185,2.2911218831,0.00020721349136718995
48.8515079091,2.2911218831,0.00031144814224610116
48.8564017997,2.2911218831,0.0005354670313698998
48.8612956903,2.2911218831,0.0008837502502923866
48.8661895809,2.2911218831,0.0013670091780546485
48.8710834715,2.2911218831,0.0020679447497215127
48.8759773621,2.2911218831,0.0032487943340716438
48.8808712527,2.2911218831,0.005208815391163504
48.8857651433,2.2911218831,0.00752173682989845
48.8906590339,2.2911218831,0.00834935446051685
48.8955529245,2.2911218831,0.006409164581708692
48.9004468151,2.2911218831,0.0034880679433882717
48.9053407057,2.2911218831,0.0016271670388609892
48.9102345963,2.2911218831,0.0008033364279529338
48.9151284869,2.2911218831,0.0004236058056795334
48.9200223775,2.2911218831,0.00021784311805774664
48.9249162681,2.2911218831,0.00010381267098834284
48.9298101587,2.2911218831,4.5146123029941484e-05
48.9347040493,2.2911218831,1.7857857679747992e-05
48.9395979399,2.2911218831,6.421576127441346e-06
48.9444918305,2.2911218831,2.0990657075367827e-06
48.9493857211,2.2911218831,6.237049122234926e-07
48.9542796117,2.2911218831,1.6846152636624658e-07
48.9591735023,2.2911218831,4.136096982671567e-08
48.9640673929,2.2911218831,9.231007627006856e-09
48.9689612835,2.2911218831,1.872733245130385e-09
48.9738551741,2.2911218831,3.4535929158291616e-10
48.9787490647,2.2911218831,5.789416352837982e-11
48.7389484253,2.2960157737,2.0965328729084803e-21
48.7438423159,2.2960157737,3.7950094495668037e-20
48.7487362065,2.2960157737,8.984221390774345e-19
48.7536300971,2.2960157737,3.266109522878147e-17
48.7585239877,2.2960157737,1.3394362633733809e-15
48.7634178783,2.2960157737,4.72888617846783e-14
48.7683117689,2.2960157737,1.3181232061712804e-12
48.7732056595,2.2960157737,2.8392916418896322e-11
48.7780995501,2.2960157737,4.700593976165662e-10
48.7829934407,2.2960157737,5.971968174453629e-09
48.7878873313,2.2960157737,5.819622181343795e-08
48.7927812219,2.2960157737,4.349234113374296e-07
48.7976751125,2.2960157737,2.4925693167859315e-06
48.8025690031,2.2960157737,1.0954582655593976e-05
48.8074628937,2.2960157737,3.69212020906884e-05
48.8123567843,2.2960157737,9.544252230583737e-05
48.8172506749,2.2960157737,0.00018930032561482923
48.8221445655,2.2960157737,0.000288397677590313
48.8270384561,2.2960157737,0.00033880149438840967
48.8319323467,2.2960157737,0.00031150744560048385
48.8368262373,2.2960157737,0.00023814424073460912
48.8417201279,2.2960157737,0.00018717842829703808
48.8466140185,2.2960157737,0.00021540965150397638
48.8515079091,2.2960157737,0.0003512276127616888
48.8564017997,2.2960157737,0.0006065629434608215
48.8612956903,2.2960157737,0.0009868754062694713
48.8661895809,2.2960157737,0.0015141363285864579
48.8710834715,2.2960157737,0.002326865028836882
48.8759773621,2.2960157737,0.0037979675838411384
48.8808712527,2.2960157737,0.006245279600437887
48.8857651433,2.2960157737,0.008793527700182095
48.8906590339,2.2960157737,0.008995514436294566
48.8955529245,2.2960157737,0.006269846342840322
48.9004468151,2.2960157737,0.0032685233143514027
48.9053407057,2.2960157737,0.0015673650086059378
48.9102345963,2.2960157737,0.0007818005407295929
48.9151284869,2.2960157737,0.00039626142355715026
48.9200223775,2.2960157737,0.00019451739178703907
48.9249162681,2.2960157737,8.960494093499679e-05
48.9298101587,2.2960157737,3.8015139383911207e-05
48.9347040493,2.2960157737,1.4721083194577856e-05
48.9395979399,2.2960157737,5.1870098968811954e-06
48.9444918305,2.2960157737,1.6616491733748454e-06
48.9493857211,2.2960157737,4.838831084033892e-07
48.9542796117,2.2960157737,1.2808878072747488e-07
48.9591735023,2.2960157737,3.082124818638602e-08
48.9640673929,2.2960157737,6.741519158631422e-09
48.9689612835,2.2960157737,1.3403978973870934e-09
48.9738551741,2.2960157737,2.422579940689947e-10
48.9787490647,2.2960157737,3.980071829471139e-11
48.7389484253,2.3009096643,3.777182613053713e-21
48.7438423159,2.3009096643,7.070685281363094e-20
48.7487362065,2.3009096643,1.85305236249199e-18
48.7536300971,2.3009096643,7.141967705587164e-17
48.7585239877,2.3009096643,2.8593689981485485e-15
48.7634178783,2.3009096643,9.557434338865181e-14
48.7683117689,2.3009096643,2.5030795069314496e-12
48.7732056595,2.3009096643,5.0566154315783426e-11
48.7780995501,2.3009096643,7.847285861931273e-10
48.7829934407,2.3009096643,9.344104381860152e-09
48.7878873313,2.3009096643,8.533911766585528e-08
48.7927812219,2.3009096643,5.977134475937096e-07
48.7976751125,2.3009096643,3.2103623535525017e-06
48.8025690031,2.3009096643,1.3223113615319115e-05
48.8074628937,2.3009096643,4.176935577091135e-05
48.8123567843,2.3009096643,0.00010120512107964249
48.8172506749,2.3009096643,0.00018818725038567729
48.8221445655,2.3009096643,0.00026898532297991377
48.8270384561,2.3009096643,0.00029725547665565344
48.8319323467,2.3009096643,0.0002598015868277091
48.8368262373,2.3009096643,0.00019666213598206505
48.8417201279,2.3009096643,0.0001700092085169834
48.8466140185,2.3009096643,0.0002255717592415789
48.8515079091,2.3009096643,0.0003863880728645835
48.8564017997,2.3009096643,0.0006644670390990507
48.8612956903,2.3009096643,0.0010716372148056347
48.8661895809,2.3009096643,0.0016680639934560477
48.8710834715,2.3009096643,0.0027019610508865572
48.8759773621,2.3009096643,0.00466094219905874
48.8808712527,2.3009096643,0.0076493656808746474
48.8857651433,2.3009096643,0.00993213939265452
48.8906590339,2.3009096643,0.008890442569238433
48.8955529245,2.3009096643,0.00552792820082688
48.9004468151,2.3009096643,0.002895282927393274
48.9053407057,2.3009096643,0.0015571159093963256
48.9102345963,2.3009096643,0.000832621171978756
48.9151284869,2.3009096643,0.0004079478985709431
48.9200223775,2.3009096643,0.00018343590619471898
48.9249162681,2.3009096643,7.784835098526131e-05
48.9298101587,2.3009096643,3.130647862101101e-05
48.9347040493,2.3009096643,1.1736555142490975e-05
48.9395979399,2.3009096643,4.0396905980361e-06
48.9444918305,2.3009096643,1.267467352291614e-06
48.9493857211,2.3009096643,3.616964889438733e-07
48.9542796117,2.3009096643,9.383376203220454e-08
48.9591735023,2.3009096643,2.2128245151520794e-08
48.9640673929,2.3009096643,4.743551816048654e-09
48.9689612835,2.3009096643,9.243336562787312e-10
48.9738551741,2.3009096643,1.6372775235812118e-10
48.9787490647,2.3009096643,2.6362357633671237e-11
48.7389484253,2.3058035549,6.60447686241478e-21
48.7438423159,2.3058035549,1.3027835587021263e-19
48.7487362065,2.3058035549,3.803562136268742e-18
48.7536300971,2.3058035549,1.523240804085387e-16
48.7585239877,2.3058035549,5.894646570194665e-15
48.7634178783,2.3058035549,1.8607203643039453e-13
48.7683117689,2.3058035549,4.576174591073712e-12
48.7732056595,2.3058035549,8.668802112587218e-11
48.7780995501,2.3058035549,1.2610137600588073e-09
48.7829934407,2.3058035549,1.4073019602380187e-08
48.7878873313,2.3058035549,1.2045642440329145e-07
48.7927812219,2.3058035549,7.90682165845865e-07
48.7976751125,2.3058035549,3.980069066552666e-06
48.8025690031,2.3058035549,1.536398790011392e-05
48.8074628937,2.3058035549,4.548608128439772e-05
48.8123567843,2.3058035549,0.0001033046043719008
48.8172506749,2.3058035549,0.0001801110171734938
48.8221445655,2.3058035549,0.00024163738398440678
48.8270384561,2.3058035549,0.00025160980989632315
48.8319323467,2.3058035549,0.00021042884824293913
48.8368262373,2.3058035549,0.0001613059714916674
48.8417201279,2.3058035549,0.00015750409973030004
48.8466140185,2.3058035549,0.00023487624137120072
48.8515079091,2.3058035549,0.00041263772083536973
48.8564017997,2.3058035549,0.0007039799125473141
48.8612956903,2.3058035549,0.0011357481897835795
48.8661895809,2.3058035549,0.0018376400054923186
48.8710834715,2.3058035549,0.0032114459644785025
48.8759773621,2.3058035549,0.005829593629162548
48.8808712527,2.3058035549,0.009285503328963439
48.8857651433,2.3058035549,0.010733674627108013
48.8906590339,2.3058035549,0.008143705331265965
48.8955529245,2.3058035549,0.004408712011158366
48.9004468151,2.3058035549,0.002329683797852375
48.9053407057,2.3058035549,0.0014654832512667902
48.9102345963,2.3058035549,0.0009171567137774841
48.9151284869,2.3058035549,0.00048599832757005123
48.9200223775,2.3058035549,0.00021222548640567455
48.9249162681,2.3058035549,7.994261382017961e-05
48.9298101587,2.3058035549,2.7915672644625298e-05
48.9347040493,2.3058035549,9.445076986763434e-06
48.9395979399,2.3058035549,3.0723984459103387e-06
48.9444918305,2.3058035549,9.342107451819913e-07
48.9493857211,2.3058035549,2.606132190261574e-07
48.9542796117,2.3058035549,6.623252119232705e-08
48.9591735023,2.3058035549,1.530677095024884e-08
48.9640673929,2.3058035549,3.2157844954494268e-09
48.9689612835,2.3058035549,6.141309970066186e-10
48.9738551741,2.3058035549,1.066114117721791e-10
48.9787490647,2.3058035549,1.6823439697507244e-11
48.7389484253,2.3106974455,1.1248865002022615e-20
48.7438423159,2.3106974455,2.3887713188583995e-19
48.7487362065,2.3106974455,7.749069585183516e-18
48.7536300971,2.3106974455,3.15969403843295e-16
48.7585239877,2.3106974455,1.1726263908907658e-14
48.7634178783,2.3106974455,3.489069201212843e-13
48.7683117689,2.3106974455,8.054256622504475e-12
48.7732056595,2.3106974455,1.4305547709337578e-10
48.7780995501,2.3106974455,1.95053259180045e-09
48.7829934407,2.3106974455,2.0401693947656045e-08
48.7878873313,2.3106974455,1.6365913180380718e-07
48.7927812219,2.3106974455,1.0067915588172082e-06
48.7976751125,2.3106974455,4.749600376385483e-06
48.8025690031,2.3106974455,1.7183322267963283e-05
48.8074628937,2.3106974455,4.768043108658891e-05
48.8123567843,2.3106974455,0.00010150807478428645
48.8172506749,2.3106974455,0.00016596897101293275
48.8221445655,2.3106974455,0.00020911992468055005
48.8270384561,2.3106974455,0.00020565367398201265
48.8319323467,2.3106974455,0.00016612171186841922
48.8368262373,2.3106974455,0.0001324711682511711
48.8417201279,2.3106974455,0.0001480832422912141
48.8466140185,2.3106974455,0.0002406305954008695
48.8515079091,2.3106974455,0.00042674736055504193
48.8564017997,2.3106974455,0.000723329615777075
48.8612956903,2.3106974455,0.001187158672114837
48.8661895809,2.3106974455,0.0020544936606208615
48.8710834715,2.3106974455,0.0039059108084654767
48.8759773621,2.3106974455,0.007280030231689581
48.8808712527,2.3106974455,0.010856999510939228
48.8857651433,2.3106974455,0.010885635437623076
48.8906590339,2.3106974455,0.006940784202329106
48.8955529245,2.3106974455,0.003264166478099089
48.9004468151,2.3106974455,0.0016925947657265143
48.9053407057,2.3106974455,0.0012010859236452622
48.9102345963,2.3106974455,0.0009116147205919988
48.9151284869,2.3106974455,0.0005924329052325217
48.9200223775,2.3106974455,0.00030209893923025156
48.9249162681,2.3106974455,0.00011887728970465119
48.9298101587,2.3106974455,3.728461523121347e-05
48.9347040493,2.3106974455,1.011707145011655e-05
48.9395979399,2.3106974455,2.6424248003398746e-06
48.9444918305,2.3106974455,7.009061506987787e-07
48.9493857211,2.3106974455,1.8341013459344045e-07
48.9542796117,2.3106974455,4.5157723130094004e-08
48.9591735023,2.3106974455,1.020508831770596e-08
48.9640673929,2.3106974455,2.1005114653433945e-09
48.9689612835,2.3106974455,3.931261981141735e-10
48.9738551741,2.3106974455,6.688402483504447e-11
48.9787490647,2.3106974455,1.0343858245273179e-11
48.7389484253,2.3155913361,1.875905572508002e-20
48.7438423159,2.3155913361,4.381771915993212e-19
48.7487362065,2.3155913361,1.5606622709656118e-17
48.7536300971,2.3155913361,6.359268286653417e-16
48.7585239877,2.3155913361,2.2496877120008093e-14
48.7634178783,2.3155913361,6.300461404443332e-13
48.7683117689,2.3155913361,1.3646820816378114e-11
48.7732056595,2.3155913361,2.2724459670735148e-10
48.7780995501,2.3155913361,2.9041504613609612e-09
48.7829934407,2.3155913361,2.8469143763100437e-08
48.7878873313,2.3155913361,2.1403212825340794e-07
48.7927812219,2.3155913361,1.2339737682137722e-06
48.7976751125,2.3155913361,5.455739436554089e-06
48.8025690031,2.3155913361,1.8498818056771183e-05
48.8074628937,2.3155913361,4.811109711612333e-05
48.8123567843,2.3155913361,9.601833119398206e-05
48.8172506749,2.3155913361,0.00014725943288594072
48.8221445655,2.3155913361,0.00017440297399339778
48.8270384561,2.3155913361,0.00016251919113900067
48.8319323467,2.3155913361,0.0001284174815649621
48.8368262373,2.3155913361,0.00010963105808095811
48.8417201279,2.3155913361,0.0001399894001249192
48.8466140185,2.3155913361,0.00024076399735297198
48.8515079091,2.3155913361,0.000427261881739479
48.8564017997,2.3155913361,0.000725370047577258
48.8612956903,2.3155913361,0.0012438701580804663
48.8661895809,2.3155913361,0.002363639364631668
48.8710834715,2.3155913361,0.004838548526218444
48.8759773621,2.3155913361,0.008920363874324109
48.8808712527,2.3155913361,0.011986235791545919
48.8857651433,2.3155913361,0.010202258341098409
48.8906590339,2.3155913361,0.0054910187633214905
48.8955529245,2.3155913361,0.002312309889725709
48.9004468151,2.3155913361,0.0011596650248811586
48.9053407057,2.3155913361,0.0008435619141097494
48.9102345963,2.3155913361,0.0007404819136065034
48.9151284869,2.3155913361,0.000615870257856384
48.9200223775,2.3155913361,0.00041482690246805973
48.9249162681,2.3155913361,0.00021049139952438942
48.9298101587,2.3155913361,7.860827028021405e-05
48.9347040493,2.3155913361,2.1758382740703955e-05
48.9395979399,2.3155913361,4.659969565844992e-06
48.9444918305,2.3155913361,8.563153048657554e-07
48.9493857211,2.3155913361,1.5796174486698996e-07
48.9542796117,2.3155913361,3.189843606792619e-08
48.9591735023,2.3155913361,6.658862699294333e-09
48.9640673929,2.3155913361,1.3252716773117585e-09
48.9689612835,2.3155913361,2.4253676344831705e-10
48.9738551741,2.3155913361,4.0428862216268774e-11
48.9787490647,2.3155913361,6.127573332273176e-12
48.7389484253,2.3204852267,3.0837522178778574e-20
48.7438423159,2.3204852267,8.064326781738215e-19
48.7487362065,2.3204852267,3.092699903376394e-17
48.7536300971,2.3204852267,1.239411092258266e-15
48.7585239877,2.3204852267,4.1605351229199746e-14
48.7634178783,2.3204852267,1.0955353392148992e-12
48.7683117689,2.3204852267,2.225927366496187e-11
48.7732056595,2.3204852267,3.4747545180636716e-10
48.7780995501,2.3204852267,4.162143708630948e-09
48.7829934407,2.3204852267,3.8239459794874505e-08
48.7878873313,2.3204852267,2.6943012007021343e-07
48.7927812219,2.3204852267,1.45579782131318e-06
48.7976751125,2.3204852267,6.0322656787621484e-06
48.8025690031,2.3204852267,1.9169700261593102e-05
48.8074628937,2.3204852267,4.673011387553444e-05
48.8123567843,2.3204852267,8.743626148091454e-05
48.8172506749,2.3204852267,0.00012582071330411669
48.8221445655,2.3204852267,0.00014022228135141844
48.8270384561,2.3204852267,0.00012438714333508062
48.8319323467,2.3204852267,9.77528713513197e-05
48.8368262373,2.3204852267,9.170324710551525e-05
48.8417201279,2.3204852267,0.0001316809771829463
48.8466140185,2.3204852267,0.0002342022574352028
48.8515079091,2.3204852267,0.0004150838290961433
48.8564017997,2.3204852267,0.000718485215922977
48.8612956903,2.3204852267,0.0013329885736835974
48.8661895809,2.3204852267,0.0028160803023800952
48.8710834715,2.3204852267,0.0060323494865938
48.8759773621,2.3204852267,0.010533221786458333
48.8808712527,2.3204852267,0.012313149185403969
48.8857651433,2.3204852267,0.00876122676966317
48.8906590339,2.3204852267,0.004028863817663555
48.8955529245,2.3204852267,0.0015961436895217248
48.9004468151,2.3204852267,0.0007936555154995589
48.9053407057,2.3204852267,0.000539244112621214
48.9102345963,2.3204852267,0.0004830328007770596
48.9151284869,2.3204852267,0.0004934102686774695
48.9200223775,2.3204852267,0.0004508147117416983
48.9249162681,2.3204852267,0.000317984270029986
48.9298101587,2.3204852267,0.00016373254631767928
48.9347040493,2.3204852267,6.0458790428808685e-05
48.9395979399,2.3204852267,1.5970767268815555e-05
48.9444918305,2.3204852267,3.047783031297685e-06
48.9493857211,2.3204852267,4.350274724482347e-07
48.9542796117,2.3204852267,5.1311697339737976e-08
48.9591735023,2.3204852267,6.1609705250660295e-09
48.9640673929,2.3204852267,8.973247791270106e-10
48.9689612835,2.3204852267,1.4714785249262395e-10
48.9738551741,2.3204852267,2.3613033585830528e-11
48.9787490647,2.3204852267,3.4983825747959656e-12
48.7389484253,2.3253791173,5.037623320065078e-20
48.7438423159,2.3253791173,1.4887385600317719e-18
48.7487362065,2.3253791173,6.002498246599359e-17
48.7536300971,2.3253791173,2.3356717656056997e-15
48.7585239877,2.3253791173,7.414630834823444e-14
48.7634178783,2.3253791173,1.8341618769938246e-12
48.7683117689,2.3253791173,3.49507111064459e-11
48.7732056595,2.3253791173,5.114395503165325e-10
48.7780995501,2.3253791173,5.741781727955824e-09
48.7829934407,2.3253791173,4.94399687292366e-08
48.7878873313,2.3253791173,3.264688607524124e-07
48.7927812219,2.3253791173,1.6531985564528411e-06
48.7976751125,2.3253791173,6.420041233750153e-06
48.8025690031,2.3253791173,1.9121507144755206e-05
48.8074628937,2.3253791173,4.369166498763784e-05
48.8123567843,2.3253791173,7.665261226975952e-05
48.8172506749,2.3253791173,0.00010353575870705538
48.8221445655,2.3253791173,0.0001087485317005544
48.8270384561,2.3253791173,9.241357528078245e-05
48.8319323467,2.3253791173,7.372165168439561e-05
48.8368262373,2.3253791173,7.741798435034222e-05
48.8417201279,2.3253791173,0.00012211102461158783
48.8466140185,2.3253791173,0.0002210821670257207
48.8515079091,2.3253791173,0.00039381571954276445
48.8564017997,2.3253791173,0.0007165450692636326
48.8612956903,2.3253791173,0.0014877481879013925
48.8661895809,2.3253791173,0.0034590012848158234
48.8710834715,2.3253791173,0.0074377262170485904
48.8759773621,2.3253791173,0.011774995419153781
48.8808712527,2.3253791173,0.011639255892583057
48.8857651433,2.3253791173,0.006869152180187016
48.8906590339,2.3253791173,0.002755402491379627
48.8955529245,2.3253791173,0.0010816479991583962
48.9004468151,2.3253791173,0.0005538996154770299
48.9053407057,2.3253791173,0.0003438541054343686
48.9102345963,2.3253791173,0.0002700536799983962
48.9151284869,2.3253791173,0.0002982976207537431
48.9200223775,2.3253791173,0.00035865815493472334
48.9249162681,2.3253791173,0.000354584201112912
48.9298101587,2.3253791173,0.00025868512683562613
48.9347040493,2.3253791173,0.00013501285096822175
48.9395979399,2.3253791173,4.99692770155281e-05
48.9444918305,2.3253791173,1.3085777442231028e-05
48.9493857211,2.3253791173,2.4270830051959447e-06
48.9542796117,2.3253791173,3.2062287941621117e-07
48.9591735023,2.3253791173,3.0768036781334444e-08
48.9640673929,2.3253791173,2.300548796573277e-09
48.9689612835,2.3253791173,1.6597505587951281e-10
48.9738551741,2.3253791173,1.589209172837966e-11
48.9787490647,2.3253791173,1.9838780711151656e-12
48.7389484253,2.3302730079,8.246854832593485e-20
48.7438423159,2.3302730079,2.74748484825785e-18
48.7487362065,2.3302730079,1.1363451964816755e-16
48.7536300971,2.3302730079,4.251007206268321e-15
48.7585239877,2.3302730079,1.2729976509889593e-13
48.7634178783,2.3302730079,2.956509470251578e-12
48.7683117689,2.3302730079,5.2827498164339226e-11
48.7732056595,2.3302730079,7.246069783621844e-10
48.7780995501,2.3302730079,7.624433386524235e-09
48.7829934407,2.3302730079,6.152812187714596e-08
48.7878873313,2.3302730079,3.8077271839954925e-07
48.7927812219,2.3302730079,1.8070818622363392e-06
48.7976751125,2.3302730079,6.576971234584343e-06
48.8025690031,2.3302730079,1.8359696152198267e-05
48.8074628937,2.3302730079,3.9323754617534146e-05
48.8123567843,2.3302730079,6.469608509289931e-05
48.8172506749,2.3302730079,8.206753583881907e-05
48.8221445655,2.3302730079,8.141258573860276e-05
48.8270384561,2.3302730079,6.684298990983449e-05
48.8319323467,2.3302730079,5.540073777467283e-05
48.8368262373,2.3302730079,6.561145311457812e-05
48.8417201279,2.3302730079,0.00011086216878069249
48.8466140185,2.3302730079,0.00020279957671157355
48.8515079091,2.3302730079,0.0003697464885962368
48.8564017997,2.3302730079,0.0007375939078162579
48.8612956903,2.3302730079,0.0017432514920574938
48.8661895809,2.3302730079,0.004318968125589766
48.8710834715,2.3302730079,0.008888750984282908
48.8759773621,2.3302730079,0.012266538783699514
48.8808712527,2.3302730079,0.010042735432692079
48.8857651433,2.3302730079,0.004917812199562419
48.8906590339,2.3302730079,0.0017756318124056052
48.8955529245,2.3302730079,0.0007224902147288824
48.9004468151,2.3302730079,0.0003878741963443372
48.9053407057,2.3302730079,0.0002279239290422606
48.9102345963,2.3302730079,0.00014715252217786245
48.9151284869,2.3302730079,0.00014274630359146443
48.9200223775,2.3302730079,0.0002053797937910581
48.9249162681,2.3302730079,0.0002800345464293711
48.9298101587,2.3302730079,0.0002895983723860265
48.9347040493,2.3302730079,0.0002149206106944183
48.9395979399,2.3302730079,0.00011301125092363794
48.9444918305,2.3302730079,4.196726212806249e-05
48.9493857211,2.3302730079,1.0996621087003733e-05
48.9542796117,2.3302730079,2.0329737895489277e-06
48.9591735023,2.3302730079,2.6532978451805934e-07
48.9640673929,2.3302730079,2.4502333186043342e-08
48.9689612835,2.3302730079,1.6148415433255008e-09
48.9738551741,2.3302730079,7.877676824774233e-11
48.9787490647,2.3302730079,3.3242722774955038e-12
48.7389484253,2.3351668985000003,1.362194272846675e-19
48.7438423159,2.3351668985000003,5.0409015777371916e-18
48.7487362065,2.3351668985000003,2.0912217000095653e-16
48.7536300971,2.3351668985000003,7.465767040852016e-15
48.7585239877,2.3351668985000003,2.105111435401805e-13
48.7634178783,2.3351668985000003,4.5880693673189405e-12
48.7683117689,2.3351668985000003,7.686306606405482e-11
48.7732056595,2.3351668985000003,9.88205734730612e-10
48.7780995501,2.3351668985000003,9.745394775285037e-09
48.7829934407,2.3351668985000003,7.370519566922465e-08
48.7878873313,2.3351668985000003,4.274824846185061e-07
48.7927812219,2.3351668985000003,1.9013389261820586e-06
48.7976751125,2.3351668985000003,6.485524710053024e-06
48.8025690031,2.3351668985000003,1.6968627865996842e-05
48.8074628937,2.3351668985000003,3.406993957068612e-05
48.8123567843,2.3351668985000003,5.25735091058413e-05
48.8172506749,2.3351668985000003,6.267452438040206e-05
48.8221445655,2.3351668985000003,5.889017771252186e-05
48.8270384561,2.3351668985000003,4.723917508595877e-05
48.8319323467,2.3351668985000003,4.165969932914887e-05
48.8368262373,2.3351668985000003,5.540457904130621e-05
48.8417201279,2.3351668985000003,9.814676453717518e-05
48.8466140185,2.3351668985000003,0.00018190810254084457
48.8515079091,2.3351668985000003,0.0003513534211952155
48.8564017997,2.3351668985000003,0.0008015346239231025
48.8612956903,2.3351668985000003,0.0021314553072538313
48.8661895809,2.3351668985000003,0.005373156226340345
48.8710834715,2.3351668985000003,0.010093237977024935
48.8759773621,2.3351668985000003,0.011756543239070244
48.8808712527,2.3351668985000003,0.007869121368764736
48.8857651433,2.3351668985000003,0.00322687049183186
48.8906590339,2.3351668985000003,0.0010941592465919198
48.8955529245,2.3351668985000003,0.0004767135631244295
48.9004468151,2.3351668985000003,0.0002671488805522752
48.9053407057,2.3351668985000003,0.00015332193216581352
48.9102345963,2.3351668985000003,8.61302654154953e-05
48.9151284869,2.3351668985000003,6.193700927890032e-05
48.9200223775,2.3351668985000003,8.656843278374569e-05
48.9249162681,2.3351668985000003,0.00015524053799191863
48.9298101587,2.3351668985000003,0.000226130738484849
48.9347040493,2.3351668985000003,0.00023845664862091594
48.9395979399,2.3351668985000003,0.00017826721540076474
48.9444918305,2.3351668985000003,9.409021548286228e-05
48.9493857211,2.3351668985000003,3.50274194817564e-05
48.9542796117,2.3351668985000003,9.194969698610514e-06
48.9591735023,2.3351668985000003,1.7019417450552925e-06
48.9640673929,2.3351668985000003,2.2213035559211826e-07
48.9689612835,2.3351668985000003,2.0446837638937915e-08
48.9738551741,2.3351668985000003,1.328366592080419e-09
48.9787490647,2.3351668985000003,6.10949341412775e-11
48.7389484253,2.3400607891000003,2.277700592821339e-19
48.7438423159,2.3400607891000003,9.135878726238684e-18
48.7487362065,2.3400607891000003,3.731173410730865e-16
48.7536300971,2.3400607891000003,1.2643725585230719e-14
48.7585239877,2.3400607891000003,3.3524685263813273e-13
48.7634178783,2.3400607891000003,6.854455645291937e-12
48.7683117689,2.3400607891000003,1.0765261524279826e-10
48.7732056595,2.3400607891000003,1.297262047874454e-09
48.7780995501,2.3400607891000003,1.1990077215553684e-08
48.7829934407,2.3400607891000003,8.498679824601732e-08
48.7878873313,2.3400607891000003,4.619545654625974e-07
48.7927812219,2.3400607891000003,1.9256183041037943e-06
48.7976751125,2.3400607891000003,6.155958189485033e-06
48.8025690031,2.3400607891000003,1.5096189293482823e-05
48.8074628937,2.3400607891000003,2.841543132583326e-05
48.8123567843,2.3400607891000003,4.113597898251529e-05
48.8172506749,2.3400607891000003,4.6128977722182394e-05
48.8221445655,2.3400607891000003,4.121237493271064e-05
48.8270384561,2.3400607891000003,3.2756201039612274e-05
48.8319323467,2.3400607891000003,3.139735990729712e-05
48.8368262373,2.3400607891000003,4.626585281054181e-05
48.8417201279,2.3400607891000003,8.47096627763968e-05
48.8466140185,2.3400607891000003,0.00016187979961259966
48.8515079091,2.3400607891000003,0.00034828026225699473
48.8564017997,2.3400607891000003,0.0009277440233877563
48.8612956903,2.3400607891000003,0.002673048917756456
48.8661895809,2.3400607891000003,0.006513064957598674
48.8710834715,2.3400607891000003,0.010698889542858641
48.8759773621,2.3400607891000003,0.010267570759768535
48.8808712527,2.3400607891000003,0.005586466888740181
48.8857651433,2.3400607891000003,0.001955441939978847
48.8906590339,2.3400607891000003,0.0006550521143561443
48.8955529245,2.3400607891000003,0.00031040895943282136
48.9004468151,2.3400607891000003,0.00017907481324284632
48.9053407057,2.3400607891000003,0.00010134110666890772
48.9102345963,2.3400607891000003,5.3391880219384106e-05
48.9151284869,2.3400607891000003,2.9277234206532106e-05
48.9200223775,2.3400607891000003,2.9381139842641748e-05
48.9249162681,2.3400607891000003,6.0819098907725e-05
48.9298101587,2.3400607891000003,0.00012273859329243444
48.9347040493,2.3400607891000003,0.00018354141089788547
48.9395979399,2.3400607891000003,0.00019500290154814392
48.9444918305,2.3400607891000003,0.00014627751410733336
48.9493857211,2.3400607891000003,7.738578054399938e-05
48.9542796117,2.3400607891000003,2.8866145205802353e-05
48.9591735023,2.3400607891000003,7.591619461555522e-06
48.9640673929,2.3400607891000003,1.4076383545901764e-06
48.9689612835,2.3400607891000003,1.8401721370018168e-07
48.9738551741,2.3400607891000003,1.696064372914681e-08
48.9787490647,2.3400607891000003,1.1022110794280827e-09
48.7389484253,2.3449546797000003,3.849709989680065e-19
48.7438423159,2.3449546797000003,1.625484261730237e-17
48.7487362065,2.3449546797000003,6.441265159434344e-16
48.7536300971,2.3449546797000003,2.0638728465066282e-14
48.7585239877,2.3449546797000003,5.140972252414575e-13
48.7634178783,2.3449546797000003,9.85814006570663e-12
48.7683117689,2.3449546797000003,1.451366354763322e-10
48.7732056595,2.3449546797000003,1.6392399840040318e-09
48.7780995501,2.3449546797000003,1.4199562067427344e-08
48.7829934407,2.3449546797000003,9.432649629409731e-08
48.7878873313,2.3449546797000003,4.805168700241202e-07
48.7927812219,2.3449546797000003,1.8771971178773159e-06
48.7976751125,2.3449546797000003,5.624422361725603e-06
48.8025690031,2.3449546797000003,1.292793209918912e-05
48.8074628937,2.3449546797000003,2.2814529071524762e-05
48.8123567843,2.3449546797000003,3.099401129255894e-05
48.8172506749,2.3449546797000003,3.273263113432208e-05
48.8221445655,2.3449546797000003,2.7948068490007262e-05
48.8270384561,2.3449546797000003,2.2385579448382224e-05
48.8319323467,2.3449546797000003,2.368366297890746e-05
48.8368262373,2.3449546797000003,3.7984642960207707e-05
48.8417201279,2.3449546797000003,7.167904890388478e-05
48.8466140185,2.3449546797000003,0.00014672028664071844
48.8515079091,2.3449546797000003,0.00037004058572837425
48.8564017997,2.3449546797000003,0.00113329947072486
48.8612956903,2.3449546797000003,0.0033611636606867136
48.8661895809,2.3449546797000003,0.007526088184135999
48.8710834715,2.3449546797000003,0.010436430921082405
48.8759773621,2.3449546797000003,0.00811750261597695
48.8808712527,2.3449546797000003,0.003594847244983772
48.8857651433,2.3449546797000003,0.0011075211205866641
48.8906590339,2.3449546797000003,0.0003861894804789859
48.8955529245,2.3449546797000003,0.00019870004997893593
48.9004468151,2.3449546797000003,0.00011629225463649526
48.9053407057,2.3449546797000003,6.486113584336785e-05
48.9102345963,2.3449546797000003,3.316199861952892e-05
48.9151284869,2.3449546797000003,1.5929076071866938e-05
48.9200223775,2.3449546797000003,9.947526453889854e-06
48.9249162681,2.3449546797000003,1.744112310846822e-05
48.9298101587,2.3449546797000003,4.637387299969438e-05
48.9347040493,2.3449546797000003,9.790548092608748e-05
48.9395979399,2.3449546797000003,0.00014775180997964962
48.9444918305,2.3449546797000003,0.00015749800986270958
48.9493857211,2.3449546797000003,0.00011840171519263483
48.9542796117,2.3449546797000003,6.275862369075521e-05
48.9591735023,2.3449546797000003,2.3453095712746614e-05
48.9640673929,2.3449546797000003,6.17921528756467e-06
48.9689612835,2.3449546797000003,1.1478140388124443e-06
48.9738551741,2.3449546797000003,1.5031921496622046e-07
48.9787490647,2.3449546797000003,1.387913785973082e-08
48.7389484253,2.3498485703,6.53981157472134e-19
48.7438423159,2.3498485703,2.8243393291556156e-17
48.7487362065,2.3498485703,1.0743145145594996e-15
48.7536300971,2.3498485703,3.24595705949162e-14
48.7585239877,2.3498485703,7.590629914536267e-13
48.7634178783,2.3498485703,1.3648518720345592e-11
48.7683117689,2.3498485703,1.8835281309854613e-10
48.7732056595,2.3498485703,1.9938431406978527e-09
48.7780995501,2.3498485703,1.618669269789883e-08
48.7829934407,2.3498485703,1.0077313347694644e-07
48.7878873313,2.3498485703,4.811122915732254e-07
48.7927812219,2.3498485703,1.76148365731008e-06
48.7976751125,2.3498485703,4.946435040455131e-06
48.8025690031,2.3498485703,1.0656975107867982e-05
48.8074628937,2.3498485703,1.763407352270351e-05
48.8123567843,2.3498485703,2.248945819868976e-05
48.8172506749,2.3498485703,2.2403710097755796e-05
48.8221445655,2.3498485703,1.8403446027678712e-05
48.8270384561,2.3498485703,1.5141053501557764e-05
48.8319323467,2.3498485703,1.7814074964248062e-05
48.8368262373,2.3498485703,3.059422269989349e-05
48.8417201279,2.3498485703,6.039744618634255e-05
48.8466140185,2.3498485703,0.00014045107465652365
48.8515079091,2.3498485703,0.0004250440043082078
48.8564017997,2.3498485703,0.0014304080751629143
48.8612956903,2.3498485703,0.004136402270863427
48.8661895809,2.3498485703,0.008132612066637509
48.8710834715,2.3498485703,0.009268119928708725
48.8759773621,2.3498485703,0.005786604088394177
48.8808712527,2.3498485703,0.0021040482333353344
48.8857651433,2.3498485703,0.0005958102569537497
48.8906590339,2.3498485703,0.00022597112657055888
48.8955529245,2.3498485703,0.00012441770492760984
48.9004468151,2.3498485703,7.299706174807067e-05
48.9053407057,2.3498485703,4.004024441040943e-05
48.9102345963,2.3498485703,2.0037334896947035e-05
48.9151284869,2.3498485703,9.16518702909842e-06
48.9200223775,2.3498485703,4.215022497485326e-06
48.9249162681,2.3498485703,4.151776266112144e-06
48.9298101587,2.3498485703,1.230971680294549e-05
48.9347040493,2.3498485703,3.620060739705796e-05
48.9395979399,2.3498485703,7.752411845202432e-05
48.9444918305,2.3498485703,0.00011741792823448525
48.9493857211,2.3498485703,0.00012543024272621396
48.9542796117,2.3498485703,9.447120025904723e-05
48.9591735023,2.3498485703,5.016553924887204e-05
48.9640673929,2.3498485703,1.8780916082596404e-05
48.9689612835,2.3498485703,4.957155082556814e-06
48.9738551741,2.3498485703,9.22470496455832e-07
48.9787490647,2.3498485703,1.210254359945297e-07
48.7389484253,2.3547424609,1.107621324569887e-18
48.7438423159,2.3547424609,4.772511069259082e-17
48.7487362065,2.3547424609,1.7292508429736065e-15
48.7536300971,2.3547424609,4.917457190108744e-14
48.7585239877,2.3547424609,1.0790282192251126e-12
48.7634178783,2.3547424609,1.8190149651997578e-11
48.7683117689,2.3547424609,2.3529207357344396e-10
48.7732056595,2.3547424609,2.3343841453443484e-09
48.7780995501,2.3547424609,1.776115860794705e-08
48.7829934407,2.3547424609,1.0362978701803065e-07
48.7878873313,2.3547424609,4.6367395604414664e-07
48.7927812219,2.3547424609,1.5910231100403402e-06
48.7976751125,2.3547424609,4.187349960272636e-06
48.8025690031,2.3547424609,8.45637770955247e-06
48.8074628937,2.3547424609,1.312167236839071e-05
48.8123567843,2.3547424609,1.571740700246219e-05
48.8172506749,2.3547424609,1.4799827452458035e-05
48.8221445655,2.3547424609,1.1796158493181926e-05
48.8270384561,2.3547424609,1.0169266369117202e-05
48.8319323467,2.3547424609,1.330120857669766e-05
48.8368262373,2.3547424609,2.4280911779814378e-05
48.8417201279,2.3547424609,5.224210678570271e-05
48.8466140185,2.3547424609,0.00014658410415407944
48.8515079091,2.3547424609,0.0005204042935245642
48.8564017997,2.3547424609,0.0018191026673517153
48.8612956903,2.3547424609,0.004867662515287439
48.8661895809,2.3547424609,0.00809121682616183
48.8710834715,2.3547424609,0.007436289842938683
48.8759773621,2.3547424609,0.003713398225841167
48.8808712527,2.3547424609,0.0011279463393546255
48.8857651433,2.3547424609,0.00031021823561550076
48.8906590339,2.3547424609,0.00013137329183277719
48.8955529245,2.3547424609,7.584971505345388e-05
48.9004468151,2.3547424609,4.422901167864083e-05
48.9053407057,2.3547424609,2.382180672443122e-05
48.9102345963,2.3547424609,1.168330402558584e-05
48.9151284869,2.3547424609,5.212389100056386e-06
48.9200223775,2.3547424609,2.1510373828577684e-06
48.9249162681,2.3547424609,1.1241387098357988e-06
48.9298101587,2.3547424609,2.388096935396443e-06
48.9347040493,2.3547424609,9.2955144856359e-06
48.9395979399,2.3547424609,2.8168209753498738e-05
48.9444918305,2.3547424609,6.0608411323036686e-05
48.9493857211,2.3547424609,9.199750012506734e-05
48.9542796117,2.3547424609,9.84582440145359e-05
48.9591735023,2.3547424609,7.429100177830043e-05
48.9640673929,2.3547424609,3.952074742057739e-05
48.9689612835,2.3547424609,1.4822394250761964e-05
48.9738551741,2.3547424609,3.919365298270061e-06
48.9787490647,2.3547424609,7.306632629494845e-07
48.7389484253,2.3596363515,1.8544809054729795e-18
48.7438423159,2.3596363515,7.818504538450906e-17
48.7487362065,2.3596363515,2.684203968532514e-15
48.7536300971,2.3596363515,7.174521688156245e-14
48.7585239877,2.3596363515,1.4766845740656473e-12
48.7634178783,2.3596363515,2.3336765791251122e-11
48.7683117689,2.3596363515,2.829310261780858e-10
48.7732056595,2.3596363515,2.630788377960982e-09
48.7780995501,2.3596363515,1.8759198679454936e-08
48.7829934407,2.3596363515,1.025777556425405e-07
48.7878873313,2.3596363515,4.301375839584369e-07
48.7927812219,2.3596363515,1.3832591682837798e-06
48.7976751125,2.3596363515,3.412080536838746e-06
48.8025690031,2.3596363515,6.459264851953583e-06
48.8074628937,2.3596363515,9.400156638245697e-06
48.8123567843,2.3596363515,1.0581640326984193e-05
48.8172506749,2.3596363515,9.443394740064093e-06
48.8221445655,2.3596363515,7.381062158287283e-06
48.8270384561,2.3596363515,6.794885138871686e-06
48.8319323467,2.3596363515,9.833111080551484e-06
48.8368262373,2.3596363515,1.9301565966754694e-05
48.8417201279,2.3596363515,4.8438101670104836e-05
48.8466140185,2.3596363515,0.00016786636252560374
48.8515079091,2.3596363515,0.0006617970842831774
48.8564017997,2.3596363515,0.0022728662002144016
48.8612956903,2.3596363515,0.005366471090182552
48.8661895809,2.3596363515,0.007325347917223983
48.8710834715,2.3596363515,0.005364014446497468
48.8759773621,2.3596363515,0.0021465881661926764
48.8808712527,2.3596363515,0.0005600628194367591
48.8857651433,2.3596363515,0.00015915557539931236
48.8906590339,2.3596363515,7.558227308346915e-05
48.8955529245,2.3596363515,4.485468094156536e-05
48.9004468151,2.3596363515,2.5846183102612566e-05
48.9053407057,2.3596363515,1.365650249296047e-05
48.9102345963,2.3596363515,6.564608089160212e-06
48.9151284869,2.3596363515,2.8687375361215293e-06
48.9200223775,2.3596363515,1.1419150213393244e-06
48.9249162681,2.3596363515,4.417892941718275e-07
48.9298101587,2.3596363515,4.0006124051815223e-07
48.9347040493,2.3596363515,1.671538025010149e-06
48.9395979399,2.3596363515,7.089825398447537e-06
48.9444918305,2.3596363515,2.1660558046065225e-05
48.9493857211,2.3596363515,4.6717041207742087e-05
48.9542796117,2.3596363515,7.104421097962077e-05
48.9591735023,2.3596363515,7.617113636321556e-05
48.9640673929,2.3596363515,5.757803373523116e-05
48.9689612835,2.3596363515,3.068509272971211e-05
48.9738551741,2.3596363515,1.1529280367396826e-05
48.9787490647,2.3596363515,3.05408485372099e-06
48.7389484253,2.3645302421,3.0465816514590977e-18
48.7438423159,2.3645302421,1.2390118135608864e-16
48.7487362065,2.3645302421,4.0157424849552665e-15
48.7536300971,2.3645302421,1.0079497472445398e-13
48.7585239877,2.3645302421,1.945474498038359e-12
48.7634178783,2.3645302421,2.881996836498208e-11
48.7683117689,2.3645302421,3.274841338662723e-10
48.7732056595,2.3645302421,2.853850465572145e-09
48.7780995501,2.3645302421,1.9071591370334096e-08
48.7829934407,2.3645302421,9.7735083553572e-08
48.7878873313,2.3645302421,3.840878061991724e-07
48.7927812219,2.3645302421,1.1576036896587965e-06
48.7976751125,2.3645302421,2.6762884311873914e-06
48.8025690031,2.3645302421,4.749340819655508e-06
48.8074628937,2.3645302421,6.483466227789142e-06
48.8123567843,2.3645302421,6.8640779528917255e-06
48.8172506749,2.3645302421,5.825821365177168e-06
48.8221445655,2.3645302421,4.522727866198428e-06
48.8270384561,2.3645302421,4.519415173155434e-06
48.8319323467,2.3645302421,7.22262455924404e-06
48.8368262373,2.3645302421,1.5914717031653328e-05
48.8417201279,2.3645302421,4.990336305305478e-05
48.8466140185,2.3645302421,0.00020652100791210002
48.8515079091,2.3645302421,0.000850964072457185
48.8564017997,2.3645302421,0.0027238077379515085
48.8612956903,2.3645302421,0.005451367062669172
48.8661895809,2.3645302421,0.0059847765166008956
48.8710834715,2.3645302421,0.0034687750208926877
48.8759773621,2.3645302421,0.0011212466789655934
48.8808712527,2.3645302421,0.0002617134884692303
48.8857651433,2.3645302421,8.147794233248101e-05
48.8906590339,2.3645302421,4.2763431205684485e-05
48.8955529245,2.3645302421,2.5662780268505232e-05
48.9004468151,2.3645302421,1.4560008183286954e-05
48.9053407057,2.3645302421,7.543333670482833e-06
48.9102345963,2.3645302421,3.5538294142164685e-06
48.9151284869,2.3645302421,1.5219799425390315e-06
48.9200223775,2.3645302421,5.926038191358782e-07
48.9249162681,2.3645302421,2.1151227645002415e-07
48.9298101587,2.3645302421,9.030102545113726e-08
48.9347040493,2.3645302421,2.1962033515893634e-07
48.9395979399,2.3645302421,1.2378744760256746e-06
48.9444918305,2.3645302421,5.359985105520299e-06
48.9493857211,2.3645302421,1.6424787599887768e-05
48.9542796117,2.3645302421,3.549185332497078e-05
48.9591735023,2.3645302421,5.407142383941595e-05
48.9640673929,2.3645302421,5.8077992781478574e-05
48.9689612835,2.3645302421,4.398044145809442e-05
48.9738551741,2.3645302421,2.3480736402984743e-05
48.9787490647,2.3645302421,8.838284519390054e-06
48.7389484253,2.3694241327,4.882056110959713e-18
48.7438423159,2.3694241327,1.8963551607428839e-16
48.7487362065,2.3694241327,5.788164081009629e-15
48.7536300971,2.3694241327,1.3634331104642207e-13
48.7585239877,2.3694241327,2.467364031796563e-12
48.7634178783,2.3694241327,3.4260258979834093e-11
48.7683117689,2.3694241327,3.648673282346282e-10
48.7732056595,2.3694241327,2.979941603027077e-09
48.7780995501,2.3694241327,1.8663328443556927e-08
48.7829934407,2.3694241327,8.963476013043101e-08
48.7878873313,2.3694241327,3.3012779389914495e-07
48.7927812219,2.3694241327,9.324930532302816e-07
48.7976751125,2.3694241327,2.0206022009411846e-06
48.8025690031,2.3694241327,3.3615445333087473e-06
48.8074628937,2.3694241327,4.30552539894051e-06
48.8123567843,2.3694241327,4.291182579070148e-06
48.8172506749,2.3694241327,3.479096118768881e-06
48.8221445655,2.3694241327,2.7227543166240527e-06
48.8270384561,2.3694241327,2.9946755377529314e-06
48.8319323467,2.3694241327,5.3621153410416956e-06
48.8368262373,2.3694241327,1.432267361057455e-05
48.8417201279,2.3694241327,5.7225795285638974e-05
48.8466140185,2.3694241327,0.0002646657103929935
48.8515079091,2.3694241327,0.00107873102992175
48.8564017997,2.3694241327,0.003064389455008767
48.8612956903,2.3694241327,0.005038616213531879
48.8661895809,2.3694241327,0.004387633906315192
48.8710834715,2.3694241327,0.0020091274696587584
48.8759773621,2.3694241327,0.0005324154983131165
48.8808712527,2.3694241327,0.00011745030223600967
48.8857651433,2.3694241327,4.1801878649819266e-05
48.8906590339,2.3694241327,2.3646955572528613e-05
48.8955529245,2.3694241327,1.4180457333839991e-05
48.9004468151,2.3694241327,7.904689821948975e-06
48.9053407057,2.3694241327,4.014522103302741e-06
48.9102345963,2.3694241327,1.8536272910982483e-06
48.9151284869,2.3694241327,7.780061961125706e-07
48.9200223775,2.3694241327,2.968360703119039e-07
48.9249162681,2.3694241327,1.0302346906956523e-07
48.9298101587,2.3694241327,3.381922550756487e-08
48.9347040493,2.3694241327,2.6260511091542628e-08
48.9395979399,2.3694241327,1.510247645525726e-07
48.9444918305,2.3694241327,9.18545446291094e-07
48.9493857211,2.3694241327,3.998080654426498e-06
48.9542796117,2.3694241327,1.2275860605283384e-05
48.9591735023,2.3694241327,2.6574692939263e-05
48.9640673929,2.3694241327,4.055920356805559e-05
48.9689612835,2.3694241327,4.3643017770412104e-05
48.9738551741,2.3694241327,3.310886307994791e-05
48.9787490647,2.3694241327,1.770834188879366e-05
48.7389484253,2.3743180233,7.598272226145132e-18
48.7438423159,2.3743180233,2.800172868453815e-16
48.7487362065,2.3743180233,8.035670139255768e-15
48.7536300971,2.3743180233,1.775600728458503e-13
48.7585239877,2.3743180233,3.0123187369775946e-12
48.7634178783,2.3743180233,3.9203859097406245e-11
48.7683117689,2.3743180233,3.913033491051743e-10
48.7732056595,2.3743180233,2.995126237579811e-09
48.7780995501,2.3743180233,1.758007215739161e-08
48.7829934407,2.3743180233,7.91281621072092e-08
48.7878873313,2.3743180233,2.7312540872593156e-07
48.7927812219,2.3743180233,7.230373887236802e-07
48.7976751125,2.3743180233,1.4684653408561422e-06
48.8025690031,2.3743180233,2.2903617773614335e-06
48.8074628937,2.3743180233,2.753065888172257e-06
48.8123567843,2.3743180233,2.5862604876921623e-06
48.8172506749,2.3743180233,2.0141560329936525e-06
48.8221445655,2.3743180233,1.615932219218221e-06
48.8270384561,2.3743180233,1.9877411135714618e-06
48.8319323467,2.3743180233,4.187817644927666e-06
48.8368262373,2.3743180233,1.4631931100691116e-05
48.8417201279,2.3743180233,7.086346243189497e-05
48.8466140185,2.3743180233,0.0003437289131806822
48.8515079091,2.3743180233,0.0013158765800096877
48.8564017997,2.3743180233,0.0031798911377653363
48.8612956903,2.3743180233,0.004199605286471257
48.8661895809,2.3743180233,0.002876428293514279
48.8710834715,2.3743180233,0.001043156816950296
48.8759773621,2.3743180233,0.0002320805842330991
48.8808712527,2.3743180233,5.17459751911511e-05
48.8857651433,2.3743180233,2.142225534306511e-05
48.8906590339,2.3743180233,1.2716182067127095e-05
48.8955529245,2.3743180233,7.5596277736661595e-06
48.9004468151,2.3743180233,4.135266330154755e-06
48.9053407057,2.3743180233,2.058474787760997e-06
48.9102345963,2.3743180233,9.315060096877522e-07
48.9151284869,2.3743180233,3.8317353035653184e-07
48.9200223775,2.3743180233,1.4327617679456547e-07
48.9249162681,2.3743180233,4.870130347963297e-08
48.9298101587,2.3743180233,1.510291861838786e-08
48.9347040493,2.3743180233,5.222132048614158e-09
48.9395979399,2.3743180233,1.3482215493209223e-08
48.9444918305,2.3743180233,1.0912350811035789e-07
48.9493857211,2.3743180233,6.738154283434895e-07
48.9542796117,2.3743180233,2.9396709776933546e-06
48.9591735023,2.3743180233,9.042567715841207e-06
48.9640673929,2.3743180233,1.9610572946750536e-05
48.9689612835,2.3743180233,2.9984237048547827e-05
48.9738551741,2.3743180233,3.232212182890966e-05
48.9787490647,2.3743180233,2.4564665706783048e-05
48.7389484253,2.3792119139,1.145081922142744e-17
48.7438423159,2.3792119139,3.9861047178608857e-16
48.7487362065,2.3792119139,1.0743024471920734e-14
48.7536300971,2.3792119139,2.226125210741631e-13
48.7585239877,2.3792119139,3.5401454628354224e-12
48.7634178783,2.3792119139,4.318226672540748e-11
48.7683117689,2.3792119139,4.0394764397055355e-10
48.7732056595,2.3792119139,2.8976971984887844e-09
48.7780995501,2.3792119139,1.593974911293037e-08
48.7829934407,2.3792119139,6.723792689183761e-08
48.7878873313,2.3792119139,2.1750566187888674e-07
48.7927812219,2.3792119139,5.396416373042811e-07
48.7976751125,2.3792119139,1.0272646790051842e-06
48.8025690031,2.3792119139,1.502222035874833e-06
48.8074628937,2.3792119139,1.6951520090845646e-06
48.8123567843,2.3792119139,1.5032644240406152e-06
48.8172506749,2.3792119139,1.1324304488102443e-06
48.8221445655,2.3792119139,9.496004293039506e-07
48.8270384561,2.3792119139,1.3476174620849083e-06
48.8319323467,2.3792119139,3.652602680933902e-06
48.8368262373,2.3792119139,1.6861410747672562e-05
48.8417201279,2.3792119139,9.145546156602506e-05
48.8466140185,2.3792119139,0.00044157416755919473
48.8515079091,2.3792119139,0.001510569958499606
48.8564017997,2.3792119139,0.0030030171428490457
48.8612956903,2.3792119139,0.003137192202928963
48.8661895809,2.3792119139,0.0016831574146082735
48.8710834715,2.3792119139,0.000486867511187403
48.8759773621,2.3792119139,9.421717542987243e-05
48.8808712527,2.3792119139,2.2806041042931154e-05
48.8857651433,2.3792119139,1.0884183271426694e-05
48.8906590339,2.3792119139,6.626129273904963e-06
48.8955529245,2.3792119139,3.885609941318787e-06
48.9004468151,2.3792119139,2.08442410212326e-06
48.9053407057,2.3792119139,1.0169416418054018e-06
48.9102345963,2.3792119139,4.5101001103716357e-07
48.9151284869,2.3792119139,1.8182148630483354e-07
48.9200223775,2.3792119139,6.663043638570261e-08
48.9249162681,2.3792119139,2.219572840417876e-08
48.9298101587,2.3792119139,6.722597525366414e-09
48.9347040493,2.3792119139,1.890488822430051e-09
48.9395979399,2.3792119139,1.1796413290918725e-09
48.9444918305,2.3792119139,9.045229173601657e-09
48.9493857211,2.3792119139,7.863555259000652e-08
48.9542796117,2.3792119139,4.873826314185749e-07
48.9591735023,2.3792119139,2.1302882275635076e-06
48.9640673929,2.3792119139,6.564689483425824e-06
48.9689612835,2.3792119139,1.4262454522823806e-05
48.9738551741,2.3792119139,2.184633042198778e-05
48.9787490647,2.3792119139,2.359211402173883e-05
48.7389484253,2.3841058045,1.667548090778744e-17
48.7438423159,2.3841058045,5.467547888003929e-16
48.7487362065,2.3841058045,1.3829165232841682e-14
48.7536300971,2.3841058045,2.6867628569103123e-13
48.7585239877,2.3841058045,4.004866637459975e-12
48.7634178783,2.3841058045,4.578449468180052e-11
48.7683117689,2.3841058045,4.013920192888101e-10
48.7732056595,2.3841058045,2.6984915475172405e-09
48.7780995501,2.3841058045,1.3911420589642077e-08
48.7829934407,2.3841058045,5.499537187135918e-08
48.7878873313,2.3841058045,1.66727593055527e-07
48.7927812219,2.3841058045,3.876857151789767e-07
48.7976751125,2.3841058045,6.917317203040542e-07
48.8025690031,2.3841058045,9.484948958389453e-07
48.8074628937,2.3841058045,1.0051680653322142e-06
48.8123567843,2.3841058045,8.430906900813764e-07
48.8172506749,2.3841058045,6.19736720476317e-07
48.8221445655,2.3841058045,5.574049670705618e-07
48.8270384561,2.3841058045,9.778861358412428e-07
48.8319323467,2.3841058045,3.7077237629664312e-06
48.8368262373,2.3841058045,2.1030147290081438e-05
48.8417201279,2.3841058045,0.00011977206518275052
48.8466140185,2.3841058045,0.0005478971641685542
48.8515079091,2.3841058045,0.0016016314401315547
48.8564017997,2.3841058045,0.002556357321606223
48.8612956903,2.3841058045,0.0020921319574382364
48.8661895809,2.3841058045,0.0008787684488990971
48.8710834715,2.3841058045,0.00020531918908060415
48.8759773621,2.3841058045,3.632803742237649e-05
48.8808712527,2.3841058045,1.0159066287023197e-05
48.8857651433,2.3841058045,5.437708258739118e-06
48.8906590339,2.3841058045,3.337744328338105e-06
48.8955529245,2.3841058045,1.924920691653435e-06
48.9004468151,2.3841058045,1.0123194811378843e-06
48.9053407057,2.3841058045,4.840434139495401e-07
48.9102345963,2.3841058045,2.1038943853280746e-07
48.9151284869,2.3841058045,8.312508830144306e-08
48.9200223775,2.3841058045,2.9854425792721986e-08
48.9249162681,2.3841058045,9.746614017357881e-09
48.9298101587,2.3841058045,2.892490720571134e-09
48.9347040493,2.3841058045,7.814181611435906e-10
48.9395979399,2.3841058045,2.2001428072241298e-10
48.9444918305,2.3841058045,5.508943488388012e-10
48.9493857211,2.3841058045,6.359224379836442e-09
48.9542796117,2.3841058045,5.594624906855809e-08
48.9591735023,2.3841058045,3.474626583462217e-07
48.9640673929,2.3841058045,1.5214620976956144e-06
48.9689612835,2.3841058045,4.696978614085713e-06
48.9738551741,2.3841058045,1.0223042661320247e-05
48.9787490647,2.3841058045,1.568721680319095e-05
48.7389484253,2.3889996951,2.3434157018063922e-17
48.7438423159,2.3889996951,7.223851280654728e-16
48.7487362065,2.3889996951,1.7139157847818694e-14
48.7536300971,2.3889996951,3.121561585695672e-13
48.7585239877,2.3889996951,4.361113761232684e-12
48.7634178783,2.3889996951,4.6726811553256344e-11
48.7683117689,2.3889996951,3.8392277376795466e-10
48.7732056595,2.3889996951,2.4189063624535742e-09
48.7780995501,2.3889996951,1.1686664063877475e-08
48.7829934407,2.3889996951,4.329787078977667e-08
48.7878873313,2.3889996951,1.2301918653922156e-07
48.7927812219,2.3889996951,2.6809203750748025e-07
48.7976751125,2.3889996951,4.483639916100248e-07
48.8025690031,2.3889996951,5.765191324047557e-07
48.8074628937,2.3889996951,5.740515383466564e-07
48.8123567843,2.3889996951,4.565126399706525e-07
48.8172506749,2.3889996951,3.3126530977410156e-07
48.8221445655,2.3889996951,3.3440468332121016e-07
48.8270384561,2.3889996951,8.158464723472408e-07
48.8319323467,2.3889996951,4.30076771701956e-06
48.8368262373,2.3889996951,2.7293345653661466e-05
48.8417201279,2.3889996951,0.00015570808909855328
48.8466140185,2.3889996951,0.0006416345849322737
48.8515079091,2.3889996951,0.0015461771047066038
48.8564017997,2.3889996951,0.0019487930166381348
48.8612956903,2.3889996951,0.0012426030934010134
48.8661895809,2.3889996951,0.00040976691308132544
48.8710834715,2.3889996951,7.88838274094709e-05
48.8759773621,2.3889996951,1.3624430523989369e-05
48.8808712527,2.3889996951,4.5738757491511585e-06
48.8857651433,2.3889996951,2.65278676586598e-06
48.8906590339,2.3889996951,1.6229059816518725e-06
48.8955529245,2.3889996951,9.189242795070763e-07
48.9004468151,2.3889996951,4.7368669779633086e-07
48.9053407057,2.3889996951,2.2197804638315383e-07
48.9102345963,2.3889996951,9.455813648495308e-08
48.9151284869,2.3889996951,3.6614764638711115e-08
48.9200223775,2.3889996951,1.2887895442381109e-08
48.9249162681,2.3889996951,4.1235966304809156e-09
48.9298101587,2.3889996951,1.199330614838191e-09
48.9347040493,2.3889996951,3.171029038437663e-10
48.9395979399,2.3889996951,7.699685509184644e-11
48.9444918305,2.3889996951,3.665179132639919e-11
48.9493857211,2.3889996951,3.5848819023553293e-10
48.9542796117,2.3889996951,4.44664192777449e-09
48.9591735023,2.3889996951,3.923751626036926e-08
48.9640673929,2.3889996951,2.4413561356188315e-07
48.9689612835,2.3889996951,1.0709419560917978e-06
48.9738551741,2.3889996951,3.3121110400415684e-06
48.9787490647,2.3889996951,7.221841937193468e-06
48.7389484253,2.3938935857,3.1751321894239326e-17
48.7438423159,2.3938935857,9.191317689232016e-16
48.7487362065,2.3938935857,2.044930264826033e-14
48.7536300971,2.3938935857,3.4911463892919944e-13
48.7585239877,2.3938935857,4.5713645082133285e-12
48.7634178783,2.3938935857,4.590365813335082e-11
48.7683117689,2.3938935857,3.534678859153913e-10
48.7732056595,2.3938935857,2.087116840204232e-09
48.7780995501,2.3938935857,9.4501485885006e-09
48.7829934407,2.3938935857,3.2812210106026605e-08
48.7878873313,2.3938935857,8.737087455998297e-08
48.7927812219,2.3938935857,1.7845056491563038e-07
48.7976751125,2.3938935857,2.797451806553099e-07
48.8025690031,2.3938935857,3.373483125810276e-07
48.8074628937,2.3938935857,3.1579077201116775e-07
48.8123567843,2.3938935857,2.388549780809562e-07
48.8172506749,2.3938935857,1.7419837227411374e-07
48.8221445655,2.3938935857,2.1668222422807267e-07
48.8270384561,2.3938935857,8.178857750979764e-07
48.8319323467,2.3938935857,5.399033021228681e-06
48.8368262373,2.3938935857,3.5971387064999266e-05
48.8417201279,2.3938935857,0.00019636054057579945
48.8466140185,2.3938935857,0.0006952057333719003
48.8515079091,2.3938935857,0.0013452329355871846
48.8564017997,2.3938935857,0.0013247306311809704
48.8612956903,2.3938935857,0.0006565981218131461
48.8661895809,2.3938935857,0.0001710878284396986
48.8710834715,2.3938935857,2.7953215053076138e-05
48.8759773621,2.3938935857,5.092082029421367e-06
48.8808712527,2.3938935857,2.0656290779536046e-06
48.8857651433,2.3938935857,1.2572887685016338e-06
48.8906590339,2.3938935857,7.610293811594454e-07
48.8955529245,2.3938935857,4.2268687186661647e-07
48.9004468151,2.3938935857,2.1355214152064975e-07
48.9053407057,2.3938935857,9.807832023813064e-08
48.9102345963,2.3938935857,4.094596281671939e-08
48.9151284869,2.3938935857,1.5538803866068065e-08
48.9200223775,2.3938935857,5.360341965849361e-09
48.9249162681,2.3938935857,1.680876565685845e-09
48.9298101587,2.3938935857,4.791236031328234e-10
48.9347040493,2.3938935857,1.241448666610851e-10
48.9395979399,2.3938935857,2.9255161428245274e-11
48.9444918305,2.3938935857,6.8054238258064115e-12
48.9493857211,2.3938935857,1.4971841732709815e-11
48.9542796117,2.3938935857,2.4484692400873404e-10
48.9591735023,2.3938935857,3.067757255859056e-09
48.9640673929,2.3938935857,2.7122156490364254e-08
48.9689612835,2.3938935857,1.6905823252768276e-07
48.9738551741,2.3938935857,7.429381216347754e-07
48.9787490647,2.3938935857,2.3018292214373334e-06
48.7389484253,2.3987874763,4.1453717665964535e-17
48.7438423159,2.3987874763,1.1260367894439738e-15
48.7487362065,2.3987874763,2.3487835503344058e-14
48.7536300971,2.3987874763,3.7584695295153024e-13
48.7585239877,2.3987874763,4.612441063221615e-12
48.7634178783,2.3987874763,4.340710602847622e-11
48.7683117689,2.3987874763,3.132467310456187e-10
48.7732056595,2.3987874763,1.7334207283235104e-09
48.7780995501,2.3987874763,7.3555582283347696e-09
48.7829934407,2.3987874763,2.3934973663250654e-08
48.7878873313,2.3987874763,5.972951419576141e-08
48.7927812219,2.3987874763,1.1433573112318202e-07
48.7976751125,2.3987874763,1.6800981418683135e-07
48.8025690031,2.3987874763,1.900374318489391e-07
48.8074628937,2.3987874763,1.6736071690479984e-07
48.8123567843,2.3987874763,1.2093175417920578e-07
48.8172506749,2.3987874763,9.187768963617137e-08
48.8221445655,2.3987874763,1.6611517412751202e-07
48.8270384561,2.3987874763,9.520643559978731e-07
48.8319323467,2.3987874763,7.0312958325015715e-06
48.8368262373,2.3987874763,4.725026771096493e-05
48.8417201279,2.3987874763,0.00023452898670041036
48.8466140185,2.3987874763,0.0006862764252900825
48.8515079091,2.3987874763,0.001047534173504337
48.8564017997,2.3987874763,0.0008008388713382261
48.8612956903,2.3987874763,0.0003086700846738892
48.8661895809,2.3987874763,6.424899315090991e-05
48.8710834715,2.3987874763,9.295797764223744e-06
48.8759773621,2.3987874763,1.931891935459737e-06
48.8808712527,2.3987874763,9.260468675818163e-07
48.8857651433,2.3987874763,5.769317835819878e-07
48.8906590339,2.3987874763,3.4400507574278484e-07
48.8955529245,2.3987874763,1.8733127760870286e-07
48.9004468151,2.3987874763,9.27586922908805e-08
48.9053407057,2.3987874763,4.175161207414769e-08
48.9102345963,2.3987874763,1.7082856086441577e-08
48.9151284869,2.3987874763,6.353545348887723e-09
48.9200223775,2.3987874763,2.1480292956180503e-09
48.9249162681,2.3987874763,6.601348797730138e-10
48.9298101587,2.3987874763,1.8441386699413392e-10
48.9347040493,2.3987874763,4.682986535373195e-11
48.9395979399,2.3987874763,1.0810075628782077e-11
48.9444918305,2.3987874763,2.2785136343620926e-12
48.9493857211,2.3987874763,8.013543561571273e-13
48.9542796117,2.3987874763,9.394100820972749e-12
48.9591735023,2.3987874763,1.660679034211915e-10
48.9640673929,2.3987874763,2.0861260869676827e-09
48.9689612835,2.3987874763,1.847692762849938e-08
48.9738551741,2.3987874763,1.1537811480546731e-07
48.9787490647,2.3987874763,5.079503445658681e-07
48.7389484253,2.4036813669,5.213038305089569e-17
48.7438423159,2.4036813669,1.3281532501934083e-15
48.7487362065,2.4036813669,2.5969818418918674e-14
48.7536300971,2.4036813669,3.8948961609177874e-13
48.7585239877,2.4036813669,4.479715255777301e-12
48.7634178783,2.4036813669,3.9509899563145305e-11
48.7683117689,2.4036813669,2.6721033823626225e-10
48.7732056595,2.4036813669,1.3857681009756102e-09
48.7780995501,2.4036813669,5.510886875188207e-09
48.7829934407,2.4036813669,1.6805789973860687e-08
48.7878873313,2.4036813669,3.930427197425141e-08
48.7927812219,2.4036813669,7.051413868536325e-08
48.7976751125,2.4036813669,9.712886533401849e-08
48.8025690031,2.4036813669,1.0306405381848077e-07
48.8074628937,2.4036813669,8.547002266105938e-08
48.8123567843,2.4036813669,5.944952714283164e-08
48.8172506749,2.4036813669,5.1220944466558454e-08
48.8221445655,2.4036813669,1.5985799204632018e-07
48.8270384561,2.4036813669,1.1995631744772873e-06
48.8319323467,2.4036813669,9.304828561190091e-06
48.8368262373,2.4036813669,6.051205158247642e-05
48.8417201279,2.4036813669,0.00025968900198255866
48.8466140185,2.4036813669,0.0006105366991724265
48.8515079091,2.4036813669,0.0007267699231178794
48.8564017997,2.4036813669,0.00042990214167641866
48.8612956903,2.4036813669,0.00012924009976910815
48.8661895809,2.4036813669,2.1853975736041222e-05
48.8710834715,2.4036813669,2.967377804577876e-06
48.8759773621,2.4036813669,7.494409419748075e-07
48.8808712527,2.4036813669,4.0814171041815905e-07
48.8857651433,2.4036813669,2.5576196014272254e-07
48.8906590339,2.4036813669,1.4985484574383485e-07
48.8955529245,2.4036813669,7.999179067242417e-08
48.9004468151,2.4036813669,3.881886020997814e-08
48.9053407057,2.4036813669,1.712421598157229e-08
48.9102345963,2.4036813669,6.866684409310534e-09
48.9151284869,2.4036813669,2.5029483868133227e-09
48.9200223775,2.4036813669,8.293256821307182e-10
48.9249162681,2.4036813669,2.4978522687774166e-10
48.9298101587,2.4036813669,6.838751104223804e-11
48.9347040493,2.4036813669,1.7019831698173717e-11
48.9395979399,2.4036813669,3.850368958950837e-12
48.9444918305,2.4036813669,7.919378760731826e-13
48.9493857211,2.4036813669,1.5485732925046576e-13
48.9542796117,2.4036813669,2.7093730073147e-13
48.9591735023,2.4036813669,6.227124487544974e-12
48.9640673929,2.4036813669,1.1109165551856344e-10
48.9689612835,2.4036813669,1.39812578175242e-09
48.9738551741,2.4036813669,1.2405585719407211e-08
48.9787490647,2.4036813669,7.760549251240357e-08
48.7389484253,2.4085752575,6.313039630955724e-17
48.7438423159,2.4085752575,1.508114615409998e-15
48.7487362065,2.4085752575,2.764053208920204e-14
48.7536300971,2.4085752575,3.8852501745425955e-13
48.7585239877,2.4085752575,4.187965637527685e-12
48.7634178783,2.4085752575,3.461640120520241e-11
48.7683117689,2.4085752575,2.1940664660079065e-10
48.7732056595,2.4085752575,1.0663661273827673e-09
48.7780995501,2.4085752575,3.974258874552147e-09
48.7829934407,2.4085752575,1.135830169024153e-08
48.7878873313,2.4085752575,2.4895394462469142e-08
48.7927812219,2.4085752575,4.186015096326131e-08
48.7976751125,2.4085752575,5.405119430775102e-08
48.8025690031,2.4085752575,5.3814319372785964e-08
48.8074628937,2.4085752575,4.207999631391138e-08
48.8123567843,2.4085752575,2.867006048817223e-08
48.8172506749,2.4085752575,3.362697042875759e-08
48.8221445655,2.4085752575,1.83994219707155e-07
48.8270384561,2.4085752575,1.5631231535114029e-06
48.8319323467,2.4085752575,1.232951446450484e-05
48.8368262373,2.4085752575,7.36935717540116e-05
48.8417201279,2.4085752575,0.0002621926563449511
48.8466140185,2.4085752575,0.00048592842419364977
48.8515079091,2.4085752575,0.0004479503650161231
48.8564017997,2.4085752575,0.00020481238847468012
48.8612956903,2.4085752575,4.831024270410124e-05
48.8661895809,2.4085752575,6.803524925336796e-06
48.8710834715,2.4085752575,9.334331291601805e-07
48.8759773621,2.4085752575,2.960068723695387e-07
48.8808712527,2.4085752575,1.75522334795559e-07
48.8857651433,2.4085752575,1.0939957840736019e-07
48.8906590339,2.4085752575,6.290169639434404e-08
48.8955529245,2.4085752575,3.2909424550626324e-08
48.9004468151,2.4085752575,1.5651942509694322e-08
48.9053407057,2.4085752575,6.766831434483059e-09
48.9102345963,2.4085752575,2.6593218652345084e-09
48.9151284869,2.4085752575,9.50002755866482e-10
48.9200223775,2.4085752575,3.0849436815870776e-10
48.9249162681,2.4085752575,9.106217707126562e-11
48.9298101587,2.4085752575,2.443414980105426e-11
48.9347040493,2.4085752575,5.959706184167761e-12
48.9395979399,2.4085752575,1.3213591750638376e-12
48.9444918305,2.4085752575,2.663098977197739e-13
48.9493857211,2.4085752575,4.887653038570484e-14
48.9542796117,2.4085752575,1.2613055457704858e-14
48.9591735023,2.4085752575,1.6270347190777008e-13
48.9640673929,2.4085752575,4.09599480528005e-12
48.9689612835,2.4085752575,7.324632814016473e-11
48.9738551741,2.4085752575,9.23494152639444e-10
48.9787490647,2.4085752575,8.208932784428382e-09
48.7389484253,2.4134691481,7.361022894483757e-17
48.7438423159,2.4134691481,1.6485066994124367e-15
48.7487362065,2.4134691481,2.8318388803063335e-14
48.7536300971,2.4134691481,3.730591483504066e-13
48.7585239877,2.4134691481,3.7686672631933175e-12
48.7634178783,2.4134691481,2.919364175311051e-11
48.7683117689,2.4134691481,1.73410686718002e-10
48.7732056595,2.4134691481,7.898619711578062e-10
48.7780995501,2.4134691481,2.758795786835975e-09
48.7829934407,2.4134691481,7.3891816370725435e-09
48.7878873313,2.4134691481,1.5178426701274997e-08
48.7927812219,2.4134691481,2.391971006668309e-08
48.7976751125,2.4134691481,2.8953936261616325e-08
48.8025690031,2.4134691481,2.7054236811520288e-08
48.8074628937,2.4134691481,1.999756810681561e-08
48.8123567843,2.4134691481,1.4012913468138009e-08
48.8172506749,2.4134691481,2.8896500027485114e-08
48.8221445655,2.4134691481,2.3096804227490044e-07
48.8270384561,2.4134691481,2.0719030815296748e-06
48.8319323467,2.4134691481,1.6022489836236453e-05
48.8368262373,2.4134691481,8.339353018165026e-05
48.8417201279,2.4134691481,0.00023858016480547407
48.8466140185,2.4134691481,0.0003443608798261369
48.8515079091,2.4134691481,0.00024485814383203513
48.8564017997,2.4134691481,8.662079384540019e-05
48.8612956903,2.4134691481,1.6186679535890185e-05
48.8661895809,2.4134691481,1.967301595513333e-06
48.8710834715,2.4134691481,2.9672174497909915e-07
48.8759773621,2.4134691481,1.1769847725215118e-07
48.8808712527,2.4134691481,7.327465705128856e-08
48.8857651433,2.4134691481,4.511829342341094e-08
48.8906590339,2.4134691481,2.5439720781640113e-08
48.8955529245,2.4134691481,1.3044676976109151e-08
48.9004468151,2.4134691481,6.08038318687208e-09
48.9053407057,2.4134691481,2.576304730829795e-09
48.9102345963,2.4134691481,9.922747311675492e-10
48.9151284869,2.4134691481,3.474041859783909e-10
48.9200223775,2.4134691481,1.10562175693504e-10
48.9249162681,2.4134691481,3.198501213044593e-11
48.9298101587,2.4134691481,8.411140302102119e-12
48.9347040493,2.4134691481,2.010627642124014e-12
48.9395979399,2.4134691481,4.368947588428234e-13
48.9444918305,2.4134691481,8.629596168979771e-14
48.9493857211,2.4134691481,1.549509992022711e-14
48.9542796117,2.4134691481,2.5855897152133454e-15
48.9591735023,2.4134691481,3.2759239076262784e-15
48.9640673929,2.4134691481,1.0460122324286672e-13
48.9689612835,2.4134691481,2.6567414817327198e-12
48.9738551741,2.4134691481,4.7596396115561994e-11
48.9787490647,2.4134691481,6.011792466279533e-10
48.7389484253,2.4183630387,8.263156132054058e-17
48.7438423159,2.4183630387,1.7346170502100538e-15
48.7487362065,2.4183630387,2.7927398371258126e-14
48.7536300971,2.4183630387,3.448022210568364e-13
48.7585239877,2.4183630387,3.264401719067994e-12
48.7634178783,2.4183630387,2.36987030724463e-11
48.7683117689,2.4183630387,1.3192626782488596e-10
48.7732056595,2.4183630387,5.631512356840903e-10
48.7780995501,2.4183630387,1.8433663368614537e-09
48.7829934407,2.4183630387,4.627087839508166e-09
48.7878873313,2.4183630387,8.907647095674469e-09
48.7927812219,2.4183630387,1.3156542652325228e-08
48.7976751125,2.4183630387,1.4929941434487893e-08
48.8025690031,2.4183630387,1.3097132596937095e-08
48.8074628937,2.4183630387,9.211590466969699e-09
48.8123567843,2.4183630387,7.579853821605984e-09
48.8172506749,2.4183630387,3.151413501029584e-08
48.8221445655,2.4183630387,2.998677783828511e-07
48.8270384561,2.4183630387,2.764922394109076e-06
48.8319323467,2.4183630387,1.9891079598924196e-05
48.8368262373,2.4183630387,8.612679998985325e-05
48.8417201279,2.4183630387,0.00019415329111703014
48.8466140185,2.4183630387,0.0002166323297235276
48.8515079091,2.4183630387,0.00011859408974880772
48.8564017997,2.4183630387,3.255859138379494e-05
48.8612956903,2.4183630387,4.891437370814051e-06
48.8661895809,2.4183630387,5.388731985360902e-07
48.8710834715,2.4183630387,9.69816583235525e-08
48.8759773621,2.4183630387,4.6512844974518425e-08
48.8808712527,2.4183630387,2.9596887496500833e-08
48.8857651433,2.4183630387,1.7934181043363652e-08
48.8906590339,2.4183630387,9.913074756400617e-09
48.8955529245,2.4183630387,4.9817729249905515e-09
48.9004468151,2.4183630387,2.2757831377129863e-09
48.9053407057,2.4183630387,9.450315658969904e-10
48.9102345963,2.4183630387,3.567222268411643e-10
48.9151284869,2.4183630387,1.2240028808693957e-10
48.9200223775,2.4183630387,3.817711653776385e-11
48.9249162681,2.4183630387,1.082411060660355e-11
48.9298101587,2.4183630387,2.7896500959006403e-12
48.9347040493,2.4183630387,6.535452453795192e-13
48.9395979399,2.4183630387,1.3917781037583858e-13
48.9444918305,2.4183630387,2.694218131330917e-14
48.9493857211,2.4183630387,4.740938961918465e-15
48.9542796117,2.4183630387,7.58835846692425e-16
48.9591735023,2.4183630387,1.46341225773847e-16
48.9640673929,2.4183630387,1.862288112665419e-15
48.9689612835,2.4183630387,6.671834589991655e-14
48.9738551741,2.4183630387,1.698388607342571e-12
48.9787490647,2.4183630387,3.0482059062557344e-11
48.7389484253,2.4232569293,8.929632266794892e-17
48.7438423159,2.4232569293,1.7569678922074817e-15
48.7487362065,2.4232569293,2.6511164552800774e-14
48.7536300971,2.4232569293,3.0675711200158097e-13
48.7585239877,2.4232569293,2.721760156142746e-12
48.7634178783,2.4232569293,1.8517847111040133e-11
48.7683117689,2.4232569293,9.660861488013487e-11
48.7732056595,2.4232569293,3.8648065227893733e-10
48.7780995501,2.4232569293,1.185584202748317e-09
48.7829934407,2.4232569293,2.7889940748150746e-09
48.7878873313,2.4232569293,5.031850830210737e-09
48.7927812219,2.4232569293,6.965602097796192e-09
48.7976751125,2.4232569293,7.4107543131772225e-09
48.8025690031,2.4232569293,6.108067099677757e-09
48.8074628937,2.4232569293,4.173637001216673e-09
48.8123567843,2.4232569293,5.25542054157672e-09
48.8172506749,2.4232569293,3.8702023604404014e-08
48.8221445655,2.4232569293,3.9700442792175596e-07
48.8270384561,2.4232569293,3.6430815141314883e-06
48.8319323467,2.4232569293,2.3004293664634882e-05
48.8368262373,2.4232569293,8.017246981570705e-05
48.8417201279,2.4232569293,0.00014060689262038024
48.8466140185,2.4232569293,0.00012075113108253955
48.8515079091,2.4232569293,5.0883935289036676e-05
48.8564017997,2.4232569293,1.0900539374417641e-05
48.8612956903,2.4232569293,1.3452997041157528e-06
48.8661895809,2.4232569293,1.432640823226397e-07
48.8710834715,2.4232569293,3.273834286004892e-08
48.8759773621,2.4232569293,1.8069741535566024e-08
48.8808712527,2.4232569293,1.15439673787559e-08
48.8857651433,2.4232569293,6.869399998021544e-09
48.8906590339,2.4232569293,3.7217324717608216e-09
48.8955529245,2.4232569293,1.833039642482242e-09
48.9004468151,2.4232569293,8.206689736967047e-10
48.9053407057,2.4232569293,3.3398934344554826e-10
48.9102345963,2.4232569293,1.2355650636892333e-10
48.9151284869,2.4232569293,4.154961881518215e-11
48.9200223775,2.4232569293,1.270096975727073e-11
48.9249162681,2.4232569293,3.5291907650338423e-12
48.9298101587,2.4232569293,8.914188232967867e-13
48.9347040493,2.4232569293,2.0467126835935972e-13
48.9395979399,2.4232569293,4.2716963682673485e-14
48.9444918305,2.4232569293,8.104239821586559e-15
48.9493857211,2.4232569293,1.3976312849942058e-15
48.9542796117,2.4232569293,2.1910248831342623e-16
48.9591735023,2.4232569293,3.153250621040811e-17
48.9640673929,2.4232569293,2.6652513784450298e-17
48.9689612835,2.4232569293,1.1604348464925746e-15
48.9738551741,2.4232569293,4.195884663100167e-14
48.9787490647,2.4232569293,1.07005884736689e-12
48.7389484253,2.4281508199,9.289295051783966e-17
48.7438423159,2.4281508199,1.713030747046154e-15
48.7487362065,2.4281508199,2.4224851019445867e-14
48.7536300971,2.4281508199,2.6269415014966657e-13
48.7585239877,2.4281508199,2.18436921498918e-12
48.7634178783,2.4281508199,1.3927903455570246e-11
48.7683117689,2.4281508199,6.809722982274076e-11
48.7732056595,2.4281508199,2.553049711375767e-10
48.7780995501,2.4281508199,7.339758494301302e-10
48.7829934407,2.4281508199,1.6181391744208163e-09
48.7878873313,2.4281508199,2.7360311528639616e-09
48.7927812219,2.4281508199,3.5498259683250767e-09
48.7976751125,2.4281508199,3.541094902127953e-09
48.8025690031,2.4281508199,2.7484689414580518e-09
48.8074628937,2.4281508199,1.9501334404894235e-09
48.8123567843,2.4281508199,4.963376049829835e-09
48.8172506749,2.4281508199,4.968667240975299e-08
48.8221445655,2.4281508199,5.326445308080914e-07
48.8270384561,2.4281508199,4.609269542525411e-06
48.8319323467,2.4281508199,2.4304276860394683e-05
48.8368262373,2.4281508199,6.672238158205381e-05
48.8417201279,2.4281508199,9.033801403185805e-05
48.8466140185,2.4281508199,5.9573384311208515e-05
48.8515079091,2.4281508199,1.9348538404723313e-05
48.8564017997,2.4281508199,3.2624756202535625e-06
48.8612956903,2.4281508199,3.410676521518991e-07
48.8661895809,2.4281508199,3.797018193505581e-08
48.8710834715,2.4281508199,1.1327620871980842e-08
48.8759773621,2.4281508199,6.846061925598329e-09
48.8808712527,2.4281508199,4.3430942643306624e-09
48.8857651433,2.4281508199,2.5352713986940416e-09
48.8906590339,2.4281508199,1.346233727452381e-09
48.8955529245,2.4281508199,6.498259300985061e-10
48.9004468151,2.4281508199,2.8512964018691374e-10
48.9053407057,2.4281508199,1.1372504465598426e-10
48.9102345963,2.4281508199,4.1232368280139325e-11
48.9151284869,2.4281508199,1.35890425536672e-11
48.9200223775,2.4281508199,4.071063261890764e-12
48.9249162681,2.4281508199,1.1086520329880675e-12
48.9298101587,2.4281508199,2.7444231777582314e-13
48.9347040493,2.4281508199,6.17554532199814e-14
48.9395979399,2.4281508199,1.2631879156594225e-14
48.9444918305,2.4281508199,2.3487079913259752e-15
48.9493857211,2.4281508199,3.969707453786247e-16
48.9542796117,2.4281508199,6.09896981549304e-17
48.9591735023,2.4281508199,8.519559183072814e-18
48.9640673929,2.4281508199,1.2728507039440687e-18
48.9689612835,2.4281508199,1.408763770702684e-17
48.9738551741,2.4281508199,7.17695082116089e-16
48.9787490647,2.4281508199,2.6007228964073796e-14
48.7389484253,2.4330447105,9.30211548831646e-17
48.7438423159,2.4330447105,1.6076941491496379e-15
48.7487362065,2.4330447105,2.130716740445581e-14
48.7536300971,2.4330447105,2.1653921927957644e-13
48.7585239877,2.4330447105,1.6874534106229186e-12
48.7634178783,2.4330447105,1.0083472633627417e-11
48.7683117689,2.4330447105,4.620318566575878e-11
48.7732056595,2.4330447105,1.623377459812749e-10
48.7780995501,2.4330447105,4.3738080139562667e-10
48.7829934407,2.4330447105,9.036756372203382e-10
48.7878873313,2.4330447105,1.4319995281200528e-09
48.7927812219,2.4330447105,1.7413594927897629e-09
48.7976751125,2.4330447105,1.6290966421143148e-09
48.8025690031,2.4330447105,1.200126290031034e-09
48.8074628937,2.4330447105,1.0569444654653826e-09
48.8123567843,2.4330447105,5.711283300040643e-09
48.8172506749,2.4330447105,6.546261626373116e-08
48.8221445655,2.4330447105,7.110044383437445e-07
48.8270384561,2.4330447105,5.447770980299287e-06
48.8319323467,2.4330447105,2.3145819102287106e-05
48.8368262373,2.4330447105,4.939302283947097e-05
48.8417201279,2.4330447105,5.1392631921614915e-05
48.8466140185,2.4330447105,2.6001192612100772e-05
48.8515079091,2.4330447105,6.527604131680509e-06
48.8564017997,2.4330447105,8.777876288621603e-07
48.8612956903,2.4330447105,8.106755859483619e-08
48.8661895809,2.4330447105,1.028226671285662e-08
48.8710834715,2.4330447105,3.960359767103622e-09
48.8759773621,2.4330447105,2.5162914379166753e-09
48.8808712527,2.4330447105,1.5751484434316752e-09
48.8857651433,2.4330447105,9.015303230243892e-10
48.8906590339,2.4330447105,4.691735010580161e-10
48.8955529245,2.4330447105,2.2195219280192916e-10
48.9004468151,2.4330447105,9.544516399026059e-11
48.9053407057,2.4330447105,3.730927698653738e-11
48.9102345963,2.4330447105,1.3257088380922427e-11
48.9151284869,2.4330447105,4.282012042647873e-12
48.9200223775,2.4330447105,1.2572337507720905e-12
48.9249162681,2.4330447105,3.3554640659545243e-13
48.9298101587,2.4330447105,8.140621590323171e-14
48.9347040493,2.4330447105,1.7952748904540796e-14
48.9395979399,2.4330447105,3.598924700358314e-15
48.9444918305,2.4330447105,6.558174642074301e-16
48.9493857211,2.4330447105,1.0863295900763967e-16
48.9542796117,2.4330447105,1.63571884060304e-17
48.9591735023,2.4330447105,2.2388530957605705e-18
48.9640673929,2.4330447105,2.7967640068306555e-19
48.9689612835,2.4330447105,1.478703508283756e-19
48.9738551741,2.4330447105,8.502166274870029e-18
48.9787490647,2.4330447105,4.3762668993932173e-16
48.7389484253,2.4379386011,8.966498444752134e-17
48.7438423159,2.4379386011,1.4523651705627645e-15
48.7487362065,2.4379386011,1.803937237525985e-14
48.7536300971,2.4379386011,1.7181163346272244e-13
48.7585239877,2.4379386011,1.2547776728391626e-12
48.7634178783,2.4379386011,7.026894760717507e-12
48.7683117689,2.4379386011,3.0174715034344796e-11
48.7732056595,2.4379386011,9.935927568803747e-11
48.7780995501,2.4379386011,2.508800973755012e-10
48.7829934407,2.4379386011,4.857778270754578e-10
48.7878873313,2.4379386011,7.214286371318202e-10
48.7927812219,2.4379386011,8.222584987185226e-10
48.7976751125,2.4379386011,7.219980881507272e-10
48.8025690031,2.4379386011,5.188535521694968e-10
48.8074628937,2.4379386011,7.731410782141549e-10
48.8123567843,2.4379386011,7.1342104974696815e-09
48.8172506749,2.4379386011,8.812721404345224e-08
48.8221445655,2.4379386011,9.165505032100096e-07
48.8270384561,2.4379386011,5.887953446561351e-06
48.8319323467,2.4379386011,1.9700943298154002e-05
48.8368262373,2.4379386011,3.242191781140743e-05
48.8417201279,2.4379386011,2.5858088942940316e-05
48.8466140185,2.4379386011,1.0039478519951648e-05
48.8515079091,2.4379386011,1.9578573651869585e-06
48.8564017997,2.4379386011,2.1406543879001549e-07
48.8612956903,2.4379386011,1.8446881550919174e-08
48.8661895809,2.4379386011,2.891676199184191e-09
48.8710834715,2.4379386011,1.3782680203070882e-09
48.8759773621,2.4379386011,8.943904766346233e-10
48.8808712527,2.4379386011,5.505437658522332e-10
48.8857651433,2.4379386011,3.0887205082317274e-10
48.8906590339,2.4379386011,1.575374678924067e-10
48.8955529245,2.4379386011,7.303971293936463e-11
48.9004468151,2.4379386011,3.078241592243769e-11
48.9053407057,2.4379386011,1.1792741012506033e-11
48.9102345963,2.4379386011,4.106721329720583e-12
48.9151284869,2.4379386011,1.3000023011184435e-12
48.9200223775,2.4379386011,3.740773581251197e-13
48.9249162681,2.4379386011,9.784691508011718e-14
48.9298101587,2.4379386011,2.3264904134232863e-14
48.9347040493,2.4379386011,5.0283304526299046e-15
48.9395979399,2.4379386011,9.87904056657553e-16
48.9444918305,2.4379386011,1.764306932989433e-16
48.9493857211,2.4379386011,2.8641906770583595e-17
48.9542796117,2.4379386011,4.2266679137968335e-18
48.9591735023,2.4379386011,5.669734964827375e-19
48.9640673929,2.4379386011,6.913921158799814e-20
48.9689612835,2.4379386011,8.334410642368724e-21
48.9738551741,2.4379386011,7.045386903300173e-20
48.9787490647,2.4379386011,5.0984950755451425e-18
48.7389484253,2.4428324917,8.319577927245856e-17
48.7438423159,2.4428324917,1.262933367710719e-15
48.7487362065,2.4428324917,1.4701017383648727e-14
48.7536300971,2.4428324917,1.3121938068540492e-13
48.7585239877,2.4428324917,8.981125999079995e-13
48.7634178783,2.4428324917,4.713522499107458e-12
48.7683117689,2.4428324917,1.896894282728519e-11
48.7732056595,2.4428324917,5.853638970593293e-11
48.7780995501,2.4428324917,1.385164084982066e-10
48.7829934407,2.4428324917,2.5135713123537236e-10
48.7878873313,2.4428324917,3.498428531794307e-10
48.7927812219,2.4428324917,3.737571756009082e-10
48.7976751125,2.4428324917,3.08915107108028e-10
48.8025690031,2.4428324917,2.3625638461016885e-10
48.8074628937,2.4428324917,7.648701346978509e-10
48.8123567843,2.4428324917,9.2957765225341e-09
48.8172506749,2.4428324917,1.1907088902187395e-07
48.8221445655,2.4428324917,1.1070119940745762e-06
48.8270384561,2.4428324917,5.736598903282303e-06
48.8319323467,2.4428324917,1.4909367120884437e-05
48.8368262373,2.4428324917,1.8834303724555586e-05
48.8417201279,2.4428324917,1.1499631679787065e-05
48.8466140185,2.4428324917,3.430932589742324e-06
48.8515079091,2.4428324917,5.237965352631936e-07
48.8564017997,2.4428324917,4.7867106873939394e-08
48.8612956903,2.4428324917,4.115407322344481e-09
48.8661895809,2.4428324917,8.473002735425053e-10
48.8710834715,2.4428324917,4.716517954511997e-10
48.8759773621,2.4428324917,3.068676141561964e-10
48.8808712527,2.4428324917,1.8541636443235375e-10
48.8857651433,2.4428324917,1.0195676807474475e-10
48.8906590339,2.4428324917,5.096493938370583e-11
48.8955529245,2.4428324917,2.3157724730800334e-11
48.9004468151,2.4428324917,9.565081754005776e-12
48.9053407057,2.4428324917,3.59128523229207e-12
48.9102345963,2.4428324917,1.2256868511070851e-12
48.9151284869,2.4428324917,3.802573074377766e-13
48.9200223775,2.4428324917,1.0723684406066803e-13
48.9249162681,2.4428324917,2.749026296422489e-14
48.9298101587,2.4428324917,6.4059298451458544e-15
48.9347040493,2.4428324917,1.356918851910747e-15
48.9395979399,2.4428324917,2.6127267301056687e-16
48.9444918305,2.4428324917,4.5730138297351223e-17
48.9493857211,2.4428324917,7.275778266832338e-18
48.9542796117,2.4428324917,1.0522642355947762e-18
48.9591735023,2.4428324917,1.383370718042744e-19
48.9640673929,2.4428324917,1.6531836379045047e-20
48.9689612835,2.4428324917,1.7985376734173747e-21
48.9738551741,2.4428324917,5.728796921843051e-22
48.9787490647,2.4428324917,4.113955307827449e-20
48.7389484253,2.4477263823,7.430427457705957e-17
48.7438423159,2.4477263823,1.057099779920608e-15
48.7487362065,2.4477263823,1.1531957354717469e-14
48.7536300971,2.4477263823,9.646560859317035e-14
48.7585239877,2.4477263823,6.18761998363422e-13
48.7634178783,2.4477263823,3.0433816481069152e-12
48.7683117689,2.4477263823,1.1478144770367478e-11
48.7732056595,2.4477263823,3.31949496367478e-11
48.7780995501,2.4477263823,7.361473100217343e-11
48.7829934407,2.4477263823,1.251910177712397e-10
48.7878873313,2.4477263823,1.6329908451572843e-10
48.7927812219,2.4477263823,1.6357711797796122e-10
48.7976751125,2.4477263823,1.2860119001769621e-10
48.8025690031,2.4477263823,1.299177371077179e-10
48.8074628937,2.4477263823,8.959973446976996e-10
48.8123567843,2.4477263823,1.2523037193005787e-08
48.8172506749,2.4477263823,1.5634300222451238e-07
48.8221445655,2.4477263823,1.2239176802442803e-06
48.8270384561,2.4477263823,4.993805565402892e-06
48.8319323467,2.4477263823,1.0000322429301075e-05
48.8368262373,2.4477263823,9.671358908717138e-06
48.8417201279,2.4477263823,4.519191132338558e-06
48.8466140185,2.4477263823,1.038847483891363e-06
48.8515079091,2.4477263823,1.2563602539157694e-07
48.8564017997,2.4477263823,9.964982438288923e-09
48.8612956903,2.4477263823,9.227615020333989e-10
48.8661895809,2.4477263823,2.562351109294953e-10
48.8710834715,2.4477263823,1.5735361525126948e-10
48.8759773621,2.4477263823,1.015336022485168e-10
48.8808712527,2.4477263823,6.016747741565478e-11
48.8857651433,2.4477263823,3.242585457237796e-11
48.8906590339,2.4477263823,1.588533549247388e-11
48.8955529245,2.4477263823,7.074079368960973e-12
48.9004468151,2.4477263823,2.863596887591512e-12
48.9053407057,2.4477263823,1.05371278484065e-12
48.9102345963,2.4477263823,3.5245285371637417e-13
48.9151284869,2.4477263823,1.071638301243777e-13
48.9200223775,2.4477263823,2.9618552993512786e-14
48.9249162681,2.4477263823,7.441283686297878e-15
48.9298101587,2.4477263823,1.6994183366013626e-15
48.9347040493,2.4477263823,3.5279396912817773e-16
48.9395979399,2.4477263823,6.657488409932403e-17
48.9444918305,2.4477263823,1.1420052482649346e-17
48.9493857211,2.4477263823,1.7807140881793833e-18
48.9542796117,2.4477263823,2.523996240226368e-19
48.9591735023,2.4477263823,3.252008160754207e-20
48.9640673929,2.4477263823,3.808754381713606e-21
48.9689612835,2.4477263823,4.0549981557506017e-22
48.9738551741,2.4477263823,4.0796505326236074e-23
48.9787490647,2.4477263823,2.3310404211004514e-22
48.7389484253,2.4526202729,6.387903315672105e-17
48.7438423159,2.4526202729,8.516900815559648e-16
48.7487362065,2.4526202729,8.707388343153815e-15
48.7536300971,2.4526202729,6.826151356121336e-14
48.7585239877,2.4526202729,4.1034125010244086e-13
48.7634178783,2.4526202729,1.8914543248755966e-12
48.7683117689,2.4526202729,6.685422020022414e-12
48.7732056595,2.4526202729,1.8119517061551783e-11
48.7780995501,2.4526202729,3.765795307537157e-11
48.7829934407,2.4526202729,6.001830465123115e-11
48.7878873313,2.4526202729,7.337261200718106e-11
48.7927812219,2.4526202729,6.898519086406258e-11
48.7976751125,2.4526202729,5.347697173840658e-11
48.8025690031,2.4526202729,9.892987121880313e-11
48.8074628937,2.4526202729,1.1396068414119937e-09
48.8123567843,2.4526202729,1.7107375266725523e-08
48.8172506749,2.4526202729,1.9294773236905432e-07
48.8221445655,2.4526202729,1.2198768218075587e-06
48.8270384561,2.4526202729,3.863525964469981e-06
48.8319323467,2.4526202729,5.9336031067874834e-06
48.8368262373,2.4526202729,4.386870637240331e-06
48.8417201279,2.4526202729,1.5695439753786529e-06
48.8466140185,2.4526202729,2.7920493971126244e-07
48.8515079091,2.4526202729,2.7223444792378008e-08
48.8564017997,2.4526202729,1.9672718404479153e-09
48.8612956903,2.4526202729,2.1278234661391283e-10
48.8661895809,2.4526202729,7.864982394175643e-11
48.8710834715,2.4526202729,5.0904642996412064e-11
48.8759773621,2.4526202729,3.238091167959535e-11
48.8808712527,2.4526202729,1.881138819451041e-11
48.8857651433,2.4526202729,9.935832397765042e-12
48.8906590339,2.4526202729,4.770440538115933e-12
48.8955529245,2.4526202729,2.082002180617744e-12
48.9004468151,2.4526202729,8.259852424638707e-13
48.9053407057,2.4526202729,2.9787346006078246e-13
48.9102345963,2.4526202729,9.764718917392129e-14
48.9151284869,2.4526202729,2.909752813476564e-14
48.9200223775,2.4526202729,7.8817174393704e-15
48.9249162681,2.4526202729,1.9406804903721137e-15
48.9298101587,2.4526202729,4.343658091476738e-16
48.9347040493,2.4526202729,8.83742293364694e-17
48.9395979399,2.4526202729,1.6344214774319344e-17
48.9444918305,2.4526202729,2.747710009022049e-18
48.9493857211,2.4526202729,4.1990026140579176e-19
48.9542796117,2.4526202729,5.832970881339717e-20
48.9591735023,2.4526202729,7.365494099372906e-21
48.9640673929,2.4526202729,8.454391940642169e-22
48.9689612835,2.4526202729,8.821274838323684e-23
48.9738551741,2.4526202729,8.370822066037517e-24
48.9787490647,2.4526202729,1.6092461174408024e-24
48.7389484253,2.4575141635,5.286078016475318e-17
48.7438423159,2.4575141635,6.605058537092056e-16
48.7487362065,2.4575141635,6.3285141279856745e-15
48.7536300971,2.4575141635,4.649519041511156e-14
48.7585239877,2.4575141635,2.6193607447967123e-13
48.7634178783,2.4575141635,1.1315241688425778e-12
48.7683117689,2.4575141635,3.748128435784142e-12
48.7732056595,2.4575141635,9.520279757395616e-12
48.7780995501,2.4575141635,1.8542878660668895e-11
48.7829934407,2.4575141635,2.7696418026029906e-11
48.7878873313,2.4575141635,3.173638872021631e-11
48.7927812219,2.4575141635,2.8117110627691766e-11
48.7976751125,2.4575141635,2.3962711287319578e-11
48.8025690031,2.4575141635,1.0080330023325346e-10
48.8074628937,2.4575141635,1.5291691071926474e-09
48.8123567843,2.4575141635,2.2870654771595262e-08
48.8172506749,2.4575141635,2.1820213385249074e-07
48.8221445655,2.4575141635,1.0859874386563085e-06
48.8270384561,2.4575141635,2.6481335068303954e-06
48.8319323467,2.4575141635,3.1107750301705727e-06
48.8368262373,2.4575141635,1.7571161809002985e-06
48.8417201279,2.4575141635,4.819787154387384e-07
48.8466140185,2.4575141635,6.680510357669998e-08
48.8515079091,2.4575141635,5.387304669010775e-09
48.8564017997,2.4575141635,3.75795769450777e-10
48.8612956903,2.4575141635,5.1306681501868054e-11
48.8661895809,2.4575141635,2.4082687305449766e-11
48.8710834715,2.4575141635,1.5918633032475613e-11
48.8759773621,2.4575141635,9.951442099549161e-12
48.8808712527,2.4575141635,5.6665688298661564e-12
48.8857651433,2.4575141635,2.9332857681292124e-12
48.8906590339,2.4575141635,1.3802501239041888e-12
48.8955529245,2.4575141635,5.903772896306144e-13
48.9004468151,2.4575141635,2.2954609302952284e-13
48.9053407057,2.4575141635,8.112945934779371e-14
48.9102345963,2.4575141635,2.6064876558351108e-14
48.9151284869,2.4575141635,7.612042024299358e-15
48.9200223775,2.4575141635,2.0207616728901034e-15
48.9249162681,2.4575141635,4.876378740476134e-16
48.9298101587,2.4575141635,1.0696659622450392e-16
48.9347040493,2.4575141635,2.1328844975605427e-17
48.9395979399,2.4575141635,3.865938252258232e-18
48.9444918305,2.4575141635,6.369581555291608e-19
48.9493857211,2.4575141635,9.539712935296512e-20
48.9542796117,2.4575141635,1.2987576662556966e-20
48.9591735023,2.4575141635,1.6072719150062212e-21
48.9640673929,2.4575141635,1.8080856612566237e-22
48.9689612835,2.4575141635,1.8489154976039925e-23
48.9738551741,2.4575141635,1.7186425118504966e-24
48.9787490647,2.4575141635,1.4759414254565917e-25
48.7389484253,2.4624080541,4.210548144258618e-17
48.7438423159,2.4624080541,4.930611987863867e-16
48.7487362065,2.4624080541,4.427354907554244e-15
48.7536300971,2.4624080541,3.048377413621779e-14
48.7585239877,2.4624080541,1.6094369355534425e-13
48.7634178783,2.4624080541,6.515688120943139e-13
48.7683117689,2.4624080541,2.0226864505517627e-12
48.7732056595,2.4624080541,4.814833357470774e-12
48.7780995501,2.4624080541,8.788729806012331e-12
48.7829934407,2.4624080541,1.2302573086759859e-11
48.7878873313,2.4624080541,1.321858600395604e-11
48.7927812219,2.4624080541,1.1190201748031269e-11
48.7976751125,2.4624080541,1.3452578920351579e-11
48.8025690031,2.4624080541,1.2145261170627133e-10
48.8074628937,2.4624080541,2.1085584207633185e-09
48.8123567843,2.4624080541,2.8836474256038456e-08
48.8172506749,2.4624080541,2.224605005913064e-07
48.8221445655,2.4624080541,8.588772056808873e-07
48.8270384561,2.4624080541,1.6050351961875774e-06
48.8319323467,2.4624080541,1.4400032056179318e-06
48.8368262373,2.4624080541,6.214227578776817e-07
48.8417201279,2.4624080541,1.3098775455151466e-07
48.8466140185,2.4624080541,1.429624225609286e-08
48.8515079091,2.4624080541,9.878699484744604e-10
48.8564017997,2.4624080541,7.088998349363596e-11
48.8612956903,2.4624080541,1.2995816323327699e-11
48.8661895809,2.4624080541,7.255518538644223e-12
48.8710834715,2.4624080541,4.803821810030921e-12
48.8759773621,2.4624080541,2.9468213850553737e-12
48.8808712527,2.4624080541,1.6445906349947756e-12
48.8857651433,2.4624080541,8.343374342289067e-13
48.8906590339,2.4624080541,3.8476389639191905e-13
48.8955529245,2.4624080541,1.6129292459364284e-13
48.9004468151,2.4624080541,6.146172335706565e-14
48.9053407057,2.4624080541,2.1289357967762438e-14
48.9102345963,2.4624080541,6.70330236485924e-15
48.9151284869,2.4624080541,1.9185957083728604e-15
48.9200223775,2.4624080541,4.991677765652625e-16
48.9249162681,2.4624080541,1.1805327222291723e-16
48.9298101587,2.4624080541,2.537920016416727e-17
48.9347040493,2.4624080541,4.9595953792180384e-18
48.9395979399,2.4624080541,8.810143383396403e-19
48.9444918305,2.4624080541,1.4226174138873634e-19
48.9493857211,2.4624080541,2.0881499328415526e-20
48.9542796117,2.4624080541,2.7861445894068853e-21
48.9591735023,2.4624080541,3.3792010938373533e-22
48.9640673929,2.4624080541,3.7255709415522726e-23
48.9689612835,2.4624080541,3.733705436588412e-24
48.9738551741,2.4624080541,3.4013842322752846e-25
48.9787490647,2.4624080541,2.817134855004463e-26
48.7389484253,2.4673019447,3.2282932686317606e-17
48.7438423159,2.4673019447,3.542858346636498e-16
48.7487362065,2.4673019447,2.9813675211374887e-15
48.7536300971,2.4673019447,1.923791205545622e-14
48.7585239877,2.4673019447,9.5187750077929e-14
48.7634178783,2.4673019447,3.6114796489923435e-13
48.7683117689,2.4673019447,1.050681520990317e-12
48.7732056595,2.4673019447,2.343911699579521e-12
48.7780995501,2.4673019447,4.0096257995145215e-12
48.7829934407,2.4673019447,5.260336288731417e-12
48.7878873313,2.4673019447,5.3076158270872465e-12
48.7927812219,2.4673019447,4.495764585572496e-12
48.7976751125,2.4673019447,1.0700274349564208e-11
48.8025690031,2.4673019447,1.6071731741023132e-10
48.8074628937,2.4673019447,2.86858828679276e-09
48.8123567843,2.4673019447,3.3352751640684476e-08
48.8172506749,2.4673019447,2.02509973704728e-07
48.8221445655,2.4673019447,6.015551999973143e-07
48.8270384561,2.4673019447,8.592710569525265e-07
48.8319323467,2.4673019447,5.883469061608e-07
48.8368262373,2.4673019447,1.9408113781613736e-07
48.8417201279,2.4673019447,3.1555526348678104e-08
48.8466140185,2.4673019447,2.7556638408794937e-09
48.8515079091,2.4673019447,1.7081043264381894e-10
48.8564017997,2.4673019447,1.3479218565203001e-11
48.8612956903,2.4673019447,3.4248957806396064e-12
48.8661895809,2.4673019447,2.130779518204043e-12
48.8710834715,2.4673019447,1.3977402156840851e-12
48.8759773621,2.4673019447,8.407603312092731e-13
48.8808712527,2.4673019447,4.598678534980903e-13
48.8857651433,2.4673019447,2.286474185280561e-13
48.8906590339,2.4673019447,1.0333990176530966e-13
48.8955529245,2.4673019447,4.245591463944542e-14
48.9004468151,2.4673019447,1.585538429305425e-14
48.9053407057,2.4673019447,5.382496523519338e-15
48.9102345963,2.4673019447,1.6609599378786026e-15
48.9151284869,2.4673019447,4.659110074383496e-16
48.9200223775,2.4673019447,1.1879966028829517e-16
48.9249162681,2.4673019447,2.7535682197618572e-17
48.9298101587,2.4673019447,5.801561449283309e-18
48.9347040493,2.4673019447,1.1111235864002463e-18
48.9395979399,2.4673019447,1.9344087630588081e-19
48.9444918305,2.4673019447,3.0612764411080935e-20
48.9493857211,2.4673019447,4.40377642053576e-21
48.9542796117,2.4673019447,5.758593044759298e-22
48.9591735023,2.4673019447,6.845039034819584e-23
48.9640673929,2.4673019447,7.396118894998512e-24
48.9689612835,2.4673019447,7.2644084171533205e-25
48.9738551741,2.4673019447,6.485822158696481e-26
48.9787490647,2.4673019447,5.263791757210449e-27
