LATITUDE,LONGITUDE,probability
48.7389484253,2.2275013053,3.7370509535259985e-43
48.7438423159,2.2275013053,6.750256095646204e-39
48.7487362065,2.2275013053,6.962456165849045e-35
48.7536300971,2.2275013053,4.10067822122695e-31
48.7585239877,2.2275013053,1.379113160099653e-27
48.7634178783,2.2275013053,2.6484702993536035e-24
48.7683117689,2.2275013053,2.904298861133081e-21
48.7732056595,2.2275013053,1.8186054796857506e-18
48.7780995501,2.2275013053,6.502594605492073e-16
48.7829934407,2.2275013053,1.3276568999016557e-13
48.7878873313,2.2275013053,1.5478755063236762e-11
48.7927812219,2.2275013053,1.0304743687556719e-09
48.7976751125,2.2275013053,3.917322793681052e-08
48.8025690031,2.2275013053,8.50339885972026e-07
48.8074628937,2.2275013053,1.0540153637652767e-05
48.8123567843,2.2275013053,7.460263615321645e-05
48.8172506749,2.2275013053,0.0003015323101016834
48.8221445655,2.2275013053,0.0006963719483457859
48.8270384561,2.2275013053,0.0009263032544818043
48.8319323467,2.2275013053,0.000807621000501039
48.8368262373,2.2275013053,0.0014490006342681582
48.8417201279,2.2275013053,0.006251494460086381
48.8466140185,2.2275013053,0.014052161479799975
48.8515079091,2.2275013053,0.015621703681751612
48.8564017997,2.2275013053,0.01561194310386683
48.8612956903,2.2275013053,0.016368936580475994
48.8661895809,2.2275013053,0.013115823972157445
48.8710834715,2.2275013053,0.007353474993765096
48.8759773621,2.2275013053,0.002866059101042644
48.8808712527,2.2275013053,0.0007763932699131913
48.8857651433,2.2275013053,0.00014617754100745454
48.8906590339,2.2275013053,1.91285377020086e-05
48.8955529245,2.2275013053,1.739743085666419e-06
48.9004468151,2.2275013053,1.0997417064913034e-07
48.9053407057,2.2275013053,4.831683748574321e-09
48.9102345963,2.2275013053,1.4753957691900095e-10
48.9151284869,2.2275013053,3.1312720079006357e-12
48.9200223775,2.2275013053,4.618865182043734e-14
48.9249162681,2.2275013053,4.735349135497682e-16
48.9298101587,2.2275013053,3.3742010192334978e-18
48.9347040493,2.2275013053,1.6710603250879743e-20
48.9395979399,2.2275013053,5.751955699723954e-23
48.9444918305,2.2275013053,1.3760720235170536e-25
48.9493857211,2.2275013053,2.2880685244630204e-28
48.9542796117,2.2275013053,2.644229321353459e-31
48.9591735023,2.2275013053,2.123887139162276e-34
48.9640673929,2.2275013053,1.1856758714012043e-37
48.9689612835,2.2275013053,4.600475873267516e-41
48.9738551741,2.2275013053,1.2406285219516494e-44
48.9787490647,2.2275013053,2.3253214283758515e-48
48.7389484253,2.2323951959,2.1909617008816096e-47
48.7438423159,2.2323951959,6.780984524241417e-43
48.7487362065,2.2323951959,1.1983997725006616e-38
48.7536300971,2.2323951959,1.2093769221475465e-34
48.7585239877,2.2323951959,6.969034741976701e-31
48.7634178783,2.2323951959,2.2931611502259595e-27
48.7683117689,2.2323951959,4.308712481490826e-24
48.7732056595,2.2323951959,4.6228675144000905e-21
48.7780995501,2.2323951959,2.832216007437185e-18
48.7829934407,2.2323951959,9.90814359707445e-16
48.7878873313,2.2323951959,1.9792889707261212e-13
48.7927812219,2.2323951959,2.2577565525453157e-11
48.7976751125,2.2323951959,1.4706049388956191e-09
48.8025690031,2.2323951959,5.469731678253192e-08
48.8074628937,2.2323951959,1.1616842973528154e-06
48.8123567843,2.2323951959,1.4088734746929097e-05
48.8172506749,2.2323951959,9.758849836701748e-05
48.8221445655,2.2323951959,0.00038659667327343495
48.8270384561,2.2323951959,0.0008842730328954224
48.8319323467,2.2323951959,0.0012714777015798927
48.8368262373,2.2323951959,0.0021959788902505316
48.8417201279,2.2323951959,0.007705143747888078
48.8466140185,2.2323951959,0.01623994307628538
48.8515079091,2.2323951959,0.014594484330533428
48.8564017997,2.2323951959,0.011581391795907468
48.8612956903,2.2323951959,0.01485700967926786
48.8661895809,2.2323951959,0.016364314411869262
48.8710834715,2.2323951959,0.012672331873634549
48.8759773621,2.2323951959,0.006822234754226757
48.8808712527,2.2323951959,0.00255270247824398
48.8857651433,2.2323951959,0.000663859200414478
48.8906590339,2.2323951959,0.00011999246790323613
48.8955529245,2.2323951959,1.507419820118572e-05
48.9004468151,2.2323951959,1.3161842372965633e-06
48.9053407057,2.2323951959,7.987325404164816e-08
48.9102345963,2.2323951959,3.36890139018327e-09
48.9151284869,2.2323951959,9.875917395286826e-11
48.9200223775,2.2323951959,2.0121892610043477e-12
48.9249162681,2.2323951959,2.849459138185767e-14
48.9298101587,2.2323951959,2.8045182380671503e-16
48.9347040493,2.2323951959,1.918475830698509e-18
48.9395979399,2.2323951959,9.121297573367778e-21
48.9444918305,2.2323951959,3.0141103273973993e-23
48.9493857211,2.2323951959,6.922514819958475e-26
48.9542796117,2.2323951959,1.105021865889615e-28
48.9591735023,2.2323951959,1.2259706634368222e-31
48.9640673929,2.2323951959,9.453475709120061e-35
48.9689612835,2.2323951959,5.066466504310515e-38
48.9738551741,2.2323951959,1.8872136427332622e-41
48.9787490647,2.2323951959,4.885839402083276e-45
48.7389484253,2.2372890865,7.45449682054704e-52
48.7438423159,2.2372890865,3.9531474495851356e-47
48.7487362065,2.2372890865,1.1970677018417534e-42
48.7536300971,2.2372890865,2.0698811627778457e-38
48.7585239877,2.2372890865,2.0437280516858583e-34
48.7634178783,2.2372890865,1.1522634693147309e-30
48.7683117689,2.2372890865,3.709637510891825e-27
48.7732056595,2.2372890865,6.819650979122584e-24
48.7780995501,2.2372890865,7.158859124820276e-21
48.7829934407,2.2372890865,4.291177503445489e-18
48.7878873313,2.2372890865,1.468791524693883e-15
48.7927812219,2.2372890865,2.870747675189334e-13
48.7976751125,2.2372890865,3.203924805998778e-11
48.8025690031,2.2372890865,2.0418780890076438e-09
48.8074628937,2.2372890865,7.431540639669437e-08
48.8123567843,2.2372890865,1.545311592040993e-06
48.8172506749,2.2372890865,1.8388739890786447e-05
48.8221445655,2.2372890865,0.0001258953801892902
48.8270384561,2.2372890865,0.0005048046392337694
48.8319323467,2.2372890865,0.0012872473018567315
48.8368262373,2.2372890865,0.003067896926968813
48.8417201279,2.2372890865,0.00991217298911383
48.8466140185,2.2372890865,0.02002876047230415
48.8515079091,2.2372890865,0.015558597847195665
48.8564017997,2.2372890865,0.007333488032701006
48.8612956903,2.2372890865,0.009050438507901418
48.8661895809,2.2372890865,0.013550909214411903
48.8710834715,2.2372890865,0.014491825584897292
48.8759773621,2.2372890865,0.010776305491530356
48.8808712527,2.2372890865,0.005569552812451345
48.8857651433,2.2372890865,0.002000658634412641
48.8906590339,2.2372890865,0.0004994912533254972
48.8955529245,2.2372890865,8.667323589289044e-05
48.9004468151,2.2372890865,1.0453082134580615e-05
48.9053407057,2.2372890865,8.762054360014702e-07
48.9102345963,2.2372890865,5.1046944536993937e-08
48.9151284869,2.2372890865,2.066977691849164e-09
48.9200223775,2.2372890865,5.8170668578763646e-11
48.9249162681,2.2372890865,1.1378225843687138e-12
48.9298101587,2.2372890865,1.5468466909500243e-14
48.9347040493,2.2372890865,1.4615787629071356e-16
48.9395979399,2.2372890865,9.598412360821783e-19
48.9444918305,2.2372890865,4.381056078339107e-21
48.9493857211,2.2372890865,1.3898260551182556e-23
48.9542796117,2.2372890865,3.064391962315547e-26
48.9591735023,2.2372890865,4.696025088290838e-29
48.9640673929,2.2372890865,5.001712570426453e-32
48.9689612835,2.2372890865,3.702621185586737e-35
48.9738551741,2.2372890865,1.9050310611061845e-38
48.9787490647,2.2372890865,6.812351824603873e-42
48.7389484253,2.2421829771,1.4719052104063128e-56
48.7438423159,2.2421829771,1.3374300086761706e-51
48.7487362065,2.2421829771,6.93926490654065e-47
48.7536300971,2.2421829771,2.0559232562308035e-42
48.7585239877,2.2421829771,3.478174227685363e-38
48.7634178783,2.2421829771,3.3600579217748257e-34
48.7683117689,2.2421829771,1.8535026459581607e-30
48.7732056595,2.2421829771,5.838359221022087e-27
48.7780995501,2.2421829771,1.0501237248920659e-23
48.7829934407,2.2421829771,1.0785668525160889e-20
48.7878873313,2.2421829771,6.326057356661174e-18
48.7927812219,2.2421829771,2.1192697929791496e-15
48.7976751125,2.2421829771,4.057811336572512e-13
48.8025690031,2.2421829771,4.448542210882973e-11
48.8074628937,2.2421829771,2.8030135581628657e-09
48.8123567843,2.2421829771,1.0215337672184676e-07
48.8172506749,2.2421829771,2.168432623409548e-06
48.8221445655,2.2421829771,2.6947038607685237e-05
48.8270384561,2.2421829771,0.00019888119535520113
48.8319323467,2.2421829771,0.0009236424532840146
48.8368262373,2.2421829771,0.0033235519460586864
48.8417201279,2.2421829771,0.011715779982508561
48.8466140185,2.2421829771,0.02393221921984144
48.8515079091,2.2421829771,0.018023434059748517
48.8564017997,2.2421829771,0.005454105784011579
48.8612956903,2.2421829771,0.0038372676679262144
48.8661895809,2.2421829771,0.007450514832084356
48.8710834715,2.2421829771,0.010997496327195273
48.8759773621,2.2421829771,0.01129574451246694
48.8808712527,2.2421829771,0.008063844442935512
48.8857651433,2.2421829771,0.004001028958171491
48.8906590339,2.2421829771,0.0013797597678068848
48.8955529245,2.2421829771,0.0003307025078720773
48.9004468151,2.2421829771,5.509012122083241e-05
48.9053407057,2.2421829771,6.378406536094507e-06
48.9102345963,2.2421829771,5.132782868426029e-07
48.9151284869,2.2421829771,2.8707529372976767e-08
48.9200223775,2.2421829771,1.1159403255007157e-09
48.9249162681,2.2421829771,3.015007200100443e-11
48.9298101587,2.2421829771,5.661584117118542e-13
48.9347040493,2.2421829771,7.389070383260795e-15
48.9395979399,2.2421829771,6.702608778666679e-17
48.9444918305,2.2421829771,4.225714650569167e-19
48.9493857211,2.2421829771,1.8516491143849394e-21
48.9542796117,2.2421829771,5.639225286097676e-24
48.9591735023,2.2421829771,1.1936649083870322e-26
48.9640673929,2.2421829771,1.7560935053114094e-29
48.9689612835,2.2421829771,1.7956226516813616e-32
48.9738551741,2.2421829771,1.2761000994495377e-35
48.9787490647,2.2421829771,6.303135424810829e-39
48.7389484253,2.2470768677,1.686633434264004e-61
48.7438423159,2.2470768677,2.6258944512387746e-56
48.7487362065,2.2470768677,2.334464488533109e-51
48.7536300971,2.2470768677,1.1850997565100722e-46
48.7585239877,2.2470768677,3.435659829157917e-42
48.7634178783,2.2470768677,5.689772094973045e-38
48.7683117689,2.2470768677,5.389792159697268e-34
48.7732056595,2.2470768677,2.9329412315995654e-30
48.7780995501,2.2470768677,9.274337449113957e-27
48.7829934407,2.2470768677,1.744621267390844e-23
48.7878873313,2.2470768677,2.0140811424294025e-20
48.7927812219,2.2470768677,1.4474012050980526e-17
48.7976751125,2.2470768677,6.297875287268866e-15
48.8025690031,2.2470768677,1.5664315623101476e-12
48.8074628937,2.2470768677,2.1090375208422447e-10
48.8123567843,2.2470768677,1.4837898543713394e-08
48.8172506749,2.2470768677,5.374971453198173e-07
48.8221445655,2.2470768677,1.0213031642921633e-05
48.8270384561,2.2470768677,0.00010925926270174628
48.8319323467,2.2470768677,0.0006864868241929015
48.8368262373,2.2470768677,0.002983194387854592
48.8417201279,2.2470768677,0.011987633175720176
48.8466140185,2.2470768677,0.026137127484888438
48.8515079091,2.2470768677,0.020398886786819094
48.8564017997,2.2470768677,0.005496997029495189
48.8612956903,2.2470768677,0.001412018801485244
48.8661895809,2.2470768677,0.0027363618814104525
48.8710834715,2.2470768677,0.0055391647597873165
48.8759773621,2.2470768677,0.007857126890290968
48.8808712527,2.2470768677,0.0077475733887802925
48.8857651433,2.2470768677,0.005309725691283075
48.8906590339,2.2470768677,0.0025291859150885234
48.8955529245,2.2470768677,0.0008373203637221375
48.9004468151,2.2470768677,0.0001926658668401061
48.9053407057,2.2470768677,3.0812017556980686e-05
48.9102345963,2.2470768677,3.424819763660244e-06
48.9151284869,2.2470768677,2.6458031787423127e-07
48.9200223775,2.2470768677,1.4206253997245862e-08
48.9249162681,2.2470768677,5.30156200537159e-10
48.9298101587,2.2470768677,1.3750875294875271e-11
48.9347040493,2.2470768677,2.4789003591677503e-13
48.9395979399,2.2470768677,3.10591828708498e-15
48.9444918305,2.2470768677,2.7047255879481377e-17
48.9493857211,2.2470768677,1.6370374775674988e-19
48.9542796117,2.2470768677,6.886463706002894e-22
48.9591735023,2.2470768677,2.013428131912302e-24
48.9640673929,2.2470768677,4.091459251673831e-27
48.9689612835,2.2470768677,5.7785989806426984e-30
48.9738551741,2.2470768677,5.672429559960543e-33
48.9787490647,2.2470768677,3.870061753065055e-36
48.7389484253,2.2519707583,1.352853861067416e-66
48.7438423159,2.2519707583,5.821755769508507e-61
48.7487362065,2.2519707583,2.16504000810843e-55
48.7536300971,2.2519707583,5.492232824550334e-50
48.7585239877,2.2519707583,7.694927265471039e-45
48.7634178783,2.2519707583,5.501069127165438e-40
48.7683117689,2.2519707583,1.960771279693006e-35
48.7732056595,2.2519707583,3.4610483906167664e-31
48.7780995501,2.2519707583,3.019013234703442e-27
48.7829934407,2.2519707583,1.3004120889506619e-23
48.7878873313,2.2519707583,2.7652702768065786e-20
48.7927812219,2.2519707583,2.9026225134062956e-17
48.7976751125,2.2519707583,1.5039350086516352e-14
48.8025690031,2.2519707583,3.846508397906551e-12
48.8074628937,2.2519707583,4.85689274990661e-10
48.8123567843,2.2519707583,3.029887040487368e-08
48.8172506749,2.2519707583,9.409542122686378e-07
48.8221445655,2.2519707583,1.525960209531711e-05
48.8270384561,2.2519707583,0.0001424581251061113
48.8319323467,2.2519707583,0.0007433543165883459
48.8368262373,2.2519707583,0.002601661005183665
48.8417201279,2.2519707583,0.010721290262203701
48.8466140185,2.2519707583,0.025286328338019144
48.8515079091,2.2519707583,0.021129308924236076
48.8564017997,2.2519707583,0.006292794015703501
48.8612956903,2.2519707583,0.0010679767917343495
48.8661895809,2.2519707583,0.0007767325937416394
48.8710834715,2.2519707583,0.0018645588492848763
48.8759773621,2.2519707583,0.0036276738285607488
48.8808712527,2.2519707583,0.004939629721805334
48.8857651433,2.2519707583,0.004675997275390503
48.8906590339,2.2519707583,0.0030765198482104023
48.8955529245,2.2519707583,0.0014068490645498335
48.9004468151,2.2519707583,0.0004471338212839239
48.9053407057,2.2519707583,9.877107142723913e-05
48.9102345963,2.2519707583,1.5164365271873433e-05
48.9151284869,2.2519707583,1.6181580480440505e-06
48.9200223775,2.2519707583,1.20010671754082e-07
48.9249162681,2.2519707583,6.186158231380109e-09
48.9298101587,2.2519707583,2.2162788931396656e-10
48.9347040493,2.2519707583,5.518614085367904e-12
48.9395979399,2.2519707583,9.550758600129104e-14
48.9444918305,2.2519707583,1.1488092925165426e-15
48.9493857211,2.2519707583,9.604178873064022e-18
48.9542796117,2.2519707583,5.580521280822967e-20
48.9591735023,2.2519707583,2.253676238504091e-22
48.9640673929,2.2519707583,6.325727965792335e-25
48.9689612835,2.2519707583,1.23404707095035e-27
48.9738551741,2.2519707583,1.673228172189396e-30
48.9787490647,2.2519707583,1.5768153510368457e-33
48.7389484253,2.2568646489,7.852541812967239e-66
48.7438423159,2.2568646489,8.089049547879832e-60
48.7487362065,2.2568646489,4.1126269818220906e-54
48.7536300971,2.2568646489,1.0319904543460538e-48
48.7585239877,2.2568646489,1.2781050688574564e-43
48.7634178783,2.2568646489,7.812534444370756e-39
48.7683117689,2.2568646489,2.3569579879687282e-34
48.7732056595,2.2568646489,3.5095080709281036e-30
48.7780995501,2.2568646489,2.579141430272854e-26
48.7829934407,2.2568646489,9.35488774525865e-23
48.7878873313,2.2568646489,1.6746980672723786e-19
48.7927812219,2.2568646489,1.4796840373545768e-16
48.7976751125,2.2568646489,6.45261919620527e-14
48.8025690031,2.2568646489,1.3887947792962887e-11
48.8074628937,2.2568646489,1.4753350051121628e-09
48.8123567843,2.2568646489,7.742937407842332e-08
48.8172506749,2.2568646489,2.032455569726423e-06
48.8221445655,2.2568646489,2.8515341940712843e-05
48.8270384561,2.2568646489,0.0002323609630805304
48.8319323467,2.2568646489,0.0009645007799261052
48.8368262373,2.2568646489,0.0023618554763475746
48.8417201279,2.2568646489,0.008762753919168155
48.8466140185,2.2568646489,0.021693813847989397
48.8515079091,2.2568646489,0.019222330244282302
48.8564017997,2.2568646489,0.0067109512722435555
48.8612956903,2.2568646489,0.0017657312485636072
48.8661895809,2.2568646489,0.0006260257742928123
48.8710834715,2.2568646489,0.0005202859233057891
48.8759773621,2.2568646489,0.001124356220466567
48.8808712527,2.2568646489,0.002090809570848731
48.8857651433,2.2568646489,0.0027326496716886025
48.8906590339,2.2568646489,0.0024833648170152676
48.8955529245,2.2568646489,0.0015685741355461907
48.9004468151,2.2568646489,0.0006886078184254986
48.9053407057,2.2568646489,0.00021010727039546086
48.9102345963,2.2568646489,4.455664073059425e-05
48.9151284869,2.2568646489,6.567287497454469e-06
48.9200223775,2.2568646489,6.727626084725994e-07
48.9249162681,2.2568646489,4.790048283902675e-08
48.9298101587,2.2568646489,2.3703919578365697e-09
48.9347040493,2.2568646489,8.152722635336353e-11
48.9395979399,2.2568646489,1.9488903190000082e-12
48.9444918305,2.2568646489,3.2379814593693176e-14
48.9493857211,2.2568646489,3.7390695676859637e-16
48.9542796117,2.2568646489,3.0009237588881146e-18
48.9591735023,2.2568646489,1.673973608897405e-20
48.9640673929,2.2568646489,6.489996763435827e-23
48.9689612835,2.2568646489,1.7488098152783578e-25
48.9738551741,2.2568646489,3.2752383648808242e-28
48.9787490647,2.2568646489,4.263295849947037e-31
48.7389484253,2.2617585395,2.5344733172424294e-64
48.7438423159,2.2617585395,2.197514339595135e-58
48.7487362065,2.2617585395,9.403947963611335e-53
48.7536300971,2.2617585395,1.9862011190113418e-47
48.7585239877,2.2617585395,2.0704785349212846e-42
48.7634178783,2.2617585395,1.0652529558367092e-37
48.7683117689,2.2617585395,2.7050124526379415e-33
48.7732056595,2.2617585395,3.3901607762174226e-29
48.7780995501,2.2617585395,2.0970357108803027e-25
48.7829934407,2.2617585395,6.40215025960538e-22
48.7878873313,2.2617585395,9.646736253884276e-19
48.7927812219,2.2617585395,7.17413347044383e-16
48.7976751125,2.2617585395,2.633255579321359e-13
48.8025690031,2.2617585395,4.770367676913585e-11
48.8074628937,2.2617585395,4.265620090519578e-09
48.8123567843,2.2617585395,1.8863687111551362e-07
48.8172506749,2.2617585395,4.213706186850937e-06
48.8221445655,2.2617585395,5.197185178023363e-05
48.8270384561,2.2617585395,0.00037153748610229206
48.8319323467,2.2617585395,0.0012379278874385608
48.8368262373,2.2617585395,0.0021368931155088433
48.8417201279,2.2617585395,0.006683219673576743
48.8466140185,2.2617585395,0.016875296071081677
48.8515079091,2.2617585395,0.015311575102841058
48.8564017997,2.2617585395,0.00583843028217044
48.8612956903,2.2617585395,0.0024755649627594143
48.8661895809,2.2617585395,0.0013960109264665398
48.8710834715,2.2617585395,0.0005676732877751026
48.8759773621,2.2617585395,0.00033260406559253896
48.8808712527,2.2617585395,0.0005995847594027014
48.8857651433,2.2617585395,0.001060583019816833
48.8906590339,2.2617585395,0.0013302522494270392
48.8955529245,2.2617585395,0.001160551892587646
48.9004468151,2.2617585395,0.0007037332501217038
48.9053407057,2.2617585395,0.0002965883474885455
48.9102345963,2.2617585395,8.687650312353239e-05
48.9151284869,2.2617585395,1.7686944289363496e-05
48.9200223775,2.2617585395,2.5026810920190195e-06
48.9249162681,2.2617585395,2.4612767294850005e-07
48.9298101587,2.2617585395,1.6823548605699305e-08
48.9347040493,2.2617585395,7.992396065935558e-10
48.9395979399,2.2617585395,2.6389952954003786e-11
48.9444918305,2.2617585395,6.056231435413065e-13
48.9493857211,2.2617585395,9.659808986825112e-15
48.9542796117,2.2617585395,1.0708702237565802e-16
48.9591735023,2.2617585395,8.251014978901508e-19
48.9640673929,2.2617585395,4.4185536918850284e-21
48.9689612835,2.2617585395,1.644580461554148e-23
48.9738551741,2.2617585395,4.254341463433787e-26
48.9787490647,2.2617585395,7.649125581366066e-29
48.7389484253,2.2666524301,7.774101902457583e-63
48.7438423159,2.2666524301,5.673497220311152e-57
48.7487362065,2.2666524301,2.0435532982196094e-51
48.7536300971,2.2666524301,3.632918014388429e-46
48.7585239877,2.2666524301,3.187569996725604e-41
48.7634178783,2.2666524301,1.3803790801959601e-36
48.7683117689,2.2666524301,2.9503362321445356e-32
48.7732056595,2.2666524301,3.112283583111439e-28
48.7780995501,2.2666524301,1.6203965741841056e-24
48.7829934407,2.2666524301,4.163877805396137e-21
48.7878873313,2.2666524301,5.280914560123556e-18
48.7927812219,2.2666524301,3.305634340969269e-15
48.7976751125,2.2666524301,1.0212569219752556e-12
48.8025690031,2.2666524301,1.5572266312155036e-10
48.8074628937,2.2666524301,1.17216664847816e-08
48.8123567843,2.2666524301,4.3723496135576586e-07
48.8172506749,2.2666524301,8.367671328764394e-06
48.8221445655,2.2666524301,9.166668537724548e-05
48.8270384561,2.2666524301,0.000568186070339951
48.8319323467,2.2666524301,0.0015056520587280711
48.8368262373,2.2666524301,0.0018571027605402523
48.8417201279,2.2666524301,0.004716430898847811
48.8466140185,2.2666524301,0.01204628292783891
48.8515079091,2.2666524301,0.011001932832665333
48.8564017997,2.2666524301,0.004045455877122056
48.8612956903,2.2666524301,0.0022178847497969414
48.8661895809,2.2666524301,0.0021602502569450835
48.8710834715,2.2666524301,0.0013656266020718657
48.8759773621,2.2666524301,0.0005210608274439061
48.8808712527,2.2666524301,0.0002103988151474287
48.8857651433,2.2666524301,0.0002845963149718351
48.8906590339,2.2666524301,0.0004736308637219747
48.8955529245,2.2666524301,0.0005698342530522883
48.9004468151,2.2666524301,0.00047725059598619467
48.9053407057,2.2666524301,0.00027782337856373593
48.9102345963,2.2666524301,0.00011240714330146195
48.9151284869,2.2666524301,3.160976553615086e-05
48.9200223775,2.2666524301,6.1780421483983655e-06
48.9249162681,2.2666524301,8.392332609610333e-07
48.9298101587,2.2666524301,7.923494067607601e-08
48.9347040493,2.2666524301,5.199397427603905e-09
48.9395979399,2.2666524301,2.371327410247449e-10
48.9444918305,2.2666524301,7.516787211679857e-12
48.9493857211,2.2666524301,1.6560567669458792e-13
48.9542796117,2.2666524301,2.535831611940736e-15
48.9591735023,2.2666524301,2.698782167774926e-17
48.9640673929,2.2666524301,1.9962617286930709e-19
48.9689612835,2.2666524301,1.0262882535033272e-21
48.9738551741,2.2666524301,3.667106003101259e-24
48.9787490647,2.2666524301,9.107093564662448e-27
48.7389484253,2.2715463207,2.2661963468391733e-61
48.7438423159,2.2715463207,1.392049810577017e-55
48.7487362065,2.2715463207,4.22033107124167e-50
48.7536300971,2.2715463207,6.314991528989186e-45
48.7585239877,2.2715463207,4.6637313855401e-40
48.7634178783,2.2715463207,1.6999212006689564e-35
48.7683117689,2.2715463207,3.0581484067651464e-31
48.7732056595,2.2715463207,2.7153313221944686e-27
48.7780995501,2.2715463207,1.189930528700987e-23
48.7829934407,2.2715463207,2.5736820266401212e-20
48.7878873313,2.2715463207,2.7474049586345985e-17
48.7927812219,2.2715463207,1.4475213289505006e-14
48.7976751125,2.2715463207,3.764106039702206e-12
48.8025690031,2.2715463207,4.831019004360872e-10
48.8074628937,2.2715463207,3.061570280358667e-08
48.8123567843,2.2715463207,9.650511830954891e-07
48.8172506749,2.2715463207,1.5971251977592976e-05
48.8221445655,2.2715463207,0.00015645185178825763
48.8270384561,2.2715463207,0.0008256477133912108
48.8319323467,2.2715463207,0.0017206266238720342
48.8368262373,2.2715463207,0.001538836273076036
48.8417201279,2.2715463207,0.003051509896406945
48.8466140185,2.2715463207,0.007859969956139396
48.8515079091,2.2715463207,0.007282427845503807
48.8564017997,2.2715463207,0.0024291787665846063
48.8612956903,2.2715463207,0.0012267726564754867
48.8661895809,2.2715463207,0.0019594235495277554
48.8710834715,2.2715463207,0.002115676900641725
48.8759773621,2.2715463207,0.001310487980658216
48.8808712527,2.2715463207,0.00047520255018798435
48.8857651433,2.2715463207,0.000139641271656081
48.8906590339,2.2715463207,0.00012224392603292516
48.8955529245,2.2715463207,0.00018635116753690556
48.9004468151,2.2715463207,0.00021480223938138106
48.9053407057,2.2715463207,0.00017269770995924857
48.9102345963,2.2715463207,9.65133095535396e-05
48.9151284869,2.2715463207,3.7487927324600384e-05
48.9200223775,2.2715463207,1.012040538124978e-05
48.9249162681,2.2715463207,1.8989197763535258e-06
48.9298101587,2.2715463207,2.476381521026078e-07
48.9347040493,2.2715463207,2.2445574214629984e-08
48.9395979399,2.2715463207,1.4139892716665661e-09
48.9444918305,2.2715463207,6.191041810605216e-11
48.9493857211,2.2715463207,1.8840116679782216e-12
48.9542796117,2.2715463207,3.984792100282076e-14
48.9591735023,2.2715463207,5.857738443321574e-16
48.9640673929,2.2715463207,5.9848946837859926e-18
48.9689612835,2.2715463207,4.2499642579801365e-20
48.9738551741,2.2715463207,2.097569074183807e-22
48.9787490647,2.2715463207,7.195309731646808e-25
48.7389484253,2.2764402113,6.27812042038271e-60
48.7438423159,2.2764402113,3.245962551672982e-54
48.7487362065,2.2764402113,8.283080343442017e-49
48.7536300971,2.2764402113,1.0432172219305894e-43
48.7585239877,2.2764402113,6.484733418923182e-39
48.7634178783,2.2764402113,1.9895003140300176e-34
48.7683117689,2.2764402113,3.0125232126136344e-30
48.7732056595,2.2764402113,2.2513929264374445e-26
48.7780995501,2.2764402113,8.304370132910642e-23
48.7829934407,2.2764402113,1.5118078764286792e-19
48.7878873313,2.2764402113,1.3583791747691801e-16
48.7927812219,2.2764402113,6.023930230388395e-14
48.7976751125,2.2764402113,1.318480127745904e-11
48.8025690031,2.2764402113,1.424346694009251e-09
48.8074628937,2.2764402113,7.601755471063574e-08
48.8123567843,2.2764402113,2.0312372729085252e-06
48.8172506749,2.2764402113,2.941534866540214e-05
48.8221445655,2.2764402113,0.00025782432697598993
48.8270384561,2.2764402113,0.0011336557031687363
48.8319323467,2.2764402113,0.0018404925397475398
48.8368262373,2.2764402113,0.001217337800347399
48.8417201279,2.2764402113,0.0018087625476468849
48.8466140185,2.2764402113,0.004660013603270659
48.8515079091,2.2764402113,0.004426315143980811
48.8564017997,2.2764402113,0.0013922368122770848
48.8612956903,2.2764402113,0.0004446521861664045
48.8661895809,2.2764402113,0.0010332613702475162
48.8710834715,2.2764402113,0.0019097635677394343
48.8759773621,2.2764402113,0.002023194899332859
48.8808712527,2.2764402113,0.0012248494587263732
48.8857651433,2.2764402113,0.00042797202493448816
48.8906590339,2.2764402113,0.00010082846695661489
48.8955529245,2.2764402113,4.952742846475139e-05
48.9004468151,2.2764402113,6.474351534735763e-05
48.9053407057,2.2764402113,7.125878228798512e-05
48.9102345963,2.2764402113,5.499026390888526e-05
48.9151284869,2.2764402113,2.9502807977870312e-05
48.9200223775,2.2764402113,1.1001366677453693e-05
48.9249162681,2.2764402113,2.851229888316e-06
48.9298101587,2.2764402113,5.135941398620319e-07
48.9347040493,2.2764402113,6.429987270307008e-08
48.9395979399,2.2764402113,5.595029684335223e-09
48.9444918305,2.2764402113,3.3837393773387007e-10
48.9493857211,2.2764402113,1.422307972039971e-11
48.9542796117,2.2764402113,4.1552064999442774e-13
48.9591735023,2.2764402113,8.437111869225956e-15
48.9640673929,2.2764402113,1.1906859579655236e-16
48.9689612835,2.2764402113,1.1678925412136636e-18
48.9738551741,2.2764402113,7.961790875253579e-21
48.9787490647,2.2764402113,3.772427274251193e-23
48.7389484253,2.2813341019,1.652899881542827e-58
48.7438423159,2.2813341019,7.193115520871015e-53
48.7487362065,2.2813341019,1.544977030049729e-47
48.7536300971,2.2813341019,1.637802478769983e-42
48.7585239877,2.2813341019,8.569106225270386e-38
48.7634178783,2.2813341019,2.2128095354187782e-33
48.7683117689,2.2813341019,2.820246359271176e-29
48.7732056595,2.2813341019,1.7740447292660355e-25
48.7780995501,2.2813341019,5.507780056878979e-22
48.7829934407,2.2813341019,8.439624380861509e-19
48.7878873313,2.2813341019,6.38269588679283e-16
48.7927812219,2.2813341019,2.38242752640088e-13
48.7976751125,2.2813341019,4.389048787386499e-11
48.8025690031,2.2813341019,3.9910739120642675e-09
48.8074628937,2.2813341019,1.7948443189007153e-07
48.8123567843,2.2813341019,4.086090213902402e-06
48.8172506749,2.2813341019,5.2467788470404125e-05
48.8221445655,2.2813341019,0.00040845228398372506
48.8270384561,2.2813341019,0.0014635067470077153
48.8319323467,2.2813341019,0.0018388354325466396
48.8368262373,2.2813341019,0.0009209393685367592
48.8417201279,2.2813341019,0.0009867174176596352
48.8466140185,2.2813341019,0.0025047299962997595
48.8515079091,2.2813341019,0.0024486220786314726
48.8564017997,2.2813341019,0.0007692833872324854
48.8612956903,2.2813341019,0.00013184623335005908
48.8661895809,2.2813341019,0.0003171234148575587
48.8710834715,2.2813341019,0.001000605757661688
48.8759773621,2.2813341019,0.001816170034231698
48.8808712527,2.2813341019,0.0018824441065553677
48.8857651433,2.2813341019,0.001114466532594665
48.8906590339,2.2813341019,0.00037831551991819335
48.8955529245,2.2813341019,7.841499008733927e-05
48.9004468151,2.2813341019,2.0716980415690276e-05
48.9053407057,2.2813341019,2.000325535377757e-05
48.9102345963,2.2813341019,2.0809263333953517e-05
48.9151284869,2.2813341019,1.5408035411688114e-05
48.9200223775,2.2813341019,7.935920233435835e-06
48.9249162681,2.2813341019,2.840923533614372e-06
48.9298101587,2.2813341019,7.068451014800611e-07
48.9347040493,2.2813341019,1.222337663337109e-07
48.9395979399,2.2813341019,1.4691304603303832e-08
48.9444918305,2.2813341019,1.2272463847924374e-09
48.9493857211,2.2813341019,7.12533664724888e-11
48.9542796117,2.2813341019,2.8752872807950004e-12
48.9591735023,2.2813341019,8.064163543917122e-14
48.9640673929,2.2813341019,1.5719532971064957e-15
48.9689612835,2.2813341019,2.1297183830331793e-17
48.9738551741,2.2813341019,2.0054274201426935e-19
48.9787490647,2.2813341019,1.3124837842082726e-21
48.7389484253,2.2862279925,4.135692648239983e-57
48.7438423159,2.2862279925,1.5148700015121124e-51
48.7487362065,2.2862279925,2.7386528219027283e-46
48.7536300971,2.2862279925,2.4436167905027916e-41
48.7585239877,2.2862279925,1.0761274908587844e-36
48.7634178783,2.2862279925,2.338992648673038e-32
48.7683117689,2.2862279925,2.5091607935245004e-28
48.7732056595,2.2862279925,1.3285032900781706e-24
48.7780995501,2.2862279925,3.471612799987323e-21
48.7829934407,2.2862279925,4.477488024029709e-18
48.7878873313,2.2862279925,2.8501787006981497e-15
48.7927812219,2.2862279925,8.954560466819956e-13
48.7976751125,2.2862279925,1.3885220239733715e-10
48.8025690031,2.2862279925,1.0628608297419067e-08
48.8074628937,2.2862279925,4.0319769413933974e-07
48.8123567843,2.2862279925,7.880628977214908e-06
48.8172506749,2.2862279925,9.084524337464371e-05
48.8221445655,2.2862279925,0.0006184229268153807
48.8270384561,2.2862279925,0.0017691366154646347
48.8319323467,2.2862279925,0.0017145821216250831
48.8368262373,2.2862279925,0.0006670416247704162
48.8417201279,2.2862279925,0.0004994610436869553
48.8466140185,2.2862279925,0.0012201172674040507
48.8515079091,2.2862279925,0.001227958767681967
48.8564017997,2.2862279925,0.00039530749170806154
48.8612956903,2.2862279925,4.603336457192894e-05
48.8661895809,2.2862279925,5.715141611787019e-05
48.8710834715,2.2862279925,0.0003042527669402859
48.8759773621,2.2862279925,0.0009462041090212674
48.8808712527,2.2862279925,0.001680371240275582
48.8857651433,2.2862279925,0.0017040434299510265
48.8906590339,2.2862279925,0.0009868531875007213
48.8955529245,2.2862279925,0.00032681324080969805
48.9004468151,2.2862279925,6.32734676528141e-05
48.9053407057,2.2862279925,1.0183513796936055e-05
48.9102345963,2.2862279925,5.625354027118373e-06
48.9151284869,2.2862279925,5.3540143036916505e-06
48.9200223775,2.2862279925,3.799112428200855e-06
48.9249162681,2.2862279925,1.8784052669793123e-06
48.9298101587,2.2862279925,6.455503896154006e-07
48.9347040493,2.2862279925,1.5419630331355275e-07
48.9395979399,2.2862279925,2.5598824283196347e-08
48.9444918305,2.2862279925,2.953713072686801e-09
48.9493857211,2.2862279925,2.3687477757100845e-10
48.9542796117,2.2862279925,1.3202967747549139e-11
48.9591735023,2.2862279925,5.114774999987054e-13
48.9640673929,2.2862279925,1.3771578869447004e-14
48.9689612835,2.2862279925,2.5771705626306246e-16
48.9738551741,2.2862279925,3.35200624380621e-18
48.9787490647,2.2862279925,3.030181932051714e-20
48.7389484253,2.2911218831,9.834103248269482e-56
48.7438423159,2.2911218831,3.031925294816512e-50
48.7487362065,2.2911218831,4.613565961741017e-45
48.7536300971,2.2911218831,3.46489020659164e-40
48.7585239877,2.2911218831,1.2843302924941605e-35
48.7634178783,2.2911218831,2.349624596639508e-31
48.7683117689,2.2911218831,2.121557168683575e-27
48.7732056595,2.2911218831,9.454651023839781e-24
48.7780995501,2.2911218831,2.0795567338544715e-20
48.7829934407,2.2911218831,2.2575144984714277e-17
48.7878873313,2.2911218831,1.2095527937320538e-14
48.7927812219,2.2911218831,3.198553933518857e-12
48.7976751125,2.2911218831,4.174667004637753e-10
48.8025690031,2.2911218831,2.6903467749626904e-08
48.8074628937,2.2911218831,8.625774079076641e-07
48.8123567843,2.2911218831,1.4631476429897007e-05
48.8172506749,2.2911218831,0.00015268371654183496
48.8221445655,2.2911218831,0.0008891336873446874
48.8270384561,2.2911218831,0.0019962895234299756
48.8319323467,2.2911218831,0.0014925276415417806
48.8368262373,2.2911218831,0.0004629863182293928
48.8417201279,2.2911218831,0.0002374919993536447
48.8466140185,2.2911218831,0.0005387762472391906
48.8515079091,2.2911218831,0.0005577568192014863
48.8564017997,2.2911218831,0.0001850384788519392
48.8612956903,2.2911218831,1.9764802843584347e-05
48.8661895809,2.2911218831,6.396479202538128e-06
48.8710834715,2.2911218831,5.369219353158643e-05
48.8759773621,2.2911218831,0.0002860831589154224
48.8808712527,2.2911218831,0.0008705204235014265
48.8857651433,2.2911218831,0.0015125746041092661
48.8906590339,2.2911218831,0.0015007451247715346
48.8955529245,2.2911218831,0.0008502813299648022
48.9004468151,2.2911218831,0.0002752110421579263
48.9053407057,2.2911218831,5.12402240660336e-05
48.9102345963,2.2911218831,6.2285776887595475e-06
48.9151284869,2.2911218831,1.550832772143982e-06
48.9200223775,2.2911218831,1.2178148499037536e-06
48.9249162681,2.2911218831,8.243926743701859e-07
48.9298101587,2.2911218831,3.91237446988989e-07
48.9347040493,2.2911218831,1.2907985546022343e-07
48.9395979399,2.2911218831,2.959929476717766e-08
48.9444918305,2.2911218831,4.717441643377989e-09
48.9493857211,2.2911218831,5.225573234410071e-10
48.9542796117,2.2911218831,4.0231253959495356e-11
48.9591735023,2.2911218831,2.1527590733264933e-12
48.9640673929,2.2911218831,8.006256800546776e-14
48.9689612835,2.2911218831,2.0695019126453664e-15
48.9738551741,2.2911218831,3.717957120835691e-17
48.9787490647,2.2911218831,4.642427710908796e-19
48.7389484253,2.2960157737,2.22231732397758e-54
48.7438423159,2.2960157737,5.766953206379612e-49
48.7487362065,2.2960157737,7.386203834033603e-44
48.7536300971,2.2960157737,4.669072900459737e-39
48.7585239877,2.2960157737,1.4567147792835887e-34
48.7634178783,2.2960157737,2.2431220437867275e-30
48.7683117689,2.2960157737,1.7047699659186516e-26
48.7732056595,2.2960157737,6.39459690289363e-23
48.7780995501,2.2960157737,1.1838456038802988e-19
48.7829934407,2.2960157737,1.0817115423334472e-16
48.7878873313,2.2960157737,4.878231078137522e-14
48.7927812219,2.2960157737,1.0857953243768384e-11
48.7976751125,2.2960157737,1.192835055201254e-09
48.8025690031,2.2960157737,6.473683926557691e-08
48.8074628937,2.2960157737,1.7601363650656412e-06
48.8123567843,2.2960157737,2.627198273712332e-05
48.8172506749,2.2960157737,0.00024838399630653415
48.8221445655,2.2960157737,0.0012064593521089412
48.8270384561,2.2960157737,0.0020981289026742378
48.8319323467,2.2960157737,0.0012145875934319362
48.8368262373,2.2960157737,0.00030821943005503465
48.8417201279,2.2960157737,0.00010788589739664698
48.8466140185,2.2960157737,0.0002157724917162634
48.8515079091,2.2960157737,0.0002294333865848845
48.8564017997,2.2960157737,7.849644023561844e-05
48.8612956903,2.2960157737,8.506620873605859e-06
48.8661895809,2.2960157737,6.343507091014009e-07
48.8710834715,2.2960157737,5.500765555948044e-06
48.8759773621,2.2960157737,5.01969832114727e-05
48.8808712527,2.2960157737,0.00026171640830548784
48.8857651433,2.2960157737,0.0007791756599149662
48.8906590339,2.2960157737,0.0013246185689301043
48.8955529245,2.2960157737,0.0012858718179489886
48.9004468151,2.2960157737,0.0007127869393514889
48.9053407057,2.2960157737,0.00022564655703879478
48.9102345963,2.2960157737,4.087362345727532e-05
48.9151284869,2.2960157737,4.395951543352871e-06
48.9200223775,2.2960157737,5.023898653630601e-07
48.9249162681,2.2960157737,2.4831357253493865e-07
48.9298101587,2.2960157737,1.5750321711438677e-07
48.9347040493,2.2960157737,7.17059543436279e-08
48.9395979399,2.2960157737,2.271143653599098e-08
48.9444918305,2.2960157737,4.999728930200916e-09
48.9493857211,2.2960157737,7.649811704105013e-10
48.9542796117,2.2960157737,8.134994500860956e-11
48.9591735023,2.2960157737,6.01265119812338e-12
48.9640673929,2.2960157737,3.088708945954392e-13
48.9689612835,2.2960157737,1.1027833230949404e-14
48.9738551741,2.2960157737,2.7365640805655394e-16
48.9787490647,2.2960157737,4.719796600341763e-18
48.7389484253,2.3009096643,4.772678502724747e-53
48.7438423159,2.3009096643,1.0424594224925569e-47
48.7487362065,2.3009096643,1.1238041802785706e-42
48.7536300971,2.3009096643,5.979386582825976e-38
48.7585239877,2.3009096643,1.570207788643984e-33
48.7634178783,2.3009096643,2.0351298635806808e-29
48.7683117689,2.3009096643,1.3018520534002694e-25
48.7732056595,2.3009096643,4.110225440065324e-22
48.7780995501,2.3009096643,6.404779147590395e-19
48.7829934407,2.3009096643,4.925804599718706e-16
48.7878873313,2.3009096643,1.8697550344302344e-13
48.7927812219,2.3009096643,3.5028963783521086e-11
48.7976751125,2.3009096643,3.2391785031383633e-09
48.8025690031,2.3009096643,1.4812709990528364e-07
48.8074628937,2.3009096643,3.434159316913419e-06
48.8123567843,2.3009096643,4.581720298783153e-05
48.8172506749,2.3009096643,0.0003890105721307992
48.8221445655,2.3009096643,0.0015367257155459314
48.8270384561,2.3009096643,0.0020512693269031214
48.8319323467,2.3009096643,0.0009261784359865877
48.8368262373,2.3009096643,0.00019696902310729583
48.8417201279,2.3009096643,4.777097797935518e-05
48.8466140185,2.3009096643,7.844017499125032e-05
48.8515079091,2.3009096643,8.547075564247308e-05
48.8564017997,2.3009096643,3.0157488287105163e-05
48.8612956903,2.3009096643,3.36614832129885e-06
48.8661895809,2.3009096643,1.3066450078301817e-07
48.8710834715,2.3009096643,3.2804064647926684e-07
48.8759773621,2.3009096643,5.111412606539721e-06
48.8808712527,2.3009096643,4.566260787864995e-05
48.8857651433,2.3009096643,0.00023293345719407744
48.8906590339,2.3009096643,0.0006785065251675368
48.8955529245,2.3009096643,0.001128566590189319
48.9004468151,2.3009096643,0.001071893027788134
48.9053407057,2.3009096643,0.0005813367824529991
48.9102345963,2.3009096643,0.00018004022476925455
48.9151284869,2.3009096643,3.185579890092565e-05
48.9200223775,2.3009096643,3.2504092888477517e-06
48.9249162681,2.3009096643,2.3173342451615846e-07
48.9298101587,2.3009096643,4.809449501912579e-08
48.9347040493,2.3009096643,2.654689283085334e-08
48.9395979399,2.3009096643,1.1565259338263626e-08
48.9444918305,2.3009096643,3.516324890176694e-09
48.9493857211,2.3009096643,7.431376335369517e-10
48.9542796117,2.3009096643,1.0915726510170524e-10
48.9591735023,2.3009096643,1.1143927562989072e-11
48.9640673929,2.3009096643,7.907262265599017e-13
48.9689612835,2.3009096643,3.8995656413262605e-14
48.9738551741,2.3009096643,1.3366218469538533e-15
48.9787490647,2.3009096643,3.184220279872e-17
48.7389484253,2.3058035549,9.740989818164114e-52
48.7438423159,2.3058035549,1.7908396084702593e-46
48.7487362065,2.3058035549,1.6249679452718369e-41
48.7536300971,2.3058035549,7.2772519435115126e-37
48.7585239877,2.3058035549,1.6085128268742602e-32
48.7634178783,2.3058035549,1.7547536379786954e-28
48.7683117689,2.3058035549,9.44805210664871e-25
48.7732056595,2.3058035549,2.5107467740966507e-21
48.7780995501,2.3058035549,3.293047932878233e-18
48.7829934407,2.3058035549,2.1317079090352677e-15
48.7878873313,2.3058035549,6.810701741618047e-13
48.7927812219,2.3058035549,1.0739697311464346e-10
48.7976751125,2.3058035549,8.359872395270649e-09
48.8025690031,2.3058035549,3.224749497619994e-07
48.8074628937,2.3058035549,6.4290650751930156e-06
48.8123567843,2.3058035549,7.781122435808627e-05
48.8172506749,2.3058035549,0.0005825107670704983
48.8221445655,2.3058035549,0.0018295276694527687
48.8270384561,2.3058035549,0.0018646325542114334
48.8319323467,2.3058035549,0.0006639410003128723
48.8368262373,2.3058035549,0.00012090632113560281
48.8417201279,2.3058035549,2.1006611569473918e-05
48.8466140185,2.3058035549,2.592319547410275e-05
48.8515079091,2.3058035549,2.8835861550709685e-05
48.8564017997,2.3058035549,1.0492341257315174e-05
48.8612956903,2.3058035549,1.20782318740874e-06
48.8661895809,2.3058035549,4.41861075105972e-08
48.8710834715,2.3058035549,1.1773332280507653e-08
48.8759773621,2.3058035549,3.020535559462579e-07
48.8808712527,2.3058035549,4.623471890622789e-06
48.8857651433,2.3058035549,4.0411607308185725e-05
48.8906590339,2.3058035549,0.00020169494798513802
48.8955529245,2.3058035549,0.0005748240230690724
48.9004468151,2.3058035549,0.0009354612356771364
48.9053407057,2.3058035549,0.0008692960361165129
48.9102345963,2.3058035549,0.00046127599946912875
48.9151284869,2.3058035549,0.0001397681964768019
48.9200223775,2.3058035549,2.418569456273002e-05
48.9249162681,2.3058035549,2.395103851949237e-06
48.9298101587,2.3058035549,1.4222165161240272e-07
48.9347040493,2.3058035549,1.0807794301375425e-08
48.9395979399,2.3058035549,3.987159768308801e-09
48.9444918305,2.3058035549,1.6419250142167246e-09
48.9493857211,2.3058035549,4.790644932084648e-10
48.9542796117,2.3058035549,9.719631337773201e-11
48.9591735023,2.3058035549,1.3706047703668577e-11
48.9640673929,2.3058035549,1.343312292228948e-12
48.9689612835,2.3058035549,9.150481940518261e-14
48.9738551741,2.3058035549,4.332246665426441e-15
48.9787490647,2.3058035549,1.4255570837507137e-16
48.7389484253,2.3106974455,1.8894212644847524e-50
48.7438423159,2.3106974455,2.923741846517666e-45
48.7487362065,2.3106974455,2.2329744501488585e-40
48.7536300971,2.3106974455,8.417109738549952e-36
48.7585239877,2.3106974455,1.5659458136716357e-31
48.7634178783,2.3106974455,1.437887724816822e-27
48.7683117689,2.3106974455,6.516399887767398e-24
48.7732056595,2.3106974455,1.4575551093488983e-20
48.7780995501,2.3106974455,1.6090766999168198e-17
48.7829934407,2.3106974455,8.767242387852026e-15
48.7878873313,2.3106974455,2.3576744421131828e-12
48.7927812219,2.3106974455,3.12927130037271e-10
48.7976751125,2.3106974455,2.050715333521772e-08
48.8025690031,2.3106974455,6.685883676445565e-07
48.8074628937,2.3106974455,1.160190560606516e-05
48.8123567843,2.3106974455,0.0001286610404952706
48.8172506749,2.3106974455,0.000827914316282869
48.8221445655,2.3106974455,0.0020291684738360806
48.8270384561,2.3106974455,0.0015765063000295922
48.8319323467,2.3106974455,0.00044923879295518055
48.8368262373,2.3106974455,7.129702134870956e-05
48.8417201279,2.3106974455,9.27234290010639e-06
48.8466140185,2.3106974455,7.80908997049495e-06
48.8515079091,2.3106974455,8.810748819853276e-06
48.8564017997,2.3106974455,3.3058276889087603e-06
48.8612956903,2.3106974455,3.9249408085526057e-07
48.8661895809,2.3106974455,1.4731831422184443e-08
48.8710834715,2.3106974455,4.0022355559753217e-10
48.8759773621,2.3106974455,1.0359225473801553e-08
48.8808712527,2.3106974455,2.7167738117820756e-07
48.8857651433,2.3106974455,4.068723014419912e-06
48.8906590339,2.3106974455,3.479475342738491e-05
48.8955529245,2.3106974455,0.00016991056896948278
48.9004468151,2.3106974455,0.00047378141258614835
48.9053407057,2.3106974455,0.0007543738694505035
48.9102345963,2.3106974455,0.0006858770216924856
48.9151284869,2.3106974455,0.0003560876565641181
48.9200223775,2.3106974455,0.0001055648376617135
48.9249162681,2.3106974455,1.7870772618141164e-05
48.9298101587,2.3106974455,1.7282807310761535e-06
48.9347040493,2.3106974455,9.639704939555165e-08
48.9395979399,2.3106974455,3.881289293895752e-09
48.9444918305,2.3106974455,5.623355777143783e-10
48.9493857211,2.3106974455,2.0548856552830935e-10
48.9542796117,2.3106974455,5.7434538946732346e-11
48.9591735023,2.3106974455,1.1186347528224818e-11
48.9640673929,2.3106974455,1.5143613878796462e-12
48.9689612835,2.3106974455,1.4248639181466868e-13
48.9738551741,2.3106974455,9.317930879507418e-15
48.9787490647,2.3106974455,4.2351403645862483e-16
48.7389484253,2.3155913361,3.482886393500859e-49
48.7438423159,2.3155913361,4.536345838752133e-44
48.7487362065,2.3155913361,2.916134223926748e-39
48.7536300971,2.3155913361,9.252164981334044e-35
48.7585239877,2.3155913361,1.4488176637073286e-30
48.7634178783,2.3155913361,1.1197436320095887e-26
48.7683117689,2.3155913361,4.2712793464064675e-23
48.7732056595,2.3155913361,8.041403514780373e-20
48.7780995501,2.3155913361,7.472058104401341e-17
48.7829934407,2.3155913361,3.4267556046270264e-14
48.7878873313,2.3155913361,7.756408554416096e-12
48.7927812219,2.3155913361,8.665292903031839e-10
48.7976751125,2.3155913361,4.7820608416815896e-08
48.8025690031,2.3155913361,1.322313023282798e-06
48.8074628937,2.3155913361,2.0288731167985677e-05
48.8123567843,2.3155913361,0.0002063971177556977
48.8172506749,2.3155913361,0.0011093685183299236
48.8221445655,2.3155913361,0.002091859484087144
48.8270384561,2.3155913361,0.0012412009465597622
48.8319323467,2.3155913361,0.0002882069412678243
48.8368262373,2.3155913361,4.0369469586359156e-05
48.8417201279,2.3155913361,4.103928567680272e-06
48.8466140185,2.3155913361,2.1544581371794845e-06
48.8515079091,2.3155913361,2.438230252733226e-06
48.8564017997,2.3155913361,9.43231934846461e-07
48.8612956903,2.3155913361,1.1550305082093244e-07
48.8661895809,2.3155913361,4.4705336176442995e-09
48.8710834715,2.3155913361,5.7307608712716926e-11
48.8759773621,2.3155913361,2.0636750101506798e-10
48.8808712527,2.3155913361,9.264383022307305e-09
48.8857651433,2.3155913361,2.3773212706961333e-07
48.8906590339,2.3155913361,3.48345540932348e-06
48.8955529245,2.3155913361,2.9146313260423717e-05
48.9004468151,2.3155913361,0.00013925410110915507
48.9053407057,2.3155913361,0.000379912299078941
48.9102345963,2.3155913361,0.0005918473479687365
48.9151284869,2.3155913361,0.0005264862733962275
48.9200223775,2.3155913361,0.0002674332508995998
48.9249162681,2.3155913361,7.757019478798699e-05
48.9298101587,2.3155913361,1.2847758106463723e-05
48.9347040493,2.3155913361,1.2151972372999925e-06
48.9395979399,2.3155913361,6.575072111715535e-08
48.9444918305,2.3155913361,2.128040976529599e-09
48.9493857211,2.3155913361,9.380811266815189e-11
48.9542796117,2.3155913361,2.287728619934191e-11
48.9591735023,2.3155913361,6.060558653309085e-12
48.9640673929,2.3155913361,1.1328863079277861e-12
48.9689612835,2.3155913361,1.47232787485452e-13
48.9738551741,2.3155913361,1.3299260137168238e-14
48.9787490647,2.3155913361,8.349350493225712e-16
48.7389484253,2.3204852267,6.10147194800381e-48
48.7438423159,2.3204852267,6.688952160811241e-43
48.7487362065,2.3204852267,3.619229025290095e-38
48.7536300971,2.3204852267,9.665148870454576e-34
48.7585239877,2.3204852267,1.273900577980976e-29
48.7634178783,2.3204852267,8.286994046074979e-26
48.7683117689,2.3204852267,2.660682323133198e-22
48.7732056595,2.3204852267,4.2162225533480207e-19
48.7780995501,2.3204852267,3.297528327981045e-16
48.7829934407,2.3204852267,1.2728817272574527e-13
48.7878873313,2.3204852267,2.4250601012709593e-11
48.7927812219,2.3204852267,2.280435696202147e-09
48.7976751125,2.3204852267,1.0603590831774344e-07
48.8025690031,2.3204852267,2.501196028742065e-06
48.8074628937,2.3204852267,3.455038645513023e-05
48.8123567843,2.3204852267,0.0003191904662549222
48.8172506749,2.3204852267,0.001393485383417094
48.8221445655,2.3204852267,0.002001499978427313
48.8270384561,2.3204852267,0.0009118520018704477
48.8319323467,2.3204852267,0.00017612468652948219
48.8368262373,2.3204852267,2.192434932359363e-05
48.8417201279,2.3204852267,1.8025021421191587e-06
48.8466140185,2.3204852267,5.49018457370469e-07
48.8515079091,2.3204852267,6.111516439943382e-07
48.8564017997,2.3204852267,2.437178596765798e-07
48.8612956903,2.3204852267,3.078104626464906e-08
48.8661895809,2.3204852267,1.2287696812422225e-09
48.8710834715,2.3204852267,1.5521109104217056e-11
48.8759773621,2.3204852267,2.442882669670117e-12
48.8808712527,2.3204852267,1.8334008685101998e-10
48.8857651433,2.3204852267,8.06111981323292e-09
48.8906590339,2.3204852267,2.0238787821119772e-07
48.8955529245,2.3204852267,2.9015136085655502e-06
48.9004468151,2.3204852267,2.3752849633737787e-05
48.9053407057,2.3204852267,0.000111034469095744
48.9102345963,2.3204852267,0.0002963813790547816
48.9151284869,2.3204852267,0.00045174671360669136
48.9200223775,2.3204852267,0.00039317879069446053
48.9249162681,2.3204852267,0.00019540521879106635
48.9298101587,2.3204852267,5.5454047579217504e-05
48.9347040493,2.3204852267,8.986315742538736e-06
48.9395979399,2.3204852267,8.315474929317296e-07
48.9444918305,2.3204852267,4.3951243595053347e-08
48.9493857211,2.3204852267,1.336616501463853e-09
48.9542796117,2.3204852267,2.8698706811039835e-11
48.9591735023,2.3204852267,2.4021215882274993e-12
48.9640673929,2.3204852267,5.63654904400609e-13
48.9689612835,2.3204852267,1.0096124805812625e-13
48.9738551741,2.3204852267,1.2596138289668643e-14
48.9787490647,2.3204852267,1.09229329308583e-15
48.7389484253,2.3253791173,1.0158152527087805e-46
48.7438423159,2.3253791173,9.373349779470825e-42
48.7487362065,2.3253791173,4.268835533655698e-37
48.7536300971,2.3253791173,9.595299336783906e-33
48.7585239877,2.3253791173,1.0644913519915056e-28
48.7634178783,2.3253791173,5.828546327700602e-25
48.7683117689,2.3253791173,1.5751171976247036e-21
48.7732056595,2.3253791173,2.100873964920521e-18
48.7780995501,2.3253791173,1.3829982490774736e-15
48.7829934407,2.3253791173,4.493427909210978e-13
48.7878873313,2.3253791173,7.205591680892363e-11
48.7927812219,2.3253791173,5.7037413360019215e-09
48.7976751125,2.3253791173,2.236933675494977e-07
48.8025690031,2.3253791173,4.542043101779373e-06
48.8074628937,2.3253791173,5.7468061131856073e-05
48.8123567843,2.3253791173,0.000472122339202916
48.8172506749,2.3253791173,0.0016334863495057292
48.8221445655,2.3253791173,0.0017762223012450567
48.8270384561,2.3253791173,0.0006269563322221592
48.8319323467,2.3253791173,0.00010295357994087957
48.8368262373,2.3253791173,1.1403811762746212e-05
48.8417201279,2.3253791173,7.750870322035001e-07
48.8466140185,2.3253791173,1.3114788423661683e-07
48.8515079091,2.3253791173,1.3876793980531057e-07
48.8564017997,2.3253791173,5.7027858412314126e-08
48.8612956903,2.3253791173,7.428529261483621e-09
48.8661895809,2.3253791173,3.058531079385679e-10
48.8710834715,2.3253791173,3.980167089953831e-12
48.8759773621,2.3253791173,3.232944766245722e-14
48.8808712527,2.3253791173,2.1056207164360397e-12
48.8857651433,2.3253791173,1.58628283761412e-10
48.8906590339,2.3253791173,6.8239602513019295e-09
48.8955529245,2.3253791173,1.6762675763506898e-07
48.9004468151,2.3253791173,2.3512629149327122e-06
48.9053407057,2.3253791173,1.883258935328577e-05
48.9102345963,2.3253791173,8.613305922508282e-05
48.9151284869,2.3253791173,0.00022494725690858352
48.9200223775,2.3253791173,0.0003354613758740867
48.9249162681,2.3253791173,0.00028566388576639184
48.9298101587,2.3253791173,0.00013890540609850735
48.9347040493,2.3253791173,3.85686070754838e-05
48.9395979399,2.3253791173,6.1150470813997935e-06
48.9444918305,2.3253791173,5.536273604573852e-07
48.9493857211,2.3253791173,2.862233770714676e-08
48.9542796117,2.3253791173,8.459073883544374e-10
48.9591735023,2.3253791173,1.4761369462699177e-11
48.9640673929,2.3253791173,3.2235281159489174e-13
48.9689612835,2.3253791173,4.6691436536733274e-14
48.9738551741,2.3253791173,7.919144021387009e-15
48.9787490647,2.3253791173,9.482644382422118e-16
48.7389484253,2.3302730079,1.6072359599978707e-45
48.7438423159,2.3302730079,1.2482924901628463e-40
48.7487362065,2.3302730079,4.785062119843559e-36
48.7536300971,2.3302730079,9.053016415648132e-32
48.7585239877,2.3302730079,8.4534412913619e-28
48.7634178783,2.3302730079,3.8959042903229605e-24
48.7683117689,2.3302730079,8.861709777544635e-21
48.7732056595,2.3302730079,9.948584008389278e-18
48.7780995501,2.3302730079,5.5123847930224975e-15
48.7829934407,2.3302730079,1.5074826505913203e-12
48.7878873313,2.3302730079,2.0347119349252214e-10
48.7927812219,2.3302730079,1.355929467280347e-08
48.7976751125,2.3302730079,4.4940399904739847e-07
48.8025690031,2.3302730079,7.95874147510368e-06
48.8074628937,2.3302730079,9.333294894756524e-05
48.8123567843,2.3302730079,0.0006625456681734786
48.8172506749,2.3302730079,0.00178099057788378
48.8221445655,2.3302730079,0.0014621245127238562
48.8270384561,2.3302730079,0.00040502937663014764
48.8319323467,2.3302730079,5.775005111386889e-05
48.8368262373,2.3302730079,5.671706498168592e-06
48.8417201279,2.3302730079,3.2251099460868624e-07
48.8466140185,2.3302730079,3.00782781992944e-08
48.8515079091,2.3302730079,2.8549060698411212e-08
48.8564017997,2.3302730079,1.2084206370743835e-08
48.8612956903,2.3302730079,1.62349826202261e-09
48.8661895809,2.3302730079,6.894215066623569e-11
48.8710834715,2.3302730079,9.253130866154464e-13
48.8759773621,2.3302730079,3.987286817114888e-15
48.8808712527,2.3302730079,1.4038956998914847e-14
48.8857651433,2.3302730079,1.811522050085277e-12
48.8906590339,2.3302730079,1.335261198154826e-10
48.8955529245,2.3302730079,5.6200454372546295e-09
48.9004468151,2.3302730079,1.3507171618797907e-07
48.9053407057,2.3302730079,1.8537023577042078e-06
48.9102345963,2.3302730079,1.4526687027380401e-05
48.9151284869,2.3302730079,6.500460905142286e-05
48.9200223775,2.3302730079,0.0001661011788576937
48.9249162681,2.3302730079,0.00024235516070042379
48.9298101587,2.3302730079,0.00020192162028000063
48.9347040493,2.3302730079,9.606481842872382e-05
48.9395979399,2.3302730079,2.6097379663879133e-05
48.9444918305,2.3302730079,4.048372271164146e-06
48.9493857211,2.3302730079,3.5860397084845135e-07
48.9542796117,2.3302730079,1.8138578492200197e-08
48.9591735023,2.3302730079,5.239684172446691e-10
48.9640673929,2.3302730079,8.680713878869052e-12
48.9689612835,2.3302730079,9.524075574275613e-14
48.9738551741,2.3302730079,3.73945731894891e-15
48.9787490647,2.3302730079,5.476263993530337e-16
48.7389484253,2.3351668985000003,2.4167367831978144e-44
48.7438423159,2.3351668985000003,1.5798748744234613e-39
48.7487362065,2.3351668985000003,5.09742139903189e-35
48.7536300971,2.3351668985000003,8.117324140725584e-31
48.7585239877,2.3351668985000003,6.37983937423052e-27
48.7634178783,2.3351668985000003,2.4748056903387966e-23
48.7683117689,2.3351668985000003,4.7381300030029615e-20
48.7732056595,2.3351668985000003,4.477208756542644e-17
48.7780995501,2.3351668985000003,2.0880563871800054e-14
48.7829934407,2.3351668985000003,4.806309334443063e-12
48.7878873313,2.3351668985000003,5.460399380565226e-10
48.7927812219,2.3351668985000003,3.0641338077461836e-08
48.7976751125,2.3351668985000003,8.612408239783472e-07
48.8025690031,2.3351668985000003,1.3535767590531042e-05
48.8074628937,2.3351668985000003,0.00014739005214093378
48.8123567843,2.3351668985000003,0.0008757713620069955
48.8172506749,2.3351668985000003,0.0018018483619284716
48.8221445655,2.3351668985000003,0.0011172798155942867
48.8270384561,2.3351668985000003,0.0002470318670588353
48.8319323467,2.3351668985000003,3.114115175199461e-05
48.8368262373,2.3351668985000003,2.6930188480395595e-06
48.8417201279,2.3351668985000003,1.288057643791381e-07
48.8466140185,2.3351668985000003,6.847245902142024e-09
48.8515079091,2.3351668985000003,5.323981929369808e-09
48.8564017997,2.3351668985000003,2.318897070388933e-09
48.8612956903,2.3351668985000003,3.213145140774009e-10
48.8661895809,2.3351668985000003,1.407298573404685e-11
48.8710834715,2.3351668985000003,1.9481077905206315e-13
48.8759773621,2.3351668985000003,8.52474170144957e-16
48.8808712527,2.3351668985000003,5.5459400427707585e-17
48.8857651433,2.3351668985000003,1.200561440953305e-14
48.8906590339,2.3351668985000003,1.5162601412889865e-12
48.8955529245,2.3351668985000003,1.0934880927750358e-10
48.9004468151,2.3351668985000003,4.503035711491051e-09
48.9053407057,2.3351668985000003,1.058882369411145e-07
48.9102345963,2.3351668985000003,1.4218082720590408e-06
48.9151284869,2.3351668985000003,1.0901477158825353e-05
48.9200223775,2.3351668985000003,4.7728815331636395e-05
48.9249162681,2.3351668985000003,0.0001193237666040244
48.9298101587,2.3351668985000003,0.00017034298219776654
48.9347040493,2.3351668985000003,0.00013885851985001558
48.9395979399,2.3351668985000003,6.463560381860206e-05
48.9444918305,2.3351668985000003,1.7179957386000792e-05
48.9493857211,2.3351668985000003,2.607494183485914e-06
48.9542796117,2.3351668985000003,2.259829234043735e-07
48.9591735023,2.3351668985000003,1.1183537345981398e-08
48.9640673929,2.3351668985000003,3.160393613355664e-10
48.9689612835,2.3351668985000003,5.102405522133251e-12
48.9738551741,2.3351668985000003,4.790267647614613e-14
48.9787490647,2.3351668985000003,4.560681542028338e-16
48.7389484253,2.3400607891000003,3.4535350187916716e-43
48.7438423159,2.3400607891000003,1.9002635032606321e-38
48.7487362065,2.3400607891000003,5.1605773964904315e-34
48.7536300971,2.3400607891000003,6.916991940223164e-30
48.7585239877,2.3400607891000003,4.5758391395395035e-26
48.7634178783,2.3400607891000003,1.4940279873839462e-22
48.7683117689,2.3400607891000003,2.407582748929738e-19
48.7732056595,2.3400607891000003,1.9148652497425606e-16
48.7780995501,2.3400607891000003,7.516743325572749e-14
48.7829934407,2.3400607891000003,1.4563174779512016e-11
48.7878873313,2.3400607891000003,1.39264026883936e-09
48.7927812219,2.3400607891000003,6.583968483841938e-08
48.7976751125,2.3400607891000003,1.5786109632583028e-06
48.8025690031,2.3400607891000003,2.2468487981444124e-05
48.8074628937,2.3400607891000003,0.00022468247003891792
48.8123567843,2.3400607891000003,0.0010839206370450128
48.8172506749,2.3400607891000003,0.0016889851844750147
48.8221445655,2.3400607891000003,0.0007938112837157596
48.8270384561,2.3400607891000003,0.00014301466585584177
48.8319323467,2.3400607891000003,1.6148395384446834e-05
48.8368262373,2.3400607891000003,1.2191133704449944e-06
48.8417201279,2.3400607891000003,4.91367606293078e-08
48.8466140185,2.3400607891000003,1.6014282775590859e-09
48.8515079091,2.3400607891000003,9.006727075121536e-10
48.8564017997,2.3400607891000003,4.0297550241461874e-10
48.8612956903,2.3400607891000003,5.7588847504442285e-11
48.8661895809,2.3400607891000003,2.601460029190301e-12
48.8710834715,2.3400607891000003,3.7142131447117634e-14
48.8759773621,2.3400607891000003,1.676050392621933e-16
48.8808712527,2.3400607891000003,3.6088544770685894e-19
48.8857651433,2.3400607891000003,4.6174678786557215e-17
48.8906590339,2.3400607891000003,9.992150292650736e-15
48.8955529245,2.3400607891000003,1.234713052126359e-12
48.9004468151,2.3400607891000003,8.712125315971754e-11
48.9053407057,2.3400607891000003,3.510210666522312e-09
48.9102345963,2.3400607891000003,8.075942955959308e-08
48.9151284869,2.3400607891000003,1.0609729144915994e-06
48.9200223775,2.3400607891000003,7.959143675405262e-06
48.9249162681,2.3400607891000003,3.409411213723169e-05
48.9298101587,2.3400607891000003,8.339565407221652e-05
48.9347040493,2.3400607891000003,0.00011648190009384508
48.9395979399,2.3400607891000003,9.290187233335647e-05
48.9444918305,2.3400607891000003,4.2309849492684466e-05
48.9493857211,2.3400607891000003,1.1002958813295713e-05
48.9542796117,2.3400607891000003,1.6339113419426063e-06
48.9591735023,2.3400607891000003,1.3854743266047133e-07
48.9640673929,2.3400607891000003,6.708408550026476e-09
48.9689612835,2.3400607891000003,1.854779606917736e-10
48.9738551741,2.3400607891000003,2.9284601009417454e-12
48.9787490647,2.3400607891000003,2.6452034155728823e-14
48.7389484253,2.3449546797000003,4.690111596500179e-42
48.7438423159,2.3449546797000003,2.1721497505061615e-37
48.7487362065,2.3449546797000003,4.965132633377279e-33
48.7536300971,2.3449546797000003,5.601527225378396e-29
48.7585239877,2.3449546797000003,3.119008464013779e-25
48.7634178783,2.3449546797000003,8.57158548488303e-22
48.7683117689,2.3449546797000003,1.162626649341109e-18
48.7732056595,2.3449546797000003,7.783122959121986e-16
48.7780995501,2.3449546797000003,2.571591747205253e-13
48.7829934407,2.3449546797000003,4.193586534837665e-11
48.7878873313,2.3449546797000003,3.3756521866567953e-09
48.7927812219,2.3449546797000003,1.345858003311418e-07
48.7976751125,2.3449546797000003,2.778566086823514e-06
48.8025690031,2.3449546797000003,3.652669844258913e-05
48.8074628937,2.3449546797000003,0.00032772967347275566
48.8123567843,2.3449546797000003,0.001250388093498716
48.8172506749,2.3449546797000003,0.0014656654313846456
48.8221445655,2.3449546797000003,0.000525677996057933
48.8270384561,2.3449546797000003,7.902494199118869e-05
48.8319323467,2.3449546797000003,8.04526040624634e-06
48.8368262373,2.3449546797000003,5.256157308932526e-07
48.8417201279,2.3449546797000003,1.7857061456447932e-08
48.8466140185,2.3449546797000003,3.920433972634353e-10
48.8515079091,2.3449546797000003,1.384395435683139e-10
48.8564017997,2.3449546797000003,6.341798041394329e-11
48.8612956903,2.3449546797000003,9.347080185749352e-12
48.8661895809,2.3449546797000003,4.354893681264407e-13
48.8710834715,2.3449546797000003,6.412836253466455e-15
48.8759773621,2.3449546797000003,2.9846461767860126e-17
48.8808712527,2.3449546797000003,4.4062875288398504e-20
48.8857651433,2.3449546797000003,1.0308254268030794e-19
48.8906590339,2.3449546797000003,3.821395132625833e-17
48.8955529245,2.3449546797000003,8.090880172419979e-15
48.9004468151,2.3449546797000003,9.781840692652264e-13
48.9053407057,2.3449546797000003,6.75299448768825e-11
48.9102345963,2.3449546797000003,2.6620928442769937e-09
48.9151284869,2.3449546797000003,5.992402742279869e-08
48.9200223775,2.3449546797000003,7.702465883175434e-07
48.9249162681,2.3449546797000003,5.653398064036625e-06
48.9298101587,2.3449546797000003,2.369410679309399e-05
48.9347040493,2.3449546797000003,5.670509867225858e-05
48.9395979399,2.3449546797000003,7.749164364591976e-05
48.9444918305,2.3449546797000003,6.046981334106816e-05
48.9493857211,2.3449546797000003,2.6944701492672105e-05
48.9542796117,2.3449546797000003,6.8558154505244265e-06
48.9591735023,2.3449546797000003,9.960837462563156e-07
48.9640673929,2.3449546797000003,8.263872003850562e-08
48.9689612835,2.3449546797000003,3.914914726656658e-09
48.9738551741,2.3449546797000003,1.0590393612781551e-10
48.9787490647,2.3449546797000003,1.6358937514846191e-12
48.7389484253,2.3498485703,6.053231580681742e-41
48.7438423159,2.3498485703,2.3596658022795275e-36
48.7487362065,2.3498485703,4.5399201371244034e-32
48.7536300971,2.3498485703,4.311023924892749e-28
48.7585239877,2.3498485703,2.020445584229792e-24
48.7634178783,2.3498485703,4.673566092670505e-21
48.7683117689,2.3498485703,5.335610574243903e-18
48.7732056595,2.3498485703,3.0064526325325307e-15
48.7780995501,2.3498485703,8.361017631365751e-13
48.7829934407,2.3498485703,1.1476277185338157e-10
48.7878873313,2.3498485703,7.776875166680494e-09
48.7927812219,2.3498485703,2.619679523378636e-07
48.7976751125,2.3498485703,4.7218497691230915e-06
48.8025690031,2.3498485703,5.813717173435717e-05
48.8074628937,2.3498485703,0.0004534269454718325
48.8123567843,2.3498485703,0.0013398928501802546
48.8172506749,2.3498485703,0.0011772663352178313
48.8221445655,2.3498485703,0.00032558757083053764
48.8270384561,2.3498485703,4.188435433484219e-05
48.8319323467,2.3498485703,3.8443937644919786e-06
48.8368262373,2.3498485703,2.1566273717692431e-07
48.8417201279,2.3498485703,6.174047638499188e-09
48.8466140185,2.3498485703,9.968923062393355e-11
48.8515079091,2.3498485703,1.939477137564818e-11
48.8564017997,2.3498485703,9.038319993136142e-12
48.8612956903,2.3498485703,1.3738619770456234e-12
48.8661895809,2.3498485703,6.601877249099099e-14
48.8710834715,2.3498485703,1.0026814185375403e-15
48.8759773621,2.3498485703,4.813141119305045e-18
48.8808712527,2.3498485703,7.302498022935716e-21
48.8857651433,2.3498485703,1.3699912254238982e-22
48.8906590339,2.3498485703,8.481305100880546e-20
48.8955529245,2.3498485703,3.07682820963425e-17
48.9004468151,2.3498485703,6.373746798443987e-15
48.9053407057,2.3498485703,7.539409946074215e-13
48.9102345963,2.3498485703,5.092498417894137e-11
48.9151284869,2.3498485703,1.964153569377205e-09
48.9200223775,2.3498485703,4.325845173727631e-08
48.9249162681,2.3498485703,5.440232940784708e-07
48.9298101587,2.3498485703,3.906744534443964e-06
48.9347040493,2.3498485703,1.602003733654779e-05
48.9395979399,2.3498485703,3.751137880706651e-05
48.9444918305,2.3498485703,5.0154918027418035e-05
48.9493857211,2.3498485703,3.82926141169152e-05
48.9542796117,2.3498485703,1.6694272525079075e-05
48.9591735023,2.3498485703,4.155956331997853e-06
48.9640673929,2.3498485703,5.907795390730388e-07
48.9689612835,2.3498485703,4.795467023681665e-08
48.9738551741,2.3498485703,2.2227333495640837e-09
48.9787490647,2.3498485703,5.882945463046029e-11
48.7389484253,2.3547424609,7.424653703983708e-40
48.7438423159,2.3547424609,2.436105177244305e-35
48.7487362065,2.3547424609,3.945030565726657e-31
48.7536300971,2.3547424609,3.1531106789081063e-27
48.7585239877,2.3547424609,1.2438343999876537e-23
48.7634178783,2.3547424609,2.421700420740104e-20
48.7683117689,2.3547424609,2.3270878361508252e-17
48.7732056595,2.3547424609,1.1036710242431882e-14
48.7780995501,2.3547424609,2.583456146144195e-12
48.7829934407,2.3547424609,2.984722738504311e-10
48.7878873313,2.3547424609,1.70307187953857e-08
48.7927812219,2.3547424609,4.863397209347512e-07
48.7976751125,2.3547424609,7.797166513649215e-06
48.8025690031,2.3547424609,9.017516182345646e-05
48.8074628937,2.3547424609,0.000590496333034941
48.8123567843,2.3547424609,0.0013306010038619718
48.8172506749,2.3547424609,0.0008756842661218443
48.8221445655,2.3547424609,0.00018946059805000816
48.8270384561,2.3547424609,2.1371308808552527e-05
48.8319323467,2.3547424609,1.7584147122291743e-06
48.8368262373,2.3547424609,8.416510903071216e-08
48.8417201279,2.3547424609,2.029627027454128e-09
48.8466140185,2.3547424609,2.5673259288311784e-11
48.8515079091,2.3547424609,2.4926099356919764e-12
48.8564017997,2.3547424609,1.1665778910076405e-12
48.8612956903,2.3547424609,1.828688886576919e-13
48.8661895809,2.3547424609,9.063309739382985e-15
48.8710834715,2.3547424609,1.4197284027264766e-16
48.8759773621,2.3547424609,7.029004582874157e-19
48.8808712527,2.3547424609,1.0998982001226193e-21
48.8857651433,2.3547424609,6.443295616158848e-25
48.8906590339,2.3547424609,1.0923995407963977e-22
48.8955529245,2.3547424609,6.790292422843012e-20
48.9004468151,2.3547424609,2.4101650109013078e-17
48.9053407057,2.3547424609,4.884904418999568e-15
48.9102345963,2.3547424609,5.653486465296653e-13
48.9151284869,2.3547424609,3.7361786667053165e-11
48.9200223775,2.3547424609,1.4099051895442012e-09
48.9249162681,2.3547424609,3.0381077675224e-08
48.9298101587,2.3547424609,3.7382421866545174e-07
48.9347040493,2.3547424609,2.626531941602202e-06
48.9395979399,2.3547424609,1.05377752654721e-05
48.9444918305,2.3547424609,2.4141606744654015e-05
48.9493857211,2.3547424609,3.1581619971972273e-05
48.9542796117,2.3547424609,2.3591395345434597e-05
48.9591735023,2.3547424609,1.0062915992553081e-05
48.9640673929,2.3547424609,2.451009862937567e-06
48.9689612835,2.3547424609,3.408923567114937e-07
48.9738551741,2.3547424609,2.707325426331871e-08
48.9787490647,2.3547424609,1.2277633171456783e-09
48.7389484253,2.3596363515,8.654658101960695e-39
48.7438423159,2.3596363515,2.3901566830957937e-34
48.7487362065,2.3596363515,3.257896867761106e-30
48.7536300971,2.3596363515,2.1917085313819993e-26
48.7585239877,2.3596363515,7.277174172476592e-23
48.7634178783,2.3596363515,1.192551783084389e-19
48.7683117689,2.3596363515,9.64553292907087e-17
48.7732056595,2.3596363515,3.850434296046346e-14
48.7780995501,2.3596363515,7.586264130845909e-12
48.7829934407,2.3596363515,7.377318473678393e-10
48.7878873313,2.3596363515,3.546060108874619e-08
48.7927812219,2.3596363515,8.634339687758528e-07
48.7976751125,2.3596363515,1.2588714408092819e-05
48.8025690031,2.3596363515,0.00013521193489085713
48.8074628937,2.3596363515,0.0007194059259329864
48.8123567843,2.3596363515,0.0012226569683225527
48.8172506749,2.3596363515,0.0006038739111611232
48.8221445655,2.3596363515,0.00010415217999445726
48.8270384561,2.3596363515,1.0517454986561528e-05
48.8319323467,2.3596363515,7.683909739983803e-07
48.8368262373,2.3596363515,3.1231144402796655e-08
48.8417201279,2.3596363515,6.342042992466165e-10
48.8466140185,2.3596363515,6.523705398789483e-12
48.8515079091,2.3596363515,2.978103167611294e-13
48.8564017997,2.3596363515,1.36366612110857e-13
48.8612956903,2.3596363515,2.204277086045679e-14
48.8661895809,2.3596363515,1.1267710714171127e-15
48.8710834715,2.3596363515,1.8204429058552462e-17
48.8759773621,2.3596363515,9.295837980514194e-20
48.8808712527,2.3596363515,1.5002723904007867e-22
48.8857651433,2.3596363515,7.657202678161747e-26
48.8906590339,2.3596363515,8.166632720725913e-26
48.8955529245,2.3596363515,8.696639257964315e-23
48.9004468151,2.3596363515,5.2890356856171365e-20
48.9053407057,2.3596363515,1.8367605037485585e-17
48.9102345963,2.3596363515,3.642332258118962e-15
48.9151284869,2.3596363515,4.1243696412666327e-13
48.9200223775,2.3596363515,2.6667763558728668e-11
48.9249162681,2.3596363515,9.846153535984967e-10
48.9298101587,2.3596363515,2.075857820870318e-08
48.9347040493,2.3596363515,2.4990767769163484e-07
48.9395979399,2.3596363515,1.717958174083753e-06
48.9444918305,2.3596363515,6.743673986642204e-06
48.9493857211,2.3596363515,1.511581404586782e-05
48.9542796117,2.3596363515,1.9347172669299096e-05
48.9591735023,2.3596363515,1.4140164697485147e-05
48.9640673929,2.3596363515,5.901228367591624e-06
48.9689612835,2.3596363515,1.4063109817667977e-06
48.9738551741,2.3596363515,1.9136887689201638e-07
48.9787490647,2.3596363515,1.4870043577418767e-08
48.7389484253,2.3645302421,9.587567398497853e-38
48.7438423159,2.3645302421,2.2286481460477135e-33
48.7487362065,2.3645302421,2.5568726179679114e-29
48.7536300971,2.3645302421,1.4478086977496147e-25
48.7585239877,2.3645302421,4.046204005858776e-22
48.7634178783,2.3645302421,5.581088065013081e-19
48.7683117689,2.3645302421,3.799482778506597e-16
48.7732056595,2.3645302421,1.276628679121023e-13
48.7780995501,2.3645302421,2.1170929881704484e-11
48.7829934407,2.3645302421,1.7329817006210872e-09
48.7878873313,2.3645302421,7.023411841682175e-08
48.7927812219,2.3645302421,1.4718948264363614e-06
48.7976751125,2.3645302421,1.9951611000058622e-05
48.8025690031,2.3645302421,0.0001941191978043022
48.8074628937,2.3645302421,0.0008161236632903772
48.8123567843,2.3645302421,0.0010386127276879769
48.8172506749,2.3645302421,0.0003868091601613889
48.8221445655,2.3645302421,5.442885556163721e-05
48.8270384561,2.3645302421,4.99214330551244e-06
48.8319323467,2.3645302421,3.2025967100318014e-07
48.8368262373,2.3645302421,1.1016630464008589e-08
48.8417201279,2.3645302421,1.883469863467881e-10
48.8466140185,2.3645302421,1.6060362901434578e-12
48.8515079091,2.3645302421,3.395227359412302e-14
48.8564017997,2.3645302421,1.4437944910295512e-14
48.8612956903,2.3645302421,2.406147681195023e-15
48.8661895809,2.3645302421,1.2685688520144416e-16
48.8710834715,2.3645302421,2.113870328282563e-18
48.8759773621,2.3645302421,1.1133013938883107e-20
48.8808712527,2.3645302421,1.8531784924721267e-23
48.8857651433,2.3645302421,9.749724218783103e-27
48.8906590339,2.3645302421,3.7041430997510016e-29
48.8955529245,2.3645302421,6.463863603921992e-26
48.9004468151,2.3645302421,6.735719084429239e-23
48.9053407057,2.3645302421,4.007991049825065e-20
48.9102345963,2.3645302421,1.3618225236635668e-17
48.9151284869,2.3645302421,2.6421974913181533e-15
48.9200223775,2.3645302421,2.9272582059222696e-13
48.9249162681,2.3645302421,1.8518584245276953e-11
48.9298101587,2.3645302421,6.689682779430321e-10
48.9347040493,2.3645302421,1.3799211153152157e-08
48.9395979399,2.3645302421,1.6253765485691315e-07
48.9444918305,2.3645302421,1.093212809186813e-06
48.9493857211,2.3645302421,4.198618618184365e-06
48.9542796117,2.3645302421,9.207869086572362e-06
48.9591735023,2.3645302421,1.1530890236607476e-05
48.9640673929,2.3645302421,8.245510201098546e-06
48.9689612835,2.3645302421,3.366845764538049e-06
48.9738551741,2.3645302421,7.850185214620144e-07
48.9787490647,2.3645302421,1.0451715471811469e-07
48.7389484253,2.3694241327,1.0093731415523551e-36
48.7438423159,2.3694241327,1.974883339082861e-32
48.7487362065,2.3694241327,1.9070656897969841e-28
48.7536300971,2.3694241327,9.089172899963726e-25
48.7585239877,2.3694241327,2.138048646410938e-21
48.7634178783,2.3694241327,2.4822487752387845e-18
48.7683117689,2.3694241327,1.422353458802014e-15
48.7732056595,2.3694241327,4.0225762540508897e-13
48.7780995501,2.3694241327,5.614841966411096e-11
48.7829934407,2.3694241327,3.869110465150928e-09
48.7878873313,2.3694241327,1.3243939179183155e-07
48.7927812219,2.3694241327,2.4228380461212287e-06
48.7976751125,2.3694241327,3.103685200783252e-05
48.8025690031,2.3694241327,0.00026434739405626733
48.8074628937,2.3694241327,0.0008592067452158655
48.8123567843,2.3694241327,0.0008153697914592033
48.8172506749,2.3694241327,0.0002307912644660062
48.8221445655,2.3694241327,2.7213088282835894e-05
48.8270384561,2.3694241327,2.2819469055277353e-06
48.8319323467,2.3694241327,1.271559826002983e-07
48.8368262373,2.3694241327,3.693680999138944e-09
48.8417201279,2.3694241327,5.3159972389257493e-11
48.8466140185,2.3694241327,3.791301813330404e-13
48.8515079091,2.3694241327,3.863862570879266e-15
48.8564017997,2.3694241327,1.3847676228992345e-15
48.8612956903,2.3694241327,2.3785280254278185e-16
48.8661895809,2.3694241327,1.2933673353948102e-17
48.8710834715,2.3694241327,2.222844643885274e-19
48.8759773621,2.3694241327,1.207442471169444e-21
48.8808712527,2.3694241327,2.0729740879100617e-24
48.8857651433,2.3694241327,1.1248416472097124e-27
48.8906590339,2.3694241327,2.018285657037634e-31
48.8955529245,2.3694241327,2.788115897834484e-29
48.9004468151,2.3694241327,4.978163829749935e-26
48.9053407057,2.3694241327,5.0754984949409815e-23
48.9102345963,2.3694241327,2.9548756886992323e-20
48.9151284869,2.3694241327,9.823148730034683e-18
48.9200223775,2.3694241327,1.8647182343541635e-15
48.9249162681,2.3694241327,2.0212810707285413e-13
48.9298101587,2.3694241327,1.2510976066591148e-11
48.9347040493,2.3694241327,4.421877132119019e-10
48.9395979399,2.3694241327,8.924279054223754e-09
48.9444918305,2.3694241327,1.028467579478887e-07
48.9493857211,2.3694241327,6.76797994689589e-07
48.9542796117,2.3694241327,2.5431882816083223e-06
48.9591735023,2.3694241327,5.4569372216793344e-06
48.9640673929,2.3694241327,6.68606192363687e-06
48.9689612835,2.3694241327,4.677812658094057e-06
48.9738551741,2.3694241327,1.8688147283518923e-06
48.9787490647,2.3694241327,4.26324866587445e-07
48.7389484253,2.3743180233,1.0099034579189303e-35
48.7438423159,2.3743180233,1.6631299474782196e-31
48.7487362065,2.3743180233,1.3517831035691209e-27
48.7536300971,2.3743180233,5.4227845362738556e-24
48.7585239877,2.3743180233,1.0736733894265458e-20
48.7634178783,2.3743180233,1.049195780178279e-17
48.7683117689,2.3743180233,5.060289768063798e-15
48.7732056595,2.3743180233,1.2045610128979696e-12
48.7780995501,2.3743180233,1.4152139128742146e-10
48.7829934407,2.3743180233,8.210971337475465e-09
48.7878873313,2.3743180233,2.3813378034111425e-07
48.7927812219,2.3743180233,3.877411413572491e-06
48.7976751125,2.3743180233,4.715777437045662e-05
48.8025690031,2.3743180233,0.00033871667809228656
48.8074628937,2.3743180233,0.000837484702446887
48.8123567843,2.3743180233,0.000591696103064883
48.8172506749,2.3743180233,0.00012876527482249398
48.8221445655,2.3743180233,1.3091189692132711e-05
48.8270384561,2.3743180233,1.002152503282885e-06
48.8319323467,2.3743180233,4.805049532765531e-08
48.8368262373,2.3743180233,1.1770325527773789e-09
48.8417201279,2.3743180233,1.4259352653728787e-11
48.8466140185,2.3743180233,8.538510477120558e-14
48.8515079091,2.3743180233,4.653593648947664e-16
48.8564017997,2.3743180233,1.203576527635039e-16
48.8612956903,2.3743180233,2.1292393092688067e-17
48.8661895809,2.3743180233,1.1941509360343085e-18
48.8710834715,2.3743180233,2.116749015465051e-20
48.8759773621,2.3743180233,1.18590426468261e-22
48.8808712527,2.3743180233,2.0999066244874266e-25
48.8857651433,2.3743180233,1.1752233843727034e-28
48.8906590339,2.3743180233,2.078921866051542e-32
48.8955529245,2.3743180233,6.980382136293575e-33
48.9004468151,2.3743180233,2.135168495859847e-29
48.9053407057,2.3743180233,3.7299964025028414e-26
48.9102345963,2.3743180233,3.720794343178106e-23
48.9151284869,2.3743180233,2.1194047959368544e-20
48.9200223775,2.3743180233,6.8935535324143705e-18
48.9249162681,2.3743180233,1.2803343150442246e-15
48.9298101587,2.3743180233,1.3578588013228095e-13
48.9347040493,2.3743180233,8.223123844878796e-12
48.9395979399,2.3743180233,2.8436100708903907e-10
48.9444918305,2.3743180233,5.6150580373146225e-09
48.9493857211,2.3743180233,6.331249793813773e-08
48.9542796117,2.3743180233,4.076389186390343e-07
48.9591735023,2.3743180233,1.4986935090656307e-06
48.9640673929,2.3743180233,3.146306337643231e-06
48.9689612835,2.3743180233,3.771726360341285e-06
48.9738551741,2.3743180233,2.5818460474274787e-06
48.9787490647,2.3743180233,1.009186658776366e-06
48.7389484253,2.3792119139,9.602687027600253e-35
48.7438423159,2.3792119139,1.331054144872499e-30
48.7487362065,2.3792119139,9.106115932062698e-27
48.7536300971,2.3792119139,3.0747168888708495e-23
48.7585239877,2.3792119139,5.1240292110348905e-20
48.7634178783,2.3792119139,4.2145631515433954e-17
48.7683117689,2.3792119139,1.710913452392019e-14
48.7732056595,2.3792119139,3.4279793783722786e-12
48.7780995501,2.3792119139,3.3899774612807837e-10
48.7829934407,2.3792119139,1.656669174926413e-08
48.7878873313,2.3792119139,4.0932999184840895e-07
48.7927812219,2.3792119139,6.074175561387504e-06
48.7976751125,2.3792119139,6.938267837382407e-05
48.8025690031,2.3792119139,0.000405782866133577
48.8074628937,2.3792119139,0.0007545964521271843
48.8123567843,2.3792119139,0.0003972083006652657
48.8172506749,2.3792119139,6.75206224301586e-05
48.8221445655,2.3792119139,6.083961675761602e-06
48.8270384561,2.3792119139,4.2173258689930723e-07
48.8319323467,2.3792119139,1.7271338070220816e-08
48.8368262373,2.3792119139,3.5646687284594336e-10
48.8417201279,2.3792119139,3.634972337212007e-12
48.8466140185,2.3792119139,1.8303718527464462e-14
48.8515079091,2.3792119139,6.173267994900551e-17
48.8564017997,2.3792119139,9.486984389408913e-18
48.8612956903,2.3792119139,1.7261219404495401e-18
48.8661895809,2.3792119139,9.98449375709636e-20
48.8710834715,2.3792119139,1.825404472195308e-21
48.8759773621,2.3792119139,1.0547810087475426e-23
48.8808712527,2.3792119139,1.9263517050749232e-26
48.8857651433,2.3792119139,1.1119338453265712e-29
48.8906590339,2.3792119139,2.0285813535616047e-33
48.8955529245,2.3792119139,1.1308370987138935e-36
48.9004468151,2.3792119139,5.3146279874210035e-33
48.9053407057,2.3792119139,1.590801060686967e-29
48.9102345963,2.3792119139,2.7190041279235023e-26
48.9151284869,2.3792119139,2.6537185190373354e-23
48.9200223775,2.3792119139,1.4789409584826622e-20
48.9249162681,2.3792119139,4.706497272777415e-18
48.9298101587,2.3792119139,8.552553100729645e-16
48.9347040493,2.3792119139,8.874517301664426e-14
48.9395979399,2.3792119139,5.258291944453016e-12
48.9444918305,2.3792119139,1.7790806756144771e-10
48.9493857211,2.3792119139,3.4371428588619673e-09
48.9542796117,2.3792119139,3.791844484441483e-08
48.9591735023,2.3792119139,2.3886605911506775e-07
48.9640673929,2.3792119139,8.592298673688874e-07
48.9689612835,2.3792119139,1.764880394376764e-06
48.9738551741,2.3792119139,2.070008770695496e-06
48.9787490647,2.3792119139,1.3863729806490682e-06
48.7389484253,2.3841058045,8.677417436688781e-34
48.7438423159,2.3841058045,1.0123951614968342e-29
48.7487362065,2.3841058045,5.829672222060755e-26
48.7536300971,2.3841058045,1.656810042104604e-22
48.7585239877,2.3841058045,2.3239982934288e-19
48.7634178783,2.3841058045,1.6089160967844074e-16
48.7683117689,2.3841058045,5.4975032889921656e-14
48.7732056595,2.3841058045,9.271129061038239e-12
48.7780995501,2.3841058045,7.717368968025652e-10
48.7829934407,2.3841058045,3.179182400264339e-08
48.7878873313,2.3841058045,6.753173611851568e-07
48.7927812219,2.3841058045,9.358102993242579e-06
48.7976751125,2.3841058045,9.783620025322477e-05
48.8025690031,2.3841058045,0.0004523659535236816
48.8074628937,2.3841058045,0.0006279157411665857
48.8123567843,2.3841058045,0.00024701425951697154
48.8172506749,2.3841058045,3.348428356013425e-05
48.8221445655,2.3841058045,2.7363603116655704e-06
48.8270384561,2.3841058045,1.6965907194358294e-07
48.8319323467,2.3841058045,5.90278593242118e-09
48.8368262373,2.3841058045,1.0259891194131186e-10
48.8417201279,2.3841058045,8.806182611409163e-13
48.8466140185,2.3841058045,3.731135424095723e-15
48.8515079091,2.3841058045,8.92394735535917e-18
48.8564017997,2.3841058045,6.793550065808871e-19
48.8612956903,2.3841058045,1.2672153277301392e-19
48.8661895809,2.3841058045,7.560009995007037e-21
48.8710834715,2.3841058045,1.4255365008800712e-22
48.8759773621,2.3841058045,8.495803530202248e-25
48.8808712527,2.3841058045,1.6002972820978285e-27
48.8857651433,2.3841058045,9.527236865156252e-31
48.8906590339,2.3841058045,1.7926823633547455e-34
48.8955529245,2.3841058045,1.0746765192119172e-38
48.9004468151,2.3841058045,7.676998397630744e-37
48.9053407057,2.3841058045,3.937323329745401e-33
48.9102345963,2.3841058045,1.1530863124614546e-29
48.9151284869,2.3841058045,1.9282953188213316e-26
48.9200223775,2.3841058045,1.8413496778685448e-23
48.9249162681,2.3841058045,1.00403762242876e-20
48.9298101587,2.3841058045,3.1261851537406792e-18
48.9347040493,2.3841058045,5.558151741885427e-16
48.9395979399,2.3841058045,5.642831672150519e-14
48.9444918305,2.3841058045,3.271257901263144e-12
48.9493857211,2.3841058045,1.0828878156536256e-10
48.9542796117,2.3841058045,2.0469307157121178e-09
48.9591735023,2.3841058045,2.2093972644635163e-08
48.9640673929,2.3841058045,1.3617440118460195e-07
48.9689612835,2.3841058045,4.792566300320692e-07
48.9738551741,2.3841058045,9.631452303473162e-07
48.9787490647,2.3841058045,1.1052650065143202e-06
48.7389484253,2.3889996951,7.452002745961635e-33
48.7438423159,2.3889996951,7.317945992868108e-29
48.7487362065,2.3889996951,3.546826128184477e-25
48.7536300971,2.3889996951,8.48447752274238e-22
48.7585239877,2.3889996951,1.0017164670267663e-18
48.7634178783,2.3889996951,5.837125463005994e-16
48.7683117689,2.3889996951,1.678756709152978e-13
48.7732056595,2.3889996951,2.3829365192606038e-11
48.7780995501,2.3889996951,1.6697695417086997e-09
48.7829934407,2.3889996951,5.8072950124246496e-08
48.7878873313,2.3889996951,1.075441660362695e-06
48.7927812219,2.3889996951,1.4183956102256917e-05
48.7976751125,2.3889996951,0.00013090937718270197
48.8025690031,2.3889996951,0.0004676830650689475
48.8074628937,2.3889996951,0.0004823340289151967
48.8123567843,2.3889996951,0.00014261152007372295
48.8172506749,2.3889996951,1.581591952241149e-05
48.8221445655,2.3889996951,1.1904739912123423e-06
48.8270384561,2.3889996951,6.51196599810303e-08
48.8319323467,2.3889996951,1.917751519051733e-09
48.8368262373,2.3889996951,2.8064342366095738e-11
48.8417201279,2.3889996951,2.0274923197835344e-13
48.8466140185,2.3889996951,7.229722778331057e-16
48.8515079091,2.3889996951,1.342505971100212e-18
48.8564017997,2.3889996951,4.437640869583694e-20
48.8612956903,2.3889996951,8.42487864132713e-21
48.8661895809,2.3889996951,5.183799397560212e-22
48.8710834715,2.3889996951,1.0081544270461196e-23
48.8759773621,2.3889996951,6.196923106580637e-26
48.8808712527,2.3889996951,1.2039133811820433e-28
48.8857651433,2.3889996951,7.392383070989336e-32
48.8906590339,2.3889996951,1.434642770194264e-35
48.8955529245,2.3889996951,8.799849328024777e-40
48.9004468151,2.3889996951,6.437283887178798e-41
48.9053407057,2.3889996951,5.6554092490054805e-37
48.9102345963,2.3889996951,2.8378635917571974e-33
48.9151284869,2.3889996951,8.131487299998884e-30
48.9200223775,2.3889996951,1.3304527422793375e-26
48.9249162681,2.3889996951,1.2430251369414228e-23
48.9298101587,2.3889996951,6.6314937189334914e-21
48.9347040493,2.3889996951,2.0201973973036175e-18
48.9395979399,2.3889996951,3.514206236280627e-16
48.9444918305,2.3889996951,3.490693169524955e-14
48.9493857211,2.3889996951,1.9799175282929576e-12
48.9542796117,2.3889996951,6.412590658123457e-11
48.9591735023,2.3889996951,1.185962423122583e-09
48.9640673929,2.3889996951,1.252446930490533e-08
48.9689612835,2.3889996951,7.552639053168608e-08
48.9738551741,2.3889996951,2.6006931891099504e-07
48.9787490647,2.3889996951,5.11364416210408e-07
48.7389484253,2.3938935857,6.08191467173533e-32
48.7438423159,2.3938935857,5.027049244885218e-28
48.7487362065,2.3938935857,2.050786555878456e-24
48.7536300971,2.3938935857,4.129165491150037e-21
48.7585239877,2.3938935857,4.103350563575706e-18
48.7634178783,2.3938935857,2.0125628884593006e-15
48.7683117689,2.3938935857,4.871860501671616e-13
48.7732056595,2.3938935857,5.8207473110388235e-11
48.7780995501,2.3938935857,3.4339638401742954e-09
48.7829934407,2.3938935857,1.0111659977916259e-07
48.7878873313,2.3938935857,1.664935144276875e-06
48.7927812219,2.3938935857,2.1047885058657734e-05
48.7976751125,2.3938935857,0.00016481283804522587
48.8025690031,2.3938935857,0.0004473591489882893
48.8074628937,2.3938935857,0.0003420298841697173
48.8123567843,2.3938935857,7.667945061116122e-05
48.8172506749,2.3938935857,7.167102527528637e-06
48.8221445655,2.3938935857,4.998666935040455e-07
48.8270384561,2.3938935857,2.3813305559389867e-08
48.8319323467,2.3938935857,5.922093841992592e-10
48.8368262373,2.3938935857,7.295472906958543e-12
48.8417201279,2.3938935857,4.4362457582767e-14
48.8466140185,2.3938935857,1.3314334618318232e-16
48.8515079091,2.3938935857,2.0119301551302116e-19
48.8564017997,2.3938935857,2.670045610276878e-21
48.8612956903,2.3938935857,5.072430804316275e-22
48.8661895809,2.3938935857,3.2188705262332663e-23
48.8710834715,2.3938935857,6.456620625933784e-25
48.8759773621,2.3938935857,4.093334557665117e-27
48.8808712527,2.3938935857,8.2019912827006e-30
48.8857651433,2.3938935857,5.194352910600129e-33
48.8906590339,2.3938935857,1.0397135171790126e-36
48.8955529245,2.3938935857,6.57757814522487e-41
48.9004468151,2.3938935857,4.446034432852477e-45
48.9053407057,2.3938935857,4.714164626805177e-41
48.9102345963,2.3938935857,4.0532086887870776e-37
48.9151284869,2.3938935857,1.989959228737768e-33
48.9200223775,2.3938935857,5.578794771124638e-30
48.9249162681,2.3938935857,8.930742861388855e-27
48.9298101587,2.3938935857,8.16367634153328e-24
48.9347040493,2.3938935857,4.261229889789475e-21
48.9395979399,2.3938935857,1.270091893943961e-18
48.9444918305,2.3938935857,2.1616546779783848e-16
48.9493857211,2.3938935857,2.100818257767687e-14
48.9542796117,2.3938935857,1.1658472225162684e-12
48.9591735023,2.3938935857,3.694415986646571e-11
48.9640673929,2.3938935857,6.684992749826331e-10
48.9689612835,2.3938935857,6.9072802892274245e-09
48.9738551741,2.3938935857,4.075343420325715e-08
48.9787490647,2.3938935857,1.373005690007033e-07
48.7389484253,2.3987874763,4.7172885222351745e-31
48.7438423159,2.3987874763,3.281873820729352e-27
48.7487362065,2.3987874763,1.126901156922633e-23
48.7536300971,2.3987874763,1.909784108559781e-20
48.7585239877,2.3987874763,1.5974130608110494e-17
48.7634178783,2.3987874763,6.594542823382844e-15
48.7683117689,2.3987874763,1.343651944148881e-12
48.7732056595,2.3987874763,1.351244491141618e-10
48.7780995501,2.3987874763,6.713734627740431e-09
48.7829934407,2.3987874763,1.6822867671109033e-07
48.7878873313,2.3987874763,2.524312237618864e-06
48.7927812219,2.3987874763,3.0304563885864515e-05
48.7976751125,2.3987874763,0.00019395415338150369
48.8025690031,2.3987874763,0.00039529439213038673
48.8074628937,2.3987874763,0.00022400576849293343
48.8123567843,2.3987874763,3.85627769920491e-05
48.8172506749,2.3987874763,3.1356907966886708e-06
48.8221445655,2.3987874763,2.0193862115759426e-07
48.8270384561,2.3987874763,8.28841465608389e-09
48.8319323467,2.3987874763,1.7381002814251255e-10
48.8368262373,2.3987874763,1.802343409068517e-12
48.8417201279,2.3987874763,9.22479644471302e-15
48.8466140185,2.3987874763,2.3303044892741964e-17
48.8515079091,2.3987874763,2.9257329948961096e-20
48.8564017997,2.3987874763,1.513989035371415e-22
48.8612956903,2.3987874763,2.765786773751217e-23
48.8661895809,2.3987874763,1.8100407267544114e-24
48.8710834715,2.3987874763,3.744664941429787e-26
48.8759773621,2.3987874763,2.4485437290003e-28
48.8808712527,2.3987874763,5.060260248497679e-31
48.8857651433,2.3987874763,3.305277518494697e-34
48.8906590339,2.3987874763,6.823592674296653e-38
48.8955529245,2.3987874763,4.452340259785653e-42
48.9004468151,2.3987874763,9.190763074006529e-47
48.9053407057,2.3987874763,2.2804644945756654e-45
48.9102345963,2.3987874763,3.3595736241655666e-41
48.9151284869,2.3987874763,2.8261559191256067e-37
48.9200223775,2.3987874763,1.3575601047244574e-33
48.9249162681,2.3987874763,3.723685626216886e-30
48.9298101587,2.3987874763,5.8322743268082446e-27
48.9347040493,2.3987874763,5.216195635164669e-24
48.9395979399,2.3987874763,2.6639176341872598e-21
48.9444918305,2.3987874763,7.768527497414056e-19
48.9493857211,2.3987874763,1.293622662140914e-16
48.9542796117,2.3987874763,1.2300634556673455e-14
48.9591735023,2.3987874763,6.678799566901663e-13
48.9640673929,2.3987874763,2.0707148488632762e-11
48.9689612835,2.3987874763,3.6660060594539973e-10
48.9738551741,2.3987874763,3.7060993074902508e-09
48.9787490647,2.3987874763,2.1393996453579038e-08
48.7389484253,2.4036813669,3.477197486653801e-30
48.7438423159,2.4036813669,2.0361764959218104e-26
48.7487362065,2.4036813669,5.884858004247622e-23
48.7536300971,2.4036813669,8.394427096847612e-20
48.7585239877,2.4036813669,5.90990691589188e-17
48.7634178783,2.4036813669,2.0535473790530044e-14
48.7683117689,2.4036813669,3.521791883860209e-12
48.7732056595,2.4036813669,2.98115097013448e-10
48.7780995501,2.4036813669,1.2482932626239809e-08
48.7829934407,2.4036813669,2.6844667144900003e-07
48.7878873313,2.4036813669,3.7687392743192137e-06
48.7927812219,2.4036813669,4.187679295837057e-05
48.7976751125,2.4036813669,0.00021231825748139883
48.8025690031,2.4036813669,0.0003223430030978456
48.8074628937,2.4036813669,0.00013563364713772524
48.8123567843,2.4036813669,1.8242244758650555e-05
48.8172506749,2.4036813669,1.3301841565268483e-06
48.8221445655,2.4036813669,7.823751526682703e-08
48.8270384561,2.4036813669,2.744039667123454e-09
48.8319323467,2.4036813669,4.8481344154670965e-11
48.8368262373,2.4036813669,4.231620693802967e-13
48.8417201279,2.4036813669,1.8229837246002684e-15
48.8466140185,2.4036813669,3.876090961424002e-18
48.8515079091,2.4036813669,4.077061370295916e-21
48.8564017997,2.4036813669,8.498487752910601e-24
48.8612956903,2.4036813669,1.36582807639986e-24
48.8661895809,2.4036813669,9.217278881550753e-26
48.8710834715,2.4036813669,1.966754480969957e-27
48.8759773621,2.4036813669,1.3263800317432431e-29
48.8808712527,2.4036813669,2.8271958247569863e-32
48.8857651433,2.4036813669,1.9046443578006288e-35
48.8906590339,2.4036813669,4.055477406708842e-39
48.8955529245,2.4036813669,2.729230185899196e-43
48.9004468151,2.4036813669,5.805084451437731e-48
48.9053407057,2.4036813669,6.405957618985324e-50
48.9102345963,2.4036813669,1.6160214101977215e-45
48.9151284869,2.4036813669,2.329302041391388e-41
48.9200223775,2.4036813669,1.9171473672587257e-37
48.9249162681,2.4036813669,9.01023630232453e-34
48.9298101587,2.4036813669,2.418064368775609e-30
48.9347040493,2.4036813669,3.705531653389096e-27
48.9395979399,2.4036813669,3.24253140108e-24
48.9444918305,2.4036813669,1.6202008170658623e-21
48.9493857211,2.4036813669,4.622793525889598e-19
48.9542796117,2.4036813669,7.531667502500646e-17
48.9591735023,2.4036813669,7.006946073600105e-15
48.9640673929,2.4036813669,3.7223517001450084e-13
48.9689612835,2.4036813669,1.1291640083605234e-11
48.9738551741,2.4036813669,1.9559044842201438e-10
48.9787490647,2.4036813669,1.9345913928933175e-09
48.7389484253,2.4085752575,2.4358529946944928e-29
48.7438423159,2.4085752575,1.200587343633508e-25
48.7487362065,2.4085752575,2.920592408965212e-22
48.7536300971,2.4085752575,3.5065710958934017e-19
48.7585239877,2.4085752575,2.0779201310706495e-16
48.7634178783,2.4085752575,6.077284479780737e-14
48.7683117689,2.4085752575,8.77254975878471e-12
48.7732056595,2.4085752575,6.250898044674346e-10
48.7780995501,2.4085752575,2.2087640347854356e-08
48.7829934407,2.4085752575,4.13147749701931e-07
48.7878873313,2.4085752575,5.5467783131360415e-06
48.7927812219,2.4085752575,5.495764852371228e-05
48.7976751125,2.4085752575,0.00021545654728720616
48.8025690031,2.4085752575,0.00024245196856196536
48.8074628937,2.4085752575,7.604977659988865e-05
48.8123567843,2.4085752575,8.174169037889484e-06
48.8172506749,2.4085752575,5.479287010337127e-07
48.8221445655,2.4085752575,2.898807604205864e-08
48.8270384561,2.4085752575,8.637868461819874e-10
48.8319323467,2.4085752575,1.2851876023612774e-11
48.8368262373,2.4085752575,9.441931384453831e-14
48.8417201279,2.4085752575,3.4236833650444544e-16
48.8466140185,2.4085752575,6.127185339696925e-19
48.8515079091,2.4085752575,5.416036274810776e-22
48.8564017997,2.4085752575,5.130249193063445e-25
48.8612956903,2.4085752575,6.109512958890652e-26
48.8661895809,2.4085752575,4.250565399483915e-27
48.8710834715,2.4085752575,9.35441902556559e-29
48.8759773621,2.4085752575,6.506651907816959e-31
48.8808712527,2.4085752575,1.4304359500465091e-33
48.8857651433,2.4085752575,9.93915234165277e-37
48.8906590339,2.4085752575,2.1827317522158405e-40
48.8955529245,2.4085752575,1.515030838826847e-44
48.9004468151,2.4085752575,3.3236299823346037e-49
48.9053407057,2.4085752575,3.347507088942702e-54
48.9102345963,2.4085752575,4.511155598726106e-50
48.9151284869,2.4085752575,1.1141232714127348e-45
48.9200223775,2.4085752575,1.571193514053888e-41
48.9249162681,2.4085752575,1.2652522049726253e-37
48.9298101587,2.4085752575,5.818024171480094e-34
48.9347040493,2.4085752575,1.5276537583060565e-30
48.9395979399,2.4085752575,2.290473849004789e-27
48.9444918305,2.4085752575,1.9609961261084625e-24
48.9493857211,2.4085752575,9.586920522850018e-22
48.9542796117,2.4085752575,2.6762859338868166e-19
48.9591735023,2.4085752575,4.2661575426063226e-17
48.9640673929,2.4085752575,3.883222364207273e-15
48.9689612835,2.4085752575,2.01835997037847e-13
48.9738551741,2.4085752575,5.990402193260738e-12
48.9787490647,2.4085752575,1.0152297421036499e-10
48.7389484253,2.4134691481,1.6216517421627037e-28
48.7438423159,2.4134691481,6.727549501873762e-25
48.7487362065,2.4134691481,1.3774971734235184e-21
48.7536300971,2.4134691481,1.3920634667429533e-18
48.7585239877,2.4134691481,6.943234943806635e-16
48.7634178783,2.4134691481,1.7092249303011375e-13
48.7683117689,2.4134691481,2.076701056856443e-11
48.7732056595,2.4134691481,1.2457736514143838e-09
48.7780995501,2.4134691481,3.723944648910035e-08
48.7829934407,2.4134691481,6.176817324563555e-07
48.7878873313,2.4134691481,8.01212036613233e-06
48.7927812219,2.4134691481,6.78899911493575e-05
48.7976751125,2.4134691481,0.00020220087385612964
48.8025690031,2.4134691481,0.0001681875363012993
48.8074628937,2.4134691481,3.958331626746258e-05
48.8123567843,2.4134691481,3.4971835979162523e-06
48.8172506749,2.4134691481,2.1890036500703536e-07
48.8221445655,2.4134691481,1.0249023149812885e-08
48.8270384561,2.4134691481,2.584764414807278e-10
48.8319323467,2.4134691481,3.2377735876708624e-12
48.8368262373,2.4134691481,2.002164669511939e-14
48.8417201279,2.4134691481,6.110675123282725e-17
48.8466140185,2.4134691481,9.204774348852678e-20
48.8515079091,2.4134691481,6.844907005279743e-23
48.8564017997,2.4134691481,3.598886161376863e-26
48.8612956903,2.4134691481,2.4762483857658463e-27
48.8661895809,2.4134691481,1.7750900040584788e-28
48.8710834715,2.4134691481,4.02914576834379e-30
48.8759773621,2.4134691481,2.8905245337581066e-32
48.8808712527,2.4134691481,6.554060256882755e-35
48.8857651433,2.4134691481,4.69693216464087e-38
48.8906590339,2.4134691481,1.0638691954882518e-41
48.8955529245,2.4134691481,7.6160935175503e-46
48.9004468151,2.4134691481,1.7232424729618425e-50
48.9053407057,2.4134691481,1.232438771605626e-55
48.9102345963,2.4134691481,7.308132597334402e-55
48.9151284869,2.4134691481,3.092562130241122e-50
48.9200223775,2.4134691481,7.472769855109837e-46
48.9249162681,2.4134691481,1.031088098723562e-41
48.9298101587,2.4134691481,8.123832010213266e-38
48.9347040493,2.4134691481,3.654913369530307e-34
48.9395979399,2.4134691481,9.389538221538448e-31
48.9444918305,2.4134691481,1.377407279733554e-27
48.9493857211,2.4134691481,1.1538025832630079e-24
48.9542796117,2.4134691481,5.518888668518775e-22
48.9591735023,2.4134691481,1.507380013706012e-19
48.9640673929,2.4134691481,2.350957972223902e-17
48.9689612835,2.4134691481,2.093716961195789e-15
48.9738551741,2.4134691481,1.0647363238088053e-13
48.9787490647,2.4134691481,3.0918410770680163e-12
48.7389484253,2.4183630387,1.02600366368687e-27
48.7438423159,2.4183630387,3.5826538028154295e-24
48.7487362065,2.4183630387,6.1744073907478405e-21
48.7536300971,2.4183630387,5.251945657836727e-18
48.7585239877,2.4183630387,2.2048531642635204e-15
48.7634178783,2.4183630387,4.568500852912763e-13
48.7683117689,2.4183630387,4.6720768871108064e-11
48.7732056595,2.4183630387,2.360137541887914e-09
48.7780995501,2.4183630387,5.995355111718993e-08
48.7829934407,2.4183630387,9.041378733201433e-07
48.7878873313,2.4183630387,1.1255638623885002e-05
48.7927812219,2.4183630387,7.840007493921649e-05
48.7976751125,2.4183630387,0.00017521233480550299
48.8025690031,2.4183630387,0.00010763190523894853
48.8074628937,2.4183630387,1.9192243444161357e-05
48.8123567843,2.4183630387,1.4401083941013576e-06
48.8172506749,2.4183630387,8.455420451842138e-08
48.8221445655,2.4183630387,3.452448941872395e-09
48.8270384561,2.4183630387,7.351539443843849e-11
48.8319323467,2.4183630387,7.751980073763024e-13
48.8368262373,2.4183630387,4.0348144184471066e-15
48.8417201279,2.4183630387,1.0365006948877346e-17
48.8466140185,2.4183630387,1.3141657616542219e-20
48.8515079091,2.4183630387,8.224182359505982e-24
48.8564017997,2.4183630387,2.9266114332469463e-27
48.8612956903,2.4183630387,9.10179376072948e-29
48.8661895809,2.4183630387,6.713113473532966e-30
48.8710834715,2.4183630387,1.5715877246104391e-31
48.8759773621,2.4183630387,1.1628541152407159e-33
48.8808712527,2.4183630387,2.7194553417439795e-36
48.8857651433,2.4183630387,2.010058589710412e-39
48.8906590339,2.4183630387,4.695756731570242e-43
48.8955529245,2.4183630387,3.4671493610689086e-47
48.9004468151,2.4183630387,8.091137847905942e-52
48.9053407057,2.4183630387,5.967834097482419e-57
48.9102345963,2.4183630387,6.884635274113511e-60
48.9151284869,2.4183630387,4.981743588449571e-55
48.9200223775,2.4183630387,2.0625822972613375e-50
48.9249162681,2.4183630387,4.876319965531494e-46
48.9298101587,2.4183630387,6.583003659406255e-42
48.9347040493,2.4183630387,5.074660486067692e-38
48.9395979399,2.4183630387,2.23378247783922e-34
48.9444918305,2.4183630387,5.6146897237076435e-31
48.9493857211,2.4183630387,8.0586377936241295e-28
48.9542796117,2.4183630387,6.604630172737509e-25
48.9591735023,2.4183630387,3.090910041555449e-22
48.9640673929,2.4183630387,8.259908185876335e-20
48.9689612835,2.4183630387,1.2604193665070555e-17
48.9738551741,2.4183630387,1.0982618765933597e-15
48.9787490647,2.4183630387,5.4644661811512246e-14
48.7389484253,2.4232569293,6.1691457461645154e-27
48.7438423159,2.4232569293,1.8131660795360022e-23
48.7487362065,2.4232569293,2.63017500451985e-20
48.7536300971,2.4232569293,1.883068905000558e-17
48.7585239877,2.4232569293,6.653992156869454e-15
48.7634178783,2.4232569293,1.160467854272116e-12
48.7683117689,2.4232569293,9.989375139045091e-11
48.7732056595,2.4232569293,4.251724550415251e-09
48.7780995501,2.4232569293,9.249245229467357e-08
48.7829934407,2.4232569293,1.303944841552877e-06
48.7878873313,2.4232569293,1.520537044648636e-05
48.7927812219,2.4232569293,8.421230973006462e-05
48.7976751125,2.4232569293,0.00014004347855917716
48.8025690031,2.4232569293,6.358709673694108e-05
48.8074628937,2.4232569293,8.710068803075333e-06
48.8123567843,2.4232569293,5.746833496876916e-07
48.8172506749,2.4232569293,3.145558518798364e-08
48.8221445655,2.4232569293,1.1068884353461462e-09
48.8270384561,2.4232569293,1.987234423510055e-11
48.8319323467,2.4232569293,1.7638604235879102e-13
48.8368262373,2.4232569293,7.727377715785866e-16
48.8417201279,2.4232569293,1.6708397576435027e-18
48.8466140185,2.4232569293,1.7830846804131364e-21
48.8515079091,2.4232569293,9.391850416118053e-25
48.8564017997,2.4232569293,2.5659658179859353e-28
48.8612956903,2.4232569293,3.0407598461530145e-30
48.8661895809,2.4232569293,2.29910104469812e-31
48.8710834715,2.4232569293,5.55128807418442e-33
48.8759773621,2.4232569293,4.236461815597169e-35
48.8808712527,2.4232569293,1.021840050617224e-37
48.8857651433,2.4232569293,7.789913460568933e-41
48.8906590339,2.4232569293,1.876948832293993e-44
48.8955529245,2.4232569293,1.4293622954210468e-48
48.9004468151,2.4232569293,3.4403473937647537e-53
48.9053407057,2.4232569293,2.617172586840313e-58
48.9102345963,2.4232569293,6.667500912212475e-64
48.9151284869,2.4232569293,4.657169632960205e-60
48.9200223775,2.4232569293,3.303837772450496e-55
48.9249162681,2.4232569293,1.3383397111720793e-50
48.9298101587,2.4232569293,3.0957437738803287e-46
48.9347040493,2.4232569293,4.088976786217781e-42
48.9395979399,2.4232569293,3.0840064314410016e-38
48.9444918305,2.4232569293,1.3282104669191805e-34
48.9493857211,2.4232569293,3.2664011128055848e-31
48.9542796117,2.4232569293,4.586940689461469e-28
48.9591735023,2.4232569293,3.6781355275331544e-25
48.9640673929,2.4232569293,1.6841599046125863e-22
48.9689612835,2.4232569293,4.4034179977022354e-20
48.9738551741,2.4232569293,6.574269387246494e-18
48.9787490647,2.4232569293,5.604747753852506e-16
48.7389484253,2.4281508199,3.525217764696454e-26
48.7438423159,2.4281508199,8.720775935419456e-23
48.7487362065,2.4281508199,1.0647773683965239e-19
48.7536300971,2.4281508199,6.41648229958585e-17
48.7585239877,2.4281508199,1.908401284127024e-14
48.7634178783,2.4281508199,2.801416182566802e-12
48.7683117689,2.4281508199,2.0298756284595086e-10
48.7732056595,2.4281508199,7.28738569813222e-09
48.7780995501,2.4281508199,1.3745442175231907e-07
48.7829934407,2.4281508199,1.8568549696350477e-06
48.7878873313,2.4281508199,1.9534784998185178e-05
48.7927812219,2.4281508199,8.383839547364666e-05
48.7976751125,2.4281508199,0.00010318758272914667
48.8025690031,2.4281508199,3.472171490297108e-05
48.8074628937,2.4281508199,3.723387091801572e-06
48.8123567843,2.4281508199,2.231767343789797e-07
48.8172506749,2.4281508199,1.1227681287756758e-08
48.8221445655,2.4281508199,3.3754403763943225e-10
48.8270384561,2.4281508199,5.105265475455823e-12
48.8319323467,2.4281508199,3.814176843860022e-14
48.8368262373,2.4281508199,1.4064539616501694e-16
48.8417201279,2.4281508199,2.5596748678627496e-19
48.8466140185,2.4281508199,2.2992097586201046e-22
48.8515079091,2.4281508199,1.0193160185266414e-25
48.8564017997,2.4281508199,2.266632461180596e-29
48.8612956903,2.4281508199,9.29034327187022e-32
48.8661895809,2.4281508199,7.130563088571878e-33
48.8710834715,2.4281508199,1.7757359667468786e-34
48.8759773621,2.4281508199,1.397689963038319e-36
48.8808712527,2.4281508199,3.477069711924436e-39
48.8857651433,2.4281508199,2.73392148183883e-42
48.8906590339,2.4281508199,6.794050412078806e-46
48.8955529245,2.4281508199,5.336316508079406e-50
48.9004468151,2.4281508199,1.3247211927668394e-54
48.9053407057,2.4281508199,1.0393874670018324e-59
48.9102345963,2.4281508199,2.5775230355196003e-65
48.9151284869,2.4281508199,2.5266252962091436e-65
48.9200223775,2.4281508199,3.07117024586138e-60
48.9249162681,2.4281508199,2.1316617075438997e-55
48.9298101587,2.4281508199,8.448578994889435e-51
48.9347040493,2.4281508199,1.9120535346782277e-46
48.9395979399,2.4281508199,2.470969697598086e-42
48.9444918305,2.4281508199,1.8234160976652491e-38
48.9493857211,2.4281508199,7.683430067913137e-35
48.9542796117,2.4281508199,1.8487385374523407e-31
48.9591735023,2.4281508199,2.540076748246832e-28
48.9640673929,2.4281508199,1.9928250648467672e-25
48.9689612835,2.4281508199,8.927760024937914e-23
48.9738551741,2.4281508199,2.2838460862271952e-20
48.9787490647,2.4281508199,3.336123735060413e-18
48.7389484253,2.4330447105,1.9143955225007717e-25
48.7438423159,2.4330447105,3.9861851886594293e-22
48.7487362065,2.4330447105,4.0965454509248755e-19
48.7536300971,2.4330447105,2.0778423305767844e-16
48.7585239877,2.4330447105,5.2016595543185136e-14
48.7634178783,2.4330447105,6.426992538929151e-12
48.7683117689,2.4330447105,3.920365458282638e-10
48.7732056595,2.4330447105,1.1896516938122354e-08
48.7780995501,2.4330447105,1.9816985396931288e-07
48.7829934407,2.4330447105,2.6014735075318818e-06
48.7878873313,2.4330447105,2.3643902233783754e-05
48.7927812219,2.4330447105,7.717197235573526e-05
48.7976751125,2.4330447105,7.007538142669944e-05
48.8025690031,2.4330447105,1.755690702728868e-05
48.8074628937,2.4330447105,1.510989387780583e-06
48.8123567843,2.4330447105,8.441994050194074e-08
48.8172506749,2.4330447105,3.833050105139967e-09
48.8221445655,2.4330447105,9.786773705920517e-11
48.8270384561,2.4330447105,1.2464606878425373e-12
48.8319323467,2.4330447105,7.838308069148287e-15
48.8368262373,2.4330447105,2.4327848429025876e-17
48.8417201279,2.4330447105,3.726658596513596e-20
48.8466140185,2.4330447105,2.817539549326209e-23
48.8515079091,2.4330447105,1.051369623727487e-26
48.8564017997,2.4330447105,1.9458916523500338e-30
48.8612956903,2.4330447105,2.640297249815911e-33
48.8661895809,2.4330447105,2.0027388126319875e-34
48.8710834715,2.4330447105,5.143899899462565e-36
48.8759773621,2.4330447105,4.175878792538781e-38
48.8808712527,2.4330447105,1.0714535871285784e-40
48.8857651433,2.4330447105,8.688982646228551e-44
48.8906590339,2.4330447105,2.227073675762491e-47
48.8955529245,2.4330447105,1.8041403813700748e-51
48.9004468151,2.4330447105,4.619299889747302e-56
48.9053407057,2.4330447105,3.738109997513027e-61
48.9102345963,2.4330447105,9.560884761939961e-67
48.9151284869,2.4330447105,8.03222415141054e-71
48.9200223775,2.4330447105,1.6567875348560738e-65
48.9249162681,2.4330447105,1.970370752203679e-60
48.9298101587,2.4330447105,1.3380738378564438e-55
48.9347040493,2.4330447105,5.188755416688288e-51
48.9395979399,2.4330447105,1.1489399041745755e-46
48.9444918305,2.4330447105,1.4527216874645232e-42
48.9493857211,2.4330447105,1.0488624076132476e-38
48.9542796117,2.4330447105,4.3241984156720534e-35
48.9591735023,2.4330447105,1.0179904405276159e-31
48.9640673929,2.4330447105,1.3684621171610017e-28
48.9689612835,2.4330447105,1.0504438731207193e-25
48.9738551741,2.4330447105,4.604303238327662e-23
48.9787490647,2.4330447105,1.1524072391691846e-20
48.7389484253,2.4379386011,9.88011933399825e-25
48.7438423159,2.4379386011,1.731588187291235e-21
48.7487362065,2.4379386011,1.4978266175255521e-18
48.7536300971,2.4379386011,6.394594050447363e-16
48.7585239877,2.4379386011,1.3474075448118583e-13
48.7634178783,2.4379386011,1.4012800831994415e-11
48.7683117689,2.4379386011,7.197133582726697e-10
48.7732056595,2.4379386011,1.853212697331357e-08
48.7780995501,2.4379386011,2.794188545098552e-07
48.7829934407,2.4379386011,3.5543743048399515e-06
48.7878873313,2.4379386011,2.676540087982363e-05
48.7927812219,2.4379386011,6.55713779690004e-05
48.7976751125,2.4379386011,4.386607487841799e-05
48.8025690031,2.4379386011,8.24330966621984e-06
48.8074628937,2.4379386011,5.872445088062961e-07
48.8123567843,2.4379386011,3.103789472913796e-08
48.8172506749,2.4379386011,1.2486498561595878e-09
48.8221445655,2.4379386011,2.6973435608945394e-11
48.8270384561,2.4379386011,2.892187090721225e-13
48.8319323467,2.4379386011,1.530836002562655e-15
48.8368262373,2.4379386011,3.9991406873351726e-18
48.8417201279,2.4379386011,5.1563122952245424e-21
48.8466140185,2.4379386011,3.2813023406095725e-24
48.8515079091,2.4379386011,1.030594698750538e-27
48.8564017997,2.4379386011,1.5998759980853046e-31
48.8612956903,2.4379386011,7.29929714294381e-35
48.8661895809,2.4379386011,5.0940970411802674e-36
48.8710834715,2.4379386011,1.3493857524676163e-37
48.8759773621,2.4379386011,1.129833403469744e-39
48.8808712527,2.4379386011,2.9899423612867754e-42
48.8857651433,2.4379386011,2.500813528892755e-45
48.8906590339,2.4379386011,6.611041630722556e-49
48.8955529245,2.4379386011,5.523680648012098e-53
48.9004468151,2.4379386011,1.4586709025554274e-57
48.9053407057,2.4379386011,1.2174641052712323e-62
48.9102345963,2.4379386011,3.211626994595811e-68
48.9151284869,2.4379386011,2.6922484347633265e-74
48.9200223775,2.4379386011,5.18689545485204e-71
48.9249162681,2.4379386011,1.0569522562804838e-65
48.9298101587,2.4379386011,1.2298559286824944e-60
48.9347040493,2.4379386011,8.17154357858438e-56
48.9395979399,2.4379386011,3.1003088243864557e-51
48.9444918305,2.4379386011,6.716713206149636e-47
48.9493857211,2.4379386011,8.309208308727317e-43
48.9542796117,2.4379386011,5.869667247009681e-39
48.9591735023,2.4379386011,2.367654399751206e-35
48.9640673929,2.4379386011,5.453485104773439e-32
48.9689612835,2.4379386011,7.172671579228787e-29
48.9738551741,2.4379386011,5.386898017762415e-26
48.9787490647,2.4379386011,2.31018922986087e-23
48.7389484253,2.4428324917,4.8459341774065404e-24
48.7438423159,2.4428324917,7.148526939531027e-21
48.7487362065,2.4428324917,5.2046329978141066e-18
48.7536300971,2.4428324917,1.870243567989211e-15
48.7585239877,2.4428324917,3.31696509010122e-13
48.7634178783,2.4428324917,2.9035705605491532e-11
48.7683117689,2.4428324917,1.2562356707268847e-09
48.7732056595,2.4428324917,2.7633973189387348e-08
48.7780995501,2.4428324917,3.880762242539067e-07
48.7829934407,2.4428324917,4.681592916104512e-06
48.7878873313,2.4428324917,2.8188763190677568e-05
48.7927812219,2.4428324917,5.1374406069358206e-05
48.7976751125,2.4428324917,2.532333460782507e-05
48.8025690031,2.4428324917,3.6079268222825193e-06
48.8074628937,2.4428324917,2.2049574327245613e-07
48.8123567843,2.4428324917,1.104679593850053e-08
48.8172506749,2.4428324917,3.8750551258615614e-10
48.8221445655,2.4428324917,7.065927761686321e-12
48.8270384561,2.4428324917,6.377642109094403e-14
48.8319323467,2.4428324917,2.8413178493542036e-16
48.8368262373,2.4428324917,6.247617955324591e-19
48.8417201279,2.4428324917,6.780217374830197e-22
48.8466140185,2.4428324917,3.6316775069151506e-25
48.8515079091,2.4428324917,9.600756742811675e-29
48.8564017997,2.4428324917,1.2531702967158556e-32
48.8612956903,2.4428324917,2.1638033648769074e-36
48.8661895809,2.4428324917,1.1734725158113185e-37
48.8710834715,2.4428324917,3.2055992946358887e-39
48.8759773621,2.4428324917,2.7682826089570626e-41
48.8808712527,2.4428324917,7.555822679551487e-44
48.8857651433,2.4428324917,6.518132407058729e-47
48.8906590339,2.4428324917,1.7771933820799093e-50
48.8955529245,2.4428324917,1.5314974724106376e-54
48.9004468151,2.4428324917,4.171266806100965e-59
48.9053407057,2.4428324917,3.590787812883488e-64
48.9102345963,2.4428324917,9.769708450496746e-70
48.9151284869,2.4428324917,8.401244660642562e-76
48.9200223775,2.4428324917,9.423819783734333e-77
48.9249162681,2.4428324917,3.2903381837251376e-71
48.9298101587,2.4428324917,6.560034871862801e-66
48.9347040493,2.4428324917,7.468317139472113e-61
48.9395979399,2.4428324917,4.855012460573708e-56
48.9444918305,2.4428324917,1.8022247067392934e-51
48.9493857211,2.4428324917,3.8201333454280356e-47
48.9542796117,2.4428324917,4.62380062513668e-43
48.9591735023,2.4428324917,3.195734338940376e-39
48.9640673929,2.4428324917,1.2612269216337202e-35
48.9689612835,2.4428324917,2.8422795399541644e-32
48.9738551741,2.4428324917,3.657558982962403e-29
48.9787490647,2.4428324917,2.687613916717467e-26
48.7389484253,2.4477263823,2.258799234523164e-23
48.7438423159,2.4477263823,2.804615322076472e-20
48.7487362065,2.4477263823,1.718713459763387e-17
48.7536300971,2.4477263823,5.198381667908572e-15
48.7585239877,2.4477263823,7.760109317246703e-13
48.7634178783,2.4477263823,5.717916907470639e-11
48.7683117689,2.4477263823,2.0857575585930956e-09
48.7732056595,2.4477263823,3.9633502466052135e-08
48.7780995501,2.4477263823,5.327404598387278e-07
48.7829934407,2.4477263823,5.875726649463983e-06
48.7878873313,2.4477263823,2.7517837051697108e-05
48.7927812219,2.4477263823,3.7092228007469964e-05
48.7976751125,2.4477263823,1.349351023961608e-05
48.8025690031,2.4477263823,1.4799552571695402e-06
48.8074628937,2.4477263823,8.054814409339406e-08
48.8123567843,2.4477263823,3.788490988722795e-09
48.8172506749,2.4477263823,1.1444744756322866e-10
48.8221445655,2.4477263823,1.7591855649866941e-12
48.8270384561,2.4477263823,1.3365314475085092e-14
48.8319323467,2.4477263823,5.0118235968722676e-17
48.8368262373,2.4477263823,9.275707530568184e-20
48.8417201279,2.4477263823,8.47291447904603e-23
48.8466140185,2.4477263823,3.8199097695030314e-26
48.8515079091,2.4477263823,8.499784148980223e-30
48.8564017997,2.4477263823,9.335604499176178e-34
48.8612956903,2.4477263823,7.804221856447178e-38
48.8661895809,2.4477263823,2.4484871082210264e-39
48.8710834715,2.4477263823,6.896232050221394e-41
48.8759773621,2.4477263823,6.142369329436869e-43
48.8808712527,2.4477263823,1.7291401150425156e-45
48.8857651433,2.4477263823,1.5384894924293372e-48
48.8906590339,2.4477263823,4.32642291945372e-52
48.8955529245,2.4477263823,3.8453289254546918e-56
48.9004468151,2.4477263823,1.0802097851563086e-60
48.9053407057,2.4477263823,9.59075522949975e-66
48.9102345963,2.4477263823,2.6913339851489917e-71
48.9151284869,2.4477263823,2.3870002902145892e-77
48.9200223775,2.4477263823,1.0605365777855398e-82
48.9249162681,2.4477263823,5.944337427063027e-77
48.9298101587,2.4477263823,2.030653417186336e-71
48.9347040493,2.4477263823,3.9611305121620893e-66
48.9395979399,2.4477263823,4.412182732692301e-61
48.9444918305,2.4477263823,2.8063305409952283e-56
48.9493857211,2.4477263823,1.0192369226023166e-51
48.9542796117,2.4477263823,2.1137930535499611e-47
48.9591735023,2.4477263823,2.50323013295543e-43
48.9640673929,2.4477263823,1.6927393221866864e-39
48.9689612835,2.4477263823,6.536275980323681e-36
48.9738551741,2.4477263823,1.4411914349026922e-32
48.9787490647,2.4477263823,1.8145291815120673e-29
48.7389484253,2.4526202729,1.0006047343188914e-22
48.7438423159,2.4526202729,1.045718633931548e-19
48.7487362065,2.4526202729,5.3938845387512697e-17
48.7536300971,2.4526202729,1.373165744601388e-14
48.7585239877,2.4526202729,1.7253617128971346e-12
48.7634178783,2.4526202729,1.0701849047369841e-10
48.7683117689,2.4526202729,3.2970075921530202e-09
48.7732056595,2.4526202729,5.504202044545332e-08
48.7780995501,2.4526202729,7.211531948660084e-07
48.7829934407,2.4526202729,6.9571585180673736e-06
48.7878873313,2.4526202729,2.483612321133151e-05
48.7927812219,2.4526202729,2.467149693444818e-05
48.7976751125,2.4526202729,6.6459249406021765e-06
48.8025690031,2.4526202729,5.729806727550839e-07
48.8074628937,2.4526202729,2.87365741115023e-08
48.8123567843,2.4526202729,1.2466467598703803e-09
48.8172506749,2.4526202729,3.214787994704041e-11
48.8221445655,2.4526202729,4.1624628262709733e-13
48.8270384561,2.4526202729,2.6618477229917416e-15
48.8319323467,2.4526202729,8.401494268046869e-18
48.8368262373,2.4526202729,1.308773308217417e-20
48.8417201279,2.4526202729,1.0062521668518589e-23
48.8466140185,2.4526202729,3.818420326625229e-27
48.8515079091,2.4526202729,7.151467088893262e-31
48.8564017997,2.4526202729,6.610775479552507e-35
48.8612956903,2.4526202729,3.518574821368531e-39
48.8661895809,2.4526202729,4.629183387262524e-41
48.8710834715,2.4526202729,1.343519767077903e-42
48.8759773621,2.4526202729,1.234215272025263e-44
48.8808712527,2.4526202729,3.583505729448793e-47
48.8857651433,2.4526202729,3.288481314523883e-50
48.8906590339,2.4526202729,9.537899496420901e-54
48.8955529245,2.4526202729,8.743396897631568e-58
48.9004468151,2.4526202729,2.5332481407400534e-62
48.9053407057,2.4526202729,2.319772308955882e-67
48.9102345963,2.4526202729,6.714026876024319e-73
48.9151284869,2.4526202729,6.141732242129841e-79
48.9200223775,2.4526202729,1.7763046186115935e-85
48.9249162681,2.4526202729,6.232239289811082e-83
48.9298101587,2.4526202729,3.647902430998877e-77
48.9347040493,2.4526202729,1.219251507496615e-71
48.9395979399,2.4526202729,2.3269892756161897e-66
48.9444918305,2.4526202729,2.5359836867315663e-61
48.9493857211,2.4526202729,1.5781545163162516e-56
48.9542796117,2.4526202729,5.607942896257858e-52
48.9591735023,2.4526202729,1.1379118919907034e-47
48.9640673929,2.4526202729,1.3184530911716145e-43
48.9689612835,2.4526202729,8.723117504124338e-40
48.9738551741,2.4526202729,3.295564042938958e-36
48.9787490647,2.4526202729,7.109495473480889e-33
48.7389484253,2.4575141635,4.212425909492695e-22
48.7438423159,2.4575141635,3.7054520003299375e-19
48.7487362065,2.4575141635,1.6087353828882505e-16
48.7536300971,2.4575141635,3.447169003784311e-14
48.7585239877,2.4575141635,3.6456820857574025e-12
48.7634178783,2.4575141635,1.9038528955325897e-10
48.7683117689,2.4575141635,4.969653511341491e-09
48.7732056595,2.4575141635,7.462051837886974e-08
48.7780995501,2.4575141635,9.548871854197041e-07
48.7829934407,2.4575141635,7.711530078183134e-06
48.7878873313,2.4575141635,2.068912142242706e-05
48.7927812219,2.4575141635,1.5117722672920259e-05
48.7976751125,2.4575141635,3.0320674833045673e-06
48.8025690031,2.4575141635,2.112032814488015e-07
48.8074628937,2.4575141635,1.0011912464331233e-08
48.8123567843,2.4575141635,3.9229280857972794e-10
48.8172506749,2.4575141635,8.585372004582227e-12
48.8221445655,2.4575141635,9.360067777518737e-14
48.8270384561,2.4575141635,5.038161721969376e-16
48.8319323467,2.4575141635,1.3384498247913211e-18
48.8368262373,2.4575141635,1.754957535030284e-21
48.8417201279,2.4575141635,1.1357052533528101e-24
48.8466140185,2.4575141635,3.627431018756958e-28
48.8515079091,2.4575141635,5.718303417783708e-32
48.8564017997,2.4575141635,4.4491028489439334e-36
48.8612956903,2.4575141635,1.7918311495800974e-40
48.8661895809,2.4575141635,7.939265225400098e-43
48.8710834715,2.4575141635,2.3703142205040983e-44
48.8759773621,2.4575141635,2.2458223202765826e-46
48.8808712527,2.4575141635,6.725359557928201e-49
48.8857651433,2.4575141635,6.3654001563573085e-52
48.8906590339,2.4575141635,1.9041712379612525e-55
48.8955529245,2.4575141635,1.8003476637482093e-59
48.9004468151,2.4575141635,5.379932738410063e-64
48.9053407057,2.4575141635,5.081213000373289e-69
48.9102345963,2.4575141635,1.5167990330663184e-74
48.9151284869,2.4575141635,1.431063067568745e-80
48.9200223775,2.4575141635,4.267363070560866e-87
48.9249162681,2.4575141635,3.7919896326224776e-89
48.9298101587,2.4575141635,3.803017911476862e-83
48.9347040493,2.4575141635,2.1779364329391142e-77
48.9395979399,2.4575141635,7.122181258302673e-72
48.9444918305,2.4575141635,1.3299393551279376e-66
48.9493857211,2.4575141635,1.4180829859842045e-61
48.9542796117,2.4575141635,8.634206840673651e-57
48.9591735023,2.4575141635,3.0018863327984156e-52
48.9640673929,2.4575141635,5.959598908493148e-48
48.9689612835,2.4575141635,6.756018242174533e-44
48.9738551741,2.4575141635,4.373363624588425e-40
48.9787490647,2.4575141635,1.6165582430327564e-36
48.7389484253,2.4624080541,1.6853371639828855e-21
48.7438423159,2.4624080541,1.2478211351561577e-18
48.7487362065,2.4624080541,4.559869175616366e-16
48.7536300971,2.4624080541,8.22407458133754e-14
48.7585239877,2.4624080541,7.32092713632351e-12
48.7634178783,2.4624080541,3.219889936843454e-10
48.7683117689,2.4624080541,7.162220363962131e-09
48.7732056595,2.4624080541,9.952999102881553e-08
48.7780995501,2.4624080541,1.222622762342889e-06
48.7829934407,2.4624080541,7.956780355495503e-06
48.7878873313,2.4624080541,1.5889259491583647e-05
48.7927812219,2.4624080541,8.536632147989995e-06
48.7976751125,2.4624080541,1.285366797461028e-06
48.8025690031,2.4624080541,7.48376239610781e-08
48.8074628937,2.4624080541,3.395355710030037e-09
48.8123567843,2.4624080541,1.1776705381419178e-10
48.8172506749,2.4624080541,2.1794142499697052e-12
48.8221445655,2.4624080541,2.000297607765951e-14
48.8270384561,2.4624080541,9.062454256254732e-17
48.8319323467,2.4624080541,2.026433962623849e-19
48.8368262373,2.4624080541,2.2364211754413193e-22
48.8417201279,2.4624080541,1.2181737623006093e-25
48.8466140185,2.4624080541,3.274910170591181e-29
48.8515079091,2.4624080541,4.345342848714371e-33
48.8564017997,2.4624080541,2.845665356694067e-37
48.8612956903,2.4624080541,9.32285467038591e-42
48.8661895809,2.4624080541,1.2394961148128335e-44
48.8710834715,2.4624080541,3.7870211473780035e-46
48.8759773621,2.4624080541,3.700746692084068e-48
48.8808712527,2.4624080541,1.143016239499812e-50
48.8857651433,2.4624080541,1.115797875969069e-53
48.8906590339,2.4624080541,3.442617309119178e-57
48.8955529245,2.4624080541,3.357082805778094e-61
48.9004468151,2.4624080541,1.0346785538049309e-65
48.9053407057,2.4624080541,1.0079034437932648e-70
48.9102345963,2.4624080541,3.1031480694788016e-76
48.9151284869,2.4624080541,3.0196468619523207e-82
48.9200223775,2.4624080541,9.287095305288831e-89
48.9249162681,2.4624080541,2.2416955188999072e-95
48.9298101587,2.4624080541,2.300865738202743e-89
48.9347040493,2.4624080541,2.2577447857524806e-83
48.9395979399,2.4624080541,1.2650550131046051e-77
48.9444918305,2.4624080541,4.0475756003309914e-72
48.9493857211,2.4624080541,7.394886620074204e-67
48.9542796117,2.4624080541,7.714700372738708e-62
48.9591735023,2.4624080541,4.5957627453507676e-57
48.9640673929,2.4624080541,1.5633172874915325e-52
48.9689612835,2.4624080541,3.036600462175822e-48
48.9738551741,2.4624080541,3.3680549650886753e-44
48.9787490647,2.4624080541,2.1331513983231865e-40
48.7389484253,2.4673019447,6.408053374251321e-21
48.7438423159,2.4673019447,3.9934502932209375e-18
48.7487362065,2.4673019447,1.2283014175885475e-15
48.7536300971,2.4673019447,1.8646462134668944e-13
48.7585239877,2.4673019447,1.3971646369463862e-11
48.7634178783,2.4673019447,5.178940686328019e-10
48.7683117689,2.4673019447,9.911286641006852e-09
48.7732056595,2.4673019447,1.3124358533662634e-07
48.7780995501,2.4673019447,1.4955608289957422e-06
48.7829934407,2.4673019447,7.6121151001198175e-06
48.7878873313,2.4673019447,1.12426723064903e-05
48.7927812219,2.4673019447,4.445032949535867e-06
48.7976751125,2.4673019447,5.085576815787511e-07
48.8025690031,2.4673019447,2.5727368354059425e-08
48.8074628937,2.4673019447,1.115238324802668e-09
48.8123567843,2.4673019447,3.367389242034538e-11
48.8172506749,2.4673019447,5.258340330576871e-13
48.8221445655,2.4673019447,4.062524073379396e-15
48.8270384561,2.4673019447,1.5491888427790788e-17
48.8319323467,2.4673019447,2.915732087985942e-20
48.8368262373,2.4673019447,2.708478419432011e-23
48.8417201279,2.4673019447,1.2417599486297335e-26
48.8466140185,2.4673019447,2.8098583180707142e-30
48.8515079091,2.4673019447,3.13809221224344e-34
48.8564017997,2.4673019447,1.729743150145221e-38
48.8612956903,2.4673019447,4.722810932989128e-43
48.8661895809,2.4673019447,1.781375185519504e-46
48.8710834715,2.4673019447,5.479239080147919e-48
48.8759773621,2.4673019447,5.52246298526593e-50
48.8808712527,2.4673019447,1.7592144408760492e-52
48.8857651433,2.4673019447,1.7712295055218482e-55
48.8906590339,2.4673019447,5.636389315646185e-59
48.8955529245,2.4673019447,5.668879372950152e-63
48.9004468151,2.4673019447,1.8020363065159054e-67
48.9053407057,2.4673019447,1.810505904720296e-72
48.9102345963,2.4673019447,5.749187099983096e-78
48.9151284869,2.4673019447,5.7700958479114835e-84
48.9200223775,2.4673019447,1.8303312736782852e-90
48.9249162681,2.4673019447,1.8350713487037953e-97
48.9298101587,2.4673019447,8.078522391468211e-96
48.9347040493,2.4673019447,1.358257917566967e-89
48.9395979399,2.4673019447,1.304017894462672e-83
48.9444918305,2.4673019447,7.148844492934066e-78
48.9493857211,2.4673019447,2.2378920953524188e-72
48.9542796117,2.4673019447,4.0003079724212846e-67
48.9591735023,2.4673019447,4.083181700781301e-62
48.9640673929,2.4673019447,2.3798795558674333e-57
48.9689612835,2.4673019447,7.920675904766681e-53
48.9738551741,2.4673019447,1.5052911270321778e-48
48.9787490647,2.4673019447,1.6335399241715075e-44
