LATITUDE,LONGITUDE,probability
48.7389484253,2.2275013053,6.91426366875044e-118
48.7438423159,2.2275013053,1.7198383673429263e-111
48.7487362065,2.2275013053,2.2869569895296333e-105
48.7536300971,2.2275013053,1.6257622236718426e-99
48.7585239877,2.2275013053,6.17852383587262e-94
48.7634178783,2.2275013053,1.2552813956104832e-88
48.7683117689,2.2275013053,1.363408902340523e-83
48.7732056595,2.2275013053,7.916620486833467e-79
48.7780995501,2.2275013053,2.4574358732626835e-74
48.7829934407,2.2275013053,4.078056410673971e-70
48.7878873313,2.2275013053,3.6178697845291913e-66
48.7927812219,2.2275013053,1.7158578324124468e-62
48.7976751125,2.2275013053,4.3504916434440784e-59
48.8025690031,2.2275013053,5.896903807240379e-56
48.8074628937,2.2275013053,4.27305433734169e-53
48.8123567843,2.2275013053,1.6553180656473845e-50
48.8172506749,2.2275013053,3.4280974699254494e-48
48.8221445655,2.2275013053,3.795364889505415e-46
48.8270384561,2.2275013053,2.2463766548203696e-44
48.8319323467,2.2275013053,7.1078832535732445e-43
48.8368262373,2.2275013053,1.202338246042199e-41
48.8417201279,2.2275013053,1.0872807665424842e-40
48.8466140185,2.2275013053,5.25636381019441e-40
48.8515079091,2.2275013053,1.3584942194697382e-39
48.8564017997,2.2275013053,1.8769765223553045e-39
48.8612956903,2.2275013053,1.386400011707655e-39
48.8661895809,2.2275013053,5.474531181047518e-40
48.8710834715,2.2275013053,1.1556703773499333e-40
48.8759773621,2.2275013053,1.3042165184904368e-41
48.8808712527,2.2275013053,7.868538585761275e-43
48.8857651433,2.2275013053,2.537856891405963e-44
48.8906590339,2.2275013053,4.375914738245597e-46
48.8955529245,2.2275013053,4.0336611416329664e-48
48.9004468151,2.2275013053,1.9877576452439337e-50
48.9053407057,2.2275013053,5.238146989055222e-53
48.9102345963,2.2275013053,7.426430042905646e-56
48.9151284869,2.2275013053,6.353263326970881e-59
48.9200223775,2.2275013053,8.225644784457003e-62
48.9249162681,2.2275013053,2.2031643182974627e-64
48.9298101587,2.2275013053,3.7323785841023464e-67
48.9347040493,2.2275013053,3.098556898267072e-70
48.9395979399,2.2275013053,1.2381592000403453e-73
48.9444918305,2.2275013053,2.3786150636660164e-77
48.9493857211,2.2275013053,2.1966736668382105e-81
48.9542796117,2.2275013053,9.752089394901836e-86
48.9591735023,2.2275013053,2.0812310340689347e-90
48.9640673929,2.2275013053,2.135174513114049e-95
48.9689612835,2.2275013053,1.0530207317382707e-100
48.9738551741,2.2275013053,2.496496303707979e-106
48.9787490647,2.2275013053,2.845216994296662e-112
48.7389484253,2.2323951959,1.9127879290322544e-116
48.7438423159,2.2323951959,5.342710754118596e-110
48.7487362065,2.2323951959,7.977837217072117e-104
48.7536300971,2.2323951959,6.368502822902107e-98
48.7585239877,2.2323951959,2.7178043418317057e-92
48.7634178783,2.2323951959,6.2005140786536355e-87
48.7683117689,2.2323951959,7.562508487991532e-82
48.7732056595,2.2323951959,4.930974080051783e-77
48.7780995501,2.2323951959,1.718811424011772e-72
48.7829934407,2.2323951959,3.202966606334039e-68
48.7878873313,2.2323951959,3.190841687907413e-64
48.7927812219,2.2323951959,1.6993653994314396e-60
48.7976751125,2.2323951959,4.8383463376259163e-57
48.8025690031,2.2323951959,7.364373412705511e-54
48.8074628937,2.2323951959,5.99243480042006e-51
48.8123567843,2.2323951959,2.6067507122999362e-48
48.8172506749,2.2323951959,6.0621175245688435e-46
48.8221445655,2.2323951959,7.536641714748573e-44
48.8270384561,2.2323951959,5.009104076013598e-42
48.8319323467,2.2323951959,1.7797987939078332e-40
48.8368262373,2.2323951959,3.380729539657094e-39
48.8417201279,2.2323951959,3.433038041823809e-38
48.8466140185,2.2323951959,1.8636977068344097e-37
48.8515079091,2.2323951959,5.408800874289001e-37
48.8564017997,2.2323951959,8.391801119101539e-37
48.8612956903,2.2323951959,6.960461566648164e-37
48.8661895809,2.2323951959,3.0863811946656506e-37
48.8710834715,2.2323951959,7.316270531493716e-38
48.8759773621,2.2323951959,9.271683861078176e-39
48.8808712527,2.2323951959,6.281395534198144e-40
48.8857651433,2.2323951959,2.2750048970749333e-41
48.8906590339,2.2323951959,4.404911788239548e-43
48.8955529245,2.2323951959,4.559542455076342e-45
48.9004468151,2.2323951959,2.5231693521888657e-47
48.9053407057,2.2323951959,7.469247306111201e-50
48.9102345963,2.2323951959,1.197101954396111e-52
48.9151284869,2.2323951959,1.2542169601714066e-55
48.9200223775,2.2323951959,2.3445377351980338e-58
48.9249162681,2.2323951959,6.836124389892785e-61
48.9298101587,2.2323951959,1.1503480798518791e-63
48.9347040493,2.2323951959,9.434099897010662e-67
48.9395979399,2.2323951959,3.723134185035462e-70
48.9444918305,2.2323951959,7.063894309017981e-74
48.9493857211,2.2323951959,6.4427832938345915e-78
48.9542796117,2.2323951959,2.8248387190118046e-82
48.9591735023,2.2323951959,5.9539377541005245e-87
48.9640673929,2.2323951959,6.0326119254080286e-92
48.9689612835,2.2323951959,2.93830550066622e-97
48.9738551741,2.2323951959,6.879849991955453e-103
48.9787490647,2.2323951959,7.743752264976822e-109
48.7389484253,2.2372890865,4.121997944782473e-115
48.7438423159,2.2372890865,1.2928726709100188e-108
48.7487362065,2.2372890865,2.1678658651523312e-102
48.7536300971,2.2372890865,1.943290494002501e-96
48.7585239877,2.2372890865,9.31261637046505e-91
48.7634178783,2.2372890865,2.385801825669454e-85
48.7683117689,2.2372890865,3.267575926599923e-80
48.7732056595,2.2372890865,2.392465458808906e-75
48.7780995501,2.2372890865,9.364709985470272e-71
48.7829934407,2.2372890865,1.9596190630671384e-66
48.7878873313,2.2372890865,2.1921872436139555e-62
48.7927812219,2.2372890865,1.3110290176957072e-58
48.7976751125,2.2372890865,4.1915594440640444e-55
48.8025690031,2.2372890865,7.164198696743929e-52
48.8074628937,2.2372890865,6.5461851179656325e-49
48.8123567843,2.2372890865,3.1976992119755304e-46
48.8172506749,2.2372890865,8.350560074402995e-44
48.8221445655,2.2372890865,1.1657952108438328e-41
48.8270384561,2.2372890865,8.700768155494261e-40
48.8319323467,2.2372890865,3.471535360711679e-38
48.8368262373,2.2372890865,7.404815764720947e-37
48.8417201279,2.2372890865,8.443754331379177e-36
48.8466140185,2.2372890865,5.147372382982036e-35
48.8515079091,2.2372890865,1.6775066652725096e-34
48.8564017997,2.2372890865,2.9226148599575988e-34
48.8612956903,2.2372890865,2.722122022938409e-34
48.8661895809,2.2372890865,1.3554149064307676e-34
48.8710834715,2.2372890865,3.6079922277770873e-35
48.8759773621,2.2372890865,5.134375134011245e-36
48.8808712527,2.2372890865,3.906054216092833e-37
48.8857651433,2.2372890865,1.5886111524679865e-38
48.8906590339,2.2372890865,3.4540265611445805e-40
48.8955529245,2.2372890865,4.0147991413410136e-42
48.9004468151,2.2372890865,2.4949479904835196e-44
48.9053407057,2.2372890865,8.300249516168283e-47
48.9102345963,2.2372890865,1.512170562422377e-49
48.9151284869,2.2372890865,2.010534759255068e-52
48.9200223775,2.2372890865,5.18519079513262e-55
48.9249162681,2.2372890865,1.5897998290518504e-57
48.9298101587,2.2372890865,2.651958796799159e-60
48.9347040493,2.2372890865,2.14832267614963e-63
48.9395979399,2.2372890865,8.373310867235081e-67
48.9444918305,2.2372890865,1.568990744837004e-70
48.9493857211,2.2372890865,1.4133106617494353e-74
48.9542796117,2.2372890865,6.119920292248974e-79
48.9591735023,2.2372890865,1.2739266126808002e-83
48.9640673929,2.2372890865,1.274774956563867e-88
48.9689612835,2.2372890865,6.132154633218088e-94
48.9738551741,2.2372890865,1.4180225385391473e-99
48.9787490647,2.2372890865,1.5763172586945885e-105
48.7389484253,2.2421829771,6.919405498602065e-114
48.7438423159,2.2421829771,2.437080702333592e-107
48.7487362065,2.2421829771,4.5888060962722384e-101
48.7536300971,2.2421829771,4.6191085650537015e-95
48.7585239877,2.2421829771,2.4856804714281942e-89
48.7634178783,2.2421829771,7.150906477677153e-84
48.7683117689,2.2421829771,1.0997793564953857e-78
48.7732056595,2.2421829771,9.042295510509097e-74
48.7780995501,2.2421829771,3.9744816485081097e-69
48.7829934407,2.2421829771,9.339227684751078e-65
48.7878873313,2.2421829771,1.173194715414831e-60
48.7927812219,2.2421829771,7.878760521621286e-57
48.7976751125,2.2421829771,2.828618448258355e-53
48.8025690031,2.2421829771,5.428995807530191e-50
48.8074628937,2.2421829771,5.570488864501083e-47
48.8123567843,2.2421829771,3.05559493801499e-44
48.8172506749,2.2421829771,8.960390165962423e-42
48.8221445655,2.2421829771,1.4047101707970291e-39
48.8270384561,2.2421829771,1.177267623568068e-37
48.8319323467,2.2421829771,5.274634140189819e-36
48.8368262373,2.2421829771,1.2633920790273353e-34
48.8417201279,2.2421829771,1.6177545328047688e-33
48.8466140185,2.2421829771,1.1074286844521571e-32
48.8515079091,2.2421829771,4.0527291365322086e-32
48.8564017997,2.2421829771,7.928810831803544e-32
48.8612956903,2.2421829771,8.292723812116941e-32
48.8661895809,2.2421829771,4.6367642351507866e-32
48.8710834715,2.2421829771,1.3859944580911024e-32
48.8759773621,2.2421829771,2.2148108425200848e-33
48.8808712527,2.2421829771,1.8920841852589865e-34
48.8857651433,2.2421829771,8.641177885221971e-36
48.8906590339,2.2421829771,2.1097659696824577e-37
48.8955529245,2.2421829771,2.753772940821943e-39
48.9004468151,2.2421829771,1.921870476768654e-41
48.9053407057,2.2421829771,7.191327672655546e-44
48.9102345963,2.2421829771,1.502643779511882e-46
48.9151284869,2.2421829771,2.621731765078775e-49
48.9200223775,2.2421829771,8.782277753485126e-52
48.9249162681,2.2421829771,2.768882569819768e-54
48.9298101587,2.2421829771,4.5728520610889317e-57
48.9347040493,2.2421829771,3.6589500089272374e-60
48.9395979399,2.2421829771,1.4084522611418217e-63
48.9444918305,2.2421829771,2.6064701357079138e-67
48.9493857211,2.2421829771,2.3187711249939333e-71
48.9542796117,2.2421829771,9.916399179336039e-76
48.9591735023,2.2421829771,2.038640531471436e-80
48.9640673929,2.2421829771,2.0147343041184514e-85
48.9689612835,2.2421829771,9.571618285258301e-91
48.9738551741,2.2421829771,2.1859660949408886e-96
48.9787490647,2.2421829771,2.3998933013422726e-102
48.7389484253,2.2470768677,9.047943016652997e-113
48.7438423159,2.2470768677,3.5785256069467323e-106
48.7487362065,2.2470768677,7.56636119081746e-100
48.7536300971,2.2470768677,8.552610151912302e-94
48.7585239877,2.2470768677,5.168195705882419e-88
48.7634178783,2.2470768677,1.6695825340248467e-82
48.7683117689,2.2470768677,2.8834040365024826e-77
48.7732056595,2.2470768677,2.662145441876058e-72
48.7780995501,2.2470768677,1.313973851616433e-67
48.7829934407,2.2470768677,3.467131662796012e-63
48.7878873313,2.2470768677,4.890830510864203e-59
48.7927812219,2.2470768677,3.688277242686978e-55
48.7976751125,2.2470768677,1.4869390681973224e-51
48.8025690031,2.2470768677,3.2047300537256144e-48
48.8074628937,2.2470768677,3.6924821226353504e-45
48.8123567843,2.2470768677,2.2744375504750357e-42
48.8172506749,2.2470768677,7.489594411593972e-40
48.8221445655,2.2470768677,1.3184730283391246e-37
48.8270384561,2.2470768677,1.240831664393123e-35
48.8319323467,2.2470768677,6.242853629318511e-34
48.8368262373,2.2470768677,1.679121431734359e-32
48.8417201279,2.2470768677,2.414402791328432e-31
48.8466140185,2.2470768677,1.855948887113296e-30
48.8515079091,2.2470768677,7.62695117081063e-30
48.8564017997,2.2470768677,1.6755777615257342e-29
48.8612956903,2.2470768677,1.9679174504337522e-29
48.8661895809,2.2470768677,1.2355998113087728e-29
48.8710834715,2.2470768677,4.147414647495225e-30
48.8759773621,2.2470768677,7.44227559557857e-31
48.8808712527,2.2470768677,7.139416326913598e-32
48.8857651433,2.2470768677,3.661409978157604e-33
48.8906590339,2.2470768677,1.0038370349580189e-34
48.8955529245,2.2470768677,1.4713524460324274e-36
48.9004468151,2.2470768677,1.1533643604534373e-38
48.9053407057,2.2470768677,4.861439939008233e-41
48.9102345963,2.2470768677,1.180696962676344e-43
48.9151284869,2.2470768677,2.764549988993393e-46
48.9200223775,2.2470768677,1.1293350708467017e-48
48.9249162681,2.2470768677,3.6098916705589015e-51
48.9298101587,2.2470768677,5.897716085119372e-54
48.9347040493,2.2470768677,4.6609179744812574e-57
48.9395979399,2.2470768677,1.7719176960378383e-60
48.9444918305,2.2470768677,3.2384809187740474e-64
48.9493857211,2.2470768677,2.845340723543246e-68
48.9542796117,2.2470768677,1.2017617174356146e-72
48.9591735023,2.2470768677,2.4400179629551187e-77
48.9640673929,2.2470768677,2.3815415491115832e-82
48.9689612835,2.2470768677,1.1174131214230522e-87
48.9738551741,2.2470768677,2.5203440654925932e-93
48.9787490647,2.2470768677,2.7327278434047508e-99
48.7389484253,2.2519707583,9.216180972859522e-112
48.7438423159,2.2519707583,4.0931570716970294e-105
48.7487362065,2.2519707583,9.7183938309539e-99
48.7536300971,2.2519707583,1.2335570673351452e-92
48.7585239877,2.2519707583,8.37052435584371e-87
48.7634178783,2.2519707583,3.03651024238953e-81
48.7683117689,2.2519707583,5.888782358793334e-76
48.7732056595,2.2519707583,6.105270694427135e-71
48.7780995501,2.2519707583,3.383864875185062e-66
48.7829934407,2.2519707583,1.0026509458078326e-61
48.7878873313,2.2519707583,1.588236566037491e-57
48.7927812219,2.2519707583,1.344959728641199e-53
48.7976751125,2.2519707583,6.08880461607922e-50
48.8025690031,2.2519707583,1.4736130640187742e-46
48.8074628937,2.2519707583,1.9066174135924185e-43
48.8123567843,2.2519707583,1.3187798863221627e-40
48.8172506749,2.2519707583,4.876516990459936e-38
48.8221445655,2.2519707583,9.639973409645713e-36
48.8270384561,2.2519707583,1.0187569806683628e-33
48.8319323467,2.2519707583,5.755645360213276e-32
48.8368262373,2.2519707583,1.7383856285994218e-30
48.8417201279,2.2519707583,2.8068996523370004e-29
48.8466140185,2.2519707583,2.4229046190088854e-28
48.8515079091,2.2519707583,1.1180839579227757e-27
48.8564017997,2.2519707583,2.7582979844983732e-27
48.8612956903,2.2519707583,3.637781543196573e-27
48.8661895809,2.2519707583,2.5648425839854898e-27
48.8710834715,2.2519707583,9.667484479458119e-28
48.8759773621,2.2519707583,1.9480267620206355e-28
48.8808712527,2.2519707583,2.09848092449681e-29
48.8857651433,2.2519707583,1.2084922862253747e-30
48.8906590339,2.2519707583,3.720599470363477e-32
48.8955529245,2.2519707583,6.124004180686409e-34
48.9004468151,2.2519707583,5.393281454861811e-36
48.9053407057,2.2519707583,2.567534636859501e-38
48.9102345963,2.2519707583,7.37968949075319e-41
48.9151284869,2.2519707583,2.3287505140554747e-43
48.9200223775,2.2519707583,1.0965589664675673e-45
48.9249162681,2.2519707583,3.522000676329484e-48
48.9298101587,2.2519707583,5.689227946107093e-51
48.9347040493,2.2519707583,4.440632264506843e-54
48.9395979399,2.2519707583,1.66725349294992e-57
48.9444918305,2.2519707583,3.0094436177372063e-61
48.9493857211,2.2519707583,2.6113605787186043e-65
48.9542796117,2.2519707583,1.0892783354285257e-69
48.9591735023,2.2519707583,2.1842458526392177e-74
48.9640673929,2.2519707583,2.10549720316171e-79
48.9689612835,2.2519707583,9.756595200166845e-85
48.9738551741,2.2519707583,2.173363584085784e-90
48.9787490647,2.2519707583,4.516607415626618e-96
48.7389484253,2.2568646489,7.312606337634634e-111
48.7438423159,2.2568646489,3.6469747381961114e-104
48.7487362065,2.2568646489,9.723485770546206e-98
48.7536300971,2.2568646489,1.3859254768068038e-91
48.7585239877,2.2568646489,1.0560547660714323e-85
48.7634178783,2.2568646489,4.3019134729709794e-80
48.7683117689,2.2568646489,9.36840308164129e-75
48.7732056595,2.2568646489,1.0906819677189615e-69
48.7780995501,2.2568646489,6.788274020771733e-65
48.7829934407,2.2568646489,2.258651698352076e-60
48.7878873313,2.2568646489,4.017610508339188e-56
48.7927812219,2.2568646489,3.820454796188539e-52
48.7976751125,2.2568646489,1.9421866606641354e-48
48.8025690031,2.2568646489,5.278317811204775e-45
48.8074628937,2.2568646489,7.668824022665092e-42
48.8123567843,2.2568646489,5.956493547713721e-39
48.8172506749,2.2568646489,2.473325337888061e-36
48.8221445655,2.2568646489,5.490355740858154e-34
48.8270384561,2.2568646489,6.515509624081114e-32
48.8319323467,2.2568646489,4.133566831973088e-30
48.8368262373,2.2568646489,1.401942510248721e-28
48.8417201279,2.2568646489,2.5419330928815136e-27
48.8466140185,2.2568646489,2.4639205263960924e-26
48.8515079091,2.2568646489,1.2767855012311732e-25
48.8564017997,2.2568646489,3.537022727186381e-25
48.8612956903,2.2568646489,5.238252416092102e-25
48.8661895809,2.2568646489,4.147282914311405e-25
48.8710834715,2.2568646489,1.755373643078855e-25
48.8759773621,2.2568646489,3.971953476079092e-26
48.8808712527,2.2568646489,4.80471259640025e-27
48.8857651433,2.2568646489,3.1071312550212845e-28
48.8906590339,2.2568646489,1.0741985548428084e-29
48.8955529245,2.2568646489,1.985626152042843e-31
48.9004468151,2.2568646489,1.965647493802504e-33
48.9053407057,2.2568646489,1.0615256238607824e-35
48.9102345963,2.2568646489,3.689013497698523e-38
48.9151284869,2.2568646489,1.5441539098900098e-40
48.9200223775,2.2568646489,8.01230375479725e-43
48.9249162681,2.2568646489,2.5710844080556634e-45
48.9298101587,2.2568646489,4.1048207873999675e-48
48.9347040493,2.2568646489,3.1642966506424056e-51
48.9395979399,2.2568646489,1.1733206119876904e-54
48.9444918305,2.2568646489,2.091642554204443e-58
48.9493857211,2.2568646489,1.7924853504582355e-62
48.9542796117,2.2568646489,7.384405164413694e-67
48.9591735023,2.2568646489,1.4623998992049259e-71
48.9640673929,2.2568646489,1.3922181827849066e-76
48.9689612835,2.2568646489,6.371459813863714e-82
48.9738551741,2.2568646489,1.9410483200878326e-87
48.9787490647,2.2568646489,9.062364438134574e-87
48.7389484253,2.2617585395,4.519740055002353e-110
48.7438423159,2.2617585395,2.53120408334244e-103
48.7487362065,2.2617585395,7.578260578000782e-97
48.7536300971,2.2617585395,1.2129435061262584e-90
48.7585239877,2.2617585395,1.0378635994263895e-84
48.7634178783,2.2617585395,4.747540239163534e-79
48.7683117689,2.2617585395,1.1609825597098774e-73
48.7732056595,2.2617585395,1.5177890124630707e-68
48.7780995501,2.2617585395,1.0607811180896381e-63
48.7829934407,2.2617585395,3.963408387837758e-59
48.7878873313,2.2617585395,7.916633412740074e-55
48.7927812219,2.2617585395,8.453584793151504e-51
48.7976751125,2.2617585395,4.825807107639657e-47
48.8025690031,2.2617585395,1.4727453888590126e-43
48.8074628937,2.2617585395,2.402780240981047e-40
48.8123567843,2.2617585395,2.095699933174587e-37
48.8172506749,2.2617585395,9.771760509025465e-35
48.8221445655,2.2617585395,2.4358200271196732e-32
48.8270384561,2.2617585395,3.245983043029769e-30
48.8319323467,2.2617585395,2.3124692487579145e-28
48.8368262373,2.2617585395,8.807129282811486e-27
48.8417201279,2.2617585395,1.7931702511778067e-25
48.8466140185,2.2617585395,1.95180985683183e-24
48.8515079091,2.2617585395,1.1357485726668788e-23
48.8564017997,2.2617585395,3.5330946992903535e-23
48.8612956903,2.2617585395,5.875660734042903e-23
48.8661895809,2.2617585395,5.223803337235403e-23
48.8710834715,2.2617585395,2.482822973459475e-23
48.8759773621,2.2617585395,6.308606730916913e-24
48.8808712527,2.2617585395,8.569389709433476e-25
48.8857651433,2.2617585395,6.222942124087155e-26
48.8906590339,2.2617585395,2.415911391031513e-27
48.8955529245,2.2617585395,5.0156859531374627e-29
48.9004468151,2.2617585395,5.586536659626945e-31
48.9053407057,2.2617585395,3.445463850561027e-33
48.9102345963,2.2617585395,1.4791682533928383e-35
48.9151284869,2.2617585395,7.949470935935199e-38
48.9200223775,2.2617585395,4.396287057028382e-40
48.9249162681,2.2617585395,1.4042052824445005e-42
48.9298101587,2.2617585395,2.2151696984569964e-45
48.9347040493,2.2617585395,1.6864355234276165e-48
48.9395979399,2.2617585395,6.175743364599368e-52
48.9444918305,2.2617585395,1.0872898069057388e-55
48.9493857211,2.2617585395,9.202390805318877e-60
48.9542796117,2.2617585395,3.744107856799625e-64
48.9591735023,2.2617585395,7.3229644006638e-69
48.9640673929,2.2617585395,6.885192454910302e-74
48.9689612835,2.2617585395,3.644334599252464e-79
48.9738551741,2.2617585395,8.103324872836438e-79
48.9787490647,2.2617585395,9.895508801183828e-78
48.7389484253,2.2666524301,2.176079632640331e-109
48.7438423159,2.2666524301,1.3684900142671505e-102
48.7487362065,2.2666524301,4.600840194518099e-96
48.7536300971,2.2666524301,8.269158799152775e-90
48.7585239877,2.2666524301,7.945371035176496e-84
48.7634178783,2.2666524301,4.0812735149817403e-78
48.7683117689,2.2666524301,1.120742616314833e-72
48.7732056595,2.2666524301,1.6452986415111127e-67
48.7780995501,2.2666524301,1.2912557226661154e-62
48.7829934407,2.2666524301,5.417618840777765e-58
48.7878873313,2.2666524301,1.215159542331547e-53
48.7927812219,2.2666524301,1.4570914971367645e-49
48.7976751125,2.2666524301,9.340476098657725e-46
48.8025690031,2.2666524301,3.200957223408441e-42
48.8074628937,2.2666524301,5.8643434166635874e-39
48.8123567843,2.2666524301,5.743644959658508e-36
48.8172506749,2.2666524301,3.0073532581427276e-33
48.8221445655,2.2666524301,8.418020360976084e-31
48.8270384561,2.2666524301,1.2596914097557644e-28
48.8319323467,2.2666524301,1.0077366869539595e-26
48.8368262373,2.2666524301,4.309818980240957e-25
48.8417201279,2.2666524301,9.853755692112254e-24
48.8466140185,2.2666524301,1.2044225657876176e-22
48.8515079091,2.2666524301,7.870264377186115e-22
48.8564017997,2.2666524301,2.749295067992354e-21
48.8612956903,2.2666524301,5.134140653555846e-21
48.8661895809,2.2666524301,5.1255290347767675e-21
48.8710834715,2.2666524301,2.7355464587806034e-21
48.8759773621,2.2666524301,7.805183519813184e-22
48.8808712527,2.2666524301,1.1905634489594931e-22
48.8857651433,2.2666524301,9.708520416243702e-24
48.8906590339,2.2666524301,4.23261650699636e-25
48.8955529245,2.2666524301,9.871644814721333e-27
48.9004468151,2.2666524301,1.2391774700846095e-28
48.9053407057,2.2666524301,8.811748109792646e-31
48.9102345963,2.2666524301,4.750949220797411e-33
48.9151284869,2.2666524301,3.1423023259561704e-35
48.9200223775,2.2666524301,1.8090593962673243e-37
48.9249162681,2.2666524301,5.737299833707129e-40
48.9298101587,2.2666524301,8.941168983823093e-43
48.9347040493,2.2666524301,6.722399936885529e-46
48.9395979399,2.2666524301,2.4311968596987847e-49
48.9444918305,2.2666524301,4.227271416857511e-53
48.9493857211,2.2666524301,3.5334762956216614e-57
48.9542796117,2.2666524301,1.419833571024702e-61
48.9591735023,2.2666524301,2.742608999426711e-66
48.9640673929,2.2666524301,2.7572722724525883e-71
48.9689612835,2.2666524301,2.903271397385034e-71
48.9738551741,2.2666524301,3.2116562980634187e-70
48.9787490647,2.2666524301,2.850309068453428e-69
48.7389484253,2.2715463207,8.161240449522052e-109
48.7438423159,2.2715463207,5.7633655477564394e-102
48.7487362065,2.2715463207,2.1758293268803217e-95
48.7536300971,2.2715463207,4.391391465238217e-89
48.7585239877,2.2715463207,4.738142829595612e-83
48.7634178783,2.2715463207,2.7330200031750786e-77
48.7683117689,2.2715463207,8.427643183379607e-72
48.7732056595,2.2715463207,1.389306720812457e-66
48.7780995501,2.2715463207,1.2243872565997191e-61
48.7829934407,2.2715463207,5.768569539370929e-57
48.7878873313,2.2715463207,1.452934817948885e-52
48.7927812219,2.2715463207,1.956378122161499e-48
48.7976751125,2.2715463207,1.4082771450210138e-44
48.8025690031,2.2715463207,5.419411544562038e-41
48.8074628937,2.2715463207,1.1149228094410996e-37
48.8123567843,2.2715463207,1.2262136214197922e-34
48.8172506749,2.2715463207,7.209682492991728e-32
48.8221445655,2.2715463207,2.266182127883943e-29
48.8270384561,2.2715463207,3.808045842505596e-27
48.8319323467,2.2715463207,3.420886162473554e-25
48.8368262373,2.2715463207,1.6428921753335814e-23
48.8417201279,2.2715463207,4.218364136400801e-22
48.8466140185,2.2715463207,5.7920331056009765e-21
48.8515079091,2.2715463207,4.253202479732031e-20
48.8564017997,2.2715463207,1.6694068631790072e-19
48.8612956903,2.2715463207,3.499912013890034e-19
48.8661895809,2.2715463207,3.920506647488942e-19
48.8710834715,2.2715463207,2.3483289867470163e-19
48.8759773621,2.2715463207,7.522619067596107e-20
48.8808712527,2.2715463207,1.2884782580587296e-20
48.8857651433,2.2715463207,1.1798676652183844e-21
48.8906590339,2.2715463207,5.776745916995953e-23
48.8955529245,2.2715463207,1.5141921189454403e-24
48.9004468151,2.2715463207,2.148143628992858e-26
48.9053407057,2.2715463207,1.782963073258131e-28
48.9102345963,2.2715463207,1.2150969989117166e-30
48.9151284869,2.2715463207,9.459999751428253e-33
48.9200223775,2.2715463207,5.578383878120012e-35
48.9249162681,2.2715463207,1.7536248158143746e-37
48.9298101587,2.2715463207,2.6993627084227196e-40
48.9347040493,2.2715463207,2.0042142138022292e-43
48.9395979399,2.2715463207,7.158316539552565e-47
48.9444918305,2.2715463207,1.2292285939377215e-50
48.9493857211,2.2715463207,1.0147533577795787e-54
48.9542796117,2.2715463207,4.027012566521013e-59
48.9591735023,2.2715463207,8.016074991874763e-64
48.9640673929,2.2715463207,4.167906170291158e-64
48.9689612835,2.2715463207,4.17658770245321e-63
48.9738551741,2.2715463207,3.3577811279962404e-62
48.9787490647,2.2715463207,2.1657230934838365e-61
48.7389484253,2.2764402113,2.3842820302762915e-108
48.7438423159,2.2764402113,1.8907354296497595e-101
48.7487362065,2.2764402113,8.015535952104552e-95
48.7536300971,2.2764402113,1.8166155937208647e-88
48.7585239877,2.2764402113,2.2010108154244956e-82
48.7634178783,2.2764402113,1.4256403631747e-76
48.7683117689,2.2764402113,4.9365831471041216e-71
48.7732056595,2.2764402113,9.138430160169569e-66
48.7780995501,2.2764402113,9.043684547927248e-61
48.7829934407,2.2764402113,4.784624732970515e-56
48.7878873313,2.2764402113,1.353253078908742e-51
48.7927812219,2.2764402113,2.0461564367209072e-47
48.7976751125,2.2764402113,1.6539687959860584e-43
48.8025690031,2.2764402113,7.147340243575212e-40
48.8074628937,2.2764402113,1.6511642205547386e-36
48.8123567843,2.2764402113,2.0392231321943166e-33
48.8172506749,2.2764402113,1.3463807575886265e-30
48.8221445655,2.2764402113,4.752254746028039e-28
48.8270384561,2.2764402113,8.967271399600847e-26
48.8319323467,2.2764402113,9.04591893270984e-24
48.8368262373,2.2764402113,4.878883715311257e-22
48.8417201279,2.2764402113,1.408005280669097e-20
48.8466140185,2.2764402113,2.1807032653337556e-19
48.8515079091,2.2764402113,1.819207348483649e-18
48.8564017997,2.2764402113,8.12784420987977e-18
48.8612956903,2.2764402113,1.9159451151359652e-17
48.8661895809,2.2764402113,2.3798621606544312e-17
48.8710834715,2.2764402113,1.580690853139704e-17
48.8759773621,2.2764402113,5.655276246952248e-18
48.8808712527,2.2764402113,1.086400824299204e-18
48.8857651433,2.2764402113,1.1169798065738178e-19
48.8906590339,2.2764402113,6.142370525434028e-21
48.8955529245,2.2764402113,1.8109079762799084e-22
48.9004468151,2.2764402113,2.9160273903676597e-24
48.9053407057,2.2764402113,2.864469924504977e-26
48.9102345963,2.2764402113,2.451694738397959e-28
48.9151284869,2.2764402113,2.156875885421326e-30
48.9200223775,2.2764402113,1.2883688853881078e-32
48.9249162681,2.2764402113,4.009770609415226e-35
48.9298101587,2.2764402113,6.095603304646521e-38
48.9347040493,2.2764402113,4.4692473954833314e-41
48.9395979399,2.2764402113,1.5763925354411454e-44
48.9444918305,2.2764402113,2.6734025262604912e-48
48.9493857211,2.2764402113,2.1795981635637023e-52
48.9542796117,2.2764402113,8.754381143914992e-57
48.9591735023,2.2764402113,2.397540847528399e-57
48.9640673929,2.2764402113,2.176284951876791e-56
48.9689612835,2.2764402113,1.5849458303140565e-55
48.9738551741,2.2764402113,9.2604662524311e-55
48.9787490647,2.2764402113,4.3408127125254584e-54
48.7389484253,2.2813341019,5.425991896601659e-108
48.7438423159,2.2813341019,4.83176074998993e-101
48.7487362065,2.2813341019,2.3001723029439454e-94
48.7536300971,2.2813341019,5.853882286747169e-88
48.7585239877,2.2813341019,7.964458762479211e-82
48.7634178783,2.2813341019,5.792915827440384e-76
48.7683117689,2.2813341019,2.252510560020616e-70
48.7732056595,2.2813341019,4.682363444748757e-65
48.7780995501,2.2813341019,5.203458231957155e-60
48.7829934407,2.2813341019,3.091346541732124e-55
48.7878873313,2.2813341019,9.818202370529655e-51
48.7927812219,2.2813341019,1.6670358278864391e-46
48.7976751125,2.2813341019,1.513165934136483e-42
48.8025690031,2.2813341019,7.342717919585961e-39
48.8074628937,2.2813341019,1.9048281516940601e-35
48.8123567843,2.2813341019,2.641699565214148e-32
48.8172506749,2.2813341019,1.958572786722748e-29
48.8221445655,2.2813341019,7.762912349593256e-27
48.8270384561,2.2813341019,1.6448972378741826e-24
48.8319323467,2.2813341019,1.8633572496893484e-22
48.8368262373,2.2813341019,1.1291400484353598e-20
48.8417201279,2.2813341019,3.680529251430586e-19
48.8466140185,2.2813341019,6.6265336413998205e-18
48.8515079091,2.2813341019,6.889780910973432e-17
48.8564017997,2.2813341019,3.993505574745299e-16
48.8612956903,2.2813341019,1.1250128531404154e-15
48.8661895809,2.2813341019,1.445824436930701e-15
48.8710834715,2.2813341019,9.314339701959317e-16
48.8759773621,2.2813341019,3.412953970977829e-16
48.8808712527,2.2813341019,7.166275174258373e-17
48.8857651433,2.2813341019,8.240372550159275e-18
48.8906590339,2.2813341019,5.089071120976204e-19
48.8955529245,2.2813341019,1.6899084465173853e-20
48.9004468151,2.2813341019,3.1079221402951686e-22
48.9053407057,2.2813341019,3.660788051441406e-24
48.9102345963,2.2813341019,3.86163390970207e-26
48.9151284869,2.2813341019,3.7103582424920986e-28
48.9200223775,2.2813341019,2.228059119390368e-30
48.9249162681,2.2813341019,6.85914402660021e-33
48.9298101587,2.2813341019,1.0296162525761284e-35
48.9347040493,2.2813341019,7.454254471520259e-39
48.9395979399,2.2813341019,2.596484969377994e-42
48.9444918305,2.2813341019,4.3486887462105085e-46
48.9493857211,2.2813341019,3.55538652461454e-50
48.9542796117,2.2813341019,5.526768236608842e-51
48.9591735023,2.2813341019,4.543719609131026e-50
48.9640673929,2.2813341019,2.9976303270271032e-49
48.9689612835,2.2813341019,1.586588820143828e-48
48.9738551741,2.2813341019,6.737060861661475e-48
48.9787490647,2.2813341019,2.2950720122104157e-47
48.7389484253,2.2862279925,9.618796108530877e-108
48.7438423159,2.2862279925,9.618340417236471e-101
48.7487362065,2.2862279925,5.141717787536726e-94
48.7536300971,2.2862279925,1.4694167815696346e-87
48.7585239877,2.2862279925,2.2449693821061484e-81
48.7634178783,2.2862279925,1.833599646208449e-75
48.7683117689,2.2862279925,8.006215544566651e-70
48.7732056595,2.2862279925,1.868868340794766e-64
48.7780995501,2.2862279925,2.3321624756751447e-59
48.7829934407,2.2862279925,1.555849436671524e-54
48.7878873313,2.2862279925,5.548875721084125e-50
48.7927812219,2.2862279925,1.0579645028119695e-45
48.7976751125,2.2862279925,1.0783651945645894e-41
48.8025690031,2.2862279925,5.876101584680017e-38
48.8074628937,2.2862279925,1.71175417431222e-34
48.8123567843,2.2862279925,2.665766852571396e-31
48.8172506749,2.2862279925,2.219379645795648e-28
48.8221445655,2.2862279925,9.878015845346048e-26
48.8270384561,2.2862279925,2.3503776901484918e-23
48.8319323467,2.2862279925,2.9900520406164303e-21
48.8368262373,2.2862279925,2.0381020514281464e-19
48.8417201279,2.2862279925,7.632333261569072e-18
48.8466140185,2.2862279925,1.795412017725284e-16
48.8515079091,2.2862279925,3.1446638338631305e-15
48.8564017997,2.2862279925,3.1812802963079826e-14
48.8612956903,2.2862279925,1.282096847299189e-13
48.8661895809,2.2862279925,1.801957585713755e-13
48.8710834715,2.2862279925,9.26253250993041e-14
48.8759773621,2.2862279925,2.279526803867169e-14
48.8808712527,2.2862279925,3.9615097565405625e-15
48.8857651433,2.2862279925,4.771470276254935e-16
48.8906590339,2.2862279925,3.287694476893651e-17
48.8955529245,2.2862279925,1.232002139399111e-18
48.9004468151,2.2862279925,2.6089650358527394e-20
48.9053407057,2.2862279925,3.7180486254542907e-22
48.9102345963,2.2862279925,4.701365766564943e-24
48.9151284869,2.2862279925,4.8039239395458034e-26
48.9200223775,2.2862279925,2.8847749650173126e-28
48.9249162681,2.2862279925,8.77843198643227e-31
48.9298101587,2.2862279925,1.3009533787733159e-33
48.9347040493,2.2862279925,9.299715299475157e-37
48.9395979399,2.2862279925,3.198788225653422e-40
48.9444918305,2.2862279925,5.345749228780371e-44
48.9493857211,2.2862279925,5.106838915089611e-45
48.9542796117,2.2862279925,3.801096536794805e-44
48.9591735023,2.2862279925,2.27166001880896e-43
48.9640673929,2.2862279925,1.0891746792969944e-42
48.9689612835,2.2862279925,4.1895898003580575e-42
48.9738551741,2.2862279925,1.2929008943529523e-41
48.9787490647,2.2862279925,3.200948842478581e-41
48.7389484253,2.2911218831,1.3282577548396115e-107
48.7438423159,2.2911218831,1.4914713968574618e-100
48.7487362065,2.2911218831,8.953156276627123e-94
48.7536300971,2.2911218831,2.873201395338773e-87
48.7585239877,2.2911218831,4.929293067342248e-81
48.7634178783,2.2911218831,4.520972629961768e-75
48.7683117689,2.2911218831,2.2167044005556606e-69
48.7732056595,2.2911218831,5.810484625792319e-64
48.7780995501,2.2911218831,8.142271820978724e-59
48.7829934407,2.2911218831,6.099686357828344e-54
48.7878873313,2.2911218831,2.442857194015657e-49
48.7927812219,2.2911218831,5.2301882643098056e-45
48.7976751125,2.2911218831,5.986393100186744e-41
48.8025690031,2.2911218831,3.6630412452757593e-37
48.8074628937,2.2911218831,1.1982489394293757e-33
48.8123567843,2.2911218831,2.0954676720540697e-30
48.8172506749,2.2911218831,1.959041086718966e-27
48.8221445655,2.2911218831,9.791175037786168e-25
48.8270384561,2.2911218831,2.6161138693258583e-22
48.8319323467,2.2911218831,3.737619777602236e-20
48.8368262373,2.2911218831,2.8700608135587994e-18
48.8417201279,2.2911218831,1.2720202789590607e-16
48.8466140185,2.2911218831,4.688022012520507e-15
48.8515079091,2.2911218831,1.6260762194901647e-13
48.8564017997,2.2911218831,2.732932719595332e-12
48.8612956903,2.2911218831,1.572151001396568e-11
48.8661895809,2.2911218831,2.8797443250573158e-11
48.8710834715,2.2911218831,1.6758533341507053e-11
48.8759773621,2.2911218831,3.2903435014545077e-12
48.8808712527,2.2911218831,2.95011442814225e-13
48.8857651433,2.2911218831,2.369526959713325e-14
48.8906590339,2.2911218831,1.667847443904195e-15
48.8955529245,2.2911218831,7.031262771135614e-17
48.9004468151,2.2911218831,1.730446829762458e-18
48.9053407057,2.2911218831,2.988583791426228e-20
48.9102345963,2.2911218831,4.387788486678576e-22
48.9151284869,2.2911218831,4.674010631585218e-24
48.9200223775,2.2911218831,2.796368892465297e-26
48.9249162681,2.2911218831,8.40642494018697e-29
48.9298101587,2.2911218831,1.2297496488983087e-31
48.9347040493,2.2911218831,8.678805400086279e-35
48.9395979399,2.2911218831,2.970148885830673e-38
48.9444918305,2.2911218831,1.892916118993539e-39
48.9493857211,2.2911218831,1.274112849443995e-38
48.9542796117,2.2911218831,6.897793768615723e-38
48.9591735023,2.2911218831,2.9959343586821106e-37
48.9640673929,2.2911218831,1.0439366549594402e-36
48.9689612835,2.2911218831,2.9183391767566396e-36
48.9738551741,2.2911218831,6.545112998259009e-36
48.9787490647,2.2911218831,1.177655589049968e-35
48.7389484253,2.2960157737,1.428775729462917e-107
48.7438423159,2.2960157737,1.8015643409840694e-100
48.7487362065,2.2960157737,1.2144067076042108e-93
48.7536300971,2.2960157737,4.3763012011860695e-87
48.7585239877,2.2960157737,8.430996709997082e-81
48.7634178783,2.2960157737,8.683189960666406e-75
48.7683117689,2.2960157737,4.780885600132297e-69
48.7732056595,2.2960157737,1.4072331875494444e-63
48.7780995501,2.2960157737,2.2143815441318603e-58
48.7829934407,2.2960157737,1.8628054713852434e-53
48.7878873313,2.2960157737,8.377438030294258e-49
48.7927812219,2.2960157737,2.014111969485542e-44
48.7976751125,2.2960157737,2.5887175274754443e-40
48.8025690031,2.2960157737,1.778747838579291e-36
48.8074628937,2.2960157737,6.533904370366488e-33
48.8123567843,2.2960157737,1.2830980051580624e-29
48.8172506749,2.2960157737,1.3470246808185932e-26
48.8221445655,2.2960157737,7.559968128902088e-24
48.8270384561,2.2960157737,2.26827164175948e-21
48.8319323467,2.2960157737,3.6392492899665246e-19
48.8368262373,2.2960157737,3.147431493504224e-17
48.8417201279,2.2960157737,1.6711169815619398e-15
48.8466140185,2.2960157737,1.0001799290337497e-13
48.8515079091,2.2960157737,5.877781353996622e-12
48.8564017997,2.2960157737,1.4300673347197047e-10
48.8612956903,2.2960157737,1.1275737720137639e-09
48.8661895809,2.2960157737,2.7776892795998918e-09
48.8710834715,2.2960157737,2.1282541364616334e-09
48.8759773621,2.2960157737,5.113146840039879e-10
48.8808712527,2.2960157737,4.079060067332736e-11
48.8857651433,2.2960157737,1.5587447898133667e-12
48.8906590339,2.2960157737,7.077057114009207e-14
48.8955529245,2.2960157737,3.1588701839214295e-15
48.9004468151,2.2960157737,9.090371149612464e-17
48.9053407057,2.2960157737,1.8884825252674972e-18
48.9102345963,2.2960157737,3.1195683413201225e-20
48.9151284869,2.2960157737,3.4142411743228184e-22
48.9200223775,2.2960157737,2.0296772167193096e-24
48.9249162681,2.2960157737,6.0247261596553414e-27
48.9298101587,2.2960157737,8.697825606694981e-30
48.9347040493,2.2960157737,6.0961322258957874e-33
48.9395979399,2.2960157737,2.8196752857981707e-34
48.9444918305,2.2960157737,1.7112306933334795e-33
48.9493857211,2.2960157737,8.39225530266869e-33
48.9542796117,2.2960157737,3.30193607650751e-32
48.9591735023,2.2960157737,1.0422655917397775e-31
48.9640673929,2.2960157737,2.6394163653542537e-31
48.9689612835,2.2960157737,5.362374915393507e-31
48.9738551741,2.2960157737,8.74029738591101e-31
48.9787490647,2.2960157737,1.1429178343372088e-30
48.7389484253,2.3009096643,1.1971975829325448e-107
48.7438423159,2.3009096643,1.6951365505132688e-100
48.7487362065,2.3009096643,1.2831345896643778e-93
48.7536300971,2.3009096643,5.192403142538884e-87
48.7585239877,2.3009096643,1.1232935445806732e-80
48.7634178783,2.3009096643,1.2991125832362272e-74
48.7683117689,2.3009096643,8.032097711224598e-69
48.7732056595,2.3009096643,2.6548491185017797e-63
48.7780995501,2.3009096643,4.691150569672296e-58
48.7829934407,2.3009096643,4.431467496920302e-53
48.7878873313,2.3009096643,2.2379193500002062e-48
48.7927812219,2.3009096643,6.041850319495442e-44
48.7976751125,2.3009096643,8.72015409996687e-40
48.8025690031,2.3009096643,6.728325988225413e-36
48.8074628937,2.3009096643,2.77535509703339e-32
48.8123567843,2.3009096643,6.120103368011131e-29
48.8172506749,2.3009096643,7.21485528949142e-26
48.8221445655,2.3009096643,4.547002274341544e-23
48.8270384561,2.3009096643,1.5319789116760848e-20
48.8319323467,2.3009096643,2.759963221760374e-18
48.8368262373,2.3009096643,2.6803855955321914e-16
48.8417201279,2.3009096643,1.6422626333529528e-14
48.8466140185,2.3009096643,1.3727930159677105e-12
48.8515079091,2.3009096643,1.1740218863437998e-10
48.8564017997,2.3009096643,3.9283245561348575e-09
48.8612956903,2.3009096643,4.191334168635806e-08
48.8661895809,2.3009096643,1.39070734448404e-07
48.8710834715,2.3009096643,1.4300905190857858e-07
48.8759773621,2.3009096643,4.5626503401702046e-08
48.8808712527,2.3009096643,4.564902465103486e-09
48.8857651433,2.3009096643,1.5563788286268085e-10
48.8906590339,2.3009096643,3.273488424694776e-12
48.8955529245,2.3009096643,1.1454461628172584e-13
48.9004468151,2.3009096643,3.78656185868752e-15
48.9053407057,2.3009096643,9.306551025938134e-17
48.9102345963,2.3009096643,1.6818788660461907e-18
48.9151284869,2.3009096643,1.8715906793622982e-20
48.9200223775,2.3009096643,1.1033846627760181e-22
48.9249162681,2.3009096643,3.2324663953359593e-25
48.9298101587,2.3009096643,4.628420519302023e-28
48.9347040493,2.3009096643,1.694658287496842e-29
48.9395979399,2.3009096643,9.208972546758503e-29
48.9444918305,2.3009096643,4.091181804366812e-28
48.9493857211,2.3009096643,1.4581648981383604e-27
48.9542796117,2.3009096643,4.169502752345451e-27
48.9591735023,2.3009096643,9.56492690395692e-27
48.9640673929,2.3009096643,1.7603491350581847e-26
48.9689612835,2.3009096643,2.599176262895437e-26
48.9738551741,2.3009096643,3.0788775591694976e-26
48.9787490647,2.3009096643,2.9259632659019706e-26
48.7389484253,2.3058035549,7.814256477271712e-108
48.7438423159,2.3058035549,1.2424521224831203e-100
48.7487362065,2.3058035549,1.05608854157356e-93
48.7536300971,2.3058035549,4.7989880252453196e-87
48.7585239877,2.3058035549,1.1658097127692038e-80
48.7634178783,2.3058035549,1.5140295083272431e-74
48.7683117689,2.3058035549,1.0511620599977649e-68
48.7732056595,2.3058035549,3.9015186064693484e-63
48.7780995501,2.3058035549,7.741522045442634e-58
48.7829934407,2.3058035549,8.2119764387610565e-53
48.7878873313,2.3058035549,4.6569084669045695e-48
48.7927812219,2.3058035549,1.4118103985775613e-43
48.7976751125,2.3058035549,2.288145926913567e-39
48.8025690031,2.3058035549,1.9825298155053252e-35
48.8074628937,2.3058035549,9.182996188185436e-32
48.8123567843,2.3058035549,2.2739334381054973e-28
48.8172506749,2.3058035549,3.010230552539976e-25
48.8221445655,2.3058035549,2.130347459107031e-22
48.8270384561,2.3058035549,8.059914321421847e-20
48.8319323467,2.3058035549,1.6303848260837236e-17
48.8368262373,2.3058035549,1.772714302147003e-15
48.8417201279,2.3058035549,1.177345616919257e-13
48.8466140185,2.3058035549,1.088897859382469e-11
48.8515079091,2.3058035549,1.2217780357447797e-09
48.8564017997,2.3058035549,5.514217243225019e-08
48.8612956903,2.3058035549,7.928782591215441e-07
48.8661895809,2.3058035549,3.542154968978e-06
48.8710834715,2.3058035549,4.900525280698844e-06
48.8759773621,2.3058035549,2.09940297231059e-06
48.8808712527,2.3058035549,2.792678358935366e-07
48.8857651433,2.3058035549,1.1777638791364635e-08
48.8906590339,2.3058035549,1.9186003574831176e-10
48.8955529245,2.3058035549,3.644958666711321e-12
48.9004468151,2.3058035549,1.2521504713759257e-13
48.9053407057,2.3058035549,3.5485735515795087e-15
48.9102345963,2.3058035549,6.854867918118573e-17
48.9151284869,2.3058035549,7.698567564061548e-19
48.9200223775,2.3058035549,4.494709902457132e-21
48.9249162681,2.3058035549,1.305396511782847e-23
48.9298101587,2.3058035549,4.1409961471398135e-25
48.9347040493,2.3058035549,1.9857163357463216e-24
48.9395979399,2.3058035549,7.991356067483411e-24
48.9444918305,2.3058035549,2.5801575631341836e-23
48.9493857211,2.3058035549,6.683312054413781e-23
48.9542796117,2.3058035549,1.3888553503303108e-22
48.9591735023,2.3058035549,2.315485459293478e-22
48.9640673929,2.3058035549,3.0970403604881443e-22
48.9689612835,2.3058035549,3.323314460590378e-22
48.9738551741,2.3058035549,2.8609862767432913e-22
48.9787490647,2.3058035549,1.975967863766428e-22
48.7389484253,2.3106974455,3.973100538875397e-108
48.7438423159,2.3106974455,7.093730734280158e-101
48.7487362065,2.3106974455,6.770932927256901e-94
48.7536300971,2.3106974455,3.455023386475689e-87
48.7585239877,2.3106974455,9.425016917703382e-81
48.7634178783,2.3106974455,1.374491165648828e-74
48.7683117689,2.3106974455,1.071594398025136e-68
48.7732056595,2.3106974455,4.4662968381816205e-63
48.7780995501,2.3106974455,9.951611199220244e-58
48.7829934407,2.3106974455,1.1854080823032364e-52
48.7878873313,2.3106974455,7.54868034485029e-48
48.7927812219,2.3106974455,2.569820881679278e-43
48.7976751125,2.3106974455,4.676956597805047e-39
48.8025690031,2.3106974455,4.5504305763629e-35
48.8074628937,2.3106974455,2.366847702051012e-31
48.8123567843,2.3106974455,6.581377491416683e-28
48.8172506749,2.3106974455,9.783448357921844e-25
48.8221445655,2.3106974455,7.77491734476286e-22
48.8270384561,2.3106974455,3.303151226126385e-19
48.8319323467,2.3106974455,7.502530507911872e-17
48.8368262373,2.3106974455,9.130959851390694e-15
48.8417201279,2.3106974455,6.375951995734199e-13
48.8466140185,2.3106974455,5.0974623665130333e-11
48.8515079091,2.3106974455,6.576446372044941e-09
48.8564017997,2.3106974455,3.936563928083287e-07
48.8612956903,2.3106974455,7.608936280576011e-06
48.8661895809,2.3106974455,4.5748743673949e-05
48.8710834715,2.3106974455,8.518275727449524e-05
48.8759773621,2.3106974455,4.909253905178784e-05
48.8808712527,2.3106974455,8.76592779112246e-06
48.8857651433,2.3106974455,4.885859538251988e-07
48.8906590339,2.3106974455,9.118936463912686e-09
48.8955529245,2.3106974455,1.1110263295698014e-10
48.9004468151,2.3106974455,3.29836381332934e-12
48.9053407057,2.3106974455,1.0397566620826649e-13
48.9102345963,2.3106974455,2.1079350677124112e-15
48.9151284869,2.3106974455,2.3769881961187934e-17
48.9200223775,2.3106974455,1.3797234927224127e-19
48.9249162681,2.3106974455,4.166823608409889e-21
48.9298101587,2.3106974455,1.7156695942276074e-20
48.9347040493,2.3106974455,6.254517283018208e-20
48.9395979399,2.3106974455,1.8293104988898415e-19
48.9444918305,2.3106974455,4.292406309455832e-19
48.9493857211,2.3106974455,8.080420976563716e-19
48.9542796117,2.3106974455,1.2203570526799187e-18
48.9591735023,2.3106974455,1.4786303238763868e-18
48.9640673929,2.3106974455,1.4373153602229108e-18
48.9689612835,2.3106974455,1.1208933439313566e-18
48.9738551741,2.3106974455,7.01287792146113e-19
48.9787490647,2.3106974455,3.5200435178861096e-19
48.7389484253,2.3155913361,1.5984330850630177e-107
48.7438423159,2.3155913361,3.175507280477026e-101
48.7487362065,2.3155913361,3.38158090959972e-94
48.7536300971,2.3155913361,1.9376368457658165e-87
48.7585239877,2.3155913361,5.93549127031705e-81
48.7634178783,2.3155913361,9.720075291825793e-75
48.7683117689,2.3155913361,8.509641315245647e-69
48.7732056595,2.3155913361,3.982736259170486e-63
48.7780995501,2.3155913361,9.965073549441967e-58
48.7829934407,2.3155913361,1.332932435921956e-52
48.7878873313,2.3155913361,9.531569777691404e-48
48.7927812219,2.3155913361,3.6437568970026315e-43
48.7976751125,2.3155913361,7.446685700080518e-39
48.8025690031,2.3155913361,8.135894744391885e-35
48.8074628937,2.3155913361,4.751998403561976e-31
48.8123567843,2.3155913361,1.4838018837510664e-27
48.8172506749,2.3155913361,2.4768757289390666e-24
48.8221445655,2.3155913361,2.2103506947285963e-21
48.8270384561,2.3155913361,1.0545006553754115e-18
48.8319323467,2.3155913361,2.689461308761727e-16
48.8368262373,2.3155913361,3.669338050721265e-14
48.8417201279,2.3155913361,2.7414217638353127e-12
48.8466140185,2.3155913361,1.6485446627409264e-10
48.8515079091,2.3155913361,1.8792193808435008e-08
48.8564017997,2.3155913361,1.4321930220407594e-06
48.8612956903,2.3155913361,3.703657447691849e-05
48.8661895809,2.3155913361,0.00029946539688723646
48.8710834715,2.3155913361,0.000750390747889958
48.8759773621,2.3155913361,0.0005820132798420999
48.8808712527,2.3155913361,0.00013978527795458127
48.8857651433,2.3155913361,1.0437916453839058e-05
48.8906590339,2.3155913361,2.51007479711173e-07
48.8955529245,2.3155913361,2.8674446108784433e-09
48.9004468151,2.3155913361,6.916796597883677e-11
48.9053407057,2.3155913361,2.328588279541825e-12
48.9102345963,2.3155913361,4.8856445486679174e-14
48.9151284869,2.3155913361,5.540993080084319e-16
48.9200223775,2.3155913361,1.7577458754578982e-17
48.9249162681,2.3155913361,5.940071976216795e-17
48.9298101587,2.3155913361,1.9614116229104083e-16
48.9347040493,2.3155913361,5.196730993402964e-16
48.9395979399,2.3155913361,1.1046164846461738e-15
48.9444918305,2.3155913361,1.8837036053985964e-15
48.9493857211,2.3155913361,2.5771125335760316e-15
48.9542796117,2.3155913361,2.8286157962889973e-15
48.9591735023,2.3155913361,2.490773902892014e-15
48.9640673929,2.3155913361,1.7596018759340694e-15
48.9689612835,2.3155913361,9.97273527807574e-16
48.9738551741,2.3155913361,4.534547242798626e-16
48.9787490647,2.3155913361,1.6541440837465957e-16
48.7389484253,2.3204852267,1.1065571678358478e-98
48.7438423159,2.3204852267,1.1482916999198488e-94
48.7487362065,2.3204852267,9.561147936685915e-91
48.7536300971,2.3204852267,7.231580781878999e-87
48.7585239877,2.3204852267,2.9459452539952244e-81
48.7634178783,2.3204852267,5.354627914237343e-75
48.7683117689,2.3204852267,5.263955143668408e-69
48.7732056595,2.3204852267,2.766531218956592e-63
48.7780995501,2.3204852267,7.772982316906325e-58
48.7829934407,2.3204852267,1.1675310831784322e-52
48.7878873313,2.3204852267,9.37514278617734e-48
48.7927812219,2.3204852267,4.024537676788944e-43
48.7976751125,2.3204852267,9.235975484941933e-39
48.8025690031,2.3204852267,1.1331260211994328e-34
48.8074628937,2.3204852267,7.4319421684492025e-31
48.8123567843,2.3204852267,2.6058841095995365e-27
48.8172506749,2.3204852267,4.884684758638671e-24
48.8221445655,2.3204852267,4.8949318741610684e-21
48.8270384561,2.3204852267,2.6223184730311734e-18
48.8319323467,2.3204852267,7.510234457735214e-16
48.8368262373,2.3204852267,1.1500041176103007e-13
48.8417201279,2.3204852267,9.463243720823634e-12
48.8466140185,2.3204852267,4.731169969113806e-10
48.8515079091,2.3204852267,3.222274238989839e-08
48.8564017997,2.3204852267,2.6961402161272693e-06
48.8612956903,2.3204852267,9.164994860906195e-05
48.8661895809,2.3204852267,0.0009939875855158149
48.8710834715,2.3204852267,0.0033501997014174167
48.8759773621,2.3204852267,0.0034970779117784556
48.8808712527,2.3204852267,0.001130476848664254
48.8857651433,2.3204852267,0.00011353775144231921
48.8906590339,2.3204852267,3.6386651967305587e-06
48.8955529245,2.3204852267,4.953479580151382e-08
48.9004468151,2.3204852267,1.130133942091644e-09
48.9053407057,2.3204852267,3.969438249109997e-11
48.9102345963,2.3204852267,8.579947095143179e-13
48.9151284869,2.3204852267,3.170938650936489e-14
48.9200223775,2.3204852267,8.243697825926616e-14
48.9249162681,2.3204852267,2.4645947397733364e-13
48.9298101587,2.3204852267,5.915271140365627e-13
48.9347040493,2.3204852267,1.1390002674414042e-12
48.9395979399,2.3204852267,1.759514139089356e-12
48.9444918305,2.3204852267,2.18062738242751e-12
48.9493857211,2.3204852267,2.1681530041620606e-12
48.9542796117,2.3204852267,1.7294904057822814e-12
48.9591735023,2.3204852267,1.1067923604961113e-12
48.9640673929,2.3204852267,5.682427633651292e-13
48.9689612835,2.3204852267,2.3405689513650757e-13
48.9738551741,2.3204852267,7.734437435854384e-14
48.9787490647,2.3204852267,2.050481177887384e-14
48.7389484253,2.3253791173,2.241395741838365e-90
48.7438423159,2.3253791173,1.690380688115511e-86
48.7487362065,2.3253791173,1.0227518353389707e-82
48.7536300971,2.3253791173,4.964503006081938e-79
48.7585239877,2.3253791173,1.9333091353507303e-75
48.7634178783,2.3253791173,6.042424983408768e-72
48.7683117689,2.3253791173,1.7675967526169416e-68
48.7732056595,2.3253791173,1.5274017339887517e-63
48.7780995501,2.3253791173,4.723458164446293e-58
48.7829934407,2.3253791173,7.966162778385657e-53
48.7878873313,2.3253791173,7.183091806816056e-48
48.7927812219,2.3253791173,3.4626027045796e-43
48.7976751125,2.3253791173,8.923240162631699e-39
48.8025690031,2.3253791173,1.2293376064220206e-34
48.8074628937,2.3253791173,9.054165319353484e-31
48.8123567843,2.3253791173,3.5649573633415526e-27
48.8172506749,2.3253791173,7.503932651358397e-24
48.8221445655,2.3253791173,8.444076950689425e-21
48.8270384561,2.3253791173,5.079770655697129e-18
48.8319323467,2.3253791173,1.63367158166188e-15
48.8368262373,2.3253791173,2.808793294912423e-13
48.8417201279,2.3253791173,2.583570889922884e-11
48.8466140185,2.3253791173,1.2998582708788577e-09
48.8515079091,2.3253791173,4.8870652204004355e-08
48.8564017997,2.3253791173,2.854461704409758e-06
48.8612956903,2.3253791173,0.00011681961523006861
48.8661895809,2.3253791173,0.0016781225842777013
48.8710834715,2.3253791173,0.007589486633293756
48.8759773621,2.3253791173,0.010656912709752575
48.8808712527,2.3253791173,0.004638712139319102
48.8857651433,2.3253791173,0.0006282823640040631
48.8906590339,2.3253791173,2.731192043497361e-05
48.8955529245,2.3253791173,5.090412483785617e-07
48.9004468151,2.3253791173,1.3876455259932707e-08
48.9053407057,2.3253791173,5.164072462659752e-10
48.9102345963,2.3253791173,2.4788619725248648e-11
48.9151284869,2.3253791173,4.591383089563773e-11
48.9200223775,2.3253791173,1.2408688265708462e-10
48.9249162681,2.3253791173,2.697867954657729e-10
48.9298101587,2.3253791173,4.705846344383618e-10
48.9347040493,2.3253791173,6.585284823516956e-10
48.9395979399,2.3253791173,7.393177785345417e-10
48.9444918305,2.3253791173,6.658976793119749e-10
48.9493857211,2.3253791173,4.811756237638545e-10
48.9542796117,2.3253791173,2.7894558996649857e-10
48.9591735023,2.3253791173,1.2973439972086062e-10
48.9640673929,2.3253791173,4.840726644929377e-11
48.9689612835,2.3253791173,1.4490578904229374e-11
48.9738551741,2.3253791173,3.480011494830327e-12
48.9787490647,2.3253791173,6.704947567741696e-13
48.7389484253,2.3302730079,1.1976236874221745e-82
48.7438423159,2.3302730079,6.564082160960777e-79
48.7487362065,2.3302730079,2.886339446279554e-75
48.7536300971,2.3302730079,1.0182175217431231e-71
48.7585239877,2.3302730079,2.8817313613040062e-68
48.7634178783,2.3302730079,6.543139577180293e-65
48.7683117689,2.3302730079,1.1918967762781018e-61
48.7732056595,2.3302730079,1.7418567545824263e-58
48.7780995501,2.3302730079,2.044456969149591e-55
48.7829934407,2.3302730079,2.3443420113229966e-52
48.7878873313,2.3302730079,4.4320729802172814e-48
48.7927812219,2.3302730079,2.3215262548132913e-43
48.7976751125,2.3302730079,6.715606051278631e-39
48.8025690031,2.3302730079,1.0389251365449367e-34
48.8074628937,2.3302730079,8.59240193064183e-31
48.8123567843,2.3302730079,3.7990380705084045e-27
48.8172506749,2.3302730079,8.979690682049379e-24
48.8221445655,2.3302730079,1.1346914330373831e-20
48.8270384561,2.3302730079,7.665188557303154e-18
48.8319323467,2.3302730079,2.7681943861879107e-15
48.8368262373,2.3302730079,5.344406036400202e-13
48.8417201279,2.3302730079,5.516452105094461e-11
48.8466140185,2.3302730079,3.051740574723165e-09
48.8515079091,2.3302730079,9.520216931771316e-08
48.8564017997,2.3302730079,2.535938102357449e-06
48.8612956903,2.3302730079,8.352237893213555e-05
48.8661895809,2.3302730079,0.00146898696372552
48.8710834715,2.3302730079,0.008783770130961517
48.8759773621,2.3302730079,0.01653813379641676
48.8808712527,2.3302730079,0.009697984429928693
48.8857651433,2.3302730079,0.001781567190179046
48.8906590339,2.3302730079,0.00010816508838256326
48.8955529245,2.3302730079,3.186475723326786e-06
48.9004468151,2.3302730079,1.270999515561383e-07
48.9053407057,2.3302730079,8.352184916717694e-09
48.9102345963,2.3302730079,1.0308306974297994e-08
48.9151284869,2.3302730079,2.5033695143912975e-08
48.9200223775,2.3302730079,4.9302437236419625e-08
48.9249162681,2.3302730079,7.790283622423872e-08
48.9298101587,2.3302730079,9.875474605215938e-08
48.9347040493,2.3302730079,1.00434390643398e-07
48.9395979399,2.3302730079,8.194579756813285e-08
48.9444918305,2.3302730079,5.3640237149939485e-08
48.9493857211,2.3302730079,2.8169196358634182e-08
48.9542796117,2.3302730079,1.1868012366614494e-08
48.9591735023,2.3302730079,4.011449122565929e-09
48.9640673929,2.3302730079,1.0877882209129739e-09
48.9689612835,2.3302730079,2.366503658937954e-10
48.9738551741,2.3302730079,4.1303777636054514e-11
48.9787490647,2.3302730079,5.7835185492270905e-12
48.7389484253,2.3351668985000003,1.6880268864408237e-75
48.7438423159,2.3351668985000003,6.723890652784127e-72
48.7487362065,2.3351668985000003,2.1487292199907712e-68
48.7536300971,2.3351668985000003,5.508869728723786e-65
48.7585239877,2.3351668985000003,1.1330865396197954e-61
48.7634178783,2.3351668985000003,1.8697494903007718e-58
48.7683117689,2.3351668985000003,2.475275434432558e-55
48.7732056595,2.3351668985000003,2.6289565305057962e-52
48.7780995501,2.3351668985000003,2.240077499977724e-49
48.7829934407,2.3351668985000003,1.5313078087250333e-46
48.7878873313,2.3351668985000003,8.398310426742503e-44
48.7927812219,2.3351668985000003,3.707167320701371e-41
48.7976751125,2.3351668985000003,1.6980025309747465e-38
48.8025690031,2.3351668985000003,7.208755039118334e-35
48.8074628937,2.3351668985000003,6.360250184224056e-31
48.8123567843,2.3351668985000003,3.1537994830866387e-27
48.8172506749,2.3351668985000003,8.370570335855208e-24
48.8221445655,2.3351668985000003,1.1877458694259782e-20
48.8270384561,2.3351668985000003,9.009935008245472e-18
48.8319323467,2.3351668985000003,3.653831794694e-15
48.8368262373,2.3351668985000003,7.921442517531144e-13
48.8417201279,2.3351668985000003,9.18102445812501e-11
48.8466140185,2.3351668985000003,5.689689783374425e-09
48.8515079091,2.3351668985000003,1.8939716946134154e-07
48.8564017997,2.3351668985000003,3.6039369359318398e-06
48.8612956903,2.3351668985000003,5.453137058843602e-05
48.8661895809,2.3351668985000003,0.0007701059749030695
48.8710834715,2.3351668985000003,0.005456024299701881
48.8759773621,2.3351668985000003,0.01342582887760006
48.8808712527,2.3351668985000003,0.010594540271833212
48.8857651433,2.3351668985000003,0.002697900138585566
48.8906590339,2.3351668985000003,0.00025039836002574125
48.8955529245,2.3351668985000003,1.4376234426752784e-05
48.9004468151,2.3351668985000003,1.1955089887279789e-06
48.9053407057,2.3351668985000003,9.46994069334113e-07
48.9102345963,2.3351668985000003,2.0242524748627467e-06
48.9151284869,2.3351668985000003,3.610095750053416e-06
48.9200223775,2.3351668985000003,5.167380131734844e-06
48.9249162681,2.3351668985000003,5.933937940155988e-06
48.9298101587,2.3351668985000003,5.466827349667493e-06
48.9347040493,2.3351668985000003,4.040615096716671e-06
48.9395979399,2.3351668985000003,2.3959589387574286e-06
48.9444918305,2.3351668985000003,1.1398062261567943e-06
48.9493857211,2.3351668985000003,4.350132087876005e-07
48.9542796117,2.3351668985000003,1.3319675007737494e-07
48.9591735023,2.3351668985000003,3.271934325579683e-08
48.9640673929,2.3351668985000003,6.448152388305228e-09
48.9689612835,2.3351668985000003,1.0194965778860342e-09
48.9738551741,2.3351668985000003,1.2931711801632922e-10
48.9787490647,2.3351668985000003,1.3159701168546685e-11
48.7389484253,2.3400607891000003,6.276181435954527e-69
48.7438423159,2.3400607891000003,1.8168723834745795e-65
48.7487362065,2.3400607891000003,4.2196178667357996e-62
48.7536300971,2.3400607891000003,7.862154729139665e-59
48.7585239877,2.3400607891000003,1.1752487982878806e-55
48.7634178783,2.3400607891000003,1.4094114979368613e-52
48.7683117689,2.3400607891000003,1.356018359642571e-49
48.7732056595,2.3400607891000003,1.0466779962472413e-46
48.7780995501,2.3400607891000003,6.481572513997424e-44
48.7829934407,2.3400607891000003,3.2200857659751485e-41
48.7878873313,2.3400607891000003,1.2834361252075598e-38
48.7927812219,2.3400607891000003,4.103938555207645e-36
48.7976751125,2.3400607891000003,1.0528049949222033e-33
48.8025690031,2.3400607891000003,2.1671232065084217e-31
48.8074628937,2.3400607891000003,3.614237955811725e-29
48.8123567843,2.3400607891000003,6.778457095200145e-27
48.8172506749,2.3400607891000003,6.5817323825976564e-24
48.8221445655,2.3400607891000003,9.727707851695973e-21
48.8270384561,2.3400607891000003,8.252682416286755e-18
48.8319323467,2.3400607891000003,3.75698396377242e-15
48.8368262373,2.3400607891000003,9.14605173895716e-13
48.8417201279,2.3400607891000003,1.1903459976474272e-10
48.8466140185,2.3400607891000003,8.282543128474237e-09
48.8515079091,2.3400607891000003,3.0822238782113366e-07
48.8564017997,2.3400607891000003,6.164006381096346e-06
48.8612956903,2.3400607891000003,6.906405609000085e-05
48.8661895809,2.3400607891000003,0.0005072010540835864
48.8710834715,2.3400607891000003,0.0026332587154488138
48.8759773621,2.3400607891000003,0.007021586851283696
48.8808712527,2.3400607891000003,0.007225357779623091
48.8857651433,2.3400607891000003,0.0027626238328530748
48.8906590339,2.3400607891000003,0.0004875724407418647
48.8955529245,2.3400607891000003,6.96162629719995e-05
48.9004468151,2.3400607891000003,3.7126885496628195e-05
48.9053407057,2.3400607891000003,6.574226961357687e-05
48.9102345963,2.3400607891000003,0.00010592246866565513
48.9151284869,2.3400607891000003,0.00013733756020766437
48.9200223775,2.3400607891000003,0.0001428662464957629
48.9249162681,2.3400607891000003,0.00011923118997409117
48.9298101587,2.3400607891000003,7.983069094924386e-05
48.9347040493,2.3400607891000003,4.2881469836000304e-05
48.9395979399,2.3400607891000003,1.847945689196237e-05
48.9444918305,2.3400607891000003,6.388935570524058e-06
48.9493857211,2.3400607891000003,1.7720973613568995e-06
48.9542796117,2.3400607891000003,3.94335988828145e-07
48.9591735023,2.3400607891000003,7.039876091906242e-08
48.9640673929,2.3400607891000003,1.0082851736406104e-08
48.9689612835,2.3400607891000003,1.1585679552274103e-09
48.9738551741,2.3400607891000003,1.068020056438469e-10
48.9787490647,2.3400607891000003,7.89872638226012e-12
48.7389484253,2.3449546797000003,6.155576997364827e-63
48.7438423159,2.3449546797000003,1.295046471848794e-59
48.7487362065,2.3449546797000003,2.185856780791514e-56
48.7536300971,2.3449546797000003,2.959905314694749e-53
48.7585239877,2.3449546797000003,3.215538390135925e-50
48.7634178783,2.3449546797000003,2.8025240266576027e-47
48.7683117689,2.3449546797000003,1.959587928147577e-44
48.7732056595,2.3449546797000003,1.0992587501416798e-41
48.7780995501,2.3449546797000003,4.9471476514061274e-39
48.7829934407,2.3449546797000003,1.786197917385796e-36
48.7878873313,2.3449546797000003,5.173971713759267e-34
48.7927812219,2.3449546797000003,1.202370428893919e-31
48.7976751125,2.3449546797000003,2.2416731417698875e-29
48.8025690031,2.3449546797000003,3.352942124743967e-27
48.8074628937,2.3449546797000003,4.0234607077924444e-25
48.8123567843,2.3449546797000003,3.873507503014648e-23
48.8172506749,2.3449546797000003,2.9950546330569178e-21
48.8221445655,2.3449546797000003,1.9152112581302306e-19
48.8270384561,2.3449546797000003,1.5099010045704038e-17
48.8319323467,2.3449546797000003,3.3764467214068676e-15
48.8368262373,2.3449546797000003,8.343425856402002e-13
48.8417201279,2.3449546797000003,1.2052608542789524e-10
48.8466140185,2.3449546797000003,9.40124579154672e-09
48.8515079091,2.3449546797000003,3.9280752923393855e-07
48.8564017997,2.3449546797000003,8.79286091299157e-06
48.8612956903,2.3449546797000003,0.00010596414358798555
48.8661895809,2.3449546797000003,0.0007009612854253504
48.8710834715,2.3449546797000003,0.002655089016619553
48.8759773621,2.3449546797000003,0.005809239421784134
48.8808712527,2.3449546797000003,0.006759346774704484
48.8857651433,2.3449546797000003,0.0039859405864404954
48.8906590339,2.3449546797000003,0.0014042656893870442
48.8955529245,2.3449546797000003,0.0006706289900091376
48.9004468151,2.3449546797000003,0.0008692571898986198
48.9053407057,2.3449546797000003,0.0012460332655110191
48.9102345963,2.3449546797000003,0.0014625668115765328
48.9151284869,2.3449546797000003,0.0013782181196521379
48.9200223775,2.3449546797000003,0.0010419479136542771
48.9249162681,2.3449546797000003,0.0006319662778929762
48.9298101587,2.3449546797000003,0.00030751164445697455
48.9347040493,2.3449546797000003,0.00012004635885542768
48.9395979399,2.3449546797000003,3.7597258925813915e-05
48.9444918305,2.3449546797000003,9.446765608272544e-06
48.9493857211,2.3449546797000003,1.9042758578960822e-06
48.9542796117,2.3449546797000003,3.07961444747238e-07
48.9591735023,2.3449546797000003,3.995605482697161e-08
48.9640673929,2.3449546797000003,4.158997100167812e-09
48.9689612835,2.3449546797000003,3.4730769034120126e-10
48.9738551741,2.3449546797000003,2.3268047803550687e-11
48.9787490647,2.3449546797000003,1.2506196842607942e-12
48.7389484253,2.3498485703,1.5925724332525897e-57
48.7438423159,2.3498485703,2.435025032781512e-54
48.7487362065,2.3498485703,2.986946415771657e-51
48.7536300971,2.3498485703,2.939484660764572e-48
48.7585239877,2.3498485703,2.3207840442328435e-45
48.7634178783,2.3498485703,1.4700023426129327e-42
48.7683117689,2.3498485703,7.470008377947053e-40
48.7732056595,2.3498485703,3.045397003692775e-37
48.7780995501,2.3498485703,9.960623130622395e-35
48.7829934407,2.3498485703,2.613658643617729e-32
48.7878873313,2.3498485703,5.502131790744586e-30
48.7927812219,2.3498485703,9.292506563920133e-28
48.7976751125,2.3498485703,1.2590834910252685e-25
48.8025690031,2.3498485703,1.368661174912826e-23
48.8074628937,2.3498485703,1.1935953853039315e-21
48.8123567843,2.3498485703,8.350992268720703e-20
48.8172506749,2.3498485703,4.687474665645972e-18
48.8221445655,2.3498485703,2.110889666217934e-16
48.8270384561,2.3498485703,7.629316861034782e-15
48.8319323467,2.3498485703,2.229115150842645e-13
48.8368262373,2.3498485703,5.7160466654206885e-12
48.8417201279,2.3498485703,1.9048613144370589e-10
48.8466140185,2.3498485703,9.741498107961113e-09
48.8515079091,2.3498485703,4.0778898373357346e-07
48.8564017997,2.3498485703,1.0027384045317941e-05
48.8612956903,2.3498485703,0.00013580465794066292
48.8661895809,2.3498485703,0.0010101620220046516
48.8710834715,2.3498485703,0.004179308814607281
48.8759773621,2.3498485703,0.00974213506657366
48.8808712527,2.3498485703,0.012842081190046916
48.8857651433,2.3498485703,0.009903966853745245
48.8906590339,2.3498485703,0.005847888858048822
48.8955529245,2.3498485703,0.005028032840817953
48.9004468151,2.3498485703,0.005923906892163264
48.9053407057,2.3498485703,0.006243540584095992
48.9102345963,2.3498485703,0.005327377025842333
48.9151284869,2.3498485703,0.003648411800728939
48.9200223775,2.3498485703,0.002004562182292468
48.9249162681,2.3498485703,0.0008835987214419805
48.9298101587,2.3498485703,0.0003124714847996508
48.9347040493,2.3498485703,8.865137348691365e-05
48.9395979399,2.3498485703,2.01781019140904e-05
48.9444918305,2.3498485703,3.684638783067119e-06
48.9493857211,2.3498485703,5.397955400426561e-07
48.9542796117,2.3498485703,6.344295895035783e-08
48.9591735023,2.3498485703,5.9821504788412735e-09
48.9640673929,2.3498485703,4.525337784738348e-10
48.9689612835,2.3498485703,2.7464040786706944e-11
48.9738551741,2.3498485703,1.3372038987207335e-12
48.9787490647,2.3498485703,5.223367686763273e-14
48.7389484253,2.3547424609,1.086892939948777e-52
48.7438423159,2.3547424609,1.2077544748411213e-49
48.7487362065,2.3547424609,1.0766890789337885e-46
48.7536300971,2.3547424609,7.70054965747207e-44
48.7585239877,2.3547424609,4.418480155154124e-41
48.7634178783,2.3547424609,2.0339667867851698e-38
48.7683117689,2.3547424609,7.51163661550869e-36
48.7732056595,2.3547424609,2.2255894231714504e-33
48.7780995501,2.3547424609,5.2902389942169336e-31
48.7829934407,2.3547424609,1.0088469867051202e-28
48.7878873313,2.3547424609,1.5434589204359065e-26
48.7927812219,2.3547424609,1.8944563981609742e-24
48.7976751125,2.3547424609,1.8654942660750547e-22
48.8025690031,2.3547424609,1.4737471828649294e-20
48.8074628937,2.3547424609,9.340536514045749e-19
48.8123567843,2.3547424609,4.74941831079222e-17
48.8172506749,2.3547424609,1.937442344142376e-15
48.8221445655,2.3547424609,6.340695905722525e-14
48.8270384561,2.3547424609,1.6648119385938262e-12
48.8319323467,2.3547424609,3.5069031523348544e-11
48.8368262373,2.3547424609,5.929395186148429e-10
48.8417201279,2.3547424609,8.092685190450766e-09
48.8466140185,2.3547424609,9.312621054208088e-08
48.8515079091,2.3547424609,1.0669814659522983e-06
48.8564017997,2.3547424609,1.4075080362405014e-05
48.8612956903,2.3547424609,0.0001669827108980228
48.8661895809,2.3547424609,0.0013236920193599245
48.8710834715,2.3547424609,0.006238935193098697
48.8759773621,2.3547424609,0.01684941932704707
48.8808712527,2.3547424609,0.02580603996349852
48.8857651433,2.3547424609,0.02350521870627584
48.8906590339,2.3547424609,0.01610691554267867
48.8955529245,2.3547424609,0.012456320489643386
48.9004468151,2.3547424609,0.010809800805581353
48.9053407057,2.3547424609,0.00825795182893972
48.9102345963,2.3547424609,0.00511892187323773
48.9151284869,2.3547424609,0.002547693480303452
48.9200223775,2.3547424609,0.001017302728458961
48.9249162681,2.3547424609,0.00032589177580803525
48.9298101587,2.3547424609,8.375608409268503e-05
48.9347040493,2.3547424609,1.7269473329802674e-05
48.9395979399,2.3547424609,2.856679951820794e-06
48.9444918305,2.3547424609,3.791087829360591e-07
48.9493857211,2.3547424609,4.036322605587713e-08
48.9542796117,2.3547424609,3.44768563688266e-09
48.9591735023,2.3547424609,2.362594638850364e-10
48.9640673929,2.3547424609,1.2988844987561757e-11
48.9689612835,2.3547424609,5.728904975151053e-13
48.9738551741,2.3547424609,2.0271807276171274e-14
48.9787490647,2.3547424609,5.754837751701299e-16
48.7389484253,2.3596363515,1.9567326392445817e-48
48.7438423159,2.3596363515,1.5801962546003202e-45
48.7487362065,2.3596363515,1.023788700694705e-42
48.7536300971,2.3596363515,5.321442834848068e-40
48.7585239877,2.3596363515,2.2190558630620515e-37
48.7634178783,2.3596363515,7.423809769494861e-35
48.7683117689,2.3596363515,1.9925315161227405e-32
48.7732056595,2.3596363515,4.2904547814745684e-30
48.7780995501,2.3596363515,7.411757884922544e-28
48.7829934407,2.3596363515,1.0272091614624596e-25
48.7878873313,2.3596363515,1.1421320254480941e-23
48.7927812219,2.3596363515,1.0188107053080319e-21
48.7976751125,2.3596363515,7.291056358616779e-20
48.8025690031,2.3596363515,4.1860766467004e-18
48.8074628937,2.3596363515,1.9281626315543505e-16
48.8123567843,2.3596363515,7.125246817769625e-15
48.8172506749,2.3596363515,2.1123988823542483e-13
48.8221445655,2.3596363515,5.024255428324828e-12
48.8270384561,2.3596363515,9.587100036506327e-11
48.8319323467,2.3596363515,1.467650580849809e-09
48.8368262373,2.3596363515,1.802523237341439e-08
48.8417201279,2.3596363515,1.7763171309328737e-07
48.8466140185,2.3596363515,1.407043466247104e-06
48.8515079091,2.3596363515,9.091719091132195e-06
48.8564017997,2.3596363515,5.154712766210299e-05
48.8612956903,2.3596363515,0.0003000282633416532
48.8661895809,2.3596363515,0.0017897499440757227
48.8710834715,2.3596363515,0.008328293128638925
48.8759773621,2.3596363515,0.02406261014744123
48.8808712527,2.3596363515,0.039101834169016116
48.8857651433,2.3596363515,0.03536125849261158
48.8906590339,2.3596363515,0.019927480519241026
48.8955529245,2.3596363515,0.009727549845815845
48.9004468151,2.3596363515,0.005374036056033554
48.9053407057,2.3596363515,0.0028910384079252516
48.9102345963,2.3596363515,0.0012977741935510001
48.9151284869,2.3596363515,0.0004693014326197512
48.9200223775,2.3596363515,0.00013618778449753997
48.9249162681,2.3596363515,3.1706541535105364e-05
48.9298101587,2.3596363515,5.922151118378768e-06
48.9347040493,2.3596363515,8.874213342839937e-07
48.9395979399,2.3596363515,1.0668417680091404e-07
48.9444918305,2.3596363515,1.028939692120765e-08
48.9493857211,2.3596363515,7.961586102944625e-10
48.9542796117,2.3596363515,4.942299239494425e-11
48.9591735023,2.3596363515,2.4613775931713906e-12
48.9640673929,2.3596363515,9.834385170007337e-14
48.9689612835,2.3596363515,3.1523610284861724e-15
48.9738551741,2.3596363515,8.106706523916625e-17
48.9787490647,2.3596363515,1.6725253831622736e-18
48.7389484253,2.3645302421,9.292516880372974e-45
48.7438423159,2.3645302421,5.453816841945217e-42
48.7487362065,2.3645302421,2.5679555612721776e-39
48.7536300971,2.3645302421,9.70050233008611e-37
48.7585239877,2.3645302421,2.9398197949960554e-34
48.7634178783,2.3645302421,7.147710604634819e-32
48.7683117689,2.3645302421,1.3942253548853694e-29
48.7732056595,2.3645302421,2.1818191908838936e-27
48.7780995501,2.3645302421,2.7392035357442647e-25
48.7829934407,2.3645302421,2.7589867507573395e-23
48.7878873313,2.3645302421,2.2294343662561697e-21
48.7927812219,2.3645302421,1.4453050929670369e-19
48.7976751125,2.3645302421,7.516992896806317e-18
48.8025690031,2.3645302421,3.1365232547732135e-16
48.8074628937,2.3645302421,1.0499597455527775e-14
48.8123567843,2.3645302421,2.819788605404187e-13
48.8172506749,2.3645302421,6.075474728190438e-12
48.8221445655,2.3645302421,1.0501797778455462e-10
48.8270384561,2.3645302421,1.4563536517020918e-09
48.8319323467,2.3645302421,1.620279042788555e-08
48.8368262373,2.3645302421,1.4462143753027686e-07
48.8417201279,2.3645302421,1.035617648590084e-06
48.8466140185,2.3645302421,5.950805279317905e-06
48.8515079091,2.3645302421,2.751623226827948e-05
48.8564017997,2.3645302421,0.00010516930888294968
48.8612956903,2.3645302421,0.0003844647377471962
48.8661895809,2.3645302421,0.0017375903710992984
48.8710834715,2.3645302421,0.008050550859974087
48.8759773621,2.3645302421,0.024837542679176528
48.8808712527,2.3645302421,0.04192828627072437
48.8857651433,2.3645302421,0.03669367316394557
48.8906590339,2.3645302421,0.01679771381867039
48.8955529245,2.3645302421,0.004477288622927152
48.9004468151,2.3645302421,0.0009991234616726127
48.9053407057,2.3645302421,0.0002845566732635126
48.9102345963,2.3645302421,8.73389800110344e-05
48.9151284869,2.3645302421,2.2813362017546806e-05
48.9200223775,2.3645302421,4.809401127322559e-06
48.9249162681,2.3645302421,8.137326282542911e-07
48.9298101587,2.3645302421,1.1045865713806597e-07
48.9347040493,2.3645302421,1.2029228800975615e-08
48.9395979399,2.3645302421,1.050982735180753e-09
48.9444918305,2.3645302421,7.366702702133419e-11
48.9493857211,2.3645302421,4.142575860654037e-12
48.9542796117,2.3645302421,1.868906446561611e-13
48.9591735023,2.3645302421,6.764324276310957e-15
48.9640673929,2.3645302421,1.9641789001266711e-16
48.9689612835,2.3645302421,4.575698799351576e-18
48.9738551741,2.3645302421,8.551722137722001e-20
48.9787490647,2.3645302421,1.2822405264697542e-21
48.7389484253,2.3694241327,1.1641055931527386e-41
48.7438423159,2.3694241327,4.965319708335289e-39
48.7487362065,2.3694241327,1.699111282356503e-36
48.7536300971,2.3694241327,4.664619197583816e-34
48.7585239877,2.3694241327,1.0273781667761976e-31
48.7634178783,2.3694241327,1.8153661538065918e-29
48.7683117689,2.3694241327,2.573462837884477e-27
48.7732056595,2.3694241327,2.9267884565467416e-25
48.7780995501,2.3694241327,2.6704504920436765e-23
48.7829934407,2.3694241327,1.9547782290376502e-21
48.7878873313,2.3694241327,1.147969160797441e-19
48.7927812219,2.3694241327,5.408573229042623e-18
48.7976751125,2.3694241327,2.044348689843283e-16
48.8025690031,2.3694241327,6.199361980074217e-15
48.8074628937,2.3694241327,1.5081994702128094e-13
48.8123567843,2.3694241327,2.943678239573243e-12
48.8172506749,2.3694241327,4.6093709050687813e-11
48.8221445655,2.3694241327,5.790455655482028e-10
48.8270384561,2.3694241327,5.835842857597163e-09
48.8319323467,2.3694241327,4.7186113009548685e-08
48.8368262373,2.3694241327,3.0608679884357476e-07
48.8417201279,2.3694241327,1.5929260318058804e-06
48.8466140185,2.3694241327,6.651153136800744e-06
48.8515079091,2.3694241327,2.2319594803635844e-05
48.8564017997,2.3694241327,6.193394793408045e-05
48.8612956903,2.3694241327,0.00018396116885686754
48.8661895809,2.3694241327,0.0009933423999691372
48.8710834715,2.3694241327,0.005856013345204219
48.8759773621,2.3694241327,0.02043819101980854
48.8808712527,2.3694241327,0.036523219778816444
48.8857651433,2.3694241327,0.032586352437504455
48.8906590339,2.3694241327,0.01452529497731268
48.8955529245,2.3694241327,0.0032847735908528818
48.9004468151,2.3694241327,0.0003935542001296871
48.9053407057,2.3694241327,2.9162352579815255e-05
48.9102345963,2.3694241327,2.292544773514985e-06
48.9151284869,2.3694241327,3.066696111347082e-07
48.9200223775,2.3694241327,4.4953722659690175e-08
48.9249162681,2.3694241327,5.50988851210568e-09
48.9298101587,2.3694241327,5.434749490010679e-10
48.9347040493,2.3694241327,4.301331412759604e-11
48.9395979399,2.3694241327,2.731167285571058e-12
48.9444918305,2.3694241327,1.3912767059685447e-13
48.9493857211,2.3694241327,5.685890501914229e-15
48.9542796117,2.3694241327,1.8642460648900884e-16
48.9591735023,2.3694241327,4.903743476477786e-18
48.9640673929,2.3694241327,1.0348371635173008e-19
48.9689612835,2.3694241327,1.7520078816064235e-21
48.9738551741,2.3694241327,2.3796871166129458e-23
48.9787490647,2.3694241327,2.5931248578833966e-25
48.7389484253,2.3743180233,3.846879130240862e-39
48.7438423159,2.3743180233,1.1924798066827944e-36
48.7487362065,2.3743180233,2.9656049042956966e-34
48.7536300971,2.3743180233,5.916914778079826e-32
48.7585239877,2.3743180233,9.47102759978565e-30
48.7634178783,2.3743180233,1.2162382439006472e-27
48.7683117689,2.3743180233,1.2530256861409054e-25
48.7732056595,2.3743180233,1.0356691916666474e-23
48.7780995501,2.3743180233,6.86755120233158e-22
48.7829934407,2.3743180233,3.6534445473727855e-20
48.7878873313,2.3743180233,1.5592756573722631e-18
48.7927812219,2.3743180233,5.3390383839422106e-17
48.7976751125,2.3743180233,1.4666380651330166e-15
48.8025690031,2.3743180233,3.2322327546859154e-14
48.8074628937,2.3743180233,5.714813561442227e-13
48.8123567843,2.3743180233,8.106273855277447e-12
48.8172506749,2.3743180233,9.224869719915471e-11
48.8221445655,2.3743180233,8.422072518480477e-10
48.8270384561,2.3743180233,6.168754359150602e-09
48.8319323467,2.3743180233,3.62489759798795e-08
48.8368262373,2.3743180233,1.7088887065884726e-07
48.8417201279,2.3743180233,6.46326803557314e-07
48.8466140185,2.3743180233,1.9613139340754767e-06
48.8515079091,2.3743180233,4.792550905117372e-06
48.8564017997,2.3743180233,1.0399656627223706e-05
48.8612956903,2.3743180233,4.7087420999102115e-05
48.8661895809,2.3743180233,0.000513548819253041
48.8710834715,2.3743180233,0.0037698353302239073
48.8759773621,2.3743180233,0.014022882439783006
48.8808712527,2.3743180233,0.02575406950099099
48.8857651433,2.3743180233,0.023398368809283563
48.8906590339,2.3743180233,0.010637602361141021
48.8955529245,2.3743180233,0.0024728737469226765
48.9004468151,2.3743180233,0.00030382923948750045
48.9053407057,2.3743180233,2.0542831221152778e-05
48.9102345963,2.3743180233,7.923921219753247e-07
48.9151284869,2.3743180233,1.8183584391500407e-08
48.9200223775,2.3743180233,3.22233602368196e-10
48.9249162681,2.3743180233,1.1281879978188569e-11
48.9298101587,2.3743180233,7.106929754620893e-13
48.9347040493,2.3743180233,4.0582465354553017e-14
48.9395979399,2.3743180233,1.8722368236468038e-15
48.9444918305,2.3743180233,6.931242160507511e-17
48.9493857211,2.3743180233,2.0586554283814622e-18
48.9542796117,2.3743180233,4.9054184006952926e-20
48.9591735023,2.3743180233,9.377524671991436e-22
48.9640673929,2.3743180233,1.4382028340363332e-23
48.9689612835,2.3743180233,1.7695866373036515e-25
48.9738551741,2.3743180233,1.746800410208916e-27
48.9787490647,2.3743180233,1.3833577436548734e-29
48.7389484253,2.3792119139,3.3533729264188094e-37
48.7438423159,2.3792119139,7.554609102228843e-35
48.7487362065,2.3792119139,1.3654063133010007e-32
48.7536300971,2.3792119139,1.979846776260968e-30
48.7585239877,2.3792119139,2.3031436170908587e-28
48.7634178783,2.3792119139,2.1494642415354343e-26
48.7683117689,2.3792119139,1.6093822021946449e-24
48.7732056595,2.3792119139,9.667360837086854e-23
48.7780995501,2.3792119139,4.658825340485123e-21
48.7829934407,2.3792119139,1.801211429813858e-19
48.7878873313,2.3792119139,5.586923496381256e-18
48.7927812219,2.3792119139,1.3902743808450879e-16
48.7976751125,2.3792119139,2.775543770204844e-15
48.8025690031,2.3792119139,4.445446687581499e-14
48.8074628937,2.3792119139,5.712188061692818e-13
48.8123567843,2.3792119139,5.8885633731070865e-12
48.8172506749,2.3792119139,4.8700786455497886e-11
48.8221445655,2.3792119139,3.231337799929884e-10
48.8270384561,2.3792119139,1.7200794707411257e-09
48.8319323467,2.3792119139,7.345721001191275e-09
48.8368262373,2.3792119139,2.516750254864639e-08
48.8417201279,2.3792119139,6.917787753691403e-08
48.8466140185,2.3792119139,1.5261781230606752e-07
48.8515079091,2.3792119139,2.787667011163641e-07
48.8564017997,2.3792119139,9.369021956602816e-07
48.8612956903,2.3792119139,1.7421132046578063e-05
48.8661895809,2.3792119139,0.00026269918833088574
48.8710834715,2.3792119139,0.0020131778587161747
48.8759773621,2.3792119139,0.007578415953899675
48.8808712527,2.3792119139,0.014006663208767726
48.8857651433,2.3792119139,0.012838463015063254
48.8906590339,2.3792119139,0.005954801434030456
48.8955529245,2.3792119139,0.0014454102349081312
48.9004468151,2.3792119139,0.00019223253490684906
48.9053407057,2.3792119139,1.4630200522198307e-05
48.9102345963,2.3792119139,6.482630803627247e-07
48.9151284869,2.3792119139,1.6476149437769126e-08
48.9200223775,2.3792119139,2.3364420980159346e-10
48.9249162681,2.3792119139,1.8113319896406124e-12
48.9298101587,2.3792119139,7.773724185594574e-15
48.9347040493,2.3792119139,2.6930290292897562e-17
48.9395979399,2.3792119139,3.586855896633452e-19
48.9444918305,2.3792119139,9.121770366532033e-21
48.9493857211,2.3792119139,1.966236263851859e-22
48.9542796117,2.3792119139,3.4049138424239125e-24
48.9591735023,2.3792119139,4.7304868116406175e-26
48.9640673929,2.3792119139,5.2726071149281015e-28
48.9689612835,2.3792119139,4.7148160421451395e-30
48.9738551741,2.3792119139,3.382391380576981e-32
48.9787490647,2.3792119139,1.946716592060414e-34
48.7389484253,2.3841058045,7.711028608041129e-36
48.7438423159,2.3841058045,1.2624962868683907e-33
48.7487362065,2.3841058045,1.6583174463893598e-31
48.7536300971,2.3841058045,1.747531429117934e-29
48.7585239877,2.3841058045,1.4774135772594059e-27
48.7634178783,2.3841058045,1.0020720331785874e-25
48.7683117689,2.3841058045,5.452749699625218e-24
48.7732056595,2.3841058045,2.380411000489422e-22
48.7780995501,2.3841058045,8.336967333607719e-21
48.7829934407,2.3841058045,2.342523822748251e-19
48.7878873313,2.3841058045,5.280556548747927e-18
48.7927812219,2.3841058045,9.54981909078021e-17
48.7976751125,2.3841058045,1.3855760133902813e-15
48.8025690031,2.3841058045,1.6128178947042887e-14
48.8074628937,2.3841058045,1.5061217339747986e-13
48.8123567843,2.3841058045,1.128377929482994e-12
48.8172506749,2.3841058045,6.782172873648723e-12
48.8221445655,2.3841058045,3.2704152042915235e-11
48.8270384561,2.3841058045,1.265192754144046e-10
48.8319323467,2.3841058045,3.9267229828416753e-10
48.8368262373,2.3841058045,9.777415658661969e-10
48.8417201279,2.3841058045,1.954902422452329e-09
48.8466140185,2.3841058045,3.963954549878994e-09
48.8515079091,2.3841058045,1.149162180343788e-07
48.8564017997,2.3841058045,4.121535748243807e-06
48.8612956903,2.3841058045,4.551736271775196e-05
48.8661895809,2.3841058045,0.000213023947649122
48.8710834715,2.3841058045,0.0009138141022775224
48.8759773621,2.3841058045,0.0031571868164962037
48.8808712527,2.3841058045,0.0057936949516239926
48.8857651433,2.3841058045,0.0053331218700029825
48.8906590339,2.3841058045,0.0025273056488009336
48.8955529245,2.3841058045,0.0006473771411909218
48.9004468151,2.3841058045,9.503248890764644e-05
48.9053407057,2.3841058045,8.296970313339068e-06
48.9102345963,2.3841058045,4.2733787107079027e-07
48.9151284869,2.3841058045,1.2528732870895146e-08
48.9200223775,2.3841058045,2.0242367255940646e-10
48.9249162681,2.3841058045,1.7695922385957257e-12
48.9298101587,2.3841058045,8.304109241554323e-15
48.9347040493,2.3841058045,2.0858545710462206e-17
48.9395979399,2.3841058045,2.80328918506171e-20
48.9444918305,2.3841058045,2.043572016981712e-23
48.9493857211,2.3841058045,1.267817262565523e-26
48.9542796117,2.3841058045,6.392920869104771e-29
48.9591735023,2.3841058045,6.296520279050915e-31
48.9640673929,2.3841058045,5.099043294089669e-33
48.9689612835,2.3841058045,3.313712507125419e-35
48.9738551741,2.3841058045,1.727673136209307e-37
48.9787490647,2.3841058045,7.226501600223037e-40
48.7389484253,2.3889996951,4.677350581760859e-35
48.7438423159,2.3889996951,5.565515149085382e-33
48.7487362065,2.3889996951,5.312887021883386e-31
48.7536300971,2.3889996951,4.068886330745516e-29
48.7585239877,2.3889996951,2.5000016732923212e-27
48.7634178783,2.3889996951,1.232323715561695e-25
48.7683117689,2.3889996951,4.873366555881379e-24
48.7732056595,2.3889996951,1.5461553086849077e-22
48.7780995501,2.3889996951,3.9354728299706055e-21
48.7829934407,2.3889996951,8.036380405772588e-20
48.7878873313,2.3889996951,1.3165695880052136e-18
48.7927812219,2.3889996951,1.730401635507032e-17
48.7976751125,2.3889996951,1.8246088627793167e-16
48.8025690031,2.3889996951,1.543520523098512e-15
48.8074628937,2.3889996951,1.0475500980242173e-14
48.8123567843,2.3889996951,5.703703753328234e-14
48.8172506749,2.3889996951,2.4914884845602427e-13
48.8221445655,2.3889996951,8.731333428373323e-13
48.8270384561,2.3889996951,2.4548334213858644e-12
48.8319323467,2.3889996951,5.537119432286418e-12
48.8368262373,2.3889996951,1.0065980158635846e-11
48.8417201279,2.3889996951,8.520180556594854e-11
48.8466140185,2.3889996951,2.9606999638383508e-08
48.8515079091,2.3889996951,3.3823134986675334e-06
48.8564017997,2.3889996951,0.00010553513425390999
48.8612956903,2.3889996951,0.0008999406401823505
48.8661895809,2.3889996951,0.0021201420933123286
48.8710834715,2.3889996951,0.0015880012184463464
48.8759773621,2.3889996951,0.0012183850054738935
48.8808712527,2.3889996951,0.0018234516822131111
48.8857651433,2.3889996951,0.001673707952168012
48.8906590339,2.3889996951,0.0008140057190136105
48.8955529245,2.3889996951,0.00022327919962584133
48.9004468151,2.3889996951,3.6926549706630575e-05
48.9053407057,2.3889996951,3.7429893688932144e-06
48.9102345963,2.3889996951,2.2365819869046505e-07
48.9151284869,2.3889996951,7.507013696407351e-09
48.9200223775,2.3889996951,1.3737916781007324e-10
48.9249162681,2.3889996951,1.352893868537274e-12
48.9298101587,2.3889996951,7.136258785270318e-15
48.9347040493,2.3889996951,2.01336258485355e-17
48.9395979399,2.3889996951,3.0370484540080115e-20
48.9444918305,2.3889996951,2.449178017090909e-23
48.9493857211,2.3889996951,1.0558951032420002e-26
48.9542796117,2.3889996951,2.433891700482528e-30
48.9591735023,2.3889996951,3.0205978023702577e-34
48.9640673929,2.3889996951,3.275893866738014e-38
48.9689612835,2.3889996951,6.213138488511187e-41
48.9738551741,2.3889996951,2.327988744676352e-43
48.9787490647,2.3889996951,7.07637280209628e-46
48.7389484253,2.3938935857,7.484187842000176e-35
48.7438423159,2.3938935857,6.471989093928725e-33
48.7487362065,2.3938935857,4.490044441577911e-31
48.7536300971,2.3938935857,2.4990978884571962e-29
48.7585239877,2.3938935857,1.1159266792783036e-27
48.7634178783,2.3938935857,3.9976780811802214e-26
48.7683117689,2.3938935857,1.148946330569604e-24
48.7732056595,2.3938935857,2.6491797766874744e-23
48.7780995501,2.3938935857,4.900528111629379e-22
48.7829934407,2.3938935857,7.272673718090792e-21
48.7878873313,2.3938935857,8.658947129010839e-20
48.7927812219,2.3938935857,8.27095841236158e-19
48.7976751125,2.3938935857,6.3382060193210595e-18
48.8025690031,2.3938935857,3.896696945770442e-17
48.8074628937,2.3938935857,1.921970315827357e-16
48.8123567843,2.3938935857,7.605302377487875e-16
48.8172506749,2.3938935857,2.414382423420174e-15
48.8221445655,2.3938935857,6.149154443581376e-15
48.8270384561,2.3938935857,1.2564486873498674e-14
48.8319323467,2.3938935857,2.072496045674349e-14
48.8368262373,2.3938935857,6.485546371779086e-13
48.8417201279,2.3938935857,8.205112804856093e-10
48.8466140185,2.3938935857,2.9560805698682724e-07
48.8515079091,2.3938935857,2.906412748475186e-05
48.8564017997,2.3938935857,0.0007798218116006739
48.8612956903,2.3938935857,0.005710214539713111
48.8661895809,2.3938935857,0.011417001725084761
48.8710834715,2.3938935857,0.006284832124033441
48.8759773621,2.3938935857,0.0011612491923768003
48.8808712527,2.3938935857,0.0004653767519903286
48.8857651433,2.3938935857,0.00039676270018064404
48.8906590339,2.3938935857,0.0001994284153287019
48.8955529245,2.3938935857,5.9675107227412496e-05
48.9004468151,2.3938935857,1.1334943028246448e-05
48.9053407057,2.3938935857,1.3407135994956153e-06
48.9102345963,2.3938935857,9.239762850324863e-08
48.9151284869,2.3938935857,3.52664228937839e-09
48.9200223775,2.3938935857,7.281203714824202e-11
48.9249162681,2.3938935857,8.063784065469365e-13
48.9298101587,2.3938935857,4.7783003815272926e-15
48.9347040493,2.3938935857,1.5139789848377836e-17
48.9395979399,2.3938935857,2.5645524705975742e-20
48.9444918305,2.3938935857,2.322389112151936e-23
48.9493857211,2.3938935857,1.1243137726507855e-26
48.9542796117,2.3938935857,2.9098379983109874e-30
48.9591735023,2.3938935857,4.026046339224706e-34
48.9640673929,2.3938935857,2.97795080703775e-38
48.9689612835,2.3938935857,1.1775944897044046e-42
48.9738551741,2.3938935857,2.4975933776122283e-47
48.9787490647,2.3938935857,4.641121184552484e-52
48.7389484253,2.3987874763,3.158977867908345e-35
48.7438423159,2.3987874763,1.9853054378075976e-33
48.7487362065,2.3987874763,1.0009856377462837e-31
48.7536300971,2.3987874763,4.0490032509516436e-30
48.7585239877,2.3987874763,1.313978229940727e-28
48.7634178783,2.3987874763,3.42095986813723e-27
48.7683117689,2.3987874763,7.14541659298781e-26
48.7732056595,2.3987874763,1.197365923172214e-24
48.7780995501,2.3987874763,1.609703910442572e-23
48.7829934407,2.3987874763,1.7361405041329696e-22
48.7878873313,2.3987874763,1.5022544689842025e-21
48.7927812219,2.3987874763,1.0428501433440757e-20
48.7976751125,2.3987874763,5.807912580820431e-20
48.8025690031,2.3987874763,2.595003821213343e-19
48.8074628937,2.3987874763,9.301986346086596e-19
48.8123567843,2.3987874763,2.6750577297441566e-18
48.8172506749,2.3987874763,6.1717792670584155e-18
48.8221445655,2.3987874763,1.142371609343277e-17
48.8270384561,2.3987874763,1.7000072726924272e-17
48.8319323467,2.3987874763,5.727678432465695e-16
48.8368262373,2.3987874763,2.299537770662752e-12
48.8417201279,2.3987874763,2.611494249268854e-09
48.8466140185,2.3987874763,8.093453981790076e-07
48.8515079091,2.3987874763,6.844966925709684e-05
48.8564017997,2.3987874763,0.0015797986886276283
48.8612956903,2.3987874763,0.009950104235571574
48.8661895809,2.3987874763,0.017103215834041553
48.8710834715,2.3987874763,0.008032962667094669
48.8759773621,2.3987874763,0.0010689396203094265
48.8808712527,2.3987874763,0.00011185077723246008
48.8857651433,2.3987874763,7.117340956221905e-05
48.8906590339,2.3987874763,3.730022873482643e-05
48.8955529245,2.3987874763,1.2443846846206277e-05
48.9004468151,2.3987874763,2.756101929627067e-06
48.9053407057,2.3987874763,3.799398506815925e-07
48.9102345963,2.3987874763,2.9986791982170574e-08
48.9151284869,2.3987874763,1.2950122094907932e-09
48.9200223775,2.3987874763,3.009591141946705e-11
48.9249162681,2.3987874763,3.745223525383598e-13
48.9298101587,2.3987874763,2.4924823745286014e-15
48.9347040493,2.3987874763,8.868405899149828e-18
48.9395979399,2.3987874763,1.6869143230675982e-20
48.9444918305,2.3987874763,1.715418112862608e-23
48.9493857211,2.3987874763,9.32557762759881e-27
48.9542796117,2.3987874763,2.710255121686495e-30
48.9591735023,2.3987874763,4.210883973421742e-34
48.9640673929,2.3987874763,3.4975589558209404e-38
48.9689612835,2.3987874763,1.553050150246673e-42
48.9738551741,2.3987874763,3.686672704777223e-47
48.9787490647,2.3987874763,4.678561749955683e-52
48.7389484253,2.4036813669,3.5172694112906764e-36
48.7438423159,2.4036813669,1.6064752362730818e-34
48.7487362065,2.4036813669,5.88656848029411e-33
48.7536300971,2.4036813669,1.7304941328547897e-31
48.7585239877,2.4036813669,4.081293493724321e-30
48.7634178783,2.4036813669,7.722275432863864e-29
48.7683117689,2.4036813669,1.172229141437567e-27
48.7732056595,2.4036813669,1.4275768767270525e-26
48.7780995501,2.4036813669,1.39478176578884e-25
48.7829934407,2.4036813669,1.0932834720350637e-24
48.7878873313,2.4036813669,6.875100787904313e-24
48.7927812219,2.4036813669,3.4685273315092207e-23
48.7976751125,2.4036813669,1.4038830740247414e-22
48.8025690031,2.4036813669,4.558652839175825e-22
48.8074628937,2.4036813669,1.1875772444750536e-21
48.8123567843,2.4036813669,2.482029733247271e-21
48.8172506749,2.4036813669,4.161710421178556e-21
48.8221445655,2.4036813669,5.599337101473937e-21
48.8270384561,2.4036813669,5.568812544373892e-20
48.8319323467,2.4036813669,6.512613755364655e-16
48.8368262373,2.4036813669,2.331358038218767e-12
48.8417201279,2.4036813669,2.277501604787842e-09
48.8466140185,2.4036813669,6.071568813964813e-07
48.8515079091,2.4036813669,4.417084110868039e-05
48.8564017997,2.4036813669,0.0008769261682200612
48.8612956903,2.4036813669,0.004750986592248685
48.8661895809,2.4036813669,0.007024381526613905
48.8710834715,2.4036813669,0.0028355875912066107
48.8759773621,2.4036813669,0.00031771878710166416
48.8808712527,2.4036813669,1.952212331860028e-05
48.8857651433,2.4036813669,9.63620822089254e-06
48.8906590339,2.4036813669,5.352632378604004e-06
48.8955529245,2.4036813669,2.037757857861307e-06
48.9004468151,2.4036813669,5.309383145645742e-07
48.9053407057,2.4036813669,8.483721362975469e-08
48.9102345963,2.4036813669,7.619220923402001e-09
48.9151284869,2.4036813669,3.7107476414519194e-10
48.9200223775,2.4036813669,9.695042817239475e-12
48.9249162681,2.4036813669,1.3551606837709087e-13
48.9298101587,2.4036813669,1.0127973312926305e-15
48.9347040493,2.4036813669,4.046630774144252e-18
48.9395979399,2.4036813669,8.643604815394401e-21
48.9444918305,2.4036813669,9.870180968823733e-24
48.9493857211,2.4036813669,6.025374191353202e-27
48.9542796117,2.4036813669,1.966398800717933e-30
48.9591735023,2.4036813669,3.430740315891845e-34
48.9640673929,2.4036813669,3.1998731253449275e-38
48.9689612835,2.4036813669,1.5955350135716316e-42
48.9738551741,2.4036813669,4.2531293066454575e-47
48.9787490647,2.4036813669,6.060933256435483e-52
48.7389484253,2.4085752575,1.0330511722468782e-37
48.7438423159,2.4085752575,3.429082124305998e-36
48.7487362065,2.4085752575,9.131743474104394e-35
48.7536300971,2.4085752575,1.9509641304042992e-33
48.7585239877,2.4085752575,3.3439873945154354e-32
48.7634178783,2.4085752575,4.598325854544231e-31
48.7683117689,2.4085752575,5.072880372559969e-30
48.7732056595,2.4085752575,4.489823445150857e-29
48.7780995501,2.4085752575,3.188039333489878e-28
48.7829934407,2.4085752575,1.8160919933741728e-27
48.7878873313,2.4085752575,8.299879393603644e-27
48.7927812219,2.4085752575,3.0431648901056703e-26
48.7976751125,2.4085752575,8.951564657097408e-26
48.8025690031,2.4085752575,2.112477958789752e-25
48.8074628937,2.4085752575,3.999495245367911e-25
48.8123567843,2.4085752575,6.074883427086476e-25
48.8172506749,2.4085752575,7.4027353372243345e-25
48.8221445655,2.4085752575,1.1744655946744007e-24
48.8270384561,2.4085752575,1.863910525713816e-20
48.8319323467,2.4085752575,2.10316707544825e-16
48.8368262373,2.4085752575,6.476321069743044e-13
48.8417201279,2.4085752575,5.442212375011296e-10
48.8466140185,2.4085752575,1.2480014747583554e-07
48.8515079091,2.4085752575,7.809931385951085e-06
48.8564017997,2.4085752575,0.00013337422845374275
48.8612956903,2.4085752575,0.0006215697753463494
48.8661895809,2.4085752575,0.000790516201638087
48.8710834715,2.4085752575,0.0002745100545680536
48.8759773621,2.4085752575,2.6558220223947614e-05
48.8808712527,2.4085752575,1.6894370797629067e-06
48.8857651433,2.4085752575,9.806603016955456e-07
48.8906590339,2.4085752575,5.930758520675502e-07
48.8955529245,2.4085752575,2.633985333403204e-07
48.9004468151,2.4085752575,8.088260330247115e-08
48.9053407057,2.4085752575,1.4871586772957371e-08
48.9102345963,2.4085752575,1.5123128440726407e-09
48.9151284869,2.4085752575,8.289549147100345e-11
48.9200223775,2.4085752575,2.433337465488108e-12
48.9249162681,2.4085752575,3.8198247184964605e-14
48.9298101587,2.4085752575,3.2058024755320456e-16
48.9347040493,2.4085752575,1.4383423807027616e-18
48.9395979399,2.4085752575,3.449982830804247e-21
48.9444918305,2.4085752575,4.423849201109274e-24
48.9493857211,2.4085752575,3.032580713096907e-27
48.9542796117,2.4085752575,1.1113557239995258e-30
48.9591735023,2.4085752575,2.1773210944902105e-34
48.9640673929,2.4085752575,2.280449907867937e-38
48.9689612835,2.4085752575,1.2768716989940145e-42
48.9738551741,2.4085752575,3.8221053439176613e-47
48.9787490647,2.4085752575,6.116270884988226e-52
48.7389484253,2.4134691481,8.00378073222289e-40
48.7438423159,2.4134691481,1.9308070910314858e-38
48.7487362065,2.4134691481,3.736821499945478e-37
48.7536300971,2.4134691481,5.8021050287513295e-36
48.7585239877,2.4134691481,7.227508053505689e-35
48.7634178783,2.4134691481,7.2228957669695756e-34
48.7683117689,2.4134691481,5.7910041500335506e-33
48.7732056595,2.4134691481,3.7249133099579433e-32
48.7780995501,2.4134691481,1.9221984764824098e-31
48.7829934407,2.4134691481,7.957928864671966e-31
48.7878873313,2.4134691481,2.643148975234925e-30
48.7927812219,2.4134691481,7.04308607769452e-30
48.7976751125,2.4134691481,1.5056503022959346e-29
48.8025690031,2.4134691481,2.582289922087179e-29
48.8074628937,2.4134691481,3.553085433119608e-29
48.8123567843,2.4134691481,3.9221669399562925e-29
48.8172506749,2.4134691481,3.5148496145711036e-29
48.8221445655,2.4134691481,5.392827706198031e-26
48.8270384561,2.4134691481,1.917270917469349e-21
48.8319323467,2.4134691481,1.860984872065532e-17
48.8368262373,2.4134691481,4.929408693727069e-14
48.8417201279,2.4134691481,3.5631928203318156e-11
48.8466140185,2.4134691481,7.02872131141299e-09
48.8515079091,2.4134691481,3.7836054692049276e-07
48.8564017997,2.4134691481,5.558121609472962e-06
48.8612956903,2.4134691481,2.2281504473228984e-05
48.8661895809,2.4134691481,2.4377005952442848e-05
48.8710834715,2.4134691481,7.289436519845353e-06
48.8759773621,2.4134691481,6.363959589661432e-07
48.8808712527,2.4134691481,8.987995171800781e-08
48.8857651433,2.4134691481,7.566176263865887e-08
48.8906590339,2.4134691481,5.1116191384406e-08
48.8955529245,2.4134691481,2.6952719512699672e-08
48.9004468151,2.4134691481,9.714640055961825e-09
48.9053407057,2.4134691481,2.0407429907431238e-09
48.9102345963,2.4134691481,2.341785236220039e-10
48.9151284869,2.4134691481,1.4430648340099175e-11
48.9200223775,2.4134691481,4.757850854431259e-13
48.9249162681,2.4134691481,8.387313650132428e-15
48.9298101587,2.4134691481,7.904458969438844e-17
48.9347040493,2.4134691481,3.9824579591169644e-19
48.9395979399,2.4134691481,1.072652498645612e-21
48.9444918305,2.4134691481,1.5445272636851808e-24
48.9493857211,2.4134691481,1.1889422969603602e-27
48.9542796117,2.4134691481,4.8927682287166255e-31
48.9591735023,2.4134691481,1.076408645263955e-34
48.9640673929,2.4134691481,1.2659844697161805e-38
48.9689612835,2.4134691481,7.959911630740899e-43
48.9738551741,2.4134691481,2.675572859657471e-47
48.9787490647,2.4134691481,4.807884044513426e-52
48.7389484253,2.4183630387,1.635782952265954e-42
48.7438423159,2.4183630387,2.8678539588173197e-41
48.7487362065,2.4183630387,4.033742314187444e-40
48.7536300971,2.4183630387,4.551756648496967e-39
48.7585239877,2.4183630387,4.120687542337885e-38
48.7634178783,2.4183630387,2.992816567461825e-37
48.7683117689,2.4183630387,1.7438546315411688e-36
48.7732056595,2.4183630387,8.151925914173312e-36
48.7780995501,2.4183630387,3.057242823388906e-35
48.7829934407,2.4183630387,9.198550764833768e-35
48.7878873313,2.4183630387,2.2203868668821383e-34
48.7927812219,2.4183630387,4.299893068492009e-34
48.7976751125,2.4183630387,6.680460896789813e-34
48.8025690031,2.4183630387,8.326739194943965e-34
48.8074628937,2.4183630387,8.326514894379257e-34
48.8123567843,2.4183630387,6.68030501083598e-34
48.8172506749,2.4183630387,1.618419032033613e-32
48.8221445655,2.4183630387,1.7662031847817277e-27
48.8270384561,2.4183630387,5.403839980370904e-23
48.8319323467,2.4183630387,4.511895465370321e-19
48.8368262373,2.4183630387,1.0280360724795858e-15
48.8417201279,2.4183630387,6.392198189090749e-13
48.8466140185,2.4183630387,1.0846375787118447e-10
48.8515079091,2.4183630387,5.022404802508217e-09
48.8564017997,2.4183630387,6.346471421786504e-08
48.8612956903,2.4183630387,2.1885500479892698e-07
48.8661895809,2.4183630387,2.0604498543788148e-07
48.8710834715,2.4183630387,5.360462135147739e-08
48.8759773621,2.4183630387,6.178406403899594e-09
48.8808712527,2.4183630387,4.413657917811015e-09
48.8857651433,2.4183630387,4.459517242341158e-09
48.8906590339,2.4183630387,3.4533249920808596e-09
48.8955529245,2.4183630387,2.1842787090298744e-09
48.9004468151,2.4183630387,9.169775256938635e-10
48.9053407057,2.4183630387,2.1878274227916796e-10
48.9102345963,2.4183630387,2.8268535579540813e-11
48.9151284869,2.4183630387,1.957190154724505e-12
48.9200223775,2.4183630387,7.246911398273532e-14
48.9249162681,2.4183630387,1.4345795239436397e-15
48.9298101587,2.4183630387,1.5181962845660433e-17
48.9347040493,2.4183630387,8.589348554716957e-20
48.9395979399,2.4183630387,2.5978928303179825e-22
48.9444918305,2.4183630387,4.20059592337877e-25
48.9493857211,2.4183630387,3.631025086112053e-28
48.9542796117,2.4183630387,1.67793935239737e-31
48.9591735023,2.4183630387,4.145261541510841e-35
48.9640673929,2.4183630387,5.474649024139433e-39
48.9689612835,2.4183630387,3.865354181507209e-43
48.9738551741,2.4183630387,1.458985494318525e-47
48.9787490647,2.4183630387,2.944023830166693e-52
48.7389484253,2.4232569293,8.818877722129582e-46
48.7438423159,2.4232569293,1.1236532860914164e-44
48.7487362065,2.4232569293,1.1486060424442047e-43
48.7536300971,2.4232569293,9.419538644988204e-43
48.7585239877,2.4232569293,6.197377241466685e-42
48.7634178783,2.4232569293,3.271191724460353e-41
48.7683117689,2.4232569293,1.3852361923324841e-40
48.7732056595,2.4232569293,4.706102978587401e-40
48.7780995501,2.4232569293,1.282681371613632e-39
48.7829934407,2.4232569293,2.804761349427684e-39
48.7878873313,2.4232569293,4.9203138494727476e-39
48.7927812219,2.4232569293,6.924835523352319e-39
48.7976751125,2.4232569293,7.818904066999395e-39
48.8025690031,2.4232569293,7.082752594017741e-39
48.8074628937,2.4232569293,5.1472831519070554e-39
48.8123567843,2.4232569293,3.4689388922477304e-39
48.8172506749,2.4232569293,1.6447256901017994e-34
48.8221445655,2.4232569293,1.5857054896592034e-29
48.8270384561,2.4232569293,4.173216194467182e-25
48.8319323467,2.4232569293,2.997250672888437e-21
48.8368262373,2.4232569293,5.874479729007562e-18
48.8417201279,2.4232569293,3.1420182607211483e-15
48.8466140185,2.4232569293,4.586073570882489e-13
48.8515079091,2.4232569293,1.8267032482433803e-11
48.8564017997,2.4232569293,1.9856532543117475e-10
48.8612956903,2.4232569293,5.892749120014686e-10
48.8661895809,2.4232569293,4.811978559733475e-10
48.8710834715,2.4232569293,1.3620673299267046e-10
48.8759773621,2.4232569293,1.1146609071923585e-10
48.8808712527,2.4232569293,1.8503240047283246e-10
48.8857651433,2.4232569293,2.0157916966366572e-10
48.8906590339,2.4232569293,1.8411310943864618e-10
48.8955529245,2.4232569293,1.3996586765936876e-10
48.9004468151,2.4232569293,6.782935051935942e-11
48.9053407057,2.4232569293,1.8300991400235127e-11
48.9102345963,2.4232569293,2.6591263814862e-12
48.9151284869,2.4232569293,2.0679040452005676e-13
48.9200223775,2.4232569293,8.598448117004704e-15
48.9249162681,2.4232569293,1.9113804584937144e-16
48.9298101587,2.4232569293,2.271453503817684e-18
48.9347040493,2.4232569293,1.443076407316848e-20
48.9395979399,2.4232569293,4.9012118844789214e-23
48.9444918305,2.4232569293,8.899104311008967e-26
48.9493857211,2.4232569293,8.638091186168808e-29
48.9542796117,2.4232569293,4.4824756446322e-32
48.9591735023,2.4232569293,1.243502778857632e-35
48.9640673929,2.4232569293,1.8441839969944687e-39
48.9689612835,2.4232569293,1.4621448718747663e-43
48.9738551741,2.4232569293,6.197338657471667e-48
48.9787490647,2.4232569293,1.4042638636072064e-52
48.7389484253,2.4281508199,1.25417492028586e-49
48.7438423159,2.4281508199,1.161354396791191e-48
48.7487362065,2.4281508199,8.627623608404323e-48
48.7536300971,2.4281508199,5.14206280757508e-47
48.7585239877,2.4281508199,2.4586874759597826e-46
48.7634178783,2.4281508199,9.431679754419298e-46
48.7683117689,2.4281508199,2.902649041137618e-45
48.7732056595,2.4281508199,7.166709090071749e-45
48.7780995501,2.4281508199,1.4195960709259634e-44
48.7829934407,2.4281508199,2.2559505017220094e-44
48.7878873313,2.4281508199,2.8761670687860207e-44
48.7927812219,2.4281508199,2.9418357245144545e-44
48.7976751125,2.4281508199,2.414029043536184e-44
48.8025690031,2.4281508199,1.5892284458714826e-44
48.8074628937,2.4281508199,8.397248851351903e-45
48.8123567843,2.4281508199,1.649843016960432e-42
48.8172506749,2.4281508199,4.723130605923095e-37
48.8221445655,2.4281508199,3.902724615810128e-32
48.8270384561,2.4281508199,8.831502756119954e-28
48.8319323467,2.4281508199,5.455732540699122e-24
48.8368262373,2.4281508199,9.197939647335698e-21
48.8417201279,2.4281508199,4.231847938097948e-18
48.8466140185,2.4281508199,5.313470147461506e-16
48.8515079091,2.4281508199,1.8209513780088313e-14
48.8564017997,2.4281508199,1.705533724104512e-13
48.8612956903,2.4281508199,4.445063552044471e-13
48.8661895809,2.4281508199,4.4737873742895525e-13
48.8710834715,2.4281508199,1.0518330648355904e-12
48.8759773621,2.4281508199,3.350812202189568e-12
48.8808712527,2.4281508199,5.931682663589025e-12
48.8857651433,2.4281508199,7.035242084247331e-12
48.8906590339,2.4281508199,7.782674054289185e-12
48.8955529245,2.4281508199,7.071566829480746e-12
48.9004468151,2.4281508199,3.923302342278381e-12
48.9053407057,2.4281508199,1.1935459696661463e-12
48.9102345963,2.4281508199,1.9488032440573423e-13
48.9151284869,2.4281508199,1.7020010626549812e-14
48.9200223775,2.4281508199,7.947105470996e-16
48.9249162681,2.4281508199,1.9837636728122786e-17
48.9298101587,2.4281508199,2.6472799175940975e-19
48.9347040493,2.4281508199,1.8885935042518515e-21
48.9395979399,2.4281508199,7.202873501343532e-24
48.9444918305,2.4281508199,1.468594005614791e-26
48.9493857211,2.4281508199,1.6007605844818062e-29
48.9542796117,2.4281508199,9.32780976664419e-33
48.9591735023,2.4281508199,2.9057727457756697e-36
48.9640673929,2.4281508199,4.8391855987325585e-40
48.9689612835,2.4281508199,4.3083559751640715e-44
48.9738551741,2.4281508199,2.050593361790586e-48
48.9787490647,2.4281508199,5.217664884925163e-53
48.7389484253,2.4330447105,4.705004582635743e-54
48.7438423159,2.4330447105,3.166316751330861e-53
48.7487362065,2.4330447105,1.709497348474469e-52
48.7536300971,2.4330447105,7.404611371112117e-52
48.7585239877,2.4330447105,2.5730953082604876e-51
48.7634178783,2.4330447105,7.173469255974205e-51
48.7683117689,2.4330447105,1.6044359147276116e-50
48.7732056595,2.4330447105,2.878957632298166e-50
48.7780995501,2.4330447105,4.1444598586925155e-50
48.7829934407,2.4330447105,4.786525387078724e-50
48.7878873313,2.4330447105,4.4349891422606e-50
48.7927812219,2.4330447105,3.2967386549293375e-50
48.7976751125,2.4330447105,1.9660576346768348e-50
48.8025690031,2.4330447105,9.407180478638321e-51
48.8074628937,2.4330447105,6.822558294478575e-50
48.8123567843,2.4330447105,4.1984044374948055e-45
48.8172506749,2.4330447105,4.276432562300713e-40
48.8221445655,2.4330447105,2.6894400802783653e-35
48.8270384561,2.4330447105,5.149332281469176e-31
48.8319323467,2.4330447105,2.7277568948440596e-27
48.8368262373,2.4330447105,3.953703539122414e-24
48.8417201279,2.4330447105,1.5659121759435735e-21
48.8466140185,2.4330447105,1.6978676824721702e-19
48.8515079091,2.4330447105,5.113595974066401e-18
48.8564017997,2.4330447105,4.86385168152516e-17
48.8612956903,2.4330447105,3.399941932450134e-16
48.8661895809,2.4330447105,3.588563510729642e-15
48.8710834715,2.4330447105,2.3957936124800192e-14
48.8759773621,2.4330447105,7.987091207812273e-14
48.8808712527,2.4330447105,1.4366874534785815e-13
48.8857651433,2.4330447105,1.91289337234943e-13
48.8906590339,2.4330447105,2.6131005617642077e-13
48.8955529245,2.4330447105,2.8081800683259387e-13
48.9004468151,2.4330447105,1.7717225881177564e-13
48.9053407057,2.4330447105,6.066224575552701e-14
48.9102345963,2.4330447105,1.1126261748347647e-14
48.9151284869,2.4330447105,1.091224040534856e-15
48.9200223775,2.4330447105,5.72161343944839e-17
48.9249162681,2.4330447105,1.603809752673237e-18
48.9298101587,2.4330447105,2.403344057162136e-20
48.9347040493,2.4330447105,1.9253412704092858e-22
48.9395979399,2.4330447105,8.245711969256374e-25
48.9444918305,2.4330447105,1.8878925297441297e-27
48.9493857211,2.4330447105,2.310761073716984e-30
48.9542796117,2.4330447105,1.5120337504977718e-33
48.9591735023,2.4330447105,5.2892804502023836e-37
48.9640673929,2.4330447105,9.891459382761675e-41
48.9689612835,2.4330447105,9.889010007480922e-45
48.9738551741,2.4330447105,5.285352144693629e-49
48.9787490647,2.4330447105,1.5101625886528603e-53
48.7389484253,2.4379386011,4.6560661024999315e-59
48.7438423159,2.4379386011,2.2771995874476772e-58
48.7487362065,2.4379386011,8.935170018598775e-58
48.7536300971,2.4379386011,2.8127058086683494e-57
48.7585239877,2.4379386011,7.10338844716155e-57
48.7634178783,2.4379386011,1.439218007678775e-56
48.7683117689,2.4379386011,2.3394155331107986e-56
48.7732056595,2.4379386011,3.0507591268377574e-56
48.7780995501,2.4379386011,3.191745350384628e-56
48.7829934407,2.4379386011,2.6789728651311873e-56
48.7878873313,2.4379386011,1.8039652201666512e-56
48.7927812219,2.4379386011,9.745581795537271e-57
48.7976751125,2.4379386011,4.2239150631919423e-57
48.8025690031,2.4379386011,1.6213901910819727e-56
48.8074628937,2.4379386011,1.3387169712854978e-51
48.8123567843,2.4379386011,5.874231177322239e-47
48.8172506749,2.4379386011,1.3037858897977874e-42
48.8221445655,2.4379386011,1.7203196495717564e-38
48.8270384561,2.4379386011,1.4117968221898647e-34
48.8319323467,2.4379386011,5.1123762011966955e-31
48.8368262373,2.4379386011,6.199972756202655e-28
48.8417201279,2.4379386011,2.4199524515092505e-25
48.8466140185,2.4379386011,3.6437427425132184e-23
48.8515079091,2.4379386011,3.0805942986269576e-21
48.8564017997,2.4379386011,1.6460709566103572e-19
48.8612956903,2.4379386011,4.665509968060317e-18
48.8661895809,2.4379386011,6.451577042465854e-17
48.8710834715,2.4379386011,4.315780185981497e-16
48.8759773621,2.4379386011,1.4278131320464157e-15
48.8808712527,2.4379386011,2.6375641361456917e-15
48.8857651433,2.4379386011,4.091540380066979e-15
48.8906590339,2.4379386011,6.962181594564014e-15
48.8955529245,2.4379386011,8.740272236966128e-15
48.9004468151,2.4379386011,6.240509766659029e-15
48.9053407057,2.4379386011,2.402217486169596e-15
48.9102345963,2.4379386011,4.948392523246963e-16
48.9151284869,2.4379386011,5.449915457684439e-17
48.9200223775,2.4379386011,3.2088417101188564e-18
48.9249162681,2.4379386011,1.0100336606712451e-19
48.9298101587,2.4379386011,1.6996210258013957e-21
48.9347040493,2.4379386011,1.528963126678124e-23
48.9395979399,2.4379386011,7.353102096664648e-26
48.9444918305,2.4379386011,1.8904833107910942e-28
48.9493857211,2.4379386011,2.5983865931951255e-31
48.9542796117,2.4379386011,1.909252434760757e-34
48.9591735023,2.4379386011,7.499833238881394e-38
48.9640673929,2.4379386011,1.5749563721260693e-41
48.9689612835,2.4379386011,1.7681296881784094e-45
48.9738551741,2.4379386011,1.0611783283271741e-49
48.9787490647,2.4379386011,3.4047975617848234e-54
48.7389484253,2.4428324917,1.2154451691593645e-64
48.7438423159,2.4428324917,4.320211236872253e-64
48.7487362065,2.4428324917,1.2319536189905892e-63
48.7536300971,2.4428324917,2.818405633952733e-63
48.7585239877,2.4428324917,5.172880003966177e-63
48.7634178783,2.4428324917,7.616949479916318e-63
48.7683117689,2.4428324917,8.998072979892721e-63
48.7732056595,2.4428324917,8.52781386516555e-63
48.7780995501,2.4428324917,6.484039904987772e-63
48.7829934407,2.4428324917,3.9552451857265084e-63
48.7878873313,2.4428324917,1.9356235945597837e-63
48.7927812219,2.4428324917,7.599587840014994e-64
48.7976751125,2.4428324917,1.508565494655676e-63
48.8025690031,2.4428324917,2.366617996815165e-58
48.8074628937,2.4428324917,2.121386120433022e-53
48.8123567843,2.4428324917,9.14138322262082e-49
48.8172506749,2.4428324917,1.893996252776923e-44
48.8221445655,2.4428324917,1.8879926192895475e-40
48.8270384561,2.4428324917,9.061240918725362e-37
48.8319323467,2.4428324917,2.0908941587311657e-33
48.8368262373,2.4428324917,2.3124877960282054e-30
48.8417201279,2.4428324917,1.2261452407994673e-27
48.8466140185,2.4428324917,3.126742385881212e-25
48.8515079091,2.4428324917,3.8388776432226474e-23
48.8564017997,2.4428324917,2.267506969956039e-21
48.8612956903,2.4428324917,6.440845842231705e-20
48.8661895809,2.4428324917,8.804173367405993e-19
48.8710834715,2.4428324917,5.8187992446336914e-18
48.8759773621,2.4428324917,1.9136202486364707e-17
48.8808712527,2.4428324917,3.690674010540844e-17
48.8857651433,2.4428324917,6.944820147894884e-17
48.8906590339,2.4428324917,1.4676940307142927e-16
48.8955529245,2.4428324917,2.1274337119447767e-16
48.9004468151,2.4428324917,1.713427899868642e-16
48.9053407057,2.4428324917,7.410883010403062e-17
48.9102345963,2.4428324917,1.7143698123203095e-17
48.9151284869,2.4428324917,2.120246016826097e-18
48.9200223775,2.4428324917,1.4018391808378147e-19
48.9249162681,2.4428324917,4.9549458475349034e-21
48.9298101587,2.4428324917,9.362855171208863e-23
48.9347040493,2.4428324917,9.458153683734307e-25
48.9395979399,2.4428324917,5.107790720959878e-27
48.9444918305,2.4428324917,1.4746484222150366e-29
48.9493857211,2.4428324917,2.2760015501749925e-32
48.9542796117,2.4428324917,1.8779554433143434e-35
48.9591735023,2.4428324917,8.283744240902539e-39
48.9640673929,2.4428324917,1.953425023567453e-42
48.9689612835,2.4428324917,2.4626090958496547e-46
48.9738551741,2.4428324917,1.6596743384392406e-50
48.9787490647,2.4428324917,5.979693806338465e-55
48.7389484253,2.4477263823,8.369678078308898e-71
48.7438423159,2.4477263823,2.1620514058537354e-70
48.7487362065,2.4477263823,4.480670856718175e-70
48.7536300971,2.4477263823,7.449718017507077e-70
48.7585239877,2.4477263823,9.937025206680722e-70
48.7634178783,2.4477263823,1.0633903471302465e-69
48.7683117689,2.4477263823,9.129538010069343e-70
48.7732056595,2.4477263823,6.288175492976096e-70
48.7780995501,2.4477263823,3.4747236594535574e-70
48.7829934407,2.4477263823,1.5404076056938806e-70
48.7878873313,2.4477263823,5.4786203064980575e-71
48.7927812219,2.4477263823,5.5902094046933445e-71
48.7976751125,2.4477263823,1.5426823184338795e-65
48.8025690031,2.4477263823,2.840958927754139e-60
48.8074628937,2.4477263823,2.515034641698634e-55
48.8123567843,2.4477263823,1.0703195660962908e-50
48.8172506749,2.4477263823,2.189644109899255e-46
48.8221445655,2.4477263823,2.1533988302041876e-42
48.8270384561,2.4477263823,1.0180437812115111e-38
48.8319323467,2.4477263823,2.3136554402818576e-35
48.8368262373,2.4477263823,2.5276685979515973e-32
48.8417201279,2.4477263823,1.3274906932559936e-29
48.8466140185,2.4477263823,3.351463289751667e-27
48.8515079091,2.4477263823,4.067539242713565e-25
48.8564017997,2.4477263823,2.3732041001836444e-23
48.8612956903,2.4477263823,6.657451393871281e-22
48.8661895809,2.4477263823,8.987109415705592e-21
48.8710834715,2.4477263823,5.869815890630086e-20
48.8759773621,2.4477263823,1.9245792755760382e-19
48.8808712527,2.4477263823,3.967124838658646e-19
48.8857651433,2.4477263823,9.410073513916065e-19
48.8906590339,2.4477263823,2.439039917431533e-18
48.8955529245,2.4477263823,4.0433292594874474e-18
48.9004468151,2.4477263823,3.66594542218592e-18
48.9053407057,2.4477263823,1.7810126438829633e-18
48.9102345963,2.4477263823,4.626654114415009e-19
48.9151284869,2.4477263823,6.425441985348627e-20
48.9200223775,2.4477263823,4.770546939872302e-21
48.9249162681,2.4477263823,1.8934857525007858e-22
48.9298101587,2.4477263823,4.0177654438537884e-24
48.9347040493,2.4477263823,4.557595568101141e-26
48.9395979399,2.4477263823,2.7638575554966893e-28
48.9444918305,2.4477263823,8.96033395309726e-31
48.9493857211,2.4477263823,1.5529640536314067e-33
48.9542796117,2.4477263823,1.4388889508683721e-36
48.9591735023,2.4477263823,7.1272471578863746e-40
48.9640673929,2.4477263823,1.8873177682798315e-43
48.9689612835,2.4477263823,2.671756687525228e-47
48.9738551741,2.4477263823,2.0219827629446802e-51
48.9787490647,2.4477263823,8.180628299448384e-56
48.7389484253,2.4526202729,1.520334967013174e-77
48.7438423159,2.4526202729,2.8541986544297158e-77
48.7487362065,2.4526202729,4.29881618269931e-77
48.7536300971,2.4526202729,5.194375222743824e-77
48.7585239877,2.4526202729,5.0354411727278315e-77
48.7634178783,2.4526202729,3.916169675129795e-77
48.7683117689,2.4526202729,2.4434600274367304e-77
48.7732056595,2.4526202729,1.2231190846182327e-77
48.7780995501,2.4526202729,4.911928219472974e-78
48.7829934407,2.4526202729,1.582541562243676e-78
48.7878873313,2.4526202729,8.800283482998167e-79
48.7927812219,2.4526202729,3.7067682212147307e-73
48.7976751125,2.4526202729,1.402430795331951e-67
48.8025690031,2.4526202729,2.550691932273166e-62
48.8074628937,2.4526202729,2.2301035977174422e-57
48.8123567843,2.4526202729,9.373084432265607e-53
48.8172506749,2.4526202729,1.8937841666367853e-48
48.8221445655,2.4526202729,1.8393691372517685e-44
48.8270384561,2.4526202729,8.588113446741586e-41
48.8319323467,2.4526202729,1.9276008944224477e-37
48.8368262373,2.4526202729,2.079825771217292e-34
48.8417201279,2.4526202729,1.0787662897727175e-31
48.8466140185,2.4526202729,2.6897922260771007e-29
48.8515079091,2.4526202729,3.224058512166205e-27
48.8564017997,2.4526202729,1.8577612674952972e-25
48.8612956903,2.4526202729,5.1468194708402785e-24
48.8661895809,2.4526202729,6.861783025104596e-23
48.8710834715,2.4526202729,4.430578095907986e-22
48.8759773621,2.4526202729,1.4546195252934107e-21
48.8808712527,2.4526202729,3.310172840760359e-21
48.8857651433,2.4526202729,1.0198117239377291e-20
48.8906590339,2.4526202729,3.1838113548808643e-20
48.8955529245,2.4526202729,5.994199292700119e-20
48.9004468151,2.4526202729,6.110849617020026e-20
48.9053407057,2.4526202729,3.334204980906225e-20
48.9102345963,2.4526202729,9.72636107785531e-21
48.9151284869,2.4526202729,1.5168403876721686e-21
48.9200223775,2.4526202729,1.2646146839897842e-22
48.9249162681,2.4526202729,5.6364444876002404e-24
48.9298101587,2.4526202729,1.3430151621000202e-25
48.9347040493,2.4526202729,1.7107449423842336e-27
48.9395979399,2.4526202729,1.1649794944022982e-29
48.9444918305,2.4526202729,4.241114180930766e-32
48.9493857211,2.4526202729,8.254111210207288e-35
48.9542796117,2.4526202729,8.587946582309811e-38
48.9591735023,2.4526202729,4.776799582905003e-41
48.9640673929,2.4526202729,1.4204088626892203e-44
48.9689612835,2.4526202729,2.257971177609984e-48
48.9738551741,2.4526202729,1.918898846867741e-52
48.9787490647,2.4526202729,8.717951269724147e-57
48.7389484253,2.4575141635,7.284956487310544e-85
48.7438423159,2.4575141635,9.939385297437394e-85
48.7487362065,2.4575141635,1.0879573124238152e-84
48.7536300971,2.4575141635,9.55397168818921e-85
48.7585239877,2.4575141635,6.730941400264952e-85
48.7634178783,2.4575141635,3.804411049538283e-85
48.7683117689,2.4575141635,1.7251180701119827e-85
48.7732056595,2.4575141635,6.2758127822992656e-86
48.7780995501,2.4575141635,1.8316433517805202e-86
48.7829934407,2.4575141635,6.319205235169798e-87
48.7878873313,2.4575141635,3.283106138702682e-81
48.7927812219,2.4575141635,2.5519283623757995e-75
48.7976751125,2.4575141635,9.53548092563091e-70
48.8025690031,2.4575141635,1.7128020956414263e-64
48.8074628937,2.4575141635,1.4789797592955817e-59
48.8123567843,2.4575141635,6.139142810845839e-55
48.8172506749,2.4575141635,1.2250214773778845e-50
48.8221445655,2.4575141635,1.1750872953394597e-46
48.8270384561,2.4575141635,5.41859910192788e-43
48.8319323467,2.4575141635,1.2011420611036816e-39
48.8368262373,2.4575141635,1.2799476450572035e-36
48.8417201279,2.4575141635,6.556628292020464e-34
48.8466140185,2.4575141635,1.6145805044102228e-31
48.8515079091,2.4575141635,1.9113095614225392e-29
48.8564017997,2.4575141635,1.087684759444579e-27
48.8612956903,2.4575141635,2.975996658582396e-26
48.8661895809,2.4575141635,3.918653670575078e-25
48.8710834715,2.4575141635,2.5026245964257163e-24
48.8759773621,2.4575141635,8.281585753095237e-24
48.8808712527,2.4575141635,2.1713488621934703e-23
48.8857651433,2.4575141635,8.822534306170075e-23
48.8906590339,2.4575141635,3.255043898800882e-22
48.8955529245,2.4575141635,6.927276254435582e-22
48.9004468151,2.4575141635,7.935465549816738e-22
48.9053407057,2.4575141635,4.862291193946402e-22
48.9102345963,2.4575141635,1.5927737050355156e-22
48.9151284869,2.4575141635,2.789310381423792e-23
48.9200223775,2.4575141635,2.6113695237342118e-24
48.9249162681,2.4575141635,1.3069786387740299e-25
48.9298101587,2.4575141635,3.497013551196185e-27
48.9347040493,2.4575141635,5.002128086982931e-29
48.9395979399,2.4575141635,3.825083928574801e-31
48.9444918305,2.4575141635,1.563708498541947e-33
48.9493857211,2.4575141635,3.417427356545145e-36
48.9542796117,2.4575141635,3.9927438934564035e-39
48.9591735023,2.4575141635,2.493861231977698e-42
48.9640673929,2.4575141635,8.327253413225384e-46
48.9689612835,2.4575141635,1.4864829965281936e-49
48.9738551741,2.4575141635,1.4185569561184994e-53
48.9787490647,2.4575141635,7.237061729797473e-58
48.7389484253,2.4624080541,9.208137331722806e-93
48.7438423159,2.4624080541,9.130446229940072e-93
48.7487362065,2.4624080541,7.26326657386865e-93
48.7536300971,2.4624080541,4.635448170067985e-93
48.7585239877,2.4624080541,2.373401652349754e-93
48.7634178783,2.4624080541,9.749234494387872e-94
48.7683117689,2.4624080541,3.2128433991493597e-94
48.7732056595,2.4624080541,8.494315082316806e-95
48.7780995501,2.4624080541,2.1243851547825097e-95
48.7829934407,2.4624080541,1.0718770678904225e-89
48.7878873313,2.4624080541,1.7116937767509014e-83
48.7927812219,2.4624080541,1.3140072120944119e-77
48.7976751125,2.4624080541,4.84908600541278e-72
48.8025690031,2.4624080541,8.60225843917935e-67
48.8074628937,2.4624080541,7.335936203905165e-62
48.8123567843,2.4624080541,3.007385259029978e-57
48.8172506749,2.4624080541,5.926701417283316e-53
48.8221445655,2.4624080541,5.6147120840774375e-49
48.8270384561,2.4624080541,2.5570098151196272e-45
48.8319323467,2.4624080541,5.597933844698853e-42
48.8368262373,2.4624080541,5.89133335178216e-39
48.8417201279,2.4624080541,2.9805055388495563e-36
48.8466140185,2.4624080541,7.248646927066771e-34
48.8515079091,2.4624080541,8.47453207005679e-32
48.8564017997,2.4624080541,4.762924662826372e-30
48.8612956903,2.4624080541,1.2870246561473995e-28
48.8661895809,2.4624080541,1.67386544867651e-27
48.8710834715,2.4624080541,1.0580922699492841e-26
48.8759773621,2.4624080541,3.5648515259238196e-26
48.8808712527,2.4624080541,1.1346276120325552e-25
48.8857651433,2.4624080541,6.065484435423554e-25
48.8906590339,2.4624080541,2.6009306349765743e-24
48.8955529245,2.4624080541,6.238477235932854e-24
48.9004468151,2.4624080541,8.027474782249416e-24
48.9053407057,2.4624080541,5.523457012671799e-24
48.9102345963,2.4624080541,2.031785801785142e-24
48.9151284869,2.4624080541,3.9955251748141195e-25
48.9200223775,2.4624080541,4.200475980682087e-26
48.9249162681,2.4624080541,2.360759836930944e-27
48.9298101587,2.4624080541,7.093062354954142e-29
48.9347040493,2.4624080541,1.1393165729246994e-30
48.9395979399,2.4624080541,9.783262788904602e-33
48.9444918305,2.4624080541,4.491089305500061e-35
48.9493857211,2.4624080541,1.1021693516141464e-37
48.9542796117,2.4624080541,1.4460177927065551e-40
48.9591735023,2.4624080541,1.014209351696605e-43
48.9640673929,2.4624080541,3.802859251818893e-47
48.9689612835,2.4624080541,7.622923485316132e-51
48.9738551741,2.4624080541,8.168861570247026e-55
48.9787490647,2.4624080541,4.679831107343544e-59
48.7389484253,2.4673019447,3.070250150638736e-101
48.7438423159,2.4673019447,2.2124915872477192e-101
48.7487362065,2.4673019447,1.2791140220876096e-101
48.7536300971,2.4673019447,5.932758317137345e-102
48.7585239877,2.4673019447,2.207617453665857e-102
48.7634178783,2.4673019447,6.590384395374756e-103
48.7683117689,2.4673019447,1.578401333422412e-103
48.7732056595,2.4673019447,3.22181189820071e-104
48.7780995501,2.4673019447,1.289958104330514e-98
48.7829934407,2.4673019447,4.232083409027409e-92
48.7878873313,2.4673019447,6.67457242538647e-86
48.7927812219,2.4673019447,5.060380135303515e-80
48.7976751125,2.4673019447,1.8443073432166867e-74
48.8025690031,2.4673019447,3.2312749178837344e-69
48.8074628937,2.4673019447,2.7214789810775963e-64
48.8123567843,2.4673019447,1.101860260903151e-59
48.8172506749,2.4673019447,2.1445615590702657e-55
48.8221445655,2.4673019447,2.0065083655462745e-51
48.8270384561,2.4673019447,9.024723263978658e-48
48.8319323467,2.4673019447,1.9512695798429653e-44
48.8368262373,2.4673019447,2.0281081940170655e-41
48.8417201279,2.4673019447,1.0133406171070144e-38
48.8466140185,2.4673019447,2.4339429366225325e-36
48.8515079091,2.4673019447,2.810326750599807e-34
48.8564017997,2.4673019447,1.5599168095045826e-32
48.8612956903,2.4673019447,4.1629509685148775e-31
48.8661895809,2.4673019447,5.348011194323252e-30
48.8710834715,2.4673019447,3.3496343315218487e-29
48.8759773621,2.4673019447,1.1669905910174187e-28
48.8808712527,2.4673019447,4.774348258528555e-28
48.8857651433,2.4673019447,3.296388874098279e-27
48.8906590339,2.4673019447,1.622006371361904e-26
48.8955529245,2.4673019447,4.3771938048222994e-26
48.9004468151,2.4673019447,6.325752914733813e-26
48.9053407057,2.4673019447,4.887666113554985e-26
48.9102345963,2.4673019447,2.0189327710125975e-26
48.9151284869,2.4673019447,4.458317197658524e-27
48.9200223775,2.4673019447,5.263186301212911e-28
48.9249162681,2.4673019447,3.3216600975945395e-29
48.9298101587,2.4673019447,1.120702403168466e-30
48.9347040493,2.4673019447,2.021408484982116e-32
48.9395979399,2.4673019447,1.9491557025699178e-34
48.9444918305,2.4673019447,1.0047722883252327e-36
48.9493857211,2.4673019447,2.7689647809936108e-39
48.9542796117,2.4673019447,4.079396157414321e-42
48.9591735023,2.4673019447,3.2129428483042555e-45
48.9640673929,2.4673019447,1.3528161700691349e-48
48.9689612835,2.4673019447,3.045111772964393e-52
48.9738551741,2.4673019447,3.6643450201120733e-56
48.9787490647,2.4673019447,2.357317855249686e-60
