LATITUDE,LONGITUDE,probability
48.7389484253,2.2275013053,1.7363965035516326e-07
48.7438423159,2.2275013053,4.0576648165511424e-07
48.7487362065,2.2275013053,9.066864076664461e-07
48.7536300971,2.2275013053,1.937276946232073e-06
48.7585239877,2.2275013053,3.958038231348741e-06
48.7634178783,2.2275013053,7.732535607384623e-06
48.7683117689,2.2275013053,1.4444999846807832e-05
48.7732056595,2.2275013053,2.5802799271387205e-05
48.7780995501,2.2275013053,4.407271199573554e-05
48.7829934407,2.2275013053,7.198241222259927e-05
48.7878873313,2.2275013053,0.00011241821533034326
48.7927812219,2.2275013053,0.00016788065148890373
48.7976751125,2.2275013053,0.00023972773086319117
48.8025690031,2.2275013053,0.0003273328355235258
48.8074628937,2.2275013053,0.00042738033967634135
48.8123567843,2.2275013053,0.0005335721938184012
48.8172506749,2.2275013053,0.0006369820489715319
48.8221445655,2.2275013053,0.0007273007884979126
48.8270384561,2.2275013053,0.0007986519513684633
48.8319323467,2.2275013053,0.0008888629707420299
48.8368262373,2.2275013053,0.0011375649513087804
48.8417201279,2.2275013053,0.0014630886811282974
48.8466140185,2.2275013053,0.001336845208701799
48.8515079091,2.2275013053,0.0008664246718482604
48.8564017997,2.2275013053,0.0005630141328422167
48.8612956903,2.2275013053,0.00042091149263268594
48.8661895809,2.2275013053,0.00031915789328718
48.8710834715,2.2275013053,0.00023276885060734273
48.8759773621,2.2275013053,0.00016236883941076345
48.8808712527,2.2275013053,0.0001084787732283197
48.8857651433,2.2275013053,7.667298154021093e-05
48.8906590339,2.2275013053,0.00013611023594215237
48.8955529245,2.2275013053,0.00036231851359216905
48.9004468151,2.2275013053,0.0003663936995531684
48.9053407057,2.2275013053,0.00011432264043668652
48.9102345963,2.2275013053,1.315993574595143e-05
48.9151284869,2.2275013053,2.0574320899557507e-06
48.9200223775,2.2275013053,8.482501491819868e-07
48.9249162681,2.2275013053,3.7732827541021546e-07
48.9298101587,2.2275013053,1.608358057983951e-07
48.9347040493,2.2275013053,6.555535780862745e-08
48.9395979399,2.2275013053,2.5550769770448716e-08
48.9444918305,2.2275013053,9.524068567087794e-09
48.9493857211,2.2275013053,3.3968310911402844e-09
48.9542796117,2.2275013053,1.1613934468882705e-09
48.9591735023,2.2275013053,3.833885276557767e-10
48.9640673929,2.2275013053,1.253339567120626e-10
48.9689612835,2.2275013053,4.3842322080495e-11
48.9738551741,2.2275013053,1.919997665323588e-11
48.9787490647,2.2275013053,1.1696388820919438e-11
48.7389484253,2.2323951959,9.516733848855941e-08
48.7438423159,2.2323951959,2.3003677173281863e-07
48.7487362065,2.2323951959,5.316921813680542e-07
48.7536300971,2.2323951959,1.1751057545458754e-06
48.7585239877,2.2323951959,2.483403571506227e-06
48.7634178783,2.2323951959,5.018469845869349e-06
48.7683117689,2.2323951959,9.697259239364905e-06
48.7732056595,2.2323951959,1.79176216622157e-05
48.7780995501,2.2323951959,3.165668155281024e-05
48.7829934407,2.2323951959,5.348156191640497e-05
48.7878873313,2.2323951959,8.639655910107348e-05
48.7927812219,2.2323951959,0.00013345734463543574
48.7976751125,2.2323951959,0.00019712521596651947
48.8025690031,2.2323951959,0.0002784168746407263
48.8074628937,2.2323951959,0.000376012770720898
48.8123567843,2.2323951959,0.0004855828690239188
48.8172506749,2.2323951959,0.0005996299257162078
48.8221445655,2.2323951959,0.000708463052483342
48.8270384561,2.2323951959,0.0008100747600399832
48.8319323467,2.2323951959,0.0009715352868649956
48.8368262373,2.2323951959,0.001356294668745653
48.8417201279,2.2323951959,0.0017216689852908294
48.8466140185,2.2323951959,0.0014732549486075634
48.8515079091,2.2323951959,0.0009565068632243238
48.8564017997,2.2323951959,0.0006748908949636826
48.8612956903,2.2323951959,0.0005353455569404512
48.8661895809,2.2323951959,0.00042122455592336647
48.8710834715,2.2323951959,0.0003178182151147639
48.8759773621,2.2323951959,0.00022931839519004996
48.8808712527,2.2323951959,0.00015839672005440813
48.8857651433,2.2323951959,0.0001123169861267273
48.8906590339,2.2323951959,0.00016678424520014514
48.8955529245,2.2323951959,0.0004126851568042655
48.9004468151,2.2323951959,0.00042335455982174715
48.9053407057,2.2323951959,0.00013756796293827012
48.9102345963,2.2323951959,1.798982600647763e-05
48.9151284869,2.2323951959,3.6590879560953e-06
48.9200223775,2.2323951959,1.6228940854692287e-06
48.9249162681,2.2323951959,7.472758153548778e-07
48.9298101587,2.2323951959,3.2949076122661596e-07
48.9347040493,2.2323951959,1.389340282858411e-07
48.9395979399,2.2323951959,5.6040161027580735e-08
48.9444918305,2.2323951959,2.164524515096434e-08
48.9493857211,2.2323951959,8.034284759317869e-09
48.9542796117,2.2323951959,2.899993204107187e-09
48.9591735023,2.2323951959,1.0553286679320234e-09
48.9640673929,2.2323951959,4.2329902688875373e-10
48.9689612835,2.2323951959,2.1336925716883114e-10
48.9738551741,2.2323951959,1.4005490211806798e-10
48.9787490647,2.2323951959,1.065407203109171e-10
48.7389484253,2.2372890865,5.050514845961227e-08
48.7438423159,2.2372890865,1.2627781726167562e-07
48.7487362065,2.2372890865,3.0190628216496337e-07
48.7536300971,2.2372890865,6.90193560458189e-07
48.7585239877,2.2372890865,1.5087709905029623e-06
48.7634178783,2.2372890865,3.153765635748446e-06
48.7683117689,2.2372890865,6.303607701366469e-06
48.7732056595,2.2372890865,1.2047657359009759e-05
48.7780995501,2.2372890865,2.2017586277105462e-05
48.7829934407,2.2372890865,3.847604955728086e-05
48.7878873313,2.2372890865,6.429318095178934e-05
48.7927812219,2.2372890865,0.0001027289905242352
48.7976751125,2.2372890865,0.0001569548705091505
48.8025690031,2.2372890865,0.0002293032671605481
48.8074628937,2.2372890865,0.0003203312870823166
48.8123567843,2.2372890865,0.0004279000577473236
48.8172506749,2.2372890865,0.0005465835498336851
48.8221445655,2.2372890865,0.0006686349407260013
48.8270384561,2.2372890865,0.0008013019372463535
48.8319323467,2.2372890865,0.0010544680234387965
48.8368262373,2.2372890865,0.0015876668922438825
48.8417201279,2.2372890865,0.0019429587308736522
48.8466140185,2.2372890865,0.0015600222532545002
48.8515079091,2.2372890865,0.0010355927542188925
48.8564017997,2.2372890865,0.0007918813194733441
48.8612956903,2.2372890865,0.0006604344224877812
48.8661895809,2.2372890865,0.0005383568544390372
48.8710834715,2.2372890865,0.00042018685127160097
48.8759773621,2.2372890865,0.00031360598622841664
48.8808712527,2.2372890865,0.00022399176236996047
48.8857651433,2.2372890865,0.00016097626853689128
48.8906590339,2.2372890865,0.0002074786947786123
48.8955529245,2.2372890865,0.0004718009783700093
48.9004468151,2.2372890865,0.0004892939417536421
48.9053407057,2.2372890865,0.00016621979421375949
48.9102345963,2.2372890865,2.506738778356938e-05
48.9151284869,2.2372890865,6.389619831344725e-06
48.9200223775,2.2372890865,3.007448110088987e-06
48.9249162681,2.2372890865,1.4332156280498494e-06
48.9298101587,2.2372890865,6.539022489169574e-07
48.9347040493,2.2372890865,2.855426931463641e-07
48.9395979399,2.2372890865,1.195830295631175e-07
48.9444918305,2.2372890865,4.832996016169013e-08
48.9493857211,2.2372890865,1.9192499932879893e-08
48.9542796117,2.2372890865,7.842057199648404e-09
48.9591735023,2.2372890865,3.6046899158303868e-09
48.9640673929,2.2372890865,2.0397654776532175e-09
48.9689612835,2.2372890865,1.4033898990361363e-09
48.9738551741,2.2372890865,1.0597373023229584e-09
48.9787490647,2.2372890865,8.039587135240297e-10
48.7389484253,2.2421829771,2.5953270167013054e-08
48.7438423159,2.2421829771,6.712210624498252e-08
48.7487362065,2.2421829771,1.6599413111734447e-07
48.7536300971,2.2421829771,3.9253063802992596e-07
48.7585239877,2.2421829771,8.875811213027842e-07
48.7634178783,2.2421829771,1.9190938852034926e-06
48.7683117689,2.2421829771,3.967692954485357e-06
48.7732056595,2.2421829771,7.843927306832632e-06
48.7780995501,2.2421829771,1.4828005328324492e-05
48.7829934407,2.2421829771,2.680313389607354e-05
48.7878873313,2.2421829771,4.632784380180049e-05
48.7927812219,2.2421829771,7.656887544285192e-05
48.7976751125,2.2421829771,0.00012100856729158573
48.8025690031,2.2421829771,0.0001828662835450283
48.8074628937,2.2421829771,0.0002642438159586871
48.8123567843,2.2421829771,0.0003651156691353708
48.8172506749,2.2421829771,0.00048246327501060574
48.8221445655,2.2421829771,0.0006119293939258579
48.8270384561,2.2421829771,0.0007778001674534013
48.8319323467,2.2421829771,0.001144624481732052
48.8368262373,2.2421829771,0.001817981964895726
48.8417201279,2.2421829771,0.002099369200647159
48.8466140185,2.2421829771,0.0015907433479202965
48.8515079091,2.2421829771,0.0010997916563904872
48.8564017997,2.2421829771,0.0009061495187962444
48.8612956903,2.2421829771,0.0007895956745067053
48.8661895809,2.2421829771,0.0006662717702611606
48.8710834715,2.2421829771,0.0005379174349010537
48.8759773621,2.2421829771,0.0004152782912308192
48.8808712527,2.2421829771,0.0003067427505723541
48.8857651433,2.2421829771,0.00022491333863910648
48.8906590339,2.2421829771,0.0002606004557491866
48.8955529245,2.2421829771,0.0005416982343059072
48.9004468151,2.2421829771,0.000566037217189671
48.9053407057,2.2421829771,0.00020183438893131128
48.9102345963,2.2421829771,3.542687021460366e-05
48.9151284869,2.2421829771,1.0901883566189526e-05
48.9200223775,2.2421829771,5.399593080588462e-06
48.9249162681,2.2421829771,2.6648775082909133e-06
48.9298101587,2.2421829771,1.2609960829277576e-06
48.9347040493,2.2421829771,5.738567591833932e-07
48.9395979399,2.2421829771,2.536767088804029e-07
48.9444918305,2.2421829771,1.1164864026560846e-07
48.9493857211,2.2421829771,5.151390117166451e-08
48.9542796117,2.2421829771,2.687045091345959e-08
48.9591735023,2.2421829771,1.660445414992752e-08
48.9640673929,2.2421829771,1.1722502548337626e-08
48.9689612835,2.2421829771,8.720601958457808e-09
48.9738551741,2.2421829771,6.419359974453138e-09
48.9787490647,2.2421829771,4.5246460755963295e-09
48.7389484253,2.2470768677,1.291389439349587e-08
48.7438423159,2.2470768677,3.454719510311808e-08
48.7487362065,2.2470768677,8.837349361639384e-08
48.7536300971,2.2470768677,2.161647747612769e-07
48.7585239877,2.2470768677,5.055935148073479e-07
48.7634178783,2.2470768677,1.130763376263715e-06
48.7683117689,2.2470768677,2.4182190740759513e-06
48.7732056595,2.2470768677,4.94507884237272e-06
48.7780995501,2.2470768677,9.669510009075575e-06
48.7829934407,2.2470768677,1.8079623558072606e-05
48.7878873313,2.2470768677,3.2324213699592856e-05
48.7927812219,2.2470768677,5.5261188903009796e-05
48.7976751125,2.2470768677,9.033710076266626e-05
48.8025690031,2.2470768677,0.0001412100939463266
48.8074628937,2.2470768677,0.00021106636335417
48.8123567843,2.2470768677,0.00030166776153498507
48.8172506749,2.2470768677,0.0004124365068612003
48.8221445655,2.2470768677,0.0005441412071540907
48.8270384561,2.2470768677,0.0007484891984917836
48.8319323467,2.2470768677,0.001248972618489938
48.8368262373,2.2470768677,0.002027066490614236
48.8417201279,2.2470768677,0.0021692219520716995
48.8466140185,2.2470768677,0.0015659028804769393
48.8515079091,2.2470768677,0.001144639371979096
48.8564017997,2.2470768677,0.001008570544340304
48.8612956903,2.2470768677,0.0009144674981062936
48.8661895809,2.2470768677,0.0007984501845040646
48.8710834715,2.2470768677,0.0006668050177345012
48.8759773621,2.2470768677,0.0005324813058338087
48.8808712527,2.2470768677,0.00040677710365680215
48.8857651433,2.2470768677,0.0003056294050103465
48.8906590339,2.2470768677,0.0003282971066001376
48.8955529245,2.2470768677,0.0006244614056910609
48.9004468151,2.2470768677,0.0006556258068424639
48.9053407057,2.2470768677,0.00024630616602179056
48.9102345963,2.2470768677,5.044529749837465e-05
48.9151284869,2.2470768677,1.8133873901088722e-05
48.9200223775,2.2470768677,9.416294422933099e-06
48.9249162681,2.2470768677,4.8349848682950445e-06
48.9298101587,2.2470768677,2.3997355283714754e-06
48.9347040493,2.2470768677,1.1673979225583568e-06
48.9395979399,2.2470768677,5.733702186584514e-07
48.9444918305,2.2470768677,2.986149788812728e-07
48.9493857211,2.2470768677,1.7365159508179473e-07
48.9542796117,2.2470768677,1.141823726603319e-07
48.9591735023,2.2470768677,8.143549417593844e-08
48.9640673929,2.2470768677,5.937129860859648e-08
48.9689612835,2.2470768677,4.234544160442925e-08
48.9738551741,2.2470768677,2.8836375545408116e-08
48.9787490647,2.2470768677,1.852897222576218e-08
48.7389484253,2.2519707583,6.22201538566275e-09
48.7438423159,2.2519707583,1.7217445489079207e-08
48.7487362065,2.2519707583,4.555751448579537e-08
48.7536300971,2.2519707583,1.152670016860433e-07
48.7585239877,2.2519707583,2.7887118383764963e-07
48.7634178783,2.2519707583,6.451429465348574e-07
48.7683117689,2.2519707583,1.4271247428362011e-06
48.7732056595,2.2519707583,3.0187113487585227e-06
48.7780995501,2.2519707583,6.1056922218187474e-06
48.7829934407,2.2519707583,1.1808694811013613e-05
48.7878873313,2.2519707583,2.1838487583469083e-05
48.7927812219,2.2519707583,3.861863212411602e-05
48.7976751125,2.2519707583,6.530175978728798e-05
48.8025690031,2.2519707583,0.00010558605235954949
48.8074628937,2.2519707583,0.00016324579103317366
48.8123567843,2.2519707583,0.00024134694267015868
48.8172506749,2.2519707583,0.0003415699694457828
48.8221445655,2.2519707583,0.00047219601987353427
48.8270384561,2.2519707583,0.0007248148532335947
48.8319323467,2.2519707583,0.001371238059549635
48.8368262373,2.2519707583,0.0021902912798513743
48.8417201279,2.2519707583,0.0021418644724654733
48.8466140185,2.2519707583,0.0014919560576631473
48.8515079091,2.2519707583,0.0011656427595146926
48.8564017997,2.2519707583,0.0010899554054041262
48.8612956903,2.2519707583,0.0010257118405597552
48.8661895809,2.2519707583,0.0009265236298895564
48.8710834715,2.2519707583,0.0008003765522646358
48.8759773621,2.2519707583,0.0006611243731764515
48.8808712527,2.2519707583,0.0005223637791490962
48.8857651433,2.2519707583,0.0004033342581178395
48.8906590339,2.2519707583,0.0004120173244952715
48.8955529245,2.2519707583,0.0007219379145992569
48.9004468151,2.2519707583,0.0007601810521384673
48.9053407057,2.2519707583,0.0003018762374039654
48.9102345963,2.2519707583,7.196924304251247e-05
48.9151284869,2.2519707583,2.9517336539503275e-05
48.9200223775,2.2519707583,1.6155269232024133e-05
48.9249162681,2.2519707583,8.789127156877752e-06
48.9298101587,2.2519707583,4.737021806689523e-06
48.9347040493,2.2519707583,2.6057098975520856e-06
48.9395979399,2.2519707583,1.5192027080293508e-06
48.9444918305,2.2519707583,9.63390485670599e-07
48.9493857211,2.2519707583,6.594972703549617e-07
48.9542796117,2.2519707583,4.6994857390613447e-07
48.9591735023,2.2519707583,3.3459370604887833e-07
48.9640673929,2.2519707583,2.3097908121579498e-07
48.9689612835,2.2519707583,1.5187562679424244e-07
48.9738551741,2.2519707583,9.421758212019052e-08
48.9787490647,2.2519707583,5.48765878537072e-08
48.7389484253,2.2568646489,2.9027767647240887e-09
48.7438423159,2.2568646489,8.308705159231092e-09
48.7487362065,2.2568646489,2.2740851756093287e-08
48.7536300971,2.2568646489,5.951600554023711e-08
48.7585239877,2.2568646489,1.4894107813337704e-07
48.7634178783,2.2568646489,3.5640917886273523e-07
48.7683117689,2.2568646489,8.155243569410648e-07
48.7732056595,2.2568646489,1.7843443170350163e-06
48.7780995501,2.2568646489,3.733138106493777e-06
48.7829934407,2.2568646489,7.468323486852236e-06
48.7878873313,2.2568646489,1.4286500289565726e-05
48.7927812219,2.2568646489,2.613257809936682e-05
48.7976751125,2.2568646489,4.5708011602373844e-05
48.8025690031,2.2568646489,7.644622997057852e-05
48.8074628937,2.2568646489,0.00012225705831163177
48.8123567843,2.2568646489,0.0001869750691247737
48.8172506749,2.2568646489,0.0002743045340447387
48.8221445655,2.2568646489,0.0004035766877036731
48.8270384561,2.2568646489,0.0007189880354203426
48.8319323467,2.2568646489,0.0015086141632749696
48.8368262373,2.2568646489,0.0022829453709193375
48.8417201279,2.2568646489,0.002020407318045705
48.8466140185,2.2568646489,0.00137933596819964
48.8515079091,2.2568646489,0.0011591928026631274
48.8564017997,2.2568646489,0.0011423931867562433
48.8612956903,2.2568646489,0.0011141188527141073
48.8661895809,2.2568646489,0.0010410710368895118
48.8710834715,2.2568646489,0.0009302806080704526
48.8759773621,2.2568646489,0.0007948778922096059
48.8808712527,2.2568646489,0.000649633523752277
48.8857651433,2.2568646489,0.0005165623405692983
48.8906590339,2.2568646489,0.000512202225259381
48.8955529245,2.2568646489,0.0008356474918542986
48.9004468151,2.2568646489,0.000882107008773878
48.9053407057,2.2568646489,0.0003716637959789354
48.9102345963,2.2568646489,0.00010315493006500546
48.9151284869,2.2568646489,4.805136682355266e-05
48.9200223775,2.2568646489,2.8397731278511656e-05
48.9249162681,2.2568646489,1.7038952167169666e-05
48.9298101587,2.2568646489,1.0468697086700523e-05
48.9347040493,2.2568646489,6.72761374603654e-06
48.9395979399,2.2568646489,4.548685651498975e-06
48.9444918305,2.2568646489,3.1873492034215702e-06
48.9493857211,2.2568646489,2.252369428203343e-06
48.9542796117,2.2568646489,1.5626497023098084e-06
48.9591735023,2.2568646489,1.043415820337929e-06
48.9640673929,2.2568646489,6.621068768194682e-07
48.9689612835,2.2568646489,3.963126135700785e-07
48.9738551741,2.2568646489,2.2281779900633667e-07
48.9787490647,2.2568646489,1.1739062080669323e-07
48.7389484253,2.2617585395,1.3113085799084726e-09
48.7438423159,2.2617585395,3.882457287205371e-09
48.7487362065,2.2617585395,1.0991630982088084e-08
48.7536300971,2.2617585395,2.975577470818734e-08
48.7585239877,2.2617585395,7.70254161562596e-08
48.7634178783,2.2617585395,1.906560162763391e-07
48.7683117689,2.2617585395,4.5125356340319343e-07
48.7732056595,2.2617585395,1.021279098734819e-06
48.7780995501,2.2617585395,2.2101508286944666e-06
48.7829934407,2.2617585395,4.573545989418011e-06
48.7878873313,2.2617585395,9.04977658514263e-06
48.7927812219,2.2617585395,1.7122861123637366e-05
48.7976751125,2.2617585395,3.0979077433653025e-05
48.8025690031,2.2617585395,5.359377001216051e-05
48.8074628937,2.2617585395,8.86575612500818e-05
48.8123567843,2.2617585395,0.00014028263964681396
48.8172506749,2.2617585395,0.00021413821413139854
48.8221445655,2.2617585395,0.0003457745070370688
48.8270384561,2.2617585395,0.000741465031162086
48.8319323467,2.2617585395,0.0016497661008904596
48.8368262373,2.2617585395,0.00228604620193897
48.8417201279,2.2617585395,0.0018210989757652242
48.8466140185,2.2617585395,0.001240143966653038
48.8515079091,2.2617585395,0.0011235530177109612
48.8564017997,2.2617585395,0.0011604690045325047
48.8612956903,2.2617585395,0.0011718813502356173
48.8661895809,2.2617585395,0.0011328261509771878
48.8710834715,2.2617585395,0.001047273001543132
48.8759773621,2.2617585395,0.0009259149723190713
48.8808712527,2.2617585395,0.0007832019866759587
48.8857651433,2.2617585395,0.0006429321411926248
48.8906590339,2.2617585395,0.0006294878187133122
48.8955529245,2.2617585395,0.0009686876549577452
48.9004468151,2.2617585395,0.0010268146759720102
48.9053407057,2.2617585395,0.0004631587701365135
48.9102345963,2.2617585395,0.00015249318123399338
48.9151284869,2.2617585395,8.247230736876247e-05
48.9200223775,2.2617585395,5.449324703789948e-05
48.9249162681,2.2617585395,3.699729907694383e-05
48.9298101587,2.2617585395,2.569200542978749e-05
48.9347040493,2.2617585395,1.8154117088119002e-05
48.9395979399,2.2617585395,1.286251166593976e-05
48.9444918305,2.2617585395,8.972085780864858e-06
48.9493857211,2.2617585395,6.059933621275061e-06
48.9542796117,2.2617585395,3.913698793900114e-06
48.9591735023,2.2617585395,2.3962064485421304e-06
48.9640673929,2.2617585395,1.3831747728716707e-06
48.9689612835,2.2617585395,7.501412160546453e-07
48.9738551741,2.2617585395,3.814098512660522e-07
48.9787490647,2.2617585395,1.815716541809163e-07
48.7389484253,2.2666524301,5.735943631779288e-10
48.7438423159,2.2666524301,1.7566641260659877e-09
48.7487362065,2.2666524301,5.144299666915641e-09
48.7536300971,2.2666524301,1.4405139071338751e-08
48.7585239877,2.2666524301,3.85711263157341e-08
48.7634178783,2.2666524301,9.875540072873517e-08
48.7683117689,2.2666524301,2.4177592840350986e-07
48.7732056595,2.2666524301,5.660032604285721e-07
48.7780995501,2.2666524301,1.2670054281743176e-06
48.7829934407,2.2666524301,2.7120125032192716e-06
48.7878873313,2.2666524301,5.550838204900916e-06
48.7927812219,2.2666524301,1.086373391065298e-05
48.7976751125,2.2666524301,2.0330747249298585e-05
48.8025690031,2.2666524301,3.638155873461119e-05
48.8074628937,2.2666524301,6.225457491696369e-05
48.8123567843,2.2666524301,0.00010196839437445835
48.8172506749,2.2666524301,0.00016354670887181456
48.8221445655,2.2666524301,0.00030573076778773675
48.8270384561,2.2666524301,0.0007980383935495035
48.8319323467,2.2666524301,0.0017753627979382762
48.8368262373,2.2666524301,0.002191785908916656
48.8417201279,2.2666524301,0.001569539536409094
48.8466140185,2.2666524301,0.0010862349272741112
48.8515079091,2.2666524301,0.001059667851244983
48.8564017997,2.2666524301,0.001142317931237806
48.8612956903,2.2666524301,0.0011942116332928786
48.8661895809,2.2666524301,0.001194884848047376
48.8710834715,2.2666524301,0.0011440718087979164
48.8759773621,2.2666524301,0.0010486251762301716
48.8808712527,2.2666524301,0.0009210897974721848
48.8857651433,2.2666524301,0.0007856853508994265
48.8906590339,2.2666524301,0.0007731405382276243
48.8955529245,2.2666524301,0.001135979199949057
48.9004468151,2.2666524301,0.001214187775950191
48.9053407057,2.2666524301,0.000599891015382852
48.9102345963,2.2666524301,0.0002444588315071584
48.9151284869,2.2666524301,0.00015577442067851144
48.9200223775,2.2666524301,0.00011409028306981418
48.9249162681,2.2666524301,8.38658746184511e-05
48.9298101587,2.2666524301,6.094996694265378e-05
48.9347040493,2.2666524301,4.33104149197458e-05
48.9395979399,2.2666524301,2.9756267051535092e-05
48.9444918305,2.2666524301,1.9577117536675663e-05
48.9493857211,2.2666524301,1.224235839001467e-05
48.9542796117,2.2666524301,7.237354659582332e-06
48.9591735023,2.2666524301,4.029544262371941e-06
48.9640673929,2.2666524301,2.107537749964779e-06
48.9689612835,2.2666524301,1.033669534039565e-06
48.9738551741,2.2666524301,4.748582789721116e-07
48.9787490647,2.2666524301,2.0416254270512084e-07
48.7389484253,2.2715463207,2.429481263274937e-10
48.7438423159,2.2715463207,7.696255651493474e-10
48.7487362065,2.2715463207,2.331304952492987e-09
48.7536300971,2.2715463207,6.752620708975231e-09
48.7585239877,2.2715463207,1.8702484163376955e-08
48.7634178783,2.2715463207,4.9531320268564096e-08
48.7683117689,2.2715463207,1.2543368537093656e-07
48.7732056595,2.2715463207,3.0374009910229117e-07
48.7780995501,2.2715463207,7.033050706479047e-07
48.7829934407,2.2715463207,1.5571807960858653e-06
48.7878873313,2.2715463207,3.296765120507353e-06
48.7927812219,2.2715463207,6.67406854894875e-06
48.7976751125,2.2715463207,1.291953958863327e-05
48.8025690031,2.2715463207,2.3914292420486055e-05
48.8074628937,2.2715463207,4.2330775046870585e-05
48.8123567843,2.2715463207,7.189428162905117e-05
48.8172506749,2.2715463207,0.00012411018531459757
48.8221445655,2.2715463207,0.0002891747955741847
48.8270384561,2.2715463207,0.0008872582107226284
48.8319323467,2.2715463207,0.0018616524051695688
48.8368262373,2.2715463207,0.0020066694054635997
48.8417201279,2.2715463207,0.0012951731839423112
48.8466140185,2.2715463207,0.0009284157380497411
48.8515079091,2.2715463207,0.0009723082401580923
48.8564017997,2.2715463207,0.0010918501313187364
48.8612956903,2.2715463207,0.001183758801534387
48.8661895809,2.2715463207,0.0012301209074022615
48.8710834715,2.2715463207,0.0012266130723686574
48.8759773621,2.2715463207,0.0011753960277167328
48.8808712527,2.2715463207,0.0010851898656161327
48.8857651433,2.2715463207,0.0009781676346955128
48.8906590339,2.2715463207,0.0009878002107281993
48.8955529245,2.2715463207,0.0013905000810816115
48.9004468151,2.2715463207,0.0015010583008071966
48.9053407057,2.2715463207,0.0008373420092844293
48.9102345963,2.2715463207,0.0004273708712005892
48.9151284869,2.2715463207,0.0003052860097257647
48.9200223775,2.2715463207,0.0002322957458497249
48.9249162681,2.2715463207,0.00017162635899007383
48.9298101587,2.2715463207,0.00012175814286935951
48.9347040493,2.2715463207,8.242155957789998e-05
48.9395979399,2.2715463207,5.2961354228405665e-05
48.9444918305,2.2715463207,3.2172536217160114e-05
48.9493857211,2.2715463207,1.8419696991488712e-05
48.9542796117,2.2715463207,9.916596764334817e-06
48.9591735023,2.2715463207,5.011948491295604e-06
48.9640673929,2.2715463207,2.375178201495262e-06
48.9689612835,2.2715463207,1.0545371911045047e-06
48.9738551741,2.2715463207,4.383731631083107e-07
48.9787490647,2.2715463207,1.7055518197319358e-07
48.7389484253,2.2764402113,9.963936259522536e-11
48.7438423159,2.2764402113,3.264968128169605e-10
48.7487362065,2.2764402113,1.0230117483959344e-09
48.7536300971,2.2764402113,3.0650387277807327e-09
48.7585239877,2.2764402113,8.781020330435213e-09
48.7634178783,2.2764402113,2.4055128051743923e-08
48.7683117689,2.2764402113,6.301211322367047e-08
48.7732056595,2.2764402113,1.578316562534642e-07
48.7780995501,2.2764402113,3.7802273386545063e-07
48.7829934407,2.2764402113,8.657560657617073e-07
48.7878873313,2.2764402113,1.8959512690977062e-06
48.7927812219,2.2764402113,3.970207360051334e-06
48.7976751125,2.2764402113,7.94976723919219e-06
48.8025690031,2.2764402113,1.5221384323720078e-05
48.8074628937,2.2764402113,2.7877323518510424e-05
48.8123567843,2.2764402113,4.935858643502476e-05
48.8172506749,2.2764402113,9.677128363432754e-05
48.8221445655,2.2764402113,0.00029980820614565614
48.8270384561,2.2764402113,0.0009992119018976293
48.8319323467,2.2764402113,0.001886623591382393
48.8368262373,2.2764402113,0.001751584589766675
48.8417201279,2.2764402113,0.0010270541461982485
48.8466140185,2.2764402113,0.0007791081744496865
48.8515079091,2.2764402113,0.0008757707493711092
48.8564017997,2.2764402113,0.0010292181466123058
48.8612956903,2.2764402113,0.0011683501169477736
48.8661895809,2.2764402113,0.0012779242710741722
48.8710834715,2.2764402113,0.0013502792599703467
48.8759773621,2.2764402113,0.0013806560430320647
48.8808712527,2.2764402113,0.001368668385654039
48.8857651433,2.2764402113,0.001327842798610769
48.8906590339,2.2764402113,0.001386551359895222
48.8955529245,2.2764402113,0.0018391722173802996
48.9004468151,2.2764402113,0.0019771448380723603
48.9053407057,2.2764402113,0.0012408198450390635
48.9102345963,2.2764402113,0.000739197814428767
48.9151284869,2.2764402113,0.0005444226192848644
48.9200223775,2.2764402113,0.00040480818856506806
48.9249162681,2.2764402113,0.0002863657172477098
48.9298101587,2.2764402113,0.00019160422657179096
48.9347040493,2.2764402113,0.00012094933530948761
48.9395979399,2.2764402113,7.189194554628391e-05
48.9444918305,2.2764402113,4.017993825326808e-05
48.9493857211,2.2764402113,2.1093064747918605e-05
48.9542796117,2.2764402113,1.0393625368945092e-05
48.9591735023,2.2764402113,4.80520963322298e-06
48.9640673929,2.2764402113,2.0840537926467e-06
48.9689612835,2.2764402113,8.480036836040779e-07
48.9738551741,2.2764402113,3.2383982677366345e-07
48.9787490647,2.2764402113,1.1613939154264805e-07
48.7389484253,2.2813341019,3.9569179752456544e-11
48.7438423159,2.2813341019,1.3411802412918756e-10
48.7487362065,2.2813341019,4.3468128497530026e-10
48.7536300971,2.2813341019,1.3471267797588305e-09
48.7585239877,2.2813341019,3.9920852400332e-09
48.7634178783,2.2813341019,1.131214895400382e-08
48.7683117689,2.2813341019,3.0651006357423475e-08
48.7732056595,2.2813341019,7.941441927513555e-08
48.7780995501,2.2813341019,1.9674801136388678e-07
48.7829934407,2.2813341019,4.6610128644624213e-07
48.7878873313,2.2813341019,1.0558787998673115e-06
48.7927812219,2.2813341019,2.28728598153041e-06
48.7976751125,2.2813341019,4.738218670353651e-06
48.8025690031,2.2813341019,9.38713047801548e-06
48.8074628937,2.2813341019,1.7809202848611604e-05
48.8123567843,2.2813341019,3.3426542398976504e-05
48.8172506749,2.2813341019,8.221091525629821e-05
48.8221445655,2.2813341019,0.00033865002517278195
48.8270384561,2.2813341019,0.0011171709871071942
48.8319323467,2.2813341019,0.0018384165292538157
48.8368262373,2.2813341019,0.0014618057276181554
48.8417201279,2.2813341019,0.0007978940202078424
48.8466140185,2.2813341019,0.0006671846667843936
48.8515079091,2.2813341019,0.000817361692968924
48.8564017997,2.2813341019,0.001026262673676941
48.8612956903,2.2813341019,0.001249234591953744
48.8661895809,2.2813341019,0.0014719647056460027
48.8710834715,2.2813341019,0.0016789599448697136
48.8759773621,2.2813341019,0.0018485680880758516
48.8808712527,2.2813341019,0.0019578321029508883
48.8857651433,2.2813341019,0.0020009670608945023
48.8906590339,2.2813341019,0.002094997465171387
48.8955529245,2.2813341019,0.002553125504103026
48.9004468151,2.2813341019,0.002657050363466639
48.9053407057,2.2813341019,0.0017786020608669773
48.9102345963,2.2813341019,0.0011188173065592322
48.9151284869,2.2813341019,0.0008016981185450913
48.9200223775,2.2813341019,0.0005655335459395982
48.9249162681,2.2813341019,0.0003765559337927045
48.9298101587,2.2813341019,0.00023599035088744347
48.9347040493,2.2813341019,0.0001391583342269753
48.9395979399,2.2813341019,7.721443991752023e-05
48.9444918305,2.2813341019,4.0331191277999865e-05
48.9493857211,2.2813341019,1.9846222690010085e-05
48.9542796117,2.2813341019,9.211383837146035e-06
48.9591735023,2.2813341019,4.039133779076415e-06
48.9640673929,2.2813341019,1.6767859159322991e-06
48.9689612835,2.2813341019,6.607089765133586e-07
48.9738551741,2.2813341019,2.4785347844087673e-07
48.9787490647,2.2813341019,8.881494004160521e-08
48.7389484253,2.2862279925,1.521574858463964e-11
48.7438423159,2.2862279925,5.3346657618841983e-11
48.7487362065,2.2862279925,1.7884493340822423e-10
48.7536300971,2.2862279925,5.733283678934375e-10
48.7585239877,2.2862279925,1.7574825079090266e-09
48.7634178783,2.2862279925,5.151641610969591e-09
48.7683117689,2.2862279925,1.4440374009091311e-08
48.7732056595,2.2862279925,3.870870100304358e-08
48.7780995501,2.2862279925,9.923577772035273e-08
48.7829934407,2.2862279925,2.433379331585599e-07
48.7878873313,2.2862279925,5.70841749065772e-07
48.7927812219,2.2862279925,1.2814802791770194e-06
48.7976751125,2.2862279925,2.7541285696364193e-06
48.8025690031,2.2862279925,5.670663680063408e-06
48.8074628937,2.2862279925,1.124523532920426e-05
48.8123567843,2.2862279925,2.3542146069907745e-05
48.8172506749,2.2862279925,8.187587696101133e-05
48.8221445655,2.2862279925,0.00040523704674797227
48.8270384561,2.2862279925,0.0012253574419840401
48.8319323467,2.2862279925,0.0017290523057571774
48.8368262373,2.2862279925,0.0011968991526708236
48.8417201279,2.2862279925,0.0006689780822273122
48.8466140185,2.2862279925,0.0006775519053061564
48.8515079091,2.2862279925,0.0009271547050387035
48.8564017997,2.2862279925,0.0012608299578271804
48.8612956903,2.2862279925,0.0016461033676543853
48.8661895809,2.2862279925,0.002055661829707246
48.8710834715,2.2862279925,0.0024493829397037297
48.8759773621,2.2862279925,0.0027712617927875024
48.8808712527,2.2862279925,0.0029636391584309594
48.8857651433,2.2862279925,0.003005329550230175
48.8906590339,2.2862279925,0.0030189228531897847
48.8955529245,2.2862279925,0.003359215867439872
48.9004468151,2.2862279925,0.003326864090529399
48.9053407057,2.2862279925,0.002237652994723174
48.9102345963,2.2862279925,0.001385607787992666
48.9151284869,2.2862279925,0.0009450713281617929
48.9200223775,2.2862279925,0.0006320503943792614
48.9249162681,2.2862279925,0.0003999361606359646
48.9298101587,2.2862279925,0.00023930205319312224
48.9347040493,2.2862279925,0.00013567121658300497
48.9395979399,2.2862279925,7.306126142944252e-05
48.9444918305,2.2862279925,3.747847110715338e-05
48.9493857211,2.2862279925,1.8370453515473465e-05
48.9542796117,2.2862279925,8.631237415714857e-06
48.9591735023,2.2862279925,3.8987088165380085e-06
48.9640673929,2.2862279925,1.6971591615195467e-06
48.9689612835,2.2862279925,7.131960506338811e-07
48.9738551741,2.2862279925,2.895487874464677e-07
48.9787490647,2.2862279925,1.1355902993571391e-07
48.7389484253,2.2911218831,5.667075789777906e-12
48.7438423159,2.2911218831,2.055718898848106e-11
48.7487362065,2.2911218831,7.131986330027227e-11
48.7536300971,2.2911218831,2.3667980542249947e-10
48.7585239877,2.2911218831,7.514740728026924e-10
48.7634178783,2.2911218831,2.283597820680656e-09
48.7683117689,2.2911218831,6.645098268030964e-09
48.7732056595,2.2911218831,1.8530095154730213e-08
48.7780995501,2.2911218831,4.956582121191336e-08
48.7829934407,2.2911218831,1.2734363813520556e-07
48.7878873313,2.2911218831,3.1473551823913415e-07
48.7927812219,2.2911218831,7.496439520701331e-07
48.7976751125,2.2911218831,1.723772335168724e-06
48.8025690031,2.2911218831,3.833819080552537e-06
48.8074628937,2.2911218831,8.365427722928924e-06
48.8123567843,2.2911218831,2.1532813305501694e-05
48.8172506749,2.2911218831,0.0001018496524117815
48.8221445655,2.2911218831,0.000505079851714754
48.8270384561,2.2911218831,0.001328187164242208
48.8319323467,2.2911218831,0.0016184505764658354
48.8368262373,2.2911218831,0.0010662768080408338
48.8417201279,2.2911218831,0.0007680085456867491
48.8466140185,2.2911218831,0.0009828503501805447
48.8515079091,2.2911218831,0.0014217015977911545
48.8564017997,2.2911218831,0.0019658457383948894
48.8612956903,2.2911218831,0.002564459448324006
48.8661895809,2.2911218831,0.003153209414611147
48.8710834715,2.2911218831,0.0036554305017154525
48.8759773621,2.2911218831,0.003985310029646163
48.8808712527,2.2911218831,0.004070763997013204
48.8857651433,2.2911218831,0.003915708009413962
48.8906590339,2.2911218831,0.003691969056009445
48.8955529245,2.2911218831,0.0038216175049408676
48.9004468151,2.2911218831,0.003635420329082787
48.9053407057,2.2911218831,0.0023771445313455525
48.9102345963,2.2911218831,0.0014043125203781703
48.9151284869,2.2911218831,0.0009203945745440777
48.9200223775,2.2911218831,0.0006004450060283277
48.9249162681,2.2911218831,0.00037574733381325574
48.9298101587,2.2911218831,0.00022578257817344518
48.9347040493,2.2911218831,0.0001306923366386744
48.9395979399,2.2911218831,7.306340339559709e-05
48.9444918305,2.2911218831,3.951409295165272e-05
48.9493857211,2.2911218831,2.0684698980392762e-05
48.9542796117,2.2911218831,1.0475994269526537e-05
48.9591735023,2.2911218831,5.126953813562049e-06
48.9640673929,2.2911218831,2.4205666072767687e-06
48.9689612835,2.2911218831,1.1004877647731373e-06
48.9738551741,2.2911218831,4.809779399814029e-07
48.9787490647,2.2911218831,2.0179126007935838e-07
48.7389484253,2.2960157737,2.0786085956284326e-12
48.7438423159,2.2960157737,7.885700359161884e-12
48.7487362065,2.2960157737,2.8779288165971795e-11
48.7536300971,2.2960157737,1.0127917670068039e-10
48.7585239877,2.2960157737,3.446269054738258e-10
48.7634178783,2.2960157737,1.137076144902689e-09
48.7683117689,2.2960157737,3.646626009113451e-09
48.7732056595,2.2960157737,1.1383619304600182e-08
48.7780995501,2.2960157737,3.458914128668737e-08
48.7829934407,2.2960157737,1.021197035230731e-07
48.7878873313,2.2960157737,2.919811339229173e-07
48.7927812219,2.2960157737,8.049592449149238e-07
48.7976751125,2.2960157737,2.1294566751196114e-06
48.8025690031,2.2960157737,5.38324529940251e-06
48.8074628937,2.2960157737,1.3175739268417202e-05
48.8123567843,2.2960157737,3.708941391225427e-05
48.8172506749,2.2960157737,0.00016201526114799955
48.8221445655,2.2960157737,0.0006646193995801407
48.8270384561,2.2960157737,0.001473733282245809
48.8319323467,2.2960157737,0.001626482554854792
48.8368262373,2.2960157737,0.0012213052864884755
48.8417201279,2.2960157737,0.0012453657447383964
48.8466140185,2.2960157737,0.0017252570458652495
48.8515079091,2.2960157737,0.0023854855298948902
48.8564017997,2.2960157737,0.0031036817119065294
48.8612956903,2.2960157737,0.0037889296319749354
48.8661895809,2.2960157737,0.004345764112651558
48.8710834715,2.2960157737,0.004696663395270496
48.8759773621,2.2960157737,0.0047796480180876955
48.8808712527,2.2960157737,0.004555791701356095
48.8857651433,2.2960157737,0.004095151554352368
48.8906590339,2.2960157737,0.00363810751717023
48.8955529245,2.2960157737,0.003652976646464391
48.9004468151,2.2960157737,0.0034651441670523263
48.9053407057,2.2960157737,0.0022016575711000072
48.9102345963,2.2960157737,0.0012450485688216973
48.9151284869,2.2960157737,0.0008163208553603558
48.9200223775,2.2960157737,0.0005491748249441684
48.9249162681,2.2960157737,0.0003607993998262724
48.9298101587,2.2960157737,0.00023074937192175678
48.9347040493,2.2960157737,0.00014344918089221744
48.9395979399,2.2960157737,8.647601675639098e-05
48.9444918305,2.2960157737,5.040949643529041e-05
48.9493857211,2.2960157737,2.8337195950332488e-05
48.9542796117,2.2960157737,1.5324852754809503e-05
48.9591735023,2.2960157737,7.958080947216548e-06
48.9640673929,2.2960157737,3.962597927488006e-06
48.9689612835,2.2960157737,1.8900701578373354e-06
48.9738551741,2.2960157737,8.629965953432523e-07
48.9787490647,2.2960157737,3.7703605555374597e-07
48.7389484253,2.3009096643,1.291555227514058e-12
48.7438423159,2.3009096643,6.010499380297158e-12
48.7487362065,2.3009096643,2.7254811742218082e-11
48.7536300971,2.3009096643,1.1953921157732745e-10
48.7585239877,2.3009096643,5.034105514356561e-10
48.7634178783,2.3009096643,2.02235556643024e-09
48.7683117689,2.3009096643,7.709264223059229e-09
48.7732056595,2.3009096643,2.7771974084144793e-08
48.7780995501,2.3009096643,9.425568992650178e-08
48.7829934407,2.3009096643,3.007059115890097e-07
48.7878873313,2.3009096643,9.00342020939802e-07
48.7927812219,2.3009096643,2.5269791984728738e-06
48.7976751125,2.3009096643,6.64310394203028e-06
48.8025690031,2.3009096643,1.6355869189300102e-05
48.8074628937,2.3009096643,3.814378474659902e-05
48.8123567843,2.3009096643,9.383253276621342e-05
48.8172506749,2.3009096643,0.0003002912205223212
48.8221445655,2.3009096643,0.0009284250843140598
48.8270384561,2.3009096643,0.0017292832816664723
48.8319323467,2.3009096643,0.0018519689150631117
48.8368262373,2.3009096643,0.0017057058250911253
48.8417201279,2.3009096643,0.0020386622813118225
48.8466140185,2.3009096643,0.00269523879984404
48.8515079091,2.3009096643,0.003410168001627528
48.8564017997,2.3009096643,0.004051052914596275
48.8612956903,2.3009096643,0.004520539606161739
48.8661895809,2.3009096643,0.004753092499523296
48.8710834715,2.3009096643,0.0047407347434108476
48.8759773621,2.3009096643,0.004496224943882608
48.8808712527,2.3009096643,0.004012450985120101
48.8857651433,2.3009096643,0.0033982542012626253
48.8906590339,2.3009096643,0.0029278709340793178
48.8955529245,2.3009096643,0.003059000613002378
48.9004468151,2.3009096643,0.003069415477668507
48.9053407057,2.3009096643,0.001946054568123857
48.9102345963,2.3009096643,0.0010883500313729592
48.9151284869,2.3009096643,0.0007514511338370794
48.9200223775,2.3009096643,0.0005453318119605804
48.9249162681,2.3009096643,0.0003874030575672603
48.9298101587,2.3009096643,0.00026696470519973315
48.9347040493,2.3009096643,0.00017767278030527425
48.9395979399,2.3009096643,0.0001138164171514068
48.9444918305,2.3009096643,7.001012801774578e-05
48.9493857211,2.3009096643,4.1284186459328974e-05
48.9542796117,2.3009096643,2.331416927410871e-05
48.9591735023,2.3009096643,1.2600540960287099e-05
48.9640673929,2.3009096643,6.515146256486967e-06
48.9689612835,2.3009096643,3.222019606160068e-06
48.9738551741,2.3009096643,1.523866669596559e-06
48.9787490647,2.3009096643,6.892090523153028e-07
48.7389484253,2.3058035549,6.941757732406398e-12
48.7438423159,2.3058035549,3.491841370228381e-11
48.7487362065,2.3058035549,1.643981702128752e-10
48.7536300971,2.3058035549,7.240090880828278e-10
48.7585239877,2.3058035549,2.981425098515553e-09
48.7634178783,2.3058035549,1.147675739968084e-08
48.7683117689,2.3058035549,4.129041176315524e-08
48.7732056595,2.3058035549,1.3882206524251463e-07
48.7780995501,2.3058035549,4.361233938369312e-07
48.7829934407,2.3058035549,1.280197797462896e-06
48.7878873313,2.3058035549,3.5111276685357735e-06
48.7927812219,2.3058035549,8.997277588221856e-06
48.7976751125,2.3058035549,2.1541400708943324e-05
48.8025690031,2.3058035549,4.8206060638076204e-05
48.8074628937,2.3058035549,0.0001016608240386314
48.8123567843,2.3058035549,0.00021671314363493586
48.8172506749,2.3058035549,0.0005383041536733105
48.8221445655,2.3058035549,0.0012904597385411966
48.8270384561,2.3058035549,0.0020585452110170226
48.8319323467,2.3058035549,0.002184731961298144
48.8368262373,2.3058035549,0.002238397909230859
48.8417201279,2.3058035549,0.0026772177288101047
48.8466140185,2.3058035549,0.0032456570131329694
48.8515079091,2.3058035549,0.003722873804213283
48.8564017997,2.3058035549,0.004015427524447661
48.8612956903,2.3058035549,0.004083800010496129
48.8661895809,2.3058035549,0.003941951558578593
48.8710834715,2.3058035549,0.0036696774249100972
48.8759773621,2.3058035549,0.003331494420941763
48.8808712527,2.3058035549,0.002871795529326648
48.8857651433,2.3058035549,0.0023619665065672747
48.8906590339,2.3058035549,0.0020870777198093915
48.8955529245,2.3058035549,0.0024749074053755566
48.9004468151,2.3058035549,0.002757001759215843
48.9053407057,2.3058035549,0.0017977394368155224
48.9102345963,2.3058035549,0.0010282006113537822
48.9151284869,2.3058035549,0.0007603872684061083
48.9200223775,2.3058035549,0.0005931856709584991
48.9249162681,2.3058035549,0.0004486672740093612
48.9298101587,2.3058035549,0.0003262939064715683
48.9347040493,2.3058035549,0.0002276118374992331
48.9395979399,2.3058035549,0.0001520816178242708
48.9444918305,2.3058035549,9.72543890966907e-05
48.9493857211,2.3058035549,5.949792101361536e-05
48.9542796117,2.3058035549,3.481389096449118e-05
48.9591735023,2.3058035549,1.948088022900217e-05
48.9640673929,2.3058035549,1.0424207707297492e-05
48.9689612835,2.3058035549,5.33387499926272e-06
48.9738551741,2.3058035549,2.609766170514049e-06
48.9787490647,2.3058035549,1.2210020728167167e-06
48.7389484253,2.3106974455,5.6017353835216984e-11
48.7438423159,2.3106974455,2.564388845533972e-10
48.7487362065,2.3106974455,1.096617882541349e-09
48.7536300971,2.3106974455,4.380602782193592e-09
48.7585239877,2.3106974455,1.6346231511552486e-08
48.7634178783,2.3106974455,5.697780029211884e-08
48.7683117689,2.3106974455,1.8552303068512336e-07
48.7732056595,2.3106974455,5.642801241197499e-07
48.7780995501,2.3106974455,1.6032379156026025e-06
48.7829934407,2.3106974455,4.2551030762348965e-06
48.7878873313,2.3106974455,1.0549577332797167e-05
48.7927812219,2.3106974455,2.4433113967054325e-05
48.7976751125,2.3106974455,5.286316764080172e-05
48.8025690031,2.3106974455,0.00010688645375196597
48.8074628937,2.3106974455,0.0002034294008397248
48.8123567843,2.3106974455,0.000385580733940052
48.8172506749,2.3106974455,0.0008084285423434187
48.8221445655,2.3106974455,0.0016034795386256535
48.8270384561,2.3106974455,0.0022331358926519357
48.8319323467,2.3106974455,0.0022760518284099707
48.8368262373,2.3106974455,0.002332267203201606
48.8417201279,2.3106974455,0.002617721302500753
48.8466140185,2.3106974455,0.0028834048820340526
48.8515079091,2.3106974455,0.0029992855137527777
48.8564017997,2.3106974455,0.002945656300553095
48.8612956903,2.3106974455,0.0027495924730452505
48.8661895809,2.3106974455,0.00247614824225428
48.8710834715,2.3106974455,0.002241862351411322
48.8759773621,2.3106974455,0.0021087071383906406
48.8808712527,2.3106974455,0.0018927113605434235
48.8857651433,2.3106974455,0.0015779473903818066
48.8906590339,2.3106974455,0.0015069060510244827
48.8955529245,2.3106974455,0.002115720512676416
48.9004468151,2.3106974455,0.00261419359369167
48.9053407057,2.3106974455,0.0017664652621713023
48.9102345963,2.3106974455,0.0010395319189282792
48.9151284869,2.3106974455,0.0008095751377200005
48.9200223775,2.3106974455,0.0006638467065475414
48.9249162681,2.3106974455,0.0005244372283675126
48.9298101587,2.3106974455,0.00039669544566829813
48.9347040493,2.3106974455,0.0002871061666092711
48.9395979399,2.3106974455,0.000198750353816983
48.9444918305,2.3106974455,0.00013157855918721054
48.9493857211,2.3106974455,8.32994432069719e-05
48.9542796117,2.3106974455,5.042711844398712e-05
48.9591735023,2.3106974455,2.9190715801437343e-05
48.9640673929,2.3106974455,1.6157755572685745e-05
48.9689612835,2.3106974455,8.552081206859693e-06
48.9738551741,2.3106974455,4.328292416849106e-06
48.9787490647,2.3106974455,2.094667849620179e-06
48.7389484253,2.3155913361,3.3656959486138336e-10
48.7438423159,2.3155913361,1.3924569197446542e-09
48.7487362065,2.3155913361,5.381241232224387e-09
48.7536300971,2.3155913361,1.9425719666850627e-08
48.7585239877,2.3155913361,6.550372230595387e-08
48.7634178783,2.3155913361,2.0632384058075744e-07
48.7683117689,2.3155913361,6.070548753184029e-07
48.7732056595,2.3155913361,1.6684084313901946e-06
48.7780995501,2.3155913361,4.28325410260105e-06
48.7829934407,2.3155913361,1.0271740944814246e-05
48.7878873313,2.3155913361,2.3009946953656872e-05
48.7927812219,2.3155913361,4.814958138298455e-05
48.7976751125,2.3155913361,9.412071019242699e-05
48.8025690031,2.3155913361,0.00017194600946712277
48.8074628937,2.3155913361,0.00029598424378329564
48.8123567843,2.3155913361,0.0005087124992234888
48.8172506749,2.3155913361,0.0009545875980093743
48.8221445655,2.3155913361,0.0016497700728281795
48.8270384561,2.3155913361,0.0020166093670072167
48.8319323467,2.3155913361,0.0018868367678407355
48.8368262373,2.3155913361,0.0018143242349877584
48.8417201279,2.3155913361,0.0018674487305224607
48.8466140185,2.3155913361,0.0018680569026029857
48.8515079091,2.3155913361,0.0017705969486282909
48.8564017997,2.3155913361,0.0015998172597983867
48.8612956903,2.3155913361,0.001399680610430744
48.8661895809,2.3155913361,0.0012296971219522225
48.8710834715,2.3155913361,0.0012054581079987265
48.8759773621,2.3155913361,0.0013850607007106495
48.8808712527,2.3155913361,0.001430593909683989
48.8857651433,2.3155913361,0.0012111000777270575
48.8906590339,2.3155913361,0.0012103321557212915
48.8955529245,2.3155913361,0.0019301624652454522
48.9004468151,2.3155913361,0.002564871525771223
48.9053407057,2.3155913361,0.001780154299397847
48.9102345963,2.3155913361,0.0010661321283412242
48.9151284869,2.3155913361,0.0008598369073679074
48.9200223775,2.3155913361,0.0007321202315301833
48.9249162681,2.3155913361,0.0005995007056107597
48.9298101587,2.3155913361,0.0004695394001803844
48.9347040493,2.3155913361,0.00035167783519135266
48.9395979399,2.3155913361,0.000251875922383963
48.9444918305,2.3155913361,0.00017249955115948142
48.9493857211,2.3155913361,0.0001129653580438212
48.9542796117,2.3155913361,7.0738712314185e-05
48.9591735023,2.3155913361,4.235678740505763e-05
48.9640673929,2.3155913361,2.4251726619092462e-05
48.9689612835,2.3155913361,1.3277491305886682e-05
48.9738551741,2.3155913361,6.950932499874486e-06
48.9787490647,2.3155913361,3.4795556811622587e-06
48.7389484253,2.3204852267,1.4592143791971768e-09
48.7438423159,2.3204852267,5.455223366522649e-09
48.7487362065,2.3204852267,1.9050179321932215e-08
48.7536300971,2.3204852267,6.214107424330503e-08
48.7585239877,2.3204852267,1.8934406684713806e-07
48.7634178783,2.3204852267,5.389122420956322e-07
48.7683117689,2.3204852267,1.432775120343134e-06
48.7732056595,2.3204852267,3.55821354672232e-06
48.7780995501,2.3204852267,8.254305867469498e-06
48.7829934407,2.3204852267,1.7886469066162632e-05
48.7878873313,2.3204852267,3.620476490923215e-05
48.7927812219,2.3204852267,6.84552237716553e-05
48.7976751125,2.3204852267,0.00012090917903548296
48.8025690031,2.3204852267,0.00019963580046877133
48.8074628937,2.3204852267,0.0003119010262839893
48.8123567843,2.3204852267,0.0004975198399414301
48.8172506749,2.3204852267,0.0008810449559229514
48.8221445655,2.3204852267,0.001376058190747195
48.8270384561,2.3204852267,0.0014616419029874895
48.8319323467,2.3204852267,0.0011952387486029532
48.8368262373,2.3204852267,0.001034593106083258
48.8417201279,2.3204852267,0.0009678986320060576
48.8466140185,2.3204852267,0.0008834303183647382
48.8515079091,2.3204852267,0.0007729844213586198
48.8564017997,2.3204852267,0.0006608408126871936
48.8612956903,2.3204852267,0.0005727969315254952
48.8661895809,2.3204852267,0.0005462186361939264
48.8710834715,2.3204852267,0.0007073878405199339
48.8759773621,2.3204852267,0.0011586786196573994
48.8808712527,2.3204852267,0.001407749978861351
48.8857651433,2.3204852267,0.0011452579684543822
48.8906590339,2.3204852267,0.0010681504204248602
48.8955529245,2.3204852267,0.0018078584993106647
48.9004468151,2.3204852267,0.0025287177228779487
48.9053407057,2.3204852267,0.0017859026203116103
48.9102345963,2.3204852267,0.00107500725700168
48.9151284869,2.3204852267,0.0008904653307556421
48.9200223775,2.3204852267,0.0007844946656427574
48.9249162681,2.3204852267,0.0006646772981759849
48.9298101587,2.3204852267,0.0005385564755768355
48.9347040493,2.3204852267,0.0004172622392036579
48.9395979399,2.3204852267,0.00030913050439129383
48.9444918305,2.3204852267,0.00021899225306432104
48.9493857211,2.3204852267,0.0001483438204278483
48.9542796117,2.3204852267,9.608683444188002e-05
48.9591735023,2.3204852267,5.951302111460045e-05
48.9640673929,2.3204852267,3.524632025601237e-05
48.9689612835,2.3204852267,1.9960399969489846e-05
48.9738551741,2.3204852267,1.0808822019946475e-05
48.9787490647,2.3204852267,5.5968177014533524e-06
48.7389484253,2.3253791173,4.55966849723629e-09
48.7438423159,2.3253791173,1.5403297390157783e-08
48.7487362065,2.3253791173,4.8605689178650944e-08
48.7536300971,2.3253791173,1.4326942090036153e-07
48.7585239877,2.3253791173,3.944690515130816e-07
48.7634178783,2.3253791173,1.0145313120164583e-06
48.7683117689,2.3253791173,2.4373122132763014e-06
48.7732056595,2.3253791173,5.469532891407518e-06
48.7780995501,2.3253791173,1.1465235647702262e-05
48.7829934407,2.3253791173,2.2449670083518927e-05
48.7878873313,2.3253791173,4.106125295441814e-05
48.7927812219,2.3253791173,7.015389973589839e-05
48.7976751125,2.3253791173,0.00011196701282553386
48.8025690031,2.3253791173,0.00016718880440095465
48.8074628937,2.3253791173,0.00023910173446483408
48.8123567843,2.3253791173,0.00037085297223415426
48.8172506749,2.3253791173,0.000664966111757718
48.8221445655,2.3253791173,0.0009628759751751231
48.8270384561,2.3253791173,0.0008656152544498063
48.8319323467,2.3253791173,0.0005793565190833397
48.8368262373,2.3253791173,0.0004318199036131839
48.8417201279,2.3253791173,0.0003660401376567609
48.8466140185,2.3253791173,0.0003095829108303866
48.8515079091,2.3253791173,0.0002596219068333778
48.8564017997,2.3253791173,0.0002266900438575151
48.8612956903,2.3253791173,0.00022033265302610235
48.8661895809,2.3253791173,0.0002687006028257441
48.8710834715,2.3253791173,0.0005325176341395224
48.8759773621,2.3253791173,0.0012110054991549101
48.8808712527,2.3253791173,0.0016588503959514807
48.8857651433,2.3253791173,0.0012697173530648656
48.8906590339,2.3253791173,0.0009973679045679838
48.8955529245,2.3253791173,0.0016928640717646872
48.9004468151,2.3253791173,0.002473209113605812
48.9053407057,2.3253791173,0.0017660515161024481
48.9102345963,2.3253791173,0.001056082239155463
48.9151284869,2.3253791173,0.0008941119389823807
48.9200223775,2.3253791173,0.0008143529644287263
48.9249162681,2.3253791173,0.0007137172306585898
48.9298101587,2.3253791173,0.0005981826617300201
48.9347040493,2.3253791173,0.000479397268418895
48.9395979399,2.3253791173,0.0003673762165061844
48.9444918305,2.3253791173,0.00026920319633620774
48.9493857211,2.3253791173,0.00018862665498183334
48.9542796117,2.3253791173,0.00012638035927284275
48.9591735023,2.3253791173,8.096732250091595e-05
48.9640673929,2.3253791173,4.960136629904164e-05
48.9689612835,2.3253791173,2.9055688477583374e-05
48.9738551741,2.3253791173,1.6275051475053623e-05
48.9787490647,2.3253791173,8.717003902402411e-06
48.7389484253,2.3302730079,1.0268129656190908e-08
48.7438423159,2.3302730079,3.134433484102727e-08
48.7487362065,2.3302730079,8.937575398573492e-08
48.7536300971,2.3302730079,2.3805282135121626e-07
48.7585239877,2.3302730079,5.922702458254233e-07
48.7634178783,2.3302730079,1.3764469938132274e-06
48.7683117689,2.3302730079,2.9880792490563428e-06
48.7732056595,2.3302730079,6.059236046836741e-06
48.7780995501,2.3302730079,1.1477226755702152e-05
48.7829934407,2.3302730079,2.0307187043223304e-05
48.7878873313,2.3302730079,3.3562715449783986e-05
48.7927812219,2.3302730079,5.181569016211685e-05
48.7976751125,2.3302730079,7.47341812453562e-05
48.8025690031,2.3302730079,0.00010112456688802811
48.8074628937,2.3302730079,0.00013606121012538938
48.8123567843,2.3302730079,0.00022957084429244074
48.8172506749,2.3302730079,0.0004560466944713443
48.8221445655,2.3302730079,0.0006154966314837001
48.8270384561,2.3302730079,0.0004504507177672434
48.8319323467,2.3302730079,0.00022459655098402894
48.8368262373,2.3302730079,0.0001337134527443451
48.8417201279,2.3302730079,0.00010309971859461171
48.8466140185,2.3302730079,8.490837605808657e-05
48.8515079091,2.3302730079,7.589875022136676e-05
48.8564017997,2.3302730079,7.941040178490193e-05
48.8612956903,2.3302730079,9.961754554876014e-05
48.8661895809,2.3302730079,0.0001653518287544338
48.8710834715,2.3302730079,0.00048091389281601125
48.8759773621,2.3302730079,0.0013839219971631673
48.8808712527,2.3302730079,0.002095153860698748
48.8857651433,2.3302730079,0.0015573417725804498
48.8906590339,2.3302730079,0.0009841510127596791
48.8955529245,2.3302730079,0.0015758566189339432
48.9004468151,2.3302730079,0.0023952921029959306
48.9053407057,2.3302730079,0.0017207927288309134
48.9102345963,2.3302730079,0.0010098766778807839
48.9151284869,2.3302730079,0.0008696511513264016
48.9200223775,2.3302730079,0.0008185896886021893
48.9249162681,2.3302730079,0.0007420918759798393
48.9298101587,2.3302730079,0.0006433506092101847
48.9347040493,2.3302730079,0.0005333246186367981
48.9395979399,2.3302730079,0.0004227554542723233
48.9444918305,2.3302730079,0.0003204353918909893
48.9493857211,2.3302730079,0.00023224448259291915
48.9542796117,2.3302730079,0.00016095482578065525
48.9591735023,2.3302730079,0.00010666360765947807
48.9640673929,2.3302730079,6.758996230587533e-05
48.9689612835,2.3302730079,4.095451706697849e-05
48.9738551741,2.3302730079,2.3728762159308064e-05
48.9787490647,2.3302730079,1.3146254232096823e-05
48.7389484253,2.3351668985000003,1.666447413635944e-08
48.7438423159,2.3351668985000003,4.596705303786223e-08
48.7487362065,2.3351668985000003,1.1843897752579144e-07
48.7536300971,2.3351668985000003,2.850595397785489e-07
48.7585239877,2.3351668985000003,6.408692867784011e-07
48.7634178783,2.3351668985000003,1.345848889944458e-06
48.7683117689,2.3351668985000003,2.6400742076017962e-06
48.7732056595,2.3351668985000003,4.83758961504406e-06
48.7780995501,2.3351668985000003,8.280090996498172e-06
48.7829934407,2.3351668985000003,1.323837613686967e-05
48.7878873313,2.3351668985000003,1.9770998966013567e-05
48.7927812219,2.3351668985000003,2.758173251079866e-05
48.7976751125,2.3351668985000003,3.596081563127559e-05
48.8025690031,2.3351668985000003,4.448934528382443e-05
48.8074628937,2.3351668985000003,6.227046989768852e-05
48.8123567843,2.3351668985000003,0.00014262627664984615
48.8172506749,2.3351668985000003,0.00032413242176707524
48.8221445655,2.3351668985000003,0.0003956056953107011
48.8270384561,2.3351668985000003,0.00022940129528976005
48.8319323467,2.3351668985000003,7.764973894531451e-05
48.8368262373,2.3351668985000003,3.226024029563697e-05
48.8417201279,2.3351668985000003,2.3323673220248574e-05
48.8466140185,2.3351668985000003,2.162333073086553e-05
48.8515079091,2.3351668985000003,2.5122559011106167e-05
48.8564017997,2.3351668985000003,3.544271729251372e-05
48.8612956903,2.3351668985000003,5.585247818797375e-05
48.8661895809,2.3351668985000003,0.00011692480814207238
48.8710834715,2.3351668985000003,0.0004630387466478177
48.8759773621,2.3351668985000003,0.0016018321433755095
48.8808712527,2.3351668985000003,0.002675891753416755
48.8857651433,2.3351668985000003,0.0020195328023147594
48.8906590339,2.3351668985000003,0.0010453361098237317
48.8955529245,2.3351668985000003,0.0014648051549608035
48.9004468151,2.3351668985000003,0.0023013393113570538
48.9053407057,2.3351668985000003,0.0016561091790562427
48.9102345963,2.3351668985000003,0.0009411134208223219
48.9151284869,2.3351668985000003,0.0008193400645793514
48.9200223775,2.3351668985000003,0.0007967685360225865
48.9249162681,2.3351668985000003,0.0007471337672943643
48.9298101587,2.3351668985000003,0.0006699933085392043
48.9347040493,2.3351668985000003,0.0005745085000705475
48.9395979399,2.3351668985000003,0.0004710598849371893
48.9444918305,2.3351668985000003,0.0003693256356821087
48.9493857211,2.3351668985000003,0.0002768831044226219
48.9542796117,2.3351668985000003,0.00019848931207305128
48.9591735023,2.3351668985000003,0.0001360603133285262
48.9640673929,2.3351668985000003,8.918246585440105e-05
48.9689612835,2.3351668985000003,5.589605466558127e-05
48.9738551741,2.3351668985000003,3.349935946241105e-05
48.9787490647,2.3351668985000003,1.919753731153615e-05
48.7389484253,2.3400607891000003,1.9490991461772326e-08
48.7438423159,2.3400607891000003,4.858210437355058e-08
48.7487362065,2.3400607891000003,1.1311277355651322e-07
48.7536300971,2.3400607891000003,2.4600272584440947e-07
48.7585239877,2.3400607891000003,4.997595821425105e-07
48.7634178783,2.3400607891000003,9.483645063843402e-07
48.7683117689,2.3400607891000003,1.6810569476145466e-06
48.7732056595,2.3400607891000003,2.783444616996312e-06
48.7780995501,2.3400607891000003,4.305027185503743e-06
48.7829934407,2.3400607891000003,6.21960358532036e-06
48.7878873313,2.3400607891000003,8.393517624009359e-06
48.7927812219,2.3400607891000003,1.0581296379205953e-05
48.7976751125,2.3400607891000003,1.2492627759495448e-05
48.8025690031,2.3400607891000003,1.4817257286215557e-05
48.8074628937,2.3400607891000003,2.9852048193056972e-05
48.8123567843,2.3400607891000003,0.00010789250129045182
48.8172506749,2.3400607891000003,0.00025044136760478375
48.8221445655,2.3400607891000003,0.00026412108727596025
48.8270384561,2.3400607891000003,0.00012231540241938109
48.8319323467,2.3400607891000003,2.8051536084513487e-05
48.8368262373,2.3400607891000003,7.020729401711605e-06
48.8417201279,2.3400607891000003,5.348168022958122e-06
48.8466140185,2.3400607891000003,6.998164228962885e-06
48.8515079091,2.3400607891000003,1.1270242691885808e-05
48.8564017997,2.3400607891000003,1.9395804935389318e-05
48.8612956903,2.3400607891000003,3.4202301043112695e-05
48.8661895809,2.3400607891000003,8.613107237879796e-05
48.8710834715,2.3400607891000003,0.0004495070927405251
48.8759773621,2.3400607891000003,0.0018193220627034461
48.8808712527,2.3400607891000003,0.0033552283209094375
48.8857651433,2.3400607891000003,0.0026609757067092344
48.8906590339,2.3400607891000003,0.001202370907640213
48.8955529245,2.3400607891000003,0.0013710501648585697
48.9004468151,2.3400607891000003,0.0021992306026409306
48.9053407057,2.3400607891000003,0.0015793995583036062
48.9102345963,2.3400607891000003,0.0008564443430886021
48.9151284869,2.3400607891000003,0.0007478286888442388
48.9200223775,2.3400607891000003,0.0007509477801886916
48.9249162681,2.3400607891000003,0.0007283628634078638
48.9298101587,2.3400607891000003,0.0006756191132832612
48.9347040493,2.3400607891000003,0.0005992526932694076
48.9395979399,2.3400607891000003,0.000508243381156895
48.9444918305,2.3400607891000003,0.0004121802115117225
48.9493857211,2.3400607891000003,0.0003196363872085588
48.9542796117,2.3400607891000003,0.00023701670597168389
48.9591735023,2.3400607891000003,0.00016805652228397524
48.9640673929,2.3400607891000003,0.00011394242429402571
48.9689612835,2.3400607891000003,7.387018864713693e-05
48.9738551741,2.3400607891000003,4.579379440641001e-05
48.9787490647,2.3400607891000003,2.714549223473139e-05
48.7389484253,2.3449546797000003,1.642927050677915e-08
48.7438423159,2.3449546797000003,3.700394415438063e-08
48.7487362065,2.3449546797000003,7.785216423447398e-08
48.7536300971,2.3449546797000003,1.5299819285832277e-07
48.7585239877,2.3449546797000003,2.808632083270497e-07
48.7634178783,2.3449546797000003,4.816109484926325e-07
48.7683117689,2.3449546797000003,7.714198615306033e-07
48.7732056595,2.3449546797000003,1.1541926422041638e-06
48.7780995501,2.3449546797000003,1.613091339730153e-06
48.7829934407,2.3449546797000003,2.1058781648871933e-06
48.7878873313,2.3449546797000003,2.5680494880597825e-06
48.7927812219,2.3449546797000003,2.9261517880755003e-06
48.7976751125,2.3449546797000003,3.1692813398131314e-06
48.8025690031,2.3449546797000003,4.679196270890236e-06
48.8074628937,2.3449546797000003,2.1633928397825195e-05
48.8123567843,2.3449546797000003,9.618655761817214e-05
48.8172506749,2.3449546797000003,0.00019945029976775475
48.8221445655,2.3449546797000003,0.0001770806562620793
48.8270384561,2.3449546797000003,6.703570670251073e-05
48.8319323467,2.3449546797000003,1.143417863194242e-05
48.8368262373,2.3449546797000003,1.8193454486505e-06
48.8417201279,2.3449546797000003,1.7430007673563616e-06
48.8466140185,2.3449546797000003,3.156551301961225e-06
48.8515079091,2.3449546797000003,6.000504011414538e-06
48.8564017997,2.3449546797000003,1.1185279539497543e-05
48.8612956903,2.3449546797000003,2.0957651544932098e-05
48.8661895809,2.3449546797000003,6.37924749243593e-05
48.8710834715,2.3449546797000003,0.0004296397138438201
48.8759773621,2.3449546797000003,0.0019961413873803833
48.8808712527,2.3449546797000003,0.00406211973505816
48.8857651433,2.3449546797000003,0.0034571179814737226
48.8906590339,2.3449546797000003,0.001469305982512574
48.8955529245,2.3449546797000003,0.0013050553243680464
48.9004468151,2.3449546797000003,0.0020960651715242005
48.9053407057,2.3449546797000003,0.0014978587809571843
48.9102345963,2.3449546797000003,0.0007632501342156906
48.9151284869,2.3449546797000003,0.0006613703191419456
48.9200223775,2.3449546797000003,0.0006853304766257568
48.9249162681,2.3449546797000003,0.0006875526313819696
48.9298101587,2.3449546797000003,0.0006596933356229857
48.9347040493,2.3449546797000003,0.0006052464319687718
48.9395979399,2.3449546797000003,0.0005309774148033249
48.9444918305,2.3449546797000003,0.00044542391296792524
48.9493857211,2.3449546797000003,0.00035729314026017555
48.9542796117,2.3449546797000003,0.0002740498046554491
48.9591735023,2.3449546797000003,0.0002009962638597333
48.9640673929,2.3449546797000003,0.0001409613797438623
48.9689612835,2.3449546797000003,9.452919695978074e-05
48.9738551741,2.3449546797000003,6.061574738001824e-05
48.9787490647,2.3449546797000003,3.716709599514913e-05
48.7389484253,2.3498485703,9.980324415205363e-09
48.7438423159,2.3498485703,2.031242340136352e-08
48.7487362065,2.3498485703,3.861639776254327e-08
48.7536300971,2.3498485703,6.857640514352941e-08
48.7585239877,2.3498485703,1.1375503036670166e-07
48.7634178783,2.3498485703,1.7626230822036197e-07
48.7683117689,2.3498485703,2.551180956716231e-07
48.7732056595,2.3498485703,3.449182036271219e-07
48.7780995501,2.3498485703,4.355963544508353e-07
48.7829934407,2.3498485703,5.138619084135559e-07
48.7878873313,2.3498485703,5.662585351377725e-07
48.7927812219,2.3498485703,5.845099350647648e-07
48.7976751125,2.3498485703,6.516484445627021e-07
48.8025690031,2.3498485703,2.6377060446573476e-06
48.8074628937,2.3498485703,2.150267350188177e-05
48.8123567843,2.3498485703,8.81808655368345e-05
48.8172506749,2.3498485703,0.00015470965117087444
48.8221445655,2.3498485703,0.00011477101885897214
48.8270384561,2.3498485703,3.6028167784099204e-05
48.8319323467,2.3498485703,4.945185522857243e-06
48.8368262373,2.3498485703,6.394215247593129e-07
48.8417201279,2.3498485703,7.809383374613647e-07
48.8466140185,2.3498485703,1.6161813196236235e-06
48.8515079091,2.3498485703,3.269471123922193e-06
48.8564017997,2.3498485703,6.354280253071435e-06
48.8612956903,2.3498485703,1.2539077623659216e-05
48.8661895809,2.3498485703,4.699651898240931e-05
48.8710834715,2.3498485703,0.0003987155780130012
48.8759773621,2.3498485703,0.0020969782829628617
48.8808712527,2.3498485703,0.0047043025392222056
48.8857651433,2.3498485703,0.0043457593141528325
48.8906590339,2.3498485703,0.0018451645796314304
48.8955529245,2.3498485703,0.001274606037931308
48.9004468151,2.3498485703,0.001997392757370451
48.9053407057,2.3498485703,0.0014175756792117848
48.9102345963,2.3498485703,0.0006686475375186128
48.9151284869,2.3498485703,0.0005669209506729352
48.9200223775,2.3498485703,0.0006056265052295556
48.9249162681,2.3498485703,0.0006284530428521599
48.9298101587,2.3498485703,0.0006237218718018431
48.9347040493,2.3498485703,0.0005919202373275004
48.9395979399,2.3498485703,0.000537141952065772
48.9444918305,2.3498485703,0.00046608875711322273
48.9493857211,2.3498485703,0.0003867246457994231
48.9542796117,2.3498485703,0.000306823587025363
48.9591735023,2.3498485703,0.00023277123173452173
48.9640673929,2.3498485703,0.00016885873669593177
48.9689612835,2.3498485703,0.00011713088810418062
48.9738551741,2.3498485703,7.769141043528538e-05
48.9787490647,2.3498485703,4.9275182878635404e-05
48.7389484253,2.3547424609,4.3693120782561484e-09
48.7438423159,2.3547424609,8.03558488443929e-09
48.7487362065,2.3547424609,1.3804314890290983e-08
48.7536300971,2.3547424609,2.2151602976683156e-08
48.7585239877,2.3547424609,3.320384672699175e-08
48.7634178783,2.3547424609,4.649054007405024e-08
48.7683117689,2.3547424609,6.080422608020721e-08
48.7732056595,2.3547424609,7.428413024349778e-08
48.7780995501,2.3547424609,8.477189144256355e-08
48.7829934407,2.3547424609,9.036566649003923e-08
48.7878873313,2.3547424609,9.000938133930241e-08
48.7927812219,2.3547424609,8.670243900621231e-08
48.7976751125,2.3547424609,2.1167690555718764e-07
48.8025690031,2.3547424609,2.7731378513539267e-06
48.8074628937,2.3547424609,2.2414700013849457e-05
48.8123567843,2.3547424609,7.782280686048766e-05
48.8172506749,2.3547424609,0.00011415633067972083
48.8221445655,2.3547424609,7.067234831112748e-05
48.8270384561,2.3547424609,1.8485794094371924e-05
48.8319323467,2.3547424609,2.10533930433219e-06
48.8368262373,2.3547424609,2.6049693347300345e-07
48.8417201279,2.3547424609,3.7964093025451944e-07
48.8466140185,2.3547424609,8.286380992570244e-07
48.8515079091,2.3547424609,1.7407179312844013e-06
48.8564017997,2.3547424609,3.503798942561297e-06
48.8612956903,2.3547424609,7.2956348611165155e-06
48.8661895809,2.3547424609,3.418227631483913e-05
48.8710834715,2.3547424609,0.00035592736166208203
48.8759773621,2.3547424609,0.0020983535074873727
48.8808712527,2.3547424609,0.0051846859902769105
48.8857651433,2.3547424609,0.005229673353366857
48.8906590339,2.3547424609,0.0023083360066203616
48.8955529245,2.3547424609,0.0012832397029327693
48.9004468151,2.3547424609,0.0019069118811572143
48.9053407057,2.3547424609,0.0013429975962620292
48.9102345963,2.3547424609,0.0005786859350558871
48.9151284869,2.3547424609,0.00047123310173537993
48.9200223775,2.3547424609,0.0005182352722124925
48.9249162681,2.3547424609,0.0005562223812298783
48.9298101587,2.3547424609,0.0005710163684152194
48.9347040493,2.3547424609,0.0005605351432659049
48.9395979399,2.3547424609,0.0005261514902829598
48.9444918305,2.3547424609,0.0004722505068286134
48.9493857211,2.3547424609,0.00040531038340435956
48.9542796117,2.3547424609,0.000332626385253555
48.9591735023,2.3547424609,0.0002610233336300912
48.9640673929,2.3547424609,0.00019586445880305107
48.9689612835,2.3547424609,0.00014053536020181795
48.9738551741,2.3547424609,9.64204723427587e-05
48.9787490647,2.3547424609,6.325670520726386e-05
48.7389484253,2.3596363515,1.3785531049261068e-09
48.7438423159,2.3596363515,2.290948225176724e-09
48.7487362065,2.3596363515,3.5563130582934235e-09
48.7536300971,2.3596363515,5.156768461653366e-09
48.7585239877,2.3596363515,6.984707460939335e-09
48.7634178783,2.3596363515,8.837140678573255e-09
48.7683117689,2.3596363515,1.0444035498955753e-08
48.7732056595,2.3596363515,1.1529705224281098e-08
48.7780995501,2.3596363515,1.188947073687281e-08
48.7829934407,2.3596363515,1.145291500484925e-08
48.7878873313,2.3596363515,1.036205553179153e-08
48.7927812219,2.3596363515,1.3839933512385449e-08
48.7976751125,2.3596363515,2.067720117251228e-07
48.8025690031,2.3596363515,3.264656447071181e-06
48.8074628937,2.3596363515,2.242239561798237e-05
48.8123567843,2.3596363515,6.505695497778809e-05
48.8172506749,2.3596363515,7.96473902412221e-05
48.8221445655,2.3596363515,4.114408342183956e-05
48.8270384561,2.3596363515,8.977588623347552e-06
48.8319323467,2.3596363515,8.552662560285183e-07
48.8368262373,2.3596363515,1.0851995802981449e-07
48.8417201279,2.3596363515,1.823357296380767e-07
48.8466140185,2.3596363515,4.1326331304531386e-07
48.8515079091,2.3596363515,8.983429148513615e-07
48.8564017997,2.3596363515,1.8712857643132334e-06
48.8612956903,2.3596363515,4.1259506645713844e-06
48.8661895809,2.3596363515,2.4353196734751142e-05
48.8710834715,2.3596363515,0.0003037623475189062
48.8759773621,2.3596363515,0.0019941651525656264
48.8808712527,2.3596363515,0.005422887341858529
48.8857651433,2.3596363515,0.00599062070263611
48.8906590339,2.3596363515,0.002814669806290016
48.8955529245,2.3596363515,0.0013287677530947385
48.9004468151,2.3596363515,0.0018264250335111
48.9053407057,2.3596363515,0.0012767390968779027
48.9102345963,2.3596363515,0.0004978267956349603
48.9151284869,2.3596363515,0.0003800976902422625
48.9200223775,2.3596363515,0.0004294084966642001
48.9249162681,2.3596363515,0.0004766864922266117
48.9298101587,2.3596363515,0.0005061915010604785
48.9347040493,2.3596363515,0.0005139859071931834
48.9395979399,2.3596363515,0.0004990467640134318
48.9444918305,2.3596363515,0.0004633241583985175
48.9493857211,2.3596363515,0.00041132235772578144
48.9542796117,2.3596363515,0.0003491671329032896
48.9591735023,2.3596363515,0.0002834249419691222
48.9640673929,2.3596363515,0.00021998671027159184
48.9689612835,2.3596363515,0.00016327078970996572
48.9738551741,2.3596363515,0.00011587085477776276
48.9787490647,2.3596363515,7.863096352655123e-05
48.7389484253,2.3645302421,3.134555506885417e-10
48.7438423159,2.3645302421,4.70711798549253e-10
48.7487362065,2.3645302421,6.602784760688909e-10
48.7536300971,2.3645302421,8.651514397334373e-10
48.7585239877,2.3645302421,1.0588881206223965e-09
48.7634178783,2.3645302421,1.2106009230145093e-09
48.7683117689,2.3645302421,1.2928408834032639e-09
48.7732056595,2.3645302421,1.2896833701925862e-09
48.7780995501,2.3645302421,1.2017645777584499e-09
48.7829934407,2.3645302421,1.0467043778664425e-09
48.7878873313,2.3645302421,9.611351492035526e-10
48.7927812219,2.3645302421,9.077676189920574e-09
48.7976751125,2.3645302421,2.722673628422127e-07
48.8025690031,2.3645302421,3.697594260909963e-06
48.8074628937,2.3645302421,2.1219222896043993e-05
48.8123567843,2.3645302421,5.137918283242765e-05
48.8172506749,2.3645302421,5.248892115925295e-05
48.8221445655,2.3645302421,2.262516059632108e-05
48.8270384561,2.3645302421,4.119051895738435e-06
48.8319323467,2.3645302421,3.290753103413218e-07
48.8368262373,2.3645302421,4.47452872557863e-08
48.8417201279,2.3645302421,8.504593617634453e-08
48.8466140185,2.3645302421,1.996596707754779e-07
48.8515079091,2.3645302421,4.489546838888528e-07
48.8564017997,2.3645302421,9.67765979076662e-07
48.8612956903,2.3645302421,2.2673304840004594e-06
48.8661895809,2.3645302421,1.6865837528568093e-05
48.8710834715,2.3645302421,0.0002468756679003218
48.8759773621,2.3645302421,0.0017968259566446933
48.8808712527,2.3645302421,0.00537487918708665
48.8857651433,2.3645302421,0.006512715560668475
48.8906590339,2.3645302421,0.003301357830939359
48.8955529245,2.3645302421,0.0014023552091347036
48.9004468151,2.3645302421,0.0017559596887120343
48.9053407057,2.3645302421,0.0012196929182393633
48.9102345963,2.3645302421,0.0004287450893311924
48.9151284869,2.3645302421,0.00029784346625464964
48.9200223775,2.3645302421,0.0003445424436909643
48.9249162681,2.3645302421,0.0003955724319825246
48.9298101587,2.3645302421,0.000434500067150384
48.9347040493,2.3645302421,0.0004563607484975999
48.9395979399,2.3645302421,0.0004583322216598137
48.9444918305,2.3645302421,0.00044015553312224027
48.9493857211,2.3645302421,0.0004041900428510808
48.9542796117,2.3645302421,0.00035491039915053695
48.9591735023,2.3645302421,0.0002979926196840511
48.9640673929,2.3645302421,0.00023924670259706202
48.9689612835,2.3645302421,0.0001836707852963006
48.9738551741,2.3645302421,0.0001348304158926587
48.9787490647,2.3645302421,9.464318230578656e-05
48.7389484253,2.3694241327,5.13653743181093e-11
48.7438423159,2.3694241327,6.970066516256868e-11
48.7487362065,2.3694241327,8.834791916659751e-11
48.7536300971,2.3694241327,1.0460409081195807e-10
48.7585239877,2.3694241327,1.1568950840307421e-10
48.7634178783,2.3694241327,1.1951773490370786e-10
48.7683117689,2.3694241327,1.1533586452371535e-10
48.7732056595,2.3694241327,1.0396642926975068e-10
48.7780995501,2.3694241327,8.754957819478785e-11
48.7829934407,2.3694241327,7.022463376490908e-11
48.7878873313,2.3694241327,2.540906725889178e-10
48.7927812219,2.3694241327,1.3004682156264952e-08
48.7976751125,2.3694241327,3.4894667988562396e-07
48.8025690031,2.3694241327,3.960537756561767e-06
48.8074628937,2.3694241327,1.8966743593907085e-05
48.8123567843,2.3694241327,3.832219524480981e-05
48.8172506749,2.3694241327,3.2668359793086735e-05
48.8221445655,2.3694241327,1.1750118054415713e-05
48.8270384561,2.3694241327,1.7849345520348294e-06
48.8319323467,2.3694241327,1.1981852879076683e-07
48.8368262373,2.3694241327,1.8179185838173128e-08
48.8417201279,2.3694241327,3.84360907511798e-08
48.8466140185,2.3694241327,9.340650225349171e-08
48.8515079091,2.3694241327,2.172570163719049e-07
48.8564017997,2.3694241327,4.8463643580777e-07
48.8612956903,2.3694241327,1.2099756838919401e-06
48.8661895809,2.3694241327,1.1278811906331935e-05
48.8710834715,2.3694241327,0.00019060006500166244
48.8759773621,2.3694241327,0.001533521159193058
48.8808712527,2.3694241327,0.005044077493795639
48.8857651433,2.3694241327,0.006709127083168239
48.8906590339,2.3694241327,0.0036971949294508
48.8955529245,2.3694241327,0.0014887851895099547
48.9004468151,2.3694241327,0.001693996704728834
48.9053407057,2.3694241327,0.0011713552177454298
48.9102345963,2.3694241327,0.00037242265064147784
48.9151284869,2.3694241327,0.0002271354121323057
48.9200223775,2.3694241327,0.00026770371232389333
48.9249162681,2.3694241327,0.00031785424754800614
48.9298101587,2.3694241327,0.000361138303986233
48.9347040493,2.3694241327,0.00039235036721776485
48.9395979399,2.3694241327,0.00040759443291073905
48.9444918305,2.3694241327,0.0004048891072414416
48.9493857211,2.3694241327,0.00038458966718563444
48.9542796117,2.3694241327,0.00034931143257700215
48.9591735023,2.3694241327,0.0003033763047611417
48.9640673929,2.3694241327,0.0002519440948947334
48.9689612835,2.3694241327,0.00020006926636300087
48.9738551741,2.3694241327,0.00015191835347454094
48.9787490647,2.3694241327,0.00011030463940198927
48.7389484253,2.3743180233,6.066063866759894e-12
48.7438423159,2.3743180233,7.438079055401615e-12
48.7487362065,2.3743180233,8.51937117715636e-12
48.7536300971,2.3743180233,9.114802068859213e-12
48.7585239877,2.3743180233,9.109194366563639e-12
48.7634178783,2.3743180233,8.50366509826545e-12
48.7683117689,2.3743180233,7.415293454980552e-12
48.7732056595,2.3743180233,6.040365486599595e-12
48.7780995501,2.3743180233,4.6067324235253865e-12
48.7829934407,2.3743180233,6.0821418475011565e-12
48.7878873313,2.3743180233,3.563390378673932e-10
48.7927812219,2.3743180233,1.8844742427439118e-08
48.7976751125,2.3743180233,4.2301909338910653e-07
48.8025690031,2.3743180233,4.006626168344361e-06
48.8074628937,2.3743180233,1.6010910440095057e-05
48.8123567843,2.3743180233,2.6994222363195202e-05
48.8172506749,2.3743180233,1.9201901283970404e-05
48.8221445655,2.3743180233,5.763041337248316e-06
48.8270384561,2.3743180233,7.304965467172932e-07
48.8319323467,2.3743180233,4.130446017479976e-08
48.8368262373,2.3743180233,7.269995746731278e-09
48.8417201279,2.3743180233,1.6825679376052663e-08
48.8466140185,2.3743180233,4.2312998060271505e-08
48.8515079091,2.3743180233,1.0180140706834421e-07
48.8564017997,2.3743180233,2.3500020794107834e-07
48.8612956903,2.3743180233,6.26486112103333e-07
48.8661895809,2.3743180233,7.244235404784589e-06
48.8710834715,2.3743180233,0.0001395713833915026
48.8759773621,2.3743180233,0.0012389840718384456
48.8808712527,2.3743180233,0.0044799524673918446
48.8857651433,2.3743180233,0.006543709653512716
48.8906590339,2.3743180233,0.00393737370609613
48.8955529245,2.3743180233,0.001568362494604552
48.9004468151,2.3743180233,0.001637790076088262
48.9053407057,2.3743180233,0.0011302580907827028
48.9102345963,2.3743180233,0.0003284534026897886
48.9151284869,2.3743180233,0.00016904730241610257
48.9200223775,2.3743180233,0.0002014299478460266
48.9249162681,2.3743180233,0.00024730843211622037
48.9298101587,2.3743180233,0.0002906470824922557
48.9347040493,2.3743180233,0.0003266243438947625
48.9395979399,2.3743180233,0.0003509819676931748
48.9444918305,2.3743180233,0.00036064069204423937
48.9493857211,2.3743180233,0.0003543384820512457
48.9542796117,2.3743180233,0.00033290136988037105
48.9591735023,2.3743180233,0.0002990656359754567
48.9640673929,2.3743180233,0.000256904146481413
48.9689612835,2.3743180233,0.00021102280116479515
48.9738551741,2.3743180233,0.00016574533840185788
48.9787490647,2.3743180233,0.0001244821071044318
48.7389484253,2.3792119139,5.16280269798491e-13
48.7438423159,2.3792119139,5.72040380393972e-13
48.7487362065,2.3792119139,5.920532790713916e-13
48.7536300971,2.3792119139,5.723845350706702e-13
48.7585239877,2.3792119139,5.169021291317612e-13
48.7634178783,2.3792119139,4.360379665338592e-13
48.7683117689,2.3792119139,3.4359838325731763e-13
48.7732056595,2.3792119139,2.5302283576714905e-13
48.7780995501,2.3792119139,1.965337528790345e-13
48.7829934407,2.3792119139,5.647364248947752e-12
48.7878873313,2.3792119139,5.823969297859914e-10
48.7927812219,2.3792119139,2.5855056788872314e-08
48.7976751125,2.3792119139,4.843330775884082e-07
48.8025690031,2.3792119139,3.827905072895751e-06
48.8074628937,2.3792119139,1.276425903012373e-05
48.8123567843,2.3792119139,1.795756713039261e-05
48.8172506749,2.3792119139,1.0659027947278317e-05
48.8221445655,2.3792119139,2.6694323091033634e-06
48.8270384561,2.3792119139,2.8234649092970306e-07
48.8319323467,2.3792119139,1.349321299871559e-08
48.8368262373,2.3792119139,2.856672243568591e-09
48.8417201279,2.3792119139,7.1333729488951736e-09
48.8466140185,2.3792119139,1.856006378747035e-08
48.8515079091,2.3792119139,4.618939418031169e-08
48.8564017997,2.3792119139,1.1033595972341124e-07
48.8612956903,2.3792119139,3.1434229747388377e-07
48.8661895809,2.3792119139,4.450560788042406e-06
48.8710834715,2.3792119139,9.684458897640821e-05
48.8759773621,2.3792119139,0.0009473014435369365
48.8808712527,2.3792119139,0.0037647265569148553
48.8857651433,2.3792119139,0.006040090293906795
48.8906590339,2.3792119139,0.003978718510629913
48.8955529245,2.3792119139,0.0016204045235557682
48.9004468151,2.3792119139,0.0015837942175851339
48.9053407057,2.3792119139,0.0010944119616628958
48.9102345963,2.3792119139,0.00029545877597923255
48.9151284869,2.3792119139,0.00012333580132408266
48.9200223775,2.3792119139,0.0001467853467069683
48.9249162681,2.3792119139,0.00018631973312271694
48.9298101587,2.3792119139,0.000226499417405973
48.9347040493,2.3792119139,0.0002632884116613884
48.9395979399,2.3792119139,0.00029265104045048926
48.9444918305,2.3792119139,0.00031104417290863236
48.9493857211,2.3792119139,0.00031611691587599377
48.9542796117,2.3792119139,0.0003072041455525456
48.9591735023,2.3792119139,0.0002854697383778611
48.9640673929,2.3792119139,0.00025365694136653973
48.9689612835,2.3792119139,0.0002155197601113435
48.9738551741,2.3792119139,0.00017509796869489427
48.9787490647,2.3792119139,0.00013602814950498018
48.7389484253,2.3841058045,3.166694059482358e-14
48.7438423159,2.3841058045,3.170550075644134e-14
48.7487362065,2.3841058045,2.965214433013902e-14
48.7536300971,2.3841058045,2.5904239249522342e-14
48.7585239877,2.3841058045,2.113882490524785e-14
48.7634178783,2.3841058045,1.6113930558620017e-14
48.7683117689,2.3841058045,1.1477738370818175e-14
48.7732056595,2.3841058045,7.756197995399169e-15
48.7780995501,2.3841058045,5.4345024794214055e-14
48.7829934407,2.3841058045,1.0301210085273859e-11
48.7878873313,2.3841058045,9.042962592630441e-10
48.7927812219,2.3841058045,3.350337000459636e-08
48.7976751125,2.3841058045,5.237033447243689e-07
48.8025690031,2.3841058045,3.4538194359192617e-06
48.8074628937,2.3841058045,9.610174092254267e-06
48.8123567843,2.3841058045,1.128184858921064e-05
48.8172506749,2.3841058045,5.587881962460914e-06
48.8221445655,2.3841058045,1.1677321036394154e-06
48.8270384561,2.3841058045,1.0306580136900049e-07
48.8319323467,2.3841058045,4.182836472255873e-09
48.8368262373,2.3841058045,1.1002278920077964e-09
48.8417201279,2.3841058045,2.928681827295996e-09
48.8466140185,2.3841058045,7.883043981070227e-09
48.8515079091,2.3841058045,2.029267158346816e-08
48.8564017997,2.3841058045,5.015940180223897e-08
48.8612956903,2.3841058045,1.5263467195261e-07
48.8661895809,2.3841058045,2.607433483431119e-06
48.8710834715,2.3841058045,6.363433030990403e-05
48.8759773621,2.3841058045,0.0006852828481558482
48.8808712527,2.3841058045,0.0029929461241689757
48.8857651433,2.3841058045,0.005274966083721464
48.8906590339,2.3841058045,0.003810407917307922
48.8955529245,2.3841058045,0.0016275975566588117
48.9004468151,2.3841058045,0.0015282099834456246
48.9053407057,2.3841058045,0.0010616887708215983
48.9102345963,2.3841058045,0.0002715172240103894
48.9151284869,2.3841058045,8.882203069735709e-05
48.9200223775,2.3841058045,0.00010360571261369606
48.9249162681,2.3841058045,0.00013592145537552483
48.9298101587,2.3841058045,0.00017091371673765587
48.9347040493,2.3841058045,0.00020550559299089958
48.9395979399,2.3841058045,0.00023627841443686322
48.9444918305,2.3841058045,0.0002597634950155709
48.9493857211,2.3841058045,0.0002730774629116312
48.9542796117,2.3841058045,0.00027450310984536257
48.9591735023,2.3841058045,0.00026385318919551373
48.9640673929,2.3841058045,0.0002425108065858541
48.9689612835,2.3841058045,0.00021313438176719503
48.9738551741,2.3841058045,0.00017911402788751128
48.9787490647,2.3841058045,0.00014393266158779677
48.7389484253,2.3889996951,1.3998087961045159e-15
48.7438423159,2.3889996951,1.2664399529781625e-15
48.7487362065,2.3889996951,1.0702708162778105e-15
48.7536300971,2.3889996951,8.44885502640622e-16
48.7585239877,2.3889996951,6.230362721528949e-16
48.7634178783,2.3889996951,4.293205937981785e-16
48.7683117689,2.3889996951,2.7750496173359394e-16
48.7732056595,2.3889996951,4.253600984104643e-16
48.7780995501,2.3889996951,1.0433597701648074e-13
48.7829934407,2.3889996951,1.8099109479973974e-11
48.7878873313,2.3889996951,1.326208809380843e-09
48.7927812219,2.3889996951,4.100044049377305e-08
48.7976751125,2.3889996951,5.347892311534401e-07
48.8025690031,2.3889996951,2.9430261661208367e-06
48.8074628937,2.3889996951,6.833180930580571e-06
48.8123567843,2.3889996951,6.6937436221258174e-06
48.8172506749,2.3889996951,2.7665147689846562e-06
48.8221445655,2.3889996951,4.824189034526362e-07
48.8270384561,2.3889996951,3.553164597251988e-08
48.8319323467,2.3889996951,1.2328841768633386e-09
48.8368262373,2.3889996951,4.1422874610962993e-10
48.8417201279,2.3889996951,1.1643515141795198e-09
48.8466140185,2.3889996951,3.242031205728814e-09
48.8515079091,2.3889996951,8.63266009230789e-09
48.8564017997,2.3889996951,2.2078238029334383e-08
48.8612956903,2.3889996951,7.161932324809458e-08
48.8661895809,2.3889996951,1.453563663226078e-06
48.8710834715,2.3889996951,3.9579692499858436e-05
48.8759773621,2.3889996951,0.0004689834359259255
48.8808712527,2.3889996951,0.0022507809890040314
48.8857651433,2.3889996951,0.004358084386307806
48.8906590339,2.3889996951,0.003456432341408339
48.8955529245,2.3889996951,0.0015799781668622863
48.9004468151,2.3889996951,0.0014676129809161951
48.9053407057,2.3889996951,0.0010301108058110642
48.9102345963,2.3889996951,0.00025453615717981943
48.9151284869,2.3889996951,6.379054913890092e-05
48.9200223775,2.3889996951,7.084683359045708e-05
48.9249162681,2.3889996951,9.601227863514301e-05
48.9298101587,2.3889996951,0.0001248807378877752
48.9347040493,2.3889996951,0.00015531888163687363
48.9395979399,2.3889996951,0.00018471694210895695
48.9444918305,2.3889996951,0.0002100597650596369
48.9493857211,2.3889996951,0.00022841924391660292
48.9542796117,2.3889996951,0.0002375068682826691
48.9591735023,2.3889996951,0.00023614204829142262
48.9640673929,2.3889996951,0.00022450403350256302
48.9689612835,2.3889996951,0.0002040932490367725
48.9738551741,2.3889996951,0.00017741355570941183
48.9787490647,2.3889996951,0.0001474682851379781
48.7389484253,2.3938935857,4.4593686846739184e-17
48.7438423159,2.3938935857,3.6456655732880547e-17
48.7487362065,2.3938935857,2.7840389349070035e-17
48.7536300971,2.3938935857,1.986033756913965e-17
48.7585239877,2.3938935857,1.3239895362026534e-17
48.7634178783,2.3938935857,8.281685529189206e-18
48.7683117689,2.3938935857,5.796431403328425e-18
48.7732056595,2.3938935857,6.075705702935568e-16
48.7780995501,2.3938935857,2.0729761662112965e-13
48.7829934407,2.3938935857,3.004101091904238e-11
48.7878873313,2.3938935857,1.8368372342133308e-09
48.7927812219,2.3938935857,4.738541051835245e-08
48.7976751125,2.3938935857,5.157461234465141e-07
48.8025690031,2.3938935857,2.3683431042806973e-06
48.8074628937,2.3938935857,4.588498430345179e-06
48.8123567843,2.3938935857,3.7507135461228348e-06
48.8172506749,2.3938935857,1.2935250624384025e-06
48.8221445655,2.3938935857,1.8821835701279705e-07
48.8270384561,2.3938935857,1.1568743690104927e-08
48.8319323467,2.3938935857,3.4650418903397236e-10
48.8368262373,2.3938935857,1.5207381226707183e-10
48.8417201279,2.3938935857,4.4824855822263937e-10
48.8466140185,2.3938935857,1.2910681281243197e-09
48.8515079091,2.3938935857,3.5559734077546507e-09
48.8564017997,2.3938935857,9.409036346028437e-09
48.8612956903,2.3938935857,3.242761594758377e-08
48.8661895809,2.3938935857,7.698285620348885e-07
48.8710834715,2.3938935857,2.329733364977649e-05
48.8759773621,2.3938935857,0.00030361147519646954
48.8808712527,2.3938935857,0.0016010868262285767
48.8857651433,2.3938935857,0.003405968445601754
48.8906590339,2.3938935857,0.0029689186666342795
48.8955529245,2.3938935857,0.0014772382537215666
48.9004468151,2.3938935857,0.0013995612460542142
48.9053407057,2.3938935857,0.0009980385867166329
48.9102345963,2.3938935857,0.0002425268515743195
48.9151284869,2.3938935857,4.633767985830926e-05
48.9200223775,2.3938935857,4.6952608296048054e-05
48.9249162681,2.3938935857,6.567132619720881e-05
48.9298101587,2.3938935857,8.835328532170729e-05
48.9347040493,2.3938935857,0.00011366678353531784
48.9395979399,2.3938935857,0.00013982927965646325
48.9444918305,2.3938935857,0.00016448122779479262
48.9493857211,2.3938935857,0.00018500702830403164
48.9542796117,2.3938935857,0.00019898199678338336
48.9591735023,2.3938935857,0.00020464117057825606
48.9640673929,2.3938935857,0.00020124537457586925
48.9689612835,2.3938935857,0.00018923979659245512
48.9738551741,2.3938935857,0.00017015813116241156
48.9787490647,2.3938935857,0.00014630076966621022
48.7389484253,2.3987874763,1.0238121146178985e-18
48.7438423159,2.3987874763,7.56333185858705e-19
48.7487362065,2.3987874763,5.21941182436311e-19
48.7536300971,2.3987874763,3.3664205875320843e-19
48.7585239877,2.3987874763,2.0409382839628128e-19
48.7634178783,2.3987874763,1.2498516981223216e-19
48.7683117689,2.3987874763,2.119501321777461e-18
48.7732056595,2.3987874763,1.3589297364182254e-15
48.7780995501,2.3987874763,3.894012669451763e-13
48.7829934407,2.3987874763,4.7090339443239003e-11
48.7878873313,2.3987874763,2.4026228597545172e-09
48.7927812219,2.3987874763,5.1719793794050374e-08
48.7976751125,2.3987874763,4.6972674444930466e-07
48.8025690031,2.3987874763,1.7999113250588286e-06
48.8074628937,2.3987874763,2.9098744429032235e-06
48.8123567843,2.3987874763,1.984790729426662e-06
48.8172506749,2.3987874763,5.711796835422488e-07
48.8221445655,2.3987874763,6.935153071847279e-08
48.8270384561,2.3987874763,3.5573776622004285e-09
48.8319323467,2.3987874763,9.323801726166828e-11
48.8368262373,2.3987874763,5.432788901032924e-11
48.8417201279,2.3987874763,1.6709748489193398e-10
48.8466140185,2.3987874763,4.978400656463146e-10
48.8515079091,2.3987874763,1.4183415673102564e-09
48.8564017997,2.3987874763,3.8822977137916885e-09
48.8612956903,2.3987874763,1.4149677385359865e-08
48.8661895809,2.3987874763,3.869075724030045e-07
48.8710834715,2.3987874763,1.297535430316179e-05
48.8759773621,2.3987874763,0.00018592216549288343
48.8808712527,2.3987874763,0.0010772857982891217
48.8857651433,2.3987874763,0.002517906265271251
48.8906590339,2.3987874763,0.0024147476443611604
48.8955529245,2.3987874763,0.0013285514488664179
48.9004468151,2.3987874763,0.0013230362260928928
48.9053407057,2.3987874763,0.0009642687813517949
48.9102345963,2.3987874763,0.0002337730770809838
48.9151284869,2.3987874763,3.463092238091271e-05
48.9200223775,2.3987874763,3.017900222277013e-05
48.9249162681,2.3987874763,4.3494689253770345e-05
48.9298101587,2.3987874763,6.0528325594346014e-05
48.9347040493,2.3987874763,8.054741256846108e-05
48.9395979399,2.3987874763,0.00010249394689673995
48.9444918305,2.3987874763,0.00012470920486942291
48.9493857211,2.3987874763,0.00014509500848122948
48.9542796117,2.3987874763,0.00016142102603917206
48.9591735023,2.3987874763,0.00017172020727950163
48.9640673929,2.3987874763,0.00017467726118149522
48.9689612835,2.3987874763,0.00016990455143159878
48.9738551741,2.3987874763,0.00015802555394028604
48.9787490647,2.3987874763,0.00014054108403168818
48.7389484253,2.4036813669,1.6939922130469624e-20
48.7438423159,2.4036813669,1.1308853333744732e-20
48.7487362065,2.4036813669,7.057393025003568e-21
48.7536300971,2.4036813669,4.152313476600538e-21
48.7585239877,2.4036813669,2.5485659188850067e-21
48.7634178783,2.4036813669,6.99202006047818e-21
48.7683117689,2.4036813669,5.1087047082691495e-18
48.7732056595,2.4036813669,2.8884657527681316e-15
48.7780995501,2.4036813669,6.908313995769889e-13
48.7829934407,2.4036813669,6.971167641859714e-11
48.7878873313,2.4036813669,2.9679498441678765e-09
48.7927812219,2.4036813669,5.3311992897992274e-08
48.7976751125,2.4036813669,4.0402719268325016e-07
48.8025690031,2.4036813669,1.2918544682447558e-06
48.8074628937,2.4036813669,1.7427452412811308e-06
48.8123567843,2.4036813669,9.919083489390207e-07
48.8172506749,2.4036813669,2.381917321778495e-07
48.8221445655,2.4036813669,2.4132728909704387e-08
48.8270384561,2.4036813669,1.0331205122648024e-09
48.8319323467,2.4036813669,2.4155828833777645e-11
48.8368262373,2.4036813669,1.8855910881822898e-11
48.8417201279,2.4036813669,6.031613594237275e-11
48.8466140185,2.4036813669,1.8588281514558062e-10
48.8515079091,2.4036813669,5.477869100801623e-10
48.8564017997,2.4036813669,1.5509321635083013e-09
48.8612956903,2.4036813669,5.943714031597509e-09
48.8661895809,2.4036813669,1.8438685824312644e-07
48.8710834715,2.4036813669,6.836949317871652e-06
48.8759773621,2.4036813669,0.00010769194460327221
48.8808712527,2.4036813669,0.0006856044481298021
48.8857651433,2.4036813669,0.0017607105507310714
48.8906590339,2.4036813669,0.0018600831563652766
48.8955529245,2.4036813669,0.0011499901730642368
48.9004468151,2.4036813669,0.0012385868858652632
48.9053407057,2.4036813669,0.0009280599042444637
48.9102345963,2.4036813669,0.000226906066680258
48.9151284869,2.4036813669,2.7069526803792142e-05
48.9200223775,2.4036813669,1.8837217149195255e-05
48.9249162681,2.4036813669,2.7893969598344592e-05
48.9298101587,2.4036813669,4.0151643841983006e-05
48.9347040493,2.4036813669,5.5268582310329005e-05
48.9395979399,2.4036813669,7.274564886161797e-05
48.9444918305,2.4036813669,9.155654349749541e-05
48.9493857211,2.4036813669,0.00011018574804369597
48.9542796117,2.4036813669,0.00012679879593106326
48.9591735023,2.4036813669,0.00013952707951459803
48.9640673929,2.4036813669,0.00014680996924179844
48.9689612835,2.4036813669,0.00014770876284463244
48.9738551741,2.4036813669,0.00014210542012770285
48.9787490647,2.4036813669,0.0001307280233259433
48.7389484253,2.4085752575,2.0201257848886568e-22
48.7438423159,2.4085752575,1.2199217473559415e-22
48.7487362065,2.4085752575,6.980903153425426e-23
48.7536300971,2.4085752575,4.475919212680917e-23
48.7585239877,2.4085752575,8.343546103613249e-23
48.7634178783,2.4085752575,1.1363173434654342e-20
48.7683117689,2.4085752575,1.2262859684673964e-17
48.7732056595,2.4085752575,5.799520432906801e-15
48.7780995501,2.4085752575,1.1574558238705826e-12
48.7829934407,2.4085752575,9.746199350598717e-11
48.7878873313,2.4085752575,3.4624499685406113e-09
48.7927812219,2.4085752575,5.1897811238525817e-08
48.7976751125,2.4085752575,3.2819495049472943e-07
48.8025690031,2.4085752575,8.756530501688226e-07
48.8074628937,2.4085752575,9.857108848456127e-07
48.8123567843,2.4085752575,4.6814928330418384e-07
48.8172506749,2.4085752575,9.380729828416264e-08
48.8221445655,2.4085752575,7.930728072268526e-09
48.8270384561,2.4085752575,2.833712210716643e-10
48.8319323467,2.4085752575,6.070714642876452e-12
48.8368262373,2.4085752575,6.350693745968469e-12
48.8417201279,2.4085752575,2.1081803699892228e-11
48.8466140185,2.4085752575,6.720434391996952e-11
48.8515079091,2.4085752575,2.048570927542063e-10
48.8564017997,2.4085752575,5.998707817988477e-10
48.8612956903,2.4085752575,2.401616742809659e-09
48.8661895809,2.4085752575,8.327622186262175e-08
48.8710834715,2.4085752575,3.4080233395726352e-06
48.8759773621,2.4085752575,5.900186497737716e-05
48.8808712527,2.4085752575,0.0004127037046256165
48.8857651433,2.4085752575,0.0011646370053242504
48.8906590339,2.4085752575,0.0013576183187933666
48.8955529245,2.4085752575,0.0009604514293740389
48.9004468151,2.4085752575,0.001148126659118194
48.9053407057,2.4085752575,0.000889103645305416
48.9102345963,2.4085752575,0.0002209099470934904
48.9151284869,2.4085752575,2.2357194202848426e-05
48.9200223775,2.4085752575,1.1445782982050813e-05
48.9249162681,2.4085752575,1.7322168683280473e-05
48.9298101587,2.4085752575,2.579031927063844e-05
48.9347040493,2.4085752575,3.67209376814162e-05
48.9395979399,2.4085752575,4.999476527109174e-05
48.9444918305,2.4085752575,6.508620865451633e-05
48.9493857211,2.4085752575,8.102276946669354e-05
48.9542796117,2.4085752575,9.644481022961311e-05
48.9591735023,2.4085752575,0.00010977521874541611
48.9640673929,2.4085752575,0.00011947675779143472
48.9689612835,2.4085752575,0.00012434153247341915
48.9738551741,2.4085752575,0.00012373788022080365
48.9787490647,2.4085752575,0.00011774508761186051
48.7389484253,2.4134691481,1.7388674629717947e-24
48.7438423159,2.4134691481,9.716403405896002e-25
48.7487362065,2.4134691481,6.874680192697288e-25
48.7536300971,2.4134691481,1.8200393067540563e-24
48.7585239877,2.4134691481,2.5257350815582348e-23
48.7634178783,2.4134691481,2.9861995677234997e-20
48.7683117689,2.4134691481,2.786105060969873e-17
48.7732056595,2.4134691481,1.0997206060972614e-14
48.7780995501,2.4134691481,1.831441218667837e-12
48.7829934407,2.4134691481,1.2868296386541696e-10
48.7878873313,2.4134691481,3.814753214121723e-09
48.7927812219,2.4134691481,4.7712168713371404e-08
48.7976751125,2.4134691481,2.517730172174976e-07
48.8025690031,2.4134691481,5.605398959706689e-07
48.8074628937,2.4134691481,5.265276590589531e-07
48.8123567843,2.4134691481,2.0866671180774664e-07
48.8172506749,2.4134691481,3.489012936017274e-08
48.8221445655,2.4134691481,2.4613642079734292e-09
48.8270384561,2.4134691481,7.340977631219751e-11
48.8319323467,2.4134691481,1.493656507187725e-12
48.8368262373,2.4134691481,2.0739265723478302e-12
48.8417201279,2.4134691481,7.134962226844945e-12
48.8466140185,2.4134691481,2.3526870288458182e-11
48.8515079091,2.4134691481,7.418206987019578e-11
48.8564017997,2.4134691481,2.246402047577544e-10
48.8612956903,2.4134691481,9.329923302796747e-10
48.8661895809,2.4134691481,3.562984450999199e-08
48.8710834715,2.4134691481,1.6070054267924377e-06
48.8759773621,2.4134691481,3.057546574973092e-05
48.8808712527,2.4134691481,0.0002349755585830467
48.8857651433,2.4134691481,0.0007287243651800518
48.8906590339,2.4134691481,0.0009396652523811238
48.8955529245,2.4134691481,0.000777450601518183
48.9004468151,2.4134691481,0.0010544449024444333
48.9053407057,2.4134691481,0.0008474578801533939
48.9102345963,2.4134691481,0.000215084135849358
48.9151284869,2.4134691481,1.9509155487474545e-05
48.9200223775,2.4134691481,6.800927364823955e-06
48.9249162681,2.4134691481,1.0416461933083735e-05
48.9298101587,2.4134691481,1.6040534437064833e-05
48.9347040493,2.4134691481,2.362424335388447e-05
48.9395979399,2.4134691481,3.326984309383259e-05
48.9444918305,2.4134691481,4.480198610264068e-05
48.9493857211,2.4134691481,5.7689589756519725e-05
48.9542796117,2.4134691481,7.103155193871593e-05
48.9591735023,2.4134691481,8.362937009859211e-05
48.9640673929,2.4134691481,9.414993339486792e-05
48.9689612835,2.4134691481,0.00010135259619924725
48.9738551741,2.4134691481,0.00010432860679842922
48.9787490647,2.4134691481,0.00010268939782837372
48.7389484253,2.4183630387,1.1236666449174178e-26
48.7438423159,2.4183630387,9.54170507452902e-27
48.7487362065,2.4183630387,3.7904713591265993e-26
48.7536300971,2.4183630387,2.9373367672410752e-25
48.7585239877,2.4183630387,4.355478829869784e-23
48.7634178783,2.4183630387,7.660467379379148e-20
48.7683117689,2.4183630387,5.979155036856175e-17
48.7732056595,2.4183630387,1.9693805554881263e-14
48.7780995501,2.4183630387,2.7367653523673857e-12
48.7829934407,2.4183630387,1.6045853114300383e-10
48.7878873313,2.4183630387,3.969221903580856e-09
48.7927812219,2.4183630387,4.142526195668508e-08
48.7976751125,2.4183630387,1.8240740486528665e-07
48.8025690031,2.4183630387,3.388730121089905e-07
48.8074628937,2.4183630387,2.656126889705741e-07
48.8123567843,2.4183630387,8.783709693045157e-08
48.8172506749,2.4183630387,1.2255316512000595e-08
48.8221445655,2.4183630387,7.214311219458976e-10
48.8270384561,2.4183630387,1.7962210957357526e-11
48.8319323467,2.4183630387,3.634703412699376e-13
48.8368262373,2.4183630387,6.563454580102066e-13
48.8417201279,2.4183630387,2.3382166648260373e-12
48.8466140185,2.4183630387,7.975165019927959e-12
48.8515079091,2.4183630387,2.6010909046720774e-11
48.8564017997,2.4183630387,8.144958728412795e-11
48.8612956903,2.4183630387,3.4843734167567274e-10
48.8661895809,2.4183630387,1.4437703963290173e-08
48.8710834715,2.4183630387,7.167890240463008e-07
48.8759773621,2.4183630387,1.4986544085561717e-05
48.8808712527,2.4183630387,0.00012653942135049863
48.8857651433,2.4183630387,0.0004313595045593598
48.8906590339,2.4183630387,0.0006176758640100685
48.8955529245,2.4183630387,0.0006140117613889384
48.9004468151,2.4183630387,0.0009605863950947578
48.9053407057,2.4183630387,0.0008034565655717109
48.9102345963,2.4183630387,0.00020898552614282776
48.9151284869,2.4183630387,1.7818562420722866e-05
48.9200223775,2.4183630387,3.985408900469344e-06
48.9249162681,2.4183630387,6.065693920855196e-06
48.9298101587,2.4183630387,9.660279575046601e-06
48.9347040493,2.4183630387,1.4716710952256896e-05
48.9395979399,2.4183630387,2.1438069717452562e-05
48.9444918305,2.4183630387,2.986168205673911e-05
48.9493857211,2.4183630387,3.9773748624979445e-05
48.9542796117,2.4183630387,5.065618174791415e-05
48.9591735023,2.4183630387,6.169103370618841e-05
48.9640673929,2.4183630387,7.183983277749842e-05
48.9689612835,2.4183630387,7.999489033299253e-05
48.9738551741,2.4183630387,8.517513905128971e-05
48.9787490647,2.4183630387,8.671957172994238e-05
48.7389484253,2.4232569293,1.2384060327493177e-28
48.7438423159,2.4232569293,7.067045212119215e-28
48.7487362065,2.4232569293,5.933407550337147e-27
48.7536300971,2.4232569293,8.183489963918894e-26
48.7585239877,2.4232569293,1.2086818168959456e-22
48.7634178783,2.4232569293,1.8602939701217442e-19
48.7683117689,2.4232569293,1.2118400866307206e-16
48.7732056595,2.4232569293,3.330680932967863e-14
48.7780995501,2.4232569293,3.862230028811667e-12
48.7829934407,2.4232569293,1.889559449334428e-10
48.7878873313,2.4232569293,3.900320552471943e-09
48.7927812219,2.4232569293,3.396701318793674e-08
48.7976751125,2.4232569293,1.2480492835004628e-07
48.8025690031,2.4232569293,1.9347436405721787e-07
48.8074628937,2.4232569293,1.265413424630976e-07
48.8123567843,2.4232569293,3.491875621398609e-08
48.8172506749,2.4232569293,4.065392503310317e-09
48.8221445655,2.4232569293,1.9969630283705742e-10
48.8270384561,2.4232569293,4.1514025613010725e-12
48.8319323467,2.4232569293,8.830196189537656e-14
48.8368262373,2.4232569293,2.0122929627088496e-13
48.8417201279,2.4232569293,7.419706761161365e-13
48.8466140185,2.4232569293,2.6177243074159827e-12
48.8515079091,2.4232569293,8.831222109850944e-12
48.8564017997,2.4232569293,2.8593725817477002e-11
48.8612956903,2.4232569293,1.251236390276948e-10
48.8661895809,2.4232569293,5.539959797898728e-09
48.8710834715,2.4232569293,3.024224995812879e-07
48.8759773621,2.4232569293,6.9478189678613636e-06
48.8808712527,2.4232569293,6.445386561703259e-05
48.8857651433,2.4232569293,0.00024159256008186804
48.8906590339,2.4232569293,0.00038659841260517885
48.8955529245,2.4232569293,0.0004773072504999465
48.9004468151,2.4232569293,0.0008692820151184463
48.9053407057,2.4232569293,0.0007576118167204284
48.9102345963,2.4232569293,0.00020236683976032404
48.9151284869,2.4232569293,1.6803915529263747e-05
48.9200223775,2.4232569293,2.338810495578352e-06
48.9249162681,2.4232569293,3.420708991473511e-06
48.9298101587,2.4232569293,5.633383798464168e-06
48.9347040493,2.4232569293,8.877124683440828e-06
48.9395979399,2.4232569293,1.3376094011530411e-05
48.9444918305,2.4232569293,1.9272585212072396e-05
48.9493857211,2.4232569293,2.6552432036776505e-05
48.9542796117,2.4232569293,3.4980201473829306e-05
48.9591735023,2.4232569293,4.4065020495094336e-05
48.9640673929,2.4232569293,5.307858243117886e-05
48.9689612835,2.4232569293,6.113618353548246e-05
48.9738551741,2.4232569293,6.733347088019009e-05
48.9787490647,2.4232569293,7.09116105037996e-05
48.7389484253,2.4281508199,1.1614450002664985e-29
48.7438423159,2.4281508199,1.07160863073826e-28
48.7487362065,2.4281508199,9.720409376805139e-28
48.7536300971,2.4281508199,1.1663434213016482e-25
48.7585239877,2.4281508199,3.312661673106657e-22
48.7634178783,2.4281508199,4.2671738699116175e-19
48.7683117689,2.4281508199,2.3195698873388937e-16
48.7732056595,2.4281508199,5.3197646502123274e-14
48.7780995501,2.4281508199,5.147480384811591e-12
48.7829934407,2.4281508199,2.101426955419242e-10
48.7878873313,2.4281508199,3.619521946200616e-09
48.7927812219,2.4281508199,2.6303009801774855e-08
48.7976751125,2.4281508199,8.064491647770448e-08
48.8025690031,2.4281508199,1.0431958800528916e-07
48.8074628937,2.4281508199,5.693404589334053e-08
48.8123567843,2.4281508199,1.3109784392370917e-08
48.8172506749,2.4281508199,1.273609903121211e-09
48.8221445655,2.4281508199,5.220370592885902e-11
48.8270384561,2.4281508199,9.063407022641678e-13
48.8319323467,2.4281508199,2.1553105893028422e-14
48.8368262373,2.4281508199,5.975567914925383e-14
48.8417201279,2.4281508199,2.279804116425288e-13
48.8466140185,2.4281508199,8.319875757871842e-13
48.8515079091,2.4281508199,2.9033194577403093e-12
48.8564017997,2.4281508199,9.719480514799444e-12
48.8612956903,2.4281508199,4.3228043008644745e-11
48.8661895809,2.4281508199,2.012836789765036e-09
48.8710834715,2.4281508199,1.206920287393552e-07
48.8759773621,2.4281508199,3.0465792100257303e-06
48.8808712527,2.4281508199,3.10524692132607e-05
48.8857651433,2.4281508199,0.0001280624208875833
48.8906590339,2.4281508199,0.00023143674247032693
48.8955529245,2.4281508199,0.0003689950450144067
48.9004468151,2.4281508199,0.0007825719257951718
48.9053407057,2.4281508199,0.00071052272444259
48.9102345963,2.4281508199,0.00019512090258738465
48.9151284869,2.4281508199,1.6153219287397563e-05
48.9200223775,2.4281508199,1.4095345444972168e-06
48.9249162681,2.4281508199,1.8685122908129863e-06
48.9298101587,2.4281508199,3.180957357711458e-06
48.9347040493,2.4281508199,5.184926291129175e-06
48.9395979399,2.4281508199,8.081307889973704e-06
48.9444918305,2.4281508199,1.2044101012297316e-05
48.9493857211,2.4281508199,1.7164090449124058e-05
48.9542796117,2.4281508199,2.3389496285015866e-05
48.9591735023,2.4281508199,3.0477168262124702e-05
48.9640673929,2.4281508199,3.7973622248132195e-05
48.9689612835,2.4281508199,4.5242136756573396e-05
48.9738551741,2.4281508199,5.154159568466095e-05
48.9787490647,2.4281508199,5.614696436661589e-05
48.7389484253,2.4330447105,1.6767852978151117e-30
48.7438423159,2.4330447105,1.620940906538684e-29
48.7487362065,2.4330447105,2.056604601636732e-28
48.7536300971,2.4330447105,3.3875351935147413e-25
48.7585239877,2.4330447105,8.598426576778827e-22
48.7634178783,2.4330447105,9.24402012392403e-19
48.7683117689,2.4330447105,4.1930077185214274e-16
48.7732056595,2.4330447105,8.024311872481952e-14
48.7780995501,2.4330447105,6.478989186707745e-12
48.7829934407,2.4330447105,2.207110250356239e-10
48.7878873313,2.4330447105,3.1721821532321656e-09
48.7927812219,2.4330447105,1.9235767724206787e-08
48.7976751125,2.4330447105,4.9212819588779335e-08
48.8025690031,2.4330447105,5.3120761128615696e-08
48.8074628937,2.4330447105,2.4191770129972824e-08
48.8123567843,2.4330447105,4.648237639943209e-09
48.8172506749,2.4330447105,3.768134243982521e-10
48.8221445655,2.4330447105,1.2888097634599017e-11
48.8270384561,2.4330447105,1.869387704430696e-13
48.8319323467,2.4330447105,5.293997435556027e-15
48.8368262373,2.4330447105,1.7184733685063448e-14
48.8417201279,2.4330447105,6.782925922996898e-14
48.8466140185,2.4330447105,2.5604628778832236e-13
48.8515079091,2.4330447105,9.242248013685342e-13
48.8564017997,2.4330447105,3.1990126691072417e-12
48.8612956903,2.4330447105,1.4380780815807844e-11
48.8661895809,2.4330447105,6.924780988413317e-10
48.8710834715,2.4330447105,4.5559646836786256e-08
48.8759773621,2.4330447105,1.2635503331259991e-06
48.8808712527,2.4330447105,1.4150672875494332e-05
48.8857651433,2.4330447105,6.428418897775826e-05
48.8906590339,2.4330447105,0.0001335671988760422
48.8955529245,2.4330447105,0.00028668395015307566
48.9004468151,2.4330447105,0.0007016757262522992
48.9053407057,2.4330447105,0.0006628023124795147
48.9102345963,2.4330447105,0.00018723524837475347
48.9151284869,2.4330447105,1.5674168472865954e-05
48.9200223775,2.4330447105,9.032518508818918e-07
48.9249162681,2.4330447105,9.88931750524793e-07
48.9298101587,2.4330447105,1.73922344578112e-06
48.9347040493,2.4330447105,2.9323888620103517e-06
48.9395979399,2.4330447105,4.727621525277092e-06
48.9444918305,2.4330447105,7.288153503300056e-06
48.9493857211,2.4330447105,1.074350500001956e-05
48.9542796117,2.4330447105,1.5143565442006301e-05
48.9591735023,2.4330447105,2.0410984661042955e-05
48.9640673929,2.4330447105,2.630591686544706e-05
48.9689612835,2.4330447105,3.241877494474045e-05
48.9738551741,2.4330447105,3.820264431654509e-05
48.9787490647,2.4330447105,4.3047102042723124e-05
48.7389484253,2.4379386011,2.374606395748493e-31
48.7438423159,2.4379386011,2.390825495430767e-30
48.7487362065,2.4379386011,2.194248669435568e-28
48.7536300971,2.4379386011,9.916461464209118e-25
48.7585239877,2.4379386011,2.1081114042849563e-21
48.7634178783,2.4379386011,1.8912017708527356e-18
48.7683117689,2.4379386011,7.158134559214972e-16
48.7732056595,2.4379386011,1.1430866972077055e-13
48.7780995501,2.4379386011,7.701508523249094e-12
48.7829934407,2.4379386011,2.1892217147408861e-10
48.7878873313,2.4379386011,2.62555434019965e-09
48.7927812219,2.4379386011,1.3285245743646407e-08
48.7976751125,2.4379386011,2.836191102698871e-08
48.8025690031,2.4379386011,2.554575281024232e-08
48.8074628937,2.4379386011,9.70776462292278e-09
48.8123567843,2.4379386011,1.5564568592161848e-09
48.8172506749,2.4379386011,1.0528640547486521e-10
48.8221445655,2.4379386011,3.0049171435250205e-12
48.8270384561,2.4379386011,3.6433073349176706e-14
48.8319323467,2.4379386011,1.304386207924568e-15
48.8368262373,2.4379386011,4.785763774883987e-15
48.8417201279,2.4379386011,1.9540934982973012e-14
48.8466140185,2.4379386011,7.630075477836108e-14
48.8515079091,2.4379386011,2.8488475867723823e-13
48.8564017997,2.4379386011,1.0195273873020172e-12
48.8612956903,2.4379386011,4.611948443129257e-12
48.8661895809,2.4379386011,2.2559746435029267e-10
48.8710834715,2.4379386011,1.626735383326616e-08
48.8759773621,2.4379386011,4.956653781222621e-07
48.8808712527,2.4379386011,6.099774700256666e-06
48.8857651433,2.4379386011,3.059452445071155e-05
48.8906590339,2.4379386011,7.531745953923244e-05
48.8955529245,2.4379386011,0.00022578225706524206
48.9004468151,2.4379386011,0.0006270754899330339
48.9053407057,2.4379386011,0.0006150284646005211
48.9102345963,2.4379386011,0.0001787578554993295
48.9151284869,2.4379386011,1.5254423776337282e-05
48.9200223775,2.4379386011,6.366480555842884e-07
48.9249162681,2.4379386011,5.07510574066909e-07
48.9298101587,2.4379386011,9.207936210980218e-07
48.9347040493,2.4379386011,1.6058657783383936e-06
48.9395979399,2.4379386011,2.6780116176490514e-06
48.9444918305,2.4379386011,4.270407708767757e-06
48.9493857211,2.4379386011,6.511482735211257e-06
48.9542796117,2.4379386011,9.493888254354593e-06
48.9591735023,2.4379386011,1.3236159965632805e-05
48.9640673929,2.4379386011,1.76454837088009e-05
48.9689612835,2.4379386011,2.24935912064688e-05
48.9738551741,2.4379386011,2.741812155473628e-05
48.9787490647,2.4379386011,3.195731372459245e-05
48.7389484253,2.4428324917,3.2571665180860075e-32
48.7438423159,2.4428324917,4.024845316432593e-31
48.7487362065,2.4428324917,6.575114616099409e-28
48.7536300971,2.4428324917,2.751119534062209e-24
48.7585239877,2.4428324917,4.881227486081408e-21
48.7634178783,2.4428324917,3.6540196270077964e-18
48.7683117689,2.4428324917,1.1540644025298172e-15
48.7732056595,2.4428324917,1.5378236379358363e-13
48.7780995501,2.4428324917,8.645703472293169e-12
48.7829934407,2.4428324917,2.0507440360602567e-10
48.7878873313,2.4428324917,2.0522955117478166e-09
48.7927812219,2.4428324917,8.665340856143266e-09
48.7976751125,2.4428324917,1.543649593653731e-08
48.8025690031,2.4428324917,1.1601899853181041e-08
48.8074628937,2.4428324917,3.6789748492699995e-09
48.8123567843,2.4428324917,4.922002646309984e-10
48.8172506749,2.4428324917,2.7782685555626487e-11
48.8221445655,2.4428324917,6.616562713869784e-13
48.8270384561,2.4428324917,6.711239308303507e-15
48.8319323467,2.4428324917,3.2033644545829953e-16
48.8368262373,2.4428324917,1.2905872684662298e-15
48.8417201279,2.4428324917,5.451077040827125e-15
48.8466140185,2.4428324917,2.2016480350295932e-14
48.8515079091,2.4428324917,8.502950081265674e-14
48.8564017997,2.4428324917,3.1462979762976977e-13
48.8612956903,2.4428324917,1.427747807764816e-12
48.8661895809,2.4428324917,6.960895975792129e-11
48.8710834715,2.4428324917,5.49398560826694e-09
48.8759773621,2.4428324917,1.839084436983468e-07
48.8808712527,2.4428324917,2.487461564907056e-06
48.8857651433,2.4428324917,1.3839545611731465e-05
48.8906590339,2.4428324917,4.2397681862507525e-05
48.8955529245,2.4428324917,0.00018112114716700646
48.9004468151,2.4428324917,0.0005587231078181106
48.9053407057,2.4428324917,0.0005677183165091237
48.9102345963,2.4428324917,0.0001697728093072908
48.9151284869,2.4428324917,1.483249197532799e-05
48.9200223775,2.4428324917,5.004064708933118e-07
48.9249162681,2.4428324917,2.529508146507553e-07
48.9298101587,2.4428324917,4.7204065814525185e-07
48.9347040493,2.4428324917,8.515411366731299e-07
48.9395979399,2.4428324917,1.4688955642337358e-06
48.9444918305,2.4428324917,2.422868685565594e-06
48.9493857211,2.4428324917,3.821400039593821e-06
48.9542796117,2.4428324917,5.763267794968182e-06
48.9591735023,2.4428324917,8.311296300132484e-06
48.9640673929,2.4428324917,1.1460997030443065e-05
48.9689612835,2.4428324917,1.5112269991946247e-05
48.9738551741,2.4428324917,1.9054198148912796e-05
48.9787490647,2.4428324917,2.2972344463070213e-05
48.7389484253,2.4477263823,4.3379174220094626e-33
48.7438423159,2.4477263823,2.9328101358196332e-31
48.7487362065,2.4477263823,2.0549194805662718e-27
48.7536300971,2.4477263823,7.209404963938252e-24
48.7585239877,2.4477263823,1.0673844065580671e-20
48.7634178783,2.4477263823,6.667451712448736e-18
48.7683117689,2.4477263823,1.7571798849286918e-15
48.7732056595,2.4477263823,1.9538439939185626e-13
48.7780995501,2.4477263823,9.166021306110932e-12
48.7829934407,2.4477263823,1.81421668897054e-10
48.7878873313,2.4477263823,1.5150074555791959e-09
48.7927812219,2.4477263823,5.337743489843165e-09
48.7976751125,2.4477263823,7.93447043219028e-09
48.8025690031,2.4477263823,4.9761734495107095e-09
48.8074628937,2.4477263823,1.3167107777758657e-09
48.8123567843,2.4477263823,1.4699500879633383e-10
48.8172506749,2.4477263823,6.9236027254224406e-12
48.8221445655,2.4477263823,1.3759057463435451e-13
48.8270384561,2.4477263823,1.1690027079787455e-15
48.8319323467,2.4477263823,7.783598845073481e-17
48.8368262373,2.4477263823,3.370092964181339e-16
48.8417201279,2.4477263823,1.4724074647592336e-15
48.8466140185,2.4477263823,6.151423924910631e-15
48.8515079091,2.4477263823,2.4574170460602305e-14
48.8564017997,2.4477263823,9.40210100263803e-14
48.8612956903,2.4477263823,4.272779882176931e-13
48.8661895809,2.4477263823,2.0347718558009237e-11
48.8710834715,2.4477263823,1.7550643609118174e-09
48.8759773621,2.4477263823,6.454096683485069e-08
48.8808712527,2.4477263823,9.598929850568132e-07
48.8857651433,2.4477263823,5.982374136481452e-06
48.8906590339,2.4477263823,2.454980186360246e-05
48.8955529245,2.4477263823,0.00014803564009908623
48.9004468151,2.4477263823,0.0004962750404651812
48.9053407057,2.4477263823,0.000521320685358239
48.9102345963,2.4477263823,0.000160383838556938
48.9151284869,2.4477263823,1.43778008052939e-05
48.9200223775,2.4477263823,4.3202093869096574e-07
48.9249162681,2.4477263823,1.2289081623017539e-07
48.9298101587,2.4477263823,2.3431954314318823e-07
48.9347040493,2.4477263823,4.372307833964219e-07
48.9395979399,2.4477263823,7.801499576507826e-07
48.9444918305,2.4477263823,1.331064561012319e-06
48.9493857211,2.4477263823,2.1715699406254634e-06
48.9542796117,2.4477263823,3.3876785276924997e-06
48.9591735023,2.4477263823,5.053406454336071e-06
48.9640673929,2.4477263823,7.2080856628495685e-06
48.9689612835,2.4477263823,9.83126306523141e-06
48.9738551741,2.4477263823,1.2821899374686461e-05
48.9787490647,2.4477263823,1.5990022713718165e-05
48.7389484253,2.4526202729,6.096018891351608e-34
48.7438423159,2.4526202729,8.840936828848605e-31
48.7487362065,2.4526202729,6.09330424439914e-27
48.7536300971,2.4526202729,1.7842257546651382e-23
48.7585239877,2.4526202729,2.2042897040410275e-20
48.7634178783,2.4526202729,1.148959904161028e-17
48.7683117689,2.4526202729,2.5267274087803197e-15
48.7732056595,2.4526202729,2.3443865803450994e-13
48.7780995501,2.4526202729,9.177351781279121e-12
48.7829934407,2.4526202729,1.5157334978741345e-10
48.7878873313,2.4526202729,1.0561987161952645e-09
48.7927812219,2.4526202729,3.105172554621582e-09
48.7976751125,2.4526202729,3.851617574917397e-09
48.8025690031,2.4526202729,2.0156628779929828e-09
48.8074628937,2.4526202729,4.450511755654181e-10
48.8123567843,2.4526202729,4.1459047940136174e-11
48.8172506749,2.4526202729,1.629468796863348e-12
48.8221445655,2.4526202729,2.7020996539915543e-14
48.8270384561,2.4526202729,1.9268663804881203e-16
48.8319323467,2.4526202729,1.8587506817636983e-17
48.8368262373,2.4526202729,8.521379368031927e-17
48.8417201279,2.4526202729,3.8510788388374283e-16
48.8466140185,2.4526202729,1.664225339710332e-15
48.8515079091,2.4526202729,6.876966724603723e-15
48.8564017997,2.4526202729,2.7206839059447503e-14
48.8612956903,2.4526202729,1.2379111930591486e-13
48.8661895809,2.4526202729,5.637164659570902e-12
48.8710834715,2.4526202729,5.303178409412952e-10
48.8759773621,2.4526202729,2.142397912976237e-08
48.8808712527,2.4526202729,3.5075282324958526e-07
48.8857651433,2.4526202729,2.500223160409437e-06
48.8906590339,2.4526202729,1.5101682964092701e-05
48.8955529245,2.4526202729,0.00012286855123116647
48.9004468151,2.4526202729,0.0004392844801049548
48.9053407057,2.4526202729,0.00047621900672198647
48.9102345963,2.4526202729,0.00015070356462855148
48.9151284869,2.4526202729,1.3877844811385535e-05
48.9200223775,2.4526202729,3.971912279590808e-07
48.9249162681,2.4526202729,5.8674679510390126e-08
48.9298101587,2.4526202729,1.1262993771211624e-07
48.9347040493,2.4526202729,2.173824799222177e-07
48.9395979399,2.4526202729,4.0121204842239e-07
48.9444918305,2.4526202729,7.080714306071346e-07
48.9493857211,2.4526202729,1.1949062874670144e-06
48.9542796117,2.4526202729,1.928165421458259e-06
48.9591735023,2.4526202729,2.9751468259267612e-06
48.9640673929,2.4526202729,4.389612519406369e-06
48.9689612835,2.4526202729,6.1929509109053036e-06
48.9738551741,2.4526202729,8.354544152476298e-06
48.9787490647,2.4526202729,1.0777090971218994e-05
48.7389484253,2.4575141635,2.839522340511573e-34
48.7438423159,2.4575141635,2.9477665212344954e-30
48.7487362065,2.4575141635,1.7067028105520165e-26
48.7536300971,2.4575141635,4.170195593113219e-23
48.7585239877,2.4575141635,4.2990498630710596e-20
48.7634178783,2.4575141635,1.8698460779383078e-17
48.7683117689,2.4575141635,3.4312830917718812e-15
48.7732056595,2.4575141635,2.6565901605067504e-13
48.7780995501,2.4575141635,8.677804991874623e-12
48.7829934407,2.4575141635,1.1959486423719199e-10
48.7878873313,2.4575141635,6.953964847189063e-10
48.7927812219,2.4575141635,1.705963633156529e-09
48.7976751125,2.4575141635,1.7657302767005292e-09
48.8025690031,2.4575141635,7.71074384616813e-10
48.8074628937,2.4575141635,1.4206447970108515e-10
48.8123567843,2.4575141635,1.1043126613501237e-11
48.8172506749,2.4575141635,3.621728979625576e-13
48.8221445655,2.4575141635,5.011533338709051e-15
48.8270384561,2.4575141635,3.0090746809981025e-17
48.8319323467,2.4575141635,4.339651964130443e-18
48.8368262373,2.4575141635,2.0863585723062843e-17
48.8417201279,2.4575141635,9.753163759540482e-17
48.8466140185,2.4575141635,4.359707078466155e-16
48.8515079091,2.4575141635,1.86347593940077e-15
48.8564017997,2.4575141635,7.623622224932551e-15
48.8612956903,2.4575141635,3.476714832644734e-14
48.8661895809,2.4575141635,1.4809918463185313e-12
48.8710834715,2.4575141635,1.5157315569580476e-10
48.8759773621,2.4575141635,6.727032134733502e-09
48.8808712527,2.4575141635,1.2156866747781108e-07
48.8857651433,2.4575141635,1.03556279514856e-06
48.8906590339,2.4575141635,1.007333824138346e-05
48.8955529245,2.4575141635,0.00010303851671776051
48.9004468151,2.4575141635,0.00038732092615376726
48.9053407057,2.4575141635,0.0004327379691036189
48.9102345963,2.4575141635,0.00014084658682394997
48.9151284869,2.4575141635,1.3330304581666338e-05
48.9200223775,2.4575141635,3.7785108567521054e-07
48.9249162681,2.4575141635,2.803091679216963e-08
48.9298101587,2.4575141635,5.242343692961799e-08
48.9347040493,2.4575141635,1.0465188613165576e-07
48.9395979399,2.4575141635,1.9979221001354124e-07
48.9444918305,2.4575141635,3.647234859205044e-07
48.9493857211,2.4575141635,6.366526901974749e-07
48.9542796117,2.4575141635,1.0626618666085643e-06
48.9591735023,2.4575141635,1.6960602791754705e-06
48.9640673929,2.4575141635,2.588458101756661e-06
48.9689612835,2.4575141635,3.7774146927627464e-06
48.9738551741,2.4575141635,5.271107338768895e-06
48.9787490647,2.4575141635,7.033358009236933e-06
48.7389484253,2.4624080541,8.23962441057418e-34
48.7438423159,2.4624080541,9.342199421393056e-30
48.7487362065,2.4624080541,4.5146402171844846e-26
48.7536300971,2.4624080541,9.204899490477904e-23
48.7585239877,2.4624080541,7.918306042342821e-20
48.7634178783,2.4624080541,2.8738416379800524e-17
48.7683117689,2.4624080541,4.400587892245836e-15
48.7732056595,2.4624080541,2.842993608228987e-13
48.7780995501,2.4624080541,7.749227021079942e-12
48.7829934407,2.4624080541,8.911651654147115e-11
48.7878873313,2.4624080541,4.323896971300254e-10
48.7927812219,2.4624080541,8.851355611255621e-10
48.7976751125,2.4624080541,7.644719562976402e-10
48.8025690031,2.4624080541,2.785676270981838e-10
48.8074628937,2.4624080541,4.282694031220689e-11
48.8123567843,2.4624080541,2.7779266155223218e-12
48.8172506749,2.4624080541,7.602244607859289e-14
48.8221445655,2.4624080541,8.778022832467653e-16
48.8270384561,2.4624080541,4.460933099288799e-18
48.8319323467,2.4624080541,9.869049208155186e-19
48.8368262373,2.4624080541,4.946269795010533e-18
48.8417201279,2.4624080541,2.3917585239711295e-17
48.8466140185,2.4624080541,1.1058881348223732e-16
48.8515079091,2.4624080541,4.889443744368182e-16
48.8564017997,2.4624080541,2.06859269831686e-15
48.8612956903,2.4624080541,9.476280239029865e-15
48.8661895809,2.4624080541,3.6927588673287396e-13
48.8710834715,2.4624080541,4.097891320185326e-11
48.8759773621,2.4624080541,1.9984077841966466e-09
48.8808712527,2.4624080541,4.0141871058283224e-08
48.8857651433,2.4624080541,4.4551830036364735e-07
48.8906590339,2.4624080541,7.268956204118078e-06
48.8955529245,2.4624080541,8.686610543924842e-05
48.9004468151,2.4624080541,0.00034002077148705253
48.9053407057,2.4624080541,0.0003911494654500888
48.9102345963,2.4624080541,0.00013092497400183913
48.9151284869,2.4624080541,1.2738417443938285e-05
48.9200223775,2.4624080541,3.648797980280298e-07
48.9249162681,2.4624080541,1.3894765382978212e-08
48.9298101587,2.4624080541,2.3629150228256077e-08
48.9347040493,2.4624080541,4.878410057875612e-08
48.9395979399,2.4624080541,9.633671709739028e-08
48.9444918305,2.4624080541,1.8191105629758058e-07
48.9493857211,2.4624080541,3.284581315245891e-07
48.9542796117,2.4624080541,5.670934219001717e-07
48.9591735023,2.4624080541,9.362306839233176e-07
48.9640673929,2.4624080541,1.477967216024488e-06
48.9689612835,2.4624080541,2.2310042633336465e-06
48.9738551741,2.4624080541,3.22025059352344e-06
48.9787490647,2.4624080541,4.444599232924805e-06
48.7389484253,2.4673019447,2.9272177372220652e-33
48.7438423159,2.4673019447,2.796848815057387e-29
48.7487362065,2.4673019447,1.1278324311547043e-25
48.7536300971,2.4673019447,1.9188351604780795e-22
48.7585239877,2.4673019447,1.3773619285905205e-19
48.7634178783,2.4673019447,4.171342001374738e-17
48.7683117689,2.4673019447,5.329921826360593e-15
48.7732056595,2.4673019447,2.8733147170077634e-13
48.7780995501,2.4673019447,6.5352600312829406e-12
48.7829934407,2.4673019447,6.271333038699593e-11
48.7878873313,2.4673019447,2.5390670748006424e-10
48.7927812219,2.4673019447,4.33716355917101e-10
48.7976751125,2.4673019447,3.1257536257287796e-10
48.8025690031,2.4673019447,9.504318994051985e-11
48.8074628937,2.4673019447,1.2192831771627999e-11
48.8123567843,2.4673019447,6.599415562389185e-13
48.8172506749,2.4673019447,1.5070363289232247e-14
48.8221445655,2.4673019447,1.452044625295141e-16
48.8270384561,2.4673019447,6.298993360459026e-19
48.8319323467,2.4673019447,2.1808582122331524e-19
48.8368262373,2.4673019447,1.1354705116414143e-18
48.8417201279,2.4673019447,5.679339776750634e-18
48.8466140185,2.4673019447,2.7162753575233312e-17
48.8515079091,2.4673019447,1.2422353980776601e-16
48.8564017997,2.4673019447,5.435228541154504e-16
48.8612956903,2.4673019447,2.50875794976165e-15
48.8661895809,2.4673019447,8.749098540319857e-14
48.8710834715,2.4673019447,1.048016383039971e-11
48.8759773621,2.4673019447,5.619696958045373e-10
48.8808712527,2.4673019447,1.2777335148743626e-08
48.8857651433,2.4673019447,2.131984720020538e-07
48.8906590339,2.4673019447,5.559645614259999e-06
48.8955529245,2.4673019447,7.332070305838733e-05
48.9004468151,2.4673019447,0.0002970903690494166
48.9053407057,2.4673019447,0.00035167618838238536
48.9102345963,2.4673019447,0.00012104519442082536
48.9151284869,2.4673019447,1.2108343739382139e-05
48.9200223775,2.4673019447,3.5388618292402265e-07
48.9249162681,2.4673019447,7.586262812518615e-09
48.9298101587,2.4673019447,1.0315336427899263e-08
48.9347040493,2.4673019447,2.2020049278435576e-08
48.9395979399,2.4673019447,4.497941902823713e-08
48.9444918305,2.4673019447,8.785432949234467e-08
48.9493857211,2.4673019447,1.6408397360795177e-07
48.9542796117,2.4673019447,2.930372501402167e-07
48.9591735023,2.4673019447,5.004182790684853e-07
48.9640673929,2.4673019447,8.171413148801292e-07
48.9689612835,2.4673019447,1.2758947265507477e-06
48.9738551741,2.4673019447,1.9049614219982829e-06
48.9787490647,2.4673019447,2.719638602805884e-06
