LATITUDE,LONGITUDE,probability
48.7389484253,2.2275013053,4.047929608060904e-18
48.7438423159,2.2275013053,6.714957081809618e-18
48.7487362065,2.2275013053,1.052149197694932e-17
48.7536300971,2.2275013053,1.5571670773285643e-17
48.7585239877,2.2275013053,2.1767918120111912e-17
48.7634178783,2.2275013053,2.874235670725731e-17
48.7683117689,2.2275013053,3.584690394792369e-17
48.7732056595,2.2275013053,4.2228409750706673e-17
48.7780995501,2.2275013053,4.6987419998102786e-17
48.7829934407,2.2275013053,4.9383545749276725e-17
48.7878873313,2.2275013053,4.9023773440349906e-17
48.7927812219,2.2275013053,4.596793573729485e-17
48.7976751125,2.2275013053,4.0712433668767664e-17
48.8025690031,2.2275013053,3.405829665943382e-17
48.8074628937,2.2275013053,2.6911789774710118e-17
48.8123567843,2.2275013053,2.008565675227822e-17
48.8172506749,2.2275013053,1.415967513012153e-17
48.8221445655,2.2275013053,9.428537646880934e-18
48.8270384561,2.2275013053,5.930061360650762e-18
48.8319323467,2.2275013053,3.522879857306037e-18
48.8368262373,2.2275013053,1.9767888156839038e-18
48.8417201279,2.2275013053,1.0477230910963687e-18
48.8466140185,2.2275013053,5.245133584887229e-19
48.8515079091,2.2275013053,2.4802210530973577e-19
48.8564017997,2.2275013053,1.1077673526858213e-19
48.8612956903,2.2275013053,4.675857189189749e-20
48.8661895809,2.2275013053,2.1358640484336086e-20
48.8710834715,2.2275013053,1.8872991013425583e-19
48.8759773621,2.2275013053,7.310175214129244e-18
48.8808712527,2.2275013053,1.7794601091017577e-16
48.8857651433,2.2275013053,2.6237601157796027e-15
48.8906590339,2.2275013053,2.3425740463925452e-14
48.8955529245,2.2275013053,1.2664671987759467e-13
48.9004468151,2.2275013053,4.145967969358338e-13
48.9053407057,2.2275013053,8.218438607605246e-13
48.9102345963,2.2275013053,9.864704136346563e-13
48.9151284869,2.2275013053,7.169851978209006e-13
48.9200223775,2.2275013053,3.1554964173370364e-13
48.9249162681,2.2275013053,8.409236553045871e-14
48.9298101587,2.2275013053,1.3569905514006455e-14
48.9347040493,2.2275013053,1.3259539894342797e-15
48.9395979399,2.2275013053,7.845334427616134e-17
48.9444918305,2.2275013053,2.810773461867883e-18
48.9493857211,2.2275013053,6.097777929276977e-20
48.9542796117,2.2275013053,8.010337507551771e-22
48.9591735023,2.2275013053,7.50938931503181e-24
48.9640673929,2.2275013053,2.2219445433059016e-22
48.9689612835,2.2275013053,2.8503732402621045e-20
48.9738551741,2.2275013053,2.4026934779019885e-18
48.9787490647,2.2275013053,1.3306478653117008e-16
48.7389484253,2.2323951959,2.0362740966026035e-17
48.7438423159,2.2323951959,3.5160173495065806e-17
48.7487362065,2.2323951959,5.734421074104406e-17
48.7536300971,2.2323951959,8.833889194843873e-17
48.7585239877,2.2323951959,1.2853994592859889e-16
48.7634178783,2.2323951959,1.7666400664931352e-16
48.7683117689,2.2323951959,2.2934107097006013e-16
48.7732056595,2.2323951959,2.812155905348861e-16
48.7780995501,2.2323951959,3.257022432388476e-16
48.7829934407,2.2323951959,3.563082701979672e-16
48.7878873313,2.2323951959,3.681754729547693e-16
48.7927812219,2.2323951959,3.593416863065958e-16
48.7976751125,2.2323951959,3.3127155567195795e-16
48.8025690031,2.2323951959,2.8845926354317925e-16
48.8074628937,2.2323951959,2.372513165812731e-16
48.8123567843,2.2323951959,1.8431325522553197e-16
48.8172506749,2.2323951959,1.3524720700758145e-16
48.8221445655,2.2323951959,9.373976028898508e-17
48.8270384561,2.2323951959,6.136816953374457e-17
48.8319323467,2.2323951959,3.7947773343950236e-17
48.8368262373,2.2323951959,2.2164259380806213e-17
48.8417201279,2.2323951959,1.2227676699431466e-17
48.8466140185,2.2323951959,6.3717461980856045e-18
48.8515079091,2.2323951959,3.1361497284405314e-18
48.8564017997,2.2323951959,1.4580079811306473e-18
48.8612956903,2.2323951959,6.407509897480583e-19
48.8661895809,2.2323951959,3.1219302315504835e-19
48.8710834715,2.2323951959,2.6965948146627526e-18
48.8759773621,2.2323951959,8.730516424606654e-17
48.8808712527,2.2323951959,1.7787011464354114e-15
48.8857651433,2.2323951959,2.195242392515079e-14
48.8906590339,2.2323951959,1.64057642467603e-13
48.8955529245,2.2323951959,7.424067452258367e-13
48.9004468151,2.2323951959,2.0343174820974866e-12
48.9053407057,2.2323951959,3.3754130876025936e-12
48.9102345963,2.2323951959,3.391302304395263e-12
48.9151284869,2.2323951959,2.0631816015611384e-12
48.9200223775,2.2323951959,7.600458359038899e-13
48.9249162681,2.2323951959,1.6954051104434821e-13
48.9298101587,2.2323951959,2.2900162713809986e-14
48.9347040493,2.2323951959,1.8729881285933163e-15
48.9395979399,2.2323951959,9.276045230243964e-17
48.9444918305,2.2323951959,2.781775429283393e-18
48.9493857211,2.2323951959,5.0514113613098826e-20
48.9542796117,2.2323951959,5.583366103593417e-22
48.9591735023,2.2323951959,5.67060260334935e-22
48.9640673929,2.2323951959,7.190634807147857e-20
48.9689612835,2.2323951959,6.029965214135396e-18
48.9738551741,2.2323951959,3.3222369510998297e-16
48.9787490647,2.2323951959,1.2025815460725985e-14
48.7389484253,2.2372890865,9.324040816060664e-17
48.7438423159,2.2372890865,1.6758047686834546e-16
48.7487362065,2.2372890865,2.8448965289306777e-16
48.7536300971,2.2372890865,4.561769386800433e-16
48.7585239877,2.2372890865,6.909139714807511e-16
48.7634178783,2.2372890865,9.884129368910624e-16
48.7683117689,2.2372890865,1.3356007820511566e-15
48.7732056595,2.2372890865,1.7046636713013394e-15
48.7780995501,2.2372890865,2.055060181675771e-15
48.7829934407,2.2372890865,2.3400987293727035e-15
48.7878873313,2.2372890865,2.5169095845127622e-15
48.7927812219,2.2372890865,2.5569653679351048e-15
48.7976751125,2.2372890865,2.4536119307574383e-15
48.8025690031,2.2372890865,2.223876681913504e-15
48.8074628937,2.2372890865,1.9038789189030446e-15
48.8123567843,2.2372890865,1.5395427275130299e-15
48.8172506749,2.2372890865,1.175893434571331e-15
48.8221445655,2.2372890865,8.483361659979167e-16
48.8270384561,2.2372890865,5.780851272848044e-16
48.8319323467,2.2372890865,3.720826399039014e-16
48.8368262373,2.2372890865,2.2620948810397456e-16
48.8417201279,2.2372890865,1.298990645779103e-16
48.8466140185,2.2372890865,7.045714285705511e-17
48.8515079091,2.2372890865,3.609672774943253e-17
48.8564017997,2.2372890865,1.7467721567402777e-17
48.8612956903,2.2372890865,7.993428409485259e-18
48.8661895809,2.2372890865,4.16541444480903e-18
48.8710834715,2.2372890865,3.483433534619042e-17
48.8759773621,2.2372890865,9.423964783993625e-16
48.8808712527,2.2372890865,1.6068877463905254e-14
48.8857651433,2.2372890865,1.659999325867702e-13
48.8906590339,2.2372890865,1.0384046865329352e-12
48.8955529245,2.2372890865,3.933298469670578e-12
48.9004468151,2.2372890865,9.021495791421808e-12
48.9053407057,2.2372890865,1.2529437539298216e-11
48.9102345963,2.2372890865,1.0536975649808206e-11
48.9151284869,2.2372890865,5.365766302260124e-12
48.9200223775,2.2372890865,1.6545462335829925e-12
48.9249162681,2.2372890865,3.089281169532668e-13
48.9298101587,2.2372890865,3.4927487301577934e-14
48.9347040493,2.2372890865,2.3911599386846316e-15
48.9395979399,2.2372890865,9.912456279929261e-17
48.9444918305,2.2372890865,2.4882002222355326e-18
48.9493857211,2.2372890865,3.782711523534092e-20
48.9542796117,2.2372890865,1.7365236590674578e-21
48.9591735023,2.2372890865,1.7630371402548827e-19
48.9640673929,2.2372890865,1.4708059304172756e-17
48.9689612835,2.2372890865,8.06161762556231e-16
48.9738551741,2.2372890865,2.903067617407099e-14
48.9787490647,2.2372890865,6.868473723428334e-13
48.7389484253,2.2421829771,3.8863037323675975e-16
48.7438423159,2.2421829771,7.270436385202787e-16
48.7487362065,2.2421829771,1.2847186107699367e-15
48.7536300971,2.2421829771,2.1442694082988283e-15
48.7585239877,2.2421829771,3.380449725306357e-15
48.7634178783,2.2421829771,5.033770493102719e-15
48.7683117689,2.2421829771,7.080046947692193e-15
48.7732056595,2.2421829771,9.405949914487785e-15
48.7780995501,2.2421829771,1.1803015670995958e-14
48.7829934407,2.2421829771,1.3989658179923109e-14
48.7878873313,2.2421829771,1.5661920679621414e-14
48.7927812219,2.2421829771,1.6561769447645773e-14
48.7976751125,2.2421829771,1.6542161126154027e-14
48.8025690031,2.2421829771,1.560635768118256e-14
48.8074628937,2.2421829771,1.3907038705999794e-14
48.8123567843,2.2421829771,1.1705543090653591e-14
48.8172506749,2.2421829771,9.306197610525102e-15
48.8221445655,2.2421829771,6.988384148723784e-15
48.8270384561,2.2421829771,4.956841900730293e-15
48.8319323467,2.2421829771,3.320910428985923e-15
48.8368262373,2.2421829771,2.101517710608452e-15
48.8417201279,2.2421829771,1.2561246674939042e-15
48.8466140185,2.2421829771,7.091795956868662e-16
48.8515079091,2.2421829771,3.7818432675178774e-16
48.8564017997,2.2421829771,1.9049252428467156e-16
48.8612956903,2.2421829771,9.078498591320679e-17
48.8661895809,2.2421829771,5.072981735873924e-17
48.8710834715,2.2421829771,4.068499876484021e-16
48.8759773621,2.2421829771,9.19420763140769e-15
48.8808712527,2.2421829771,1.312007899867859e-13
48.8857651433,2.2421829771,1.1344894626901754e-12
48.8906590339,2.2421829771,5.940238085977713e-12
48.8955529245,2.2421829771,1.8833842276217177e-11
48.9004468151,2.2421829771,3.615808334320028e-11
48.9053407057,2.2421829771,4.2034245057529045e-11
48.9102345963,2.2421829771,2.958914926611516e-11
48.9151284869,2.2421829771,1.2612264845267966e-11
48.9200223775,2.2421829771,3.255255351105664e-12
48.9249162681,2.2421829771,5.087546800643273e-13
48.9298101587,2.2421829771,4.8146325714346594e-14
48.9347040493,2.2421829771,2.7589844845403032e-15
48.9395979399,2.2421829771,9.573411882550651e-17
48.9444918305,2.2421829771,2.0114968129354468e-18
48.9493857211,2.2421829771,2.891725767947533e-20
48.9542796117,2.2421829771,4.2031424800721498e-19
48.9591735023,2.2421829771,3.486744118446177e-17
48.9640673929,2.2421829771,1.901244251366877e-15
48.9689612835,2.2421829771,6.811204122409662e-14
48.9738551741,2.2421829771,1.6031642173046239e-12
48.9787490647,2.2421829771,2.479135471781118e-11
48.7389484253,2.2470768677,1.474463267772795e-15
48.7438423159,2.2470768677,2.871191635184251e-15
48.7487362065,2.2470768677,5.2809760745018864e-15
48.7536300971,2.2470768677,9.17466081175467e-15
48.7585239877,2.2470768677,1.5055307567914506e-14
48.7634178783,2.2470768677,2.3335281522704795e-14
48.7683117689,2.2470768677,3.416333461387028e-14
48.7732056595,2.2470768677,4.7242324917677386e-14
48.7780995501,2.2470768677,6.170581138094807e-14
48.7829934407,2.2470768677,7.61280437458551e-14
48.7878873313,2.2470768677,8.87129599788288e-14
48.7927812219,2.2470768677,9.764573251955923e-14
48.7976751125,2.2470768677,1.0151804904773084e-13
48.8025690031,2.2470768677,9.969125326583579e-14
48.8074628937,2.2470768677,9.246867744147351e-14
48.8123567843,2.2470768677,8.10132460513657e-14
48.8172506749,2.2470768677,6.704111354763272e-14
48.8221445655,2.2470768677,5.240228227348417e-14
48.8270384561,2.2470768677,3.868859716610776e-14
48.8319323467,2.2470768677,2.6979851854595685e-14
48.8368262373,2.2470768677,1.777133019286598e-14
48.8417201279,2.2470768677,1.1056663928545083e-14
48.8466140185,2.2470768677,6.497586650967907e-15
48.8515079091,2.2470768677,3.606648923920059e-15
48.8564017997,2.2470768677,1.89097354126367e-15
48.8612956903,2.2470768677,9.387751496526645e-16
48.8661895809,2.2470768677,5.638855602552258e-16
48.8710834715,2.2470768677,4.296536012947162e-15
48.8759773621,2.2470768677,8.10754536641522e-14
48.8808712527,2.2470768677,9.681811427489158e-13
48.8857651433,2.2470768677,7.007453828676959e-12
48.8906590339,2.2470768677,3.07120012600124e-11
48.8955529245,2.2470768677,8.150570144238461e-11
48.9004468151,2.2470768677,1.3097828020464225e-10
48.9053407057,2.2470768677,1.2745062198671868e-10
48.9102345963,2.2470768677,7.50958628903208e-11
48.9151284869,2.2470768677,2.6793005983391566e-11
48.9200223775,2.2470768677,5.7883961581941296e-12
48.9249162681,2.2470768677,7.572275886523552e-13
48.9298101587,2.2470768677,5.998269675649849e-14
48.9347040493,2.2470768677,2.877113036007482e-15
48.9395979399,2.2470768677,8.356404785118102e-17
48.9444918305,2.2470768677,1.477389995873466e-18
48.9493857211,2.2470768677,9.886405103728953e-19
48.9542796117,2.2470768677,8.033585733243947e-17
48.9591735023,2.2470768677,4.3579050225774e-15
48.9640673929,2.2470768677,1.553154888815797e-13
48.9689612835,2.2470768677,3.6368041051082203e-12
48.9738551741,2.2470768677,5.59491100106168e-11
48.9787490647,2.2470768677,5.655025789713865e-10
48.7389484253,2.2519707583,5.092087059771394e-15
48.7438423159,2.2519707583,1.0321160359082111e-14
48.7487362065,2.2519707583,1.9759913028060873e-14
48.7536300971,2.2519707583,3.5732658542296337e-14
48.7585239877,2.2519707583,6.103366188080915e-14
48.7634178783,2.2519707583,9.846850018900952e-14
48.7683117689,2.2519707583,1.5005449730275648e-13
48.7732056595,2.2519707583,2.159854556541311e-13
48.7780995501,2.2519707583,2.936458011525826e-13
48.7829934407,2.2519707583,3.7709161976309136e-13
48.7878873313,2.2519707583,4.573974766433696e-13
48.7927812219,2.2519707583,5.240400087860271e-13
48.7976751125,2.2519707583,5.670990550980609e-13
48.8025690031,2.2519707583,5.796651615350256e-13
48.8074628937,2.2519707583,5.596535631170608e-13
48.8123567843,2.2519707583,5.103700069138465e-13
48.8172506749,2.2519707583,4.3961733854309013e-13
48.8221445655,2.2519707583,3.576747471426304e-13
48.8270384561,2.2519707583,2.7486886076223123e-13
48.8319323467,2.2519707583,1.9952007694643566e-13
48.8368262373,2.2519707583,1.3679539013215775e-13
48.8417201279,2.2519707583,8.858906511915031e-14
48.8466140185,2.2519707583,5.418917916202754e-14
48.8515079091,2.2519707583,3.130897659057466e-14
48.8564017997,2.2519707583,1.708676001282629e-14
48.8612956903,2.2519707583,8.839262036505848e-15
48.8661895809,2.2519707583,5.719537939883175e-15
48.8710834715,2.2519707583,4.102868133560968e-14
48.8759773621,2.2519707583,6.462037025679416e-13
48.8808712527,2.2519707583,6.457249799540814e-12
48.8857651433,2.2519707583,3.911897408362174e-11
48.8906590339,2.2519707583,1.435091092830188e-10
48.8955529245,2.2519707583,3.1878956083209473e-10
48.9004468151,2.2519707583,4.288053546226659e-10
48.9053407057,2.2519707583,3.4925907454067623e-10
48.9102345963,2.2519707583,1.7225291370517496e-10
48.9151284869,2.2519707583,5.1441879992053623e-11
48.9200223775,2.2519707583,9.302473979107367e-12
48.9249162681,2.2519707583,1.0186182988827284e-12
48.9298101587,2.2519707583,6.753919302960227e-14
48.9347040493,2.2519707583,2.711637938567397e-15
48.9395979399,2.2519707583,6.594088296844565e-17
48.9444918305,2.2519707583,3.160608314058277e-18
48.9493857211,2.2519707583,1.7990479055279196e-16
48.9542796117,2.2519707583,9.708267581170226e-15
48.9591735023,2.2519707583,3.4421498145906283e-13
48.9640673929,2.2519707583,8.018367082149476e-12
48.9689612835,2.2519707583,1.2271855527150114e-10
48.9738551741,2.2519707583,1.2339645026586227e-09
48.9787490647,2.2519707583,8.151982387426317e-09
48.7389484253,2.2568646489,1.600745637897802e-14
48.7438423159,2.2568646489,3.377221269046548e-14
48.7487362065,2.2568646489,6.730084265335755e-14
48.7536300971,2.2568646489,1.2667919230441326e-13
48.7585239877,2.2568646489,2.252235849477852e-13
48.7634178783,2.2568646489,3.7822152885607186e-13
48.7683117689,2.2568646489,5.999325451425173e-13
48.7732056595,2.2568646489,8.988400104098399e-13
48.7780995501,2.2568646489,1.2719972358038024e-12
48.7829934407,2.2568646489,1.7002537310046332e-12
48.7878873313,2.2568646489,2.1466690907081243e-12
48.7927812219,2.2568646489,2.560001778996022e-12
48.7976751125,2.2568646489,2.8836279657652086e-12
48.8025690031,2.2568646489,3.0680468550395783e-12
48.8074628937,2.2568646489,3.0832486110073673e-12
48.8123567843,2.2568646489,2.926704657799893e-12
48.8172506749,2.2568646489,2.6240557063789507e-12
48.8221445655,2.2568646489,2.2222402006418555e-12
48.8270384561,2.2568646489,1.7775946995113259e-12
48.8319323467,2.2568646489,1.3430688945598286e-12
48.8368262373,2.2568646489,9.584901029879785e-13
48.8417201279,2.2568646489,6.46101534231834e-13
48.8466140185,2.2568646489,4.1137482416738597e-13
48.8515079091,2.2568646489,2.473993479373307e-13
48.8564017997,2.2568646489,1.4054076794784836e-13
48.8612956903,2.2568646489,7.579346037760869e-14
48.8661895809,2.2568646489,5.292502042600733e-14
48.8710834715,2.2568646489,3.543034349223432e-13
48.8759773621,2.2568646489,4.6555328226065615e-12
48.8808712527,2.2568646489,3.8923510332491907e-11
48.8857651433,2.2568646489,1.973706378691078e-10
48.8906590339,2.2568646489,6.060633163179306e-10
48.8955529245,2.2568646489,1.1269048812129207e-09
48.9004468151,2.2568646489,1.2687853623942678e-09
48.9053407057,2.2568646489,8.650087013007142e-10
48.9102345963,2.2568646489,3.5709533614104193e-10
48.9151284869,2.2568646489,8.92645994126861e-11
48.9200223775,2.2568646489,1.351156717954116e-11
48.9249162681,2.2568646489,1.2384075397168626e-12
48.9298101587,2.2568646489,6.873104534996225e-14
48.9347040493,2.2568646489,2.3098400547378206e-15
48.9395979399,2.2568646489,5.179581952356867e-17
48.9444918305,2.2568646489,3.921039559236219e-16
48.9493857211,2.2568646489,2.101986533542445e-14
48.9542796117,2.2568646489,7.414278528747916e-13
48.9591735023,2.2568646489,1.7182093909103587e-11
48.9640673929,2.2568646489,2.616082364516091e-10
48.9689612835,2.2568646489,2.6169466638048014e-09
48.9738551741,2.2568646489,1.7199129357113778e-08
48.9787490647,2.2568646489,7.426534242142749e-08
48.7389484253,2.2617585395,4.5805062305164185e-14
48.7438423159,2.2617585395,1.0059007919778227e-13
48.7487362065,2.2617585395,2.0865107158291021e-13
48.7536300971,2.2617585395,4.087990580497651e-13
48.7585239877,2.2617585395,7.565244193902971e-13
48.7634178783,2.2617585395,1.322390781077738e-12
48.7683117689,2.2617585395,2.183335481083309e-12
48.7732056595,2.2617585395,3.404904454202723e-12
48.7780995501,2.2617585395,5.01548786783991e-12
48.7829934407,2.2617585395,6.978229306618471e-12
48.7878873313,2.2617585395,9.170670425418952e-12
48.7927812219,2.2617585395,1.1383628999523536e-11
48.7976751125,2.2617585395,1.3347015909101621e-11
48.8025690031,2.2617585395,1.4781258782233565e-11
48.8074628937,2.2617585395,1.5461885765273252e-11
48.8123567843,2.2617585395,1.5276972530134624e-11
48.8172506749,2.2617585395,1.425725550381247e-11
48.8221445655,2.2617585395,1.2567774078829378e-11
48.8270384561,2.2617585395,1.046416538805727e-11
48.8319323467,2.2617585395,8.22952222962357e-12
48.8368262373,2.2617585395,6.113197794816342e-12
48.8417201279,2.2617585395,4.289296522568354e-12
48.8466140185,2.2617585395,2.842676842576e-12
48.8515079091,2.2617585395,1.7794793128460814e-12
48.8564017997,2.2617585395,1.0522428500517983e-12
48.8612956903,2.2617585395,5.919453312933064e-13
48.8661895809,2.2617585395,4.466319498863363e-13
48.8710834715,2.2617585395,2.7670883746600412e-12
48.8759773621,2.2617585395,3.0318692621095865e-11
48.8808712527,2.2617585395,2.1205789145611258e-10
48.8857651433,2.2617585395,9.000081707180911e-10
48.8906590339,2.2617585395,2.3132572968911193e-09
48.8955529245,2.2617585395,3.60029075708451e-09
48.9004468151,2.2617585395,3.3929948604564176e-09
48.9053407057,2.2617585395,1.936245040756139e-09
48.9102345963,2.2617585395,6.690658208499624e-10
48.9151284869,2.2617585395,1.3999379038859405e-10
48.9200223775,2.2617585395,1.7736998973884817e-11
48.9249162681,2.2617585395,1.360765163601355e-12
48.9298101587,2.2617585395,6.321500108815714e-14
48.9347040493,2.2617585395,1.7884938258953355e-15
48.9395979399,2.2617585395,8.584822475418271e-16
48.9444918305,2.2617585395,4.423287661595257e-14
48.9493857211,2.2617585395,1.5521445141560193e-12
48.9542796117,2.2617585395,3.578412237158527e-11
48.9591735023,2.2617585395,5.420217581235755e-10
48.9640673929,2.2617585395,5.394003254857028e-09
48.9689612835,2.2617585395,3.52674306621832e-08
48.9738551741,2.2617585395,1.5149718790665302e-07
48.9787490647,2.2617585395,4.2756628787860503e-07
48.7389484253,2.2666524301,1.1930791984670304e-13
48.7438423159,2.2666524301,2.727190207643575e-13
48.7487362065,2.2666524301,5.888238349020309e-13
48.7536300971,2.2666524301,1.2008233704017784e-12
48.7585239877,2.2666524301,2.3131120935421287e-12
48.7634178783,2.2666524301,4.208603620148088e-12
48.7683117689,2.2666524301,7.232745223549568e-12
48.7732056595,2.2666524301,1.1740649079043183e-11
48.7780995501,2.2666524301,1.80013404373621e-11
48.7829934407,2.2666524301,2.6070020977016805e-11
48.7878873313,2.2666524301,3.566167300760318e-11
48.7927812219,2.2666524301,4.60771749353117e-11
48.7976751125,2.2666524301,5.6233326088721496e-11
48.8025690031,2.2666524301,6.482245836201398e-11
48.8074628937,2.2666524301,7.057989703791553e-11
48.8123567843,2.2666524301,7.258724962955465e-11
48.8172506749,2.2666524301,7.051206916838758e-11
48.8221445655,2.2666524301,6.469792838194315e-11
48.8270384561,2.2666524301,5.6071359753430937e-11
48.8319323467,2.2666524301,4.5900307897830613e-11
48.8368262373,2.2666524301,3.549064621376787e-11
48.8417201279,2.2666524301,2.5920060618802486e-11
48.8466140185,2.2666524301,1.788059304930603e-11
48.8515079091,2.2666524301,1.165070300352959e-11
48.8564017997,2.2666524301,7.171423222786226e-12
48.8612956903,2.2666524301,4.211743949735475e-12
48.8661895809,2.2666524301,3.4360580950506665e-12
48.8710834715,2.2666524301,1.9547025401937152e-11
48.8759773621,2.2666524301,1.7849376204518211e-10
48.8808712527,2.2666524301,1.0441980582196883e-09
48.8857651433,2.2666524301,3.709208112010316e-09
48.8906590339,2.2666524301,7.979908747498354e-09
48.8955529245,2.2666524301,1.0395737425273402e-08
48.9004468151,2.2666524301,8.200597266449522e-09
48.9053407057,2.2666524301,3.91712440092754e-09
48.9102345963,2.2666524301,1.132976123285336e-09
48.9151284869,2.2666524301,1.9842926622421396e-10
48.9200223775,2.2666524301,2.10437333884528e-11
48.9249162681,2.2666524301,1.3513731567967576e-12
48.9298101587,2.2666524301,5.257326966807966e-14
48.9347040493,2.2666524301,2.9411204706917283e-15
48.9395979399,2.2666524301,9.048249318805727e-14
48.9444918305,2.2666524301,3.158054119280771e-12
48.9493857211,2.2666524301,7.243171702532984e-11
48.9542796117,2.2666524301,1.0914558075222645e-09
48.9591735023,2.2666524301,1.0805669124820007e-08
48.9640673929,2.2666524301,7.02854302190607e-08
48.9689612835,2.2666524301,3.0036344949692235e-07
48.9738551741,2.2666524301,8.433289176131289e-07
48.9787490647,2.2666524301,1.5556612536552045e-06
48.7389484253,2.2715463207,2.828718388799435e-13
48.7438423159,2.2715463207,6.730391879997335e-13
48.7487362065,2.2715463207,1.5125675804292063e-12
48.7536300971,2.2715463207,3.21079827542164e-12
48.7585239877,2.2715463207,6.437763998753329e-12
48.7634178783,2.2715463207,1.2192166370428962e-11
48.7683117689,2.2715463207,2.1809740901180283e-11
48.7732056595,2.2715463207,3.685054622595873e-11
48.7780995501,2.2715463207,5.881135027646831e-11
48.7829934407,2.2715463207,8.865478261253398e-11
48.7878873313,2.2715463207,1.2623127978768396e-10
48.7927812219,2.2715463207,1.6976790874963456e-10
48.7976751125,2.2715463207,2.156592100519112e-10
48.8025690031,2.2715463207,2.587642162169996e-10
48.8074628937,2.2715463207,2.9326769449061084e-10
48.8123567843,2.2715463207,3.1394099384273197e-10
48.8172506749,2.2715463207,3.1743559954509645e-10
48.8221445655,2.2715463207,3.031705621005694e-10
48.8270384561,2.2715463207,2.7349048748025474e-10
48.8319323467,2.2715463207,2.330350352866161e-10
48.8368262373,2.2715463207,1.8755299802102915e-10
48.8417201279,2.2715463207,1.4257737010959852e-10
48.8466140185,2.2715463207,1.0237666874232424e-10
48.8515079091,2.2715463207,6.943465580824143e-11
48.8564017997,2.2715463207,4.449162931243749e-11
48.8612956903,2.2715463207,2.7308556102854155e-11
48.8661895809,2.2715463207,2.4088307200868807e-11
48.8710834715,2.2715463207,1.2491346949636755e-10
48.8759773621,2.2715463207,9.5005945176125e-10
48.8808712527,2.2715463207,4.647413512471042e-09
48.8857651433,2.2715463207,1.3816280897052307e-08
48.8906590339,2.2715463207,2.487949871030057e-08
48.8955529245,2.2715463207,2.7129470053051518e-08
48.9004468151,2.2715463207,1.7913302259035745e-08
48.9053407057,2.2715463207,7.1621319601996644e-09
48.9102345963,2.2715463207,1.7339679399068234e-09
48.9151284869,2.2715463207,2.541984737096402e-10
48.9200223775,2.2715463207,2.256546133106103e-11
48.9249162681,2.2715463207,1.2131520561317242e-12
48.9298101587,2.2715463207,4.293841265405961e-14
48.9347040493,2.2715463207,1.806137019032011e-13
48.9395979399,2.2715463207,6.244992981192252e-12
48.9444918305,2.2715463207,1.4249227529932114e-10
48.9493857211,2.2715463207,2.136090849564731e-09
48.9542796117,2.2715463207,2.1038571780067515e-08
48.9591735023,2.2715463207,1.361384876975986e-07
48.9640673929,2.2715463207,5.787802767580775e-07
48.9689612835,2.2715463207,1.616644978913228e-06
48.9738551741,2.2715463207,2.9667689544171497e-06
48.9787490647,2.2715463207,3.5770163649754083e-06
48.7389484253,2.2764402113,6.104847195447845e-13
48.7438423159,2.2764402113,1.511923855295408e-12
48.7487362065,2.2764402113,3.5367864528327663e-12
48.7536300971,2.2764402113,7.81468640435868e-12
48.7585239877,2.2764402113,1.6309403180326644e-11
48.7634178783,2.2764402113,3.2150548053361525e-11
48.7683117689,2.2764402113,5.986355303685969e-11
48.7732056595,2.2764402113,1.0528351994356153e-10
48.7780995501,2.2764402113,1.7489689543876825e-10
48.7829934407,2.2764402113,2.744274828964501e-10
48.7878873313,2.2764402113,4.0672128544231416e-10
48.7927812219,2.2764402113,5.693639925973687e-10
48.7976751125,2.2764402113,7.52847292055934e-10
48.8025690031,2.2764402113,9.402591848622128e-10
48.8074628937,2.2764402113,1.1092056521208e-09
48.8123567843,2.2764402113,1.2359484605662033e-09
48.8172506749,2.2764402113,1.3008057425101753e-09
48.8221445655,2.2764402113,1.2931482832385436e-09
48.8270384561,2.2764402113,1.2142497064963975e-09
48.8319323467,2.2764402113,1.0769399411566954e-09
48.8368262373,2.2764402113,9.021915575656109e-10
48.8417201279,2.2764402113,7.138875877796597e-10
48.8466140185,2.2764402113,5.3356179017822e-10
48.8515079091,2.2764402113,3.766741136556309e-10
48.8564017997,2.2764402113,2.5127431534265765e-10
48.8612956903,2.2764402113,1.6141884703429768e-10
48.8661895809,2.2764402113,1.5381041995760174e-10
48.8710834715,2.2764402113,7.22242326306984e-10
48.8759773621,2.2764402113,4.572532473079562e-09
48.8808712527,2.2764402113,1.8696677106152927e-08
48.8857651433,2.2764402113,4.65142255057316e-08
48.8906590339,2.2764402113,7.010670284784231e-08
48.8955529245,2.2764402113,6.398799547463428e-08
48.9004468151,2.2764402113,3.5365221769564565e-08
48.9053407057,2.2764402113,1.1835559606415081e-08
48.9102345963,2.2764402113,2.3984853172848776e-09
48.9151284869,2.2764402113,2.943287559240208e-10
48.9200223775,2.2764402113,2.1875078512990195e-11
48.9249162681,2.2764402113,9.926463952784857e-13
48.9298101587,2.2764402113,3.7481180727906113e-13
48.9347040493,2.2764402113,1.2002967217555305e-11
48.9395979399,2.2764402113,2.7244450801170195e-10
48.9444918305,2.2764402113,4.063099074272292e-09
48.9493857211,2.2764402113,3.981117274898027e-08
48.9542796117,2.2764402113,2.5628351060538285e-07
48.9591735023,2.2764402113,1.0839381229663711e-06
48.9640673929,2.2764402113,3.012010288961027e-06
48.9689612835,2.2764402113,5.498909148940221e-06
48.9738551741,2.2764402113,6.5957588864792815e-06
48.9787490647,2.2764402113,5.197818750150143e-06
48.7389484253,2.2813341019,1.1992908677923506e-12
48.7438423159,2.2813341019,3.0916059274871347e-12
48.7487362065,2.2813341019,7.527790662255847e-12
48.7536300971,2.2813341019,1.7313095838852318e-11
48.7585239877,2.2813341019,3.761020757521048e-11
48.7634178783,2.2813341019,7.717213673353602e-11
48.7683117689,2.2813341019,1.4956814844655813e-10
48.7732056595,2.2813341019,2.738050836340056e-10
48.7780995501,2.2813341019,4.734429944075203e-10
48.7829934407,2.2813341019,7.732459954877182e-10
48.7878873313,2.2813341019,1.1928654557068895e-09
48.7927812219,2.2813341019,1.7381571609280099e-09
48.7976751125,2.2813341019,2.3922712417617675e-09
48.8025690031,2.2813341019,3.109965667052975e-09
48.8074628937,2.2813341019,3.818779365853927e-09
48.8123567843,2.2813341019,4.429118884892682e-09
48.8172506749,2.2813341019,4.852146509011293e-09
48.8221445655,2.2813341019,5.0208156027996365e-09
48.8270384561,2.2813341019,4.907252833441049e-09
48.8319323467,2.2813341019,4.530294075842905e-09
48.8368262373,2.2813341019,3.950373430817146e-09
48.8417201279,2.2813341019,3.253671528610526e-09
48.8466140185,2.2813341019,2.53123876920335e-09
48.8515079091,2.2813341019,1.8600360505853284e-09
48.8564017997,2.2813341019,1.2919235206513162e-09
48.8612956903,2.2813341019,8.702308403058445e-10
48.8661895809,2.2813341019,8.941058145276391e-10
48.8710834715,2.2813341019,3.779129384527163e-09
48.8759773621,2.2813341019,1.9903648726207963e-08
48.8808712527,2.2813341019,6.799641938452092e-08
48.8857651433,2.2813341019,1.4154217490358124e-07
48.8906590339,2.2813341019,1.7855164348671267e-07
48.8955529245,2.2813341019,1.364069891191322e-07
48.9004468151,2.2813341019,6.310427830811367e-08
48.9053407057,2.2813341019,1.7677688297733716e-08
48.9102345963,2.2813341019,2.9988558862136178e-09
48.9151284869,2.2813341019,3.081504122333127e-10
48.9200223775,2.2813341019,1.922824859253543e-11
48.9249162681,2.2813341019,1.3930585691503386e-12
48.9298101587,2.2813341019,2.2441716493209007e-11
48.9347040493,2.2813341019,5.062795034424877e-10
48.9395979399,2.2813341019,7.51137173029176e-09
48.9444918305,2.2813341019,7.321799244307167e-08
48.9493857211,2.2813341019,4.6890464503867853e-07
48.9542796117,2.2813341019,1.972965027199234e-06
48.9591735023,2.2813341019,5.454090908617396e-06
48.9640673929,2.2813341019,9.90588977791378e-06
48.9689612835,2.2813341019,1.1820415521927132e-05
48.9738551741,2.2813341019,9.26702061458868e-06
48.9787490647,2.2813341019,4.773266121915698e-06
48.7389484253,2.2862279925,2.144563448688698e-12
48.7438423159,2.2862279925,5.75443895817177e-12
48.7487362065,2.2862279925,1.458447743455034e-11
48.7536300971,2.2862279925,3.4914237010022355e-11
48.7585239877,2.2862279925,7.89474371416451e-11
48.7634178783,2.2862279925,1.6861542987814476e-10
48.7683117689,2.2862279925,3.401577651908299e-10
48.7732056595,2.2862279925,6.481675171196425e-10
48.7780995501,2.2862279925,1.1665891506802394e-09
48.7829934407,2.2862279925,1.9832268853676728e-09
48.7878873313,2.2862279925,3.184569027294089e-09
48.7927812219,2.2862279925,4.8300622731750564e-09
48.7976751125,2.2862279925,6.919561773557714e-09
48.8025690031,2.2862279925,9.36328513895017e-09
48.8074628937,2.2862279925,1.1967452302298137e-08
48.8123567843,2.2862279925,1.4447708139113713e-08
48.8172506749,2.2862279925,1.6474794780795597e-08
48.8221445655,2.2862279925,1.7744544905818703e-08
48.8270384561,2.2862279925,1.8052340353287537e-08
48.8319323467,2.2862279925,1.7347062948202655e-08
48.8368262373,2.2862279925,1.574498284682929e-08
48.8417201279,2.2862279925,1.3498397994884719e-08
48.8466140185,2.2862279925,1.0930655480244903e-08
48.8515079091,2.2862279925,8.360738571276495e-09
48.8564017997,2.2862279925,6.047570880745675e-09
48.8612956903,2.2862279925,4.281503145070051e-09
48.8661895809,2.2862279925,4.729364318629599e-09
48.8710834715,2.2862279925,1.789967595776113e-08
48.8759773621,2.2862279925,7.838121138740763e-08
48.8808712527,2.2862279925,2.2359106684047141e-07
48.8857651433,2.2862279925,3.893471950259898e-07
48.8906590339,2.2862279925,4.1104344461596575e-07
48.8955529245,2.2862279925,2.628382308630437e-07
48.9004468151,2.2862279925,1.0178165515223331e-07
48.9053407057,2.2862279925,2.3869836094810276e-08
48.9102345963,2.2862279925,3.3915564138371227e-09
48.9151284869,2.2862279925,2.9269623603551144e-10
48.9200223775,2.2862279925,1.68431977336977e-11
48.9249162681,2.2862279925,4.133899847864616e-11
48.9298101587,2.2862279925,9.144317569301279e-10
48.9347040493,2.2862279925,1.3496017699644699e-08
48.9395979399,2.2862279925,1.308744297290435e-07
48.9444918305,2.2862279925,8.338204342043614e-07
48.9493857211,2.2862279925,3.4902650711767765e-06
48.9542796117,2.2862279925,9.598700079536965e-06
48.9591735023,2.2862279925,1.7343413004256418e-05
48.9640673929,2.2862279925,2.0588506501093945e-05
48.9689612835,2.2862279925,1.605769685655593e-05
48.9738551741,2.2862279925,8.22829397100411e-06
48.9787490647,2.2862279925,2.7701575959513334e-06
48.7389484253,2.2911218831,3.490743332297088e-12
48.7438423159,2.2911218831,9.74959304073316e-12
48.7487362065,2.2911218831,2.572046741132732e-11
48.7536300971,2.2911218831,6.40907011390219e-11
48.7585239877,2.2911218831,1.5084641258985828e-10
48.7634178783,2.2911218831,3.353503372496846e-10
48.7683117689,2.2911218831,7.041842480919721e-10
48.7732056595,2.2911218831,1.396682405797641e-09
48.7780995501,2.2911218831,2.616572761388335e-09
48.7829934407,2.2911218831,4.630114887520498e-09
48.7878873313,2.2911218831,7.738815915892029e-09
48.7927812219,2.2911218831,1.2217463845948414e-08
48.7976751125,2.2911218831,1.8218449220239917e-08
48.8025690031,2.2911218831,2.566052562626648e-08
48.8074628937,2.2911218831,3.413842562517903e-08
48.8123567843,2.2911218831,4.2898808655980766e-08
48.8172506749,2.2911218831,5.0917934858123175e-08
48.8221445655,2.2911218831,5.708475407217835e-08
48.8270384561,2.2911218831,6.044957831475683e-08
48.8319323467,2.2911218831,6.046306977529132e-08
48.8368262373,2.2911218831,5.712298526824797e-08
48.8417201279,2.2911218831,5.097478520725358e-08
48.8466140185,2.2911218831,4.296591732022259e-08
48.8515079091,2.2911218831,3.42088855160928e-08
48.8564017997,2.2911218831,2.577748333212328e-08
48.8612956903,2.2911218831,1.9237704997350698e-08
48.8661895809,2.2911218831,2.275183642141349e-08
48.8710834715,2.2911218831,7.676724039395963e-08
48.8759773621,2.2911218831,2.793763784315597e-07
48.8808712527,2.2911218831,6.649824955129897e-07
48.8857651433,2.2911218831,9.6836836117828e-07
48.8906590339,2.2911218831,8.555041757431007e-07
48.8955529245,2.2911218831,4.578950737433053e-07
48.9004468151,2.2911218831,1.484584669593559e-07
48.9053407057,2.2911218831,2.91721570108744e-08
48.9102345963,2.2911218831,3.4852192621787177e-09
48.9151284869,2.2911218831,2.608762812098799e-10
48.9200223775,2.2911218831,8.618281120044301e-11
48.9249162681,2.2911218831,1.6065055745930936e-09
48.9298101587,2.2911218831,2.3567979487334285e-08
48.9347040493,2.2911218831,2.2736107297895506e-07
48.9395979399,2.2911218831,1.4410686491194824e-06
48.9444918305,2.2911218831,6.000971494267525e-06
48.9493857211,2.2911218831,1.6418239988406424e-05
48.9542796117,2.2911218831,2.9512076581966664e-05
48.9591735023,2.2911218831,3.485307270570068e-05
48.9640673929,2.2911218831,2.704272854362854e-05
48.9689612835,2.2911218831,1.3785676359597638e-05
48.9738551741,2.2911218831,4.617147850130298e-06
48.9787490647,2.2911218831,1.0159857538483679e-06
48.7389484253,2.2960157737,5.172036473985361e-12
48.7438423159,2.2960157737,1.5036080185897775e-11
48.7487362065,2.2960157737,4.128872621482075e-11
48.7536300971,2.2960157737,1.070907928881438e-10
48.7585239877,2.2960157737,2.6235937088274295e-10
48.7634178783,2.2960157737,6.071064195707516e-10
48.7683117689,2.2960157737,1.3269570525851622e-09
48.7732056595,2.2960157737,2.739508841392611e-09
48.7780995501,2.2960157737,5.3421040581450085e-09
48.7829934407,2.2960157737,9.839562253838147e-09
48.7878873313,2.2960157737,1.711839367912041e-08
48.7927812219,2.2960157737,2.8130278986316365e-08
48.7976751125,2.2960157737,4.366252693469747e-08
48.8025690031,2.2960157737,6.401289846358291e-08
48.8074628937,2.2960157737,8.864411761736203e-08
48.8123567843,2.2960157737,1.1594610675820943e-07
48.8172506749,2.2960157737,1.432472408264959e-07
48.8221445655,2.2960157737,1.6716301646183606e-07
48.8270384561,2.2960157737,1.8425441057570575e-07
48.8319323467,2.2960157737,1.918312106291027e-07
48.8368262373,2.2960157737,1.886445920735197e-07
48.8417201279,2.2960157737,1.7522387341243034e-07
48.8466140185,2.2960157737,1.537329630876177e-07
48.8515079091,2.2960157737,1.274121935967233e-07
48.8564017997,2.2960157737,1.0007206681397853e-07
48.8612956903,2.2960157737,7.900945330705405e-08
48.8661895809,2.2960157737,9.950059199934205e-08
48.8710834715,2.2960157737,2.982255510414526e-07
48.8759773621,2.2960157737,9.018852291128122e-07
48.8808712527,2.2960157737,1.7898096444092184e-06
48.8857651433,2.2960157737,2.178823639409355e-06
48.8906590339,2.2960157737,1.6107123887733029e-06
48.8955529245,2.2960157737,7.218564664172503e-07
48.9004468151,2.2960157737,1.9619930110795705e-07
48.9053407057,2.2960157737,3.2466974795088354e-08
48.9102345963,2.2960157737,3.352282648873981e-09
48.9151284869,2.2960157737,3.770747285809438e-10
48.9200223775,2.2960157737,2.7681917847264304e-09
48.9249162681,2.2960157737,4.000727514997677e-08
48.9298101587,2.2960157737,3.838876731124367e-07
48.9347040493,2.2960157737,2.420589062905141e-06
48.9395979399,2.2960157737,1.0027873671501209e-05
48.9444918305,2.2960157737,2.7293856646137467e-05
48.9493857211,2.2960157737,4.8807785165557024e-05
48.9542796117,2.2960157737,5.734313450247219e-05
48.9591735023,2.2960157737,4.426310650364871e-05
48.9640673929,2.2960157737,2.244762950975338e-05
48.9689612835,2.2960157737,7.479407827135091e-06
48.9738551741,2.2960157737,1.6373143814972458e-06
48.9787490647,2.2960157737,2.354859886806261e-07
48.7389484253,2.3009096643,6.975412336481965e-12
48.7438423159,2.3009096643,2.1108016376057313e-11
48.7487362065,2.3009096643,6.033214377575265e-11
48.7536300971,2.3009096643,1.6288229870632966e-10
48.7585239877,2.3009096643,4.153582296503037e-10
48.7634178783,2.3009096643,1.000450365527103e-09
48.7683117689,2.3009096643,2.276103844173877e-09
48.7732056595,2.3009096643,4.891165914177004e-09
48.7780995501,2.3009096643,9.92787990506176e-09
48.7829934407,2.3009096643,1.90337531506832e-08
48.7878873313,2.3009096643,3.4468005044150844e-08
48.7927812219,2.3009096643,5.895649554854258e-08
48.7976751125,2.3009096643,9.525131305591923e-08
48.8025690031,2.3009096643,1.4535637474493184e-07
48.8074628937,2.3009096643,2.095178437709562e-07
48.8123567843,2.3009096643,2.8525406658709227e-07
48.8172506749,2.3009096643,3.66831567204322e-07
48.8221445655,2.3009096643,4.4557990259700164e-07
48.8270384561,2.3009096643,5.112203857913395e-07
48.8319323467,2.3009096643,5.540053626445409e-07
48.8368262373,2.3009096643,5.670783912161659e-07
48.8417201279,2.3009096643,5.482720152161607e-07
48.8466140185,2.3009096643,5.006976779099011e-07
48.8515079091,2.3009096643,4.319909846748144e-07
48.8564017997,2.3009096643,3.5396054691342333e-07
48.8612956903,2.3009096643,2.968968600551224e-07
48.8661895809,2.3009096643,3.953995828844563e-07
48.8710834715,2.3009096643,1.0498957054081147e-06
48.8759773621,2.3009096643,2.6394539720803866e-06
48.8808712527,2.3009096643,4.364179178642086e-06
48.8857651433,2.3009096643,4.4400316582322015e-06
48.8906590339,2.3009096643,2.747705222337894e-06
48.8955529245,2.3009096643,1.0328848657383308e-06
48.9004468151,2.3009096643,2.368439733785046e-07
48.9053407057,2.3009096643,3.395476659360333e-08
48.9102345963,2.3009096643,3.7241258291968174e-09
48.9151284869,2.3009096643,5.026129926341507e-09
48.9200223775,2.3009096643,6.611989819252569e-08
48.9249162681,2.3009096643,6.300064855717805e-07
48.9298101587,2.3009096643,3.9516930366313135e-06
48.9347040493,2.3009096643,1.6286223957948398e-05
48.9395979399,2.3009096643,4.409885932227372e-05
48.9444918305,2.3009096643,7.845173671064168e-05
48.9493857211,2.3009096643,9.16950546998202e-05
48.9542796117,2.3009096643,7.041373813046721e-05
48.9591735023,2.3009096643,3.552524006273087e-05
48.9640673929,2.3009096643,1.1775646921553942e-05
48.9689612835,2.3009096643,2.5644879505371005e-06
48.9738551741,2.3009096643,3.6693123589901213e-07
48.9787490647,2.3009096643,3.44934661838526e-08
48.7389484253,2.3058035549,8.563333058647657e-12
48.7438423159,2.3058035549,2.6972726961918303e-11
48.7487362065,2.3058035549,8.024734530296456e-11
48.7536300971,2.3058035549,2.2550713625975447e-10
48.7585239877,2.3058035549,5.985682862092112e-10
48.7634178783,2.3058035549,1.5006897412110056e-09
48.7683117689,2.3058035549,3.553791317066353e-09
48.7732056595,2.3058035549,7.94907743597666e-09
48.7780995501,2.3058035549,1.6794432414663305e-08
48.7829934407,2.3058035549,3.351488486889959e-08
48.7878873313,2.3058035549,6.31733532939865e-08
48.7927812219,2.3058035549,1.1247446244636543e-07
48.7976751125,2.3058035549,1.8914624363786205e-07
48.8025690031,2.3058035549,3.004452382081322e-07
48.8074628937,2.3058035549,4.507718787316876e-07
48.8123567843,2.3058035549,6.388111547655138e-07
48.8172506749,2.3058035549,8.550922425631978e-07
48.8221445655,2.3058035549,1.0811313340529659e-06
48.8270384561,2.3058035549,1.2911226753786112e-06
48.8319323467,2.3058035549,1.4563907165281758e-06
48.8368262373,2.3058035549,1.5517066417443263e-06
48.8417201279,2.3058035549,1.5615827506879937e-06
48.8466140185,2.3058035549,1.4844023787901327e-06
48.8515079091,2.3058035549,1.3333925721132409e-06
48.8564017997,2.3058035549,1.141342907242019e-06
48.8612956903,2.3058035549,1.0219139391641007e-06
48.8661895809,2.3058035549,1.4271406412854304e-06
48.8710834715,2.3058035549,3.3513013957894284e-06
48.8759773621,2.3058035549,7.012710522061267e-06
48.8808712527,2.3058035549,9.65883492655078e-06
48.8857651433,2.3058035549,8.216008387996458e-06
48.8906590339,2.3058035549,4.265787737902027e-06
48.8955529245,2.3058035549,1.355237900654482e-06
48.9004468151,2.3058035549,2.6993255979773124e-07
48.9053407057,2.3058035549,3.857117586078963e-08
48.9102345963,2.3058035549,1.3596393031524418e-08
48.9151284869,2.3058035549,1.0768868655160661e-07
48.9200223775,2.3058035549,1.0054577753436281e-06
48.9249162681,2.3058035549,6.270256662148296e-06
48.9298101587,2.3058035549,2.570736137834401e-05
48.9347040493,2.3058035549,6.924909740907432e-05
48.9395979399,2.3058035549,0.00012255758253483154
48.9444918305,2.3058035549,0.00014250645482271972
48.9493857211,2.3058035549,0.00010886719729088008
48.9542796117,2.3058035549,5.464213837997244e-05
48.9591735023,2.3058035549,1.801882493465371e-05
48.9640673929,2.3058035549,3.903852307772419e-06
48.9689612835,2.3058035549,5.556846833229306e-07
48.9738551741,2.3058035549,5.1967474261617154e-08
48.9787490647,2.3058035549,3.1930295525010177e-09
48.7389484253,2.3106974455,9.569305739395749e-12
48.7438423159,2.3106974455,3.1373786312879876e-11
48.7487362065,2.3106974455,9.715770229037222e-11
48.7536300971,2.3106974455,2.8419166359978175e-10
48.7585239877,2.3106974455,7.851800033706856e-10
48.7634178783,2.3106974455,2.0490423025496946e-09
48.7683117689,2.3106974455,5.050756319899039e-09
48.7732056595,2.3106974455,1.17594146647404e-08
48.7780995501,2.3106974455,2.5860611582442712e-08
48.7829934407,2.3106974455,5.371748551641166e-08
48.7878873313,2.3106974455,1.0539411392607728e-07
48.7927812219,2.3106974455,1.9531735583476147e-07
48.7976751125,2.3106974455,3.418921397754155e-07
48.8025690031,2.3106974455,5.652768924960228e-07
48.8074628937,2.3106974455,8.827900768556585e-07
48.8123567843,2.3106974455,1.3022035108082865e-06
48.8172506749,2.3106974455,1.8143791113232624e-06
48.8221445655,2.3106974455,2.3878471627049576e-06
48.8270384561,2.3106974455,2.9683095297140634e-06
48.8319323467,2.3106974455,3.4851863783786687e-06
48.8368262373,2.3106974455,3.86504904966013e-06
48.8417201279,2.3106974455,4.0486067956475515e-06
48.8466140185,2.3106974455,4.0059048557245905e-06
48.8515079091,2.3106974455,3.747291904557869e-06
48.8564017997,2.3106974455,3.3580642411761056e-06
48.8612956903,2.3106974455,3.225653398464794e-06
48.8661895809,2.3106974455,4.676822802067658e-06
48.8710834715,2.3106974455,9.705685829387902e-06
48.8759773621,2.3106974455,1.6949000390515758e-05
48.8808712527,2.3106974455,1.9469552193719287e-05
48.8857651433,2.3106974455,1.3885049485743594e-05
48.8906590339,2.3106974455,6.0999354216246575e-06
48.8955529245,2.3106974455,1.6856928156162346e-06
48.9004468151,2.3106974455,3.2641363563748205e-07
48.9053407057,2.3106974455,7.609219204216039e-08
48.9102345963,2.3106974455,1.8559465353582815e-07
48.9151284869,2.3106974455,1.5660948153793145e-06
48.9200223775,2.3106974455,9.672476223134206e-06
48.9249162681,2.3106974455,3.9439494839711504e-05
48.9298101587,2.3106974455,0.00010568827628626358
48.9347040493,2.3106974455,0.0001860811191690775
48.9395979399,2.3106974455,0.00021525209946930224
48.9444918305,2.3106974455,0.0001635915467189945
48.9493857211,2.3106974455,8.168503669286965e-05
48.9542796117,2.3106974455,2.679737839986022e-05
48.9591735023,2.3106974455,5.775774828648654e-06
48.9640673929,2.3106974455,8.178927377107318e-07
48.9689612835,2.3106974455,7.609404162280036e-08
48.9738551741,2.3106974455,4.6512898667815875e-09
48.9787490647,2.3106974455,1.8679546157564202e-10
48.7389484253,2.3155913361,9.733805630534802e-12
48.7438423159,2.3155913361,3.321801345678873e-11
48.7487362065,2.3155913361,1.0707508828348052e-10
48.7536300971,2.3155913361,3.260070734310961e-10
48.7585239877,2.3155913361,9.37539129486897e-10
48.7634178783,2.3155913361,2.5466870489152026e-09
48.7683117689,2.3155913361,6.534096653082071e-09
48.7732056595,2.3155913361,1.583504589589114e-08
48.7780995501,2.3155913361,3.6247402983057435e-08
48.7829934407,2.3155913361,7.837151881686206e-08
48.7878873313,2.3155913361,1.6005285598903642e-07
48.7927812219,2.3155913361,3.0873963818509153e-07
48.7976751125,2.3155913361,5.625293153221872e-07
48.8025690031,2.3155913361,9.68103607732944e-07
48.8074628937,2.3155913361,1.573704657070777e-06
48.8123567843,2.3155913361,2.41631249497163e-06
48.8172506749,2.3155913361,3.504459309098124e-06
48.8221445655,2.3155913361,4.8010388195095e-06
48.8270384561,2.3155913361,6.212691232397879e-06
48.8319323467,2.3155913361,7.593017831766032e-06
48.8368262373,2.3155913361,8.764432544811447e-06
48.8417201279,2.3155913361,9.555238474027319e-06
48.8466140185,2.3155913361,9.841011903644656e-06
48.8515079091,2.3155913361,9.591060994601453e-06
48.8564017997,2.3155913361,9.027754954934043e-06
48.8612956903,2.3155913361,9.348243063830959e-06
48.8661895809,2.3155913361,1.391035926605482e-05
48.8710834715,2.3155913361,2.5522068069447594e-05
48.8759773621,2.3155913361,3.737105428660203e-05
48.8808712527,2.3155913361,3.59586295894191e-05
48.8857651433,2.3155913361,2.1698761316367395e-05
48.8906590339,2.3155913361,8.285807777993084e-06
48.8955529245,2.3155913361,2.179737618324075e-06
48.9004468151,2.3155913361,5.464161333796568e-07
48.9053407057,2.3155913361,4.304915604648354e-07
48.9102345963,2.3155913361,2.42742459606316e-06
48.9151284869,2.3155913361,1.4528521133828545e-05
48.9200223775,2.3155913361,5.881924977331756e-05
48.9249162681,2.3155913361,0.00015677544933127876
48.9298101587,2.3155913361,0.0002745945174251028
48.9347040493,2.3155913361,0.0003159988248149355
48.9395979399,2.3155913361,0.00023891824323050647
48.9444918305,2.3155913361,0.00011868116545832472
48.9493857211,2.3155913361,3.873313178168893e-05
48.9542796117,2.3155913361,8.305231072483712e-06
48.9591735023,2.3155913361,1.1700093453153158e-06
48.9640673929,2.3155913361,1.0829202396245583e-07
48.9689612835,2.3155913361,6.585350510870102e-09
48.9738551741,2.3155913361,2.631350150001925e-10
48.9787490647,2.3155913361,6.91525945937058e-12
48.7389484253,2.3204852267,9.012588729989121e-12
48.7438423159,2.3204852267,3.2014374689395005e-11
48.7487362065,2.3204852267,1.0741484130597743e-10
48.7536300971,2.3204852267,3.404139557806471e-10
48.7585239877,2.3204852267,1.019000082202254e-09
48.7634178783,2.3204852267,2.8811434318870848e-09
48.7683117689,2.3204852267,7.694481097302015e-09
48.7732056595,2.3204852267,1.940964500583972e-08
48.7780995501,2.3204852267,4.6246582522729293e-08
48.7829934407,2.3204852267,1.0407957152729611e-07
48.7878873313,2.3204852267,2.2124585531302325e-07
48.7927812219,2.3204852267,4.442307221067942e-07
48.7976751125,2.3204852267,8.424921366663878e-07
48.8025690031,2.3204852267,1.5092014582949234e-06
48.8074628937,2.3204852267,2.5536122976593394e-06
48.8123567843,2.3204852267,4.0813204139061665e-06
48.8172506749,2.3204852267,6.161933664709194e-06
48.8221445655,2.3204852267,8.78900536590189e-06
48.8270384561,2.3204852267,1.1842054416448769e-05
48.8319323467,2.3204852267,1.5067248301050568e-05
48.8368262373,2.3204852267,1.8099977303333913e-05
48.8417201279,2.3204852267,2.053357414137474e-05
48.8466140185,2.3204852267,2.201025734242166e-05
48.8515079091,2.3204852267,2.2368335290763537e-05
48.8564017997,2.3204852267,2.2223171684490535e-05
48.8612956903,2.3204852267,2.490162507091394e-05
48.8661895809,2.3204852267,3.754012464670959e-05
48.8710834715,2.3204852267,6.099180795331645e-05
48.8759773621,2.3204852267,7.547199290824313e-05
48.8808712527,2.3204852267,6.14713358241857e-05
48.8857651433,2.3204852267,3.214782759024419e-05
48.8906590339,2.3204852267,1.1435999108283983e-05
48.8955529245,2.3204852267,3.4627161707796713e-06
48.9004468151,2.3204852267,1.6321120716624611e-06
48.9053407057,2.3204852267,4.0388581300819555e-06
48.9102345963,2.3204852267,2.141153518666047e-05
48.9151284869,2.3204852267,8.535904223249415e-05
48.9200223775,2.3204852267,0.00022607156946060475
48.9249162681,2.3204852267,0.00039384849344945846
48.9298101587,2.3204852267,0.00045087517070044103
48.9347040493,2.3204852267,0.00033913017289293677
48.9395979399,2.3204852267,0.00016759020551021026
48.9444918305,2.3204852267,5.441275549809172e-05
48.9493857211,2.3204852267,1.1607080382440884e-05
48.9542796117,2.3204852267,1.6267433019771369e-06
48.9591735023,2.3204852267,1.4979816098766826e-07
48.9640673929,2.3204852267,9.065494186984688e-09
48.9689612835,2.3204852267,3.6125448948567395e-10
48.9738551741,2.3204852267,9.674375655146852e-12
48.9787490647,2.3204852267,2.2333811486486053e-13
48.7389484253,2.3253791173,7.595932231452228e-12
48.7438423159,2.3253791173,2.8085427233773038e-11
48.7487362065,2.3253791173,9.808549441282815e-11
48.7536300971,2.3253791173,3.235581427760023e-10
48.7585239877,2.3253791173,1.0081465768034204e-09
48.7634178783,2.3253791173,2.9670087235926635e-09
48.7683117689,2.3253791173,8.247793219342572e-09
48.7732056595,2.3253791173,2.165611269223257e-08
48.7780995501,2.3253791173,5.370899658371172e-08
48.7829934407,2.3253791173,1.2581643413921432e-07
48.7878873313,2.3253791173,2.7838863626485293e-07
48.7927812219,2.3253791173,5.818210563562548e-07
48.7976751125,2.3253791173,1.1485534553346813e-06
48.8025690031,2.3253791173,2.1415958044703015e-06
48.8074628937,2.3253791173,3.771848947820926e-06
48.8123567843,2.3253791173,6.2752956412713034e-06
48.8172506749,2.3253791173,9.864567197800003e-06
48.8221445655,2.3253791173,1.4656154707728106e-05
48.8270384561,2.3253791173,2.0576574989068576e-05
48.8319323467,2.3253791173,2.7268992287421536e-05
48.8368262373,2.3253791173,3.4083961824789606e-05
48.8417201279,2.3253791173,4.020659313679974e-05
48.8466140185,2.3253791173,4.483718468863577e-05
48.8515079091,2.3253791173,4.7586137983309343e-05
48.8564017997,2.3253791173,5.0247915068956734e-05
48.8612956903,2.3253791173,6.102438356104768e-05
48.8661895809,2.3253791173,9.189819125414689e-05
48.8710834715,2.3253791173,0.00013260003934126172
48.8759773621,2.3253791173,0.0001403426272085753
48.8808712527,2.3253791173,9.882621896700275e-05
48.8857651433,2.3253791173,4.7132687647414395e-05
48.8906590339,2.3253791173,1.77350484189944e-05
48.8955529245,2.3253791173,7.645297147793583e-06
48.9004468151,2.3253791173,8.473887843628617e-06
48.9053407057,2.3253791173,3.1839964029833444e-05
48.9102345963,2.3253791173,0.00012105196584019157
48.9151284869,2.3253791173,0.0003171859612363819
48.9200223775,2.3253791173,0.0005491952822368469
48.9249162681,2.3253791173,0.0006253266851148844
48.9298101587,2.3253791173,0.0004678862045334277
48.9347040493,2.3253791173,0.00023002067345282567
48.9395979399,2.3253791173,7.429775536834778e-05
48.9444918305,2.3253791173,1.5767931193785167e-05
48.9493857211,2.3253791173,2.1989319091056274e-06
48.9542796117,2.3253791173,2.016192301652747e-07
48.9591735023,2.3253791173,1.2198742133376289e-08
48.9640673929,2.3253791173,5.020901978577099e-10
48.9689612835,2.3253791173,1.859650636678348e-11
48.9738551741,2.3253791173,1.7692156321707693e-12
48.9787490647,2.3253791173,3.74658083133878e-13
48.7389484253,2.3302730079,5.827432528173472e-12
48.7438423159,2.3302730079,2.2427542601181747e-11
48.7487362065,2.3302730079,8.152858865502329e-11
48.7536300971,2.3302730079,2.799380646871142e-10
48.7585239877,2.3302730079,9.07899516727069e-10
48.7634178783,2.3302730079,2.7812332420121626e-09
48.7683117689,2.3302730079,8.047497226864256e-09
48.7732056595,2.3302730079,2.199419430198306e-08
48.7780995501,2.3302730079,5.677786745405724e-08
48.7829934407,2.3302730079,1.3844392181191692e-07
48.7878873313,2.3302730079,3.188544686238004e-07
48.7927812219,2.3302730079,6.93641269143895e-07
48.7976751125,2.3302730079,1.4252834479668154e-06
48.8025690031,2.3302730079,2.7662597137481956e-06
48.8074628937,2.3302730079,5.071358368957269e-06
48.8123567843,2.3302730079,8.783731839287346e-06
48.8172506749,2.3302730079,1.4382704322881194e-05
48.8221445655,2.3302730079,2.2286970201951703e-05
48.8270384561,2.3302730079,3.2673422150530424e-05
48.8319323467,2.3302730079,4.5177336495357834e-05
48.8368262373,2.3302730079,5.873655331027288e-05
48.8417201279,2.3302730079,7.190563017419748e-05
48.8466140185,2.3302730079,8.32999408521757e-05
48.8515079091,2.3302730079,9.254474913865702e-05
48.8564017997,2.3302730079,0.00010481656960627696
48.8612956903,2.3302730079,0.00013766430340117678
48.8661895809,2.3302730079,0.00020402051546661605
48.8710834715,2.3302730079,0.00026256972682922483
48.8759773621,2.3302730079,0.00024188625412575047
48.8808712527,2.3302730079,0.0001527043287566257
48.8857651433,2.3302730079,7.216029546967451e-05
48.8906590339,2.3302730079,3.3074924819079244e-05
48.8955529245,2.3302730079,2.385278867069025e-05
48.9004468151,2.3302730079,5.116871765330067e-05
48.9053407057,2.3302730079,0.00017012732686767982
48.9102345963,2.3302730079,0.0004344604393515958
48.9151284869,2.3302730079,0.0007453749038855671
48.9200223775,2.3302730079,0.0008434683096920101
48.9249162681,2.3302730079,0.0006276622882594797
48.9298101587,2.3302730079,0.00030696229167662234
48.9347040493,2.3302730079,9.865297639267609e-05
48.9395979399,2.3302730079,2.084019800142367e-05
48.9444918305,2.3302730079,2.897123294516058e-06
48.9493857211,2.3302730079,2.6670387125534146e-07
48.9542796117,2.3302730079,1.6954364667211953e-08
48.9591735023,2.3302730079,9.960423957766484e-10
48.9640673929,2.3302730079,1.2721399367894686e-10
48.9689612835,2.3302730079,3.129681977498009e-11
48.9738551741,2.3302730079,8.178900230950962e-12
48.9787490647,2.3302730079,2.0350978219063607e-12
48.7389484253,2.3351668985000003,4.069472055435023e-12
48.7438423159,2.3351668985000003,1.6302229029482393e-11
48.7487362065,2.3351668985000003,6.168501965126223e-11
48.7536300971,2.3351668985000003,2.2046325852642905e-10
48.7585239877,2.3351668985000003,7.442460432563263e-10
48.7634178783,2.3351668985000003,2.3731251625245966e-09
48.7683117689,2.3351668985000003,7.147407632271141e-09
48.7732056595,2.3351668985000003,2.0332943621343377e-08
48.7780995501,2.3351668985000003,5.463560529329986e-08
48.7829934407,2.3351668985000003,1.386676190935872e-07
48.7878873313,2.3351668985000003,3.324284284924149e-07
48.7927812219,2.3351668985000003,7.52740112532285e-07
48.7976751125,2.3351668985000003,1.609963232396928e-06
48.8025690031,2.3351668985000003,3.2524744577046003e-06
48.8074628937,2.3351668985000003,6.206831341633216e-06
48.8123567843,2.3351668985000003,1.1193879048062197e-05
48.8172506749,2.3351668985000003,1.9110392044447174e-05
48.8221445655,2.3351668985000003,3.0976257242215217e-05
48.8270384561,2.3351668985000003,4.7677176721980675e-05
48.8319323467,2.3351668985000003,6.912559176491249e-05
48.8368262373,2.3351668985000003,9.350383457083197e-05
48.8417201279,2.3351668985000003,0.00011823803227319662
48.8466140185,2.3351668985000003,0.000141675076693555
48.8515079091,2.3351668985000003,0.0001652731839872756
48.8564017997,2.3351668985000003,0.0002029241147152751
48.8612956903,2.3351668985000003,0.00028595034914486876
48.8661895809,2.3351668985000003,0.00041069414674482026
48.8710834715,2.3351668985000003,0.00047418160084503747
48.8759773621,2.3351668985000003,0.0003893223690394728
48.8808712527,2.3351668985000003,0.00023218380344446727
48.8857651433,2.3351668985000003,0.00011973487311657449
48.8906590339,2.3351668985000003,7.489927433421041e-05
48.8955529245,2.3351668985000003,9.617801787621453e-05
48.9004468151,2.3351668985000003,0.00024473640617358745
48.9053407057,2.3351668985000003,0.0005866731236468731
48.9102345963,2.3351668985000003,0.0009883751614758378
48.9151284869,2.3351668985000003,0.0011087449645124136
48.9200223775,2.3351668985000003,0.0008199764349695706
48.9249162681,2.3351668985000003,0.0003989648071108284
48.9298101587,2.3351668985000003,0.0001277105065548568
48.9347040493,2.3351668985000003,2.6949635830164313e-05
48.9395979399,2.3351668985000003,3.7856137737126094e-06
48.9444918305,2.3351668985000003,3.730408795081402e-07
48.9493857211,2.3351668985000003,3.41237678878065e-08
48.9542796117,2.3351668985000003,5.681414654781378e-09
48.9591735023,2.3351668985000003,1.6158945972400965e-09
48.9640673929,2.3351668985000003,4.909960972934293e-10
48.9689612835,2.3351668985000003,1.4249311200760459e-10
48.9738551741,2.3351668985000003,3.908500221214034e-11
48.9787490647,2.3351668985000003,1.0126539099705392e-11
48.7389484253,2.3400607891000003,2.5868040469159816e-12
48.7438423159,2.3400607891000003,1.0786410258322319e-11
48.7487362065,2.3400607891000003,4.248289801394238e-11
48.7536300971,2.3400607891000003,1.5804295192635766e-10
48.7585239877,2.3400607891000003,5.553412433654217e-10
48.7634178783,2.3400607891000003,1.8431832762666867e-09
48.7683117689,2.3400607891000003,5.778310987969475e-09
48.7732056595,2.3400607891000003,1.711027934192587e-08
48.7780995501,2.3400607891000003,4.785607601046635e-08
48.7829934407,2.3400607891000003,1.2642730158689643e-07
48.7878873313,2.3400607891000003,3.1547754288145657e-07
48.7927812219,2.3400607891000003,7.435665443007448e-07
48.7976751125,2.3400607891000003,1.6553711252610433e-06
48.8025690031,2.3400607891000003,3.480973644547206e-06
48.8074628937,2.3400607891000003,6.915091388912748e-06
48.8123567843,2.3400607891000003,1.2989964422584584e-05
48.8172506749,2.3400607891000003,2.3163909385699934e-05
48.8221445655,2.3400607891000003,3.951522706930178e-05
48.8270384561,2.3400607891000003,6.461977458984886e-05
48.8319323467,2.3400607891000003,9.945792732864491e-05
48.8368262373,2.3400607891000003,0.0001403773540351251
48.8417201279,2.3400607891000003,0.0001817216295715243
48.8466140185,2.3400607891000003,0.0002228415288374462
48.8515079091,2.3400607891000003,0.0002735919714425016
48.8564017997,2.3400607891000003,0.00036744736341838915
48.8612956903,2.3400607891000003,0.0005468892740006322
48.8661895809,2.3400607891000003,0.0007495472574893714
48.8710834715,2.3400607891000003,0.0007821064723921504
48.8759773621,2.3400607891000003,0.0005895884380980175
48.8808712527,2.3400607891000003,0.0003537169974118636
48.8857651433,2.3400607891000003,0.00021838492532228165
48.8906590339,2.3400607891000003,0.0002068647828303428
48.8955529245,2.3400607891000003,0.00037582214180565705
48.9004468151,2.3400607891000003,0.0007965187780783493
48.9053407057,2.3400607891000003,0.0012926330514034486
48.9102345963,2.3400607891000003,0.0014288828190258292
48.9151284869,2.3400607891000003,0.0010486842218041636
48.9200223775,2.3400607891000003,0.0005082936758494344
48.9249162681,2.3400607891000003,0.00016299112838009852
48.9298101587,2.3400607891000003,3.5027882650414226e-05
48.9347040493,2.3400607891000003,5.350570979087861e-06
48.9395979399,2.3400607891000003,7.440980762828644e-07
48.9444918305,2.3400607891000003,1.5784714956674933e-07
48.9493857211,2.3400607891000003,5.1618481179147704e-08
48.9542796117,2.3400607891000003,1.819896167382013e-08
48.9591735023,2.3400607891000003,6.158217897638296e-09
48.9640673929,2.3400607891000003,1.9706591256631425e-09
48.9689612835,2.3400607891000003,5.956876929901354e-10
48.9738551741,2.3400607891000003,1.700789207153079e-10
48.9787490647,2.3400607891000003,4.586761679684205e-11
48.7389484253,2.3449546797000003,1.4967650621485642e-12
48.7438423159,2.3449546797000003,6.496381534443547e-12
48.7487362065,2.3449546797000003,2.663257794841125e-11
48.7536300971,2.3449546797000003,1.0312849688764001e-10
48.7585239877,2.3449546797000003,3.771967712047116e-10
48.7634178783,2.3449546797000003,1.303109895447766e-09
48.7683117689,2.3449546797000003,4.252241448442629e-09
48.7732056595,2.3449546797000003,1.3106254220926333e-08
48.7780995501,2.3449546797000003,3.815601900812373e-08
48.7829934407,2.3449546797000003,1.0492315055836312e-07
48.7878873313,2.3449546797000003,2.725231418237191e-07
48.7927812219,2.3449546797000003,6.685890636775716e-07
48.7976751125,2.3449546797000003,1.549314195306798e-06
48.8025690031,2.3449546797000003,3.3912030431853824e-06
48.8074628937,2.3449546797000003,7.013185561044427e-06
48.8123567843,2.3449546797000003,1.3729294351506838e-05
48.8172506749,2.3449546797000003,2.5650828765989423e-05
48.8221445655,2.3449546797000003,4.6559150749840995e-05
48.8270384561,2.3449546797000003,8.270477692194429e-05
48.8319323467,2.3449546797000003,0.0001384201282669481
48.8368262373,2.3449546797000003,0.00020591203804744916
48.8417201279,2.3449546797000003,0.0002698136866847273
48.8466140185,2.3449546797000003,0.0003320703937160434
48.8515079091,2.3449546797000003,0.0004280102039970812
48.8564017997,2.3449546797000003,0.0006286644052679911
48.8612956903,2.3449546797000003,0.0009632506938014331
48.8661895809,2.3449546797000003,0.0012404583078928814
48.8710834715,2.3449546797000003,0.0011800865395603232
48.8759773621,2.3449546797000003,0.0008462189705547144
48.8808712527,2.3449546797000003,0.0005488232182230816
48.8857651433,2.3449546797000003,0.00045095877960620143
48.8906590339,2.3449546797000003,0.0006199283321966582
48.8955529245,2.3449546797000003,0.0011116357983633727
48.9004468151,2.3449546797000003,0.0016938559228245349
48.9053407057,2.3449546797000003,0.001828044599396344
48.9102345963,2.3449546797000003,0.0013301074369815
48.9151284869,2.3449546797000003,0.0006465204855395481
48.9200223775,2.3449546797000003,0.0002124424170542423
48.9249162681,2.3449546797000003,4.9975322145852964e-05
48.9298101587,2.3449546797000003,1.0288539085756802e-05
48.9347040493,2.3449546797000003,2.735435729797271e-06
48.9395979399,2.3449546797000003,1.0220395151661976e-06
48.9444918305,2.3449546797000003,4.166514639284333e-07
48.9493857211,2.3449546797000003,1.6428119922705371e-07
48.9542796117,2.3449546797000003,6.13276741378988e-08
48.9591735023,2.3449546797000003,2.162809043591138e-08
48.9640673929,2.3449546797000003,7.204549813196528e-09
48.9689612835,2.3449546797000003,2.2668324395102295e-09
48.9738551741,2.3449546797000003,6.736833117019052e-10
48.9787490647,2.3449546797000003,1.8911063682654938e-10
48.7389484253,2.3498485703,7.883306045739281e-13
48.7438423159,2.3498485703,3.5614820209388044e-12
48.7487362065,2.3498485703,1.519766695416222e-11
48.7536300971,2.3498485703,6.125575362376935e-11
48.7585239877,2.3498485703,2.332064989816581e-10
48.7634178783,2.3498485703,8.386064695440667e-10
48.7683117689,2.3498485703,2.8483907411732803e-09
48.7732056595,2.3498485703,9.13828544960051e-09
48.7780995501,2.3498485703,2.769195848263941e-08
48.7829934407,2.3498485703,7.926225455348839e-08
48.7878873313,2.3498485703,2.1429052507081912e-07
48.7927812219,2.3498485703,5.472217378296249e-07
48.7976751125,2.3498485703,1.3199221609519657e-06
48.8025690031,2.3498485703,3.0072746977826936e-06
48.8074628937,2.3498485703,6.474805139089589e-06
48.8123567843,2.3498485703,1.3218524335640767e-05
48.8172506749,2.3498485703,2.5992510507152557e-05
48.8221445655,2.3498485703,5.104691261272137e-05
48.8270384561,2.3498485703,0.00010176116043633895
48.8319323467,2.3498485703,0.00019165381528013137
48.8368262373,2.3498485703,0.0003066712870542959
48.8417201279,2.3498485703,0.00040592681180410514
48.8466140185,2.3498485703,0.0004915891774729396
48.8515079091,2.3498485703,0.0006570400919312496
48.8564017997,2.3498485703,0.0010314645064512138
48.8612956903,2.3498485703,0.001565846796633435
48.8661895809,2.3498485703,0.0018635235685497123
48.8710834715,2.3498485703,0.001633341762486706
48.8759773621,2.3498485703,0.0011665213069272187
48.8808712527,2.3498485703,0.0009037758929191088
48.8857651433,2.3498485703,0.0010382914520133803
48.8906590339,2.3498485703,0.0015942019773567044
48.8955529245,2.3498485703,0.002251535537103452
48.9004468151,2.3498485703,0.0023583232055794188
48.9053407057,2.3498485703,0.0017084585817623674
48.9102345963,2.3498485703,0.0008497875749799253
48.9151284869,2.3498485703,0.00030313933116829793
48.9200223775,2.3498485703,8.998574216858791e-05
48.9249162681,2.3498485703,2.9690225339927533e-05
48.9298101587,2.3498485703,1.2585680351431645e-05
48.9347040493,2.3498485703,5.897418682846718e-06
48.9395979399,2.3498485703,2.7055069077546966e-06
48.9444918305,2.3498485703,1.1780120437008007e-06
48.9493857211,2.3498485703,4.846853927527744e-07
48.9542796117,2.3498485703,1.8836712838427979e-07
48.9591735023,2.3498485703,6.914719453362485e-08
48.9640673929,2.3498485703,2.397550825933783e-08
48.9689612835,2.3498485703,7.852082944186564e-09
48.9738551741,2.3498485703,2.4289900290897624e-09
48.9787490647,2.3498485703,7.097254569216605e-10
48.7389484253,2.3547424609,3.779442838430405e-13
48.7438423159,2.3547424609,1.7772750072408059e-12
48.7487362065,2.3547424609,7.89414835125844e-12
48.7536300971,2.3547424609,3.311919186560206e-11
48.7585239877,2.3547424609,1.312435521284791e-10
48.7634178783,2.3547424609,4.912471215720032e-10
48.7683117689,2.3547424609,1.7367841967602394e-09
48.7732056595,2.3547424609,5.799833102651956e-09
48.7780995501,2.3547424609,1.8294010817209e-08
48.7829934407,2.3547424609,5.450372243520511e-08
48.7878873313,2.3547424609,1.533794567405549e-07
48.7927812219,2.3547424609,4.076918760658074e-07
48.7976751125,2.3547424609,1.02358003051802e-06
48.8025690031,2.3547424609,2.4274941557952383e-06
48.8074628937,2.3547424609,5.441643315473741e-06
48.8123567843,2.3547424609,1.1594341945803317e-05
48.8172506749,2.3547424609,2.413025887509207e-05
48.8221445655,2.3547424609,5.2356710857398476e-05
48.8270384561,2.3547424609,0.00012135675860751926
48.8319323467,2.3547424609,0.0002653994433615295
48.8368262373,2.3547424609,0.00046860386626512316
48.8417201279,2.3547424609,0.0006412514312835036
48.8466140185,2.3547424609,0.0007720285143107997
48.8515079091,2.3547424609,0.0010507331692508183
48.8564017997,2.3547424609,0.001662605733973841
48.8612956903,2.3547424609,0.0023685478885585457
48.8661895809,2.3547424609,0.002552494727455098
48.8710834715,2.3547424609,0.0020939951589220656
48.8759773621,2.3547424609,0.0016108307025103946
48.8808712527,2.3547424609,0.0016446841682067424
48.8857651433,2.3547424609,0.002262833275055338
48.8906590339,2.3547424609,0.003006306670675886
48.8955529245,2.3547424609,0.003078932054756851
48.9004468151,2.3547424609,0.002253900820963359
48.9053407057,2.3547424609,0.0011892367818931197
48.9102345963,2.3547424609,0.0004973509186248804
48.9151284869,2.3547424609,0.00020307615633360855
48.9200223775,2.3547424609,9.70093396404026e-05
48.9249162681,2.3547424609,5.17245492478023e-05
48.9298101587,2.3547424609,2.7517616535126366e-05
48.9347040493,2.3547424609,1.396720075876771e-05
48.9395979399,2.3547424609,6.704171161610315e-06
48.9444918305,2.3547424609,3.03980236906302e-06
48.9493857211,2.3547424609,1.3018819728749747e-06
48.9542796117,2.3547424609,5.266495988760298e-07
48.9591735023,2.3547424609,2.0123137827163955e-07
48.9640673929,2.3547424609,7.262622041627117e-08
48.9689612835,2.3547424609,2.4757967159094888e-08
48.9738551741,2.3547424609,7.971872043077676e-09
48.9787490647,2.3547424609,2.424540557894187e-09
48.7389484253,2.3596363515,1.649346183703512e-13
48.7438423159,2.3596363515,8.073152485479904e-13
48.7487362065,2.3596363515,3.7324868697293374e-12
48.7536300971,2.3596363515,1.629961022880783e-11
48.7585239877,2.3596363515,6.7232606344923e-11
48.7634178783,2.3596363515,2.619428046319617e-10
48.7683117689,2.3596363515,9.63955080209221e-10
48.7732056595,2.3596363515,3.3506642911101008e-09
48.7780995501,2.3596363515,1.1000915673354997e-08
48.7829934407,2.3596363515,3.411540658505842e-08
48.7878873313,2.3596363515,9.99300410296213e-08
48.7927812219,2.3596363515,2.76481079559635e-07
48.7976751125,2.3596363515,7.225366828739672e-07
48.8025690031,2.3596363515,1.7836434452816714e-06
48.8074628937,2.3596363515,4.163070378976925e-06
48.8123567843,2.3596363515,9.263501669477679e-06
48.8172506749,2.3596363515,2.0519399060848752e-05
48.8221445655,2.3596363515,5.0185891648481566e-05
48.8270384561,2.3596363515,0.0001386929006498321
48.8319323467,2.3596363515,0.00035740357652618867
48.8368262373,2.3596363515,0.0007110750968582983
48.8417201279,2.3596363515,0.0010536783210147423
48.8466140185,2.3596363515,0.0013383658126047099
48.8515079091,2.3596363515,0.0018465306753024891
48.8564017997,2.3596363515,0.002719636001276106
48.8612956903,2.3596363515,0.0034017761427391916
48.8661895809,2.3596363515,0.003237155069045197
48.8710834715,2.3596363515,0.0025808422808393594
48.8759773621,2.3596363515,0.0023915566823761564
48.8808712527,2.3596363515,0.00302543812495228
48.8857651433,2.3596363515,0.0038892854994096314
48.8906590339,2.3596363515,0.003973354822887038
48.8955529245,2.3596363515,0.003002582996574485
48.9004468151,2.3596363515,0.001737922328788192
48.9053407057,2.3596363515,0.0008829750910716287
48.9102345963,2.3596363515,0.00047366109636553925
48.9151284869,2.3596363515,0.0002826983466566589
48.9200223775,2.3596363515,0.0001730728427708224
48.9249162681,2.3596363515,0.00010223735471024614
48.9298101587,2.3596363515,5.723740842536309e-05
48.9347040493,2.3596363515,3.0278049516475413e-05
48.9395979399,2.3596363515,1.5129012398615423e-05
48.9444918305,2.3596363515,7.140318676540075e-06
48.9493857211,2.3596363515,3.183086398065084e-06
48.9542796117,2.3596363515,1.3403032061900497e-06
48.9591735023,2.3596363515,5.330666143142374e-07
48.9640673929,2.3596363515,2.0025515682250912e-07
48.9689612835,2.3596363515,7.105746844220213e-08
48.9738551741,2.3596363515,2.3815491603861097e-08
48.9787490647,2.3596363515,7.539337206716267e-09
48.7389484253,2.3645302421,6.551798056980527e-14
48.7438423159,2.3645302421,3.3380767791332733e-13
48.7487362065,2.3645302421,1.606408294783576e-12
48.7536300971,2.3645302421,7.30195835661008e-12
48.7585239877,2.3645302421,3.135065098308262e-11
48.7634178783,2.3645302421,1.2713864311591968e-10
48.7683117689,2.3645302421,4.870038321085492e-10
48.7732056595,2.3645302421,1.7620206043798015e-09
48.7780995501,2.3645302421,6.0216205356259625e-09
48.7829934407,2.3645302421,1.943746315735518e-08
48.7878873313,2.3645302421,5.9263811670474193e-08
48.7927812219,2.3645302421,1.7067244766981586e-07
48.7976751125,2.3645302421,4.642613760821931e-07
48.8025690031,2.3645302421,1.1929472124562983e-06
48.8074628937,2.3645302421,2.8990542371794696e-06
48.8123567843,2.3645302421,6.738812228651187e-06
48.8172506749,2.3645302421,1.594730432691961e-05
48.8221445655,2.3645302421,4.4533276852582135e-05
48.8270384561,2.3645302421,0.00014775675413902906
48.8319323467,2.3645302421,0.00044804507831605096
48.8368262373,2.3645302421,0.0010197033825246782
48.8417201279,2.3645302421,0.0017205122454947291
48.8466140185,2.3645302421,0.00247456991461476
48.8515079091,2.3645302421,0.003510334362261839
48.8564017997,2.3645302421,0.004591413479264361
48.8612956903,2.3645302421,0.004794104602462722
48.8661895809,2.3645302421,0.003970341184209247
48.8710834715,2.3645302421,0.0033116318536929477
48.8759773621,2.3645302421,0.003737536480393544
48.8808712527,2.3645302421,0.0046861173308410855
48.8857651433,2.3645302421,0.004858813287495317
48.8906590339,2.3645302421,0.0038472176990723785
48.8955529245,2.3645302421,0.002469004547035489
48.9004468151,2.3645302421,0.0014965129810441643
48.9053407057,2.3645302421,0.00097649865714921
48.9102345963,2.3645302421,0.0006759857391924924
48.9151284869,2.3645302421,0.0004623449104010309
48.9200223775,2.3645302421,0.0003016469604251056
48.9249162681,2.3645302421,0.00018614664756783802
48.9298101587,2.3645302421,0.00010851545074550517
48.9347040493,2.3645302421,5.9752397871046974e-05
48.9395979399,2.3645302421,3.107728378820012e-05
48.9444918305,2.3645302421,1.5267030435330317e-05
48.9493857211,2.3645302421,7.084184880660078e-06
48.9542796117,2.3645302421,3.104909882424753e-06
48.9591735023,2.3645302421,1.2853811007144224e-06
48.9640673929,2.3645302421,5.026186716590954e-07
48.9689612835,2.3645302421,1.856389586553583e-07
48.9738551741,2.3645302421,6.476247335659774e-08
48.9787490647,2.3645302421,2.1340349472754714e-08
48.7389484253,2.3694241327,2.3690478367391958e-14
48.7438423159,2.3694241327,1.2563600906415392e-13
48.7487362065,2.3694241327,6.293297054769409e-13
48.7536300971,2.3694241327,2.977598443262088e-12
48.7585239877,2.3694241327,1.3306928498061618e-11
48.7634178783,2.3694241327,5.617115000802104e-11
48.7683117689,2.3694241327,2.2396110678222004e-10
48.7732056595,2.3694241327,8.434429106551282e-10
48.7780995501,2.3694241327,3.0002854574263303e-09
48.7829934407,2.3694241327,1.0080759626596474e-08
48.7878873313,2.3694241327,3.1992467666900644e-08
48.7927812219,2.3694241327,9.590164527000175e-08
48.7976751125,2.3694241327,2.715374425468e-07
48.8025690031,2.3694241327,7.262670693962292e-07
48.8074628937,2.3694241327,1.8375172290007917e-06
48.8123567843,2.3694241327,4.460460951678059e-06
48.8172506749,2.3694241327,1.1279543484137799e-05
48.8221445655,2.3694241327,3.601366056730066e-05
48.8270384561,2.3694241327,0.0001423008880731056
48.8319323467,2.3694241327,0.0005045321867589758
48.8368262373,2.3694241327,0.001332936211525717
48.8417201279,2.3694241327,0.0026614009871450167
48.8466140185,2.3694241327,0.004481204496397808
48.8515079091,2.3694241327,0.006602820785267367
48.8564017997,2.3694241327,0.007757392312130011
48.8612956903,2.3694241327,0.006815463725096725
48.8661895809,2.3694241327,0.005055955933612619
48.8710834715,2.3694241327,0.004540896038097192
48.8759773621,2.3694241327,0.005210377808648519
48.8808712527,2.3694241327,0.005439665141644942
48.8857651433,2.3694241327,0.0045043060077540045
48.8906590339,2.3694241327,0.003164642336132562
48.8955529245,2.3694241327,0.0022055656293864206
48.9004468151,2.3694241327,0.001663112614325877
48.9053407057,2.3694241327,0.001295908836361092
48.9102345963,2.3694241327,0.0009817440448207089
48.9151284869,2.3694241327,0.0007063914392777716
48.9200223775,2.3694241327,0.00048041408526812847
48.9249162681,2.3694241327,0.0003086277937564629
48.9298101587,2.3694241327,0.00018727490426504186
48.9347040493,2.3694241327,0.00010733663797197931
48.9395979399,2.3694241327,5.810857047424773e-05
48.9444918305,2.3694241327,2.9713662936129174e-05
48.9493857211,2.3694241327,1.435145690018161e-05
48.9542796117,2.3694241327,6.547259992682394e-06
48.9591735023,2.3694241327,2.8212851360701736e-06
48.9640673929,2.3694241327,1.1483074222355566e-06
48.9689612835,2.3694241327,4.4146183143238206e-07
48.9738551741,2.3694241327,1.6030680072273364e-07
48.9787490647,2.3694241327,5.4983772081860915e-08
48.7389484253,2.3743180233,7.7974356974525e-15
48.7438423159,2.3743180233,4.3042410700790915e-14
48.7487362065,2.3743180233,2.244218663718367e-13
48.7536300971,2.3743180233,1.1052424324980888e-12
48.7585239877,2.3743180233,5.141309253284815e-12
48.7634178783,2.3743180233,2.2589868512460382e-11
48.7683117689,2.3743180233,9.375133827599408e-11
48.7732056595,2.3743180233,3.675065181948773e-10
48.7780995501,2.3743180233,1.3607439565161918e-09
48.7829934407,2.3743180233,4.7589547963480235e-09
48.7878873313,2.3743180233,1.5720651605968228e-08
48.7927812219,2.3743180233,4.905161828374747e-08
48.7976751125,2.3743180233,1.4456441296366066e-07
48.8025690031,2.3743180233,4.0246911495577085e-07
48.8074628937,2.3743180233,1.0600248968647104e-06
48.8123567843,2.3743180233,2.6843980798305315e-06
48.8172506749,2.3743180233,7.222869906932016e-06
48.8221445655,2.3743180233,2.6103745880614323e-05
48.8270384561,2.3743180233,0.00012111364951234478
48.8319323467,2.3743180233,0.00050127534611015
48.8368262373,2.3743180233,0.0015640982240972578
48.8417201279,2.3743180233,0.0037626768464420306
48.8466140185,2.3743180233,0.007342046133583898
48.8515079091,2.3743180233,0.011192760722433302
48.8564017997,2.3743180233,0.012278470219971624
48.8612956903,2.3743180233,0.009669048214903072
48.8661895809,2.3743180233,0.006736280854864171
48.8710834715,2.3743180233,0.0058112318271718744
48.8759773621,2.3743180233,0.005591599799743343
48.8808712527,2.3743180233,0.00468853738256811
48.8857651433,2.3743180233,0.003497144953320612
48.8906590339,2.3743180233,0.0027001891226075773
48.8955529245,2.3743180233,0.002284351734081005
48.9004468151,2.3743180233,0.0019785288586465725
48.9053407057,2.3743180233,0.0016551500054912736
48.9102345963,2.3743180233,0.0013127865541338894
48.9151284869,2.3743180233,0.0009839143225647414
48.9200223775,2.3743180233,0.0006965592104121064
48.9249162681,2.3743180233,0.00046578264971104325
48.9298101587,2.3743180233,0.0002941930427655116
48.9347040493,2.3743180233,0.00017551138251238098
48.9395979399,2.3743180233,9.890129400433168e-05
48.9444918305,2.3743180233,5.2640797245627084e-05
48.9493857211,2.3743180233,2.646468565118004e-05
48.9542796117,2.3743180233,1.2567092712565371e-05
48.9591735023,2.3743180233,5.636723034250875e-06
48.9640673929,2.3743180233,2.3880442516314825e-06
48.9689612835,2.3743180233,9.556125443475825e-07
48.9738551741,2.3743180233,3.611978125625917e-07
48.9787490647,2.3743180233,1.2895321626671397e-07
48.7389484253,2.3792119139,2.3361160762475245e-15
48.7438423159,2.3792119139,1.3422817529246234e-14
48.7487362065,2.3792119139,7.284785227211897e-14
48.7536300971,2.3792119139,3.7343379285247634e-13
48.7585239877,2.3792119139,1.8081492542850824e-12
48.7634178783,2.3792119139,8.269490166045346e-12
48.7683117689,2.3792119139,3.572292329770633e-11
48.7732056595,2.3792119139,1.45760229909193e-10
48.7780995501,2.3792119139,5.617652821845644e-10
48.7829934407,2.3792119139,2.045005801365557e-09
48.7878873313,2.3792119139,7.031662068160702e-09
48.7927812219,2.3792119139,2.2837326669302157e-08
48.7976751125,2.3792119139,7.005797811351286e-08
48.8025690031,2.3792119139,2.0301580978740785e-07
48.8074628937,2.3792119139,5.565440829766563e-07
48.8123567843,2.3792119139,1.4680890792196622e-06
48.8172506749,2.3792119139,4.168549267794545e-06
48.8221445655,2.3792119139,1.675582408450182e-05
48.8270384561,2.3792119139,9.030731455767116e-05
48.8319323467,2.3792119139,0.00044008321831466693
48.8368262373,2.3792119139,0.0016489985349440704
48.8417201279,2.3792119139,0.004745672132941042
48.8466140185,2.3792119139,0.010370390783321776
48.8515079091,2.3792119139,0.016184284107228258
48.8564017997,2.3792119139,0.01716589975953448
48.8612956903,2.3792119139,0.012844495722682632
48.8661895809,2.3792119139,0.00829553753291642
48.8710834715,2.3792119139,0.005902135257177174
48.8759773621,2.3792119139,0.004431892920640298
48.8808712527,2.3792119139,0.003293207181140594
48.8857651433,2.3792119139,0.002700159680061324
48.8906590339,2.3792119139,0.002509796097957934
48.8955529245,2.3792119139,0.002400714898261018
48.9004468151,2.3792119139,0.002214834878625591
48.9053407057,2.3792119139,0.0019361103314447464
48.9102345963,2.3792119139,0.0015991117088283687
48.9151284869,2.3792119139,0.0012475574130489432
48.9200223775,2.3792119139,0.0009193195731252183
48.9249162681,2.3792119139,0.0006398766812460097
48.9298101587,2.3792119139,0.0004206780560811437
48.9347040493,2.3792119139,0.0002612325144789878
48.9395979399,2.3792119139,0.00015322456623062476
48.9444918305,2.3792119139,8.488938122698055e-05
48.9493857211,2.3792119139,4.442241171004238e-05
48.9542796117,2.3792119139,2.1957085617388067e-05
48.9591735023,2.3792119139,1.0251113813602938e-05
48.9640673929,2.3792119139,4.5205493306681355e-06
48.9689612835,2.3792119139,1.8829343052319903e-06
48.9738551741,2.3792119139,7.408033208911599e-07
48.9787490647,2.3792119139,2.752925576514387e-07
48.7389484253,2.3841058045,6.37091305957136e-16
48.7438423159,2.3841058045,3.810267180993013e-15
48.7487362065,2.3841058045,2.1524495402196963e-14
48.7536300971,2.3841058045,1.1485087961099431e-13
48.7585239877,2.3841058045,5.788412461422648e-13
48.7634178783,2.3841058045,2.75555073397668e-12
48.7683117689,2.3841058045,1.2390280851439681e-11
48.7732056595,2.3841058045,5.2623252533211206e-11
48.7780995501,2.3841058045,2.1110475794880832e-10
48.7829934407,2.3841058045,7.999118923180005e-10
48.7878873313,2.3841058045,2.862925739673819e-09
48.7927812219,2.3841058045,9.678361331589584e-09
48.7976751125,2.3841058045,3.0904262196023085e-08
48.8025690031,2.3841058045,9.32157203032108e-08
48.8074628937,2.3841058045,2.6594306175277824e-07
48.8123567843,2.3841058045,7.29565540205042e-07
48.8172506749,2.3841058045,2.1653384970467897e-06
48.8221445655,2.3841058045,9.533127446884377e-06
48.8270384561,2.3841058045,6.002193037764678e-05
48.8319323467,2.3841058045,0.0003520304630257025
48.8368262373,2.3841058045,0.0015934050079125192
48.8417201279,2.3841058045,0.005309929758663792
48.8466140185,2.3841058045,0.012460614212907992
48.8515079091,2.3841058045,0.01964166640655832
48.8564017997,2.3841058045,0.020417303678853124
48.8612956903,2.3841058045,0.01459262521629726
48.8661895809,2.3841058045,0.008215532980087968
48.8710834715,2.3841058045,0.004463409536815369
48.8759773621,2.3841058045,0.0027657277298256083
48.8808712527,2.3841058045,0.002212522728398091
48.8857651433,2.3841058045,0.0022016156960206414
48.8906590339,2.3841058045,0.0023136377967524066
48.8955529245,2.3841058045,0.002352153162934063
48.9004468151,2.3841058045,0.0022659421176222756
48.9053407057,2.3841058045,0.002062433645070916
48.9102345963,2.3841058045,0.0017731379544150742
48.9151284869,2.3841058045,0.0014398895574013412
48.9200223775,2.3841058045,0.0011044336867590111
48.9249162681,2.3841058045,0.0008001545979278177
48.9298101587,2.3841058045,0.0005475603130599502
48.9347040493,2.3841058045,0.0003539271008305128
48.9395979399,2.3841058045,0.0002160824382047877
48.9444918305,2.3841058045,0.00012460885982091573
48.9493857211,2.3841058045,6.787380092634622e-05
48.9542796117,2.3841058045,3.492040050054306e-05
48.9591735023,2.3841058045,1.6969930323088392e-05
48.9640673929,2.3841058045,7.789412440944325e-06
48.9689612835,2.3841058045,3.3771716752023434e-06
48.9738551741,2.3841058045,1.3830101706681152e-06
48.9787490647,2.3841058045,5.349601195696498e-07
48.7389484253,2.3889996951,1.5815159759569408e-16
48.7438423159,2.3889996951,9.845364922373285e-16
48.7487362065,2.3889996951,5.7891373070291085e-15
48.7536300971,2.3889996951,3.215286522422348e-14
48.7585239877,2.3889996951,1.6867445181490845e-13
48.7634178783,2.3889996951,8.358007032716072e-13
48.7683117689,2.3889996951,3.9118298345812765e-12
48.7732056595,2.3889996951,1.7293423399289175e-11
48.7780995501,2.3889996951,7.221140449651555e-11
48.7829934407,2.3889996951,2.84809457794313e-10
48.7878873313,2.3889996951,1.0610279386433501e-09
48.7927812219,2.3889996951,3.733559224753956e-09
48.7976751125,2.3889996951,1.2409200428515483e-08
48.8025690031,2.3889996951,3.895939280196901e-08
48.8074628937,2.3889996951,1.1566878481345849e-07
48.8123567843,2.3889996951,3.2979528471420203e-07
48.8172506749,2.3889996951,1.023375641653469e-06
48.8221445655,2.3889996951,5.07490966326925e-06
48.8270384561,2.3889996951,3.945158764963507e-05
48.8319323467,2.3889996951,0.00028522945916214636
48.8368262373,2.3889996951,0.0015104431984274093
48.8417201279,2.3889996951,0.005466370500982399
48.8466140185,2.3889996951,0.013059949829226496
48.8515079091,2.3889996951,0.020170064770590492
48.8564017997,2.3889996951,0.020058457987415627
48.8612956903,2.3889996951,0.013152507789744307
48.8661895809,2.3889996951,0.0061671387306812524
48.8710834715,2.3889996951,0.002609442976190758
48.8759773621,2.3889996951,0.0015776787509179041
48.8808712527,2.3889996951,0.0015503523143361826
48.8857651433,2.3889996951,0.0017711905903041757
48.8906590339,2.3889996951,0.00198244356286132
48.8955529245,2.3889996951,0.002104499769784534
48.9004468151,2.3889996951,0.0021108663188906325
48.9053407057,2.3889996951,0.001999880241300879
48.9102345963,2.3889996951,0.0017896633030714195
48.9151284869,2.3889996951,0.0015127336978228644
48.9200223775,2.3889996951,0.0012077510603800915
48.9249162681,2.3889996951,0.0009107856324846711
48.9298101587,2.3889996951,0.0006487520037096795
48.9347040493,2.3889996951,0.0004364807057759069
48.9395979399,2.3889996951,0.0002773800276405851
48.9444918305,2.3889996951,0.00016649803825809315
48.9493857211,2.3889996951,9.439888228761078e-05
48.9542796117,2.3889996951,5.055316851176611e-05
48.9591735023,2.3889996951,2.5571352991485403e-05
48.9640673929,2.3889996951,1.2217513603203465e-05
48.9689612835,2.3889996951,5.51360630877401e-06
48.9738551741,2.3889996951,2.3502413972425734e-06
48.9787490647,2.3889996951,9.462654603691363e-07
48.7389484253,2.3938935857,3.5736345033234914e-17
48.7438423159,2.3938935857,2.315649637910591e-16
48.7487362065,2.3938935857,1.4172920984209054e-15
48.7536300971,2.3938935857,8.193504165620167e-15
48.7585239877,2.3938935857,4.474080453181769e-14
48.7634178783,2.3938935857,2.307606201264883e-13
48.7683117689,2.3938935857,1.1241995392090241e-12
48.7732056595,2.3938935857,5.173076562042147e-12
48.7780995501,2.3938935857,2.2484239706943045e-11
48.7829934407,2.3938935857,9.230629188316151e-11
48.7878873313,2.3938935857,3.5793832445393107e-10
48.7927812219,2.3938935857,1.3110187635620001e-09
48.7976751125,2.3938935857,4.535593529446007e-09
48.8025690031,2.3938935857,1.4822090441366534e-08
48.8074628937,2.3938935857,4.582096852361777e-08
48.8123567843,2.3938935857,1.3718175194621464e-07
48.8172506749,2.3938935857,4.921198482321704e-07
48.8221445655,2.3938935857,3.573627576315994e-06
48.8270384561,2.3938935857,3.742072138333421e-05
48.8319323467,2.3938935857,0.0003050932742775836
48.8368262373,2.3938935857,0.0016439855445919917
48.8417201279,2.3938935857,0.005690824047564063
48.8466140185,2.3938935857,0.012575483196102544
48.8515079091,2.3938935857,0.017688486198035657
48.8564017997,2.3938935857,0.015826721662032563
48.8612956903,2.3938935857,0.009093538322162116
48.8661895809,2.3938935857,0.0035675894754791907
48.8710834715,2.3938935857,0.0013180129709592532
48.8759773621,2.3938935857,0.0009263628056583125
48.8808712527,2.3938935857,0.0010811309488142691
48.8857651433,2.3938935857,0.0013261971456048182
48.8906590339,2.3938935857,0.0015510702810555173
48.8955529245,2.3938935857,0.0017144350362987078
48.9004468151,2.3938935857,0.0017899666135829393
48.9053407057,2.3938935857,0.001765196101120927
48.9102345963,2.3938935857,0.001644238426341518
48.9151284869,2.3938935857,0.0014466398534328888
48.9200223775,2.3938935857,0.0012022086669097576
48.9249162681,2.3938935857,0.0009436763722514755
48.9298101587,2.3938935857,0.0006996649296310675
48.9347040493,2.3938935857,0.0004899829042268456
48.9395979399,2.3938935857,0.00032411232551155547
48.9444918305,2.3938935857,0.0002025041668081384
48.9493857211,2.3938935857,0.00011950777983693736
48.9542796117,2.3938935857,6.66165581399646e-05
48.9591735023,2.3938935857,3.507454128525015e-05
48.9640673929,2.3938935857,1.744317777526728e-05
48.9689612835,2.3938935857,8.193755709095036e-06
48.9738551741,2.3938935857,3.6355005426357912e-06
48.9787490647,2.3938935857,1.5235938589483521e-06
48.7389484253,2.3987874763,7.350405968504712e-18
48.7438423159,2.3987874763,4.9576804109821534e-17
48.7487362065,2.3987874763,3.1584174165239553e-16
48.7536300971,2.3987874763,1.900571979024076e-15
48.7585239877,2.3987874763,1.0802466188747058e-14
48.7634178783,2.3987874763,5.799429947664395e-14
48.7683117689,2.3987874763,2.9408406691197224e-13
48.7732056595,2.3987874763,1.4085798840581826e-12
48.7780995501,2.3987874763,6.372579553363556e-12
48.7829934407,2.3987874763,2.723158046764756e-11
48.7878873313,2.3987874763,1.0991431531388078e-10
48.7927812219,2.3987874763,4.19045159143272e-10
48.7976751125,2.3987874763,1.5091488693919615e-09
48.8025690031,2.3987874763,5.143954988884991e-09
48.8074628937,2.3987874763,1.706405958990657e-08
48.8123567843,2.3987874763,6.999964282342226e-08
48.8172506749,2.3987874763,6.158225859736325e-07
48.8221445655,2.3987874763,7.882700473063725e-06
48.8270384561,2.3987874763,7.918944666102539e-05
48.8319323467,2.3987874763,0.0005306508103848945
48.8368262373,2.3987874763,0.0022959543858896603
48.8417201279,2.3987874763,0.00637755504094188
48.8466140185,2.3987874763,0.011406734735760527
48.8515079091,2.3987874763,0.013204801257036112
48.8564017997,2.3987874763,0.009930345509853793
48.8612956903,2.3987874763,0.004888846286568557
48.8661895809,2.3987874763,0.0016901073722261442
48.8710834715,2.3987874763,0.000638112551923675
48.8759773621,2.3987874763,0.0005491396613342438
48.8808712527,2.3987874763,0.0007059636364372512
48.8857651433,2.3987874763,0.0009072676131130622
48.8906590339,2.3987874763,0.0011049986581960184
48.8955529245,2.3987874763,0.0012713506830450286
48.9004468151,2.3987874763,0.0013816373393549033
48.9053407057,2.3987874763,0.00141822971745178
48.9102345963,2.3987874763,0.0013750639573441973
48.9151284869,2.3987874763,0.001259282051891072
48.9200223775,2.3987874763,0.0010892985511594545
48.9249162681,2.3987874763,0.0008900094869221677
48.9298101587,2.3987874763,0.0006868567071377622
48.9347040493,2.3987874763,0.0005006813891601274
48.9395979399,2.3987874763,0.0003447311682319668
48.9444918305,2.3987874763,0.00022419372415491225
48.9493857211,2.3987874763,0.00013771782300326
48.9542796117,2.3987874763,7.990623057096501e-05
48.9591735023,2.3987874763,4.379201580918696e-05
48.9640673929,2.3987874763,2.2669034693327373e-05
48.9689612835,2.3987874763,1.1083959109810929e-05
48.9738551741,2.3987874763,5.118946614277231e-06
48.9787490647,2.3987874763,2.2330069932945166e-06
48.7389484253,2.4036813669,1.3761860908647392e-18
48.7438423159,2.4036813669,9.661595441031944e-18
48.7487362065,2.4036813669,6.406846665091018e-17
48.7536300971,2.4036813669,4.0129487145288025e-16
48.7585239877,2.4036813669,2.3741419745134957e-15
48.7634178783,2.4036813669,1.3267025404750933e-14
48.7683117689,2.4036813669,7.002679222284219e-14
48.7732056595,2.4036813669,3.491231941310679e-13
48.7780995501,2.4036813669,1.6440574046366954e-12
48.7829934407,2.4036813669,7.312729230406798e-12
48.7878873313,2.4036813669,3.072434396092458e-11
48.7927812219,2.4036813669,1.2205353692130685e-10
48.7976751125,2.4036813669,4.663702390683549e-10
48.8025690031,2.4036813669,2.052461560868087e-09
48.8074628937,2.4036813669,1.8775840294841046e-08
48.8123567843,2.4036813669,2.9268181875135303e-07
48.8172506749,2.4036813669,3.910917237507187e-06
48.8221445655,2.4036813669,3.732452197350773e-05
48.8270384561,2.4036813669,0.0002477608239113502
48.8319323467,2.4036813669,0.001128300912128692
48.8368262373,2.4036813669,0.003461668428782908
48.8417201279,2.4036813669,0.007043861838837389
48.8466140185,2.4036813669,0.009459849857077748
48.8515079091,2.4036813669,0.008458367274820982
48.8564017997,2.4036813669,0.005125983892796564
48.8612956903,2.4036813669,0.002157593165493698
48.8661895809,2.4036813669,0.0006980439365860185
48.8710834715,2.4036813669,0.0003005085567390229
48.8759773621,2.4036813669,0.00030813241098485495
48.8808712527,2.4036813669,0.00042187826357371287
48.8857651433,2.4036813669,0.0005652073473806232
48.8906590339,2.4036813669,0.0007165818720047154
48.8955529245,2.4036813669,0.0008581726054580717
48.9004468151,2.4036813669,0.0009707509955817758
48.9053407057,2.4036813669,0.0010372055872240958
48.9102345963,2.4036813669,0.0010467564559331864
48.9151284869,2.4036813669,0.0009978155005407158
48.9200223775,2.4036813669,0.0008984184081300852
48.9249162681,2.4036813669,0.0007640659303889085
48.9298101587,2.4036813669,0.0006137716515486014
48.9347040493,2.4036813669,0.0004657004031638011
48.9395979399,2.4036813669,0.00033375685906174665
48.9444918305,2.4036813669,0.0002259319147790076
48.9493857211,2.4036813669,0.00014446038363092782
48.9542796117,2.4036813669,8.724564189298027e-05
48.9591735023,2.4036813669,4.9769412956839443e-05
48.9640673929,2.4036813669,2.6816685061686756e-05
48.9689612835,2.4036813669,1.3648076955421162e-05
48.9738551741,2.4036813669,6.560873000615686e-06
48.9787490647,2.4036813669,2.979034942172963e-06
48.7389484253,2.4085752575,2.345349914385002e-19
48.7438423159,2.4085752575,1.7138934296152569e-18
48.7487362065,2.4085752575,1.1829973692590817e-17
48.7536300971,2.4085752575,7.712719577276963e-17
48.7585239877,2.4085752575,4.74957884367202e-16
48.7634178783,2.4085752575,2.762653761892293e-15
48.7683117689,2.4085752575,1.5178247013901687e-14
48.7732056595,2.4085752575,7.876635084155669e-14
48.7780995501,2.4085752575,3.8609241024387205e-13
48.7829934407,2.4085752575,1.788654843831594e-12
48.7878873313,2.4085752575,7.937674486204736e-12
48.7927812219,2.4085752575,4.06883777792128e-11
48.7976751125,2.4085752575,5.102130808323297e-10
48.8025690031,2.4085752575,1.2024690733064642e-08
48.8074628937,2.4085752575,2.3084110049009492e-07
48.8123567843,2.4085752575,3.0160985383419982e-06
48.8172506749,2.4085752575,2.650729038679034e-05
48.8221445655,2.4085752575,0.00015941540880017242
48.8270384561,2.4085752575,0.0006742879625967981
48.8319323467,2.4085752575,0.002050565303071531
48.8368262373,2.4085752575,0.00447306498690159
48.8417201279,2.4085752575,0.006813331414522858
48.8466140185,2.4085752575,0.007042750824807742
48.8515079091,2.4085752575,0.004909332514254115
48.8564017997,2.4085752575,0.0023703674922672755
48.8612956903,2.4085752575,0.0008418162404309818
48.8661895809,2.4085752575,0.0002603869416930831
48.8710834715,2.4085752575,0.00013380056083291497
48.8759773621,2.4085752575,0.00015905417872115043
48.8808712527,2.4085752575,0.00022968056914043396
48.8857651433,2.4085752575,0.00032052517768470695
48.8906590339,2.4085752575,0.0004229948299598466
48.8955529245,2.4085752575,0.0005272888505766503
48.9004468151,2.4085752575,0.000620849409011425
48.9053407057,2.4085752575,0.0006904746812020908
48.9102345963,2.4085752575,0.0007253256601155872
48.9151284869,2.4085752575,0.0007196844567588445
48.9200223775,2.4085752575,0.0006744892029798588
48.9249162681,2.4085752575,0.0005970788371828982
48.9298101587,2.4085752575,0.0004992431931176345
48.9347040493,2.4085752575,0.0003942906001511055
48.9395979399,2.4085752575,0.00029413350123227636
48.9444918305,2.4085752575,0.00020725086847491817
48.9493857211,2.4085752575,0.0001379342199389516
48.9542796117,2.4085752575,8.671045891360491e-05
48.9591735023,2.4085752575,5.148666287947464e-05
48.9640673929,2.4085752575,2.8876316979909063e-05
48.9689612835,2.4085752575,1.5297225003471146e-05
48.9738551741,2.4085752575,7.654332193121179e-06
48.9787490647,2.4085752575,3.6176434042064924e-06
48.7389484253,2.4134691481,3.638335744382814e-20
48.7438423159,2.4134691481,2.7674731990542867e-19
48.7487362065,2.4134691481,1.9883272836845103e-18
48.7536300971,2.4134691481,1.3493236039601618e-17
48.7585239877,2.4134691481,8.649045094987919e-17
48.7634178783,2.4134691481,5.236535583253661e-16
48.7683117689,2.4134691481,2.994658934625671e-15
48.7732056595,2.4134691481,1.618212323867232e-14
48.7780995501,2.4134691481,8.353689460957225e-14
48.7829934407,2.4134691481,5.037867920792884e-13
48.7878873313,2.4134691481,9.153652188488716e-12
48.7927812219,2.4134691481,3.418245777539436e-10
48.7976751125,2.4134691481,1.0015760930580017e-08
48.8025690031,2.4134691481,1.9624162993137268e-07
48.8074628937,2.4134691481,2.5344538320238383e-06
48.8123567843,2.4134691481,2.1600928695383738e-05
48.8172506749,2.4134691481,0.0001225488565250058
48.8221445655,2.4134691481,0.00047377177510235903
48.8270384561,2.4134691481,0.0013107686007151288
48.8319323467,2.4134691481,0.0027712714397080036
48.8368262373,2.4134691481,0.0046001483246248115
48.8417201279,2.4134691481,0.005702771651445985
48.8466140185,2.4134691481,0.004892201004344532
48.8515079091,2.4134691481,0.0027878324694338248
48.8564017997,2.4134691481,0.0010745261488495487
48.8612956903,2.4134691481,0.00030927633268237474
48.8661895809,2.4134691481,8.95813864515763e-05
48.8710834715,2.4134691481,5.579365480227769e-05
48.8759773621,2.4134691481,7.511093141451422e-05
48.8808712527,2.4134691481,0.00011385813868531965
48.8857651433,2.4134691481,0.00016545747737086504
48.8906590339,2.4134691481,0.00022728410923339668
48.8955529245,2.4134691481,0.00029490842256886
48.9004468151,2.4134691481,0.0003614342827571306
48.9053407057,2.4134691481,0.0004184035042413369
48.9102345963,2.4134691481,0.00045749366019282544
48.9151284869,2.4134691481,0.000472496553029824
48.9200223775,2.4134691481,0.0004609310943632413
48.9249162681,2.4134691481,0.00042471457607835264
48.9298101587,2.4134691481,0.0003696426909359566
48.9347040493,2.4134691481,0.00030387213540046835
48.9395979399,2.4134691481,0.00023595187342294118
48.9444918305,2.4134691481,0.00017305325785075138
48.9493857211,2.4134691481,0.00011988364164841922
48.9542796117,2.4134691481,7.844474789111075e-05
48.9591735023,2.4134691481,4.848323766330129e-05
48.9640673929,2.4134691481,2.830369617834185e-05
48.9689612835,2.4134691481,1.5606966245734797e-05
48.9738551741,2.4134691481,8.12863505871471e-06
48.9787490647,2.4134691481,3.998900133853984e-06
48.7389484253,2.4183630387,5.1376266875931305e-21
48.7438423159,2.4183630387,4.0676884097369824e-20
48.7487362065,2.4183630387,3.041981787110139e-19
48.7536300971,2.4183630387,2.1487671695372017e-18
48.7585239877,2.4183630387,1.433665029633705e-17
48.7634178783,2.4183630387,9.037188927790533e-17
48.7683117689,2.4183630387,5.432275820632192e-16
48.7732056595,2.4183630387,3.888033847592475e-15
48.7780995501,2.4183630387,1.0665941371799284e-13
48.7829934407,2.4183630387,6.32103903818514e-12
48.7878873313,2.4183630387,2.8278734123142e-10
48.7927812219,2.4183630387,8.398206158482402e-09
48.7976751125,2.4183630387,1.6402862774077853e-07
48.8025690031,2.4183630387,2.1053695844802287e-06
48.8074628937,2.4183630387,1.776527838995719e-05
48.8123567843,2.4183630387,9.87559180155672e-05
48.8172506749,2.4183630387,0.0003647751757544448
48.8221445655,2.4183630387,0.0009228853616158772
48.8270384561,2.4183630387,0.0017397371145252702
48.8319323467,2.4183630387,0.0027975932354749196
48.8368262373,2.4183630387,0.003987307337913927
48.8417201279,2.4183630387,0.004409911569278953
48.8466140185,2.4183630387,0.003302221666129121
48.8515079091,2.4183630387,0.001580835680773536
48.8564017997,2.4183630387,0.0004893696146832819
48.8612956903,2.4183630387,0.00011039592359150224
48.8661895809,2.4183630387,2.906466881923767e-05
48.8710834715,2.4183630387,2.1812885141715552e-05
48.8759773621,2.4183630387,3.2411454671765615e-05
48.8808712527,2.4183630387,5.138832746294153e-05
48.8857651433,2.4183630387,7.77461166176455e-05
48.8906590339,2.4183630387,0.00011116493261321541
48.8955529245,2.4183630387,0.0001501379250589239
48.9004468151,2.4183630387,0.00019153011087439653
48.9053407057,2.4183630387,0.0002307849651384259
48.9102345963,2.4183630387,0.00026266473122493045
48.9151284869,2.4183630387,0.0002823708169534296
48.9200223775,2.4183630387,0.0002867224213010113
48.9249162681,2.4183630387,0.00027499658346565297
48.9298101587,2.4183630387,0.0002491246711787749
48.9347040493,2.4183630387,0.00021317190991200616
48.9395979399,2.4183630387,0.00017229275344572042
48.9444918305,2.4183630387,0.00013153091595779852
48.9493857211,2.4183630387,9.48445706515818e-05
48.9542796117,2.4183630387,6.459827230166525e-05
48.9591735023,2.4183630387,4.155785546555463e-05
48.9640673929,2.4183630387,2.5252777448278605e-05
48.9689612835,2.4183630387,1.4494023859108339e-05
48.9738551741,2.4183630387,7.857648365797653e-06
48.9787490647,2.4183630387,4.023648233576072e-06
48.7389484253,2.4232569293,6.603694286251542e-22
48.7438423159,2.4232569293,5.44222615478678e-21
48.7487362065,2.4232569293,4.2363411621369836e-20
48.7536300971,2.4232569293,3.1152900423827485e-19
48.7585239877,2.4232569293,2.1819611481631913e-18
48.7634178783,2.4232569293,1.8732949428412398e-17
48.7683117689,2.4232569293,8.091401246875982e-16
48.7732056595,2.4232569293,7.573535981403835e-14
48.7780995501,2.4232569293,5.157216206335642e-12
48.7829934407,2.4232569293,2.3206483920144806e-10
48.7878873313,2.4232569293,6.863729780898661e-09
48.7927812219,2.4232569293,1.3338263530113387e-07
48.7976751125,2.4232569293,1.7029946170082786e-06
48.8025690031,2.4232569293,1.4286427154814043e-05
48.8074628937,2.4232569293,7.877374184505626e-05
48.8123567843,2.4232569293,0.00028606918761890686
48.8172506749,2.4232569293,0.0006916295889843267
48.8221445655,2.4232569293,0.0011696345360730199
48.8270384561,2.4232569293,0.001629239712793477
48.8319323467,2.4232569293,0.0023488360780141598
48.8368262373,2.4232569293,0.003244275571750787
48.8417201279,2.4232569293,0.0032909753497621735
48.8466140185,2.4232569293,0.0021403622591207516
48.8515079091,2.4232569293,0.0008607599558599395
48.8564017997,2.4232569293,0.00021652075342021242
48.8612956903,2.4232569293,3.824426860776507e-05
48.8661895809,2.4232569293,8.993604654637344e-06
48.8710834715,2.4232569293,7.951401914756871e-06
48.8759773621,2.4232569293,1.2761554435714748e-05
48.8808712527,2.4232569293,2.111453276631944e-05
48.8857651433,2.4232569293,3.325349469497164e-05
48.8906590339,2.4232569293,4.949156924284057e-05
48.8955529245,2.4232569293,6.957581267472359e-05
48.9004468151,2.4232569293,9.238669277074643e-05
48.9053407057,2.4232569293,0.00011587356167392984
48.9102345963,2.4232569293,0.0001372723566633551
48.9151284869,2.4232569293,0.00015360509471606623
48.9200223775,2.4232569293,0.00016234987134956179
48.9249162681,2.4232569293,0.00016207725575047557
48.9298101587,2.4232569293,0.00015283259885053176
48.9347040493,2.4232569293,0.00013612369182756665
48.9395979399,2.4232569293,0.00011451839104301828
48.9444918305,2.4232569293,9.099982428158041e-05
48.9493857211,2.4232569293,6.830140969243838e-05
48.9542796117,2.4232569293,4.842198383957706e-05
48.9591735023,2.4232569293,3.242494791230703e-05
48.9640673929,2.4232569293,2.0508778438143332e-05
48.9689612835,2.4232569293,1.2252482673910357e-05
48.9738551741,2.4232569293,6.9140449445948846e-06
48.9787490647,2.4232569293,3.685225750721717e-06
48.7389484253,2.4281508199,7.726388133442093e-23
48.7438423159,2.4281508199,6.628567455288499e-22
48.7487362065,2.4281508199,5.412290459682079e-21
48.7536300971,2.4281508199,5.650916448848067e-20
48.7585239877,2.4281508199,4.001305497505241e-18
48.7634178783,2.4281508199,5.870180616021051e-16
48.7683117689,2.4281508199,6.071027915383705e-14
48.7732056595,2.4281508199,4.137763631297489e-12
48.7780995501,2.4281508199,1.8531697516034075e-10
48.7829934407,2.4281508199,5.453047450932601e-09
48.7878873313,2.4281508199,1.0542223915959302e-07
48.7927812219,2.4281508199,1.3390403860607555e-06
48.7976751125,2.4281508199,1.117443494712306e-05
48.8025690031,2.4281508199,6.126980047819043e-05
48.8074628937,2.4281508199,0.0002208053051720774
48.8123567843,2.4281508199,0.0005244126565740474
48.8172506749,2.4281508199,0.0008359058560763954
48.8221445655,2.4281508199,0.0009917287037682968
48.8270384561,2.4281508199,0.0012257108698283726
48.8319323467,2.4281508199,0.001916926710389935
48.8368262373,2.4281508199,0.0026001124258361544
48.8417201279,2.4281508199,0.002330806764666954
48.8466140185,2.4281508199,0.001287897452925649
48.8515079091,2.4281508199,0.0004334231927327238
48.8564017997,2.4281508199,8.970434191641457e-05
48.8612956903,2.4281508199,1.2607432145266233e-05
48.8661895809,2.4281508199,2.6305963808877446e-06
48.8710834715,2.4281508199,2.6753250121289562e-06
48.8759773621,2.4281508199,4.578475833076329e-06
48.8808712527,2.4281508199,7.89729971278072e-06
48.8857651433,2.4281508199,1.2946750563799539e-05
48.8906590339,2.4281508199,2.0056691049665397e-05
48.8955529245,2.4281508199,2.934883119906335e-05
48.9004468151,2.4281508199,4.056452787080981e-05
48.9053407057,2.4281508199,5.2957301187082024e-05
48.9102345963,2.4281508199,6.530238768960278e-05
48.9151284869,2.4281508199,7.605995689361373e-05
48.9200223775,2.4281508199,8.367715126418113e-05
48.9249162681,2.4281508199,8.695238437958136e-05
48.9298101587,2.4281508199,8.534535755353244e-05
48.9347040493,2.4281508199,7.912288356667731e-05
48.9395979399,2.4281508199,6.92864177624617e-05
48.9444918305,2.4281508199,5.7308350358743856e-05
48.9493857211,2.4281508199,4.477251638819998e-05
48.9542796117,2.4281508199,3.3039152490510846e-05
48.9591735023,2.4281508199,2.3028735426261034e-05
48.9640673929,2.4281508199,1.5161252464573118e-05
48.9689612835,2.4281508199,9.428093190518242e-06
48.9738551741,2.4281508199,5.5377895961971695e-06
48.9787490647,2.4281508199,3.072365169973752e-06
48.7389484253,2.4330447105,8.289547564415919e-24
48.7438423159,2.4330447105,1.071976121832995e-22
48.7487362065,2.4330447105,1.2894415047021747e-20
48.7536300971,2.4330447105,2.9402077679585757e-18
48.7585239877,2.4330447105,4.611972382305658e-16
48.7634178783,2.4330447105,4.7602055110937316e-14
48.7683117689,2.4330447105,3.2282208612991973e-12
48.7732056595,2.4330447105,1.4383708576904505e-10
48.7780995501,2.4330447105,4.210627494902477e-09
48.7829934407,2.4330447105,8.098245247950149e-08
48.7878873313,2.4330447105,1.0233004747017825e-06
48.7927812219,2.4330447105,8.495397606226447e-06
48.7976751125,2.4330447105,4.633767820390391e-05
48.8025690031,2.4330447105,0.00016606382498117467
48.8074628937,2.4330447105,0.000391219913914832
48.8123567843,2.4330447105,0.0006087924532287034
48.8172506749,2.4330447105,0.0006525659888400429
48.8221445655,2.4330447105,0.0006268444459654556
48.8270384561,2.4330447105,0.0009277054186401119
48.8319323467,2.4330447105,0.001615708716898963
48.8368262373,2.4330447105,0.001990415669599628
48.8417201279,2.4330447105,0.0015201616154863476
48.8466140185,2.4330447105,0.0007055467186814354
48.8515079091,2.4330447105,0.00019856294624606024
48.8564017997,2.4330447105,3.410020920215687e-05
48.8612956903,2.4330447105,3.873333704915375e-06
48.8661895809,2.4330447105,7.15647366378293e-07
48.8710834715,2.4330447105,8.2448932150361e-07
48.8759773621,2.4330447105,1.495573444733256e-06
48.8808712527,2.4330447105,2.688666280947607e-06
48.8857651433,2.4330447105,4.588264569297363e-06
48.8906590339,2.4330447105,7.398641279739721e-06
48.8955529245,2.4330447105,1.126906741554901e-05
48.9004468151,2.4330447105,1.6212428542942333e-05
48.9053407057,2.4330447105,2.2030886697148056e-05
48.9102345963,2.4330447105,2.8277413112222413e-05
48.9151284869,2.4330447105,3.42823965218002e-05
48.9200223775,2.4330447105,3.925784613556554e-05
48.9249162681,2.4330447105,4.2462500091761975e-05
48.9298101587,2.4330447105,4.338188818390972e-05
48.9347040493,2.4330447105,4.186346175530805e-05
48.9395979399,2.4330447105,3.8158001686741475e-05
48.9444918305,2.4330447105,3.285185560543013e-05
48.9493857211,2.4330447105,2.6715172653107998e-05
48.9542796117,2.4330447105,2.052011842162265e-05
48.9591735023,2.4330447105,1.4887629005850698e-05
48.9640673929,2.4330447105,1.0202227657895075e-05
48.9689612835,2.4330447105,6.603714370128339e-06
48.9738551741,2.4330447105,4.037433183507583e-06
48.9787490647,2.4330447105,2.3315579456610428e-06
48.7389484253,2.4379386011,2.7041139138043635e-23
48.7438423159,2.4379386011,9.509931706367365e-21
48.7487362065,2.4379386011,2.2606718383304733e-18
48.7536300971,2.4379386011,3.5332970401150613e-16
48.7585239877,2.4379386011,3.6282912021702167e-14
48.7634178783,2.4379386011,2.4478952123864296e-12
48.7683117689,2.4379386011,1.0850548284272799e-10
48.7732056595,2.4379386011,3.1599388777791108e-09
48.7780995501,2.4379386011,6.04607895767648e-08
48.7829934407,2.4379386011,7.600411048446359e-07
48.7878873313,2.4379386011,6.277236448225757e-06
48.7927812219,2.4379386011,3.40618446143105e-05
48.7976751125,2.4379386011,0.00012143340489175008
48.8025690031,2.4379386011,0.0002844522049908464
48.8074628937,2.4379386011,0.0004382316726437311
48.8123567843,2.4379386011,0.00044947348344576816
48.8172506749,2.4379386011,0.00034867383203752327
48.8221445655,2.4379386011,0.000389541758215112
48.8270384561,2.4379386011,0.0007921321692967995
48.8319323467,2.4379386011,0.0013293417969691308
48.8368262373,2.4379386011,0.0014027628104679142
48.8417201279,2.4379386011,0.0008999882583041259
48.8466140185,2.4379386011,0.00034981346347379405
48.8515079091,2.4379386011,8.236242150116373e-05
48.8564017997,2.4379386011,1.1789570861938795e-05
48.8612956903,2.4379386011,1.094279222676925e-06
48.8661895809,2.4379386011,1.7930563564717817e-07
48.8710834715,2.4379386011,2.3200321466189545e-07
48.8759773621,2.4379386011,4.446955551261465e-07
48.8808712527,2.4379386011,8.332054602302629e-07
48.8857651433,2.4379386011,1.480130982863061e-06
48.8906590339,2.4379386011,2.484329965323462e-06
48.8955529245,2.4379386011,3.938671743974741e-06
48.9004468151,2.4379386011,5.898130380933603e-06
48.9053407057,2.4379386011,8.342625600749861e-06
48.9102345963,2.4379386011,1.1145894722603917e-05
48.9151284869,2.4379386011,1.406536209601596e-05
48.9200223775,2.4379386011,1.6765275518339754e-05
48.9249162681,2.4379386011,1.8875317709991685e-05
48.9298101587,2.4379386011,2.0072508172978114e-05
48.9347040493,2.4379386011,2.0161963025069898e-05
48.9395979399,2.4379386011,1.912880244830407e-05
48.9444918305,2.4379386011,1.7142199600698965e-05
48.9493857211,2.4379386011,1.4510056743031252e-05
48.9542796117,2.4379386011,1.1601001193732726e-05
48.9591735023,2.4379386011,8.760837596632358e-06
48.9640673929,2.4379386011,6.249130375951088e-06
48.9689612835,2.4379386011,4.210341654788162e-06
48.9738551741,2.4379386011,2.679408246094711e-06
48.9787490647,2.4379386011,1.6105871804896888e-06
48.7389484253,2.4428324917,7.149782111786075e-21
48.7438423159,2.4428324917,1.6921001478877901e-18
48.7487362065,2.4428324917,2.631063863826529e-16
48.7536300971,2.4428324917,2.6878498528555348e-14
48.7585239877,2.4428324917,1.804042488124447e-12
48.7634178783,2.4428324917,7.955301663030957e-11
48.7683117689,2.4428324917,2.304807598462805e-09
48.7732056595,2.4428324917,4.387133345600809e-08
48.7780995501,2.4428324917,5.486496747141624e-07
48.7829934407,2.4428324917,4.5079340202320335e-06
48.7878873313,2.4428324917,2.4334818802631723e-05
48.7927812219,2.4428324917,8.630719250697612e-05
48.7976751125,2.4428324917,0.00020111183269056138
48.8025690031,2.4428324917,0.00030794009141879076
48.8074628937,2.4428324917,0.00031067000792330896
48.8123567843,2.4428324917,0.0002154487774045542
48.8172506749,2.4428324917,0.00016015487585766135
48.8221445655,2.4428324917,0.0003103256068718752
48.8270384561,2.4428324917,0.0006944324456767271
48.8319323467,2.4428324917,0.0010112663320144184
48.8368262373,2.4428324917,0.0008968786876873226
48.8417201279,2.4428324917,0.0004818825915665025
48.8466140185,2.4428324917,0.0001567842637885244
48.8515079091,2.4428324917,3.0892274724833345e-05
48.8564017997,2.4428324917,3.693837274888248e-06
48.8612956903,2.4428324917,2.823403254682049e-07
48.8661895809,2.4428324917,4.1292761423771885e-08
48.8710834715,2.4428324917,5.95856790115816e-08
48.8759773621,2.4428324917,1.2036825744064792e-07
48.8808712527,2.4428324917,2.3503251935186864e-07
48.8857651433,2.4428324917,4.346263488818053e-07
48.8906590339,2.4428324917,7.593311352796528e-07
48.8955529245,2.4428324917,1.253072623024814e-06
48.9004468151,2.4428324917,1.95319366332736e-06
48.9053407057,2.4428324917,2.8756642281541317e-06
48.9102345963,2.4428324917,3.999031647614821e-06
48.9151284869,2.4428324917,5.252853693208473e-06
48.9200223775,2.4428324917,6.517177744227453e-06
48.9249162681,2.4428324917,7.637436710881575e-06
48.9298101587,2.4428324917,8.453946217214479e-06
48.9347040493,2.4428324917,8.838837189361654e-06
48.9395979399,2.4428324917,8.728800860198411e-06
48.9444918305,2.4428324917,8.142126291121938e-06
48.9493857211,2.4428324917,7.173727583946494e-06
48.9542796117,2.4428324917,5.970019154902288e-06
48.9591735023,2.4428324917,4.6927818504352125e-06
48.9640673929,2.4428324917,3.4842459582895104e-06
48.9689612835,2.4428324917,2.443492674806891e-06
48.9738551741,2.4428324917,1.6185908294263734e-06
48.9787490647,2.4428324917,1.0127142173312512e-06
48.7389484253,2.4477263823,1.230979687305444e-18
48.7438423159,2.4477263823,1.9041773768431134e-16
48.7487362065,2.4477263823,1.93522760645211e-14
48.7536300971,2.4477263823,1.2921854119974661e-12
48.7585239877,2.4477263823,5.668729714548577e-11
48.7634178783,2.4477263823,1.6338598480225316e-09
48.7683117689,2.4477263823,3.093940684681274e-08
48.7732056595,2.4477263823,3.849260472438612e-07
48.7780995501,2.4477263823,3.146376936831957e-06
48.7829934407,2.4477263823,1.6897106202089834e-05
48.7878873313,2.4477263823,5.961863957022476e-05
48.7927812219,2.4477263823,0.00013820388133424557
48.7976751125,2.4477263823,0.00021049173684567049
48.8025690031,2.4477263823,0.00021073076089700603
48.8074628937,2.4477263823,0.00014013178409896625
48.8123567843,2.4477263823,7.500827354355583e-05
48.8172506749,2.4477263823,0.00010095530054044752
48.8221445655,2.4477263823,0.00028412169139318367
48.8270384561,2.4477263823,0.0005695274387435319
48.8319323467,2.4477263823,0.0006981492625819087
48.8368262373,2.4477263823,0.0005185271995183736
48.8417201279,2.4477263823,0.00023320776781124186
48.8466140185,2.4477263823,6.351089612138758e-05
48.8515079091,2.4477263823,1.0473873007343399e-05
48.8564017997,2.4477263823,1.0472443819190511e-06
48.8612956903,2.4477263823,6.628761967014355e-08
48.8661895809,2.4477263823,8.75153345430381e-09
48.8710834715,2.4477263823,1.3973007372622217e-08
48.8759773621,2.4477263823,2.9662617068197563e-08
48.8808712527,2.4477263823,6.03490164776943e-08
48.8857651433,2.4477263823,1.1617066242349208e-07
48.8906590339,2.4477263823,2.1126024094383674e-07
48.8955529245,2.4477263823,3.628835987927116e-07
48.9004468151,2.4477263823,5.887635144905061e-07
48.9053407057,2.4477263823,9.022735798460096e-07
48.9102345963,2.4477263823,1.3060487560368926e-06
48.9151284869,2.4477263823,1.7856828870679212e-06
48.9200223775,2.4477263823,2.3060731588198805e-06
48.9249162681,2.4477263823,2.8129733827166714e-06
48.9298101587,2.4477263823,3.2410218738130843e-06
48.9347040493,2.4477263823,3.5271351344257614e-06
48.9395979399,2.4477263823,3.625651302766904e-06
48.9444918305,2.4477263823,3.5202520936327257e-06
48.9493857211,2.4477263823,3.2283848081372137e-06
48.9542796117,2.4477263823,2.796537336996624e-06
48.9591735023,2.4477263823,2.2881250021434806e-06
48.9640673929,2.4477263823,1.7683273692673805e-06
48.9689612835,2.4477263823,1.2908310052589936e-06
48.9738551741,2.4477263823,8.900202862763651e-07
48.9787490647,2.4477263823,5.796344913398868e-07
48.7389484253,2.4526202729,1.3393915367143566e-16
48.7438423159,2.4526202729,1.3542012974995476e-14
48.7487362065,2.4526202729,8.99553575516505e-13
48.7536300971,2.4526202729,3.92589767607337e-11
48.7585239877,2.4526202729,1.1256906305045762e-09
48.7634178783,2.4526202729,2.12064151900675e-08
48.7683117689,2.4526202729,2.624723756200717e-07
48.7732056595,2.4526202729,2.1343619867155186e-06
48.7780995501,2.4526202729,1.1403041011091793e-05
48.7829934407,2.4526202729,4.0025929767852204e-05
48.7878873313,2.4526202729,9.230608407530605e-05
48.7927812219,2.4526202729,0.0001398582799475137
48.7976751125,2.4526202729,0.00013923310618229324
48.8025690031,2.4526202729,9.12561076084379e-05
48.8074628937,2.4526202729,4.165749311495667e-05
48.8123567843,2.4526202729,3.0377924137433652e-05
48.8172506749,2.4526202729,9.14493788584703e-05
48.8221445655,2.4526202729,0.00025059091831646375
48.8270384561,2.4526202729,0.0004244985552267757
48.8319323467,2.4526202729,0.00043582439493939577
48.8368262373,2.4526202729,0.0002709546744240853
48.8417201279,2.4526202729,0.00010200327092557568
48.8466140185,2.4526202729,2.325216694594549e-05
48.8515079091,2.4526202729,3.209628210463632e-06
48.8564017997,2.4526202729,2.684872694491607e-07
48.8612956903,2.4526202729,1.412802290570431e-08
48.8661895809,2.4526202729,1.7081536964897365e-09
48.8710834715,2.4526202729,2.991991996321057e-09
48.8759773621,2.4526202729,6.655609710986643e-09
48.8808712527,2.4526202729,1.4105327844347985e-08
48.8857651433,2.4526202729,2.8264523884788884e-08
48.8906590339,2.4526202729,5.350187186060392e-08
48.8955529245,2.4526202729,9.565839334383334e-08
48.9004468151,2.4526202729,1.615478252093648e-07
48.9053407057,2.4526202729,2.576931952958329e-07
48.9102345963,2.4526202729,3.8826530398872475e-07
48.9151284869,2.4526202729,5.525581805534391e-07
48.9200223775,2.4526202729,7.427646740007327e-07
48.9249162681,2.4526202729,9.430794150893437e-07
48.9298101587,2.4526202729,1.1310168835578851e-06
48.9347040493,2.4526202729,1.2811904952656355e-06
48.9395979399,2.4526202729,1.3708253459576555e-06
48.9444918305,2.4526202729,1.3853973127920045e-06
48.9493857211,2.4526202729,1.3224837782283729e-06
48.9542796117,2.4526202729,1.1924225045638598e-06
48.9591735023,2.4526202729,1.0155323713888682e-06
48.9640673929,2.4526202729,8.169231005007644e-07
48.9689612835,2.4526202729,6.207151990925728e-07
48.9738551741,2.4526202729,4.454791478449132e-07
48.9787490647,2.4526202729,3.01985560909652e-07
48.7389484253,2.4575141635,9.209976637037612e-15
48.7438423159,2.4575141635,6.086300099797175e-13
48.7487362065,2.4575141635,2.6425081160098404e-11
48.7536300971,2.4575141635,7.537848952430429e-10
48.7585239877,2.4575141635,1.4126893290458922e-08
48.7634178783,2.4575141635,1.7394583411207754e-07
48.7683117689,2.4575141635,1.4071796081036095e-06
48.7732056595,2.4575141635,7.479165909225173e-06
48.7780995501,2.4575141635,2.6117098972349265e-05
48.7829934407,2.4575141635,5.991903867885933e-05
48.7878873313,2.4575141635,9.031771393738063e-05
48.7927812219,2.4575141635,8.944420794782695e-05
48.7976751125,2.4575141635,5.8214912489111833e-05
48.8025690031,2.4575141635,2.5206700007173173e-05
48.8074628937,2.4575141635,1.046289224368836e-05
48.8123567843,2.4575141635,2.350950680484771e-05
48.8172506749,2.4575141635,8.61674197875264e-05
48.8221445655,2.4575141635,0.00020161285868753454
48.8270384561,2.4575141635,0.0002861281393974696
48.8319323467,2.4575141635,0.0002459003629256888
48.8368262373,2.4575141635,0.0001279646629671314
48.8417201279,2.4575141635,4.0322956505110744e-05
48.8466140185,2.4575141635,7.693894941354428e-06
48.8515079091,2.4575141635,8.889495544193991e-07
48.8564017997,2.4575141635,6.222648677797736e-08
48.8612956903,2.4575141635,2.7289298024905212e-09
48.8661895809,2.4575141635,3.067445333460874e-10
48.8710834715,2.4575141635,5.84738257343993e-10
48.8759773621,2.4575141635,1.3597146879077776e-09
48.8808712527,2.4575141635,3.001018726948601e-09
48.8857651433,2.4575141635,6.259675910921271e-09
48.8906590339,2.4575141635,1.2333457293132661e-08
48.8955529245,2.4575141635,2.2953212062060888e-08
48.9004468151,2.4575141635,4.034836928079303e-08
48.9053407057,2.4575141635,6.699344406002751e-08
48.9102345963,2.4575141635,1.0506605374250376e-07
48.9151284869,2.4575141635,1.5563824811686083e-07
48.9200223775,2.4575141635,2.1776799087848229e-07
48.9249162681,2.4575141635,2.8780315635141e-07
48.9298101587,2.4575141635,3.5926992085021053e-07
48.9347040493,2.4575141635,4.2361366536188347e-07
48.9395979399,2.4575141635,4.7178362432889974e-07
48.9444918305,2.4575141635,4.962946124842774e-07
48.9493857211,2.4575141635,4.93128447375393e-07
48.9542796117,2.4575141635,4.628117219279074e-07
48.9591735023,2.4575141635,4.102725314199537e-07
48.9640673929,2.4575141635,3.435297311846197e-07
48.9689612835,2.4575141635,2.716939799091222e-07
48.9738551741,2.4575141635,2.0296422705097486e-07
48.9787490647,2.4575141635,1.4321311143955592e-07
48.7389484253,2.4624080541,4.002246365857606e-13
48.7438423159,2.4624080541,1.728692754444509e-11
48.7487362065,2.4624080541,4.90568815927339e-10
48.7536300971,2.4624080541,9.146400145823715e-09
48.7585239877,2.4624080541,1.1203883655074509e-07
48.7634178783,2.4624080541,9.016855638440914e-07
48.7683117689,2.4624080541,4.767709396707095e-06
48.7732056595,2.4624080541,1.6562754678086636e-05
48.7780995501,2.4624080541,3.780275884041676e-05
48.7829934407,2.4624080541,5.668688066679291e-05
48.7878873313,2.4624080541,5.584830796344635e-05
48.7927812219,2.4624080541,3.6151119463726685e-05
48.7976751125,2.4624080541,1.5406802797154143e-05
48.8025690031,2.4624080541,4.783544661248051e-06
48.8074628937,2.4624080541,5.102363107518368e-06
48.8123567843,2.4624080541,2.3177741807109065e-05
48.8172506749,2.4624080541,7.479620537438221e-05
48.8221445655,2.4624080541,0.0001467298902425034
48.8270384561,2.4624080541,0.00017431327508945913
48.8319323467,2.4624080541,0.00012539343640859222
48.8368262373,2.4624080541,5.46198563994404e-05
48.8417201279,2.4624080541,1.4406473506741438e-05
48.8466140185,2.4624080541,2.3008922659283575e-06
48.8515079091,2.4624080541,2.225202193258388e-07
48.8564017997,2.4624080541,1.3036006215344638e-08
48.8612956903,2.4624080541,4.771713834205823e-10
48.8661895809,2.4624080541,5.0576740167000605e-11
48.8710834715,2.4624080541,1.042287545344541e-10
48.8759773621,2.4624080541,2.529111220357526e-10
48.8808712527,2.4624080541,5.812009537771595e-10
48.8857651433,2.4624080541,1.261906089886866e-09
48.8906590339,2.4624080541,2.588006408101238e-09
48.8955529245,2.4624080541,5.013355484890811e-09
48.9004468151,2.4624080541,9.173086788698149e-09
48.9053407057,2.4624080541,1.5853541860431043e-08
48.9102345963,2.4624080541,2.587979920729211e-08
48.9151284869,2.4624080541,3.9904263425590836e-08
48.9200223775,2.4624080541,5.811677313752716e-08
48.9249162681,2.4624080541,7.994797795048504e-08
48.9298101587,2.4624080541,1.0388127537917472e-07
48.9347040493,2.4624080541,1.2749432659436337e-07
48.9395979399,2.4624080541,1.4779789320102627e-07
48.9444918305,2.4624080541,1.6183387195130636e-07
48.9493857211,2.4624080541,1.6737646990796777e-07
48.9542796117,2.4624080541,1.6350957159005505e-07
48.9591735023,2.4624080541,1.5087446906484893e-07
48.9640673929,2.4624080541,1.3149587414914556e-07
48.9689612835,2.4624080541,1.082510944090936e-07
48.9738551741,2.4624080541,8.417366990756809e-08
48.9787490647,2.4624080541,6.182213893587946e-08
48.7389484253,2.4673019447,1.0991157258198222e-11
48.7438423159,2.4673019447,3.10296282996329e-10
48.7487362065,2.4673019447,5.755431086722698e-09
48.7536300971,2.4673019447,7.013701467569511e-08
48.7585239877,2.4673019447,5.615453408703167e-07
48.7634178783,2.4673019447,2.9538641185898003e-06
48.7683117689,2.4673019447,1.0208556383792985e-05
48.7732056595,2.4673019447,2.3179618487837997e-05
48.7780995501,2.4673019447,3.457931366356003e-05
48.7829934407,2.4673019447,3.389179774502607e-05
48.7878873313,2.4673019447,2.1824410668534992e-05
48.7927812219,2.4673019447,9.235922390186058e-06
48.7976751125,2.4673019447,2.620034952780331e-06
48.8025690031,2.4673019447,1.12286686160783e-06
48.8074628937,2.4673019447,4.894896955817541e-06
48.8123567843,2.4673019447,2.1675932626545868e-05
48.8172506749,2.4673019447,5.8774065533462205e-05
48.8221445655,2.4673019447,9.651849000295191e-05
48.8270384561,2.4673019447,9.597725135322787e-05
48.8319323467,2.4673019447,5.7790640448413806e-05
48.8368262373,2.4673019447,2.1070657307225342e-05
48.8417201279,2.4673019447,4.6518964416526715e-06
48.8466140185,2.4673019447,6.218897714899117e-07
48.8515079091,2.4673019447,5.0341958053083087e-08
48.8564017997,2.4673019447,2.468345500919496e-09
48.8612956903,2.4673019447,7.547937726349176e-11
48.8661895809,2.4673019447,7.640611429989969e-12
48.8710834715,2.4673019447,1.6933094261886186e-11
48.8759773621,2.4673019447,4.282716379337194e-11
48.8808712527,2.4673019447,1.0246000128426563e-10
48.8857651433,2.4673019447,2.3156194738941323e-10
48.8906590339,2.4673019447,4.943226567419222e-10
48.8955529245,2.4673019447,9.967314836221088e-10
48.9004468151,2.4673019447,1.8983210448925523e-09
48.9053407057,2.4673019447,3.4149546977844777e-09
48.9102345963,2.4673019447,5.80261863947134e-09
48.9151284869,2.4673019447,9.312942214725453e-09
48.9200223775,2.4673019447,1.411801325393902e-08
48.9249162681,2.4673019447,2.0215480097292266e-08
48.9298101587,2.4673019447,2.7341247859410864e-08
48.9347040493,2.4673019447,3.492821579997585e-08
48.9395979399,2.4673019447,4.2146184965883745e-08
48.9444918305,2.4673019447,4.803567895045057e-08
48.9493857211,2.4673019447,5.171224541048628e-08
48.9542796117,2.4673019447,5.258315685069933e-08
48.9591735023,2.4673019447,5.0503760050151904e-08
48.9640673929,2.4673019447,4.5816780429692504e-08
48.9689612835,2.4673019447,3.9259902817646976e-08
48.9738551741,2.4673019447,3.1775886106346624e-08
48.9787490647,2.4673019447,2.429237169964294e-08
