LATITUDE,LONGITUDE,probability
48.7389484253,2.2275013053,1.229666977012336e-12
48.7438423159,2.2275013053,3.3040655281287112e-12
48.7487362065,2.2275013053,8.527320627612759e-12
48.7536300971,2.2275013053,2.1138751468656644e-11
48.7585239877,2.2275013053,5.033254282616194e-11
48.7634178783,2.2275013053,1.151121617459935e-10
48.7683117689,2.2275013053,2.528694401140015e-10
48.7732056595,2.2275013053,5.335489667438789e-10
48.7780995501,2.2275013053,1.0813219489450949e-09
48.7829934407,2.2275013053,2.104934338036028e-09
48.7878873313,2.2275013053,3.9357262764196715e-09
48.7927812219,2.2275013053,7.068284454261824e-09
48.7976751125,2.2275013053,1.2192870197021383e-08
48.8025690031,2.2275013053,2.0202293723047403e-08
48.8074628937,2.2275013053,3.2151275791299476e-08
48.8123567843,2.2275013053,4.914717275209405e-08
48.8172506749,2.2275013053,7.216085452665576e-08
48.8221445655,2.2275013053,1.0176714582568065e-07
48.8270384561,2.2275013053,1.3785303135578027e-07
48.8319323467,2.2275013053,1.7936095635132427e-07
48.8368262373,2.2275013053,2.2415782410534412e-07
48.8417201279,2.2275013053,2.6962340129874927e-07
48.8466140185,2.2275013053,3.312584016580222e-07
48.8515079091,2.2275013053,6.69364010600551e-07
48.8564017997,2.2275013053,2.4365006485129285e-06
48.8612956903,2.2275013053,5.775636357704037e-06
48.8661895809,2.2275013053,6.148841794162676e-06
48.8710834715,2.2275013053,2.8851668461524394e-06
48.8759773621,2.2275013053,7.70472237898461e-07
48.8808712527,2.2275013053,3.058093656005895e-07
48.8857651433,2.2275013053,2.2819134907792283e-07
48.8906590339,2.2275013053,1.8226990264435934e-07
48.8955529245,2.2275013053,1.4045350755214942e-07
48.9004468151,2.2275013053,1.0396402854676314e-07
48.9053407057,2.2275013053,7.39156857498088e-08
48.9102345963,2.2275013053,5.04769285275434e-08
48.9151284869,2.2275013053,3.3109454836914445e-08
48.9200223775,2.2275013053,2.0859982431340057e-08
48.9249162681,2.2275013053,1.2623466904328548e-08
48.9298101587,2.2275013053,7.3374668521813875e-09
48.9347040493,2.2275013053,4.096533001590257e-09
48.9395979399,2.2275013053,2.1967951574119393e-09
48.9444918305,2.2275013053,1.1315284197449173e-09
48.9493857211,2.2275013053,5.598145334542429e-10
48.9542796117,2.2275013053,2.660269718477302e-10
48.9591735023,2.2275013053,1.2142551997453539e-10
48.9640673929,2.2275013053,5.323497714214257e-11
48.9689612835,2.2275013053,2.241748929379116e-11
48.9738551741,2.2275013053,9.067335162798478e-12
48.9787490647,2.2275013053,3.522696001350549e-12
48.7389484253,2.2323951959,1.574084831913859e-12
48.7438423159,2.2323951959,4.265490758932838e-12
48.7487362065,2.2323951959,1.1102292776989236e-11
48.7536300971,2.2323951959,2.775614485855293e-11
48.7585239877,2.2323951959,6.665126768986466e-11
48.7634178783,2.2323951959,1.5373065644651573e-10
48.7683117689,2.2323951959,3.4057702569827786e-10
48.7732056595,2.2323951959,7.247246183602244e-10
48.7780995501,2.2323951959,1.4812674484675482e-09
48.7829934407,2.2323951959,2.9080156744669478e-09
48.7878873313,2.2323951959,5.483562605041669e-09
48.7927812219,2.2323951959,9.931884678509719e-09
48.7976751125,2.2323951959,1.727839226423177e-08
48.8025690031,2.2323951959,2.887206120072589e-08
48.8074628937,2.2323951959,4.633989537901199e-08
48.8123567843,2.2323951959,7.143895733937775e-08
48.8172506749,2.2323951959,1.0578350794634346e-07
48.8221445655,2.2323951959,1.5045395942194765e-07
48.8270384561,2.2323951959,2.0553797678143227e-07
48.8319323467,2.2323951959,2.6970154846940823e-07
48.8368262373,2.2323951959,3.399344893156147e-07
48.8417201279,2.2323951959,4.12694316966747e-07
48.8466140185,2.2323951959,5.201060380263617e-07
48.8515079091,2.2323951959,1.1315118992607779e-06
48.8564017997,2.2323951959,4.088864709162161e-06
48.8612956903,2.2323951959,9.084369792412308e-06
48.8661895809,2.2323951959,9.005251532633509e-06
48.8710834715,2.2323951959,3.9814379028471864e-06
48.8759773621,2.2323951959,1.0793564862797147e-06
48.8808712527,2.2323951959,4.842655054732785e-07
48.8857651433,2.2323951959,3.76049856703264e-07
48.8906590339,2.2323951959,3.0339952497602717e-07
48.8955529245,2.2323951959,2.3578950387642212e-07
48.9004468151,2.2323951959,1.7601707506395402e-07
48.9053407057,2.2323951959,1.2620833587244225e-07
48.9102345963,2.2323951959,8.692087312460903e-08
48.9151284869,2.2323951959,5.7499347858937915e-08
48.9200223775,2.2323951959,3.653461684309275e-08
48.9249162681,2.2323951959,2.2297131444297272e-08
48.9298101587,2.2323951959,1.30706212495956e-08
48.9347040493,2.2323951959,7.35946535818332e-09
48.9395979399,2.2323951959,3.980146883765128e-09
48.9444918305,2.2323951959,2.0675438680042813e-09
48.9493857211,2.2323951959,1.0316043513416305e-09
48.9542796117,2.2323951959,4.943953721198054e-10
48.9591735023,2.2323951959,2.2758227125921747e-10
48.9640673929,2.2323951959,1.0062485254275747e-10
48.9689612835,2.2323951959,4.273413185061353e-11
48.9738551741,2.2323951959,1.7432003859396067e-11
48.9787490647,2.2323951959,6.830028882600781e-12
48.7389484253,2.2372890865,1.9778466164623997e-12
48.7438423159,2.2372890865,5.405217941790225e-12
48.7487362065,2.2372890865,1.4188504090117149e-11
48.7536300971,2.2372890865,3.5773613359833675e-11
48.7585239877,2.2372890865,8.663468627086791e-11
48.7634178783,2.2372890865,2.015225288160567e-10
48.7683117689,2.2372890865,4.5025464371734374e-10
48.7732056595,2.2372890865,9.662635475817429e-10
48.7780995501,2.2372890865,1.9917544241629603e-09
48.7829934407,2.2372890865,3.943472204540627e-09
48.7878873313,2.2372890865,7.499366469711214e-09
48.7927812219,2.2372890865,1.369850486728506e-08
48.7976751125,2.2372890865,2.403391711704318e-08
48.8025690031,2.2372890865,4.050221259892671e-08
48.8074628937,2.2372890865,6.555951587866238e-08
48.8123567843,2.2372890865,1.0192847483224543e-07
48.8172506749,2.2372890865,1.5221523163653052e-07
48.8221445655,2.2372890865,2.1833506965431335e-07
48.8270384561,2.2372890865,3.008095948563401e-07
48.8319323467,2.2372890865,3.9807311523765065e-07
48.8368262373,2.2372890865,5.060151743625112e-07
48.8417201279,2.2372890865,6.202413620078171e-07
48.8466140185,2.2372890865,8.050965505528445e-07
48.8515079091,2.2372890865,1.8880873476127535e-06
48.8564017997,2.2372890865,6.729414654350121e-06
48.8612956903,2.2372890865,1.4000700630339483e-05
48.8661895809,2.2372890865,1.2929504204440992e-05
48.8710834715,2.2372890865,5.404717730308861e-06
48.8759773621,2.2372890865,1.5083408762361855e-06
48.8808712527,2.2372890865,7.59442993058681e-07
48.8857651433,2.2372890865,6.086309724332371e-07
48.8906590339,2.2372890865,4.957282048244887e-07
48.8955529245,2.2372890865,3.885440296505622e-07
48.9004468151,2.2372890865,2.9251648820796966e-07
48.9053407057,2.2372890865,2.1152578774184454e-07
48.9102345963,2.2372890865,1.4691938119645497e-07
48.9151284869,2.2372890865,9.80161543377813e-08
48.9200223775,2.2372890865,6.280858747803302e-08
48.9249162681,2.2372890865,3.865833926926488e-08
48.9298101587,2.2372890865,2.2854417612173423e-08
48.9347040493,2.2372890865,1.297776553457918e-08
48.9395979399,2.2372890865,7.078357403921802e-09
48.9444918305,2.2372890865,3.7082401378292152e-09
48.9493857211,2.2372890865,1.8659758228598485e-09
48.9542796117,2.2372890865,9.01876297870155e-10
48.9591735023,2.2372890865,4.186882118797972e-10
48.9640673929,2.2372890865,1.8669697994307532e-10
48.9689612835,2.2372890865,7.996255289710476e-11
48.9738551741,2.2372890865,3.28956754598744e-11
48.9787490647,2.2372890865,1.2998515751236312e-11
48.7389484253,2.2421829771,2.439388286792675e-12
48.7438423159,2.2421829771,6.723281026295142e-12
48.7487362065,2.2421829771,1.779854063102943e-11
48.7536300971,2.2421829771,4.525747529833344e-11
48.7585239877,2.2421829771,1.1053480535910798e-10
48.7634178783,2.2421829771,2.593048128953795e-10
48.7683117689,2.2421829771,5.842852240507874e-10
48.7732056595,2.2421829771,1.264567536573587e-09
48.7780995501,2.2421829771,2.628826673312208e-09
48.7829934407,2.2421829771,5.24909793643642e-09
48.7878873313,2.2421829771,1.0067234803668044e-08
48.7927812219,2.2421829771,1.8545498829430383e-08
48.7976751125,2.2421829771,3.281479078162551e-08
48.8025690031,2.2421829771,5.577037427876132e-08
48.8074628937,2.2421829771,9.10416830144799e-08
48.8123567843,2.2421829771,1.4275120901716877e-07
48.8172506749,2.2421829771,2.1499190691706224e-07
48.8221445655,2.2421829771,3.1100489709718946e-07
48.8270384561,2.2421829771,4.321307219525678e-07
48.8319323467,2.2421829771,5.767215125148078e-07
48.8368262373,2.2421829771,7.393675972787813e-07
48.8417201279,2.2421829771,9.153892825583689e-07
48.8466140185,2.2421829771,1.2297714514392539e-06
48.8515079091,2.2421829771,3.108919938449481e-06
48.8564017997,2.2421829771,1.0860531191067438e-05
48.8612956903,2.2421829771,2.114296878824301e-05
48.8661895809,2.2421829771,1.8200576866417297e-05
48.8710834715,2.2421829771,7.221812987687721e-06
48.8759773621,2.2421829771,2.103334799659025e-06
48.8808712527,2.2421829771,1.176851488978465e-06
48.8857651433,2.2421829771,9.672591089945286e-07
48.8906590339,2.2421829771,7.950586725412993e-07
48.8955529245,2.2421829771,6.284632468642679e-07
48.9004468151,2.2421829771,4.771662876885764e-07
48.9053407057,2.2421829771,3.479865453345752e-07
48.9102345963,2.2421829771,2.4375748007303046e-07
48.9151284869,2.2421829771,1.6400468320603257e-07
48.9200223775,2.2421829771,1.0598815856158505e-07
48.9249162681,2.2421829771,6.579020550866895e-08
48.9298101587,2.2421829771,3.9225450335571114e-08
48.9347040493,2.2421829771,2.246350045330289e-08
48.9395979399,2.2421829771,1.2356336475952387e-08
48.9444918305,2.2421829771,6.52837087479376e-09
48.9493857211,2.2421829771,3.3130097208026157e-09
48.9542796117,2.2421829771,1.614891694024259e-09
48.9591735023,2.2421829771,7.560785034334141e-10
48.9640673929,2.2421829771,3.4001116581554814e-10
48.9689612835,2.2421829771,1.4686633832824057e-10
48.9738551741,2.2421829771,6.093322353556294e-11
48.9787490647,2.2421829771,2.428224519148794e-11
48.7389484253,2.2470768677,2.9532017040455374e-12
48.7438423159,2.2470768677,8.20867706391432e-12
48.7487362065,2.2470768677,2.1915734461170782e-11
48.7536300971,2.2470768677,5.620069522880211e-11
48.7585239877,2.2470768677,1.3842997657254952e-10
48.7634178783,2.2470768677,3.27507614588368e-10
48.7683117689,2.2470768677,7.442441974980152e-10
48.7732056595,2.2470768677,1.6244723061748706e-09
48.7780995501,2.2470768677,3.4057437287657404e-09
48.7829934407,2.2470768677,6.858267468187054e-09
48.7878873313,2.2470768677,1.3265379231243945e-08
48.7927812219,2.2470768677,2.4644937493427085e-08
48.7976751125,2.2470768677,4.397831351176688e-08
48.8025690031,2.2470768677,7.537932080083865e-08
48.8074628937,2.2470768677,1.2409911033087792e-07
48.8123567843,2.2470768677,1.962401717083267e-07
48.8172506749,2.2470768677,2.9806429928433063e-07
48.8221445655,2.2470768677,4.348453263802384e-07
48.8270384561,2.2470768677,6.093438787677841e-07
48.8319323467,2.2470768677,8.201501731741517e-07
48.8368262373,2.2470768677,1.060445149353057e-06
48.8417201279,2.2470768677,1.3268868557540849e-06
48.8466140185,2.2470768677,1.8554727668927528e-06
48.8515079091,2.2470768677,5.049534867885697e-06
48.8564017997,2.2470768677,1.718653794421288e-05
48.8612956903,2.2470768677,3.128563253460549e-05
48.8661895809,2.2470768677,2.5121385431706146e-05
48.8710834715,2.2470768677,9.50520880917081e-06
48.8759773621,2.2470768677,2.9260407486770953e-06
48.8808712527,2.2470768677,1.7988974487234374e-06
48.8857651433,2.2470768677,1.5092375950460045e-06
48.8906590339,2.2470768677,1.2516426571918482e-06
48.8955529245,2.2470768677,9.977997547166974e-07
48.9004468151,2.2470768677,7.640345628814359e-07
48.9053407057,2.2470768677,5.619341614861872e-07
48.9102345963,2.2470768677,3.9697272034928754e-07
48.9151284869,2.2470768677,2.6936346564897393e-07
48.9200223775,2.2470768677,1.7555755259160432e-07
48.9249162681,2.2470768677,1.0990137945617172e-07
48.9298101587,2.2470768677,6.608297228726759e-08
48.9347040493,2.2470768677,3.816618863467949e-08
48.9395979399,2.2470768677,2.1172435352170735e-08
48.9444918305,2.2470768677,1.1281468563841645e-08
48.9493857211,2.2470768677,5.773820241784026e-09
48.9542796117,2.2470768677,2.8383351723010177e-09
48.9591735023,2.2470768677,1.340191620716946e-09
48.9640673929,2.2470768677,6.078171035320551e-10
48.9689612835,2.2470768677,2.647779004384174e-10
48.9738551741,2.2470768677,1.1078816027313633e-10
48.9787490647,2.2470768677,4.452539349161344e-11
48.7389484253,2.2519707583,3.5093698234125438e-12
48.7438423159,2.2519707583,9.837594723038805e-12
48.7487362065,2.2519707583,2.6488143215654404e-11
48.7536300971,2.2519707583,6.850415344000086e-11
48.7585239877,2.2519707583,1.701708196644057e-10
48.7634178783,2.2519707583,4.0602808683411237e-10
48.7683117689,2.2519707583,9.30528891531146e-10
48.7732056595,2.2519707583,2.048360752871166e-09
48.7780995501,2.2519707583,4.330976520447697e-09
48.7829934407,2.2519707583,8.795651462184637e-09
48.7878873313,2.2519707583,1.7157459918151144e-08
48.7927812219,2.2519707583,3.2147023926573074e-08
48.7976751125,2.2519707583,5.78537284765465e-08
48.8025690031,2.2519707583,1.0000569482364697e-07
48.8074628937,2.2519707583,1.660431291645886e-07
48.8123567843,2.2519707583,2.648011616849622e-07
48.8172506749,2.2519707583,4.05622149205193e-07
48.8221445655,2.2519707583,5.96796457747246e-07
48.8270384561,2.2519707583,8.434000328865431e-07
48.8319323467,2.2519707583,1.1448394415736273e-06
48.8368262373,2.2519707583,1.4929678383160464e-06
48.8417201279,2.2519707583,1.8894696117312015e-06
48.8466140185,2.2519707583,2.768251478953111e-06
48.8515079091,2.2519707583,8.086417578990683e-06
48.8564017997,2.2519707583,2.666593480390421e-05
48.8612956903,2.2519707583,4.5361618230844605e-05
48.8661895809,2.2519707583,3.400162289385427e-05
48.8710834715,2.2519707583,1.233226460795394e-05
48.8759773621,2.2519707583,4.057547562974281e-06
48.8808712527,2.2519707583,2.708768763787814e-06
48.8857651433,2.2519707583,2.3118670619879247e-06
48.8906590339,2.2519707583,1.934133486690118e-06
48.8955529245,2.2519707583,1.5550013073116644e-06
48.9004468151,2.2519707583,1.2008260723921715e-06
48.9053407057,2.2519707583,8.907016725927502e-07
48.9102345963,2.2519707583,6.345812356740619e-07
48.9151284869,2.2519707583,4.342551556673556e-07
48.9200223775,2.2519707583,2.8543389218450793e-07
48.9249162681,2.2519707583,1.8020585401848884e-07
48.9298101587,2.2519707583,1.0927858162425938e-07
48.9347040493,2.2519707583,6.36508200089175e-08
48.9395979399,2.2519707583,3.5610310102270975e-08
48.9444918305,2.2519707583,1.9135962326572413e-08
48.9493857211,2.2519707583,9.877059228549479e-09
48.9542796117,2.2519707583,4.896748600595542e-09
48.9591735023,2.2519707583,2.331797094289045e-09
48.9640673929,2.2519707583,1.066538420137642e-09
48.9689612835,2.2519707583,4.685598282056652e-10
48.9738551741,2.2519707583,1.9772263879693912e-10
48.9787490647,2.2519707583,8.014022235575441e-11
48.7389484253,2.2568646489,4.09344552347751e-12
48.7438423159,2.2568646489,1.1572535838535652e-11
48.7487362065,2.2568646489,3.142467919596027e-11
48.7536300971,2.2568646489,8.196264600157266e-11
48.7585239877,2.2568646489,2.0533542755169267e-10
48.7634178783,2.2568646489,4.940997139499692e-10
48.7683117689,2.2568646489,1.1420052939481099e-09
48.7732056595,2.2568646489,2.5352712463310702e-09
48.7780995501,2.2568646489,5.406093388925661e-09
48.7829934407,2.2568646489,1.10724940521428e-08
48.7878873313,2.2568646489,2.1782622578671157e-08
48.7927812219,2.2568646489,4.1160218986857225e-08
48.7976751125,2.2568646489,7.470471028216686e-08
48.8025690031,2.2568646489,1.302330147207679e-07
48.8074628937,2.2568646489,2.180705411417866e-07
48.8123567843,2.2568646489,3.5073225509763245e-07
48.8172506749,2.2568646489,5.418227210970114e-07
48.8221445655,2.2568646489,8.039730990940252e-07
48.8270384561,2.2568646489,1.1458522616045766e-06
48.8319323467,2.2568646489,1.5686275386289908e-06
48.8368262373,2.2568646489,2.0632525345008275e-06
48.8417201279,2.2568646489,2.643941987325394e-06
48.8466140185,2.2568646489,4.088467444016116e-06
48.8515079091,2.2568646489,1.2761993397602337e-05
48.8564017997,2.2568646489,4.056269269413179e-05
48.8612956903,2.2568646489,6.444644349505366e-05
48.8661895809,2.2568646489,4.5133691437376284e-05
48.8710834715,2.2568646489,1.5784379844365312e-05
48.8759773621,2.2568646489,5.601620043412537e-06
48.8808712527,2.2568646489,4.01408385776162e-06
48.8857651433,2.2568646489,3.4764443307438575e-06
48.8906590339,2.2568646489,2.9337088822742098e-06
48.8955529245,2.2568646489,2.3787126306501305e-06
48.9004468151,2.2568646489,1.8525547972208912e-06
48.9053407057,2.2568646489,1.3858076411569317e-06
48.9102345963,2.2568646489,9.957209376695074e-07
48.9151284869,2.2568646489,6.871873025547443e-07
48.9200223775,2.2568646489,4.555283515947388e-07
48.9249162681,2.2568646489,2.9004040117393493e-07
48.9298101587,2.2568646489,1.773798899895597e-07
48.9347040493,2.2568646489,1.0419648398535648e-07
48.9395979399,2.2568646489,5.8790147058801255e-08
48.9444918305,2.2568646489,3.1860957832913986e-08
48.9493857211,2.2568646489,1.65850165089345e-08
48.9542796117,2.2568646489,8.29231492939852e-09
48.9591735023,2.2568646489,3.9823411925361286e-09
48.9640673929,2.2568646489,1.8369779512531834e-09
48.9689612835,2.2568646489,8.139021959810595e-10
48.9738551741,2.2568646489,3.463724136567674e-10
48.9787490647,2.2568646489,1.4158497573758356e-10
48.7389484253,2.2617585395,4.686760311742441e-12
48.7438423159,2.2617585395,1.3362631513429503e-11
48.7487362065,2.2617585395,3.659435025424092e-11
48.7536300971,2.2617585395,9.625845518607642e-11
48.7585239877,2.2617585395,2.432016593169751e-10
48.7634178783,2.2617585395,5.901969745834616e-10
48.7683117689,2.2617585395,1.3757205454178858e-09
48.7732056595,2.2617585395,3.0801102824367227e-09
48.7780995501,2.2617585395,6.62376794321806e-09
48.7829934407,2.2617585395,1.3681910667605496e-08
48.7878873313,2.2617585395,2.7145084071652886e-08
48.7927812219,2.2617585395,5.1729517868355925e-08
48.7976751125,2.2617585395,9.468658848730866e-08
48.8025690031,2.2617585395,1.6647204216530457e-07
48.8074628937,2.2617585395,2.811233659289479e-07
48.8123567843,2.2617585395,4.5599006448788184e-07
48.8172506749,2.2617585395,7.104223483935142e-07
48.8221445655,2.2617585395,1.0631159870027322e-06
48.8270384561,2.2617585395,1.528084925580816e-06
48.8319323467,2.2617585395,2.109692999907895e-06
48.8368262373,2.2617585395,2.79899300041649e-06
48.8417201279,2.2617585395,3.636984731583137e-06
48.8466140185,2.2617585395,5.984036728139476e-06
48.8515079091,2.2617585395,1.9839289009500337e-05
48.8564017997,2.2617585395,6.048831524914604e-05
48.8612956903,2.2617585395,8.971782372010628e-05
48.8661895809,2.2617585395,5.8762501620930426e-05
48.8710834715,2.2617585395,1.994607277399012e-05
48.8759773621,2.2617585395,7.68702399637745e-06
48.8808712527,2.2617585395,5.849678168600343e-06
48.8857651433,2.2617585395,5.131681315845836e-06
48.8906590339,2.2617585395,4.367891225763402e-06
48.8955529245,2.2617585395,3.5717170880943203e-06
48.9004468151,2.2617585395,2.8053423497676035e-06
48.9053407057,2.2617585395,2.1163987005563703e-06
48.9102345963,2.2617585395,1.5335993068117206e-06
48.9151284869,2.2617585395,1.0674047227133933e-06
48.9200223775,2.2617585395,7.135906246147505e-07
48.9249162681,2.2617585395,4.582177939083093e-07
48.9298101587,2.2617585395,2.82616532574076e-07
48.9347040493,2.2617585395,1.6742718540857795e-07
48.9395979399,2.2617585395,9.52702244164568e-08
48.9444918305,2.2617585395,5.2070434194031096e-08
48.9493857211,2.2617585395,2.7335562120720836e-08
48.9542796117,2.2617585395,1.3783757314083397e-08
48.9591735023,2.2617585395,6.675903127561024e-09
48.9640673929,2.2617585395,3.105669473371821e-09
48.9689612835,2.2617585395,1.3877244480314375e-09
48.9738551741,2.2617585395,5.955991163779478e-10
48.9787490647,2.2617585395,2.4553174429504054e-10
48.7389484253,2.2666524301,5.267206229972623e-12
48.7438423159,2.2666524301,1.5145349557658377e-11
48.7487362065,2.2666524301,4.182934643483202e-11
48.7536300971,2.2666524301,1.1096490754234108e-10
48.7585239877,2.2666524301,2.827437614960622e-10
48.7634178783,2.2666524301,6.919953978351228e-10
48.7683117689,2.2666524301,1.6267326372339893e-09
48.7732056595,2.2666524301,3.67309324084319e-09
48.7780995501,2.2666524301,7.966187515000542e-09
48.7829934407,2.2666524301,1.659479516272437e-08
48.7878873313,2.2666524301,3.3204432818555504e-08
48.7927812219,2.2666524301,6.381503848278182e-08
48.7976751125,2.2666524301,1.1780203796443759e-07
48.8025690031,2.2666524301,2.0887447491728133e-07
48.8074628937,2.2666524301,3.557302008692179e-07
48.8123567843,2.2666524301,5.819141303696043e-07
48.8172506749,2.2666524301,9.143234695153096e-07
48.8221445655,2.2666524301,1.3798873439060231e-06
48.8270384561,2.2666524301,2.000277319254737e-06
48.8319323467,2.2666524301,2.785114572220741e-06
48.8368262373,2.2666524301,3.727436818503822e-06
48.8417201279,2.2666524301,4.920811213326938e-06
48.8466140185,2.2666524301,8.688435289906254e-06
48.8515079091,2.2666524301,3.0364486387240765e-05
48.8564017997,2.2666524301,8.842328306691236e-05
48.8612956903,2.2666524301,0.00012238572854569445
48.8661895809,2.2666524301,7.505108975344183e-05
48.8710834715,2.2666524301,2.4903753127913127e-05
48.8759773621,2.2666524301,1.046804117910004e-05
48.8808712527,2.2666524301,8.378708520165052e-06
48.8857651433,2.2666524301,7.435773435202699e-06
48.8906590339,2.2666524301,6.383379839999792e-06
48.8955529245,2.2666524301,5.264243582995189e-06
48.9004468151,2.2666524301,4.169889280376412e-06
48.9053407057,2.2666524301,3.1726040298603958e-06
48.9102345963,2.2666524301,2.318515579299849e-06
48.9151284869,2.2666524301,1.6274474137969013e-06
48.9200223775,2.2666524301,1.0972528299168002e-06
48.9249162681,2.2666524301,7.105739038253425e-07
48.9298101587,2.2666524301,4.41992191597344e-07
48.9347040493,2.2666524301,2.640722338807556e-07
48.9395979399,2.2666524301,1.5154223241740771e-07
48.9444918305,2.2666524301,8.353095008946142e-08
48.9493857211,2.2666524301,4.4224604801035194e-08
48.9542796117,2.2666524301,2.248968120386017e-08
48.9591735023,2.2666524301,1.098513597248909e-08
48.9640673929,2.2666524301,5.153833376125097e-09
48.9689612835,2.2666524301,2.3225127640931535e-09
48.9738551741,2.2666524301,1.005283708183359e-09
48.9787490647,2.2666524301,4.1794773723477337e-10
48.7389484253,2.2715463207,5.810476551771816e-12
48.7438423159,2.2715463207,1.6849633583512672e-11
48.7487362065,2.2715463207,4.693231405997853e-11
48.7536300971,2.2715463207,1.255614361531835e-10
48.7585239877,2.2715463207,3.2265870006085614e-10
48.7634178783,2.2715463207,7.964037277251474e-10
48.7683117689,2.2715463207,1.888104327452091e-09
48.7732056595,2.2715463207,4.299535015050526e-09
48.7780995501,2.2715463207,9.404155285307414e-09
48.7829934407,2.2715463207,1.9756995113686672e-08
48.7878873313,2.2715463207,3.9868031450384633e-08
48.7927812219,2.2715463207,7.727366147561389e-08
48.7976751125,2.2715463207,1.4386030903486115e-07
48.8025690031,2.2715463207,2.572487575271852e-07
48.8074628937,2.2715463207,4.4184340992800916e-07
48.8123567843,2.2715463207,7.289307594712615e-07
48.8172506749,2.2715463207,1.155066454362094e-06
48.8221445655,2.2715463207,1.758046931519411e-06
48.8270384561,2.2715463207,2.570140031555719e-06
48.8319323467,2.2715463207,3.6090389857676867e-06
48.8368262373,2.2715463207,4.872983395817255e-06
48.8417201279,2.2715463207,6.552968014129502e-06
48.8466140185,2.2715463207,1.25245799450404e-05
48.8515079091,2.2715463207,4.573299188379357e-05
48.8564017997,2.2715463207,0.0001267039604894206
48.8612956903,2.2715463207,0.00016359062372653263
48.8661895809,2.2715463207,9.404520236436437e-05
48.8710834715,2.2715463207,3.074377782141445e-05
48.8759773621,2.2715463207,1.4122210739749242e-05
48.8808712527,2.2715463207,1.1791112026867866e-05
48.8857651433,2.2715463207,1.0576165769190851e-05
48.8906590339,2.2715463207,9.157006957651822e-06
48.8955529245,2.2715463207,7.61585650444082e-06
48.9004468151,2.2715463207,6.0839695277584145e-06
48.9053407057,2.2715463207,4.668293015284325e-06
48.9102345963,2.2715463207,3.44058256451201e-06
48.9151284869,2.2715463207,2.4356151107619248e-06
48.9200223775,2.2715463207,1.6561060147620344e-06
48.9249162681,2.2715463207,1.0816092885934376e-06
48.9298101587,2.2715463207,6.785087943558786e-07
48.9347040493,2.2715463207,4.088305611178964e-07
48.9395979399,2.2715463207,2.3661050579241587e-07
48.9444918305,2.2715463207,1.3153080980074978e-07
48.9493857211,2.2715463207,7.02301770177372e-08
48.9542796117,2.2715463207,3.60182685028914e-08
48.9591735023,2.2715463207,1.7742903826726965e-08
48.9640673929,2.2715463207,8.39516748560593e-09
48.9689612835,2.2715463207,3.815371490732525e-09
48.9738551741,2.2715463207,1.6655094251263254e-09
48.9787490647,2.2715463207,6.983291295749501e-10
48.7389484253,2.2764402113,6.2916859079784566e-12
48.7438423159,2.2764402113,1.8400324048301117e-11
48.7487362065,2.2764402113,5.168764059362548e-11
48.7536300971,2.2764402113,1.3946034782784474e-10
48.7585239877,2.2764402113,3.614244917346146e-10
48.7634178783,2.2764402113,8.996782324510736e-10
48.7683117689,2.2764402113,2.1510952733310695e-09
48.7732056595,2.2764402113,4.94009019345527e-09
48.7780995501,2.2764402113,1.0897149504955139e-08
48.7829934407,2.2764402113,2.3088394775336616e-08
48.7878873313,2.2764402113,4.698696230516023e-08
48.7927812219,2.2764402113,9.184675083004423e-08
48.7976751125,2.2764402113,1.7244596018437273e-07
48.8025690031,2.2764402113,3.1098901682237427e-07
48.8074628937,2.2764402113,5.386911949852503e-07
48.8123567843,2.2764402113,8.962671968983061e-07
48.8172506749,2.2764402113,1.4323129727621355e-06
48.8221445655,2.2764402113,2.1985743069737167e-06
48.8270384561,2.2764402113,3.2415089286085703e-06
48.8319323467,2.2764402113,4.590556247410219e-06
48.8368262373,2.2764402113,6.254332853778565e-06
48.8417201279,2.2764402113,8.596791290701771e-06
48.8466140185,2.2764402113,1.7935448780951268e-05
48.8515079091,2.2764402113,6.775126517499993e-05
48.8564017997,2.2764402113,0.00017795992102864197
48.8612956903,2.2764402113,0.0002142719683147294
48.8661895809,2.2764402113,0.00011564098563080809
48.8710834715,2.2764402113,3.754920753108361e-05
48.8759773621,2.2764402113,1.8844337714547792e-05
48.8808712527,2.2764402113,1.6298413644433134e-05
48.8857651433,2.2764402113,1.4765963867804544e-05
48.8906590339,2.2764402113,1.2893782199108863e-05
48.8955529245,2.2764402113,1.0814971515169152e-05
48.9004468151,2.2764402113,8.713113823270966e-06
48.9053407057,2.2764402113,6.742550292213974e-06
48.9102345963,2.2764402113,5.011616156356599e-06
48.9151284869,2.2764402113,3.577949494200626e-06
48.9200223775,2.2764402113,2.4535415109238016e-06
48.9249162681,2.2764402113,1.6160523066878668e-06
48.9298101587,2.2764402113,1.0223985287804842e-06
48.9347040493,2.2764402113,6.212806353862969e-07
48.9395979399,2.2764402113,3.626253975361937e-07
48.9444918305,2.2764402113,2.0329720953934065e-07
48.9493857211,2.2764402113,1.0947309996814878e-07
48.9542796117,2.2764402113,5.6622131496980066e-08
48.9591735023,2.2764402113,2.8129875554502255e-08
48.9640673929,2.2764402113,1.3423080872950767e-08
48.9689612835,2.2764402113,6.1523268773799606e-09
48.9738551741,2.2764402113,2.7085034669576254e-09
48.9787490647,2.2764402113,1.1453077222511694e-09
48.7389484253,2.2813341019,6.6872285340566e-12
48.7438423159,2.2813341019,1.9723515813180714e-11
48.7487362065,2.2813341019,5.587599875170338e-11
48.7536300971,2.2813341019,1.520439222184428e-10
48.7585239877,2.2813341019,3.9738880558487714e-10
48.7634178783,2.2813341019,9.976196446400121e-10
48.7683117689,2.2813341019,2.40556532559521e-09
48.7732056595,2.2813341019,5.571499768691338e-09
48.7780995501,2.2813341019,1.2394524709336495e-08
48.7829934407,2.2813341019,2.6484418231111793e-08
48.7878873313,2.2813341019,5.4356789313305547e-08
48.7927812219,2.2813341019,1.0715685391283074e-07
48.7976751125,2.2813341019,2.0290320704913274e-07
48.8025690031,2.2813341019,3.6902914550826433e-07
48.8074628937,2.2813341019,6.4466667823326e-07
48.8123567843,2.2813341019,1.0817143151740035e-06
48.8172506749,2.2813341019,1.7433826935740608e-06
48.8221445655,2.2813341019,2.6988309572124615e-06
48.8270384561,2.2813341019,4.012929466573535e-06
48.8319323467,2.2813341019,5.731458264938272e-06
48.8368262373,2.2813341019,7.881441420006397e-06
48.8417201279,2.2813341019,1.1123262984959222e-05
48.8466140185,2.2813341019,2.5521617708173916e-05
48.8515079091,2.2813341019,9.868275546309688e-05
48.8564017997,2.2813341019,0.0002449878947615769
48.8612956903,2.2813341019,0.0002750146459594111
48.8661895809,2.2813341019,0.0001395604521587689
48.8710834715,2.2813341019,4.5394599004127386e-05
48.8759773621,2.2813341019,2.4835987812501472e-05
48.8808712527,2.2813341019,2.2123991155464514e-05
48.8857651433,2.2813341019,2.023597335137454e-05
48.8906590339,2.2813341019,1.7820956604208202e-05
48.8955529245,2.2813341019,1.5074949229519656e-05
48.9004468151,2.2813341019,1.2248519431235343e-05
48.9053407057,2.2813341019,9.559036769339968e-06
48.9102345963,2.2813341019,7.165515963399609e-06
48.9151284869,2.2813341019,5.159214715463871e-06
48.9200223775,2.2813341019,3.5679810286402055e-06
48.9249162681,2.2813341019,2.3700868978253283e-06
48.9298101587,2.2813341019,1.5121984948477556e-06
48.9347040493,2.2813341019,9.267362103455725e-07
48.9395979399,2.2813341019,5.455144546258818e-07
48.9444918305,2.2813341019,3.084318308881754e-07
48.9493857211,2.2813341019,1.6750004196973925e-07
48.9542796117,2.2813341019,8.737223547434173e-08
48.9591735023,2.2813341019,4.3775868790110155e-08
48.9640673929,2.2813341019,2.1066815873956703e-08
48.9689612835,2.2813341019,9.737911517897522e-09
48.9738551741,2.2813341019,4.323500840346665e-09
48.9787490647,2.2813341019,1.8437756301312804e-09
48.7389484253,2.2862279925,6.976685527531063e-12
48.7438423159,2.2862279925,2.0752338586719582e-11
48.7487362065,2.2862279925,5.929085874188273e-11
48.7536300971,2.2862279925,1.6270887246618818e-10
48.7585239877,2.2862279925,4.288817137686398e-10
48.7634178783,2.2862279925,1.0858419669206625e-09
48.7683117689,2.2862279925,2.640575047324491e-09
48.7732056595,2.2862279925,6.167841521871916e-09
48.7780995501,2.2862279925,1.3837916213398926e-08
48.7829934407,2.2862279925,2.982022981714095e-08
48.7878873313,2.2862279925,6.172400171373032e-08
48.7927812219,2.2862279925,1.2271565286613175e-07
48.7976751125,2.2862279925,2.3434119967459088e-07
48.8025690031,2.2862279925,4.298333757677333e-07
48.8074628937,2.2862279925,7.572763945723265e-07
48.8123567843,2.2862279925,1.2814790284756624e-06
48.8172506749,2.2862279925,2.0829142264897953e-06
48.8221445655,2.2862279925,3.25187668843079e-06
48.8270384561,2.2862279925,4.876404370976116e-06
48.8319323467,2.2862279925,7.024127768691558e-06
48.8368262373,2.2862279925,9.752669448766445e-06
48.8417201279,2.2862279925,1.4215209800845174e-05
48.8466140185,2.2862279925,3.608462473369696e-05
48.8515079091,2.2862279925,0.00014126244610894177
48.8564017997,2.2862279925,0.0003305530155376923
48.8612956903,2.2862279925,0.00034588719502813136
48.8661895809,2.2862279925,0.000165339269816189
48.8710834715,2.2862279925,5.433824412380234e-05
48.8759773621,2.2862279925,3.2290078227641064e-05
48.8808712527,2.2862279925,2.948822529311276e-05
48.8857651433,2.2862279925,2.722158400246354e-05
48.8906590339,2.2862279925,2.4177176084847457e-05
48.8955529245,2.2862279925,2.062577079319245e-05
48.9004468151,2.2862279925,1.6901204409995403e-05
48.9053407057,2.2862279925,1.3302336220311314e-05
48.9102345963,2.2862279925,1.0056364027366404e-05
48.9151284869,2.2862279925,7.302252570136142e-06
48.9200223775,2.2862279925,5.093021548714981e-06
48.9249162681,2.2862279925,3.4119053606704417e-06
48.9298101587,2.2862279925,2.1954383075399974e-06
48.9347040493,2.2862279925,1.356901424749465e-06
48.9395979399,2.2862279925,8.055233949289796e-07
48.9444918305,2.2862279925,4.5931519933591507e-07
48.9493857211,2.2862279925,2.5156271597508973e-07
48.9542796117,2.2862279925,1.3233798930844558e-07
48.9591735023,2.2862279925,6.68691169167779e-08
48.9640673929,2.2862279925,3.2454090507252486e-08
48.9689612835,2.2862279925,1.5129204636230324e-08
48.9738551741,2.2862279925,6.774317546840149e-09
48.9787490647,2.2862279925,2.913518651729089e-09
48.7389484253,2.2911218831,7.144568110969281e-12
48.7438423159,2.2911218831,2.1432538240905347e-11
48.7487362065,2.2911218831,6.175527113570895e-11
48.7536300971,2.2911218831,1.7091385009330424e-10
48.7585239877,2.2911218831,4.5434241391826263e-10
48.7634178783,2.2911218831,1.160091123699991e-09
48.7683117689,2.2911218831,2.845140551678386e-09
48.7732056595,2.2911218831,6.702211776680967e-09
48.7780995501,2.2911218831,1.5164753890875106e-08
48.7829934407,2.2911218831,3.295758535939272e-08
48.7878873313,2.2911218831,6.87983786813798e-08
48.7927812219,2.2911218831,1.3794431942538656e-07
48.7976751125,2.2911218831,2.656637123341095e-07
48.8025690031,2.2911218831,4.914320225335007e-07
48.8074628937,2.2911218831,8.731673075284566e-07
48.8123567843,2.2911218831,1.4901647307092538e-06
48.8172506749,2.2911218831,2.4427211506165055e-06
48.8221445655,2.2911218831,3.846062215672544e-06
48.8270384561,2.2911218831,5.81650092630515e-06
48.8319323467,2.2911218831,8.449856020336548e-06
48.8368262373,2.2911218831,1.1852621663767928e-05
48.8417201279,2.2911218831,1.7974879986394714e-05
48.8466140185,2.2911218831,5.067312863523019e-05
48.8515079091,2.2911218831,0.00019866160554409914
48.8564017997,2.2911218831,0.0004371162268065699
48.8612956903,2.2911218831,0.00042629138893911104
48.8661895809,2.2911218831,0.00019233051555234384
48.8710834715,2.2911218831,6.441155551538063e-05
48.8759773621,2.2911218831,4.1370782982077725e-05
48.8808712527,2.2911218831,3.858850894684768e-05
48.8857651433,2.2911218831,3.594417794721447e-05
48.8906590339,2.2911218831,3.219615438394501e-05
48.8955529245,2.2911218831,2.7700548409370835e-05
48.9004468151,2.2911218831,2.2891569181206603e-05
48.9053407057,2.2911218831,1.817044484429593e-05
48.9102345963,2.2911218831,1.3853463175411658e-05
48.9151284869,2.2911218831,1.0145044318752448e-05
48.9200223775,2.2911218831,7.135958926396063e-06
48.9249162681,2.2911218831,4.821182081091644e-06
48.9298101587,2.2911218831,3.1286539139572453e-06
48.9347040493,2.2911218831,1.9501333759542735e-06
48.9395979399,2.2911218831,1.167545742524177e-06
48.9444918305,2.2911218831,6.714076618045926e-07
48.9493857211,2.2911218831,3.7085273000442026e-07
48.9542796117,2.2911218831,1.9675214100190524e-07
48.9591735023,2.2911218831,1.0026289782247279e-07
48.9640673929,2.2911218831,4.90753987714175e-08
48.9689612835,2.2911218831,2.307226445610383e-08
48.9738551741,2.2911218831,1.041884084216515e-08
48.9787490647,2.2911218831,4.519094111249345e-09
48.7389484253,2.2960157737,7.181690165214957e-12
48.7438423159,2.2960157737,2.1727212941992637e-11
48.7487362065,2.2960157737,6.313703396991538e-11
48.7536300971,2.2960157737,1.7622484209436195e-10
48.7585239877,2.2960157737,4.724467691143874e-10
48.7634178783,2.2960157737,1.2165821376783e-09
48.7683117689,2.2960157737,3.0090734383843395e-09
48.7732056595,2.2960157737,7.1486977877186464e-09
48.7780995501,2.2960157737,1.6312626297577863e-08
48.7829934407,2.2960157737,3.5753917670037955e-08
48.7878873313,2.2960157737,7.527073961562003e-08
48.7927812219,2.2960157737,1.5220591499729915e-07
48.7976751125,2.2960157737,2.956239911948453e-07
48.8025690031,2.2960157737,5.515064817462216e-07
48.8074628937,2.2960157737,9.882444066523681e-07
48.8123567843,2.2960157737,1.7009083298540262e-06
48.8172506749,2.2960157737,2.8119024500283573e-06
48.8221445655,2.2960157737,4.4650095594162295e-06
48.8270384561,2.2960157737,6.810011349474024e-06
48.8319323467,2.2960157737,9.977904878670167e-06
48.8368262373,2.2960157737,1.415125004954769e-05
48.8417201279,2.2960157737,2.253582831263224e-05
48.8466140185,2.2960157737,7.062622373369192e-05
48.8515079091,2.2960157737,0.00027438353426989206
48.8564017997,2.2960157737,0.0005664984016158353
48.8612956903,2.2960157737,0.000514846591004724
48.8661895809,2.2960157737,0.0002197263916906219
48.8710834715,2.2960157737,7.560581350367449e-05
48.8759773621,2.2960157737,5.218976082793842e-05
48.8808712527,2.2960157737,4.957484670959016e-05
48.8857651433,2.2960157737,4.65874415798709e-05
48.8906590339,2.2960157737,4.208489898717051e-05
48.8955529245,2.2960157737,3.651660535112737e-05
48.9004468151,2.2960157737,3.0433880026813582e-05
48.9053407057,2.2960157737,2.4362791567006015e-05
48.9102345963,2.2960157737,1.873266532534618e-05
48.9151284869,2.2960157737,1.383486410947932e-05
48.9200223775,2.2960157737,9.814157431814597e-06
48.9249162681,2.2960157737,6.687040323564111e-06
48.9298101587,2.2960157737,4.3764065849658305e-06
48.9347040493,2.2960157737,2.751086100439085e-06
48.9395979399,2.2960157737,1.6610912922557813e-06
48.9444918305,2.2960157737,9.633533669111194e-07
48.9493857211,2.2960157737,5.366369055589529e-07
48.9542796117,2.2960157737,2.8712978963694446e-07
48.9591735023,2.2960157737,1.4756343898835998e-07
48.9640673929,2.2960157737,7.284203701226432e-08
48.9689612835,2.2960157737,3.453728509633938e-08
48.9738551741,2.2960157737,1.572885497109572e-08
48.9787490647,2.2960157737,6.8803228832331315e-09
48.7389484253,2.3009096643,7.086000838482407e-12
48.7438423159,2.3009096643,2.1620129204822184e-11
48.7487362065,2.3009096643,6.336043784608737e-11
48.7536300971,2.3009096643,1.7835317852253888e-10
48.7585239877,2.3009096643,4.822212410104474e-10
48.7634178783,2.3009096643,1.2523179867889597e-09
48.7683117689,2.3009096643,3.1238178291603423e-09
48.7732056595,2.3009096643,7.484444622445303e-09
48.7780995501,2.3009096643,1.722408890578314e-08
48.7829934407,2.3009096643,3.807288059065737e-08
48.7878873313,2.3009096643,8.083473409083611e-08
48.7927812219,2.3009096643,1.6484777525322762e-07
48.7976751125,2.3009096643,3.229021716320189e-07
48.8025690031,2.3009096643,6.075214835233241e-07
48.8074628937,2.3009096643,1.0978806073255414e-06
48.8123567843,2.3009096643,1.9056861889544987e-06
48.8172506749,2.3009096643,3.1772431953523487e-06
48.8221445655,2.3009096643,5.088061268280607e-06
48.8270384561,2.3009096643,7.826325099365777e-06
48.8319323467,2.3009096643,1.156559968944917e-05
48.8368262373,2.3009096643,1.6604792391125465e-05
48.8417201279,2.3009096643,2.8079644667348208e-05
48.8466140185,2.3009096643,9.760522018298987e-05
48.8515079091,2.3009096643,0.00037207362522857074
48.8564017997,2.3009096643,0.000719505854596224
48.8612956903,2.3009096643,0.000609333064865566
48.8661895809,2.3009096643,0.00024659770376653565
48.8710834715,2.3009096643,8.785718644283464e-05
48.8759773621,2.3009096643,6.478059547744299e-05
48.8808712527,2.3009096643,6.252267728637127e-05
48.8857651433,2.3009096643,5.926985203602237e-05
48.8906590339,2.3009096643,5.3997348335285134e-05
48.8955529245,2.3009096643,4.725157395291798e-05
48.9004468151,2.3009096643,3.971576528220993e-05
48.9053407057,2.3009096643,3.206360800383067e-05
48.9102345963,2.3009096643,2.4863636303404236e-05
48.9151284869,2.3009096643,1.851909235850413e-05
48.9200223775,2.3009096643,1.3248830679402267e-05
48.9249162681,2.3009096643,9.104124772495212e-06
48.9298101587,2.3009096643,6.008992355073049e-06
48.9347040493,2.3009096643,3.809499324661454e-06
48.9395979399,2.3009096643,2.319727384693938e-06
48.9444918305,2.3009096643,1.3567780127128919e-06
48.9493857211,2.3009096643,7.622254469919825e-07
48.9542796117,2.3009096643,4.11302064454465e-07
48.9591735023,2.3009096643,2.1317738679559343e-07
48.9640673929,2.3009096643,1.0612658220138518e-07
48.9689612835,2.3009096643,5.0746958836795546e-08
48.9738551741,2.3009096643,2.33076593976119e-08
48.9787490647,2.3009096643,1.0282296051204641e-08
48.7389484253,2.3058035549,6.862772223395441e-12
48.7438423159,2.3058035549,2.1117203254217807e-11
48.7487362065,2.3058035549,6.241313739929177e-11
48.7536300971,2.3058035549,1.7718152189697167e-10
48.7585239877,2.3058035549,4.831295931741118e-10
48.7634178783,2.3058035549,1.2653528619260583e-09
48.7683117689,2.3058035549,3.183189270557586e-09
48.7732056595,2.3058035549,7.69158904039208e-09
48.7780995501,2.3058035549,1.7851408190198545e-08
48.7829934407,2.3058035549,3.979529133787171e-08
48.7878873313,2.3058035549,8.52106141283434e-08
48.7927812219,2.3058035549,1.7525019154030314e-07
48.7976751125,2.3058035549,3.461992369495595e-07
48.8025690031,2.3058035549,6.568958382474669e-07
48.8074628937,2.3058035549,1.1972082848940546e-06
48.8123567843,2.3058035549,2.0957801169410623e-06
48.8172506749,2.3058035549,3.5239076391335713e-06
48.8221445655,2.3058035549,5.691229823380964e-06
48.8270384561,2.3058035549,8.828604639869222e-06
48.8319323467,2.3058035549,1.3159658870984232e-05
48.8368262373,2.3058035549,1.9159032764777166e-05
48.8417201279,2.3058035549,3.485730156662459e-05
48.8466140185,2.3058035549,0.00013360216364153722
48.8515079091,2.3058035549,0.000495233958104585
48.8564017997,2.3058035549,0.0008955564110025656
48.8612956903,2.3058035549,0.0007067150942553947
48.8661895809,2.3058035549,0.0002719484791568504
48.8710834715,2.3058035549,0.0001010317077686231
48.8759773621,2.3058035549,7.90741752560959e-05
48.8808712527,2.3058035549,7.740547546549505e-05
48.8857651433,2.3058035549,7.401558946618592e-05
48.8906590339,2.3058035549,6.800524843606298e-05
48.8955529245,2.3058035549,6.001585696432296e-05
48.9004468151,2.3058035549,5.0873591366715524e-05
48.9053407057,2.3058035549,4.1421095594094715e-05
48.9102345963,2.3058035549,3.2393178601673435e-05
48.9151284869,2.3058035549,2.4332590553165302e-05
48.9200223775,2.3058035549,1.755601446799447e-05
48.9249162681,2.3058035549,1.216651822343777e-05
48.9298101587,2.3058035549,8.098591454960911e-06
48.9347040493,2.3058035549,5.177921594417986e-06
48.9395979399,2.3058035549,3.179832530936412e-06
48.9444918305,2.3058035549,1.8756673782741584e-06
48.9493857211,2.3058035549,1.06269882757012e-06
48.9542796117,2.3058035549,5.783188881061997e-07
48.9591735023,2.3058035549,3.022924852759925e-07
48.9640673929,2.3058035549,1.517714644196025e-07
48.9689612835,2.3058035549,7.319066567435954e-08
48.9738551741,2.3058035549,3.3901902357749345e-08
48.9787490647,2.3058035549,1.5083260765936346e-08
48.7389484253,2.3106974455,6.5241182045068666e-12
48.7438423159,2.3106974455,2.0245959597494733e-11
48.7487362065,2.3106974455,6.034728133093345e-11
48.7536300971,2.3106974455,1.7277458270094754e-10
48.7585239877,2.3106974455,4.751216218299921e-10
48.7634178783,2.3106974455,1.2549676642906144e-09
48.7683117689,2.3106974455,3.1839268112067807e-09
48.7732056595,2.3106974455,7.75883319863624e-09
48.7780995501,2.3106974455,1.8160698725568654e-08
48.7829934407,2.3106974455,4.082925835755527e-08
48.7878873313,2.3106974455,8.816845441053938e-08
48.7927812219,2.3106974455,1.8287644180522336e-07
48.7976751125,2.3106974455,3.643385265803705e-07
48.8025690031,2.3106974455,6.971965530740454e-07
48.8074628937,2.3106974455,1.2814691752709754e-06
48.8123567843,2.3106974455,2.2623713681248747e-06
48.8172506749,2.3106974455,3.83638714223301e-06
48.8221445655,2.3106974455,6.248615020631236e-06
48.8270384561,2.3106974455,9.77576157689843e-06
48.8319323467,2.3106974455,1.4698837708380218e-05
48.8368262373,2.3106974455,2.1755182536808867e-05
48.8417201279,2.3106974455,4.321374417366786e-05
48.8466140185,2.3106974455,0.00018091107916439787
48.8515079091,2.3106974455,0.0006468443961310493
48.8564017997,2.3106974455,0.0010923571896820515
48.8612956903,2.3106974455,0.0008032570423261952
48.8661895809,2.3106974455,0.000294780878359379
48.8710834715,2.3106974455,0.00011491257693132208
48.8759773621,2.3106974455,9.487836312039234e-05
48.8808712527,2.3106974455,9.407047195575909e-05
48.8857651433,2.3106974455,9.072704110318635e-05
48.8906590339,2.3106974455,8.406907759555257e-05
48.8955529245,2.3106974455,7.482377145639124e-05
48.9004468151,2.3106974455,6.396548688199921e-05
48.9053407057,2.3106974455,5.252361679393367e-05
48.9102345963,2.3106974455,4.1425364397064556e-05
48.9151284869,2.3106974455,3.1382016737312185e-05
48.9200223775,2.3106974455,2.283484989391908e-05
48.9249162681,2.3106974455,1.5959462902143192e-05
48.9298101587,2.3106974455,1.0713741933090755e-05
48.9347040493,2.3106974455,6.908231612158257e-06
48.9395979399,2.3106974455,4.278538038062759e-06
48.9444918305,2.3106974455,2.5452280698095063e-06
48.9493857211,2.3106974455,1.454322790673211e-06
48.9542796117,2.3106974455,7.981742537706393e-07
48.9591735023,2.3106974455,4.2076287980770365e-07
48.9640673929,2.3106974455,2.1304920694163048e-07
48.9689612835,2.3106974455,1.036156185735468e-07
48.9738551741,2.3106974455,4.8403116503949886e-08
48.9787490647,2.3106974455,2.1718219868499773e-08
48.7389484253,2.3155913361,6.087905577777839e-12
48.7438423159,2.3155913361,1.905303575256213e-11
48.7487362065,2.3155913361,5.7274757079581514e-11
48.7536300971,2.3155913361,1.6537319934747915e-10
48.7585239877,2.3155913361,4.586377520029219e-10
48.7634178783,2.3155913361,1.221735718246339e-09
48.7683117689,2.3155913361,3.125989690613537e-09
48.7732056595,2.3155913361,7.682465387359127e-09
48.7780995501,2.3155913361,1.813495507678373e-08
48.7829934407,2.3155913361,4.1118300461876466e-08
48.7878873313,2.3155913361,8.954815122255491e-08
48.7927812219,2.3155913361,1.8731859302283023e-07
48.7976751125,2.3155913361,3.7636388830015437e-07
48.8025690031,2.3155913361,7.263363946061105e-07
48.8074628937,2.3155913361,1.3463887252836984e-06
48.8123567843,2.3155913361,2.397209150924782e-06
48.8172506749,2.3155913361,4.099625513359171e-06
48.8221445655,2.3155913361,6.7341885040831605e-06
48.8270384561,2.3155913361,1.0625120079736203e-05
48.8319323467,2.3155913361,1.6117801513501652e-05
48.8368262373,2.3155913361,2.433839275854506e-05
48.8417201279,2.3155913361,5.361285773089408e-05
48.8466140185,2.3155913361,0.00024204731873866926
48.8515079091,2.3155913361,0.0008289082670268013
48.8564017997,2.3155913361,0.0013056915415541022
48.8612956903,2.3155913361,0.0008947339341492452
48.8661895809,2.3155913361,0.00031416392632637683
48.8710834715,2.3155913361,0.00012919256105159486
48.8759773621,2.3155913361,0.00011186554512631097
48.8808712527,2.3155913361,0.00011222128199272707
48.8857651433,2.3155913361,0.000109162721967044
48.8906590339,2.3155913361,0.0001020126395816173
48.8955529245,2.3155913361,9.156658738116199e-05
48.9004468151,2.3155913361,7.894468085040537e-05
48.9053407057,2.3155913361,6.537497218983218e-05
48.9102345963,2.3155913361,5.199995406267916e-05
48.9151284869,2.3155913361,3.972804570944432e-05
48.9200223775,2.3155913361,2.9153737755134206e-05
48.9249162681,2.3155913361,2.0549160438899175e-05
48.9298101587,2.3155913361,1.3912229140515646e-05
48.9347040493,2.3155913361,9.046949378820846e-06
48.9395979399,2.3155913361,5.650805999107444e-06
48.9444918305,2.3155913361,3.3901696679642245e-06
48.9493857211,2.3155913361,1.953598302866728e-06
48.9542796117,2.3155913361,1.0813141939104334e-06
48.9591735023,2.3155913361,5.748722398179558e-07
48.9640673929,2.3155913361,2.9355776328591986e-07
48.9689612835,2.3155913361,1.4398544790200974e-07
48.9738551741,2.3155913361,6.783384465281155e-08
48.9787490647,2.3155913361,3.069566611920599e-08
48.7389484253,2.3204852267,5.576193626954842e-12
48.7438423159,2.3204852267,1.760004789785084e-11
48.7487362065,2.3204852267,5.33571535049171e-11
48.7536300971,2.3204852267,1.553725362084101e-10
48.7585239877,2.3204852267,4.34568913590215e-10
48.7634178783,2.3204852267,1.1674703449722556e-09
48.7683117689,2.3204852267,3.0125611034818995e-09
48.7732056595,2.3204852267,7.466699832726362e-09
48.7780995501,2.3204852267,1.777560429623594e-08
48.7829934407,2.3204852267,4.064647838070957e-08
48.7878873313,2.3204852267,8.92738547349599e-08
48.7927812219,2.3204852267,1.883338333099693e-07
48.7976751125,2.3204852267,3.8162344303455947e-07
48.8025690031,2.3204852267,7.427530853852546e-07
48.8074628937,2.3204852267,1.3885346310656259e-06
48.8123567843,2.3204852267,2.4932845000382546e-06
48.8172506749,2.3204852267,4.300211382868544e-06
48.8221445655,2.3204852267,7.123782162422346e-06
48.8270384561,2.3204852267,1.1335545919051273e-05
48.8319323467,2.3204852267,1.7351969556394087e-05
48.8368262373,2.3204852267,2.6868537318999316e-05
48.8417201279,2.3204852267,6.665828558995647e-05
48.8466140185,2.3204852267,0.00031960246209802347
48.8515079091,2.3204852267,0.0010419594885496173
48.8564017997,2.3204852267,0.0015293702866039443
48.8612956903,2.3204852267,0.0009767242858410618
48.8661895809,2.3204852267,0.0003292988838908086
48.8710834715,2.3204852267,0.00014347424065688463
48.8759773621,2.3204852267,0.0001295713557049913
48.8808712527,2.3204852267,0.00013141118569319008
48.8857651433,2.3204852267,0.0001289246469813028
48.8906590339,2.3204852267,0.00012150538874015986
48.8955529245,2.3204852267,0.0001099912944803369
48.9004468151,2.3204852267,9.563654704830726e-05
48.9053407057,2.3204852267,7.987157729475133e-05
48.9102345963,2.3204852267,6.407128487513469e-05
48.9151284869,2.3204852267,4.936707600378968e-05
48.9200223775,2.3204852267,3.653542599058129e-05
48.9249162681,2.3204852267,2.5971303360387082e-05
48.9298101587,2.3204852267,1.77327509174969e-05
48.9347040493,2.3204852267,1.1629506388587756e-05
48.9395979399,2.3204852267,7.3257020052673765e-06
48.9444918305,2.3204852267,4.432410902034728e-06
48.9493857211,2.3204852267,2.5759271670090126e-06
48.9542796117,2.3204852267,1.437904170998417e-06
48.9591735023,2.3204852267,7.709551371516331e-07
48.9640673929,2.3204852267,3.970370806177365e-07
48.9689612835,2.3204852267,1.9639744344308492e-07
48.9738551741,2.3204852267,9.331326607780036e-08
48.9787490647,2.3204852267,4.2584715481533386e-08
48.7389484253,2.3253791173,5.013391660194208e-12
48.7438423159,2.3253791173,1.595832729132937e-11
48.7487362065,2.3253791173,4.8791694431008096e-11
48.7536300971,2.3253791173,1.4328714592969505e-10
48.7585239877,2.3253791173,4.0417678361559924e-10
48.7634178783,2.3253791173,1.0950609662626542e-09
48.7683117689,2.3253791173,2.84975858547835e-09
48.7732056595,2.3253791173,7.123293573682663e-09
48.7780995501,2.3253791173,1.710240280553958e-08
48.7829934407,2.3253791173,3.944008257541507e-08
48.7878873313,2.3253791173,8.736212228732132e-08
48.7927812219,2.3253791173,1.8587087710143798e-07
48.7976751125,2.3253791173,3.798385875420421e-07
48.8025690031,2.3253791173,7.455646999848454e-07
48.8074628937,2.3253791173,1.4056352234364995e-06
48.8123567843,2.3253791173,2.5454461456047945e-06
48.8172506749,2.3253791173,4.427513832442019e-06
48.8221445655,2.3253791173,7.397074494041719e-06
48.8270384561,2.3253791173,1.1870731840267742e-05
48.8319323467,2.3253791173,1.834291403154048e-05
48.8368262373,2.3253791173,2.9332481953287276e-05
48.8417201279,2.3253791173,8.31040228205423e-05
48.8466140185,2.3253791173,0.00041602776841926953
48.8515079091,2.3253791173,0.0012845864885680162
48.8564017997,2.3253791173,0.0017553897694803583
48.8612956903,2.3253791173,0.001044959000389229
48.8661895809,2.3253791173,0.00033957444388637437
48.8710834715,2.3253791173,0.00015728027884142465
48.8759773621,2.3253791173,0.0001474070032966962
48.8808712527,2.3253791173,0.0001510501428238578
48.8857651433,2.3253791173,0.0001494587971099678
48.8906590339,2.3253791173,0.00014205644578992223
48.8955529245,2.3253791173,0.00012968909170849003
48.9004468151,2.3253791173,0.00011372311644957207
48.9053407057,2.3253791173,9.578485705849174e-05
48.9102345963,2.3253791173,7.749037409186242e-05
48.9151284869,2.3253791173,6.021455187074312e-05
48.9200223775,2.3253791173,4.4942575715561146e-05
48.9249162681,2.3253791173,3.221938586068019e-05
48.9298101587,2.3253791173,2.2186017760165084e-05
48.9347040493,2.3253791173,1.4673856027961025e-05
48.9395979399,2.3253791173,9.322061207914384e-06
48.9444918305,2.3253791173,5.6882993808780506e-06
48.9493857211,2.3253791173,3.33392434413308e-06
48.9542796117,2.3253791173,1.8768598068194422e-06
48.9591735023,2.3253791173,1.0148707289068071e-06
48.9640673929,2.3253791173,5.270992745557776e-07
48.9689612835,2.3253791173,2.629522609560926e-07
48.9738551741,2.3253791173,1.2599815893978666e-07
48.9787490647,2.3253791173,5.7990157511032e-08
48.7389484253,2.3302730079,4.42434794048118e-12
48.7438423159,2.3302730079,1.420315206106914e-11
48.7487362065,2.3302730079,4.379484553779619e-11
48.7536300971,2.3302730079,1.2970719283916025e-10
48.7585239877,2.3302730079,3.6898432878974047e-10
48.7634178783,2.3302730079,1.0082183421318271e-09
48.7683117689,2.3302730079,2.6460874782989703e-09
48.7732056595,2.3302730079,6.670487593778486e-09
48.7780995501,2.3302730079,1.615171853782998e-08
48.7829934407,2.3302730079,3.7566386310527405e-08
48.7878873313,2.3302730079,8.393011257618754e-08
48.7927812219,2.3302730079,1.801256097689154e-07
48.7976751125,2.3302730079,3.7130262771579223e-07
48.8025690031,2.3302730079,7.350386578857317e-07
48.8074628937,2.3302730079,1.3973674524168506e-06
48.8123567843,2.3302730079,2.551448099623989e-06
48.8172506749,2.3302730079,4.475017669798249e-06
48.8221445655,2.3302730079,7.53953072989787e-06
48.8270384561,2.3302730079,1.22023367718533e-05
48.8319323467,2.3302730079,1.904379786012932e-05
48.8368262373,2.3302730079,3.175662355550475e-05
48.8417201279,2.3302730079,0.00010384767200640566
48.8466140185,2.3302730079,0.0005333485104644175
48.8515079091,2.3302730079,0.0015530425623194858
48.8564017997,2.3302730079,0.0019743165365981473
48.8612956903,2.3302730079,0.001095690102535339
48.8661895809,2.3302730079,0.0003446119063806166
48.8710834715,2.3302730079,0.00017008531516580163
48.8759773621,2.3302730079,0.00016469466641995598
48.8808712527,2.3302730079,0.00017043026128909947
48.8857651433,2.3302730079,0.00017007169219519265
48.8906590339,2.3302730079,0.0001630235232015333
48.8955529245,2.3302730079,0.0001500971468556991
48.9004468151,2.3302730079,0.00013273867197009199
48.9053407057,2.3302730079,0.00011275227172999687
48.9102345963,2.3302730079,9.199324369361715e-05
48.9151284869,2.3302730079,7.209237998067237e-05
48.9200223775,2.3302730079,5.426572290245115e-05
48.9249162681,2.3302730079,3.923418374531639e-05
48.9298101587,2.3302730079,2.7246231955504246e-05
48.9347040493,2.3302730079,1.8174023134745966e-05
48.9395979399,2.3302730079,1.1643900954996836e-05
48.9444918305,2.3302730079,7.165536749967428e-06
48.9493857211,2.3302730079,4.235471384273741e-06
48.9542796117,2.3302730079,2.404681571627269e-06
48.9591735023,2.3302730079,1.31134268350669e-06
48.9640673929,2.3302730079,6.868748562793196e-07
48.9689612835,2.3302730079,3.4557462018760363e-07
48.9738551741,2.3302730079,1.6699707288139648e-07
48.9787490647,2.3302730079,7.751373743762825e-08
48.7389484253,2.3351668985000003,3.8325758931064e-12
48.7438423159,2.3351668985000003,1.240811918297161e-11
48.7487362065,2.3351668985000003,3.858548363960292e-11
48.7536300971,2.3351668985000003,1.1525100976158034e-10
48.7585239877,2.3351668985000003,3.306498499600932e-10
48.7634178783,2.3351668985000003,9.111601921783141e-10
48.7683117689,2.3351668985000003,2.411705105405773e-09
48.7732056595,2.3351668985000003,6.1313924846628355e-09
48.7780995501,2.3351668985000003,1.497323428847206e-08
48.7829934407,2.3351668985000003,3.5128980628991046e-08
48.7878873313,2.3351668985000003,7.92147722893607e-08
48.7927812219,2.3351668985000003,1.7179420244251852e-07
48.7976751125,2.3351668985000003,3.58279022960277e-07
48.8025690031,2.3351668985000003,7.172712675498011e-07
48.8074628937,2.3351668985000003,1.375475442489791e-06
48.8123567843,2.3351668985000003,2.5264707965713053e-06
48.8172506749,2.3351668985000003,4.454497500702129e-06
48.8221445655,2.3351668985000003,7.552380530521126e-06
48.8270384561,2.3351668985000003,1.2316247947534134e-05
48.8319323467,2.3351668985000003,1.942534971874571e-05
48.8368262373,2.3351668985000003,3.421831222974188e-05
48.8417201279,2.3351668985000003,0.0001298992049576851
48.8466140185,2.3351668985000003,0.0006728241669262963
48.8515079091,2.3351668985000003,0.0018410184403652922
48.8564017997,2.3351668985000003,0.0021758961057717244
48.8612956903,2.3351668985000003,0.0011261555601384432
48.8661895809,2.3351668985000003,0.0003450199159549371
48.8710834715,2.3351668985000003,0.0001832280584058039
48.8759773621,2.3351668985000003,0.00018277015181361253
48.8808712527,2.3351668985000003,0.00018973309270469432
48.8857651433,2.3351668985000003,0.0001901584703590846
48.8906590339,2.3351668985000003,0.00018365535240771216
48.8955529245,2.3351668985000003,0.00017051668385376377
48.9004468151,2.3351668985000003,0.00015207928547711157
48.9053407057,2.3351668985000003,0.00013027995416885397
48.9102345963,2.3351668985000003,0.00010719831479021364
48.9151284869,2.3351668985000003,8.472295958634217e-05
48.9200223775,2.3351668985000003,6.431571139316388e-05
48.9249162681,2.3351668985000003,4.689600378334769e-05
48.9298101587,2.3351668985000003,3.284410210782595e-05
48.9347040493,2.3351668985000003,2.209437649178093e-05
48.9395979399,2.3351668985000003,1.4276077792255099e-05
48.9444918305,2.3351668985000003,8.860104833464575e-06
48.9493857211,2.3351668985000003,5.281674273618757e-06
48.9542796117,2.3351668985000003,3.024176728780954e-06
48.9591735023,2.3351668985000003,1.6632039933748803e-06
48.9640673929,2.3351668985000003,8.785908379201283e-07
48.9689612835,2.3351668985000003,4.4579030589333554e-07
48.9738551741,2.3351668985000003,2.1725879640971545e-07
48.9787490647,2.3351668985000003,1.0170139674494528e-07
48.7389484253,2.3400607891000003,3.2587879696632445e-12
48.7438423159,2.3400607891000003,1.0640230267773113e-11
48.7487362065,2.3400607891000003,3.336942691476284e-11
48.7536300971,2.3400607891000003,1.0051925674157354e-10
48.7585239877,2.3400607891000003,2.9083896386645913e-10
48.7634178783,2.3400607891000003,8.082742109900932e-10
48.7683117689,2.3400607891000003,2.157585137050869e-09
48.7732056595,2.3400607891000003,5.532023053337764e-09
48.7780995501,2.3400607891000003,1.3625177211123715e-08
48.7829934407,2.3400607891000003,3.2252907277417966e-08
48.7878873313,2.3400607891000003,7.353828675106074e-08
48.7927812219,2.3400607891000003,1.623949652836774e-07
48.7976751125,2.3400607891000003,3.495146179275568e-07
48.8025690031,2.3400607891000003,7.300790834150813e-07
48.8074628937,2.3400607891000003,1.4497410941017732e-06
48.8123567843,2.3400607891000003,2.6825536926111513e-06
48.8172506749,2.3400607891000003,4.639678352474377e-06
48.8221445655,2.3400607891000003,7.672009338885997e-06
48.8270384561,2.3400607891000003,1.234565909231312e-05
48.8319323467,2.3400607891000003,1.9532846182480614e-05
48.8368262373,2.3400607891000003,3.686840534461097e-05
48.8417201279,2.3400607891000003,0.0001623220150457684
48.8466140185,2.3400607891000003,0.0008345842789263533
48.8515079091,2.3400607891000003,0.0021396490884027946
48.8564017997,2.3400607891000003,0.002349972439562839
48.8612956903,2.3400607891000003,0.0011378533807952394
48.8661895809,2.3400607891000003,0.00036774638536901395
48.8710834715,2.3400607891000003,0.0002905245439519023
48.8759773621,2.3400607891000003,0.0003425266724041026
48.8808712527,2.3400607891000003,0.0002990432784010848
48.8857651433,2.3400607891000003,0.00023383844986187848
48.8906590339,2.3400607891000003,0.00020604069858245642
48.8955529245,2.3400607891000003,0.00019029404981305728
48.9004468151,2.3400607891000003,0.00017103094292899004
48.9053407057,2.3400607891000003,0.0001477589621927875
48.9102345963,2.3400607891000003,0.00012261506563924124
48.9151284869,2.3400607891000003,9.773198606720008e-05
48.9200223775,2.3400607891000003,7.482253418338646e-05
48.9249162681,2.3400607891000003,5.5021306842164694e-05
48.9298101587,2.3400607891000003,3.8862630054708535e-05
48.9347040493,2.3400607891000003,2.6365515954247472e-05
48.9395979399,2.3400607891000003,1.718079119876196e-05
48.9444918305,2.3400607891000003,1.0753574398183314e-05
48.9493857211,2.3400607891000003,6.464952338275652e-06
48.9542796117,2.3400607891000003,3.7331944362412556e-06
48.9591735023,2.3400607891000003,2.0706118323181175e-06
48.9640673929,2.3400607891000003,1.1031119060011054e-06
48.9689612835,2.3400607891000003,5.644731015969493e-07
48.9738551741,2.3400607891000003,2.7744041816610926e-07
48.9787490647,2.3400607891000003,1.3097819711663103e-07
48.7389484253,2.3449546797000003,2.7198521458829787e-12
48.7438423159,2.3449546797000003,8.956120907245775e-12
48.7487362065,2.3449546797000003,2.8326792347434844e-11
48.7536300971,2.3449546797000003,8.60553051657235e-11
48.7585239877,2.3449546797000003,2.5110808633843533e-10
48.7634178783,2.3449546797000003,7.037956098257742e-10
48.7683117689,2.3449546797000003,1.8946778948143473e-09
48.7732056595,2.3449546797000003,4.899259797126748e-09
48.7780995501,2.3449546797000003,1.2169550392886817e-08
48.7829934407,2.3449546797000003,2.9063802152542634e-08
48.7878873313,2.3449546797000003,6.70957524352654e-08
48.7927812219,2.3449546797000003,1.528476872066899e-07
48.7976751125,2.3449546797000003,3.5848318525648854e-07
48.8025690031,2.3449546797000003,8.827176609590999e-07
48.8074628937,2.3449546797000003,2.12761222276758e-06
48.8123567843,2.3449546797000003,4.48255444645469e-06
48.8172506749,2.3449546797000003,7.754051342327395e-06
48.8221445655,2.3449546797000003,1.124247228685337e-05
48.8270384561,2.3449546797000003,1.5031408429004988e-05
48.8319323467,2.3449546797000003,2.0885075522003697e-05
48.8368262373,2.3449546797000003,4.046515098621284e-05
48.8417201279,2.3449546797000003,0.00020227410269363344
48.8466140185,2.3449546797000003,0.0010173061409576426
48.8515079091,2.3449546797000003,0.002437801243261881
48.8564017997,2.3449546797000003,0.00248762629078019
48.8612956903,2.3449546797000003,0.0011490636483984407
48.8661895809,2.3449546797000003,0.0006459892474127844
48.8710834715,2.3449546797000003,0.0016809622768960194
48.8759773621,2.3449546797000003,0.003181160186394609
48.8808712527,2.3449546797000003,0.00278069614099483
48.8857651433,2.3449546797000003,0.0011713253721041938
48.8906590339,2.3449546797000003,0.0003707763723154651
48.8955529245,2.3449546797000003,0.00021838018896465556
48.9004468151,2.3449546797000003,0.00018909370368428745
48.9053407057,2.3449546797000003,0.0001644991709540473
48.9102345963,2.3449546797000003,0.00013766502758074528
48.9151284869,2.3449546797000003,0.00011066140538573521
48.9200223775,2.3449546797000003,8.544203818760871e-05
48.9249162681,2.3449546797000003,6.336505517071148e-05
48.9298101587,2.3449546797000003,4.5136807040008785e-05
48.9347040493,2.3449546797000003,3.088265641710224e-05
48.9395979399,2.3449546797000003,2.0295570542119393e-05
48.9444918305,2.3449546797000003,1.2811225583935073e-05
48.9493857211,2.3449546797000003,7.767529143785973e-06
48.9542796117,2.3449546797000003,4.523534463527228e-06
48.9591735023,2.3449546797000003,2.5303215515527763e-06
48.9640673929,2.3449546797000003,1.3594909619788308e-06
48.9689612835,2.3449546797000003,7.01584093364736e-07
48.9738551741,2.3449546797000003,3.4776505681672183e-07
48.9787490647,2.3449546797000003,1.6557507088554691e-07
48.7389484253,2.3498485703,2.2282213866415186e-12
48.7438423159,2.3498485703,7.399676265535724e-12
48.7487362065,2.3498485703,2.3603146417299185e-11
48.7536300971,2.3498485703,7.231524803515316e-11
48.7585239877,2.3498485703,2.1281030733799847e-10
48.7634178783,2.3498485703,6.01531311444408e-10
48.7683117689,2.3498485703,1.6331522818352076e-09
48.7732056595,2.3498485703,4.25892117647613e-09
48.7780995501,2.3498485703,1.0668563241064213e-08
48.7829934407,2.3498485703,2.5692519764057533e-08
48.7878873313,2.3498485703,5.990757829437492e-08
48.7927812219,2.3498485703,1.4065555410770366e-07
48.7976751125,2.3498485703,3.734956355637961e-07
48.8025690031,2.3498485703,1.2284834262202254e-06
48.8074628937,2.3498485703,4.277135726192082e-06
48.8123567843,2.3498485703,1.2487601612319264e-05
48.8172506749,2.3498485703,2.7151624503248795e-05
48.8221445655,2.3498485703,4.2525345777095504e-05
48.8270384561,2.3498485703,4.888641407371002e-05
48.8319323467,2.3498485703,4.562515336842401e-05
48.8368262373,2.3498485703,5.672173742822314e-05
48.8417201279,2.3498485703,0.00025459756358733914
48.8466140185,2.3498485703,0.0012188349114336848
48.8515079091,2.3498485703,0.0027227693570360673
48.8564017997,2.3498485703,0.002580089192470059
48.8612956903,2.3498485703,0.001151076533178538
48.8661895809,2.3498485703,0.0013067480874805484
48.8710834715,2.3498485703,0.006495212313807791
48.8759773621,2.3498485703,0.017340289275961575
48.8808712527,2.3498485703,0.020240381351756688
48.8857651433,2.3498485703,0.010277776856072887
48.8906590339,2.3498485703,0.002398469838231761
48.8955529245,2.3498485703,0.00042383658631975037
48.9004468151,2.3498485703,0.0002125221000771641
48.9053407057,2.3498485703,0.00017988940313337003
48.9102345963,2.3498485703,0.00015171551269237217
48.9151284869,2.3498485703,0.00012299274655203166
48.9200223775,2.3498485703,9.5771135568107e-05
48.9249162681,2.3498485703,7.162960959111197e-05
48.9298101587,2.3498485703,5.1458050679214915e-05
48.9347040493,2.3498485703,3.550723673395314e-05
48.9395979399,2.3498485703,2.353332107368764e-05
48.9444918305,2.3498485703,1.4981398752120783e-05
48.9493857211,2.3498485703,9.16060814476921e-06
48.9542796117,2.3498485703,5.380207774733696e-06
48.9591735023,2.3498485703,3.0351250450746944e-06
48.9640673929,2.3498485703,1.6445872848273893e-06
48.9689612835,2.3498485703,8.559335840401021e-07
48.9738551741,2.3498485703,4.278839584570968e-07
48.9787490647,2.3498485703,2.0545406665448683e-07
48.7389484253,2.3547424609,1.791823513632147e-12
48.7438423159,2.3547424609,6.001078980186162e-12
48.7487362065,2.3547424609,1.930484205551239e-11
48.7536300971,2.3547424609,5.964938385681307e-11
48.7585239877,2.3547424609,1.7703065261518727e-10
48.7634178783,2.3547424609,5.046540675537549e-10
48.7683117689,2.3547424609,1.3817895313064354e-09
48.7732056595,2.3547424609,3.634069944535757e-09
48.7780995501,2.3547424609,9.180344451692694e-09
48.7829934407,2.3547424609,2.2285801388780517e-08
48.7878873313,2.3547424609,5.225727775020531e-08
48.7927812219,2.3547424609,1.2328251447931206e-07
48.7976751125,2.3547424609,3.488265415735746e-07
48.8025690031,2.3547424609,1.461913880505869e-06
48.8074628937,2.3547424609,7.202461358421119e-06
48.8123567843,2.3547424609,2.9536443967139846e-05
48.8172506749,2.3547424609,8.774635948419478e-05
48.8221445655,2.3547424609,0.0001818310793855707
48.8270384561,2.3547424609,0.00026084610031805574
48.8319323467,2.3547424609,0.0002616730139248323
48.8368262373,2.3547424609,0.000210378851793551
48.8417201279,2.3547424609,0.0003808309438028607
48.8466140185,2.3547424609,0.0014541834649817109
48.8515079091,2.3547424609,0.002985287022098578
48.8564017997,2.3547424609,0.002620917353913731
48.8612956903,2.3547424609,0.0010725422778815317
48.8661895809,2.3547424609,0.001183258385952444
48.8710834715,2.3547424609,0.007841729389194106
48.8759773621,2.3547424609,0.028430766838661376
48.8808712527,2.3547424609,0.04497119558514493
48.8857651433,2.3547424609,0.030707860843006012
48.8906590339,2.3547424609,0.00915363955205917
48.8955529245,2.3547424609,0.0013545363527998455
48.9004468151,2.3547424609,0.00027790448116721294
48.9053407057,2.3547424609,0.0001942055116810394
48.9102345963,2.3547424609,0.00016413127666146393
48.9151284869,2.3547424609,0.00013417970702976137
48.9200223775,2.3547424609,0.00010537110278680823
48.9249162681,2.3547424609,7.948024581511505e-05
48.9298101587,2.3547424609,5.758371468355636e-05
48.9347040493,2.3547424609,4.007217842192338e-05
48.9395979399,2.3547424609,2.6784838145713837e-05
48.9444918305,2.3547424609,1.7196414290116362e-05
48.9493857211,2.3547424609,1.0604484742347376e-05
48.9542796117,2.3547424609,6.281220548645529e-06
48.9591735023,2.3547424609,3.57356193181365e-06
48.9640673929,2.3547424609,1.9528162594067875e-06
48.9689612835,2.3547424609,1.0250009097158885e-06
48.9738551741,2.3547424609,5.167612241201731e-07
48.9787490647,2.3547424609,2.502409527582181e-07
48.7389484253,2.3596363515,1.4143470055687314e-12
48.7438423159,2.3596363515,4.7771603168628256e-12
48.7487362065,2.3596363515,1.5498385381431362e-11
48.7536300971,2.3596363515,4.829541415363376e-11
48.7585239877,2.3596363515,1.4455334060847845e-10
48.7634178783,2.3596363515,4.1557859420166827e-10
48.7683117689,2.3596363515,1.1475748117109508e-09
48.7732056595,2.3596363515,3.0437691954230334e-09
48.7780995501,2.3596363515,7.754390893524235e-09
48.7829934407,2.3596363515,1.897775408852921e-08
48.7878873313,2.3596363515,4.471123854406246e-08
48.7927812219,2.3596363515,1.0381443017670147e-07
48.7976751125,2.3596363515,2.777259875489677e-07
48.8025690031,2.3596363515,1.2251633030298083e-06
48.8074628937,2.3596363515,7.739525639058784e-06
48.8123567843,2.3596363515,4.312932579558375e-05
48.8172506749,2.3596363515,0.00017459032774552012
48.8221445655,2.3596363515,0.0004907358239430897
48.8270384561,2.3596363515,0.0009479933617916758
48.8319323467,2.3596363515,0.0012574333297991234
48.8368262373,2.3596363515,0.0011748064950757502
48.8417201279,2.3596363515,0.00106487306770033
48.8466140185,2.3596363515,0.0019428354147479837
48.8515079091,2.3596363515,0.0032820666566981452
48.8564017997,2.3596363515,0.0026241617858036425
48.8612956903,2.3596363515,0.0009666897754926426
48.8661895809,2.3596363515,0.0005006559899358896
48.8710834715,2.3596363515,0.0028519363319393573
48.8759773621,2.3596363515,0.013518516858940236
48.8808712527,2.3596363515,0.028858656999680276
48.8857651433,2.3596363515,0.026698100964614207
48.8906590339,2.3596363515,0.010748006423275632
48.8955529245,2.3596363515,0.002032915651730828
48.9004468151,2.3596363515,0.0003580603656488449
48.9053407057,2.3596363515,0.00020711540269000543
48.9102345963,2.3596363515,0.00017431881042385717
48.9151284869,2.3596363515,0.00014368738116221633
48.9200223775,2.3596363515,0.00011379738087883132
48.9249162681,2.3596363515,8.656646235770386e-05
48.9298101587,2.3596363515,6.325136107956608e-05
48.9347040493,2.3596363515,4.4390790598058334e-05
48.9395979399,2.3596363515,2.9923933672478813e-05
48.9444918305,2.3596363515,1.937524871310098e-05
48.9493857211,2.3596363515,1.2049768069680773e-05
48.9542796117,2.3596363515,7.198017341433573e-06
48.9591735023,2.3596363515,4.129998448315802e-06
48.9640673929,2.3596363515,2.276091345402189e-06
48.9689612835,2.3596363515,1.2048480675771584e-06
48.9738551741,2.3596363515,6.126009733634893e-07
48.9787490647,2.3596363515,2.991753988435741e-07
48.7389484253,2.3645302421,1.095823399827625e-12
48.7438423159,2.3645302421,3.732795004755562e-12
48.7487362065,2.3645302421,1.2213229263983775e-11
48.7536300971,2.3645302421,3.838218356139507e-11
48.7585239877,2.3645302421,1.1585949884936395e-10
48.7634178783,2.3645302421,3.3592042587188853e-10
48.7683117689,2.3645302421,9.355004009844676e-10
48.7732056595,2.3645302421,2.5023862754217795e-09
48.7780995501,2.3645302421,6.4293611334797665e-09
48.7829934407,2.3645302421,1.5866960318302504e-08
48.7878873313,2.3645302421,3.763058319758238e-08
48.7927812219,2.3645302421,8.640877132754827e-08
48.7976751125,2.3645302421,2.0732877943244384e-07
48.8025690031,2.3645302421,7.465766947666383e-07
48.8074628937,2.3645302421,5.04317387163545e-06
48.8123567843,2.3645302421,3.648031316462054e-05
48.8172506749,2.3645302421,0.0001992353545945183
48.8221445655,2.3645302421,0.0007593945897558573
48.8270384561,2.3645302421,0.0019889741094186526
48.8319323467,2.3645302421,0.0035689282061917202
48.8368262373,2.3645302421,0.004418368457566948
48.8417201279,2.3645302421,0.004098411168548066
48.8466140185,2.3645302421,0.003959644299509753
48.8515079091,2.3645302421,0.0041817253919359506
48.8564017997,2.3645302421,0.0027624680445383575
48.8612956903,2.3645302421,0.000912185675448782
48.8661895809,2.3645302421,0.00027098616901763845
48.8710834715,2.3645302421,0.00045540522736143505
48.8759773621,2.3645302421,0.002008443824656782
48.8808712527,2.3645302421,0.005476021429769877
48.8857651433,2.3645302421,0.006821305071404142
48.8906590339,2.3645302421,0.0037931211838357474
48.8955529245,2.3645302421,0.0010666035040214317
48.9004468151,2.3645302421,0.000314061740916592
48.9053407057,2.3645302421,0.00021326153291542993
48.9102345963,2.3645302421,0.00018169076305504285
48.9151284869,2.3645302421,0.0001510337317455598
48.9200223775,2.3645302421,0.00012063320297800564
48.9249162681,2.3645302421,9.254735027730652e-05
48.9298101587,2.3645302421,6.819678858024918e-05
48.9347040493,2.3645302421,4.8268817343595406e-05
48.9395979399,2.3645302421,3.281498357944226e-05
48.9444918305,2.3645302421,2.1427945026436537e-05
48.9493857211,2.3645302421,1.3439764377067714e-05
48.9542796117,2.3645302421,8.096654084942508e-06
48.9591735023,2.3645302421,4.6851372145170805e-06
48.9640673929,2.3645302421,2.6040051763538553e-06
48.9689612835,2.3645302421,1.390158024043892e-06
48.9738551741,2.3645302421,7.128354631772894e-07
48.9787490647,2.3645302421,3.5108900037639256e-07
48.7389484253,2.3694241327,8.333914016439532e-13
48.7438423159,2.3694241327,2.8630063765290016e-12
48.7487362065,2.3694241327,9.447097862958378e-12
48.7536300971,2.3694241327,2.994175912933198e-11
48.7585239877,2.3694241327,9.115049037005123e-11
48.7634178783,2.3694241327,2.6652840822692694e-10
48.7683117689,2.3694241327,7.485672123289135e-10
48.7732056595,2.3694241327,2.0193932279716594e-09
48.7780995501,2.3694241327,5.232555099406486e-09
48.7829934407,2.3694241327,1.3022981773584913e-08
48.7878873313,2.3694241327,3.1134203378385573e-08
48.7927812219,2.3694241327,7.159325793437375e-08
48.7976751125,2.3694241327,1.6147329550417144e-07
48.8025690031,2.3694241327,4.251424879799002e-07
48.8074628937,2.3694241327,2.167953139853914e-06
48.8123567843,2.3694241327,1.7936897065944266e-05
48.8172506749,2.3694241327,0.00012916462483378058
48.8221445655,2.3694241327,0.0006647950710069018
48.8270384561,2.3694241327,0.0023602894289740926
48.8319323467,2.3694241327,0.005743325632084358
48.8368262373,2.3694241327,0.009603901483621769
48.8417201279,2.3694241327,0.01137129515960971
48.8466140185,2.3694241327,0.010503078458232317
48.8515079091,2.3694241327,0.007944993074320382
48.8564017997,2.3694241327,0.004057528038868688
48.8612956903,2.3694241327,0.0011829145026648065
48.8661895809,2.3694241327,0.00029329735389569935
48.8710834715,2.3694241327,0.00019717842447225704
48.8759773621,2.3694241327,0.00027612858641695953
48.8808712527,2.3694241327,0.0005038196663899808
48.8857651433,2.3694241327,0.0007120852670291306
48.8906590339,2.3694241327,0.0005926258504658729
48.8955529245,2.3694241327,0.0003545888304516316
48.9004468151,2.3694241327,0.00024857321989474817
48.9053407057,2.3694241327,0.00021365593793159785
48.9102345963,2.3694241327,0.00018583544525503767
48.9151284869,2.3694241327,0.00015583027798114811
48.9200223775,2.3694241327,0.00012552357413542868
48.9249162681,2.3694241327,9.711854309858284e-05
48.9298101587,2.3694241327,7.217417418926009e-05
48.9347040493,2.3694241327,5.151862780587388e-05
48.9395979399,2.3694241327,3.532234677463767e-05
48.9444918305,2.3694241327,2.326149439010539e-05
48.9493857211,2.3694241327,1.4713922783854393e-05
48.9542796117,2.3694241327,8.939683278771096e-06
48.9591735023,2.3694241327,5.216973030752194e-06
48.9640673929,2.3694241327,2.9242725646606087e-06
48.9689612835,2.3694241327,1.574417494746019e-06
48.9738551741,2.3694241327,8.141881237590087e-07
48.9787490647,2.3694241327,4.044198078845603e-07
48.7389484253,2.3743180233,6.221302398561708e-13
48.7438423159,2.3743180233,2.155432073829914e-12
48.7487362065,2.3743180233,7.172823916977924e-12
48.7536300971,2.3743180233,2.2927082686396392e-11
48.7585239877,2.3743180233,7.038987986019735e-11
48.7634178783,2.3743180233,2.0757471472383254e-10
48.7683117689,2.3743180233,5.87951461939227e-10
48.7732056595,2.3743180233,1.599599642875903e-09
48.7780995501,2.3743180233,4.180073539538109e-09
48.7829934407,2.3743180233,1.0492026869660773e-08
48.7878873313,2.3743180233,2.5295291904681612e-08
48.7927812219,2.3743180233,5.858446094445885e-08
48.7976751125,2.3743180233,1.306959227697059e-07
48.8025690031,2.3743180233,2.915923753200468e-07
48.8074628937,2.3743180233,8.646308231354849e-07
48.8123567843,2.3743180233,5.569661122822916e-06
48.8172506749,2.3743180233,4.812658180338871e-05
48.8221445655,2.3743180233,0.00032925356600907305
48.8270384561,2.3743180233,0.0015800183158235428
48.8319323467,2.3743180233,0.005212932874024246
48.8368262373,2.3743180233,0.011823473316686667
48.8417201279,2.3743180233,0.01873832519746347
48.8466140185,2.3743180233,0.021378906340565773
48.8515079091,2.3743180233,0.01728996634523982
48.8564017997,2.3743180233,0.00907278302186312
48.8612956903,2.3743180233,0.0029722384270387753
48.8661895809,2.3743180233,0.0007262542645226025
48.8710834715,2.3743180233,0.00025282921712951954
48.8759773621,2.3743180233,0.0002048203971958576
48.8808712527,2.3743180233,0.0002235275262491025
48.8857651433,2.3743180233,0.0002451507968428892
48.8906590339,2.3743180233,0.00025317348065631335
48.8955529245,2.3743180233,0.0002462134649386998
48.9004468151,2.3743180233,0.00023189305182987137
48.9053407057,2.3743180233,0.00021196926379015696
48.9102345963,2.3743180233,0.0001865981458624173
48.9151284869,2.3743180233,0.0001578170299364082
48.9200223775,2.3743180233,0.0001282057739787004
48.9249162681,2.3743180233,0.00010003781085119033
48.9298101587,2.3743180233,7.497622558589465e-05
48.9347040493,2.3743180233,5.3974144434637036e-05
48.9395979399,2.3743180233,3.7320784070340055e-05
48.9444918305,2.3743180233,2.478669088189649e-05
48.9493857211,2.3743180233,1.581208503169756e-05
48.9542796117,2.3743180233,9.688633565235753e-06
48.9591735023,2.3743180233,5.702151073266258e-06
48.9640673929,2.3743180233,3.223426018408934e-06
48.9689612835,2.3743180233,1.7502476122711432e-06
48.9738551741,2.3743180233,9.128177567901254e-07
48.9787490647,2.3743180233,4.572686890977969e-07
48.7389484253,2.3792119139,4.558662689933793e-13
48.7438423159,2.3792119139,1.5928329005497579e-12
48.7487362065,2.3792119139,5.345714687257063e-12
48.7536300971,2.3792119139,1.7232335165998394e-11
48.7585239877,2.3792119139,5.335624883469422e-11
48.7634178783,2.3792119139,1.586825769466222e-10
48.7683117689,2.3792119139,4.532898547663733e-10
48.7732056595,2.3792119139,1.2437284034731849e-09
48.7780995501,2.3792119139,3.2777656917428997e-09
48.7829934407,2.3792119139,8.297228651289279e-09
48.7878873313,2.3792119139,2.0173957191813928e-08
48.7927812219,2.3792119139,4.711457550395524e-08
48.7976751125,2.3792119139,1.0571009283047805e-07
48.8025690031,2.3792119139,2.287928019584324e-07
48.8074628937,2.3792119139,5.038157201710522e-07
48.8123567843,2.3792119139,1.6060389580156818e-06
48.8172506749,2.3792119139,1.1189709342343838e-05
48.8221445655,2.3792119139,9.353531763847858e-05
48.8270384561,2.3792119139,0.000598066180313527
48.8319323467,2.3792119139,0.002669443672984568
48.8368262373,2.3792119139,0.008235498826678388
48.8417201279,2.3792119139,0.017754116930267096
48.8466140185,2.3792119139,0.026824526959957583
48.8515079091,2.3792119139,0.02735998285759777
48.8564017997,2.3792119139,0.018071760039905627
48.8612956903,2.3792119139,0.007893403664024893
48.8661895809,2.3792119139,0.0024571013480324854
48.8710834715,2.3792119139,0.0006434280148579446
48.8759773621,2.3792119139,0.00025241437336342087
48.8808712527,2.3792119139,0.00021205477806380857
48.8857651433,2.3792119139,0.00022314583788359606
48.8906590339,2.3792119139,0.0002323464792199049
48.8955529245,2.3792119139,0.00023278544990111447
48.9004468151,2.3792119139,0.0002240356776584453
48.9053407057,2.3792119139,0.0002071209063788444
48.9102345963,2.3792119139,0.0001839287405733674
48.9151284869,2.3792119139,0.0001568845597117647
48.9200223775,2.3792119139,0.0001285327282648342
48.9249162681,2.3792119139,0.00010114631168148162
48.9298101587,2.3792119139,7.645205693688003e-05
48.9347040493,2.3792119139,5.5504870974066973e-05
48.9395979399,2.3792119139,3.870577960607183e-05
48.9444918305,2.3792119139,2.5925273123373513e-05
48.9493857211,2.3792119139,1.6679140246920625e-05
48.9542796117,2.3792119139,1.0306869555723129e-05
48.9591735023,2.3792119139,6.117622829331925e-06
48.9640673929,2.3792119139,3.4877184210006695e-06
48.9689612835,2.3792119139,1.9098661502778954e-06
48.9738551741,2.3792119139,1.0045400283792143e-06
48.9787490647,2.3792119139,5.074980308537027e-07
48.7389484253,2.3841058045,3.2788190998246637e-13
48.7438423159,2.3841058045,1.1553935664603954e-12
48.7487362065,2.3841058045,3.91061653897126e-12
48.7536300971,2.3841058045,1.2713447076128493e-11
48.7585239877,2.3841058045,3.969942397725467e-11
48.7634178783,2.3841058045,1.1907151799838965e-10
48.7683117689,2.3841058045,3.430317937846521e-10
48.7732056595,2.3841058045,9.492129561736054e-10
48.7780995501,2.3841058045,2.5228750371249556e-09
48.7829934407,2.3841058045,6.440663668238175e-09
48.7878873313,2.3841058045,1.579313338045996e-08
48.7927812219,2.3841058045,3.719708371494829e-08
48.7976751125,2.3841058045,8.415043560693004e-08
48.8025690031,2.3841058045,1.8290119067733202e-07
48.8074628937,2.3841058045,3.836684185254826e-07
48.8123567843,2.3841058045,8.218080616884559e-07
48.8172506749,2.3841058045,2.554826858971528e-06
48.8221445655,2.3841058045,1.6818088821958862e-05
48.8270384561,2.3841058045,0.00013043688961798095
48.8319323467,2.3841058045,0.000777013600838006
48.8368262373,2.3841058045,0.0032870620364842023
48.8417201279,2.3841058045,0.009818086499182475
48.8466140185,2.3841058045,0.02006731920419532
48.8515079091,2.3841058045,0.026668223769782524
48.8564017997,2.3841058045,0.02303555630847147
48.8612956903,2.3841058045,0.013620684589090782
48.8661895809,2.3841058045,0.0057159185734654595
48.8710834715,2.3841058045,0.0017536090601366812
48.8759773621,2.3841058045,0.0004847657967076088
48.8808712527,2.3841058045,0.0002317123317552767
48.8857651433,2.3841058045,0.0002104497803470528
48.8906590339,2.3841058045,0.00021747644774681679
48.8955529245,2.3841058045,0.00021954691312830595
48.9004468151,2.3841058045,0.0002131121651702035
48.9053407057,2.3841058045,0.00019870663938059685
48.9102345963,2.3841058045,0.0001779590211876125
48.9151284869,2.3841058045,0.00015308423327865106
48.9200223775,2.3841058045,0.00012648636695418658
48.9249162681,2.3841058045,0.00010038290806172255
48.9298101587,2.3841058045,7.652064574183483e-05
48.9347040493,2.3841058045,5.602737544030897e-05
48.9395979399,2.3841058045,3.940258642474474e-05
48.9444918305,2.3841058045,2.661656340584904e-05
48.9493857211,2.3841058045,1.7269590139904626e-05
48.9542796117,2.3841058045,1.0762542496493336e-05
48.9591735023,2.3841058045,6.442442144524594e-06
48.9640673929,2.3841058045,3.704153486986207e-06
48.9689612835,2.3841058045,2.045644770392359e-06
48.9738551741,2.3841058045,1.0851112472549845e-06
48.9787490647,2.3841058045,5.528675613155338e-07
48.7389484253,2.3889996951,2.3148417402606735e-13
48.7438423159,2.3889996951,8.226470090135203e-13
48.7487362065,2.3889996951,2.808073948079078e-12
48.7536300971,2.3889996951,9.206750133008386e-12
48.7585239877,2.3889996951,2.899392240062657e-11
48.7634178783,2.3889996951,8.770217961115775e-11
48.7683117689,2.3889996951,2.548100777565476e-10
48.7732056595,2.3889996951,7.110917058363334e-10
48.7780995501,2.3889996951,1.906063762773155e-09
48.7829934407,2.3889996951,4.907406520772482e-09
48.7878873313,2.3889996951,1.2135828921307807e-08
48.7927812219,2.3889996951,2.8826350076774397e-08
48.7976751125,2.3889996951,6.576771721532044e-08
48.8025690031,2.3889996951,1.4412600956723926e-07
48.8074628937,2.3889996951,3.0343766185058875e-07
48.8123567843,2.3889996951,6.160439703701417e-07
48.8172506749,2.3889996951,1.261116250942602e-06
48.8221445655,2.3889996951,3.461652753197709e-06
48.8270384561,2.3889996951,1.909721610624319e-05
48.8319323467,2.3889996951,0.0001369504023985701
48.8368262373,2.3889996951,0.0008248626736897612
48.8417201279,2.3889996951,0.0035587602496805763
48.8466140185,2.3889996951,0.00968057557926766
48.8515079091,2.3889996951,0.015990556529772
48.8564017997,2.3889996951,0.017419727036291178
48.8612956903,2.3889996951,0.013682454963517651
48.8661895809,2.3889996951,0.007765801933432611
48.8710834715,2.3889996951,0.0031286646573860503
48.8759773621,2.3889996951,0.0009554563371850722
48.8808712527,2.3889996951,0.0003184754158352725
48.8857651433,2.3889996951,0.00020656409902727096
48.8906590339,2.3889996951,0.00020102482912530076
48.8955529245,2.3889996951,0.00020335786293864446
48.9004468151,2.3889996951,0.00019899887585649481
48.9053407057,2.3889996951,0.00018712303110675514
48.9102345963,2.3889996951,0.00016901077618816554
48.9151284869,2.3889996951,0.00014662383590974046
48.9200223775,2.3889996951,0.00012217928010971923
48.9249162681,2.3889996951,9.778975224166784e-05
48.9298101587,2.3889996951,7.517820097709196e-05
48.9347040493,2.3889996951,5.551282270766433e-05
48.9395979399,2.3889996951,3.9372907991296674e-05
48.9444918305,2.3889996951,2.6822822282553603e-05
48.9493857211,2.3889996951,1.755150052563429e-05
48.9542796117,2.3889996951,1.1031303408900456e-05
48.9591735023,2.3889996951,6.659508953477878e-06
48.9640673929,2.3889996951,3.8615386286043615e-06
48.9689612835,2.3889996951,2.1507075474743456e-06
48.9738551741,2.3889996951,1.1505490384355607e-06
48.9787490647,2.3889996951,5.911963001727315e-07
48.7389484253,2.3938935857,1.6041648798254122e-13
48.7438423159,2.3938935857,5.749379179224608e-13
48.7487362065,2.3938935857,1.9792274191408563e-12
48.7536300971,2.3938935857,6.544451367911424e-12
48.7585239877,2.3938935857,2.078517042794242e-11
48.7634178783,2.3938935857,6.340693112511405e-11
48.7683117689,2.3938935857,1.8579014650205847e-10
48.7732056595,2.3938935857,5.228913041823596e-10
48.7780995501,2.3938935857,1.4135232647508923e-09
48.7829934407,2.3938935857,3.670263977116116e-09
48.7878873313,2.3938935857,9.153652909392112e-09
48.7927812219,2.3938935857,2.1927765559115957e-08
48.7976751125,2.3938935857,5.045417606481535e-08
48.8025690031,2.3938935857,1.1150715285746784e-07
48.8074628937,2.3938935857,2.3670835521007984e-07
48.8123567843,2.3938935857,4.827114392471757e-07
48.8172506749,2.3938935857,9.477894120284882e-07
48.8221445655,2.3938935857,1.8414341388610846e-06
48.8270384561,2.3938935857,4.420863500592402e-06
48.8319323467,2.3938935857,2.5035482762885877e-05
48.8368262373,2.3938935857,0.00023125749293888707
48.8417201279,2.3938935857,0.0013883462328087661
48.8466140185,2.3938935857,0.0042090695023944405
48.8515079091,2.3938935857,0.0069281001521180555
48.8564017997,2.3938935857,0.008040315642501896
48.8612956903,2.3938935857,0.007887077267136324
48.8661895809,2.3938935857,0.006007327827301999
48.8710834715,2.3938935857,0.0032577778795673026
48.8759773621,2.3938935857,0.001278884324628393
48.8808712527,2.3938935857,0.0004371871944510265
48.8857651433,2.3938935857,0.00021674578101033178
48.8906590339,2.3938935857,0.00018539937646810196
48.8955529245,2.3938935857,0.00018518356892398998
48.9004468151,2.3938935857,0.0001824146968001779
48.9053407057,2.3938935857,0.00017296881463540122
48.9102345963,2.3938935857,0.00015755518150984736
48.9151284869,2.3938935857,0.00013784865811723135
48.9200223775,2.3938935857,0.00011584445640888391
48.9249162681,2.3938935857,9.35084309040381e-05
48.9298101587,2.3938935857,7.249851017854158e-05
48.9347040493,2.3938935857,5.3989610420012044e-05
48.9395979399,2.3938935857,3.861838469173531e-05
48.9444918305,2.3938935857,2.6532661364813564e-05
48.9493857211,2.3938935857,1.7509362053541974e-05
48.9542796117,2.3938935857,1.1098457695331741e-05
48.9591735023,2.3938935857,6.757059418820627e-06
48.9640673929,2.3938935857,3.95144229434529e-06
48.9689612835,2.3938935857,2.2195061316682383e-06
48.9738551741,2.3938935857,1.1974567967049427e-06
48.9787490647,2.3938935857,6.205348208786305e-07
48.7389484253,2.3987874763,1.0911904441209246e-13
48.7438423159,2.3987874763,3.9441391770861134e-13
48.7487362065,2.3987874763,1.369325538544548e-12
48.7536300971,2.3987874763,4.566295194155596e-12
48.7585239877,2.3987874763,1.4625949118599043e-11
48.7634178783,2.3987874763,4.499734938510374e-11
48.7683117689,2.3987874763,1.329696742317045e-10
48.7732056595,2.3987874763,3.774166683946986e-10
48.7780995501,2.3987874763,1.0289454417098913e-09
48.7829934407,2.3987874763,2.6944269739217838e-09
48.7878873313,2.3987874763,6.777090523060337e-09
48.7927812219,2.3987874763,1.6372799925030768e-08
48.7976751125,2.3987874763,3.799316047713613e-08
48.8025690031,2.3987874763,8.468191860580265e-08
48.8074628937,2.3987874763,1.8129206320951645e-07
48.8123567843,2.3987874763,3.727957294116304e-07
48.8172506749,2.3987874763,7.363802579329541e-07
48.8221445655,2.3987874763,1.401577583979917e-06
48.8270384561,2.3987874763,2.8555720513189847e-06
48.8319323467,2.3987874763,1.5203206016944115e-05
48.8368262373,2.3987874763,0.00016944326011137523
48.8417201279,2.3987874763,0.001036005928922584
48.8466140185,2.3987874763,0.0027595322773643688
48.8515079091,2.3987874763,0.003400310868306567
48.8564017997,2.3987874763,0.002768340107970614
48.8612956903,2.3987874763,0.0026842991443403437
48.8661895809,2.3987874763,0.00265375275029739
48.8710834715,2.3987874763,0.0019511044760062417
48.8759773621,2.3987874763,0.001032218774157024
48.8808712527,2.3987874763,0.0004424339755925823
48.8857651433,2.3987874763,0.0002192937110920815
48.8906590339,2.3987874763,0.00017034734916533326
48.8955529245,2.3987874763,0.00016602399886086883
48.9004468151,2.3987874763,0.00016418143004869753
48.9053407057,2.3987874763,0.00015694249204802616
48.9102345963,2.3987874763,0.0001441700960910731
48.9151284869,2.3987874763,0.00012721091298810696
48.9200223775,2.3987874763,0.00010781440763180741
48.9249162681,2.3987874763,8.77671596753863e-05
48.9298101587,2.3987874763,6.862622124824427e-05
48.9347040493,2.3987874763,5.1540772948556056e-05
48.9395979399,2.3987874763,3.7180443648844495e-05
48.9444918305,2.3987874763,2.5762084890803837e-05
48.9493857211,2.3987874763,1.7145503585233883e-05
48.9542796117,2.3987874763,1.096029599551499e-05
48.9591735023,2.3987874763,6.729721927460081e-06
48.9640673929,2.3987874763,3.968942025319378e-06
48.9689612835,2.3987874763,2.2483048115537443e-06
48.9738551741,2.3987874763,1.2233153456827165e-06
48.9787490647,2.3987874763,6.393290766595479e-07
48.7389484253,2.4036813669,7.28577835017174e-14
48.7438423159,2.4036813669,2.655873355005172e-13
48.7487362065,2.4036813669,9.299113917452503e-13
48.7536300971,2.4036813669,3.127365012502258e-12
48.7585239877,2.4036813669,1.0102256178964115e-11
48.7634178783,2.4036813669,3.134447360277421e-11
48.7683117689,2.4036813669,9.341279851092137e-11
48.7732056595,2.4036813669,2.673958018858357e-10
48.7780995501,2.4036813669,7.352001467754403e-10
48.7829934407,2.4036813669,1.941598307184297e-09
48.7878873313,2.4036813669,4.925110551616361e-09
48.7927812219,2.4036813669,1.1999837946186478e-08
48.7976751125,2.4036813669,2.8082617061095935e-08
48.8025690031,2.4036813669,6.312517190028165e-08
48.8074628937,2.4036813669,1.3629200143571999e-07
48.8123567843,2.4036813669,2.8264482635634933e-07
48.8172506749,2.4036813669,5.630289432110916e-07
48.8221445655,2.4036813669,1.0814486834220022e-06
48.8270384561,2.4036813669,2.337681142326417e-06
48.8319323467,2.4036813669,1.5877534709297555e-05
48.8368262373,2.4036813669,0.0001817936790170859
48.8417201279,2.4036813669,0.0010354851131382024
48.8466140185,2.4036813669,0.0024778457227051793
48.8515079091,2.4036813669,0.0024921311859185773
48.8564017997,2.4036813669,0.001207501494131865
48.8612956903,2.4036813669,0.0006418852760899176
48.8661895809,2.4036813669,0.0006993170665160637
48.8710834715,2.4036813669,0.000694948016954445
48.8759773621,2.4036813669,0.0005096773772813808
48.8808712527,2.4036813669,0.0003023878108886833
48.8857651433,2.4036813669,0.00018659006015533445
48.8906590339,2.4036813669,0.00015084731328943076
48.8955529245,2.4036813669,0.0001461811840684588
48.9004468151,2.4036813669,0.00014509571345269596
48.9053407057,2.4036813669,0.00013978293774247186
48.9102345963,2.4036813669,0.0001294919211008514
48.9151284869,2.4036813669,0.0001152312029449257
48.9200223775,2.4036813669,9.849228164768967e-05
48.9249162681,2.4036813669,8.086063902814295e-05
48.9298101587,2.4036813669,6.376391011127384e-05
48.9347040493,2.4036813669,4.8296483619242106e-05
48.9395979399,2.4036813669,3.5136530986793106e-05
48.9444918305,2.4036813669,2.4553027516927305e-05
48.9493857211,2.4036813669,1.6479878996942415e-05
48.9542796117,2.4036813669,1.0624433576719568e-05
48.9591735023,2.4036813669,6.579007051110386e-06
48.9640673929,2.4036813669,3.913070902280748e-06
48.9689612835,2.4036813669,2.2355165089860948e-06
48.9738551741,2.4036813669,1.2267070036760332e-06
48.9787490647,2.4036813669,6.465566862908592e-07
48.7389484253,2.4085752575,4.775020126564172e-14
48.7438423159,2.4085752575,1.7554414267301579e-13
48.7487362065,2.4085752575,6.198695155091096e-13
48.7536300971,2.4085752575,2.1024080632807008e-12
48.7585239877,2.4085752575,6.8491479458733334e-12
48.7634178783,2.4085752575,2.14318114699645e-11
48.7683117689,2.4085752575,6.44145551994826e-11
48.7732056595,2.4085752575,1.8595674825417356e-10
48.7780995501,2.4085752575,5.156353382337569e-10
48.7829934407,2.4085752575,1.3733340961963596e-09
48.7878873313,2.4085752575,3.5132781184612923e-09
48.7927812219,2.4085752575,8.632799574895653e-09
48.7976751125,2.4085752575,2.0374810798232452e-08
48.8025690031,2.4085752575,4.6188973435001895e-08
48.8074628937,2.4085752575,1.0057402587012973e-07
48.8123567843,2.4085752575,2.1034698709569638e-07
48.8172506749,2.4085752575,4.225917769860203e-07
48.8221445655,2.4085752575,8.21235143341994e-07
48.8270384561,2.4085752575,1.970720263065791e-06
48.8319323467,2.4085752575,1.7422854080359232e-05
48.8368262373,2.4085752575,0.00019840256979492587
48.8417201279,2.4085752575,0.0010537169842551103
48.8466140185,2.4085752575,0.002329619545631739
48.8515079091,2.4085752575,0.002127814147315459
48.8564017997,2.4085752575,0.0008272949991570799
48.8612956903,2.4085752575,0.00020129210362810222
48.8661895809,2.4085752575,0.0001434207048674721
48.8710834715,2.4085752575,0.00017926502443505526
48.8759773621,2.4085752575,0.000184076545874603
48.8808712527,2.4085752575,0.0001593666864673457
48.8857651433,2.4085752575,0.0001351006867712541
48.8906590339,2.4085752575,0.00012576527668182238
48.8955529245,2.4085752575,0.00012564647711961471
48.9004468151,2.4085752575,0.00012582904668404998
48.9053407057,2.4085752575,0.00012220721032572867
48.9102345963,2.4085752575,0.000114165630285918
48.9151284869,2.4085752575,0.00010245656201480321
48.9200223775,2.4085752575,8.831845255282623e-05
48.9249162681,2.4085752575,7.312504482594903e-05
48.9298101587,2.4085752575,5.815454289590037e-05
48.9347040493,2.4085752575,4.442259725644354e-05
48.9395979399,2.4085752575,3.2593203358235393e-05
48.9444918305,2.4085752575,2.2969574219884684e-05
48.9493857211,2.4085752575,1.5548254563817255e-05
48.9542796117,2.4085752575,1.0109115049968912e-05
48.9591735023,2.4085752575,6.313169285784913e-06
48.9640673929,2.4085752575,3.786906041548198e-06
48.9689612835,2.4085752575,2.1818476575529194e-06
48.9738551741,2.4085752575,1.2074443306367932e-06
48.9787490647,2.4085752575,6.418190579490001e-07
48.7389484253,2.4134691481,3.071838002094907e-14
48.7438423159,2.4134691481,1.1389093936688136e-13
48.7487362065,2.4134691481,4.055858922790947e-13
48.7536300971,2.4134691481,1.3873284888576643e-12
48.7585239877,2.4134691481,4.558044575352671e-12
48.7634178783,2.4134691481,1.4384031667860051e-11
48.7683117689,2.4134691481,4.359989989099386e-11
48.7732056595,2.4134691481,1.269384388141568e-10
48.7780995501,2.4134691481,3.549797771510028e-10
48.7829934407,2.4134691481,9.534915996086012e-10
48.7878873313,2.4134691481,2.4599876627695027e-09
48.7927812219,2.4134691481,6.096095837323417e-09
48.7976751125,2.4134691481,1.4510201450892006e-08
48.8025690031,2.4134691481,3.3174004331257094e-08
48.8074628937,2.4134691481,7.284926120403184e-08
48.8123567843,2.4134691481,1.5365811560788527e-07
48.8172506749,2.4134691481,3.1135179420776055e-07
48.8221445655,2.4134691481,6.137958378600045e-07
48.8270384561,2.4134691481,1.7114249733835582e-06
48.8319323467,2.4134691481,1.9228045004340362e-05
48.8368262373,2.4134691481,0.0002130103222391482
48.8417201279,2.4134691481,0.0010532517211208577
48.8466140185,2.4134691481,0.0021581617519193124
48.8515079091,2.4134691481,0.0018233038172652323
48.8564017997,2.4134691481,0.0006463205037534949
48.8612956903,2.4134691481,0.0001203322367299217
48.8661895809,2.4134691481,5.141794692107879e-05
48.8710834715,2.4134691481,6.371978441750056e-05
48.8759773621,2.4134691481,7.930788467010062e-05
48.8808712527,2.4134691481,8.983831842757499e-05
48.8857651433,2.4134691481,9.623898796048607e-05
48.8906590339,2.4134691481,0.0001013091242015958
48.8955529245,2.4134691481,0.00010542337713570198
48.9004468151,2.4134691481,0.00010701939486380428
48.9053407057,2.4134691481,0.0001048657443770581
48.9102345963,2.4134691481,9.879864560938137e-05
48.9151284869,2.4134691481,8.94197306937343e-05
48.9200223775,2.4134691481,7.773642442164615e-05
48.9249162681,2.4134691481,6.491110055148599e-05
48.9298101587,2.4134691481,5.2061443169337384e-05
48.9347040493,2.4134691481,4.01066356608257e-05
48.9395979399,2.4134691481,2.9676936118283854e-05
48.9444918305,2.4134691481,2.1092336436223753e-05
48.9493857211,2.4134691481,1.4399026042917758e-05
48.9542796117,2.4134691481,9.441572742051575e-06
48.9591735023,2.4134691481,5.946458178565993e-06
48.9640673929,2.4134691481,3.597287869965634e-06
48.9689612835,2.4134691481,2.0902335620882044e-06
48.9738551741,2.4134691481,1.1665872869395042e-06
48.9787490647,2.4134691481,6.253778008812745e-07
48.7389484253,2.4183630387,1.9397477729194418e-14
48.7438423159,2.4183630387,7.252969608956008e-14
48.7487362065,2.4183630387,2.604889184584236e-13
48.7536300971,2.4183630387,8.985979976244235e-13
48.7585239877,2.4183630387,2.9774497419308627e-12
48.7634178783,2.4183630387,9.476025736771979e-12
48.7683117689,2.4183630387,2.8967487133874495e-11
48.7732056595,2.4183630387,8.505467960570285e-11
48.7780995501,2.4183630387,2.398768859548449e-10
48.7829934407,2.4183630387,6.498025190604169e-10
48.7878873313,2.4183630387,1.6907413649883023e-09
48.7927812219,2.4183630387,4.225477218523299e-09
48.7976751125,2.4183630387,1.0143250478890739e-08
48.8025690031,2.4183630387,2.3387367217841575e-08
48.8074628937,2.4183630387,5.1795057548554845e-08
48.8123567843,2.4183630387,1.1017898017792315e-07
48.8172506749,2.4183630387,2.2518355854478652e-07
48.8221445655,2.4183630387,4.524685801581425e-07
48.8270384561,2.4183630387,1.547784552403256e-06
48.8319323467,2.4183630387,2.117058754050155e-05
48.8368262373,2.4183630387,0.00022451589672895897
48.8417201279,2.4183630387,0.0010319146749339155
48.8466140185,2.4183630387,0.0019595609402242027
48.8515079091,2.4183630387,0.0015333098117613574
48.8564017997,2.4183630387,0.0005031878765074673
48.8612956903,2.4183630387,8.683676221943933e-05
48.8661895809,2.4183630387,3.4869843641220686e-05
48.8710834715,2.4183630387,4.163137670859983e-05
48.8759773621,2.4183630387,5.26592489865111e-05
48.8808712527,2.4183630387,6.365068022857048e-05
48.8857651433,2.4183630387,7.34623675795861e-05
48.8906590339,2.4183630387,8.138814124955035e-05
48.8955529245,2.4183630387,8.686869486128305e-05
48.9004468151,2.4183630387,8.931273586012082e-05
48.9053407057,2.4183630387,8.832037204044032e-05
48.9102345963,2.4183630387,8.392418140589357e-05
48.9151284869,2.4183630387,7.660385259255233e-05
48.9200223775,2.4183630387,6.7161674910766e-05
48.9249162681,2.4183630387,5.655820929907671e-05
48.9298101587,2.4183630387,4.574805240565965e-05
48.9347040493,2.4183630387,3.554285988228463e-05
48.9395979399,2.4183630387,2.652375014192957e-05
48.9444918305,2.4183630387,1.901167081223132e-05
48.9493857211,2.4183630387,1.308905952246416e-05
48.9542796117,2.4183630387,8.655644251231598e-06
48.9591735023,2.4183630387,5.497853377979975e-06
48.9640673929,2.4183630387,3.354205814834254e-06
48.9689612835,2.4183630387,1.965572469275511e-06
48.9738551741,2.4183630387,1.106346618379167e-06
48.9787490647,2.4183630387,5.981307966015737e-07
48.7389484253,2.4232569293,1.2023089106342809e-14
48.7438423159,2.4232569293,4.533842102956878e-14
48.7487362065,2.4232569293,1.6421753000726455e-13
48.7536300971,2.4232569293,5.713147532735424e-13
48.7585239877,2.4232569293,1.9091241075642438e-12
48.7634178783,2.4232569293,6.127674440135832e-12
48.7683117689,2.4232569293,1.889121993378154e-11
48.7732056595,2.4232569293,5.5940600491214014e-11
48.7780995501,2.4232569293,1.5910984140628107e-10
48.7829934407,2.4232569293,4.346801025103844e-10
48.7878873313,2.4232569293,1.1406312815405454e-09
48.7927812219,2.4232569293,2.8749056338021606e-09
48.7976751125,2.4232569293,6.959927394500118e-09
48.8025690031,2.4232569293,1.6184102612757376e-08
48.8074628937,2.4232569293,3.61472564288961e-08
48.8123567843,2.4232569293,7.754722263824511e-08
48.8172506749,2.4232569293,1.5988487871662223e-07
48.8221445655,2.4232569293,3.301975381856552e-07
48.8270384561,2.4232569293,1.4660508425327992e-06
48.8319323467,2.4232569293,2.3126373506781092e-05
48.8368262373,2.4232569293,0.00023217618389629794
48.8417201279,2.4232569293,0.000990811925177999
48.8466140185,2.4232569293,0.0017433843381861286
48.8515079091,2.4232569293,0.0012634666836813056
48.8564017997,2.4232569293,0.00038420010207254076
48.8612956903,2.4232569293,6.270562087723018e-05
48.8661895809,2.4232569293,2.631589674366867e-05
48.8710834715,2.4232569293,3.188710703118416e-05
48.8759773621,2.4232569293,4.04832110247148e-05
48.8808712527,2.4232569293,4.9426703924883326e-05
48.8857651433,2.4232569293,5.7932771534207914e-05
48.8906590339,2.4232569293,6.519553036975498e-05
48.8955529245,2.4232569293,7.047210372440211e-05
48.9004468151,2.4232569293,7.318481046715931e-05
48.9053407057,2.4232569293,7.301512456844713e-05
48.9102345963,2.4232569293,6.997541081130338e-05
48.9151284869,2.4232569293,6.441566518371219e-05
48.9200223775,2.4232569293,5.695637121576015e-05
48.9249162681,2.4232569293,4.837223779471773e-05
48.9298101587,2.4232569293,3.945961720069711e-05
48.9347040493,2.4232569293,3.091806863544186e-05
48.9395979399,2.4232569293,2.3268835276681166e-05
48.9444918305,2.4232569293,1.6820532191940112e-05
48.9493857211,2.4232569293,1.1679052720562663e-05
48.9542796117,2.4232569293,7.788939031106175e-06
48.9591735023,2.4232569293,4.989439821501275e-06
48.9640673929,2.4232569293,3.069927169758236e-06
48.9689612835,2.4232569293,1.8142918729739148e-06
48.9738551741,2.4232569293,1.0298857211772015e-06
48.9787490647,2.4232569293,5.615309750852466e-07
48.7389484253,2.4281508199,7.314939195195452e-15
48.7438423159,2.4281508199,2.7818952657134208e-14
48.7487362065,2.4281508199,1.0161869876925136e-13
48.7536300971,2.4281508199,3.5654083937238586e-13
48.7585239877,2.4281508199,1.2015662874485221e-12
48.7634178783,2.4281508199,3.8894571031459284e-12
48.7683117689,2.4281508199,1.2092971694614028e-11
48.7732056595,2.4281508199,3.6114356908474546e-11
48.7780995501,2.4281508199,1.035927910517792e-10
48.7829934407,2.4281508199,2.8541840954404174e-10
48.7878873313,2.4281508199,7.553308594207831e-10
48.7927812219,2.4281508199,1.9199736749479313e-09
48.7976751125,2.4281508199,4.687660155700496e-09
48.8025690031,2.4281508199,1.0993089471711148e-08
48.8074628937,2.4281508199,2.4762028174863827e-08
48.8123567843,2.4281508199,5.3574542093116715e-08
48.8172506749,2.4281508199,1.1146113324091418e-07
48.8221445655,2.4281508199,2.400545144453776e-07
48.8270384561,2.4281508199,1.450899131216063e-06
48.8319323467,2.4281508199,2.4963265931752725e-05
48.8368262373,2.4281508199,0.00023546681071768232
48.8417201279,2.4281508199,0.0009322727420258043
48.8466140185,2.4281508199,0.00151976102189535
48.8515079091,2.4281508199,0.0010200730609907062
48.8564017997,2.4281508199,0.00028742815140436355
48.8612956903,2.4281508199,4.448347735141813e-05
48.8661895809,2.4281508199,1.9688248372406262e-05
48.8710834715,2.4281508199,2.4361440794269862e-05
48.8759773621,2.4281508199,3.1184063755019864e-05
48.8808712527,2.4281508199,3.838416513883979e-05
48.8857651433,2.4281508199,4.5380651239566135e-05
48.8906590339,2.4281508199,5.153228907270443e-05
48.8955529245,2.4281508199,5.6206009003271344e-05
48.9004468151,2.4281508199,5.888302319554995e-05
48.9053407057,2.4281508199,5.925239285028851e-05
48.9102345963,2.4281508199,5.727020878829866e-05
48.9151284869,2.4281508199,5.316872200914164e-05
48.9200223775,2.4281508199,4.7411855069999944e-05
48.9249162681,2.4281508199,4.0608837543534264e-05
48.9298101587,2.4281508199,3.340849997443918e-05
48.9347040493,2.4281508199,2.6399530007999165e-05
48.9395979399,2.4281508199,2.00372544385316e-05
48.9444918305,2.4281508199,1.4607739985610513e-05
48.9493857211,2.4281508199,1.0228940346873445e-05
48.9542796117,2.4281508199,6.879883131606395e-06
48.9591735023,2.4281508199,4.444616304369626e-06
48.9640673929,2.4281508199,2.757974765828517e-06
48.9689612835,2.4281508199,1.643800470938955e-06
48.9738551741,2.4281508199,9.410456941300269e-07
48.9787490647,2.4281508199,5.174580198648604e-07
48.7389484253,2.4330447105,4.368468674956991e-15
48.7438423159,2.4330447105,1.6754790831049565e-14
48.7487362065,2.4330447105,6.172364916049152e-14
48.7536300971,2.4330447105,2.1840721285317727e-13
48.7585239877,2.4330447105,7.423097390993198e-13
48.7634178783,2.4330447105,2.4232941806066074e-12
48.7683117689,2.4330447105,7.598535893399858e-12
48.7732056595,2.4330447105,2.2885294118478755e-11
48.7780995501,2.4330447105,6.620425096999854e-11
48.7829934407,2.4330447105,1.8395773493612635e-10
48.7878873313,2.4330447105,4.909678223029917e-10
48.7927812219,2.4330447105,1.2586089188954542e-09
48.7976751125,2.4330447105,3.0990699527274913e-09
48.8025690031,2.4330447105,7.329506811186063e-09
48.8074628937,2.4330447105,1.6650257089671053e-08
48.8123567843,2.4330447105,3.633092073779524e-08
48.8172506749,2.4330447105,7.631370952095878e-08
48.8221445655,2.4330447105,1.7561993103359157e-07
48.8270384561,2.4330447105,1.4862124512040644e-06
48.8319323467,2.4330447105,2.6551073746526617e-05
48.8368262373,2.4330447105,0.00023412859023789237
48.8417201279,2.4330447105,0.0008595587003494494
48.8466140185,2.4330447105,0.0012980689908887928
48.8515079091,2.4330447105,0.0008069165858281527
48.8564017997,2.4330447105,0.00021068455524559483
48.8612956903,2.4330447105,3.09787774987179e-05
48.8661895809,2.4330447105,1.448796359998988e-05
48.8710834715,2.4330447105,1.8283377429548624e-05
48.8759773621,2.4330447105,2.3608246627913026e-05
48.8808712527,2.4330447105,2.9305575642759074e-05
48.8857651433,2.4330447105,3.494151707496275e-05
48.8906590339,2.4330447105,4.001619139636114e-05
48.8955529245,2.4330447105,4.401817508776899e-05
48.9004468151,2.4330447105,4.6508339414220595e-05
48.9053407057,2.4330447105,4.719896989326459e-05
48.9102345963,2.4330447105,4.600841110153082e-05
48.9151284869,2.4330447105,4.307694611559166e-05
48.9200223775,2.4330447105,3.873962742674892e-05
48.9249162681,2.4330447105,3.346330154013835e-05
48.9298101587,2.4330447105,2.776418540204246e-05
48.9347040493,2.4330447105,2.2126049730413822e-05
48.9395979399,2.4330447105,1.6936576636215728e-05
48.9444918305,2.4330447105,1.245231728857235e-05
48.9493857211,2.4330447105,8.793819024666733e-06
48.9542796117,2.4330447105,5.96496182119796e-06
48.9591735023,2.4330447105,3.886338384298489e-06
48.9640673929,2.4330447105,2.4320715911602433e-06
48.9689612835,2.4330447105,1.4618906776864735e-06
48.9738551741,2.4330447105,8.440268015349299e-07
48.9787490647,2.4330447105,4.680587598422447e-07
48.7389484253,2.4379386011,2.5607759478984415e-15
48.7438423159,2.4379386011,9.905150900195138e-15
48.7487362065,2.4379386011,3.6800473735234464e-14
48.7536300971,2.4379386011,1.313253363254921e-13
48.7585239877,2.4379386011,4.5013878365842076e-13
48.7634178783,2.4379386011,1.4819963823757208e-12
48.7683117689,2.4379386011,4.68652192380405e-12
48.7732056595,2.4379386011,1.4234983287458672e-11
48.7780995501,2.4379386011,4.1530395717448855e-11
48.7829934407,2.4379386011,1.1637989900548231e-10
48.7878873313,2.4379386011,3.1325115557659845e-10
48.7927812219,2.4379386011,8.098604428686045e-10
48.7976751125,2.4379386011,2.01108529550575e-09
48.8025690031,2.4379386011,4.796821896583268e-09
48.8074628937,2.4379386011,1.0989540625019441e-08
48.8123567843,2.4379386011,2.4183669104538686e-08
48.8172506749,2.4379386011,5.134225847964485e-08
48.8221445655,2.4379386011,1.3120987364864755e-07
48.8270384561,2.4379386011,1.5557741769846234e-06
48.8319323467,2.4379386011,2.7772161857027985e-05
48.8368262373,2.4379386011,0.00022819244545484077
48.8417201279,2.4379386011,0.0007765528851960284
48.8466140185,2.4379386011,0.0010863117273880662
48.8515079091,2.4379386011,0.0006253931185648031
48.8564017997,2.4379386011,0.00015130989265020383
48.8612956903,2.4379386011,2.118154590267867e-05
48.8661895809,2.4379386011,1.0481388448119108e-05
48.8710834715,2.4379386011,1.3469937526303589e-05
48.8759773621,2.4379386011,1.7544360443333245e-05
48.8808712527,2.4379386011,2.1963620505835146e-05
48.8857651433,2.4379386011,2.6410378797605946e-05
48.8906590339,2.4379386011,3.050339174911637e-05
48.8955529245,2.4379386011,3.383953782770531e-05
48.9004468151,2.4379386011,3.605815468967847e-05
48.9053407057,2.4379386011,3.690501314035768e-05
48.9102345963,2.4379386011,3.628023018146489e-05
48.9151284869,2.4379386011,3.425764535721382e-05
48.9200223775,2.4379386011,3.1070467496695516e-05
48.9249162681,2.4379386011,2.7067046385268626e-05
48.9298101587,2.4379386011,2.2648359290804703e-05
48.9347040493,2.4379386011,1.820268375587788e-05
48.9395979399,2.4379386011,1.4051959873502672e-05
48.9444918305,2.4379386011,1.0419363200927438e-05
48.9493857211,2.4379386011,7.4207577139722816e-06
48.9542796117,2.4379386011,5.076426779197683e-06
48.9591735023,2.4379386011,3.335575688030129e-06
48.9640673929,2.4379386011,2.1051656359234804e-06
48.9689612835,2.4379386011,1.2761582827599402e-06
48.9738551741,2.4379386011,7.430629614109111e-07
48.9787490647,2.4379386011,4.1557506709206345e-07
48.7389484253,2.4428324917,1.4734580947467177e-15
48.7438423159,2.4428324917,5.7478712656868145e-15
48.7487362065,2.4428324917,2.153669588645263e-14
48.7536300971,2.4428324917,7.750931833142961e-14
48.7585239877,2.4428324917,2.6793630159902525e-13
48.7634178783,2.4428324917,8.896352823490745e-13
48.7683117689,2.4428324917,2.8372345352780097e-12
48.7732056595,2.4428324917,8.691230653854023e-12
48.7780995501,2.4428324917,2.5572318973708054e-11
48.7829934407,2.4428324917,7.227061479934714e-11
48.7878873313,2.4428324917,1.9618065699497095e-10
48.7927812219,2.4428324917,5.1150916436389e-10
48.7976751125,2.4428324917,1.2810127508270646e-09
48.8025690031,2.4428324917,3.0814582315866036e-09
48.8074628937,2.4428324917,7.11970530150701e-09
48.8123567843,2.4428324917,1.5801575420909225e-08
48.8172506749,2.4428324917,3.397727728061397e-08
48.8221445655,2.4428324917,1.019744721301535e-07
48.8270384561,2.4428324917,1.6438940432357582e-06
48.8319323467,2.4428324917,2.8531334967919618e-05
48.8368262373,2.4428324917,0.00021797483098790277
48.8417201279,2.4428324917,0.0006874101176894485
48.8466140185,2.4428324917,0.0008907183247462974
48.8515079091,2.4428324917,0.0004749000406310652
48.8564017997,2.4428324917,0.00010647145555931116
48.8612956903,2.4428324917,1.4221502119352028e-05
48.8661895809,2.4428324917,7.453464618004973e-06
48.8710834715,2.4428324917,9.74131552247419e-06
48.8759773621,2.4428324917,1.2797812253111269e-05
48.8808712527,2.4428324917,1.6157802032883837e-05
48.8857651433,2.4428324917,1.9594432854230245e-05
48.8906590339,2.4428324917,2.28236928365383e-05
48.8955529245,2.4428324917,2.5535356721770543e-05
48.9004468151,2.4428324917,2.7441051148877784e-05
48.9053407057,2.4428324917,2.832450678091874e-05
48.9102345963,2.4428324917,2.808191807158428e-05
48.9151284869,2.4428324917,2.6742005817391957e-05
48.9200223775,2.4428324917,2.4460424465293324e-05
48.9249162681,2.4428324917,2.1490018951941378e-05
48.9298101587,2.4428324917,1.8134784826821797e-05
48.9347040493,2.4428324917,1.4699102369381331e-05
48.9395979399,2.4428324917,1.1443846427435903e-05
48.9444918305,2.4428324917,8.557679685146068e-06
48.9493857211,2.4428324917,6.146711525678116e-06
48.9542796117,2.4428324917,4.240650055459054e-06
48.9591735023,2.4428324917,2.8101198209791005e-06
48.9640673929,2.4428324917,1.788628062087825e-06
48.9689612835,2.4428324917,1.0934981212898708e-06
48.9738551741,2.4428324917,6.421239097188336e-07
48.9787490647,2.4428324917,3.621783121849631e-07
48.7389484253,2.4477263823,8.32200259188164e-16
48.7438423159,2.4477263823,3.2739860155886158e-15
48.7487362065,2.4477263823,1.2371677556602172e-14
48.7536300971,2.4477263823,4.490380713824215e-14
48.7585239877,2.4477263823,1.5654548068148074e-13
48.7634178783,2.4477263823,5.242044508534103e-13
48.7683117689,2.4477263823,1.6860236909703571e-12
48.7732056595,2.4477263823,5.208701151120972e-12
48.7780995501,2.4477263823,1.5456031969093244e-11
48.7829934407,2.4477263823,4.4052379638052586e-11
48.7878873313,2.4477263823,1.2059895322757182e-10
48.7927812219,2.4477263823,3.1711771411658614e-10
48.7976751125,2.4477263823,8.009405200007638e-10
48.8025690031,2.4477263823,1.9430448621552684e-09
48.8074628937,2.4477263823,4.5276038869318975e-09
48.8123567843,2.4477263823,1.0134928973322896e-08
48.8172506749,2.4477263823,2.2161892095713643e-08
48.8221445655,2.4477263823,8.38999345356957e-08
48.8270384561,2.4477263823,1.7359934346993905e-06
48.8319323467,2.4477263823,2.876387069721096e-05
48.8368262373,2.4477263823,0.00020404446618016778
48.8417201279,2.4477263823,0.000596210852670671
48.8466140185,2.4477263823,0.0007155688647287567
48.8515079091,2.4477263823,0.00035332455894371344
48.8564017997,2.4477263823,7.340581546978231e-05
48.8612956903,2.4477263823,9.37770256737798e-06
48.8661895809,2.4477263823,5.208962005100258e-06
48.8710834715,2.4477263823,6.915257170146983e-06
48.8759773621,2.4477263823,9.163426664312711e-06
48.8808712527,2.4477263823,1.166767968297667e-05
48.8857651433,2.4477263823,1.4269693428126678e-05
48.8906590339,2.4477263823,1.6762839557413224e-05
48.8955529245,2.4477263823,1.8913997740387922e-05
48.9004468151,2.4477263823,2.049849028611457e-05
48.9053407057,2.4477263823,2.133846717444386e-05
48.9102345963,2.4477263823,2.133572283251812e-05
48.9151284869,2.4477263823,2.0490582366115657e-05
48.9200223775,2.4477263823,1.8901838215458832e-05
48.9249162681,2.4477263823,1.6747754289108818e-05
48.9298101587,2.4477263823,1.425318488642872e-05
48.9347040493,2.4477263823,1.1651183863944861e-05
48.9395979399,2.4477263823,9.14810186732026e-06
48.9444918305,2.4477263823,6.899136335819135e-06
48.9493857211,2.4477263823,4.9975973377667946e-06
48.9542796117,2.4477263823,3.477207398420011e-06
48.9591735023,2.4477263823,2.323821296662986e-06
48.9640673929,2.4477263823,1.491686842516544e-06
48.9689612835,2.4477263823,9.197194896521203e-07
48.9738551741,2.4477263823,5.446730902639741e-07
48.9787490647,2.4477263823,3.098269902135565e-07
48.7389484253,2.4526202729,4.613619300340247e-16
48.7438423159,2.4526202729,1.830503055410245e-15
48.7487362065,2.4526202729,6.975927527989036e-15
48.7536300971,2.4526202729,2.5535023459211115e-14
48.7585239877,2.4526202729,8.977871009024444e-14
48.7634178783,2.4526202729,3.0318887427830925e-13
48.7683117689,2.4526202729,9.834583200270667e-13
48.7732056595,2.4526202729,3.064089567393904e-12
48.7780995501,2.4526202729,9.1695865179372e-12
48.7829934407,2.4526202729,2.635729564848805e-11
48.7878873313,2.4526202729,7.277039673165878e-11
48.7927812219,2.4526202729,1.929796152779092e-10
48.7976751125,2.4526202729,4.915536541821916e-10
48.8025690031,2.4526202729,1.2026332909185307e-09
48.8074628937,2.4526202729,2.8261737569253425e-09
48.8123567843,2.4526202729,6.381221550538333e-09
48.8172506749,2.4526202729,1.4301055032669076e-08
48.8221445655,2.4526202729,7.374726723252576e-08
48.8270384561,2.4526202729,1.8191565264805215e-06
48.8319323467,2.4526202729,2.8440739798432836e-05
48.8368262373,2.4526202729,0.00018716518481331137
48.8417201279,2.4526202729,0.0005066581773712703
48.8466140185,2.4526202729,0.0005632280124732254
48.8515079091,2.4526202729,0.00025755267856343903
48.8564017997,2.4526202729,4.958604370733565e-05
48.8612956903,2.4526202729,6.074083550387556e-06
48.8661895809,2.4526202729,3.5770949802115016e-06
48.8710834715,2.4526202729,4.818751612160575e-06
48.8759773621,2.4526202729,6.440269231481798e-06
48.8808712527,2.4526202729,8.270096246743528e-06
48.8857651433,2.4526202729,1.0200476013852876e-05
48.8906590339,2.4526202729,1.208462321173787e-05
48.8955529245,2.4526202729,1.375145297906606e-05
48.9004468151,2.4526202729,1.5030272739625452e-05
48.9053407057,2.4526202729,1.57793072845588e-05
48.9102345963,2.4526202729,1.5911524982123173e-05
48.9151284869,2.4526202729,1.5411271640982615e-05
48.9200223775,2.4526202729,1.4337318891053819e-05
48.9249162681,2.4526202729,1.2811506861178242e-05
48.9298101587,2.4526202729,1.0996013925028552e-05
48.9347040493,2.4526202729,9.065111450278326e-06
48.9395979399,2.4526202729,7.1781712258869225e-06
48.9444918305,2.4526202729,5.459555415317437e-06
48.9493857211,2.4526202729,3.98844440170825e-06
48.9542796117,2.4526202729,2.79867588339629e-06
48.9591735023,2.4526202729,1.8862726489738064e-06
48.9640673929,2.4526202729,1.2211222052281786e-06
48.9689612835,2.4526202729,7.59305575488292e-07
48.9738551741,2.4526202729,4.5349953714978633e-07
48.9787490647,2.4526202729,2.60159630147523e-07
48.7389484253,2.4575141635,2.5106115038311106e-16
48.7438423159,2.4575141635,1.0045879094489314e-15
48.7487362065,2.4575141635,3.8609944607576674e-15
48.7536300971,2.4575141635,1.425322724111577e-14
48.7585239877,2.4575141635,5.0539395022928255e-14
48.7634178783,2.4575141635,1.7212726484235586e-13
48.7683117689,2.4575141635,5.630825848618116e-13
48.7732056595,2.4575141635,1.76928307286336e-12
48.7780995501,2.4575141635,5.3398043959949155e-12
48.7829934407,2.4575141635,1.5479473093470877e-11
48.7878873313,2.4575141635,4.3101243276816437e-11
48.7927812219,2.4575141635,1.1527263506927593e-10
48.7976751125,2.4575141635,2.9611843353903176e-10
48.8025690031,2.4575141635,7.306467671415536e-10
48.8074628937,2.4575141635,1.7316238471820794e-09
48.8123567843,2.4575141635,3.944514885448644e-09
48.8172506749,2.4575141635,9.19374700531792e-09
48.8221445655,2.4575141635,6.895700873840091e-08
48.8270384561,2.4575141635,1.8826308096957006e-06
48.8319323467,2.4575141635,2.7570374435011705e-05
48.8368262373,2.4575141635,0.00016822278200479194
48.8417201279,2.4575141635,0.00042184748975321117
48.8466140185,2.4575141635,0.00043434622271567886
48.8515079091,2.4575141635,0.00018394046710551058
48.8564017997,2.4575141635,3.281864285223885e-05
48.8612956903,2.4575141635,3.865176390024233e-06
48.8661895809,2.4575141635,2.4134343815974248e-06
48.8710834715,2.4575141635,3.296049216263978e-06
48.8759773621,2.4575141635,4.442976876424727e-06
48.8808712527,2.4575141635,5.753875769420746e-06
48.8857651433,2.4575141635,7.157314251279363e-06
48.8906590339,2.4575141635,8.551503751051644e-06
48.8955529245,2.4575141635,9.813811100699587e-06
48.9004468151,2.4575141635,1.0817719025629521e-05
48.9053407057,2.4575141635,1.145345460752466e-05
48.9102345963,2.4575141635,1.1647697949702347e-05
48.9151284869,2.4575141635,1.1377490981367114e-05
48.9200223775,2.4575141635,1.067470050349691e-05
48.9249162681,2.4575141635,9.619836641714676e-06
48.9298101587,2.4575141635,8.326883612020835e-06
48.9347040493,2.4575141635,6.923091805170443e-06
48.9395979399,2.4575141635,5.528667681958079e-06
48.9444918305,2.4575141635,4.240759860099456e-06
48.9493857211,2.4575141635,3.124421905767263e-06
48.9542796117,2.4575141635,2.2110495058720145e-06
48.9591735023,2.4575141635,1.50289990948843e-06
48.9640673929,2.4575141635,9.812156107184477e-07
48.9689612835,2.4575141635,6.15320860668693e-07
48.9738551741,2.4575141635,3.7063090298393186e-07
48.9787490647,2.4575141635,2.144294421046861e-07
48.7389484253,2.4624080541,1.3410381240941836e-16
48.7438423159,2.4624080541,5.411644839721284e-16
48.7487362065,2.4624080541,2.0975882798757037e-15
48.7536300971,2.4624080541,7.809334185119129e-15
48.7585239877,2.4624080541,2.7926117906659007e-14
48.7634178783,2.4624080541,9.592016688800005e-14
48.7683117689,2.4624080541,3.1645508833504467e-13
48.7732056595,2.4624080541,1.0028062676665149e-12
48.7780995501,2.4624080541,3.0522829820753157e-12
48.7829934407,2.4624080541,8.9235025063666e-12
48.7878873313,2.4624080541,2.505813263715577e-11
48.7927812219,2.4624080541,6.758726250540563e-11
48.7976751125,2.4624080541,1.7509905749437433e-10
48.8025690031,2.4624080541,4.3571806402748787e-10
48.8074628937,2.4624080541,1.0414371419497767e-09
48.8123567843,2.4624080541,2.394323993413108e-09
48.8172506749,2.4624080541,5.96019173178138e-09
48.8221445655,2.4624080541,6.754299926421023e-08
48.8270384561,2.4624080541,1.91824112120155e-06
48.8319323467,2.4624080541,2.6196785032557787e-05
48.8368262373,2.4624080541,0.00014814545453068482
48.8417201279,2.4624080541,0.0003441252503093644
48.8466140185,2.4624080541,0.0003281742937007526
48.8515079091,2.4624080541,0.00012870813772941669
48.8564017997,2.4624080541,2.128210330207085e-05
48.8612956903,2.4624080541,2.416757370304744e-06
48.8661895809,2.4624080541,1.599603014861459e-06
48.8710834715,2.4624080541,2.213012051109589e-06
48.8759773621,2.4624080541,3.0086244426321905e-06
48.8808712527,2.4624080541,3.9294724553739565e-06
48.8857651433,2.4624080541,4.9295080892116236e-06
48.8906590339,2.4624080541,5.939853283239367e-06
48.8955529245,2.4624080541,6.874650930499685e-06
48.9004468151,2.4624080541,7.64237569535441e-06
48.9053407057,2.4624080541,8.160352421214578e-06
48.9102345963,2.4624080541,8.369359933546192e-06
48.9151284869,2.4624080541,8.244766778622304e-06
48.9200223775,2.4624080541,7.801305834138735e-06
48.9249162681,2.4624080541,7.090208908876943e-06
48.9298101587,2.4624080541,6.189471370277418e-06
48.9347040493,2.4624080541,5.1898031381903605e-06
48.9395979399,2.4624080541,4.1797567642518835e-06
48.9444918305,2.4624080541,3.233359046856045e-06
48.9493857211,2.4624080541,2.4024793110285385e-06
48.9542796117,2.4624080541,1.714621158374346e-06
48.9591735023,2.4624080541,1.175383256552206e-06
48.9640673929,2.4624080541,7.739156343092391e-07
48.9689612835,2.4624080541,4.894524869895706e-07
48.9738551741,2.4624080541,2.973241993300179e-07
48.9787490647,2.4624080541,1.7348134300344932e-07
48.7389484253,2.4673019447,7.031153596993366e-17
48.7438423159,2.4673019447,2.8615047883488724e-16
48.7487362065,2.4673019447,1.1185751521192046e-15
48.7536300971,2.4673019447,4.19989717270798e-15
48.7585239877,2.4673019447,1.5146592676061794e-14
48.7634178783,2.4673019447,5.246794256324954e-14
48.7683117689,2.4673019447,1.74572536232522e-13
48.7732056595,2.4673019447,5.579054547517488e-13
48.7780995501,2.4673019447,1.712569056827873e-12
48.7829934407,2.4673019447,5.049383738452043e-12
48.7878873313,2.4673019447,1.4299849291855032e-11
48.7927812219,2.4673019447,3.889800634273963e-11
48.7976751125,2.4673019447,1.0163095915188725e-10
48.8025690031,2.4673019447,2.5505128728784566e-10
48.8074628937,2.4673019447,6.148067422448144e-10
48.8123567843,2.4673019447,1.4278013181792575e-09
48.8172506749,2.4673019447,3.97234001213466e-09
48.8221445655,2.4673019447,6.799094447154423e-08
48.8270384561,2.4673019447,1.9206713411139283e-06
48.8319323467,2.4673019447,2.439430861970513e-05
48.8368262373,2.4673019447,0.0001278275657988301
48.8417201279,2.4673019447,0.000275039310047006
48.8466140185,2.4673019447,0.00024293377117569516
48.8515079091,2.4673019447,8.823704315924413e-05
48.8564017997,2.4673019447,1.35220334041563e-05
48.8612956903,2.4673019447,1.485053255405929e-06
48.8661895809,2.4673019447,1.0413883137420374e-06
48.8710834715,2.4673019447,1.4584892866770027e-06
48.8759773621,2.4673019447,1.9997964334715157e-06
48.8808712527,2.4673019447,2.634097630004746e-06
48.8857651433,2.4673019447,3.3325826739871083e-06
48.8906590339,2.4673019447,4.0497927255294646e-06
48.8955529245,2.4673019447,4.7270202072841405e-06
48.9004468151,2.4673019447,5.299622323906819e-06
48.9053407057,2.4673019447,5.706964642448261e-06
48.9102345963,2.4673019447,5.902938275396835e-06
48.9151284869,2.4673019447,5.864542003906488e-06
48.9200223775,2.4673019447,5.596322832243614e-06
48.9249162681,2.4673019447,5.129490346260463e-06
48.9298101587,2.4673019447,4.515943224320607e-06
48.9347040493,2.4673019447,3.818787819861263e-06
48.9395979399,2.4673019447,3.1017399465442735e-06
48.9444918305,2.4673019447,2.4198477200431313e-06
48.9493857211,2.4673019447,1.8133159831373613e-06
48.9542796117,2.4673019447,1.3051539477600451e-06
48.9591735023,2.4673019447,9.023038120651443e-07
48.9640673929,2.4673019447,5.991652839474573e-07
48.9689612835,2.4673019447,3.8215829535725397e-07
48.9738551741,2.4673019447,2.341222769245005e-07
48.9787490647,2.4673019447,1.3776693176720412e-07
