LATITUDE,LONGITUDE,probability
48.7389484253,2.2275013053,3.283900071258343e-32
48.7438423159,2.2275013053,1.023422572676494e-29
48.7487362065,2.2275013053,2.1991825420909703e-27
48.7536300971,2.2275013053,3.2584330294944094e-25
48.7585239877,2.2275013053,3.328875542990013e-23
48.7634178783,2.2275013053,2.3449175105605375e-21
48.7683117689,2.2275013053,1.1389347949016273e-19
48.7732056595,2.2275013053,3.8142705387183066e-18
48.7780995501,2.2275013053,8.807762767328259e-17
48.7829934407,2.2275013053,1.4023665802619406e-15
48.7878873313,2.2275013053,1.539572804258323e-14
48.7927812219,2.2275013053,1.165424481634678e-13
48.7976751125,2.2275013053,6.083039353933537e-13
48.8025690031,2.2275013053,2.18943887012385e-12
48.8074628937,2.2275013053,5.434988874589736e-12
48.8123567843,2.2275013053,9.311279548168341e-12
48.8172506749,2.2275013053,1.1052136994862109e-11
48.8221445655,2.2275013053,1.2651975430327541e-11
48.8270384561,2.2275013053,6.172333699772422e-10
48.8319323467,2.2275013053,3.052098559855978e-08
48.8368262373,2.2275013053,4.0835366678119587e-07
48.8417201279,2.2275013053,1.4600822744718821e-06
48.8466140185,2.2275013053,1.394570474369668e-06
48.8515079091,2.2275013053,3.558151779916633e-07
48.8564017997,2.2275013053,2.4258960500566647e-08
48.8612956903,2.2275013053,4.435837636869085e-10
48.8661895809,2.2275013053,2.3273677385360784e-12
48.8710834715,2.2275013053,1.140900666640534e-14
48.8759773621,2.2275013053,3.6306182838935557e-16
48.8808712527,2.2275013053,2.1440924397827385e-17
48.8857651433,2.2275013053,1.3612318871706735e-18
48.8906590339,2.2275013053,6.882568746603721e-20
48.8955529245,2.2275013053,2.6114927376177797e-21
48.9004468151,2.2275013053,7.391918457981842e-23
48.9053407057,2.2275013053,1.5602110002090464e-24
48.9102345963,2.2275013053,2.4556097488702622e-26
48.9151284869,2.2275013053,2.881940085213598e-28
48.9200223775,2.2275013053,2.5220873627623442e-30
48.9249162681,2.2275013053,1.645829657069522e-32
48.9298101587,2.2275013053,8.008648281962588e-35
48.9347040493,2.2275013053,2.9059165453679107e-37
48.9395979399,2.2275013053,7.862427137191898e-40
48.9444918305,2.2275013053,1.5862794909847027e-42
48.9493857211,2.2275013053,2.3864501351036752e-45
48.9542796117,2.2275013053,2.6771616710186355e-48
48.9591735023,2.2275013053,2.239475999040472e-51
48.9640673929,2.2275013053,1.3969080034261832e-54
48.9689612835,2.2275013053,6.497387644780352e-58
48.9738551741,2.2275013053,2.2535091736113055e-61
48.9787490647,2.2275013053,5.828133106113493e-65
48.7389484253,2.2323951959,6.820203873672125e-32
48.7438423159,2.2323951959,2.399412285944643e-29
48.7487362065,2.2323951959,5.820412399121265e-27
48.7536300971,2.2323951959,9.735180314921246e-25
48.7585239877,2.2323951959,1.1227308301069908e-22
48.7634178783,2.2323951959,8.92788935372226e-21
48.7683117689,2.2323951959,4.895123444914948e-19
48.7732056595,2.2323951959,1.8506342467912808e-17
48.7780995501,2.2323951959,4.824146409659205e-16
48.7829934407,2.2323951959,8.67091967375725e-15
48.7878873313,2.2323951959,1.0746300419705183e-13
48.7927812219,2.2323951959,9.183592680841949e-13
48.7976751125,2.2323951959,5.411953490091751e-12
48.8025690031,2.2323951959,2.199688578527925e-11
48.8074628937,2.2323951959,6.169714625356932e-11
48.8123567843,2.2323951959,1.1961984982149202e-10
48.8172506749,2.2323951959,1.614375142413544e-10
48.8221445655,2.2323951959,2.1776043957002048e-10
48.8270384561,2.2323951959,8.779174121032698e-09
48.8319323467,2.2323951959,3.258947553547677e-07
48.8368262373,2.2323951959,3.279722375438835e-06
48.8417201279,2.2323951959,8.820739896744063e-06
48.8466140185,2.2323951959,6.337326546495833e-06
48.8515079091,2.2323951959,1.2164276799591528e-06
48.8564017997,2.2323951959,6.245830422873998e-08
48.8612956903,2.2323951959,8.726001161716873e-10
48.8661895809,2.2323951959,4.755529897120977e-12
48.8710834715,2.2323951959,1.0641099385555587e-13
48.8759773621,2.2323951959,7.303224944485732e-15
48.8808712527,2.2323951959,5.681031177204968e-16
48.8857651433,2.2323951959,3.705623176992942e-17
48.8906590339,2.2323951959,1.8336288113731922e-18
48.8955529245,2.2323951959,6.776618750942263e-20
48.9004468151,2.2323951959,1.8677121315672114e-21
48.9053407057,2.2323951959,3.838473043639601e-23
48.9102345963,2.2323951959,5.882429044189526e-25
48.9151284869,2.2323951959,6.722092440438755e-27
48.9200223775,2.2323951959,5.727984619319823e-29
48.9249162681,2.2323951959,3.639559177790715e-31
48.9298101587,2.2323951959,1.7244289559591416e-33
48.9347040493,2.2323951959,6.092442060377606e-36
48.9395979399,2.2323951959,1.6050445381510324e-38
48.9444918305,2.2323951959,3.1530608191160195e-41
48.9493857211,2.2323951959,4.618779048683706e-44
48.9542796117,2.2323951959,5.045121222839598e-47
48.9591735023,2.2323951959,4.109278765123798e-50
48.9640673929,2.2323951959,2.4957965580979216e-53
48.9689612835,2.2323951959,1.1303224108253202e-56
48.9738551741,2.2323951959,3.8172014032779674e-60
48.9787490647,2.2323951959,9.612522970899954e-64
48.7389484253,2.2372890865,1.1077807473900711e-31
48.7438423159,2.2372890865,4.3994126466522415e-29
48.7487362065,2.2372890865,1.2047063383177554e-26
48.7536300971,2.2372890865,2.2746364884878012e-24
48.7585239877,2.2372890865,2.961329002752711e-22
48.7634178783,2.2372890865,2.658308389727835e-20
48.7683117689,2.2372890865,1.6453906592824007e-18
48.7732056595,2.2372890865,7.022305335643124e-17
48.7780995501,2.2372890865,2.066529309902116e-15
48.7829934407,2.2372890865,4.193369257325205e-14
48.7878873313,2.2372890865,5.867624542400796e-13
48.7927812219,2.2372890865,5.662121321922158e-12
48.7976751125,2.2372890865,3.768836703427049e-11
48.8025690031,2.2372890865,1.7313258422433978e-10
48.8074628937,2.2372890865,5.496704741184614e-10
48.8123567843,2.2372890865,1.2107979625603732e-09
48.8172506749,2.2372890865,1.8745239505499943e-09
48.8221445655,2.2372890865,3.025632773207139e-09
48.8270384561,2.2372890865,9.847123672030179e-08
48.8319323467,2.2372890865,2.735771576370795e-06
48.8368262373,2.2372890865,2.0704743330328903e-05
48.8417201279,2.2372890865,4.1885311504143616e-05
48.8466140185,2.2372890865,2.2637502994846248e-05
48.8515079091,2.2372890865,3.270226716120032e-06
48.8564017997,2.2372890865,1.2695131564309493e-07
48.8612956903,2.2372890865,1.4523370593392383e-09
48.8661895809,2.2372890865,1.9488946488557428e-11
48.8710834715,2.2372890865,1.4647454938210105e-12
48.8759773621,2.2372890865,1.384209229456877e-13
48.8808712527,2.2372890865,1.150674623234303e-14
48.8857651433,2.2372890865,7.405418518047421e-16
48.8906590339,2.2372890865,3.572292776289909e-17
48.8955529245,2.2372890865,1.2855955100847514e-18
48.9004468151,2.2372890865,3.4500463346653633e-20
48.9053407057,2.2372890865,6.903919449227842e-22
48.9102345963,2.2372890865,1.0301870903628722e-23
48.9151284869,2.2372890865,1.1462677421211976e-25
48.9200223775,2.2372890865,9.510549663699847e-28
48.9249162681,2.2372890865,5.884028182435329e-30
48.9298101587,2.2372890865,2.714522526497453e-32
48.9347040493,2.2372890865,9.338169125541218e-35
48.9395979399,2.2372890865,2.3954085753350707e-37
48.9444918305,2.2372890865,4.581915166960153e-40
48.9493857211,2.2372890865,6.53527801714193e-43
48.9542796117,2.2372890865,6.950734030977402e-46
48.9591735023,2.2372890865,5.512477794174826e-49
48.9640673929,2.2372890865,3.259962579081598e-52
48.9689612835,2.2372890865,1.437566541019447e-55
48.9738551741,2.2372890865,4.727079178918357e-59
48.9787490647,2.2372890865,1.1590638930121076e-62
48.7389484253,2.2421829771,1.4108149428082179e-31
48.7438423159,2.2421829771,6.319536995623139e-29
48.7487362065,2.2421829771,1.952563560037577e-26
48.7536300971,2.2421829771,4.1606319886770586e-24
48.7585239877,2.2421829771,6.113820844419753e-22
48.7634178783,2.2421829771,6.195109022691451e-20
48.7683117689,2.2421829771,4.3287525378878196e-18
48.7732056595,2.2421829771,2.0857285197005903e-16
48.7780995501,2.2421829771,6.93023779182447e-15
48.7829934407,2.2421829771,1.588051667186042e-13
48.7878873313,2.2421829771,2.5099757675458706e-12
48.7927812219,2.2421829771,2.737096457101135e-11
48.7976751125,2.2421829771,2.0606115412032804e-10
48.8025690031,2.2421829771,1.0724720293254872e-09
48.8074628937,2.2421829771,3.871237344814121e-09
48.8123567843,2.2421829771,9.76685200322475e-09
48.8172506749,2.2421829771,1.759474588627316e-08
48.8221445655,2.2421829771,3.4236743684201846e-08
48.8270384561,2.2421829771,8.724111370894122e-07
48.8319323467,2.2421829771,1.8060753331642757e-05
48.8368262373,2.2421829771,0.00010274918996655421
48.8417201279,2.2421829771,0.0001563472357363919
48.8466140185,2.2421829771,6.35800667086605e-05
48.8515079091,2.2421829771,6.9241292281402e-06
48.8564017997,2.2421829771,2.0751145889371098e-07
48.8612956903,2.2421829771,2.838993869550853e-09
48.8661895809,2.2421829771,1.709630961284379e-10
48.8710834715,2.2421829771,1.9785446709955702e-11
48.8759773621,2.2421829771,2.0692093897574634e-12
48.8808712527,2.2421829771,1.7218288709032205e-13
48.8857651433,2.2421829771,1.082942993581447e-14
48.8906590339,2.2421829771,5.088269383865353e-16
48.8955529245,2.2421829771,1.7830307239167454e-17
48.9004468151,2.2421829771,4.659099754319463e-19
48.9053407057,2.2421829771,9.078100673130234e-21
48.9102345963,2.2421829771,1.3189780458653268e-22
48.9151284869,2.2421829771,1.4289917408276608e-24
48.9200223775,2.2421829771,1.1544402228452954e-26
48.9249162681,2.2421829771,6.954449545698725e-29
48.9298101587,2.2421829771,3.123946954435989e-31
48.9347040493,2.2421829771,1.0463913005641362e-33
48.9395979399,2.2421829771,2.6135701983106567e-36
48.9444918305,2.2421829771,4.867699925097384e-39
48.9493857211,2.2421829771,6.760253873277879e-42
48.9542796117,2.2421829771,7.000866448562164e-45
48.9591735023,2.2421829771,5.4061757443555957e-48
48.9640673929,2.2421829771,3.1129927255233695e-51
48.9689612835,2.2421829771,1.3366436249822923e-54
48.9738551741,2.2421829771,4.279595640127965e-58
48.9787490647,2.2421829771,1.021737706133393e-61
48.7389484253,2.2470768677,1.493783745309321e-31
48.7438423159,2.2470768677,7.365419376460628e-29
48.7487362065,2.2470768677,2.534390077693283e-26
48.7536300971,2.2470768677,6.0504192249949435e-24
48.7585239877,2.2470768677,9.993076515591329e-22
48.7634178783,2.2470768677,1.1402488936425427e-19
48.7683117689,2.2470768677,8.982121784049723e-18
48.7732056595,2.2470768677,4.883076163059077e-16
48.7780995501,2.2470768677,1.8319029604224595e-14
48.7829934407,2.2470768677,4.742975401739357e-13
48.7878873313,2.2470768677,8.477897596226652e-12
48.7927812219,2.2470768677,1.0469659619572601e-10
48.7976751125,2.2470768677,8.945802552709971e-10
48.8025690031,2.2470768677,5.304254601212778e-09
48.8074628937,2.2470768677,2.195665421012541e-08
48.8123567843,2.2470768677,6.425341246847118e-08
48.8172506749,2.2470768677,1.3682762412740193e-07
48.8221445655,2.2470768677,3.178861612221613e-07
48.8270384561,2.2470768677,6.123750691276759e-06
48.8319323467,2.2470768677,9.383430179672888e-05
48.8368262373,2.2470768677,0.0004009568471199115
48.8417201279,2.2470768677,0.0004589279395144918
48.8466140185,2.2470768677,0.00014055736895812922
48.8515079091,2.2470768677,1.1635987232637314e-05
48.8564017997,2.2470768677,3.0443198220760605e-07
48.8612956903,2.2470768677,1.2154442355830555e-08
48.8661895809,2.2470768677,1.6537302021088367e-09
48.8710834715,2.2470768677,2.1674879730452951e-10
48.8759773621,2.2470768677,2.310290394999934e-11
48.8808712527,2.2470768677,1.888782156715127e-12
48.8857651433,2.2470768677,1.1580544104390989e-13
48.8906590339,2.2470768677,5.298608077951494e-15
48.8955529245,2.2470768677,1.8079052168619418e-16
48.9004468151,2.2470768677,4.5998233904193625e-18
48.9053407057,2.2470768677,8.726826291292385e-20
48.9102345963,2.2470768677,1.2345852613449931e-21
48.9151284869,2.2470768677,1.3023731200463228e-23
48.9200223775,2.2470768677,1.024470222766809e-25
48.9249162681,2.2470768677,6.009147091002629e-28
48.9298101587,2.2470768677,2.6283058952981046e-30
48.9347040493,2.2470768677,8.57212633608464e-33
48.9395979399,2.2470768677,2.0847347055344242e-35
48.9444918305,2.2470768677,3.7806163578101757e-38
48.9493857211,2.2470768677,5.112390289282988e-41
48.9542796117,2.2470768677,5.155074818764159e-44
48.9591735023,2.2470768677,3.876104917151614e-47
48.9640673929,2.2470768677,2.1732298137590335e-50
48.9689612835,2.2470768677,9.085845847864617e-54
48.9738551741,2.2470768677,2.8325308821701703e-57
48.9787490647,2.2470768677,6.584662536154994e-61
48.7389484253,2.2519707583,2.766664940132418e-31
48.7438423159,2.2519707583,1.1189432191995171e-28
48.7487362065,2.2519707583,3.546304172949402e-26
48.7536300971,2.2519707583,8.455146294096599e-24
48.7585239877,2.2519707583,1.4664581803806298e-21
48.7634178783,2.2519707583,1.8098882015795507e-19
48.7683117689,2.2519707583,1.569095381751322e-17
48.7732056595,2.2519707583,9.487232830316425e-16
48.7780995501,2.2519707583,3.9853078417298845e-14
48.7829934407,2.2519707583,1.1609951859767526e-12
48.7878873313,2.2519707583,2.3445227971929683e-11
48.7927812219,2.2519707583,3.2845136982212224e-10
48.7976751125,2.2519707583,3.1993690043478912e-09
48.8025690031,2.2519707583,2.1767862847032096e-08
48.8074628937,2.2519707583,1.0432775660380756e-07
48.8123567843,2.2519707583,3.5757279706341977e-07
48.8172506749,2.2519707583,9.029361564984438e-07
48.8221445655,2.2519707583,2.4206525956175472e-06
48.8270384561,2.2519707583,3.420620279627332e-05
48.8319323467,2.2519707583,0.00038427586092419137
48.8368262373,2.2519707583,0.0012314638992627035
48.8417201279,2.2519707583,0.0010606900409906711
48.8466140185,2.2519707583,0.00024576126943447803
48.8515079091,2.2519707583,1.617354221791393e-05
48.8564017997,2.2519707583,6.168833609011957e-07
48.8612956903,2.2519707583,8.032034559408526e-08
48.8661895809,2.2519707583,1.3282024449185353e-08
48.8710834715,2.2519707583,1.797592621586133e-09
48.8759773621,2.2519707583,1.8981339845957025e-10
48.8808712527,2.2519707583,1.5159740926631592e-11
48.8857651433,2.2519707583,9.054111261122538e-13
48.8906590339,2.2519707583,4.033829497877129e-14
48.8955529245,2.2519707583,1.3401537856112288e-15
48.9004468151,2.2519707583,3.320032739883042e-17
48.9053407057,2.2519707583,6.133095479502318e-19
48.9102345963,2.2519707583,8.448248243530968e-21
48.9151284869,2.2519707583,8.677671132159265e-23
48.9200223775,2.2519707583,6.646443037419412e-25
48.9249162681,2.2519707583,3.795989184326422e-27
48.9298101587,2.2519707583,1.6166284786722917e-29
48.9347040493,2.2519707583,5.133872317193883e-32
48.9395979399,2.2519707583,1.2157085774813823e-34
48.9444918305,2.2519707583,2.1466610579530414e-37
48.9493857211,2.2519707583,2.826487403988507e-40
48.9542796117,2.2519707583,2.7751100505578397e-43
48.9591735023,2.2519707583,2.0317157422754636e-46
48.9640673929,2.2519707583,1.1091627105508921e-49
48.9689612835,2.2519707583,4.515201689680894e-53
48.9738551741,2.2519707583,1.3705933749159082e-56
48.9787490647,2.2519707583,3.1023420631777514e-60
48.7389484253,2.2568646489,2.204622592090319e-30
48.7438423159,2.2568646489,6.6048620401334325e-28
48.7487362065,2.2568646489,1.5205299075054622e-25
48.7536300971,2.2568646489,2.7188232667286834e-23
48.7585239877,2.2568646489,3.788185727410807e-21
48.7634178783,2.2568646489,4.0756899627975423e-19
48.7683117689,2.2568646489,3.320471079178531e-17
48.7732056595,2.2568646489,2.0018271801062708e-15
48.7780995501,2.2568646489,8.751889007971712e-14
48.7829934407,2.2568646489,2.7341434242390183e-12
48.7878873313,2.2568646489,6.047124563004684e-11
48.7927812219,2.2568646489,9.423764158153936e-10
48.7976751125,2.2568646489,1.033829547523285e-08
48.8025690031,2.2568646489,8.005999481212037e-08
48.8074628937,2.2568646489,4.4066582093906156e-07
48.8123567843,2.2568646489,1.744687583732595e-06
48.8172506749,2.2568646489,5.088188865978791e-06
48.8221445655,2.2568646489,1.4943507932515674e-05
48.8270384561,2.2568646489,0.00015279757205061695
48.8319323467,2.2568646489,0.0012443041371570588
48.8368262373,2.2568646489,0.0029841926985504598
48.8417201279,2.2568646489,0.0019391867709354434
48.8466140185,2.2568646489,0.0003470913800009294
48.8515079091,2.2568646489,2.235348265398872e-05
48.8564017997,2.2568646489,2.331594486129417e-06
48.8612956903,2.2568646489,4.7525287251808284e-07
48.8661895809,2.2568646489,8.168122699381673e-08
48.8710834715,2.2568646489,1.1035600789963405e-08
48.8759773621,2.2568646489,1.142680556778869e-09
48.8808712527,2.2568646489,8.897871261510295e-11
48.8857651433,2.2568646489,5.175302924288868e-12
48.8906590339,2.2568646489,2.2451020556784667e-13
48.8955529245,2.2568646489,7.262660145146056e-15
48.9004468151,2.2568646489,1.7518851746812535e-16
48.9053407057,2.2568646489,3.151121714200764e-18
48.9102345963,2.2568646489,4.22643605951354e-20
48.9151284869,2.2568646489,4.2270073959494857e-22
48.9200223775,2.2568646489,3.1523998044406837e-24
48.9249162681,2.2568646489,1.7530695871405879e-26
48.9298101587,2.2568646489,7.269534442977737e-29
48.9347040493,2.2568646489,2.247830817579288e-31
48.9395979399,2.2568646489,5.182868893155412e-34
48.9444918305,2.2568646489,8.91099919280575e-37
48.9493857211,2.2568646489,1.1424367500814064e-39
48.9542796117,2.2568646489,1.0921631151175627e-42
48.9591735023,2.2568646489,7.785606054156189e-46
48.9640673929,2.2568646489,4.138537778822997e-49
48.9689612835,2.2568646489,1.6404046909254885e-52
48.9738551741,2.2568646489,4.848469416239987e-56
48.9787490647,2.2568646489,1.0685821070282374e-59
48.7389484253,2.2617585395,1.9917319431739272e-29
48.7438423159,2.2617585395,5.617701503075386e-27
48.7487362065,2.2617585395,1.1852240442842832e-24
48.7536300971,2.2617585395,1.8758501083311952e-22
48.7585239877,2.2617585395,2.2365355142143086e-20
48.7634178783,2.2617585395,2.018753767667396e-18
48.7683117689,2.2617585395,1.3849940381805763e-16
48.7732056595,2.2617585395,7.225746456081e-15
48.7780995501,2.2617585395,2.8528190186919484e-13
48.7829934407,2.2617585395,8.439338796917077e-12
48.7878873313,2.2617585395,1.8473150958478718e-10
48.7927812219,2.2617585395,2.9563316469296007e-09
48.7976751125,2.2617585395,3.427425352300099e-08
48.8025690031,2.2617585395,2.863967176697994e-07
48.8074628937,2.2617585395,1.7237537326207068e-06
48.8123567843,2.2617585395,7.50244715149341e-06
48.8172506749,2.2617585395,2.3987585579975527e-05
48.8221445655,2.2617585395,7.335215378778407e-05
48.8270384561,2.2617585395,0.0005478013388204792
48.8319323467,2.2617585395,0.0032030836497710705
48.8368262373,2.2617585395,0.005741448832354873
48.8417201279,2.2617585395,0.00284736992252601
48.8466140185,2.2617585395,0.0004293953441502415
48.8515079091,2.2617585395,4.462141222870952e-05
48.8564017997,2.2617585395,9.899008825035535e-06
48.8612956903,2.2617585395,2.180785673991805e-06
48.8661895809,2.2617585395,3.743818785784768e-07
48.8710834715,2.2617585395,4.978015319341058e-08
48.8759773621,2.2617585395,5.033646773324576e-09
48.8808712527,2.2617585395,3.818523189774514e-10
48.8857651433,2.2617585395,2.162686543658343e-11
48.8906590339,2.2617585395,9.135185825579286e-13
48.8955529245,2.2617585395,2.877391655114128e-14
48.9004468151,2.2617585395,6.75819921512705e-16
48.9053407057,2.2617585395,1.1836210857391224e-17
48.9102345963,2.2617585395,1.5457668803492083e-19
48.9151284869,2.2617585395,1.5053063233752084e-21
48.9200223775,2.2617585395,1.0930885731639048e-23
48.9249162681,2.2617585395,5.918823674298411e-26
48.9298101587,2.2617585395,2.3898191099814164e-28
48.9347040493,2.2617585395,7.195222634190296e-31
48.9395979399,2.2617585395,1.6153737550367e-33
48.9444918305,2.2617585395,2.704278331322119e-36
48.9493857211,2.2617585395,3.37582040062728e-39
48.9542796117,2.2617585395,3.142366656716803e-42
48.9591735023,2.2617585395,2.1811421066659533e-45
48.9640673929,2.2617585395,1.1289134445666053e-48
48.9689612835,2.2617585395,4.356993459722558e-52
48.9738551741,2.2617585395,1.253899560792373e-55
48.9787490647,2.2617585395,2.6908418400326134e-59
48.7389484253,2.2666524301,1.351887533128183e-28
48.7438423159,2.2666524301,3.7041028353475067e-26
48.7487362065,2.2666524301,7.570055765795695e-24
48.7536300971,2.2666524301,1.1543882028823675e-21
48.7585239877,2.2666524301,1.3144948394125021e-19
48.7634178783,2.2666524301,1.1190929364262064e-17
48.7683117689,2.2666524301,7.136505908953557e-16
48.7732056595,2.2666524301,3.4167683097774325e-14
48.7780995501,2.2666524301,1.2307357081781802e-12
48.7829934407,2.2666524301,3.338030683709356e-11
48.7878873313,2.2666524301,6.806513082594391e-10
48.7927812219,2.2666524301,1.0389347588466453e-08
48.7976751125,2.2666524301,1.1794398386516798e-07
48.8025690031,2.2666524301,9.888408200132457e-07
48.8074628937,2.2666524301,6.086772789272429e-06
48.8123567843,2.2666524301,2.7419607396633637e-05
48.8172506749,2.2666524301,9.122419591930395e-05
48.8221445655,2.2666524301,0.00028040681819314103
48.8270384561,2.2666524301,0.0015762545678221918
48.8319323467,2.2666524301,0.006609090722963545
48.8368262373,2.2666524301,0.008895151455622103
48.8417201279,2.2666524301,0.003509945251542539
48.8466140185,2.2666524301,0.0005719139495015881
48.8515079091,2.2666524301,0.00012284756182253764
48.8564017997,2.2666524301,3.42841146008486e-05
48.8612956903,2.2666524301,7.516255723095674e-06
48.8661895809,2.2666524301,1.2671178225002763e-06
48.8710834715,2.2666524301,1.6460947597815324e-07
48.8759773621,2.2666524301,1.6219816715016907e-08
48.8808712527,2.2666524301,1.1981530662507735e-09
48.8857651433,2.2666524301,6.607286251693529e-11
48.8906590339,2.2666524301,2.7174604060824705e-12
48.8955529245,2.2666524301,8.33422005214898e-14
48.9004468151,2.2666524301,1.905981013499777e-15
48.9053407057,2.2666524301,3.250291455603048e-17
48.9102345963,2.2666524301,4.1330985329381435e-19
48.9151284869,2.2666524301,3.919032125803145e-21
48.9200223775,2.2666524301,2.7709677716358814e-23
48.9249162681,2.2666524301,1.4609444623194112e-25
48.9298101587,2.2666524301,5.743617607481282e-28
48.9347040493,2.2666524301,1.6837860584538494e-30
48.9395979399,2.2666524301,3.680763213487816e-33
48.9444918305,2.2666524301,5.999822879508456e-36
48.9493857211,2.2666524301,7.292703540351468e-39
48.9542796117,2.2666524301,6.609799227515837e-42
48.9591735023,2.2666524301,4.467222214520167e-45
48.9640673929,2.2666524301,2.2513158241294617e-48
48.9689612835,2.2666524301,8.460282619146179e-52
48.9738551741,2.2666524301,2.370734378855307e-55
48.9787490647,2.2666524301,4.953709145092434e-59
48.7389484253,2.2715463207,6.717733354623934e-28
48.7438423159,2.2715463207,1.7919180640865162e-25
48.7487362065,2.2715463207,3.564302271118852e-23
48.7536300971,2.2715463207,5.2870309436955505e-21
48.7585239877,2.2715463207,5.84894574215677e-19
48.7634178783,2.2715463207,4.8269600740969885e-17
48.7683117689,2.2715463207,2.9730100307640916e-15
48.7732056595,2.2715463207,1.367664710495363e-13
48.7780995501,2.2715463207,4.7045303621961425e-12
48.7829934407,2.2715463207,1.2117426586211517e-10
48.7878873313,2.2715463207,2.3400065705273246e-09
48.7927812219,2.2715463207,3.389767953748091e-08
48.7976751125,2.2715463207,3.680342469660858e-07
48.8025690031,2.2715463207,2.9869521989332816e-06
48.8074628937,2.2715463207,1.8047516837327146e-05
48.8123567843,2.2715463207,8.082563620804989e-05
48.8172506749,2.2715463207,0.00027027775389355183
48.8221445655,2.2715463207,0.000820479596237013
48.8270384561,2.2715463207,0.003622098518541633
48.8319323467,2.2715463207,0.01104430182333576
48.8368262373,2.2715463207,0.011411284308388924
48.8417201279,2.2715463207,0.004009832058907708
48.8466140185,2.2715463207,0.000967780031270114
48.8515079091,2.2715463207,0.0003188125205759088
48.8564017997,2.2715463207,9.088933345682051e-05
48.8612956903,2.2715463207,1.933879638938291e-05
48.8661895809,2.2715463207,3.1622280942010895e-06
48.8710834715,2.2715463207,3.99044488965965e-07
48.8759773621,2.2715463207,3.8241348072860176e-08
48.8808712527,2.2715463207,2.7492094051239377e-09
48.8857651433,2.2715463207,1.4758942447689734e-10
48.8906590339,2.2715463207,5.909967276343476e-12
48.8955529245,2.2715463207,1.7648081856355702e-13
48.9004468151,2.2715463207,3.929791854390411e-15
48.9053407057,2.2715463207,6.525207739926545e-17
48.9102345963,2.2715463207,8.079224377302695e-19
48.9151284869,2.2715463207,7.459244451985965e-21
48.9200223775,2.2715463207,5.135345373559895e-23
48.9249162681,2.2715463207,2.6362953848108735e-25
48.9298101587,2.2715463207,1.0091786742115041e-27
48.9347040493,2.2715463207,2.880657596141161e-30
48.9395979399,2.2715463207,6.1314726385519586e-33
48.9444918305,2.2715463207,9.731673478304885e-36
48.9493857211,2.2715463207,1.1517543005554167e-38
48.9542796117,2.2715463207,1.0164399722884287e-41
48.9591735023,2.2715463207,6.688876974518953e-45
48.9640673929,2.2715463207,3.282269674462037e-48
48.9689612835,2.2715463207,1.2010052107401834e-51
48.9738551741,2.2715463207,3.276914442875411e-55
48.9787490647,2.2715463207,6.667068124573084e-59
48.7389484253,2.2764402113,2.440619805549405e-27
48.7438423159,2.2764402113,6.338882577100922e-25
48.7487362065,2.2764402113,1.227653904606614e-22
48.7536300971,2.2764402113,1.772932869927692e-20
48.7585239877,2.2764402113,1.9092758053159484e-18
48.7634178783,2.2764402113,1.5332856657288196e-16
48.7683117689,2.2764402113,9.183280594602339e-15
48.7732056595,2.2764402113,4.1028241326372436e-13
48.7780995501,2.2764402113,1.3678833482162614e-11
48.7829934407,2.2764402113,3.4055194514551953e-10
48.7878873313,2.2764402113,6.337279414397557e-09
48.7927812219,2.2764402113,8.824890762017221e-08
48.7976751125,2.2764402113,9.205557675751179e-07
48.8025690031,2.2764402113,7.195971810149249e-06
48.8074628937,2.2764402113,4.211831035071234e-05
48.8123567843,2.2764402113,0.0001842242410409686
48.8172506749,2.2764402113,0.0006086250193943157
48.8221445655,2.2764402113,0.0018157929172189322
48.8270384561,2.2764402113,0.0065873229553507304
48.8319323467,2.2764402113,0.015102556399176764
48.8368262373,2.2764402113,0.012679278336753525
48.8417201279,2.2764402113,0.004808855315730908
48.8466140185,2.2764402113,0.00179506558874594
48.8515079091,2.2764402113,0.000672770479365345
48.8564017997,2.2764402113,0.00018523607741099848
48.8612956903,2.2764402113,3.747570631528445e-05
48.8661895809,2.2764402113,5.852462245893543e-06
48.8710834715,2.2764402113,7.115064233526301e-07
48.8759773621,2.2764402113,6.608491468687729e-08
48.8808712527,2.2764402113,4.6170017109074416e-09
48.8857651433,2.2764402113,2.4113707230320406e-10
48.8906590339,2.2764402113,9.398449783107295e-12
48.8955529245,2.2764402113,2.7322773817100695e-13
48.9004468151,2.2764402113,5.923710407969758e-15
48.9053407057,2.2764402113,9.577055088894095e-17
48.9102345963,2.2764402113,1.1545870138039736e-18
48.9151284869,2.2764402113,1.0379422473394397e-20
48.9200223775,2.2764402113,6.95776834106724e-23
48.9249162681,2.2764402113,3.477895311151247e-25
48.9298101587,2.2764402113,1.2963213434504749e-27
48.9347040493,2.2764402113,3.602951602661059e-30
48.9395979399,2.2764402113,7.467130940595078e-33
48.9444918305,2.2764402113,1.1539810721441928e-35
48.9493857211,2.2764402113,1.3298209895972905e-38
48.9542796117,2.2764402113,1.1427132441166876e-41
48.9591735023,2.2764402113,7.322020117494699e-45
48.9640673929,2.2764402113,3.4984377778068424e-48
48.9689612835,2.2764402113,1.2464273493721315e-51
48.9738551741,2.2764402113,3.311382619528074e-55
48.9787490647,2.2764402113,6.559962240563987e-59
48.7389484253,2.2813341019,6.482484353410817e-27
48.7438423159,2.2813341019,1.6393657480676815e-24
48.7487362065,2.2813341019,3.0914336106331045e-22
48.7536300971,2.2813341019,4.3470434595586036e-20
48.7585239877,2.2813341019,4.5580496735381506e-18
48.7634178783,2.2813341019,3.563840875466242e-16
48.7683117689,2.2813341019,2.077880962569537e-14
48.7732056595,2.2813341019,9.034602593945167e-13
48.7780995501,2.2813341019,2.9297921343148394e-11
48.7829934407,2.2813341019,7.087870921786873e-10
48.7878873313,2.2813341019,1.2798403575682507e-08
48.7927812219,2.2813341019,1.7262500378041178e-07
48.7976751125,2.2813341019,1.7412188548577307e-06
48.8025690031,2.2813341019,1.315168452762644e-05
48.8074628937,2.2813341019,7.446908860681341e-05
48.8123567843,2.2813341019,0.00031638854887718445
48.8172506749,2.2813341019,0.0010265243158383327
48.8221445655,2.2813341019,0.00302026959313315
48.8270384561,2.2813341019,0.009393617556558794
48.8319323467,2.2813341019,0.017068706742712773
48.8368262373,2.2813341019,0.012931466418480553
48.8417201279,2.2813341019,0.006284323372365102
48.8466140185,2.2813341019,0.0030759346074066027
48.8515079091,2.2813341019,0.00116652610211042
48.8564017997,2.2813341019,0.00030215539552549774
48.8612956903,2.2813341019,5.647760734759709e-05
48.8661895809,2.2813341019,8.204453920533703e-06
48.8710834715,2.2813341019,9.452463258637853e-07
48.8759773621,2.2813341019,8.435544620939481e-08
48.8808712527,2.2813341019,5.7002602402204355e-09
48.8857651433,2.2813341019,2.88850097569294e-10
48.8906590339,2.2813341019,1.0941421365553412e-11
48.8955529245,2.2813341019,3.094334321508024e-13
48.9004468151,2.2813341019,6.52951267614485e-15
48.9053407057,2.2813341019,1.027704929403021e-16
48.9102345963,2.2813341019,1.2063076261079163e-18
48.9151284869,2.2813341019,1.0558869344053832e-20
48.9200223775,2.2813341019,6.891811946852936e-23
48.9249162681,2.2813341019,3.354295227357571e-25
48.9298101587,2.2813341019,1.2173610592345977e-27
48.9347040493,2.2813341019,3.29448314590959e-30
48.9395979399,2.2813341019,6.648211085801301e-33
48.9444918305,2.2813341019,1.000395893375391e-35
48.9493857211,2.2813341019,1.1225057699579308e-38
48.9542796117,2.2813341019,9.391929928353827e-42
48.9591735023,2.2813341019,5.85963662540324e-45
48.9640673929,2.2813341019,2.7260643634678258e-48
48.9689612835,2.2813341019,9.456950275298819e-52
48.9738551741,2.2813341019,2.446333626296835e-55
48.9787490647,2.2813341019,4.718781237004971e-59
48.7389484253,2.2862279925,1.2587659875128118e-26
48.7438423159,2.2862279925,3.0995706006768845e-24
48.7487362065,2.2862279925,5.691249918970085e-22
48.7536300971,2.2862279925,7.792259569102162e-20
48.7585239877,2.2862279925,7.955526920345768e-18
48.7634178783,2.2862279925,6.056543500359823e-16
48.7683117689,2.2862279925,3.438214636933289e-14
48.7732056595,2.2862279925,1.4554563940164308e-12
48.7780995501,2.2862279925,4.594515501664217e-11
48.7829934407,2.2862279925,1.0816725026035876e-09
48.7878873313,2.2862279925,1.8996003678508028e-08
48.7927812219,2.2862279925,2.4896337852397903e-07
48.7976751125,2.2862279925,2.437126658882945e-06
48.8025690031,2.2862279925,1.7843430015374266e-05
48.8074628937,2.2862279925,9.789530537846176e-05
48.8123567843,2.2862279925,0.00040378106839651824
48.8172506749,2.2862279925,0.001287947762230475
48.8221445655,2.2862279925,0.003777195666603299
48.8270384561,2.2862279925,0.010484597949366705
48.8319323467,2.2862279925,0.016298809515484503
48.8368262373,2.2862279925,0.013051556629678133
48.8417201279,2.2862279925,0.008663480638537387
48.8466140185,2.2862279925,0.004846828662405504
48.8515079091,2.2862279925,0.0017949165299057943
48.8564017997,2.2862279925,0.0004281843512224339
48.8612956903,2.2862279925,7.137597091330375e-05
48.8661895809,2.2862279925,9.265894201617076e-06
48.8710834715,2.2862279925,9.806390346543754e-07
48.8759773621,2.2862279925,8.231220045937947e-08
48.8808712527,2.2862279925,5.296316271000041e-09
48.8857651433,2.2862279925,2.5739751208078336e-10
48.8906590339,2.2862279925,9.40175384129823e-12
48.8955529245,2.2862279925,2.574303614857432e-13
48.9004468151,2.2862279925,5.273405520851316e-15
48.9053407057,2.2862279925,8.069998166471885e-17
48.9102345963,2.2862279925,9.217424794749233e-19
48.9151284869,2.2862279925,7.853808242745314e-21
48.9200223775,2.2862279925,4.9908854308259824e-23
48.9249162681,2.2862279925,2.3651233732196833e-25
48.9298101587,2.2862279925,8.357757968342169e-28
48.9347040493,2.2862279925,2.2023108674434034e-30
48.9395979399,2.2862279925,4.327309812341641e-33
48.9444918305,2.2862279925,6.340261849450922e-36
48.9493857211,2.2862279925,6.927013637317157e-39
48.9542796117,2.2862279925,5.6433175000714946e-42
48.9591735023,2.2862279925,3.428250197318864e-45
48.9640673929,2.2862279925,1.552959445128853e-48
48.9689612835,2.2862279925,5.2456257045565594e-52
48.9738551741,2.2862279925,1.3212471470693372e-55
48.9787490647,2.2862279925,2.4815350047044705e-59
48.7389484253,2.2911218831,1.7869425380957936e-26
48.7438423159,2.2911218831,4.284393013372572e-24
48.7487362065,2.2911218831,7.659802963400064e-22
48.7536300971,2.2911218831,1.0211639625418758e-19
48.7585239877,2.2911218831,1.0151330603898528e-17
48.7634178783,2.2911218831,7.524890409389727e-16
48.7683117689,2.2911218831,4.159369639171224e-14
48.7732056595,2.2911218831,1.7143776228043965e-12
48.7780995501,2.2911218831,5.26916840238843e-11
48.7829934407,2.2911218831,1.207673078093246e-09
48.7878873313,2.2911218831,2.0642872005089712e-08
48.7927812219,2.2911218831,2.632140180635712e-07
48.7976751125,2.2911218831,2.5049786070413985e-06
48.8025690031,2.2911218831,1.7813217200358848e-05
48.8074628937,2.2911218831,9.485205577804988e-05
48.8123567843,2.2911218831,0.0003804104490514909
48.8172506749,2.2911218831,0.0012030062594053246
48.8221445655,2.2911218831,0.00359961356923967
48.8270384561,2.2911218831,0.009400862920188683
48.8319323467,2.2911218831,0.014255750187606338
48.8368262373,2.2911218831,0.014623928147201214
48.8417201279,2.2911218831,0.012677872516157944
48.8466140185,2.2911218831,0.00748331590286278
48.8515079091,2.2911218831,0.002662064577840109
48.8564017997,2.2911218831,0.0005804358936624722
48.8612956903,2.2911218831,8.522014823940637e-05
48.8661895809,2.2911218831,9.680151359561089e-06
48.8710834715,2.2911218831,9.182460777684603e-07
48.8759773621,2.2911218831,7.042108027041742e-08
48.8808712527,2.2911218831,4.1609068847731825e-09
48.8857651433,2.2911218831,1.8639592859455194e-10
48.8906590339,2.2911218831,6.3311092814470066e-12
48.8955529245,2.2911218831,1.6317191589213682e-13
48.9004468151,2.2911218831,3.183802038432582e-15
48.9053407057,2.2911218831,4.6839630928875377e-17
48.9102345963,2.2911218831,5.174632117498512e-19
48.9151284869,2.2911218831,4.279573485190788e-21
48.9200223775,2.2911218831,2.644393368514283e-23
48.9249162681,2.2911218831,1.2195200665447908e-25
48.9298101587,2.2911218831,4.195284520150808e-28
48.9347040493,2.2911218831,1.0763258325245438e-30
48.9395979399,2.2911218831,2.059190330075606e-33
48.9444918305,2.2911218831,2.9376860289309634e-36
48.9493857211,2.2911218831,3.1251132278934314e-39
48.9542796117,2.2911218831,2.4789982859624127e-42
48.9591735023,2.2911218831,1.466345803618242e-45
48.9640673929,2.2911218831,6.467645127101603e-49
48.9689612835,2.2911218831,2.1271864106721124e-52
48.9738551741,2.2911218831,5.216923852858093e-56
48.9787490647,2.2911218831,9.540541504622541e-60
48.7389484253,2.2960157737,1.8545486612137178e-26
48.7438423159,2.2960157737,4.329513841069917e-24
48.7487362065,2.2960157737,7.53684547409844e-22
48.7536300971,2.2960157737,9.783396844853472e-20
48.7585239877,2.2960157737,9.469767438708467e-18
48.7634178783,2.2960157737,6.835000672037602e-16
48.7683117689,2.2960157737,3.678641858683133e-14
48.7732056595,2.2960157737,1.4763405712113487e-12
48.7780995501,2.2960157737,4.4181175790247e-11
48.7829934407,2.2960157737,9.859281742019913e-10
48.7878873313,2.2960157737,1.6406994752834374e-08
48.7927812219,2.2960157737,2.036310162945236e-07
48.7976751125,2.2960157737,1.8855659111454628e-06
48.8025690031,2.2960157737,1.3037913251581443e-05
48.8074628937,2.2960157737,6.747809055662968e-05
48.8123567843,2.2960157737,0.00026429248766591265
48.8172506749,2.2960157737,0.000849935724589064
48.8221445655,2.2960157737,0.0027506816998527834
48.8270384561,2.2960157737,0.007537653416860948
48.8319323467,2.2960157737,0.013820536231574688
48.8368262373,2.2960157737,0.01959931856882904
48.8417201279,2.2960157737,0.01937677742173878
48.8466140185,2.2960157737,0.01135806370565971
48.8515079091,2.2960157737,0.0038297043154124476
48.8564017997,2.2960157737,0.0007713755094157364
48.8612956903,2.2960157737,0.00010340526277908058
48.8661895809,2.2960157737,1.0920836504034146e-05
48.8710834715,2.2960157737,9.929599225552019e-07
48.8759773621,2.2960157737,7.28381846080203e-08
48.8808712527,2.2960157737,3.987741464800305e-09
48.8857651433,2.2960157737,1.592372590888798e-10
48.8906590339,2.2960157737,4.677888316051399e-12
48.8955529245,2.2960157737,1.0304197060460911e-13
48.9004468151,2.2960157737,1.7346969581063815e-15
48.9053407057,2.2960157737,2.2585378920749748e-17
48.9102345963,2.2960157737,2.2767513261135387e-19
48.9151284869,2.2960157737,1.764138580703612e-21
48.9200223775,2.2960157737,1.0401257543830724e-23
48.9249162681,2.2960157737,4.626088577750087e-26
48.9298101587,2.2960157737,1.5432073207937737e-28
48.9347040493,2.2960157737,3.8488310130328295e-31
48.9395979399,2.2960157737,7.165588738794976e-34
48.9444918305,2.2960157737,9.95175409813394e-37
48.9493857211,2.2960157737,1.0307582901312312e-39
48.9542796117,2.2960157737,7.96127045876256e-43
48.9591735023,2.2960157737,4.58524872194499e-46
48.9640673929,2.2960157737,1.969220856388349e-49
48.9689612835,2.2960157737,6.306318227088611e-53
48.9738551741,2.2960157737,1.5059376623675717e-56
48.9787490647,2.2960157737,2.681561137205287e-60
48.7389484253,2.3009096643,1.4071096345384e-26
48.7438423159,2.3009096643,3.1985343577336856e-24
48.7487362065,2.3009096643,5.421552692396789e-22
48.7536300971,2.3009096643,6.852450792275495e-20
48.7585239877,2.3009096643,6.458293060258938e-18
48.7634178783,2.3009096643,4.538780238782281e-16
48.7683117689,2.3009096643,2.378538409959769e-14
48.7732056595,2.3009096643,9.29460420417884e-13
48.7780995501,2.3009096643,2.7083317588934554e-11
48.7829934407,2.3009096643,5.884712031204801e-10
48.7878873313,2.3009096643,9.534750553866397e-09
48.7927812219,2.3009096643,1.1520837840069463e-07
48.7976751125,2.3009096643,1.038362271546161e-06
48.8025690031,2.3009096643,6.986264366343103e-06
48.8074628937,2.3009096643,3.521757829140635e-05
48.8123567843,2.3009096643,0.0001367563209705478
48.8172506749,2.3009096643,0.0004845956632786879
48.8221445655,2.3009096643,0.001956052352461357
48.8270384561,2.3009096643,0.006747666896231492
48.8319323467,2.3009096643,0.016750130238490053
48.8368262373,2.3009096643,0.02818871092858881
48.8417201279,2.3009096643,0.02810263189041191
48.8466140185,2.3009096643,0.015747273167391166
48.8515079091,2.3009096643,0.004989489041401125
48.8564017997,2.3009096643,0.0009397786568400389
48.8612956903,2.3009096643,0.00012044078843895264
48.8661895809,2.3009096643,1.3029179386321974e-05
48.8710834715,2.3009096643,1.287160998362383e-06
48.8759773621,2.3009096643,1.0240553955021362e-07
48.8808712527,2.3009096643,5.903103955279153e-09
48.8857651433,2.3009096643,2.3851642359897697e-10
48.8906590339,2.3009096643,6.729986764879088e-12
48.8955529245,2.3009096643,1.333022052007844e-13
48.9004468151,2.3009096643,1.8740885441831337e-15
48.9053407057,2.3009096643,1.9056732574751382e-17
48.9102345963,2.3009096643,1.4424761593505562e-19
48.9151284869,2.3009096643,8.429181581929856e-22
48.9200223775,2.3009096643,3.927419223780197e-24
48.9249162681,2.3009096643,1.476586128714692e-26
48.9298101587,2.3009096643,4.4255158643180986e-29
48.9347040493,2.3009096643,1.0331564434761787e-31
48.9395979399,2.3009096643,1.8411123455026441e-34
48.9444918305,2.3009096643,2.473096304828657e-37
48.9493857211,2.3009096643,2.4881778460081645e-40
48.9542796117,2.3009096643,1.8697723481433912e-43
48.9591735023,2.3009096643,1.048307867999774e-46
48.9640673929,2.3009096643,4.383430043515987e-50
48.9689612835,2.3009096643,1.3668171935399278e-53
48.9738551741,2.3009096643,3.1780594065516824e-57
48.9787490647,2.3009096643,5.51016405518024e-61
48.7389484253,2.3058035549,7.805122034376029e-27
48.7438423159,2.3058035549,1.7275274840214222e-24
48.7487362065,2.3058035549,2.8511483351106907e-22
48.7536300971,2.3058035549,3.508845446577418e-20
48.7585239877,2.3058035549,3.220017600827367e-18
48.7634178783,2.3058035549,2.2034430602012755e-16
48.7683117689,2.3058035549,1.1243331222471613e-14
48.7732056595,2.3058035549,4.2779706039765956e-13
48.7780995501,2.3058035549,1.2137531777938492e-11
48.7829934407,2.3058035549,2.5678734769823587e-10
48.7878873313,2.3058035549,4.051086118741395e-09
48.7927812219,2.3058035549,4.7658576492192106e-08
48.7976751125,2.3058035549,4.181788087910559e-07
48.8025690031,2.3058035549,2.7400118064995532e-06
48.8074628937,2.3058035549,1.3553038108991715e-05
48.8123567843,2.3058035549,5.5593351952580986e-05
48.8172506749,2.3058035549,0.0002717127253460766
48.8221445655,2.3058035549,0.0016310388612947387
48.8270384561,2.3058035549,0.007403986331913197
48.8319323467,2.3058035549,0.021508696020314987
48.8368262373,2.3058035549,0.036749436344741024
48.8417201279,2.3058035549,0.035054454886663214
48.8466140185,2.3058035549,0.018509262699370116
48.8515079091,2.3058035549,0.00549371470144727
48.8564017997,2.3058035549,0.0009718957777050256
48.8612956903,2.3058035549,0.00012165704087805572
48.8661895809,2.3058035549,1.4185348515297453e-05
48.8710834715,2.3058035549,1.608555748076636e-06
48.8759773621,2.3058035549,1.4604635196221067e-07
48.8808712527,2.3058035549,9.471190789406128e-09
48.8857651433,2.3058035549,4.262678850925772e-10
48.8906590339,2.3058035549,1.325231606985532e-11
48.8955529245,2.3058035549,2.8451100184036325e-13
48.9004468151,2.3058035549,4.2205178751865425e-15
48.9053407057,2.3058035549,4.331817512727015e-17
48.9102345963,2.3058035549,3.084322471322448e-19
48.9151284869,2.3058035549,1.5315349996508576e-21
48.9200223775,2.3058035549,5.36043570657384e-24
48.9249162681,2.3058035549,1.3508062472702744e-26
48.9298101587,2.3058035549,2.548678399943137e-29
48.9347040493,2.3058035549,3.820542704989378e-32
48.9395979399,2.3058035549,4.822800753180027e-35
48.9444918305,2.3058035549,5.207914551298034e-38
48.9493857211,2.3058035549,4.648984117053149e-41
48.9542796117,2.3058035549,3.2745038600099817e-44
48.9591735023,2.3058035549,1.7631543695199661e-47
48.9640673929,2.3058035549,7.146348195184808e-51
48.9689612835,2.3058035549,2.166797796783799e-54
48.9738551741,2.3058035549,4.903785018286478e-58
48.9787490647,2.3058035549,8.277808815569379e-62
48.7389484253,2.3106974455,3.1651443136733166e-27
48.7438423159,2.3106974455,6.8212029057270035e-25
48.7487362065,2.3106974455,1.0961702215659287e-22
48.7536300971,2.3106974455,1.3135439571926212e-20
48.7585239877,2.3106974455,1.1737099904525986e-18
48.7634178783,2.3106974455,7.820356859766052e-17
48.7683117689,2.3106974455,3.885455348839657e-15
48.7732056595,2.3106974455,1.439484075039981e-13
48.7780995501,2.3106974455,3.9766874650874305e-12
48.7829934407,2.3106974455,8.19192701339247e-11
48.7878873313,2.3106974455,1.2583537937538153e-09
48.7927812219,2.3106974455,1.4414020585733829e-08
48.7976751125,2.3106974455,1.2316138368687928e-07
48.8025690031,2.3106974455,7.88407085262253e-07
48.8074628937,2.3106974455,3.97422026013665e-06
48.8123567843,2.3106974455,2.1886241647288978e-05
48.8172506749,2.3106974455,0.00019604744572777687
48.8221445655,2.3106974455,0.0016123401027872335
48.8270384561,2.3106974455,0.00821085648316201
48.8319323467,2.3106974455,0.024132796596876095
48.8368262373,2.3106974455,0.03952769627879704
48.8417201279,2.3106974455,0.03560943728442157
48.8466140185,2.3106974455,0.01767994213855283
48.8515079091,2.3106974455,0.004918534582513311
48.8564017997,2.3106974455,0.0008174176050851386
48.8612956903,2.3106974455,0.00010025807487687655
48.8661895809,2.3106974455,1.2781111493399362e-05
48.8710834715,2.3106974455,1.6742375560150667e-06
48.8759773621,2.3106974455,1.7375700577423574e-07
48.8808712527,2.3106974455,1.276040403709443e-08
48.8857651433,2.3106974455,6.484318396305366e-10
48.8906590339,2.3106974455,2.273101412456385e-11
48.8955529245,2.3106974455,5.495200296113342e-13
48.9004468151,2.3106974455,9.161110851928796e-15
48.9053407057,2.3106974455,1.0532372665296822e-16
48.9102345963,2.3106974455,8.351268999786212e-19
48.9151284869,2.3106974455,4.567706261529135e-21
48.9200223775,2.3106974455,1.723881453039042e-23
48.9249162681,2.3106974455,4.4924136253043003e-26
48.9298101587,2.3106974455,8.095882186616558e-29
48.9347040493,2.3106974455,1.0123464046245292e-31
48.9395979399,2.3106974455,8.853633208916937e-35
48.9444918305,2.3106974455,5.518870183678759e-38
48.9493857211,2.3106974455,2.5600039030624994e-41
48.9542796117,2.3106974455,9.59629631523578e-45
48.9591735023,2.3106974455,3.2127175473493755e-48
48.9640673929,2.3106974455,9.909245945301593e-52
48.9689612835,2.3106974455,2.6389919794771607e-55
48.9738551741,2.3106974455,5.612579203974369e-59
48.9787490647,2.3106974455,9.126594251757374e-63
48.7389484253,2.3155913361,9.38359796624657e-28
48.7438423159,2.3155913361,1.9690603579496237e-25
48.7487362065,2.3155913361,3.0810464418661766e-23
48.7536300971,2.3155913361,3.594901869724556e-21
48.7585239877,2.3155913361,3.1277023369354797e-19
48.7634178783,2.3155913361,2.029146338695854e-17
48.7683117689,2.3155913361,9.816369622629267e-16
48.7732056595,2.3155913361,3.541098602775023e-14
48.7780995501,2.3155913361,9.525214053739629e-13
48.7829934407,2.3155913361,1.9105625199525118e-11
48.7878873313,2.3155913361,2.857586555575919e-10
48.7927812219,2.3155913361,3.187293338698077e-09
48.7976751125,2.3155913361,2.6551299196873512e-08
48.8025690031,2.3155913361,1.6921346715485736e-07
48.8074628937,2.3155913361,1.0473669324266058e-06
48.8123567843,2.3155913361,1.1996523968184243e-05
48.8172506749,2.3155913361,0.00016936730299969735
48.8221445655,2.3155913361,0.001522126003492865
48.8270384561,2.3155913361,0.007735369012500278
48.8319323467,2.3155913361,0.021831435953028167
48.8368262373,2.3155913361,0.03385153827335243
48.8417201279,2.3155913361,0.028781601574149083
48.8466140185,2.3155913361,0.01346824666645553
48.8515079091,2.3155913361,0.0035222839495266467
48.8564017997,2.3155913361,0.0005500046243658757
48.8612956903,2.3155913361,6.586617612942139e-05
48.8661895809,2.3155913361,9.193255870116739e-06
48.8710834715,2.3155913361,1.3859928147457788e-06
48.8759773621,2.3155913361,1.6373634345642996e-07
48.8808712527,2.3155913361,1.3598635814846992e-08
48.8857651433,2.3155913361,7.803906294345826e-10
48.8906590339,2.3155913361,3.0885715222342094e-11
48.8955529245,2.3155913361,8.428635532513794e-13
48.9004468151,2.3155913361,1.5860022315844878e-14
48.9053407057,2.3155913361,2.05776595483842e-16
48.9102345963,2.3155913361,1.8409157241593434e-18
48.9151284869,2.3155913361,1.135582827973434e-20
48.9200223775,2.3155913361,4.8300721248493276e-23
48.9249162681,2.3155913361,1.4165902558921366e-25
48.9298101587,2.3155913361,2.86485598110163e-28
48.9347040493,2.3155913361,3.995347699839624e-31
48.9395979399,2.3155913361,3.8428661314550186e-34
48.9444918305,2.3155913361,2.5499613928155757e-37
48.9493857211,2.3155913361,1.168165769226352e-40
48.9542796117,2.3155913361,3.701530230895254e-44
48.9591735023,2.3155913361,8.154103905033137e-48
48.9640673929,2.3155913361,1.266856874272528e-51
48.9689612835,2.3155913361,1.4449567602142743e-55
48.9738551741,2.3155913361,1.3339537072281087e-59
48.9787490647,2.3155913361,1.1610922262117227e-63
48.7389484253,2.3204852267,2.033795706478493e-28
48.7438423159,2.3204852267,4.155460389044088e-26
48.7487362065,2.3204852267,6.331120025799333e-24
48.7536300971,2.3204852267,7.192693041214003e-22
48.7585239877,2.3204852267,6.093293330642647e-20
48.7634178783,2.3204852267,3.8491268519954235e-18
48.7683117689,2.3204852267,1.8131007683703855e-16
48.7732056595,2.3204852267,6.3684132994002234e-15
48.7780995501,2.3204852267,1.667977284295887e-13
48.7829934407,2.3204852267,3.2576080752223092e-12
48.7878873313,2.3204852267,4.744211140157597e-11
48.7927812219,2.3204852267,5.154408030266314e-10
48.7976751125,2.3204852267,4.218680763142417e-09
48.8025690031,2.3204852267,2.9978518661882575e-08
48.8074628937,2.3204852267,3.8211986053967927e-07
48.8123567843,2.3204852267,8.56809467524965e-06
48.8172506749,2.3204852267,0.00013492431408593066
48.8221445655,2.3204852267,0.001191899924593034
48.8270384561,2.3204852267,0.005809704084458389
48.8319323467,2.3204852267,0.015553253812156166
48.8368262373,2.3204852267,0.02281340628401287
48.8417201279,2.3204852267,0.018352441588623574
48.8466140185,2.3204852267,0.008127145020341793
48.8515079091,2.3204852267,0.0020078789882498616
48.8564017997,2.3204852267,0.0002952559422271265
48.8612956903,2.3204852267,3.432957824056152e-05
48.8661895809,2.3204852267,5.2247540664509455e-06
48.8710834715,2.3204852267,9.022282814016714e-07
48.8759773621,2.3204852267,1.2096874504927615e-07
48.8808712527,2.3204852267,1.1351665654823735e-08
48.8857651433,2.3204852267,7.35496044470579e-10
48.8906590339,2.3204852267,3.2861389900792343e-11
48.8955529245,2.3204852267,1.0123628644654667e-12
48.9004468151,2.3204852267,2.1504456943713723e-14
48.9053407057,2.3204852267,3.149650698768717e-16
48.9102345963,2.3204852267,3.1808106310138954e-18
48.9151284869,2.3204852267,2.214902926900185e-20
48.9200223775,2.3204852267,1.0634401482111687e-22
48.9249162681,2.3204852267,3.5205697658334166e-25
48.9298101587,2.3204852267,8.036271057087715e-28
48.9347040493,2.3204852267,1.2648477904784289e-30
48.9395979399,2.3204852267,1.3726655514516062e-33
48.9444918305,2.3204852267,1.027153806590191e-36
48.9493857211,2.3204852267,5.299730857042539e-40
48.9542796117,2.3204852267,1.88550402559565e-43
48.9591735023,2.3204852267,4.62567901242259e-47
48.9640673929,2.3204852267,7.826143900973203e-51
48.9689612835,2.3204852267,9.13447213104317e-55
48.9738551741,2.3204852267,7.361967991159646e-59
48.9787490647,2.3204852267,4.109354222954614e-63
48.7389484253,2.3253791173,3.2226067870892073e-29
48.7438423159,2.3253791173,6.411229485386015e-27
48.7487362065,2.3253791173,9.510972081636231e-25
48.7536300971,2.3253791173,1.052102543969868e-22
48.7585239877,2.3253791173,8.678422990165816e-21
48.7634178783,2.3253791173,5.337933225888542e-19
48.7683117689,2.3253791173,2.4482459172734687e-17
48.7732056595,2.3253791173,8.373104689686159e-16
48.7780995501,2.3253791173,2.1353428123508986e-14
48.7829934407,2.3253791173,4.0606865441698906e-13
48.7878873313,2.3253791173,5.758764431118183e-12
48.7927812219,2.3253791173,6.110310894076307e-11
48.7976751125,2.3253791173,5.187312367508193e-10
48.8025690031,2.3253791173,6.563291487221443e-09
48.8074628937,2.3253791173,2.0981446888257456e-07
48.8123567843,2.3253791173,5.68981850367205e-06
48.8172506749,2.3253791173,8.757124686291572e-05
48.8221445655,2.3253791173,0.0007390977972370475
48.8270384561,2.3253791173,0.0034208170724449763
48.8319323467,2.3253791173,0.008675514298995431
48.8368262373,2.3253791173,0.01206434826337642
48.8417201279,2.3253791173,0.00921907792121383
48.8466140185,2.3253791173,0.0038853917984988944
48.8515079091,2.3253791173,0.0009134453394468868
48.8564017997,2.3253791173,0.00012719523203743858
48.8612956903,2.3253791173,1.425810602914381e-05
48.8661895809,2.3253791173,2.3412502220625305e-06
48.8710834715,2.3253791173,4.605061565771243e-07
48.8759773621,2.3253791173,6.993587618335885e-08
48.8808712527,2.3253791173,7.41202979730226e-09
48.8857651433,2.3253791173,5.421541673751096e-10
48.8906590339,2.3253791173,2.7344787538032863e-11
48.8955529245,2.3253791173,9.509744534246185e-13
48.9004468151,2.3253791173,2.2803656748040035e-14
48.9053407057,2.3253791173,3.770347742729894e-16
48.9102345963,2.3253791173,4.298328140729923e-18
48.9151284869,2.3253791173,3.378772608705769e-20
48.9200223775,2.3253791173,1.8313004238758745e-22
48.9249162681,2.3253791173,6.843865392077279e-25
48.9298101587,2.3253791173,1.7635369148264543e-27
48.9347040493,2.3253791173,3.133349838150148e-30
48.9395979399,2.3253791173,3.838614161403127e-33
48.9444918305,2.3253791173,3.242509769635335e-36
48.9493857211,2.3253791173,1.8885540225346396e-39
48.9542796117,2.3253791173,7.584358990519319e-43
48.9591735023,2.3253791173,2.100147700391326e-46
48.9640673929,2.3253791173,4.009799088914346e-50
48.9689612835,2.3253791173,5.278834114120633e-54
48.9738551741,2.3253791173,4.791794524415017e-58
48.9787490647,2.3253791173,2.999225648233509e-62
48.7389484253,2.3302730079,3.73309778693252e-30
48.7438423159,2.3302730079,7.231452794215695e-28
48.7487362065,2.3302730079,1.0445550289205678e-25
48.7536300971,2.3302730079,1.1250884659373053e-23
48.7585239877,2.3302730079,9.036319958811176e-22
48.7634178783,2.3302730079,5.4118544401615826e-20
48.7683117689,2.3302730079,2.416852763064293e-18
48.7732056595,2.3302730079,8.048294544899688e-17
48.7780995501,2.3302730079,1.9985144178393792e-15
48.7829934407,2.3302730079,3.700581679522976e-14
48.7878873313,2.3302730079,5.114154336943421e-13
48.7927812219,2.3302730079,5.409330098874762e-12
48.7976751125,2.3302730079,6.533486009565178e-11
48.8025690031,2.3302730079,2.5085976458223445e-09
48.8074628937,2.3302730079,1.1418067794899249e-07
48.8123567843,2.3302730079,3.0560839855776283e-06
48.8172506749,2.3302730079,4.476593069918803e-05
48.8221445655,2.3302730079,0.00035862493969818096
48.8270384561,2.3302730079,0.0015738822539514519
48.8319323467,2.3302730079,0.003788632466920786
48.8368262373,2.3302730079,0.005014855794446557
48.8417201279,2.3302730079,0.0036619667630977183
48.8466140185,2.3302730079,0.0014811828839940094
48.8515079091,2.3302730079,0.00033501637791467345
48.8564017997,2.3302730079,4.4626414824314055e-05
48.8612956903,2.3302730079,4.778912643858705e-06
48.8661895809,2.3302730079,8.281052070142984e-07
48.8710834715,2.3302730079,1.8413669997835127e-07
48.8759773621,2.3302730079,3.162635640913266e-08
48.8808712527,2.3302730079,3.784765771480316e-09
48.8857651433,2.3302730079,3.125192567839269e-10
48.8906590339,2.3302730079,1.7793932599445116e-11
48.8955529245,2.3302730079,6.985685072547228e-13
48.9004468151,2.3302730079,1.8909816633606793e-14
48.9053407057,2.3302730079,3.529448585201334e-16
48.9102345963,2.3302730079,4.5422143700184036e-18
48.9151284869,2.3302730079,4.03059923450493e-20
48.9200223775,2.3302730079,2.4661122060894687e-22
48.9249162681,2.3302730079,1.040392638762894e-24
48.9298101587,2.3302730079,3.026376331770072e-27
48.9347040493,2.3302730079,6.070015724080787e-30
48.9395979399,2.3302730079,8.394559728491836e-33
48.9444918305,2.3302730079,8.004740441120543e-36
48.9493857211,2.3302730079,5.2630537862664634e-39
48.9542796117,2.3302730079,2.385995313942987e-42
48.9591735023,2.3302730079,7.458347070845021e-46
48.9640673929,2.3302730079,1.6075216053093865e-49
48.9689612835,2.3302730079,2.3889787064250895e-53
48.9738551741,2.3302730079,2.4479862804693634e-57
48.9787490647,2.3302730079,1.729605052479477e-61
48.7389484253,2.3351668985000003,3.161502085280033e-31
48.7438423159,2.3351668985000003,5.963096619274317e-29
48.7487362065,2.3351668985000003,8.386867836008286e-27
48.7536300971,2.3351668985000003,8.795840222449842e-25
48.7585239877,2.3351668985000003,6.878669504522596e-23
48.7634178783,2.3351668985000003,4.011262975928165e-21
48.7683117689,2.3351668985000003,1.7442446757489077e-19
48.7732056595,2.3351668985000003,5.655659803220422e-18
48.7780995501,2.3351668985000003,1.367446469048536e-16
48.7829934407,2.3351668985000003,2.4658887955787046e-15
48.7878873313,2.3351668985000003,3.341660459498004e-14
48.7927812219,2.3351668985000003,4.114053988124501e-13
48.7976751125,2.3351668985000003,1.500086816694686e-11
48.8025690031,2.3351668985000003,1.0921693062470898e-09
48.8074628937,2.3351668985000003,5.060240922189889e-08
48.8123567843,2.3351668985000003,1.2878089688120896e-06
48.8172506749,2.3351668985000003,1.7880950873325704e-05
48.8221445655,2.3351668985000003,0.00013587636072969996
48.8270384561,2.3351668985000003,0.0005664686558434936
48.8319323467,2.3351668985000003,0.0012998017325744782
48.8368262373,2.3351668985000003,0.0016487981604249252
48.8417201279,2.3351668985000003,0.001161908258151176
48.8466140185,2.3351668985000003,0.00045707758659702943
48.8515079091,2.3351668985000003,0.00010112544506447379
48.8564017997,2.3351668985000003,1.3095628842055208e-05
48.8612956903,2.3351668985000003,1.3238665243847072e-06
48.8661895809,2.3351668985000003,2.3208525144926515e-07
48.8710834715,2.3351668985000003,5.766637341825556e-08
48.8759773621,2.3351668985000003,1.1185840575844522e-08
48.8808712527,2.3351668985000003,1.5113000104958941e-09
48.8857651433,2.3351668985000003,1.408754709390186e-10
48.8906590339,2.3351668985000003,9.054685836236422e-12
48.8955529245,2.3351668985000003,4.012851159840621e-13
48.9004468151,2.3351668985000003,1.226235691194808e-14
48.9053407057,2.3351668985000003,2.583664257464925e-16
48.9102345963,2.3351668985000003,3.753525967785898e-18
48.9151284869,2.3351668985000003,3.759966671121727e-20
48.9200223775,2.3351668985000003,2.5969870784300236e-22
48.9249162681,2.3351668985000003,1.2367923921790216e-24
48.9298101587,2.3351668985000003,4.061299750038785e-27
48.9347040493,2.3351668985000003,9.195482168589141e-30
48.9395979399,2.3351668985000003,1.43557270258612e-32
48.9444918305,2.3351668985000003,1.5453152824397717e-35
48.9493857211,2.3351668985000003,1.1469651715945092e-38
48.9542796117,2.3351668985000003,5.869817304009666e-42
48.9591735023,2.3351668985000003,2.0712864345028012e-45
48.9640673929,2.3351668985000003,5.039610364253861e-49
48.9689612835,2.3351668985000003,8.454637331264909e-53
48.9738551741,2.3351668985000003,9.77989581695453e-57
48.9787490647,2.3351668985000003,7.800360903516929e-61
48.7389484253,2.3400607891000003,1.9574002368295781e-32
48.7438423159,2.3400607891000003,3.5948452063562815e-30
48.7487362065,2.3400607891000003,4.923005622847545e-28
48.7536300971,2.3400607891000003,5.027244973899029e-26
48.7585239877,2.3400607891000003,3.8280653647591464e-24
48.7634178783,2.3400607891000003,2.173592968427986e-22
48.7683117689,2.3400607891000003,9.202941847545828e-21
48.7732056595,2.3400607891000003,2.9055271161489986e-19
48.7780995501,2.3400607891000003,6.840509884412994e-18
48.7829934407,2.3400607891000003,1.2031569879263106e-16
48.7878873313,2.3400607891000003,1.6909504325119447e-15
48.7927812219,2.3400607891000003,4.802323830309046e-14
48.7976751125,2.3400607891000003,4.993103647833157e-12
48.8025690031,2.3400607891000003,3.9763566622349366e-10
48.8074628937,2.3400607891000003,1.757370229036761e-08
48.8123567843,2.3400607891000003,4.234113154128613e-07
48.8172506749,2.3400607891000003,5.574868054465537e-06
48.8221445655,2.3400607891000003,4.026581224869755e-05
48.8270384561,2.3400607891000003,0.0001602118119111659
48.8319323467,2.3400607891000003,0.00035322895084091515
48.8368262373,2.3400607891000003,0.0004346359433188966
48.8417201279,2.3400607891000003,0.00030056539126260725
48.8466140185,2.3400607891000003,0.0001174097128224607
48.8515079091,2.3400607891000003,2.6004267703978404e-05
48.8564017997,2.3400607891000003,3.3443009921470903e-06
48.8612956903,2.3400607891000003,3.150684820060486e-07
48.8661895809,2.3400607891000003,5.1976339779510605e-08
48.8710834715,2.3400607891000003,1.4146668045351889e-08
48.8759773621,2.3400607891000003,3.0941375890499777e-09
48.8808712527,2.3400607891000003,4.719205140429133e-10
48.8857651433,2.3400607891000003,4.965897957475245e-11
48.8906590339,2.3400607891000003,3.603117990074328e-12
48.8955529245,2.3400607891000003,1.802605669744421e-13
48.9004468151,2.3400607891000003,6.218193214093432e-15
48.9053407057,2.3400607891000003,1.4790025245637237e-16
48.9102345963,2.3400607891000003,2.425575744316833e-18
48.9151284869,2.3400607891000003,2.7428495702561355e-20
48.9200223775,2.3400607891000003,2.138603933044479e-22
48.9249162681,2.3400607891000003,1.1497408330271003e-24
48.9298101587,2.3400607891000003,4.261973773368874e-27
48.9347040493,2.3400607891000003,1.0893383999430155e-29
48.9395979399,2.3400607891000003,1.919800392693795e-32
48.9444918305,2.3400607891000003,2.3328701283034398e-35
48.9493857211,2.3400607891000003,1.9546377002242192e-38
48.9542796117,2.3400607891000003,1.1292320679609017e-41
48.9591735023,2.3400607891000003,4.498226889923562e-45
48.9640673929,2.3400607891000003,1.235494268220285e-48
48.9689612835,2.3400607891000003,2.3398140008998888e-52
48.9738551741,2.3400607891000003,3.055365417240938e-56
48.9787490647,2.3400607891000003,2.750972220529932e-60
48.7389484253,2.3449546797000003,8.859880372318633e-34
48.7438423159,2.3449546797000003,1.5843480739838935e-31
48.7487362065,2.3449546797000003,2.1126274669692216e-29
48.7536300971,2.3449546797000003,2.1006070706699494e-27
48.7585239877,2.3449546797000003,1.5574578553103834e-25
48.7634178783,2.3449546797000003,8.610678292413534e-24
48.7683117689,2.3449546797000003,3.549833860758242e-22
48.7732056595,2.3449546797000003,1.0912659789637578e-20
48.7780995501,2.3449546797000003,2.502455057038347e-19
48.7829934407,2.3449546797000003,4.360732533057235e-18
48.7878873313,2.3449546797000003,9.49658872360613e-17
48.7927812219,2.3449546797000003,1.1006793117272906e-14
48.7976751125,2.3449546797000003,1.4835555867503894e-12
48.8025690031,2.3449546797000003,1.1371668643023053e-10
48.8074628937,2.3449546797000003,4.756828394355284e-09
48.8123567843,2.3449546797000003,1.0860880152572152e-07
48.8172506749,2.3449546797000003,1.3595456598912682e-06
48.8221445655,2.3449546797000003,9.382550629407426e-06
48.8270384561,2.3449546797000003,3.5968513249502135e-05
48.8319323467,2.3449546797000003,7.735854401558663e-05
48.8368262373,2.3449546797000003,9.433377283216168e-05
48.8417201279,2.3449546797000003,6.573804638751202e-05
48.8466140185,2.3449546797000003,2.6225646603379367e-05
48.8515079091,2.3449546797000003,5.963786286493035e-06
48.8564017997,2.3449546797000003,7.768913762834241e-07
48.8612956903,2.3449546797000003,6.769488589399914e-08
48.8661895809,2.3449546797000003,9.464776314239232e-09
48.8710834715,2.3449546797000003,2.720588595877826e-09
48.8759773621,2.3449546797000003,6.693610166726801e-10
48.8808712527,2.3449546797000003,1.1523713921003294e-10
48.8857651433,2.3449546797000003,1.3688753029470318e-11
48.8906590339,2.3449546797000003,1.1212106113327167e-12
48.8955529245,2.3449546797000003,6.332162158458207e-14
48.9004468151,2.3449546797000003,2.465801349442197e-15
48.9053407057,2.3449546797000003,6.620722217587227e-17
48.9102345963,2.3449546797000003,1.2257273324895587e-18
48.9151284869,2.3449546797000003,1.5646730314897833e-20
48.9200223775,2.3449546797000003,1.3771921758822924e-22
48.9249162681,2.3449546797000003,8.358083761240383e-25
48.9298101587,2.3449546797000003,3.4975192578686365e-27
48.9347040493,2.3449546797000003,1.0091476952301461e-29
48.9395979399,2.3449546797000003,2.0076618835244723e-32
48.9444918305,2.3449546797000003,2.7540234746293137e-35
48.9493857211,2.3449546797000003,2.6048692237851425e-38
48.9542796117,2.3449546797000003,1.6988124471734938e-41
48.9591735023,2.3449546797000003,7.63916986380788e-45
48.9640673929,2.3449546797000003,2.3685803533147385e-48
48.9689612835,2.3449546797000003,5.063738863353306e-52
48.9738551741,2.3449546797000003,7.4644137186422875e-56
48.9787490647,2.3449546797000003,7.586847011185935e-60
48.7389484253,2.3498485703,2.931825629452807e-35
48.7438423159,2.3498485703,5.10485091913979e-33
48.7487362065,2.3498485703,6.62792475800243e-31
48.7536300971,2.3498485703,6.416846565978902e-29
48.7585239877,2.3498485703,4.632498845862271e-27
48.7634178783,2.3498485703,2.4937824618005743e-25
48.7683117689,2.3498485703,1.0010405732510045e-23
48.7732056595,2.3498485703,2.996547302276215e-22
48.7780995501,2.3498485703,6.7165470511627425e-21
48.7829934407,2.3498485703,1.3506088320700063e-19
48.7878873313,2.3498485703,1.2069564301452431e-17
48.7927812219,2.3498485703,2.6296467663660592e-15
48.7976751125,2.3498485703,3.4895903948243023e-13
48.8025690031,2.3498485703,2.533971371119139e-11
48.8074628937,2.3498485703,1.0039965340563025e-09
48.8123567843,2.3498485703,2.1792308485433212e-08
48.8172506749,2.3498485703,2.609271565972256e-07
48.8221445655,2.3498485703,1.7400825748988322e-06
48.8270384561,2.3498485703,6.549378115037703e-06
48.8319323467,2.3498485703,1.4123624912160029e-05
48.8368262373,2.3498485703,1.7655843418161632e-05
48.8417201279,2.3498485703,1.2824075376120321e-05
48.8466140185,2.3498485703,5.362763830194044e-06
48.8515079091,2.3498485703,1.2705663198815672e-06
48.8564017997,2.3498485703,1.688601739466927e-07
48.8612956903,2.3498485703,1.3674272065527006e-08
48.8661895809,2.3498485703,1.4492524284418945e-09
48.8710834715,2.3498485703,4.1094735576529485e-10
48.8759773621,2.3498485703,1.1325226932707508e-10
48.8808712527,2.3498485703,2.2004998991483887e-11
48.8857651433,2.3498485703,2.95075832695291e-12
48.8906590339,2.3498485703,2.728346525490355e-13
48.8955529245,2.3498485703,1.7394299214403872e-14
48.9004468151,2.3498485703,7.64637463288644e-16
48.9053407057,2.3498485703,2.317637083843401e-17
48.9102345963,2.3498485703,4.843691928039117e-19
48.9151284869,2.3498485703,6.979893846229658e-21
48.9200223775,2.3498485703,6.935253580837915e-23
48.9249162681,2.3498485703,4.75135079370603e-25
48.9298101587,2.3498485703,2.2444661968925673e-27
48.9347040493,2.3498485703,7.310553593328703e-30
48.9395979399,2.3498485703,1.6418318804346884e-32
48.9444918305,2.3498485703,2.542426030405142e-35
48.9493857211,2.3498485703,2.7146209177603375e-38
48.9542796117,2.3498485703,1.9985327941880002e-41
48.9591735023,2.3498485703,1.0145059295452984e-44
48.9640673929,2.3498485703,3.5509055709914395e-48
48.9689612835,2.3498485703,8.569685416302137e-52
48.9738551741,2.3498485703,1.426040497697125e-55
48.9787490647,2.3498485703,1.6362138380725355e-59
48.7389484253,2.3547424609,7.092681753570172e-37
48.7438423159,2.3547424609,1.2024792321516152e-34
48.7487362065,2.3547424609,1.5201774105823965e-32
48.7536300971,2.3547424609,1.4330473635058984e-30
48.7585239877,2.3547424609,1.0073407289619665e-28
48.7634178783,2.3547424609,5.280096399893953e-27
48.7683117689,2.3547424609,2.0637661865987066e-25
48.7732056595,2.3547424609,6.0194018527021455e-24
48.7780995501,2.3547424609,1.3732551093725492e-22
48.7829934407,2.3547424609,7.281083321512636e-21
48.7878873313,2.3547424609,2.2198808529195475e-18
48.7927812219,2.3547424609,5.078786167140434e-16
48.7976751125,2.3547424609,6.399461536212334e-14
48.8025690031,2.3547424609,4.40141337108908e-12
48.8074628937,2.3547424609,1.6575704203085933e-10
48.8123567843,2.3547424609,3.4445882946850944e-09
48.8172506749,2.3547424609,3.9984861251972875e-08
48.8221445655,2.3547424609,2.637904698185071e-07
48.8270384561,2.3547424609,1.009570772067212e-06
48.8319323467,2.3547424609,2.2777131040935683e-06
48.8368262373,2.3547424609,3.0353294227803013e-06
48.8417201279,2.3547424609,2.3548005583501435e-06
48.8466140185,2.3547424609,1.0388165310235512e-06
48.8515079091,2.3547424609,2.547630096244009e-07
48.8564017997,2.3547424609,3.4252038268799997e-08
48.8612956903,2.3547424609,2.616839353945654e-09
48.8661895809,2.3547424609,1.9732445731006344e-10
48.8710834715,2.3547424609,4.898050797340318e-11
48.8759773621,2.3547424609,1.4988041183538038e-11
48.8808712527,2.3547424609,3.285912884931215e-12
48.8857651433,2.3547424609,4.974014491787592e-13
48.8906590339,2.3547424609,5.1917703307379827e-14
48.8955529245,2.3547424609,3.73650405515734e-15
48.9004468151,2.3547424609,1.854200406132574e-16
48.9053407057,2.3547424609,6.3443788514103904e-18
48.9102345963,2.3547424609,1.4967965330113285e-19
48.9151284869,2.3547424609,2.4348804978906468e-21
48.9200223775,2.3547424609,2.731075817632328e-23
48.9249162681,2.3547424609,2.1121807744257045e-25
48.9298101587,2.3547424609,1.1263403345663533e-27
48.9347040493,2.3547424609,4.14142128115066e-30
48.9395979399,2.3547424609,1.0499543277141605e-32
48.9444918305,2.3547424609,1.8354080323451352e-35
48.9493857211,2.3547424609,2.2122595109429097e-38
48.9542796117,2.3547424609,1.8385724014493634e-41
48.9591735023,2.3547424609,1.0535778349001952e-44
48.9640673929,2.3547424609,4.1628785139168237e-48
48.9689612835,2.3547424609,1.1341279967453704e-51
48.9738551741,2.3547424609,2.130451386777465e-55
48.9787490647,2.3547424609,2.7594492363024143e-59
48.7389484253,2.3596363515,1.2544254826419087e-38
48.7438423159,2.3596363515,2.0707809588374524e-36
48.7487362065,2.3596363515,2.549018793758375e-34
48.7536300971,2.3596363515,2.3397070923283123e-32
48.7585239877,2.3596363515,1.6013989057446594e-30
48.7634178783,2.3596363515,8.17311372684006e-29
48.7683117689,2.3596363515,3.1108070076314643e-27
48.7732056595,2.3596363515,8.914064077649806e-26
48.7780995501,2.3596363515,3.0497609108969593e-24
48.7829934407,2.3596363515,9.016735493745972e-22
48.7878873313,2.3596363515,3.5059862222606464e-19
48.7927812219,2.3596363515,7.662377301706844e-17
48.7976751125,2.3596363515,9.147460802123636e-15
48.8025690031,2.3596363515,5.980218062265719e-13
48.8074628937,2.3596363515,2.158107493017441e-11
48.8123567843,2.3596363515,4.3638083768656206e-10
48.8172506749,2.3596363515,5.056401759204054e-09
48.8221445655,2.3596363515,3.449755383149792e-08
48.8270384561,2.3596363515,1.4145980426255348e-07
48.8319323467,2.3596363515,3.485410328601374e-07
48.8368262373,2.3596363515,5.045458733504949e-07
48.8417201279,2.3596363515,4.1591774489832185e-07
48.8466140185,2.3596363515,1.9004584481942623e-07
48.8515079091,2.3596363515,4.726255277912978e-08
48.8564017997,2.3596363515,6.334644680244455e-09
48.8612956903,2.3596363515,4.6370299507802166e-10
48.8661895809,2.3596363515,2.5540334628971997e-11
48.8710834715,2.3596363515,4.657829907917392e-12
48.8759773621,2.3596363515,1.551905799878813e-12
48.8808712527,2.3596363515,3.837055807382807e-13
48.8857651433,2.3596363515,6.556681903850632e-14
48.8906590339,2.3596363515,7.725650000872598e-15
48.8955529245,2.3596363515,6.276645379295259e-16
48.9004468151,2.3596363515,3.5161013453028114e-17
48.9053407057,2.3596363515,1.3581145413988573e-18
48.9102345963,2.3596363515,3.61703438244825e-20
48.9151284869,2.3596363515,6.642171697509167e-22
48.9200223775,2.3596363515,8.410247592239717e-24
48.9249162681,2.3596363515,7.342580013403356e-26
48.9298101587,2.3596363515,4.420076818047341e-28
48.9347040493,2.3596363515,1.8346455398266532e-30
48.9395979399,2.3596363515,5.250682337421582e-33
48.9444918305,2.3596363515,1.036145016681466e-35
48.9493857211,2.3596363515,1.4098294019758257e-38
48.9542796117,2.3596363515,1.322677017265439e-41
48.9591735023,2.3596363515,8.556226527211807e-45
48.9640673929,2.3596363515,3.816383096890065e-48
48.9689612835,2.3596363515,1.1737155979863467e-51
48.9738551741,2.3596363515,2.4889433478460636e-55
48.9787490647,2.3596363515,3.6392204961497928e-59
48.7389484253,2.3645302421,1.6219644062935118e-40
48.7438423159,2.3645302421,2.607070640928358e-38
48.7487362065,2.3645302421,3.124739790936307e-36
48.7536300971,2.3645302421,2.7927013586625644e-34
48.7585239877,2.3645302421,1.8611644592527378e-32
48.7634178783,2.3645302421,9.249119860421794e-31
48.7683117689,2.3645302421,3.4327556035718427e-29
48.7732056595,2.3645302421,1.0752510301395107e-27
48.7780995501,2.3645302421,1.8382675441505423e-25
48.7829934407,2.3645302421,1.1485742179765995e-22
48.7878873313,2.3645302421,4.3498323293835426e-20
48.7927812219,2.3645302421,9.012081513038956e-18
48.7976751125,2.3645302421,1.0230029497259796e-15
48.8025690031,2.3645302421,6.415554979846834e-14
48.8074628937,2.3645302421,2.262093668967181e-12
48.8123567843,2.3645302421,4.6153682401543884e-11
48.8172506749,2.3645302421,5.644303700331189e-10
48.8221445655,2.3645302421,4.240446809283569e-09
48.8270384561,2.3645302421,1.9461881132733038e-08
48.8319323467,2.3645302421,5.2789781719420655e-08
48.8368262373,2.3645302421,8.138801653028472e-08
48.8417201279,2.3645302421,6.923808043255285e-08
48.8466140185,2.3645302421,3.1918855610344274e-08
48.8515079091,2.3645302421,7.89533844139761e-09
48.8564017997,2.3645302421,1.0428593919170535e-09
48.8612956903,2.3645302421,7.387541120238986e-11
48.8661895809,2.3645302421,3.2616909642642516e-12
48.8710834715,2.3645302421,3.629526065578112e-13
48.8759773621,2.3645302421,1.2580020388464808e-13
48.8808712527,2.3645302421,3.50389658856394e-14
48.8857651433,2.3645302421,6.758726614084281e-15
48.8906590339,2.3645302421,8.989969118300017e-16
48.8955529245,2.3645302421,8.24505087685861e-17
48.9004468151,2.3645302421,5.2139841883690875e-18
48.9053407057,2.3645302421,2.2734599228207684e-19
48.9102345963,2.3645302421,6.835119605749819e-21
48.9151284869,2.3645302421,1.4169226975387405e-22
48.9200223775,2.3645302421,2.025290935086384e-24
48.9249162681,2.3645302421,1.9960430481126817e-26
48.9298101587,2.3645302421,1.3564182073959533e-28
48.9347040493,2.3645302421,6.3556290439248e-31
48.9395979399,2.3645302421,2.0533580926018626e-33
48.9444918305,2.3645302421,4.574167567082659e-36
48.9493857211,2.3645302421,7.025879049886717e-39
48.9542796117,2.3645302421,7.440986061183356e-42
48.9591735023,2.3645302421,5.4337735535202093e-45
48.9640673929,2.3645302421,2.7359855751105048e-48
48.9689612835,2.3645302421,9.498768291632625e-52
48.9738551741,2.3645302421,2.2738510220809567e-55
48.9787490647,2.3645302421,3.7531674702193977e-59
48.7389484253,2.3694241327,1.5332035943717703e-42
48.7438423159,2.3694241327,2.3995703803637134e-40
48.7487362065,2.3694241327,2.800378506547042e-38
48.7536300971,2.3694241327,2.436966510784066e-36
48.7585239877,2.3694241327,1.5813665505885067e-34
48.7634178783,2.3694241327,7.653416826709671e-33
48.7683117689,2.3694241327,2.8267899810332994e-31
48.7732056595,2.3694241327,2.209819067391453e-29
48.7780995501,2.3694241327,1.7908148273979702e-26
48.7829934407,2.3694241327,1.1707115609348706e-23
48.7878873313,2.3694241327,4.209086321269951e-21
48.7927812219,2.3694241327,8.295869954651818e-19
48.7976751125,2.3694241327,9.047152100603788e-17
48.8025690031,2.3694241327,5.57068765738646e-15
48.8074628937,2.3694241327,2.007876440274769e-13
48.8123567843,2.3694241327,4.430806037924483e-12
48.8172506749,2.3694241327,6.152052242859038e-11
48.8221445655,2.3694241327,5.294471352754918e-10
48.8270384561,2.3694241327,2.6974202780768303e-09
48.8319323467,2.3694241327,7.77278447863129e-09
48.8368262373,2.3694241327,1.2288507941633901e-08
48.8417201279,2.3694241327,1.0482484810245181e-08
48.8466140185,2.3694241327,4.784348171662071e-09
48.8515079091,2.3694241327,1.1635877122835138e-09
48.8564017997,2.3694241327,1.5051394933124352e-10
48.8612956903,2.3694241327,1.0368360370925387e-11
48.8661895809,2.3694241327,4.033907230017076e-13
48.8710834715,2.3694241327,2.4604124789451642e-14
48.8759773621,2.3694241327,7.996528407361528e-15
48.8808712527,2.3694241327,2.5022138665511464e-15
48.8857651433,2.3694241327,5.448154571766046e-16
48.8906590339,2.3694241327,8.180596740122825e-17
48.8955529245,2.3694241327,8.469596104352068e-18
48.9004468151,2.3694241327,6.046188018127061e-19
48.9053407057,2.3694241327,2.9760609354881595e-20
48.9102345963,2.3694241327,1.010050790967998e-21
48.9151284869,2.3694241327,2.36366448496719e-23
48.9200223775,2.3694241327,3.813903229096754e-25
48.9249162681,2.3694241327,4.2432120129170556e-27
48.9298101587,2.3694241327,3.2550751329538797e-29
48.9347040493,2.3694241327,1.7217437914106263e-31
48.9395979399,2.3694241327,6.279387104505838e-34
48.9444918305,2.3694241327,1.5790911910731052e-36
48.9493857211,2.3694241327,2.7380311695220688e-39
48.9542796117,2.3694241327,3.273488259501951e-42
48.9591735023,2.3694241327,2.6985123524377304e-45
48.9640673929,2.3694241327,1.5338371631088857e-48
48.9689612835,2.3694241327,6.011395813429014e-52
48.9738551741,2.3694241327,1.6244734432778211e-55
48.9787490647,2.3694241327,3.026851608956942e-59
48.7389484253,2.3743180233,1.0595474132094013e-44
48.7438423159,2.3743180233,1.6146419942757087e-42
48.7487362065,2.3743180233,1.8347701725250059e-40
48.7536300971,2.3743180233,1.5546646595788127e-38
48.7585239877,2.3743180233,9.823160872712172e-37
48.7634178783,2.3743180233,4.644083459772886e-35
48.7683117689,2.3743180233,2.246615391493956e-33
48.7732056595,2.3743180233,1.3473625823158307e-30
48.7780995501,2.3743180233,1.4938870443280225e-27
48.7829934407,2.3743180233,9.319561869978711e-25
48.7878873313,2.3743180233,3.1891267594236053e-22
48.7927812219,2.3743180233,6.050745217585758e-20
48.7976751125,2.3743180233,6.518556372748044e-18
48.8025690031,2.3743180233,4.168326135724104e-16
48.8074628937,2.3743180233,1.6728745760055546e-14
48.8123567843,2.3743180233,4.33141605627513e-13
48.8172506749,2.3743180233,7.0261603274728886e-12
48.8221445655,2.3743180233,6.727559013649895e-11
48.8270384561,2.3743180233,3.617023190696698e-10
48.8319323467,2.3743180233,1.0604402314323225e-09
48.8368262373,2.3743180233,1.6708860654190925e-09
48.8417201279,2.3743180233,1.4053965957547353e-09
48.8466140185,2.3743180233,6.290785884968206e-10
48.8515079091,2.3743180233,1.4964218689624272e-10
48.8564017997,2.3743180233,1.8904912807998313e-11
48.8612956903,2.3743180233,1.2688583963333872e-12
48.8661895809,2.3743180233,4.615354453272133e-14
48.8710834715,2.3743180233,1.6109201010386302e-15
48.8759773621,2.3743180233,4.003914492836304e-16
48.8808712527,2.3743180233,1.3974621442253047e-16
48.8857651433,2.3743180233,3.434297537240096e-17
48.8906590339,2.3743180233,5.821238392066472e-18
48.8955529245,2.3743180233,6.803551456746935e-19
48.9004468151,2.3743180233,5.482734297718629e-20
48.9053407057,2.3743180233,3.0464913456153766e-21
48.9102345963,2.3743180233,1.1671963494579475e-22
48.9151284869,2.3743180233,3.083394655656381e-24
48.9200223775,2.3743180233,5.61636769897299e-26
48.9249162681,2.3743180233,7.053800515535065e-28
48.9298101587,2.3743180233,6.108464255454211e-30
48.9347040493,2.3743180233,3.647389329100009e-32
48.9395979399,2.3743180233,1.5016662924956701e-34
48.9444918305,2.3743180233,4.262908043659109e-37
48.9493857211,2.3743180233,8.344104211000213e-40
48.9542796117,2.3743180233,1.1261459966639441e-42
48.9591735023,2.3743180233,1.0479749411415607e-45
48.9640673929,2.3743180233,6.724319210897561e-49
48.9689612835,2.3743180233,2.9749999874471323e-52
48.9738551741,2.3743180233,9.07542219059979e-56
48.9787490647,2.3743180233,1.9089208871450475e-59
48.7389484253,2.3792119139,5.353071200238004e-47
48.7438423159,2.3792119139,7.942935799513931e-45
48.7487362065,2.3792119139,8.788376767986333e-43
48.7536300971,2.3792119139,7.250813843816287e-41
48.7585239877,2.3792119139,4.4626530708193627e-39
48.7634178783,2.3792119139,2.170844716599695e-37
48.7683117689,2.3792119139,5.242999926029347e-35
48.7732056595,2.3792119139,9.04436897909629e-32
48.7780995501,2.3792119139,9.781910788055825e-29
48.7829934407,2.3792119139,5.812288626137505e-26
48.7878873313,2.3792119139,1.9191393713124445e-23
48.7927812219,2.3792119139,3.6251693682496456e-21
48.7976751125,2.3792119139,4.1356703571633465e-19
48.8025690031,2.3792119139,3.046352322594487e-17
48.8074628937,2.3792119139,1.4835650743333773e-15
48.8123567843,2.3792119139,4.5510533024179904e-14
48.8172506749,2.3792119139,8.181393558824536e-13
48.8221445655,2.3792119139,8.187984639573898e-12
48.8270384561,2.3792119139,4.442420954891154e-11
48.8319323467,2.3792119139,1.2910157463570486e-10
48.8368262373,2.3792119139,1.9992096700346962e-10
48.8417201279,2.3792119139,1.646020842616419e-10
48.8466140185,2.3792119139,7.198564332358197e-11
48.8515079091,2.3792119139,1.6715036206887224e-11
48.8564017997,2.3792119139,2.0603471950450684e-12
48.8612956903,2.3792119139,1.3482792490820782e-13
48.8661895809,2.3792119139,4.712070480783556e-15
48.8710834715,2.3792119139,1.122557440018686e-16
48.8759773621,2.3792119139,1.600101227513956e-17
48.8808712527,2.3792119139,6.104628654838149e-18
48.8857651433,2.3792119139,1.6928981093564409e-18
48.8906590339,2.3792119139,3.2392868103098464e-19
48.8955529245,2.3792119139,4.273780963783358e-20
48.9004468151,2.3792119139,3.887911443345139e-21
48.9053407057,2.3792119139,2.4387186033404637e-22
48.9102345963,2.3792119139,1.0547468598482395e-23
48.9151284869,2.3792119139,3.1454009516429417e-25
48.9200223775,2.3792119139,6.467627656821765e-27
48.9249162681,2.3792119139,9.169702126244236e-29
48.9298101587,2.3792119139,8.964099520121943e-31
48.9347040493,2.3792119139,6.042258951423133e-33
48.9395979399,2.3792119139,2.808233533330413e-35
48.9444918305,2.3792119139,8.999291740733338e-38
48.9493857211,2.3792119139,1.988495736103168e-40
48.9542796117,2.3792119139,3.0295785689516645e-43
48.9591735023,2.3792119139,3.1825922341523876e-46
48.9640673929,2.3792119139,2.3052657632494043e-49
48.9689612835,2.3792119139,1.1513363725421548e-52
48.9738551741,2.3792119139,3.9648309271813707e-56
48.9787490647,2.3792119139,9.414306700579187e-60
48.7389484253,2.3841058045,1.9771867973993132e-49
48.7438423159,2.3841058045,2.8565900470063437e-47
48.7487362065,2.3841058045,3.07749801456379e-45
48.7536300971,2.3841058045,2.472378237573545e-43
48.7585239877,2.3841058045,1.4927942054375443e-41
48.7634178783,2.3841058045,1.4111263220623888e-39
48.7683117689,2.3841058045,2.6083069611702062e-36
48.7732056595,2.3841058045,4.8668755547229255e-33
48.7780995501,2.3841058045,5.0223985443033396e-30
48.7829934407,2.3841058045,2.8872910045206654e-27
48.7878873313,2.3841058045,9.585000716853036e-25
48.7927812219,2.3841058045,1.9645188671504753e-22
48.7976751125,2.3841058045,2.6839615680951637e-20
48.8025690031,2.3841058045,2.4769469050202095e-18
48.8074628937,2.3841058045,1.4386241624491226e-16
48.8123567843,2.3841058045,4.8449807905217265e-15
48.8172506749,2.3841058045,9.003496735216716e-14
48.8221445655,2.3841058045,9.023290798669037e-13
48.8270384561,2.3841058045,4.830861200433194e-12
48.8319323467,2.3841058045,1.3763436528209096e-11
48.8368262373,2.3841058045,2.0835384494293453e-11
48.8417201279,2.3841058045,1.674844869869043e-11
48.8466140185,2.3841058045,7.14713729386955e-12
48.8515079091,2.3841058045,1.6189213555562884e-12
48.8564017997,2.3841058045,1.9464129646128465e-13
48.8612956903,2.3841058045,1.2421304823904376e-14
48.8661895809,2.3841058045,4.2142066175916163e-16
48.8710834715,2.3841058045,8.258551330542898e-18
48.8759773621,2.3841058045,5.306371370883564e-19
48.8808712527,2.3841058045,2.0867045953172736e-19
48.8857651433,2.3841058045,6.525733005744332e-20
48.8906590339,2.3841058045,1.4095712838272013e-20
48.8955529245,2.3841058045,2.099386788499674e-21
48.9004468151,2.3841058045,2.1559522691540237e-22
48.9053407057,2.3841058045,1.5266062874370747e-23
48.9102345963,2.3841058045,7.45342995752235e-25
48.9151284869,2.3841058045,2.509149425928906e-26
48.9200223775,2.3841058045,5.824224394553074e-28
48.9249162681,2.3841058045,9.321609286166431e-30
48.9298101587,2.3841058045,1.0286909403521607e-31
48.9347040493,2.3841058045,7.827447391036945e-34
48.9395979399,2.3841058045,4.106734461487618e-36
48.9444918305,2.3841058045,1.485642485863298e-38
48.9493857211,2.3841058045,3.705725292732444e-41
48.9542796117,2.3841058045,6.373431986029045e-44
48.9591735023,2.3841058045,7.558136175948359e-47
48.9640673929,2.3841058045,6.180125466615832e-50
48.9689612835,2.3841058045,3.484344557116611e-53
48.9738551741,2.3841058045,1.3545221774490569e-56
48.9787490647,2.3841058045,3.6307167470110946e-60
48.7389484253,2.3889996951,5.3389326373947134e-52
48.7438423159,2.3889996951,7.510638279122184e-50
48.7487362065,2.3889996951,7.878622149898827e-48
48.7536300971,2.3889996951,6.168015208156131e-46
48.7585239877,2.3889996951,4.180666533874309e-44
48.7634178783,2.3889996951,3.668101870255949e-41
48.7683117689,2.3889996951,1.1479678960823262e-37
48.7732056595,2.3889996951,2.0575824178810948e-34
48.7780995501,2.3889996951,2.0611187785286354e-31
48.7829934407,2.3889996951,1.2057917820183427e-28
48.7878873313,2.3889996951,4.476759666796211e-26
48.7927812219,2.3889996951,1.1475727734895858e-23
48.7976751125,2.3889996951,2.018597729993921e-21
48.8025690031,2.3889996951,2.2178241513147776e-19
48.8074628937,2.3889996951,1.3952609057191073e-17
48.8123567843,2.3889996951,4.802995550629769e-16
48.8172506749,2.3889996951,8.87820627803174e-15
48.8221445655,2.3889996951,8.749037499063003e-14
48.8270384561,2.3889996951,4.583887376817488e-13
48.8319323467,2.3889996951,1.275545580086267e-12
48.8368262373,2.3889996951,1.884396293780944e-12
48.8417201279,2.3889996951,1.4777262182424979e-12
48.8466140185,2.3889996951,6.150826581963249e-13
48.8515079091,2.3889996951,1.3588744677261952e-13
48.8564017997,2.3889996951,1.593407409353522e-14
48.8612956903,2.3889996951,9.916932950628976e-16
48.8661895809,2.3889996951,3.2771638632293425e-17
48.8710834715,2.3889996951,5.889111454586859e-19
48.8759773621,2.3889996951,1.6189511448357555e-20
48.8808712527,2.3889996951,5.588714524105355e-21
48.8857651433,2.3889996951,1.9671464681582045e-21
48.8906590339,2.3889996951,4.79654277752476e-22
48.8955529245,2.3889996951,8.064478204020988e-23
48.9004468151,2.3889996951,9.34900801728582e-24
48.9053407057,2.3889996951,7.473017774421748e-25
48.9102345963,2.3889996951,4.118771710094576e-26
48.9151284869,2.3889996951,1.5652389622230964e-27
48.9200223775,2.3889996951,4.101425257584189e-29
48.9249162681,2.3889996951,7.41020420559837e-31
48.9298101587,2.3889996951,9.231383082127066e-33
48.9347040493,2.3889996951,7.929477916733076e-35
48.9395979399,2.3889996951,4.696384404496802e-37
48.9444918305,2.3889996951,1.917890921242285e-39
48.9493857211,2.3889996951,5.4003933318396503e-42
48.9542796117,2.3889996951,1.0484992019793498e-44
48.9591735023,2.3889996951,1.4036280516888018e-47
48.9640673929,2.3889996951,1.295618667437037e-50
48.9689612835,2.3889996951,8.24600468733147e-54
48.9738551741,2.3889996951,3.6186883379205846e-57
48.9787490647,2.3889996951,1.0949644195395685e-60
48.7389484253,2.3938935857,1.0539578394368968e-54
48.7438423159,2.3938935857,1.4436699636646884e-52
48.7487362065,2.3938935857,1.4746720432298594e-50
48.7536300971,2.3938935857,1.1447865738267273e-48
48.7585239877,2.3938935857,2.897597516253241e-46
48.7634178783,2.3938935857,1.285036085064587e-42
48.7683117689,2.3938935857,3.99645579989827e-39
48.7732056595,2.3938935857,6.983702375863555e-36
48.7780995501,2.3938935857,7.226493556231795e-33
48.7829934407,2.3938935857,4.9062761844185346e-30
48.7878873313,2.3938935857,2.3874773722110983e-27
48.7927812219,2.3938935857,8.034445332116134e-25
48.7976751125,2.3938935857,1.6657007318506087e-22
48.8025690031,2.3938935857,1.9514424799641053e-20
48.8074628937,2.3938935857,1.241793536247269e-18
48.8123567843,2.3938935857,4.228809495577062e-17
48.8172506749,2.3938935857,7.665937975796147e-16
48.8221445655,2.3938935857,7.383737759244024e-15
48.8270384561,2.3938935857,3.7762267785390394e-14
48.8319323467,2.3938935857,1.0251876203257551e-13
48.8368262373,2.3938935857,1.4773110111792783e-13
48.8417201279,2.3938935857,1.1299219305209127e-13
48.8466140185,2.3938935857,4.5869800217079024e-14
48.8515079091,2.3938935857,9.883363362979406e-15
48.8564017997,2.3938935857,1.1302674265637444e-15
48.8612956903,2.3938935857,6.860510604412998e-17
48.8661895809,2.3938935857,2.210379059013311e-18
48.8710834715,2.3938935857,3.8030787725232976e-20
48.8759773621,2.3938935857,5.435864930145205e-22
48.8808712527,2.3938935857,1.1780109818650448e-22
48.8857651433,2.3938935857,4.637279239187537e-23
48.8906590339,2.3938935857,1.2763602703972028e-23
48.8955529245,2.3938935857,2.42249951235286e-24
48.9004468151,2.3938935857,3.170264778237668e-25
48.9053407057,2.3938935857,2.860675501319293e-26
48.9102345963,2.3938935857,1.7798478595272543e-27
48.9151284869,2.3938935857,7.635515927760333e-29
48.9200223775,2.3938935857,2.2585781227843166e-30
48.9249162681,2.3938935857,4.6065211523872973e-32
48.9298101587,2.3938935857,6.4781685771654426e-34
48.9347040493,2.3938935857,6.281634216354165e-36
48.9395979399,2.3938935857,4.199854692167141e-38
48.9444918305,2.3938935857,1.9361415671349717e-40
48.9493857211,2.3938935857,6.15433561509727e-43
48.9542796117,2.3938935857,1.3488587263295785e-45
48.9591735023,2.3938935857,2.0384167471528866e-48
48.9640673929,2.3938935857,2.1240303324210298e-51
48.9689612835,2.3938935857,1.526053196973874e-54
48.9738551741,2.3938935857,7.559966212410025e-58
48.9787490647,2.3938935857,2.5823271355363528e-61
48.7389484253,2.3987874763,1.521087152791311e-57
48.7438423159,2.3987874763,2.0287256563641477e-55
48.7487362065,2.3987874763,2.0214238184054713e-53
48.7536300971,2.3987874763,2.1853579968042036e-51
48.7585239877,2.3987874763,6.874542348864233e-48
48.7634178783,2.3987874763,3.6803076178601883e-44
48.7683117689,2.3987874763,1.1235165853142959e-40
48.7732056595,2.3987874763,2.0668195478336036e-37
48.7780995501,2.3987874763,2.594388845707353e-34
48.7829934407,2.3987874763,2.4218228846183433e-31
48.7878873313,2.3987874763,1.5613944257190583e-28
48.7927812219,2.3987874763,6.087316635887431e-26
48.7976751125,2.3987874763,1.3240574860305137e-23
48.8025690031,2.3987874763,1.5548803929235512e-21
48.8074628937,2.3987874763,9.746521004798262e-20
48.8123567843,2.3987874763,3.248850642995152e-18
48.8172506749,2.3987874763,5.751657258538194e-17
48.8221445655,2.3987874763,5.405730205598039e-16
48.8270384561,2.3987874763,2.6968053763966342e-15
48.8319323467,2.3987874763,7.140948651275955e-15
48.8368262373,2.3987874763,1.0036100563641226e-14
48.8417201279,2.3987874763,7.486413581399286e-15
48.8466140185,2.3987874763,2.964020329796412e-15
48.8515079091,2.3987874763,6.228545464796673e-16
48.8564017997,2.3987874763,6.946883579739442e-17
48.8612956903,2.3987874763,4.1123622294807596e-18
48.8661895809,2.3987874763,1.2921048875292146e-19
48.8710834715,2.3987874763,2.157762837728787e-21
48.8759773621,2.3987874763,2.1973176818073739e-23
48.8808712527,2.3987874763,1.9862064710706044e-24
48.8857651433,2.3987874763,8.54954620336127e-25
48.8906590339,2.3987874763,2.6559630340009783e-25
48.8955529245,2.3987874763,5.690556472727363e-26
48.9004468151,2.3987874763,8.40676973713424e-27
48.9053407057,2.3987874763,8.563371618842986e-28
48.9102345963,2.3987874763,6.01452941406018e-29
48.9151284869,2.3987874763,2.91272670739006e-30
48.9200223775,2.3987874763,9.726107058279806e-32
48.9249162681,2.3987874763,2.2393376206953736e-33
48.9298101587,2.3987874763,3.555014117865089e-35
48.9347040493,2.3987874763,3.8913859465570555e-37
48.9395979399,2.3987874763,2.9370308305453673e-39
48.9444918305,2.3987874763,1.528459471768726e-41
48.9493857211,2.3987874763,5.484544601726447e-44
48.9542796117,2.3987874763,1.356964357783042e-46
48.9591735023,2.3987874763,2.314928231746619e-49
48.9640673929,2.3987874763,2.723001277715728e-52
48.9689612835,2.3987874763,2.2085100593915723e-55
48.9738551741,2.3987874763,1.2350716166201627e-58
48.9787490647,2.3987874763,4.762402786367916e-62
48.7389484253,2.4036813669,1.6048969583813318e-60
48.7438423159,2.4036813669,2.084500887454937e-58
48.7487362065,2.4036813669,2.1178329431869977e-56
48.7536300971,2.4036813669,1.8505863395980887e-53
48.7585239877,2.4036813669,1.607391831608161e-49
48.7634178783,2.4036813669,8.585511101399296e-46
48.7683117689,2.4036813669,2.826719959167101e-42
48.7732056595,2.4036813669,6.64513677084639e-39
48.7780995501,2.4036813669,1.1996849098793731e-35
48.7829934407,2.4036813669,1.480059089225879e-32
48.7878873313,2.4036813669,1.0810807962910243e-29
48.7927812219,2.4036813669,4.3542632412599725e-27
48.7976751125,2.4036813669,9.423647653869521e-25
48.8025690031,2.4036813669,1.0866525986087895e-22
48.8074628937,2.4036813669,6.6586451228815774e-21
48.8123567843,2.4036813669,2.1664524215003413e-19
48.8172506749,2.4036813669,3.741682292688758e-18
48.8221445655,2.4036813669,3.43006032490762e-17
48.8270384561,2.4036813669,1.6689415570335918e-16
48.8319323467,2.4036813669,4.310033961880615e-16
48.8368262373,2.4036813669,5.907706682743724e-16
48.8417201279,2.4036813669,4.297889807684808e-16
48.8466140185,2.4036813669,1.659546960966352e-16
48.8515079091,2.4036813669,3.401117670478913e-17
48.8564017997,2.4036813669,3.6995728332595274e-18
48.8612956903,2.4036813669,2.135892169387472e-19
48.8661895809,2.4036813669,6.544947053652642e-21
48.8710834715,2.4036813669,1.0647637934143126e-22
48.8759773621,2.4036813669,9.516839544739253e-25
48.8808712527,2.4036813669,2.8428281224693844e-26
48.8857651433,2.4036813669,1.2331041824844701e-26
48.8906590339,2.4036813669,4.3219022886503495e-27
48.8955529245,2.4036813669,1.0453203164330156e-27
48.9004468151,2.4036813669,1.7432769251523153e-28
48.9053407057,2.4036813669,2.0045855651394498e-29
48.9102345963,2.4036813669,1.5893664405577245e-30
48.9151284869,2.4036813669,8.688898049506008e-32
48.9200223775,2.4036813669,3.275266077893304e-33
48.9249162681,2.4036813669,8.512746402966261e-35
48.9298101587,2.4036813669,1.5255766304239948e-36
48.9347040493,2.4036813669,1.8851225205328886e-38
48.9395979399,2.4036813669,1.6061509503943902e-40
48.9444918305,2.4036813669,9.435705101129768e-43
48.9493857211,2.4036813669,3.8221135239081686e-45
48.9542796117,2.4036813669,1.067515103415919e-47
48.9591735023,2.4036813669,2.055822889022024e-50
48.9640673929,2.4036813669,2.729848772808098e-53
48.9689612835,2.4036813669,2.4993823777614232e-56
48.9738551741,2.4036813669,1.5778584535736011e-59
48.9787490647,2.4036813669,6.868226381522107e-63
48.7389484253,2.4085752575,1.237959294943083e-63
48.7438423159,2.4085752575,1.572175870563501e-61
48.7487362065,2.4085752575,3.5041461590279207e-59
48.7536300971,2.4085752575,3.336237052724806e-55
48.7585239877,2.4085752575,3.11826863830861e-51
48.7634178783,2.4085752575,1.8532223457401207e-47
48.7683117689,2.4085752575,8.277314698334923e-44
48.7732056595,2.4085752575,2.9053122755407383e-40
48.7780995501,2.4085752575,6.833864148683162e-37
48.7829934407,2.4085752575,9.31849333901219e-34
48.7878873313,2.4085752575,6.935402517251903e-31
48.7927812219,2.4085752575,2.76345378349536e-28
48.7976751125,2.4085752575,5.859470116012643e-26
48.8025690031,2.4085752575,6.599225850578265e-24
48.8074628937,2.4085752575,3.9457094864438493e-22
48.8123567843,2.4085752575,1.252236185426253e-20
48.8172506749,2.4085752575,2.109382093822812e-19
48.8221445655,2.4085752575,1.8859291702313595e-18
48.8270384561,2.4085752575,8.949410245594672e-18
48.8319323467,2.4085752575,2.25404009410961e-17
48.8368262373,2.4085752575,3.013191870648468e-17
48.8417201279,2.4085752575,2.1379117774661634e-17
48.8466140185,2.4085752575,8.051014032215524e-18
48.8515079091,2.4085752575,1.6091968993703253e-18
48.8564017997,2.4085752575,1.7071260362803647e-19
48.8612956903,2.4085752575,9.61213321628357e-21
48.8661895809,2.4085752575,2.8725789385054464e-22
48.8710834715,2.4085752575,4.55663721597769e-24
48.8759773621,2.4085752575,3.864951216892723e-26
48.8808712527,2.4085752575,4.132348399484773e-28
48.8857651433,2.4085752575,1.3929048452545919e-28
48.8906590339,2.4085752575,5.49962836629018e-29
48.8955529245,2.4085752575,1.5015771879994758e-29
48.9004468151,2.4085752575,2.826879029620689e-30
48.9053407057,2.4085752575,3.669509523912077e-31
48.9102345963,2.4085752575,3.284354577125152e-32
48.9151284869,2.4085752575,2.0269044586806986e-33
48.9200223775,2.4085752575,8.624972951440052e-35
48.9249162681,2.4085752575,2.5305995612062303e-36
48.9298101587,2.4085752575,5.119532895747543e-38
48.9347040493,2.4085752575,7.1413196092872085e-40
48.9395979399,2.4085752575,6.868593675527934e-42
48.9444918305,2.4085752575,4.555105120159851e-44
48.9493857211,2.4085752575,2.0829085606681187e-46
48.9542796117,2.4085752575,6.567245156452631e-49
48.9591735023,2.4085752575,1.4277016970601144e-51
48.9640673929,2.4085752575,2.140094473493024e-54
48.9689612835,2.4085752575,2.2119211340001538e-57
48.9738551741,2.4085752575,1.5763314981421887e-60
48.9787490647,2.4085752575,7.745807365833881e-64
48.7389484253,2.4134691481,6.983235222957936e-67
48.7438423159,2.4134691481,9.738679343956108e-65
48.7487362065,2.4134691481,3.343951615331956e-61
48.7536300971,2.4134691481,5.387967431591129e-57
48.7585239877,2.4134691481,5.841746493794339e-53
48.7634178783,2.4134691481,5.0317751128249365e-49
48.7683117689,2.4134691481,3.4409807040046333e-45
48.7732056595,2.4134691481,1.5350346184012157e-41
48.7780995501,2.4134691481,3.894007102649061e-38
48.7829934407,2.4134691481,5.347303839733985e-35
48.7878873313,2.4134691481,3.920013339478728e-32
48.7927812219,2.4134691481,1.5279215906682153e-29
48.7976751125,2.4134691481,3.1624768207639643e-27
48.8025690031,2.4134691481,3.4746422525463135e-25
48.8074628937,2.4134691481,2.0263176992810573e-23
48.8123567843,2.4134691481,6.272026705817026e-22
48.8172506749,2.4134691481,1.0304042812527728e-20
48.8221445655,2.4134691481,8.984744165953479e-20
48.8270384561,2.4134691481,4.1581651758132626e-19
48.8319323467,2.4134691481,1.0213994212229617e-18
48.8368262373,2.4134691481,1.3316414038640782e-18
48.8417201279,2.4134691481,9.214606034148315e-19
48.8466140185,2.4134691481,3.3842625571283285e-19
48.8515079091,2.4134691481,6.597040035695028e-20
48.8564017997,2.4134691481,6.825460904853036e-21
48.8612956903,2.4134691481,3.7481126938754857e-22
48.8661895809,2.4134691481,1.0924237133929387e-23
48.8710834715,2.4134691481,1.6899393412221737e-25
48.8759773621,2.4134691481,1.3895351679081907e-27
48.8808712527,2.4134691481,7.935011652548466e-30
48.8857651433,2.4134691481,1.2382322301381499e-30
48.8906590339,2.4134691481,5.472707376496764e-31
48.8955529245,2.4134691481,1.6867454924019296e-31
48.9004468151,2.4134691481,3.58469062195288e-32
48.9053407057,2.4134691481,5.252850646075885e-33
48.9102345963,2.4134691481,5.307373463768173e-34
48.9151284869,2.4134691481,3.6974768841227204e-35
48.9200223775,2.4134691481,1.7761208369182518e-36
48.9249162681,2.4134691481,5.882755166980172e-38
48.9298101587,2.4134691481,1.3434770794508592e-39
48.9347040493,2.4134691481,2.1155386880496434e-41
48.9395979399,2.4134691481,2.296957212353615e-43
48.9444918305,2.4134691481,1.7195945557015176e-45
48.9493857211,2.4134691481,8.876473084976823e-48
48.9542796117,2.4134691481,3.1593376464639247e-50
48.9591735023,2.4134691481,7.753412095500103e-53
48.9640673929,2.4134691481,1.3119911791968151e-55
48.9689612835,2.4134691481,1.5307708583131205e-58
48.9738551741,2.4134691481,1.2314894039308711e-61
48.9787490647,2.4134691481,6.831127571140835e-65
48.7389484253,2.4183630387,2.9086073342293064e-70
48.7438423159,2.4183630387,1.8654093367087404e-67
48.7487362065,2.4183630387,4.436270307257584e-63
48.7536300971,2.4183630387,8.886291560700187e-59
48.7585239877,2.4183630387,1.4968741226582037e-54
48.7634178783,2.4183630387,1.9920004263947897e-50
48.7683117689,2.4183630387,1.6755655593028404e-46
48.7732056595,2.4183630387,7.882065879030028e-43
48.7780995501,2.4183630387,1.994842763354216e-39
48.7829934407,2.4183630387,2.689372609676331e-36
48.7878873313,2.4183630387,1.926587609952571e-33
48.7927812219,2.4183630387,7.327833681611815e-31
48.7976751125,2.4183630387,1.4794435041173353e-28
48.8025690031,2.4183630387,1.5853616164879597e-26
48.8074628937,2.4183630387,9.016929068135438e-25
48.8123567843,2.4183630387,2.721996194561539e-23
48.8172506749,2.4183630387,4.361284269722302e-22
48.8221445655,2.4183630387,3.708848895488927e-21
48.8270384561,2.4183630387,1.6740240760749574e-20
48.8319323467,2.4183630387,4.0103479941859333e-20
48.8368262373,2.4183630387,5.099178498132299e-20
48.8417201279,2.4183630387,3.4412495168506786e-20
48.8466140185,2.4183630387,1.232621972165611e-20
48.8515079091,2.4183630387,2.34337309515013e-21
48.8564017997,2.4183630387,2.3645623296701124e-22
48.8612956903,2.4183630387,1.2663620473116643e-23
48.8661895809,2.4183630387,3.5996709446466104e-25
48.8710834715,2.4183630387,5.4308282486975496e-27
48.8759773621,2.4183630387,4.349852018224741e-29
48.8808712527,2.4183630387,1.963575543994382e-31
48.8857651433,2.4183630387,8.855893243682112e-33
48.8906590339,2.4183630387,4.258948805785519e-33
48.8955529245,2.4183630387,1.4816823682242684e-33
48.9004468151,2.4183630387,3.554673759393855e-34
48.9053407057,2.4183630387,5.880113366719231e-35
48.9102345963,2.4183630387,6.70676166361337e-36
48.9151284869,2.4183630387,5.274499677260774e-37
48.9200223775,2.4183630387,2.8601636960606714e-38
48.9249162681,2.4183630387,1.069403823505265e-39
48.9298101587,2.4183630387,2.7569811583644095e-41
48.9347040493,2.4183630387,4.9008012081362975e-43
48.9395979399,2.4183630387,6.006778226565126e-45
48.9444918305,2.4183630387,5.076417494073802e-47
48.9493857211,2.4183630387,2.9581097929508384e-49
48.9542796117,2.4183630387,1.1885363514879864e-51
48.9591735023,2.4183630387,3.292697789431591e-54
48.9640673929,2.4183630387,6.289737169682365e-57
48.9689612835,2.4183630387,8.284271938607858e-60
48.9738551741,2.4183630387,7.523456566945553e-63
48.9787490647,2.4183630387,4.711093379796216e-66
48.7389484253,2.4232569293,1.2033483374749786e-73
48.7438423159,2.4232569293,1.7504303305401055e-69
48.7487362065,2.4232569293,6.551063787239177e-65
48.7536300971,2.4232569293,2.1829382737763155e-60
48.7585239877,2.4232569293,5.629112456345227e-56
48.7634178783,2.4232569293,8.878809587517528e-52
48.7683117689,2.4232569293,7.724050933781254e-48
48.7732056595,2.4232569293,3.5995676896221095e-44
48.7780995501,2.4232569293,8.922482799781055e-41
48.7829934407,2.4232569293,1.1746381370420134e-37
48.7878873313,2.4232569293,8.209767753327538e-35
48.7927812219,2.4232569293,3.0456993444916707e-32
48.7976751125,2.4232569293,5.997185193454061e-30
48.8025690031,2.4232569293,6.267683248258962e-28
48.8074628937,2.4232569293,3.476680347159838e-26
48.8123567843,2.4232569293,1.0235766659191706e-24
48.8172506749,2.4232569293,1.5994615815285107e-23
48.8221445655,2.4232569293,1.326554357295177e-22
48.8270384561,2.4232569293,5.839478763394639e-22
48.8319323467,2.4232569293,1.364334652378202e-21
48.8368262373,2.4232569293,1.6918643106292185e-21
48.8417201279,2.4232569293,1.1135454337931696e-21
48.8466140185,2.4232569293,3.889986967248015e-22
48.8515079091,2.4232569293,7.212505276840342e-23
48.8564017997,2.4232569293,7.097770197437987e-24
48.8612956903,2.4232569293,3.7072811007238716e-25
48.8661895809,2.4232569293,1.0277485987531794e-26
48.8710834715,2.4232569293,1.512224037908979e-28
48.8759773621,2.4232569293,1.1810272582265711e-30
48.8808712527,2.4232569293,4.95023166207275e-33
48.8857651433,2.4232569293,5.62590818000624e-35
48.8906590339,2.4232569293,2.5925595662172917e-35
48.8955529245,2.4232569293,1.017804709137368e-35
48.9004468151,2.4232569293,2.7564583202741115e-36
48.9053407057,2.4232569293,5.147305662382306e-37
48.9102345963,2.4232569293,6.627499608137553e-38
48.9151284869,2.4232569293,5.883837713540404e-39
48.9200223775,2.4232569293,3.6017443486844828e-40
48.9249162681,2.4232569293,1.5202195179416075e-41
48.9298101587,2.4232569293,4.42426312217077e-43
48.9347040493,2.4232569293,8.87803420893372e-45
48.9395979399,2.4232569293,1.2283832998335055e-46
48.9444918305,2.4232569293,1.1719044832793278e-48
48.9493857211,2.4232569293,7.708888263673832e-51
48.9542796117,2.4232569293,3.4964917580925505e-53
48.9591735023,2.4232569293,1.0934891792326215e-55
48.9640673929,2.4232569293,2.3579668413186935e-58
48.9689612835,2.4232569293,3.50592095554524e-61
48.9738551741,2.4232569293,3.594245766305952e-64
48.9787490647,2.4232569293,2.5407073404512674e-67
48.7389484253,2.4281508199,3.4575629481278885e-76
48.7438423159,2.4281508199,2.3514586596240178e-71
48.7487362065,2.4281508199,1.561598520104281e-66
48.7536300971,2.4281508199,7.751971521645088e-62
48.7585239877,2.4281508199,2.281739015165375e-57
48.7634178783,2.4281508199,3.6632930169094462e-53
48.7683117689,2.4281508199,3.1411076724273672e-49
48.7732056595,2.4281508199,1.431351041160994e-45
48.7780995501,2.4281508199,3.4628568688757726e-42
48.7829934407,2.4281508199,4.447235606296185e-39
48.7878873313,2.4281508199,3.0316196517826975e-36
48.7927812219,2.4281508199,1.096893192092123e-33
48.7976751125,2.4281508199,2.106458194853336e-31
48.8025690031,2.4281508199,2.1470359646874656e-29
48.8074628937,2.4281508199,1.1615118086359078e-27
48.8123567843,2.4281508199,3.3350760684061215e-26
48.8172506749,2.4281508199,5.082596751909541e-25
48.8221445655,2.4281508199,4.111150340944547e-24
48.8270384561,2.4281508199,1.7649762103779763e-23
48.8319323467,2.4281508199,4.0217229182891736e-23
48.8368262373,2.4281508199,4.863884223345769e-23
48.8417201279,2.4281508199,3.122138064463848e-23
48.8466140185,2.4281508199,1.0636990521505547e-23
48.8515079091,2.4281508199,1.9234603269979366e-24
48.8564017997,2.4281508199,1.846058615639932e-25
48.8612956903,2.4281508199,9.403846526737884e-27
48.8661895809,2.4281508199,2.54251410913525e-28
48.8710834715,2.4281508199,3.648539163686756e-30
48.8759773621,2.4281508199,2.778912056744992e-32
48.8808712527,2.4281508199,1.125428181903629e-34
48.8857651433,2.4281508199,4.327832318555141e-37
48.8906590339,2.4281508199,1.2358161238515263e-37
48.8955529245,2.4281508199,5.467366126145509e-38
48.9004468151,2.4281508199,1.671501326072272e-38
48.9053407057,2.4281508199,3.523528845570654e-39
48.9102345963,2.4281508199,5.121417265430794e-40
48.9151284869,2.4281508199,5.132674391018605e-41
48.9200223775,2.4281508199,3.546814620030147e-42
48.9249162681,2.4281508199,1.689952463888806e-43
48.9298101587,2.4281508199,5.552028799744494e-45
48.9347040493,2.4281508199,1.2576800000754303e-46
48.9395979399,2.4281508199,1.964399532422636e-48
48.9444918305,2.4281508199,2.1155861361637253e-50
48.9493857211,2.4281508199,1.5709878473364634e-52
48.9542796117,2.4281508199,8.043705498280195e-55
48.9591735023,2.4281508199,2.839754003270513e-57
48.9640673929,2.4281508199,6.912680782638125e-60
48.9689612835,2.4281508199,1.1602551558451865e-62
48.9738551741,2.4281508199,1.3427703241601686e-65
48.9787490647,2.4281508199,1.0714975566900663e-68
48.7389484253,2.4330447105,4.130238278961825e-78
48.7438423159,2.4330447105,5.477417991679855e-73
48.7487362065,2.4330447105,5.193783419994982e-68
48.7536300971,2.4330447105,2.8412552572674955e-63
48.7585239877,2.4330447105,8.406350144634135e-59
48.7634178783,2.4330447105,1.3255068522303132e-54
48.7683117689,2.4330447105,1.1102100481949637e-50
48.7732056595,2.4330447105,4.935910317958825e-47
48.7780995501,2.4330447105,1.1648009802229594e-43
48.7829934407,2.4330447105,1.4590196739976957e-40
48.7878873313,2.4330447105,9.700157170949393e-38
48.7927812219,2.4330447105,3.4229138863845905e-35
48.7976751125,2.4330447105,6.410784079593136e-33
48.8025690031,2.4330447105,6.372709776149641e-31
48.8074628937,2.4330447105,3.362288138382736e-29
48.8123567843,2.4330447105,9.41550266124356e-28
48.8172506749,2.4330447105,1.3994258293384288e-26
48.8221445655,2.4330447105,1.103961818670576e-25
48.8270384561,2.4330447105,4.622277487557855e-25
48.8319323467,2.4330447105,1.0272017887231124e-24
48.8368262373,2.4330447105,1.211583395798429e-24
48.8417201279,2.4330447105,7.584878904337863e-25
48.8466140185,2.4330447105,2.520239318655307e-25
48.8515079091,2.4330447105,4.444600254119753e-26
48.8564017997,2.4330447105,4.160269102765835e-27
48.8612956903,2.4330447105,2.0668451152734176e-28
48.8661895809,2.4330447105,5.449946447992259e-30
48.8710834715,2.4330447105,7.627361504778712e-32
48.8759773621,2.4330447105,5.665712310243933e-34
48.8808712527,2.4330447105,2.234336651330699e-36
48.8857651433,2.4330447105,5.30628065219091e-39
48.8906590339,2.4330447105,4.6403204998971625e-40
48.8955529245,2.4330447105,2.2966718965119137e-40
48.9004468151,2.4330447105,7.926211137245382e-41
48.9053407057,2.4330447105,1.8861634147059134e-41
48.9102345963,2.4330447105,3.094811662368892e-42
48.9151284869,2.4330447105,3.5013083193735415e-43
48.9200223775,2.4330447105,2.7312893388492617e-44
48.9249162681,2.4330447105,1.4690828411786067e-45
48.9298101587,2.4330447105,5.448363638121791e-47
48.9347040493,2.4330447105,1.393243765409066e-48
48.9395979399,2.4330447105,2.456571186885904e-50
48.9444918305,2.4330447105,2.9865708504137244e-52
48.9493857211,2.4330447105,2.50355716971764e-54
48.9542796117,2.4330447105,1.4470496321744613e-56
48.9591735023,2.4330447105,5.767008136347177e-59
48.9640673929,2.4330447105,1.5847432986665933e-61
48.9689612835,2.4330447105,3.0026762348071218e-64
48.9738551741,2.4330447105,3.922828413630854e-67
48.9787490647,2.4330447105,3.5337135418886996e-70
48.7389484253,2.4379386011,9.40773448235138e-80
48.7438423159,2.4379386011,1.6904657780493667e-74
48.7487362065,2.4379386011,1.7131168204881629e-69
48.7536300971,2.4379386011,9.331468030715784e-65
48.7585239877,2.4379386011,2.704836756095538e-60
48.7634178783,2.4379386011,4.163504756350088e-56
48.7683117689,2.4379386011,3.4016610990282266e-52
48.7732056595,2.4379386011,1.4750704271566845e-48
48.7780995501,2.4379386011,3.395052689186456e-45
48.7829934407,2.4379386011,4.147541986930631e-42
48.7878873313,2.4379386011,2.6892823351719056e-39
48.7927812219,2.4379386011,9.255081352180126e-37
48.7976751125,2.4379386011,1.6905261968318242e-34
48.8025690031,2.4379386011,1.6389336221565026e-32
48.8074628937,2.4379386011,8.433320731851205e-31
48.8123567843,2.4379386011,2.303210666240708e-29
48.8172506749,2.4379386011,3.338616238740238e-28
48.8221445655,2.4379386011,2.5686038693208415e-27
48.8270384561,2.4379386011,1.0488794004729459e-26
48.8319323467,2.4379386011,2.273273935687089e-26
48.8368262373,2.4379386011,2.6150246176234307e-26
48.8417201279,2.4379386011,1.596605361836289e-26
48.8466140185,2.4379386011,5.1738898424091246e-27
48.8515079091,2.4379386011,8.898863907578734e-28
48.8564017997,2.4379386011,8.123622707959016e-29
48.8612956903,2.4379386011,3.936069130236181e-30
48.8661895809,2.4379386011,1.0122166638243848e-31
48.8710834715,2.4379386011,1.3815990970376933e-33
48.8759773621,2.4379386011,1.000894783421818e-35
48.8808712527,2.4379386011,3.8486463413745604e-38
48.8857651433,2.4379386011,8.016996744158296e-41
48.8906590339,2.4379386011,1.4202518695075067e-42
48.8955529245,2.4379386011,7.544687678902611e-43
48.9004468151,2.4379386011,2.9391934701906565e-43
48.9053407057,2.4379386011,7.895586853398205e-44
48.9102345963,2.4379386011,1.462452944680909e-44
48.9151284869,2.4379386011,1.8677580213911e-45
48.9200223775,2.4379386011,1.6447524503122823e-46
48.9249162681,2.4379386011,9.986692938377852e-48
48.9298101587,2.4379386011,4.1810376119480456e-49
48.9347040493,2.4379386011,1.206945541912064e-50
48.9395979399,2.4379386011,2.402329079436179e-52
48.9444918305,2.4379386011,3.2969969440912654e-54
48.9493857211,2.4379386011,3.1199369228580266e-56
48.9542796117,2.4379386011,2.0357024806051043e-58
48.9591735023,2.4379386011,9.158493063211486e-61
48.9640673929,2.4379386011,2.8410243673154284e-63
48.9689612835,2.4379386011,6.076690529631239e-66
48.9738551741,2.4379386011,8.96190844888071e-69
48.9787490647,2.4379386011,9.11328830205346e-72
48.7389484253,2.4428324917,2.669527011368259e-81
48.7438423159,2.4428324917,4.998981447767014e-76
48.7487362065,2.4428324917,5.009766509081881e-71
48.7536300971,2.4428324917,2.6689896021992993e-66
48.7585239877,2.4428324917,7.549484322437655e-62
48.7634178783,2.4428324917,1.1334502912177506e-57
48.7683117689,2.4428324917,9.031681781413649e-54
48.7732056595,2.4428324917,3.8197114633819295e-50
48.7780995501,2.4428324917,8.574338744385236e-47
48.7829934407,2.4428324917,1.021584164352084e-43
48.7878873313,2.4428324917,6.460209305195408e-41
48.7927812219,2.4428324917,2.1682877775490065e-38
48.7976751125,2.4428324917,3.8626472807870625e-36
48.8025690031,2.4428324917,3.652169922879805e-34
48.8074628937,2.4428324917,1.8327983773111288e-32
48.8123567843,2.4428324917,4.881757481297557e-31
48.8172506749,2.4428324917,6.901373024674109e-30
48.8221445655,2.4428324917,5.178364255137014e-29
48.8270384561,2.4428324917,2.062279302377615e-28
48.8319323467,2.4428324917,4.359133430089426e-28
48.8368262373,2.4428324917,4.890470403465134e-28
48.8417201279,2.4428324917,2.912050485205239e-28
48.8466140185,2.4428324917,9.203329214889452e-29
48.8515079091,2.4428324917,1.5437920776924567e-29
48.8564017997,2.4428324917,1.3744547640895091e-30
48.8612956903,2.4428324917,6.494861385135191e-32
48.8661895809,2.4428324917,1.6289476036314245e-33
48.8710834715,2.4428324917,2.1684136687967205e-35
48.8759773621,2.4428324917,1.5320571062533183e-37
48.8808712527,2.4428324917,5.74522983392353e-40
48.8857651433,2.4428324917,1.1467784897803169e-42
48.8906590339,2.4428324917,4.246208493406369e-45
48.8955529245,2.4428324917,1.9386009747561078e-45
48.9004468151,2.4428324917,8.523037283971658e-46
48.9053407057,2.4428324917,2.5845987312171615e-46
48.9102345963,2.4428324917,5.404222120869706e-47
48.9151284869,2.4428324917,7.791381642637017e-48
48.9200223775,2.4428324917,7.745277593171444e-49
48.9249162681,2.4428324917,5.308853248122243e-50
48.9298101587,2.4428324917,2.5090289709297123e-51
48.9347040493,2.4428324917,8.176206555662122e-53
48.9395979399,2.4428324917,1.8371273212902165e-54
48.9444918305,2.4428324917,2.846216160751921e-56
48.9493857211,2.4428324917,3.040449030852575e-58
48.9542796117,2.4428324917,2.2394882982471222e-60
48.9591735023,2.4428324917,1.137368223481452e-62
48.9640673929,2.4428324917,3.98285601431232e-65
48.9689612835,2.4428324917,9.61677256346069e-68
48.9738551741,2.4428324917,1.601051518201613e-70
48.9787490647,2.4428324917,1.837902596417649e-73
48.7389484253,2.4477263823,7.05743272344712e-83
48.7438423159,2.4477263823,1.3006367522431857e-77
48.7487362065,2.4477263823,1.2734467165485712e-72
48.7536300971,2.4477263823,6.618907648356899e-68
48.7585239877,2.4477263823,1.8260254854860123e-63
48.7634178783,2.4477263823,2.6737200154664658e-59
48.7683117689,2.4477263823,2.0778382451068043e-55
48.7732056595,2.4477263823,8.570546255141134e-52
48.7780995501,2.4477263823,1.8763305042856137e-48
48.7829934407,2.4477263823,2.1802696275300813e-45
48.7878873313,2.4477263823,1.3446497956859023e-42
48.7927812219,2.4477263823,4.401553557236121e-40
48.7976751125,2.4477263823,7.647167177041344e-38
48.8025690031,2.4477263823,7.051686089497767e-36
48.8074628937,2.4477263823,3.451303488828087e-34
48.8123567843,2.4477263823,8.965429967658465e-33
48.8172506749,2.4477263823,1.2361093377448834e-31
48.8221445655,2.4477263823,9.045663846817613e-31
48.8270384561,2.4477263823,3.5133530599463024e-30
48.8319323467,2.4477263823,7.242707350091508e-30
48.8368262373,2.4477263823,7.924609538401518e-30
48.8417201279,2.4477263823,4.602063438092441e-30
48.8466140185,2.4477263823,1.4184862221970185e-30
48.8515079091,2.4477263823,2.3205740711781225e-31
48.8564017997,2.4477263823,2.0149466028135312e-32
48.8612956903,2.4477263823,9.286016275289904e-34
48.8661895809,2.4477263823,2.2713974407076263e-35
48.8710834715,2.4477263823,2.9488631364085745e-37
48.8759773621,2.4477263823,2.031954101479757e-39
48.8808712527,2.4477263823,7.431408978642559e-42
48.8857651433,2.4477263823,1.4430509378270092e-44
48.8906590339,2.4477263823,2.0268400639172163e-47
48.8955529245,2.4477263823,3.9009426088749754e-48
48.9004468151,2.4477263823,1.93270051365672e-48
48.9053407057,2.4477263823,6.616151654345458e-49
48.9102345963,2.4477263823,1.5616657778751977e-49
48.9151284869,2.4477263823,2.5416278363262555e-50
48.9200223775,2.4477263823,2.85218076164259e-51
48.9249162681,2.4477263823,2.206903568623969e-52
48.9298101587,2.4477263823,1.1774185956259614e-53
48.9347040493,2.4477263823,4.331313779926901e-55
48.9395979399,2.4477263823,1.0986253771020073e-56
48.9444918305,2.4477263823,1.9214134606573258e-58
48.9493857211,2.4477263823,2.3170385212136972e-60
48.9542796117,2.4477263823,1.92657935523711e-62
48.9591735023,2.4477263823,1.1045408267402222e-64
48.9640673929,2.4477263823,4.366343182433976e-67
48.9689612835,2.4477263823,1.1901321404655586e-69
48.9738551741,2.4477263823,2.236730827887705e-72
48.9787490647,2.4477263823,2.898501210204815e-75
48.7389484253,2.4526202729,1.6328031139027282e-84
48.7438423159,2.4526202729,2.9378362663487413e-79
48.7487362065,2.4526202729,2.8058502159935275e-74
48.7536300971,2.4526202729,1.4223656189676572e-69
48.7585239877,2.4526202729,3.826973715194962e-65
48.7634178783,2.4526202729,5.464970951808088e-61
48.7683117689,2.4526202729,4.1420380135423224e-57
48.7732056595,2.4526202729,1.666257491950484e-53
48.7780995501,2.4526202729,3.557714746012064e-50
48.7829934407,2.4526202729,4.031797515688417e-47
48.7878873313,2.4526202729,2.425069447306129e-44
48.7927812219,2.4526202729,7.741897986696037e-42
48.7976751125,2.4526202729,1.3118026428558353e-39
48.8025690031,2.4526202729,1.1797428429728404e-37
48.8074628937,2.4526202729,5.6312394389268874e-36
48.8123567843,2.4526202729,1.4266532465072728e-34
48.8172506749,2.4526202729,1.9183624143572008e-33
48.8221445655,2.4526202729,1.3691173607698129e-32
48.8270384561,2.4526202729,5.186190803556263e-32
48.8319323467,2.4526202729,1.0426873308172809e-31
48.8368262373,2.4526202729,1.1126472408895064e-31
48.8417201279,2.4526202729,6.301713965054454e-32
48.8466140185,2.4526202729,1.8943388700610013e-32
48.8515079091,2.4526202729,3.022417445776974e-33
48.8564017997,2.4526202729,2.559463949371784e-34
48.8612956903,2.4526202729,1.1503801489700477e-35
48.8661895809,2.4526202729,2.744299671819324e-37
48.8710834715,2.4526202729,3.4747173369457923e-39
48.8759773621,2.4526202729,2.3350985886777e-41
48.8808712527,2.4526202729,8.328921591505862e-44
48.8857651433,2.4526202729,1.576840102514877e-46
48.8906590339,2.4526202729,1.6595733055793683e-49
48.8955529245,2.4526202729,6.199468080245945e-51
48.9004468151,2.4526202729,3.4272076792588553e-51
48.9053407057,2.4526202729,1.3244067634577602e-51
48.9102345963,2.4526202729,3.528958968879768e-52
48.9151284869,2.4526202729,6.483552798480101e-53
48.9200223775,2.4526202729,8.213357331854704e-54
48.9249162681,2.4526202729,7.174136019399102e-55
48.9298101587,2.4526202729,4.320755765911055e-56
48.9347040493,2.4526202729,1.794283455755305e-57
48.9395979399,2.4526202729,5.1376392980167605e-59
48.9444918305,2.4526202729,1.0143256092626175e-60
48.9493857211,2.4526202729,1.3808051358937993e-62
48.9542796117,2.4526202729,1.2960704825023824e-64
48.9591735023,2.4526202729,8.388147697260211e-67
48.9640673929,2.4526202729,3.743214726217751e-69
48.9689612835,2.4526202729,1.1517670116905422e-71
48.9738551741,2.4526202729,2.4435754498684724e-74
48.9787490647,2.4526202729,3.574605290375108e-77
48.7389484253,2.4575141635,3.277017521344706e-86
48.7438423159,2.4575141635,5.75104253632192e-81
48.7487362065,2.4575141635,5.3569619478602434e-76
48.7536300971,2.4575141635,2.6484467043959344e-71
48.7585239877,2.4575141635,6.949571159758302e-67
48.7634178783,2.4575141635,9.678685505098819e-63
48.7683117689,2.4575141635,7.1543884642835405e-59
48.7732056595,2.4575141635,2.806916015776441e-55
48.7780995501,2.4575141635,5.845013247632136e-52
48.7829934407,2.4575141635,6.460105657535426e-49
48.7878873313,2.4575141635,3.789584149432953e-46
48.7927812219,2.4575141635,1.1798893546696216e-43
48.7976751125,2.4575141635,1.9497943298949586e-41
48.8025690031,2.4575141635,1.710149650969931e-39
48.8074628937,2.4575141635,7.961175939037731e-38
48.8123567843,2.4575141635,1.9670623235857553e-36
48.8172506749,2.4575141635,2.579626390080282e-35
48.8221445655,2.4575141635,1.7955326012271503e-34
48.8270384561,2.4575141635,6.6332684155107524e-34
48.8319323467,2.4575141635,1.3006475899080015e-33
48.8368262373,2.4575141635,1.353597371514636e-33
48.8417201279,2.4575141635,7.476823985269327e-34
48.8466140185,2.4575141635,2.1920103684864906e-34
48.8515079091,2.4575141635,3.410875314829847e-35
48.8564017997,2.4575141635,2.8170001919114058e-36
48.8612956903,2.4575141635,1.234825819785928e-37
48.8661895809,2.4575141635,2.8729119767045962e-39
48.8710834715,2.4575141635,3.54761702564347e-41
48.8759773621,2.4575141635,2.3251390702391744e-43
48.8808712527,2.4575141635,8.088331297132429e-46
48.8857651433,2.4575141635,1.4933737307159966e-48
48.8906590339,2.4575141635,1.4716174146896245e-51
48.8955529245,2.4575141635,8.272699977983361e-54
48.9004468151,2.4575141635,4.752625190950339e-54
48.9053407057,2.4575141635,2.0731987853085817e-54
48.9102345963,2.4575141635,6.23603777652799e-55
48.9151284869,2.4575141635,1.2933550358123324e-55
48.9200223775,2.4575141635,1.849558202093002e-56
48.9249162681,2.4575141635,1.82372549357062e-57
48.9298101587,2.4575141635,1.2399156989198633e-58
48.9347040493,2.4575141635,5.81254156252962e-60
48.9395979399,2.4575141635,1.8788028348042898e-61
48.9444918305,2.4575141635,4.1873336302287837e-63
48.9493857211,2.4575141635,6.434801381471184e-65
48.9542796117,2.4575141635,6.818266160512454e-67
48.9591735023,2.4575141635,4.981429376329322e-69
48.9640673929,2.4575141635,2.5094308194000587e-71
48.9689612835,2.4575141635,8.716411003012556e-74
48.9738551741,2.4575141635,2.0875716769137805e-76
48.9787490647,2.4575141635,3.44735743102511e-79
48.7389484253,2.4624080541,5.699393453895025e-88
48.7438423159,2.4624080541,9.75500494005441e-83
48.7487362065,2.4624080541,8.861891239299208e-78
48.7536300971,2.4624080541,4.2729074088396824e-73
48.7585239877,2.4624080541,1.093488965622591e-68
48.7634178783,2.4624080541,1.4852523266083738e-64
48.7683117689,2.4624080541,1.0707427972874824e-60
48.7732056595,2.4624080541,4.09703408696844e-57
48.7780995501,2.4624080541,8.320555389532827e-54
48.7829934407,2.4624080541,8.968770622439238e-51
48.7878873313,2.4624080541,5.131109880518322e-48
48.7927812219,2.4624080541,1.5580719383294976e-45
48.7976751125,2.4624080541,2.511085436342579e-43
48.8025690031,2.4624080541,2.1479949966787157e-41
48.8074628937,2.4624080541,9.75220527686483e-40
48.8123567843,2.4624080541,2.3500126271780716e-38
48.8172506749,2.4624080541,3.0056288456471598e-37
48.8221445655,2.4624080541,2.040320048473171e-36
48.8270384561,2.4624080541,7.351213509857181e-36
48.8319323467,2.4624080541,1.4057806753682347e-35
48.8368262373,2.4624080541,1.4268354600230065e-35
48.8417201279,2.4624080541,7.686489029638606e-36
48.8466140185,2.4624080541,2.197758265574461e-36
48.8515079091,2.4624080541,3.3352594638114465e-37
48.8564017997,2.4624080541,2.686439849171987e-38
48.8612956903,2.4624080541,1.1484772834404494e-39
48.8661895809,2.4624080541,2.6059464707849147e-41
48.8710834715,2.4624080541,3.1383860477470107e-43
48.8759773621,2.4624080541,2.0060651391345572e-45
48.8808712527,2.4624080541,6.80583616596726e-48
48.8857651433,2.4624080541,1.2255073108340678e-50
48.8906590339,2.4624080541,1.1719416941128596e-53
48.8955529245,2.4624080541,1.3156756990364e-56
48.9004468151,2.4624080541,5.155012587503333e-57
48.9053407057,2.4624080541,2.5378394371763812e-57
48.9102345963,2.4624080541,8.617364810698693e-58
48.9151284869,2.4624080541,2.017558229603286e-58
48.9200223775,2.4624080541,3.257008559086258e-59
48.9249162681,2.4624080541,3.625375075583218e-60
48.9298101587,2.4624080541,2.7824554038165632e-61
48.9347040493,2.4624080541,1.4724640587594666e-62
48.9395979399,2.4624080541,5.37282155030866e-64
48.9444918305,2.4624080541,1.3517654834065924e-65
48.9493857211,2.4624080541,2.34499279149964e-67
48.9542796117,2.4624080541,2.804935597871053e-69
48.9591735023,2.4624080541,2.3133721302145424e-71
48.9640673929,2.4624080541,1.3155559620747893e-73
48.9689612835,2.4624080541,5.1583924241306984e-76
48.9738551741,2.4624080541,1.3946352939486406e-78
48.9787490647,2.4624080541,2.59984914081767e-81
48.7389484253,2.4673019447,8.588865403358235e-90
48.7438423159,2.4673019447,1.4337108965669414e-84
48.7487362065,2.4673019447,1.2702418980065685e-79
48.7536300971,2.4673019447,5.973214996398013e-75
48.7585239877,2.4673019447,1.4908182764355156e-70
48.7634178783,2.4673019447,1.9748690978307712e-66
48.7683117689,2.4673019447,1.3885163173554833e-62
48.7732056595,2.4673019447,5.181580776699044e-59
48.7780995501,2.4673019447,1.0262933865958448e-55
48.7829934407,2.4673019447,1.0788935533199872e-52
48.7878873313,2.4673019447,6.019819360018036e-50
48.7927812219,2.4673019447,1.7827322183302342e-47
48.7976751125,2.4673019447,2.8021189037648056e-45
48.8025690031,2.4673019447,2.3376785901812036e-43
48.8074628937,2.4673019447,1.0350964792350508e-41
48.8123567843,2.4673019447,2.4326221459270092e-40
48.8172506749,2.4673019447,3.034354192809153e-39
48.8221445655,2.4673019447,2.008887810981362e-38
48.8270384561,2.4673019447,7.058995198365035e-38
48.8319323467,2.4673019447,1.316521275852002e-37
48.8368262373,2.4673019447,1.3031987963368563e-37
48.8417201279,2.4673019447,6.846856898381774e-38
48.8466140185,2.4673019447,1.9092800059609717e-38
48.8515079091,2.4673019447,2.8258284348883675e-39
48.8564017997,2.4673019447,2.219830171051936e-40
48.8612956903,2.4673019447,9.255321333066097e-42
48.8661895809,2.4673019447,2.048146632891272e-43
48.8710834715,2.4673019447,2.4056275172003603e-45
48.8759773621,2.4673019447,1.4996624336776695e-47
48.8808712527,2.4673019447,4.9619962876879e-50
48.8857651433,2.4673019447,8.713992137324933e-53
48.8906590339,2.4673019447,8.122700535718815e-56
48.8955529245,2.4673019447,4.560215457623396e-59
48.9004468151,2.4673019447,4.380527784075879e-60
48.9053407057,2.4673019447,2.4293558924820346e-60
48.9102345963,2.4673019447,9.31201857236729e-61
48.9151284869,2.4673019447,2.4611495861314237e-61
48.9200223775,2.4673019447,4.485113217639947e-62
48.9249162681,2.4673019447,5.635728114953456e-63
48.9298101587,2.4673019447,4.882788116511134e-64
48.9347040493,2.4673019447,2.9169363163115218e-65
48.9395979399,2.4673019447,1.2015095830925673e-66
48.9444918305,2.4673019447,3.412469303486023e-68
48.9493857211,2.4673019447,6.682692698441503e-70
48.9542796117,2.4673019447,9.023508896416412e-72
48.9591735023,2.4673019447,8.401186656278764e-74
48.9640673929,2.4673019447,5.393206383003894e-76
48.9689612835,2.4673019447,2.387232226942295e-78
48.9738551741,2.4673019447,7.285905271279997e-81
48.9787490647,2.4673019447,1.5332521947368026e-83
