LATITUDE,LONGITUDE,probability
48.7389484253,2.2275013053,3.527743825004069e-18
48.7438423159,2.2275013053,1.4995097460685282e-17
48.7487362065,2.2275013053,6.015025916203644e-17
48.7536300971,2.2275013053,2.2769928691895973e-16
48.7585239877,2.2275013053,8.134330161004195e-16
48.7634178783,2.2275013053,2.7423184067981933e-15
48.7683117689,2.2275013053,8.724688279736926e-15
48.7732056595,2.2275013053,2.6194970717788013e-14
48.7780995501,2.2275013053,7.422015773840004e-14
48.7829934407,2.2275013053,1.9845488167091386e-13
48.7878873313,2.2275013053,5.007692549562652e-13
48.7927812219,2.2275013053,1.1924755569797939e-12
48.7976751125,2.2275013053,2.6797684635812914e-12
48.8025690031,2.2275013053,5.68304396225536e-12
48.8074628937,2.2275013053,1.1373672452637739e-11
48.8123567843,2.2275013053,2.148109302822875e-11
48.8172506749,2.2275013053,3.8286705036709825e-11
48.8221445655,2.2275013053,6.439847255833672e-11
48.8270384561,2.2275013053,1.0222075831179461e-10
48.8319323467,2.2275013053,1.5312235073019486e-10
48.8368262373,2.2275013053,2.1645819604893268e-10
48.8417201279,2.2275013053,2.8876558928280207e-10
48.8466140185,2.2275013053,3.6354050130492056e-10
48.8515079091,2.2275013053,4.3191285215149485e-10
48.8564017997,2.2275013053,4.842565791116676e-10
48.8612956903,2.2275013053,5.12381217621543e-10
48.8661895809,2.2275013053,5.116660524627353e-10
48.8710834715,2.2275013053,4.828625413712731e-10
48.8759773621,2.2275013053,4.381784501696481e-10
48.8808712527,2.2275013053,4.575891522354224e-10
48.8857651433,2.2275013053,1.132938290704235e-09
48.8906590339,2.2275013053,6.387536341434181e-09
48.8955529245,2.2275013053,3.7913471359528334e-08
48.9004468151,2.2275013053,1.940959095048036e-07
48.9053407057,2.2275013053,8.371634105969645e-07
48.9102345963,2.2275013053,3.0341020458409263e-06
48.9151284869,2.2275013053,9.237090919123072e-06
48.9200223775,2.2275013053,2.3621420936648086e-05
48.9249162681,2.2275013053,5.0738734959840947e-05
48.9298101587,2.2275013053,9.154519745414848e-05
48.9347040493,2.2275013053,0.0001387374527735739
48.9395979399,2.2275013053,0.0001766095027234575
48.9444918305,2.2275013053,0.0001888411404464923
48.9493857211,2.2275013053,0.00016960605628347657
48.9542796117,2.2275013053,0.00012795235735188015
48.9591735023,2.2275013053,8.108068728411051e-05
48.9640673929,2.2275013053,4.315675132352032e-05
48.9689612835,2.2275013053,1.929488805049408e-05
48.9738551741,2.2275013053,7.245994084063534e-06
48.9787490647,2.2275013053,2.2856823841988232e-06
48.7389484253,2.2323951959,2.3054653275212672e-17
48.7438423159,2.2323951959,9.604959644054233e-17
48.7487362065,2.2323951959,3.7763170674720007e-16
48.7536300971,2.2323951959,1.4011263995672157e-15
48.7585239877,2.2323951959,4.905938934687939e-15
48.7634178783,2.2323951959,1.6210742896894504e-14
48.7683117689,2.2323951959,5.0549824866266515e-14
48.7732056595,2.2323951959,1.487552664721121e-13
48.7780995501,2.2323951959,4.131055244705389e-13
48.7829934407,2.2323951959,1.0826438495660892e-12
48.7878873313,2.2323951959,2.6776029685399693e-12
48.7927812219,2.2323951959,6.249463073059412e-12
48.7976751125,2.2323951959,1.3764967465520517e-11
48.8025690031,2.2323951959,2.8611697834932167e-11
48.8074628937,2.2323951959,5.6123924028704026e-11
48.8123567843,2.2323951959,1.0389350160984992e-10
48.8172506749,2.2323951959,1.8149501344336457e-10
48.8221445655,2.2323951959,2.992105954238711e-10
48.8270384561,2.2323951959,4.6550590777872926e-10
48.8319323467,2.2323951959,6.834541473932603e-10
48.8368262373,2.2323951959,9.469554047722492e-10
48.8417201279,2.2323951959,1.2381852573614374e-09
48.8466140185,2.2323951959,1.527839347342938e-09
48.8515079091,2.2323951959,1.7791221349418447e-09
48.8564017997,2.2323951959,1.955108065804029e-09
48.8612956903,2.2323951959,2.0276248339553625e-09
48.8661895809,2.2323951959,1.9855006828043316e-09
48.8710834715,2.2323951959,1.8472591597141198e-09
48.8759773621,2.2323951959,1.7457567682520773e-09
48.8808712527,2.2323951959,2.5802601779092538e-09
48.8857651433,2.2323951959,1.0094470180351364e-08
48.8906590339,2.2323951959,5.5364709293497396e-08
48.8955529245,2.2323951959,2.7663614948403923e-07
48.9004468151,2.2323951959,1.17286627656638e-06
48.9053407057,2.2323951959,4.1824785806959265e-06
48.9102345963,2.2323951959,1.2530459805181008e-05
48.9151284869,2.2323951959,3.1533819461717305e-05
48.9200223775,2.2323951959,6.665779129038881e-05
48.9249162681,2.2323951959,0.00011835537376247637
48.9298101587,2.2323951959,0.00017651733277612282
48.9347040493,2.2323951959,0.0002211306567794626
48.9395979399,2.2323951959,0.00023268734139138077
48.9444918305,2.2323951959,0.0002056642261947153
48.9493857211,2.2323951959,0.0001526887181614042
48.9542796117,2.2323951959,9.521762327054304e-05
48.9591735023,2.2323951959,4.987580504708311e-05
48.9640673929,2.2323951959,2.1944449709070772e-05
48.9689612835,2.2323951959,8.11001513711844e-06
48.9738551741,2.2323951959,2.5175657927050497e-06
48.9787490647,2.2323951959,6.564508080476465e-07
48.7389484253,2.2372890865,1.4027182019814493e-16
48.7438423159,2.2372890865,5.727855836514037e-16
48.7487362065,2.2372890865,2.207240633631757e-15
48.7536300971,2.2372890865,8.026814823100041e-15
48.7585239877,2.2372890865,2.754690194066331e-14
48.7634178783,2.2372890865,8.921507392815418e-14
48.7683117689,2.2372890865,2.726714539740258e-13
48.7732056595,2.2372890865,7.864607729994581e-13
48.7780995501,2.2372890865,2.140673413398051e-12
48.7829934407,2.2372890865,5.498696156120908e-12
48.7878873313,2.2372890865,1.33292277014623e-11
48.7927812219,2.2372890865,3.049202093705483e-11
48.7976751125,2.2372890865,6.582689786868447e-11
48.8025690031,2.2372890865,1.3410856846601762e-10
48.8074628937,2.2372890865,2.578372270162542e-10
48.8123567843,2.2372890865,4.67811263907216e-10
48.8172506749,2.2372890865,8.009984668160534e-10
48.8221445655,2.2372890865,1.2942812292713677e-09
48.8270384561,2.2372890865,1.973611096355454e-09
48.8319323467,2.2372890865,2.8400792666616143e-09
48.8368262373,2.2372890865,3.856872676991618e-09
48.8417201279,2.2372890865,4.9428348708961765e-09
48.8466140185,2.2372890865,5.9779583478044945e-09
48.8515079091,2.2372890865,6.822853839396656e-09
48.8564017997,2.2372890865,7.348894900668989e-09
48.8612956903,2.2372890865,7.471494735500848e-09
48.8661895809,2.2372890865,7.1872865269723105e-09
48.8710834715,2.2372890865,6.708188481476341e-09
48.8759773621,2.2372890865,7.406131546152504e-09
48.8808712527,2.2372890865,1.762052983104975e-08
48.8857651433,2.2372890865,8.13080609682015e-08
48.8906590339,2.2372890865,3.900518333980716e-07
48.8955529245,2.2372890865,1.6214654808146163e-06
48.9004468151,2.2372890865,5.686894188370598e-06
48.9053407057,2.2372890865,1.67649723772329e-05
48.9102345963,2.2372890865,4.1518744518576454e-05
48.9151284869,2.2372890865,8.636895846724102e-05
48.9200223775,2.2372890865,0.0001509160631508564
48.9249162681,2.2372890865,0.00022150113262050107
48.9298101587,2.2372890865,0.0002730730004171045
48.9347040493,2.2372890865,0.0002827768198500011
48.9395979399,2.2372890865,0.00024596372206337624
48.9444918305,2.2372890865,0.00017970514253529664
48.9493857211,2.2372890865,0.00011028390867179359
48.9542796117,2.2372890865,5.684941360785401e-05
48.9591735023,2.2372890865,2.461512373504576e-05
48.9640673929,2.2372890865,8.952415929332707e-06
48.9689612835,2.2372890865,2.7348951028496004e-06
48.9738551741,2.2372890865,7.017837212695778e-07
48.9787490647,2.2372890865,1.5126139474087507e-07
48.7389484253,2.2421829771,7.945707113694633e-16
48.7438423159,2.2421829771,3.180086224889552e-15
48.7487362065,2.2421829771,1.2011056124442188e-14
48.7536300971,2.2421829771,4.281140241050299e-14
48.7585239877,2.2421829771,1.4400370651365265e-13
48.7634178783,2.2421829771,4.57113285823324e-13
48.7683117689,2.2421829771,1.3693358399862358e-12
48.7732056595,2.2421829771,3.8710792635387475e-12
48.7780995501,2.2421829771,1.0327378880940376e-11
48.7829934407,2.2421829771,2.60006445545853e-11
48.7878873313,2.2421829771,6.1775188005172e-11
48.7927812219,2.2421829771,1.3850963823348476e-10
48.7976751125,2.2421829771,2.930770906787321e-10
48.8025690031,2.2421829771,5.852207361538395e-10
48.8074628937,2.2421829771,1.1027917235913304e-09
48.8123567843,2.2421829771,1.9611158407154856e-09
48.8172506749,2.2421829771,3.2911596877357313e-09
48.8221445655,2.2421829771,5.2123145890716835e-09
48.8270384561,2.2421829771,7.790193443567156e-09
48.8319323467,2.2421829771,1.09875742302252e-08
48.8368262373,2.2421829771,1.4624847981187656e-08
48.8417201279,2.2421829771,1.837032626545595e-08
48.8466140185,2.2421829771,2.1776022332508358e-08
48.8515079091,2.2421829771,2.436011647556116e-08
48.8564017997,2.2421829771,2.5719183724647227e-08
48.8612956903,2.2421829771,2.5653306757786843e-08
48.8661895809,2.2421829771,2.4415058141308534e-08
48.8710834715,2.2421829771,2.408081344397346e-08
48.8759773621,2.2421829771,3.669824129315324e-08
48.8808712527,2.2421829771,1.2374764262930366e-07
48.8857651433,2.2421829771,5.471938454655349e-07
48.8906590339,2.2421829771,2.2144101784281923e-06
48.8955529245,2.2421829771,7.628727781048384e-06
48.9004468151,2.2421829771,2.2124085035357564e-05
48.9053407057,2.2421829771,5.3915640097889855e-05
48.9102345963,2.2421829771,0.00011037268613969039
48.9151284869,2.2421829771,0.0001897922917431271
48.9200223775,2.2421829771,0.0002741319769815899
48.9249162681,2.2421829771,0.00033258569585328237
48.9298101587,2.2421829771,0.00033892983195077874
48.9347040493,2.2421829771,0.00029012040561692996
48.9395979399,2.2421829771,0.0002085974381609145
48.9444918305,2.2421829771,0.00012598007638572883
48.9493857211,2.2421829771,6.39082553855313e-05
48.9542796117,2.2421829771,2.723166856089179e-05
48.9591735023,2.2421829771,9.746613359259094e-06
48.9640673929,2.2421829771,2.9301875497163806e-06
48.9689612835,2.2421829771,7.399447511912528e-07
48.9738551741,2.2421829771,1.5695146141229728e-07
48.9787490647,2.2421829771,2.7963635294445382e-08
48.7389484253,2.2470768677,4.1902984384360436e-15
48.7438423159,2.2470768677,1.643750867587082e-14
48.7487362065,2.2470768677,6.085033768291399e-14
48.7536300971,2.2470768677,2.125817352871391e-13
48.7585239877,2.2470768677,7.008496497540079e-13
48.7634178783,2.2470768677,2.180518275924407e-12
48.7683117689,2.2470768677,6.402219488431613e-12
48.7732056595,2.2470768677,1.7739335384292553e-11
48.7780995501,2.2470768677,4.638526989452368e-11
48.7829934407,2.2470768677,1.1446133020578296e-10
48.7878873313,2.2470768677,2.665467841352657e-10
48.7927812219,2.2470768677,5.857658693987785e-10
48.7976751125,2.2470768677,1.2148163737132745e-09
48.8025690031,2.2470768677,2.3775692110634446e-09
48.8074628937,2.2470768677,4.391285330493503e-09
48.8123567843,2.2470768677,7.653958505287549e-09
48.8172506749,2.2470768677,1.2589732643891555e-08
48.8221445655,2.2470768677,1.954262368080581e-08
48.8270384561,2.2470768677,2.8627616354363698e-08
48.8319323467,2.2470768677,3.957523166670704e-08
48.8368262373,2.2470768677,5.162947490806988e-08
48.8417201279,2.2470768677,6.356353216208302e-08
48.8466140185,2.2470768677,7.385091439354773e-08
48.8515079091,2.2470768677,8.0976520538806e-08
48.8564017997,2.2470768677,8.383200939226429e-08
48.8612956903,2.2470768677,8.228788005825702e-08
48.8661895809,2.2470768677,7.92697415960428e-08
48.8710834715,2.2470768677,9.20713152426922e-08
48.8759773621,2.2470768677,2.0588795555457179e-07
48.8808712527,2.2470768677,7.744592147983988e-07
48.8857651433,2.2470768677,2.9961803407467134e-06
48.8906590339,2.2470768677,1.0102930785282653e-05
48.8955529245,2.2470768677,2.880210106237318e-05
48.9004468151,2.2470768677,6.905695230047456e-05
48.9053407057,2.2470768677,0.0001391132814544947
48.9102345963,2.2470768677,0.00023540696548495616
48.9151284869,2.2470768677,0.00033461035195930225
48.9200223775,2.2470768677,0.00039950636472669
48.9249162681,2.2470768677,0.0004006552966794609
48.9298101587,2.2470768677,0.000337505225170035
48.9347040493,2.2470768677,0.00023880993849164037
48.9395979399,2.2470768677,0.00014193402686430058
48.9444918305,2.2470768677,7.08570168022924e-05
48.9493857211,2.2470768677,2.9712651326154214e-05
48.9542796117,2.2470768677,1.0465552222709762e-05
48.9591735023,2.2470768677,3.0963146685491875e-06
48.9640673929,2.2470768677,7.69467409017644e-07
48.9689612835,2.2470768677,1.6061924135336316e-07
48.9738551741,2.2470768677,2.816223493687727e-08
48.9787490647,2.2470768677,4.147619282757158e-09
48.7389484253,2.2519707583,2.0573474387399746e-14
48.7438423159,2.2519707583,7.910125557315379e-14
48.7487362065,2.2519707583,2.870087066151324e-13
48.7536300971,2.2519707583,9.827492558554272e-13
48.7585239877,2.2519707583,3.1756039488903083e-12
48.7634178783,2.2519707583,9.683801990072946e-12
48.7683117689,2.2519707583,2.7867719176928545e-11
48.7732056595,2.2519707583,7.568205360845349e-11
48.7780995501,2.2519707583,1.9396365001946206e-10
48.7829934407,2.2519707583,4.691197809206876e-10
48.7878873313,2.2519707583,1.070737717124491e-09
48.7927812219,2.2519707583,2.3063138871258504e-09
48.7976751125,2.2519707583,4.68802246954974e-09
48.8025690031,2.2519707583,8.992840955925667e-09
48.8074628937,2.2519707583,1.6279463878925893e-08
48.8123567843,2.2519707583,2.78111688490222e-08
48.8172506749,2.2519707583,4.483677246503809e-08
48.8221445655,2.2519707583,6.821586669932513e-08
48.8270384561,2.2519707583,9.79427779545787e-08
48.8319323467,2.2519707583,1.3270747812586847e-07
48.8368262373,2.2519707583,1.6968927630659874e-07
48.8417201279,2.2519707583,2.0476239887518526e-07
48.8466140185,2.2519707583,2.3318031306495078e-07
48.8515079091,2.2519707583,2.506522489902218e-07
48.8564017997,2.2519707583,2.5481198799917976e-07
48.8612956903,2.2519707583,2.486999895456944e-07
48.8661895809,2.2519707583,2.565358014511924e-07
48.8710834715,2.2519707583,3.953601648493114e-07
48.8759773621,2.2519707583,1.1374814867841512e-06
48.8808712527,2.2519707583,4.044898224676465e-06
48.8857651433,2.2519707583,1.3231426011379052e-05
48.8906590339,2.2519707583,3.7006354519580194e-05
48.8955529245,2.2519707583,8.725289512027292e-05
48.9004468151,2.2519707583,0.00017294080956840578
48.9053407057,2.2519707583,0.00028798148395979756
48.9102345963,2.2519707583,0.0004028262661014772
48.9151284869,2.2519707583,0.00047330429908872494
48.9200223775,2.2519707583,0.00046711921820077976
48.9249162681,2.2519707583,0.00038723812080487786
48.9298101587,2.2519707583,0.00026964416278577784
48.9347040493,2.2519707583,0.00015771256460843334
48.9395979399,2.2519707583,7.748253777384161e-05
48.9444918305,2.2519707583,3.197448942519691e-05
48.9493857211,2.2519707583,1.1083211622630707e-05
48.9542796117,2.2519707583,3.2269323087177646e-06
48.9591735023,2.2519707583,7.891804378393048e-07
48.9640673929,2.2519707583,1.6211567638766086e-07
48.9689612835,2.2519707583,2.7972804487017384e-08
48.9738551741,2.2519707583,4.054239803869124e-09
48.9787490647,2.2519707583,4.935664355197628e-10
48.7389484253,2.2568646489,9.404173013326475e-14
48.7438423159,2.2568646489,3.543896602660816e-13
48.7487362065,2.2568646489,1.2603101480040736e-12
48.7536300971,2.2568646489,4.2297021114612195e-12
48.7585239877,2.2568646489,1.3396090985922931e-11
48.7634178783,2.2568646489,4.003891984744253e-11
48.7683117689,2.2568646489,1.1293344452340237e-10
48.7732056595,2.2568646489,3.0060676774977084e-10
48.7780995501,2.2568646489,7.55111163503352e-10
48.7829934407,2.2568646489,1.790024542397889e-09
48.7878873313,2.2568646489,4.004451496414997e-09
48.7927812219,2.2568646489,8.454015650415772e-09
48.7976751125,2.2568646489,1.6842983177608276e-08
48.8025690031,2.2568646489,3.166729296546475e-08
48.8074628937,2.2568646489,5.6187385300232925e-08
48.8123567843,2.2568646489,9.408115983202196e-08
48.8172506749,2.2568646489,1.4866285213144634e-07
48.8221445655,2.2568646489,2.2168597395248553e-07
48.8270384561,2.2568646489,3.1196791639555593e-07
48.8319323467,2.2568646489,4.143025878283617e-07
48.8368262373,2.2568646489,5.192324332335542e-07
48.8417201279,2.2568646489,6.141117093917705e-07
48.8466140185,2.2568646489,6.855229338618261e-07
48.8515079091,2.2568646489,7.229222654659752e-07
48.8564017997,2.2568646489,7.252670521004811e-07
48.8612956903,2.2568646489,7.23727590638888e-07
48.8661895809,2.2568646489,8.768213120883842e-07
48.8710834715,2.2568646489,1.8086471826935177e-06
48.8759773621,2.2568646489,5.530272819963932e-06
48.8808712527,2.2568646489,1.7207004419766534e-05
48.8857651433,2.2568646489,4.6981672939107876e-05
48.8906590339,2.2568646489,0.00010879049686719228
48.8955529245,2.2568646489,0.00021208191902269505
48.9004468151,2.2568646489,0.00034748482208266774
48.9053407057,2.2568646489,0.0004783042564648152
48.9102345963,2.2568646489,0.0005530422665448803
48.9151284869,2.2568646489,0.0005371341737237992
48.9200223775,2.2568646489,0.0004382001977239772
48.9249162681,2.2568646489,0.0003002796218291965
48.9298101587,2.2568646489,0.0001728390832539123
48.9347040493,2.2568646489,8.356425903651353e-05
48.9395979399,2.2568646489,3.3936073000490664e-05
48.9444918305,2.2568646489,1.1576172084025758e-05
48.9493857211,2.2568646489,3.3168874567752704e-06
48.9542796117,2.2568646489,7.982867419842356e-07
48.9591735023,2.2568646489,1.6137998125577353e-07
48.9640673929,2.2568646489,2.7403332090043497e-08
48.9689612835,2.2568646489,3.908599137543856e-09
48.9738551741,2.2568646489,4.682802403870011e-10
48.9787490647,2.2568646489,4.712656670707622e-11
48.7389484253,2.2617585395,4.0020642490437766e-13
48.7438423159,2.2617585395,1.4781859075526033e-12
48.7487362065,2.2617585395,5.152406231039401e-12
48.7536300971,2.2617585395,1.6948338432960298e-11
48.7585239877,2.2617585395,5.2611432555181564e-11
48.7634178783,2.2617585395,1.541235797670174e-10
48.7683117689,2.2617585395,4.260828030437781e-10
48.7732056595,2.2617585395,1.111616238708017e-09
48.7780995501,2.2617585395,2.736854542487966e-09
48.7829934407,2.2617585395,6.3589367866473004e-09
48.7878873313,2.2617585395,1.3942904630937834e-08
48.7927812219,2.2617585395,2.8850806865413465e-08
48.7976751125,2.2617585395,5.633763707816908e-08
48.8025690031,2.2617585395,1.0381861950270695e-07
48.8074628937,2.2617585395,1.8054598258637375e-07
48.8123567843,2.2617585395,2.9630321672696374e-07
48.8172506749,2.2617585395,4.5890296229669765e-07
48.8221445655,2.2617585395,6.70720091088769e-07
48.8270384561,2.2617585395,9.25119327134034e-07
48.8319323467,2.2617585395,1.2041773665137728e-06
48.8368262373,2.2617585395,1.4791844968581067e-06
48.8417201279,2.2617585395,1.7148255076066003e-06
48.8466140185,2.2617585395,1.8771407526027063e-06
48.8515079091,2.2617585395,1.9470165250903817e-06
48.8564017997,2.2617585395,1.955050123685801e-06
48.8612956903,2.2617585395,2.1085451491801465e-06
48.8661895809,2.2617585395,3.2222176005252758e-06
48.8710834715,2.2617585395,7.855903567978289e-06
48.8759773621,2.2617585395,2.2412190065926734e-05
48.8808712527,2.2617585395,5.9096301478745395e-05
48.8857651433,2.2617585395,0.0001339797802103125
48.8906590339,2.2617585395,0.0002566466481305
48.8955529245,2.2617585395,0.000413613469676433
48.9004468151,2.2617585395,0.0005601794695327111
48.9053407057,2.2617585395,0.0006373705230730895
48.9102345963,2.2617585395,0.0006091783633781703
48.9151284869,2.2617585395,0.0004890680961490252
48.9200223775,2.2617585395,0.0003298077427688276
48.9249162681,2.2617585395,0.00018681715347262457
48.9298101587,2.2617585395,8.888656971722627e-05
48.9347040493,2.2617585395,3.5523744628479724e-05
48.9395979399,2.2617585395,1.1925168388698098e-05
48.9444918305,2.2617585395,3.3625878215731944e-06
48.9493857211,2.2617585395,7.964278667584356e-07
48.9542796117,2.2617585395,1.584469809557207e-07
48.9591735023,2.2617585395,2.6478240709531142e-08
48.9640673929,2.2617585395,3.7168076333584775e-09
48.9689612835,2.2617585395,4.3827816049838985e-10
48.9738551741,2.2617585395,4.34207355021518e-11
48.9787490647,2.2617585395,3.616070539600206e-12
48.7389484253,2.2666524301,1.5856411439476864e-12
48.7438423159,2.2666524301,5.740250272937885e-12
48.7487362065,2.2666524301,1.961076037808642e-11
48.7536300971,2.2666524301,6.322592812521798e-11
48.7585239877,2.2666524301,1.9236788607779878e-10
48.7634178783,2.2666524301,5.523395384946422e-10
48.7683117689,2.2666524301,1.496634407762098e-09
48.7732056595,2.2666524301,3.827024956072088e-09
48.7780995501,2.2666524301,9.235125983017195e-09
48.7829934407,2.2666524301,2.103101884830777e-08
48.7878873313,2.2666524301,4.519743184570029e-08
48.7927812219,2.2666524301,9.166491965493925e-08
48.7976751125,2.2666524301,1.754399614663837e-07
48.8025690031,2.2666524301,3.1687636104123346e-07
48.8074628937,2.2666524301,5.401160942049103e-07
48.8123567843,2.2666524301,8.68801080853659e-07
48.8172506749,2.2666524301,1.3188322109873841e-06
48.8221445655,2.2666524301,1.889272988653257e-06
48.8270384561,2.2666524301,2.554089146973536e-06
48.8319323467,2.2666524301,3.2584825705201976e-06
48.8368262373,2.2666524301,3.923274255986406e-06
48.8417201279,2.2666524301,4.4591991113796184e-06
48.8466140185,2.2666524301,4.793497365303135e-06
48.8515079091,2.2666524301,4.92719020840506e-06
48.8564017997,2.2666524301,5.108773789968656e-06
48.8612956903,2.2666524301,6.379960289113742e-06
48.8661895809,2.2666524301,1.1960595170206714e-05
48.8710834715,2.2666524301,2.9692282351476905e-05
48.8759773621,2.2666524301,7.40660183167039e-05
48.8808712527,2.2666524301,0.0001633161472986062
48.8857651433,2.2666524301,0.00030672993114241827
48.8906590339,2.2666524301,0.00048584970489732
48.8955529245,2.2666524301,0.0006472408216985241
48.9004468151,2.2666524301,0.0007245776737431003
48.9053407057,2.2666524301,0.0006814586111130218
48.9102345963,2.2666524301,0.0005383772527065487
48.9151284869,2.2666524301,0.00035728117419678643
48.9200223775,2.2666524301,0.0001991605014300122
48.9249162681,2.2666524301,9.325316434521964e-05
48.9298101587,2.2666524301,3.667675955829247e-05
48.9347040493,2.2666524301,1.2116751480324939e-05
48.9395979399,2.2666524301,3.362410877422297e-06
48.9444918305,2.2666524301,7.83767420574905e-07
48.9493857211,2.2666524301,1.5346236900987293e-07
48.9542796117,2.2666524301,2.5241441008537992e-08
48.9591735023,2.2666524301,3.4880341985918583e-09
48.9640673929,2.2666524301,4.0510645446976894e-10
48.9689612835,2.2666524301,3.959146376513218e-11
48.9738551741,2.2666524301,3.269216929242791e-12
48.9787490647,2.2666524301,2.314928625211309e-13
48.7389484253,2.2715463207,5.8505388615849314e-12
48.7438423159,2.2715463207,2.0757040981376002e-11
48.7487362065,2.2715463207,6.94985101176779e-11
48.7536300971,2.2715463207,2.1960133457482523e-10
48.7585239877,2.2715463207,6.548523452298119e-10
48.7634178783,2.2715463207,1.842875398200449e-09
48.7683117689,2.2715463207,4.894275014897989e-09
48.7732056595,2.2715463207,1.2266428274240742e-08
48.7780995501,2.2715463207,2.9012438869609525e-08
48.7829934407,2.2715463207,6.475695264842964e-08
48.7878873313,2.2715463207,1.3640319508761656e-07
48.7927812219,2.2715463207,2.7114315389092453e-07
48.7976751125,2.2715463207,5.086378811343122e-07
48.8025690031,2.2715463207,9.00439870969597e-07
48.8074628937,2.2715463207,1.5043077412932822e-06
48.8123567843,2.2715463207,2.3716719796906645e-06
48.8172506749,2.2715463207,3.5286495385281372e-06
48.8221445655,2.2715463207,4.954485259344389e-06
48.8270384561,2.2715463207,6.564866917951244e-06
48.8319323467,2.2715463207,8.20920218176281e-06
48.8368262373,2.2715463207,9.689412084862297e-06
48.8417201279,2.2715463207,1.0806461557926224e-05
48.8466140185,2.2715463207,1.145677544019637e-05
48.8515079091,2.2715463207,1.1878976180829486e-05
48.8564017997,2.2715463207,1.3350039657487315e-05
48.8612956903,2.2715463207,1.9855277938709437e-05
48.8661895809,2.2715463207,4.088491198340796e-05
48.8710834715,2.2715463207,9.343253055385327e-05
48.8759773621,2.2715463207,0.00019787626532727788
48.8808712527,2.2715463207,0.00036271583090787874
48.8857651433,2.2715463207,0.0005636896297054535
48.8906590339,2.2715463207,0.0007381119329003887
48.8955529245,2.2715463207,0.0008127474866922788
48.9004468151,2.2715463207,0.0007520473900460839
48.9053407057,2.2715463207,0.0005846302270452605
48.9102345963,2.2715463207,0.00038178645042159467
48.9151284869,2.2715463207,0.00020943349067417796
48.9200223775,2.2715463207,9.650591965669896e-05
48.9249162681,2.2715463207,3.735488748193959e-05
48.9298101587,2.2715463207,1.2146047954506741e-05
48.9347040493,2.2715463207,3.317629706877884e-06
48.9395979399,2.2715463207,7.612759103566538e-07
48.9444918305,2.2715463207,1.4676242017958283e-07
48.9493857211,2.2715463207,2.377729233928586e-08
48.9542796117,2.2715463207,3.2400055996765998e-09
48.9591735023,2.2715463207,3.722868730519601e-10
48.9640673929,2.2715463207,3.6368330645807975e-11
48.9689612835,2.2715463207,3.104757870810053e-12
48.9738551741,2.2715463207,2.5309313966851565e-13
48.9787490647,2.2715463207,2.426922980955687e-14
48.7389484253,2.2764402113,2.0137916523067615e-11
48.7438423159,2.2764402113,7.002084268307743e-11
48.7487362065,2.2764402113,2.2967415084216522e-10
48.7536300971,2.2764402113,7.108617698558093e-10
48.7585239877,2.2764402113,2.0765829282068014e-09
48.7634178783,2.2764402113,5.7258853675363424e-09
48.7683117689,2.2764402113,1.490216379556699e-08
48.7732056595,2.2764402113,3.66046610058805e-08
48.7780995501,2.2764402113,8.485523187197623e-08
48.7829934407,2.2764402113,1.8563647391610851e-07
48.7878873313,2.2764402113,3.8325311902384613e-07
48.7927812219,2.2764402113,7.466970218768717e-07
48.7976751125,2.2764402113,1.3729008178762102e-06
48.8025690031,2.2764402113,2.3821542262198906e-06
48.8074628937,2.2764402113,3.900646076350315e-06
48.8123567843,2.2764402113,6.0275273189247386e-06
48.8172506749,2.2764402113,8.789777968585533e-06
48.8221445655,2.2764402113,1.2096330050578907e-05
48.8270384561,2.2764402113,1.5709902741648488e-05
48.8319323467,2.2764402113,1.925688223562408e-05
48.8368262373,2.2764402113,2.2293654850507094e-05
48.8417201279,2.2764402113,2.446161981440161e-05
48.8466140185,2.2764402113,2.584781753403266e-05
48.8515079091,2.2764402113,2.7889437267887064e-05
48.8564017997,2.2764402113,3.5386429720776245e-05
48.8612956903,2.2764402113,5.965979374976911e-05
48.8661895809,2.2764402113,0.00012040267909783835
48.8710834715,2.2764402113,0.00024008829007647224
48.8759773621,2.2764402113,0.00042593773205985505
48.8808712527,2.2764402113,0.0006471862418006653
48.8857651433,2.2764402113,0.0008316921078025194
48.8906590339,2.2764402113,0.0009001135590076176
48.8955529245,2.2764402113,0.0008191559861747199
48.9004468151,2.2764402113,0.000626488739257803
48.9053407057,2.2764402113,0.000402563436124902
48.9102345963,2.2764402113,0.00021731711949390616
48.9151284869,2.2764402113,9.855873081839616e-05
48.9200223775,2.2764402113,3.755533907097507e-05
48.9249162681,2.2764402113,1.2024934594962837e-05
48.9298101587,2.2764402113,3.2359553536666113e-06
48.9347040493,2.2764402113,7.320234317359591e-07
48.9395979399,2.2764402113,1.3926741751248104e-07
48.9444918305,2.2764402113,2.2315650980525724e-08
48.9493857211,2.2764402113,3.025974521105498e-09
48.9542796117,2.2764402113,3.5243986114694596e-10
48.9591735023,2.2764402113,3.6895837866306376e-11
48.9640673929,2.2764402113,3.916011266547445e-12
48.9689612835,2.2764402113,5.128680743699543e-13
48.9738551741,2.2764402113,8.868391440424455e-14
48.9787490647,2.2764402113,1.7557508377568753e-14
48.7389484253,2.2813341019,6.489062310483073e-11
48.7438423159,2.2813341019,2.218386094846115e-10
48.7487362065,2.2813341019,7.141435248538739e-10
48.7536300971,2.2813341019,2.1639983799206285e-09
48.7585239877,2.2813341019,6.1779993422583825e-09
48.7634178783,2.2813341019,1.6642107689586687e-08
48.7683117689,2.2813341019,4.2345057100412475e-08
48.7732056595,2.2813341019,1.0179674195812258e-07
48.7780995501,2.2813341019,2.311361868160264e-07
48.7829934407,2.2813341019,4.954850401439195e-07
48.7878873313,2.2813341019,1.0025504810796548e-06
48.7927812219,2.2813341019,1.9144418768769354e-06
48.7976751125,2.2813341019,3.4500085716665106e-06
48.8025690031,2.2813341019,5.867260270294411e-06
48.8074628937,2.2813341019,9.416439136822962e-06
48.8123567843,2.2813341019,1.4261793305980805e-05
48.8172506749,2.2813341019,2.038442047900761e-05
48.8221445655,2.2813341019,2.7495697395766583e-05
48.8270384561,2.2813341019,3.500318024628333e-05
48.8319323467,2.2813341019,4.207462104359354e-05
48.8368262373,2.2813341019,4.7858978698389714e-05
48.8417201279,2.2813341019,5.200880810331253e-05
48.8466140185,2.2813341019,5.587867366806139e-05
48.8515079091,2.2813341019,6.497510508707134e-05
48.8564017997,2.2813341019,9.25116242807789e-05
48.8612956903,2.2813341019,0.000160998855061421
48.8661895809,2.2813341019,0.00029492567277664556
48.8710834715,2.2813341019,0.0004998161280168507
48.8759773621,2.2813341019,0.0007379661773550452
48.8808712527,2.2813341019,0.0009280190095344724
48.8857651433,2.2813341019,0.0009857523125934363
48.8906590339,2.2813341019,0.0008816524402825399
48.8955529245,2.2813341019,0.0006631273840159452
48.9004468151,2.2813341019,0.0004192268040300975
48.9053407057,2.2813341019,0.00022274196229973974
48.9102345963,2.2813341019,9.947908835103546e-05
48.9151284869,2.2813341019,3.7363693219763285e-05
48.9200223775,2.2813341019,1.1811378777856708e-05
48.9249162681,2.2813341019,3.1456754027938335e-06
48.9298101587,2.2813341019,7.066257618424631e-07
48.9347040493,2.2813341019,1.3417202815502348e-07
48.9395979399,2.2813341019,2.1681280996351605e-08
48.9444918305,2.2813341019,3.04865056104004e-09
48.9493857211,2.2813341019,3.9744365996934975e-10
48.9542796117,2.2813341019,5.5079891188830704e-11
48.9591735023,2.2813341019,9.422629019716e-12
48.9640673929,2.2813341019,1.9671358645142903e-12
48.9689612835,2.2813341019,4.409501732737455e-13
48.9738551741,2.2813341019,9.732225762714586e-14
48.9787490647,2.2813341019,2.0494115327191512e-14
48.7389484253,2.2862279925,1.9494286034361628e-10
48.7438423159,2.2862279925,6.611729322231195e-10
48.7487362065,2.2862279925,2.1177661408872848e-09
48.7536300971,2.2862279925,6.365997689030708e-09
48.7585239877,2.2862279925,1.7871503982779135e-08
48.7634178783,2.2862279925,4.6860060464990056e-08
48.7683117689,2.2862279925,1.1533521433243984e-07
48.7732056595,2.2862279925,2.68135949297793e-07
48.7780995501,2.2862279925,5.909966585050712e-07
48.7829934407,2.2862279925,1.2352158398118667e-06
48.7878873313,2.2862279925,2.444115694859977e-06
48.7927812219,2.2862279925,4.570950342588139e-06
48.7976751125,2.2862279925,8.07191269825399e-06
48.8025690031,2.2862279925,1.3454128144073486e-05
48.8074628937,2.2862279925,2.1163520214831936e-05
48.8123567843,2.2862279925,3.141667294112082e-05
48.8172506749,2.2862279925,4.4012289100939306e-05
48.8221445655,2.2862279925,5.819086645642147e-05
48.8270384561,2.2862279925,7.263427399481526e-05
48.8319323467,2.2862279925,8.572037828198497e-05
48.8368262373,2.2862279925,9.623418570861044e-05
48.8417201279,2.2862279925,0.00010495820307701494
48.8466140185,2.2862279925,0.00011769911245363486
48.8515079091,2.2862279925,0.00014933282334269482
48.8564017997,2.2862279925,0.00022507488510505006
48.8612956903,2.2862279925,0.000371244168486493
48.8661895809,2.2862279925,0.0005913589975408327
48.8710834715,2.2862279925,0.0008407383426225767
48.8759773621,2.2862279925,0.0010296552865869273
48.8808712527,2.2862279925,0.001070752020838894
48.8857651433,2.2862279925,0.0009399622427901069
48.8906590339,2.2862279925,0.0006948704976285455
48.8955529245,2.2862279925,0.00043219394611004083
48.9004468151,2.2862279925,0.00022618246595151976
48.9053407057,2.2862279925,9.970457849611846e-05
48.9102345963,2.2862279925,3.711182172102778e-05
48.9151284869,2.2862279925,1.170990508478328e-05
48.9200223775,2.2862279925,3.1469188977808476e-06
48.9249162681,2.2862279925,7.236341782562043e-07
48.9298101587,2.2862279925,1.4336207556963312e-07
48.9347040493,2.2862279925,2.499688298728386e-08
48.9395979399,2.2862279925,4.088680871431404e-09
48.9444918305,2.2862279925,7.126111643562143e-10
48.9493857211,2.2862279925,1.4809862823350977e-10
48.9542796117,2.2862279925,3.5577042761161764e-11
48.9591735023,2.2862279925,8.893725170994966e-12
48.9640673929,2.2862279925,2.166840669191257e-12
48.9689612835,2.2862279925,5.024580258276692e-13
48.9738551741,2.2862279925,1.1016693621406394e-13
48.9787490647,2.2862279925,2.2803909280476486e-14
48.7389484253,2.2911218831,5.391055551394855e-10
48.7438423159,2.2911218831,1.8105550039449479e-09
48.7487362065,2.2911218831,5.837949540705983e-09
48.7536300971,2.2911218831,1.7968396047488872e-08
48.7585239877,2.2911218831,5.1912122579547276e-08
48.7634178783,2.2911218831,1.3806046548091717e-07
48.7683117689,2.2911218831,3.345130288287251e-07
48.7732056595,2.2911218831,7.42163903046321e-07
48.7780995501,2.2911218831,1.5342744961901253e-06
48.7829934407,2.2911218831,3.0125236570534115e-06
48.7878873313,2.2911218831,5.6749308250949795e-06
48.7927812219,2.2911218831,1.0246634070879127e-05
48.7976751125,2.2911218831,1.7627382036575988e-05
48.8025690031,2.2911218831,2.874082005034139e-05
48.8074628937,2.2911218831,4.428897066599311e-05
48.8123567843,2.2911218831,6.44332930128993e-05
48.8172506749,2.2911218831,8.847608569625314e-05
48.8221445655,2.2911218831,0.0001146878075893944
48.8270384561,2.2911218831,0.00014049173858693645
48.8319323467,2.2911218831,0.00016332012640591018
48.8368262373,2.2911218831,0.00018265592725638912
48.8417201279,2.2911218831,0.00020379111218898812
48.8466140185,2.2911218831,0.0002425258330005357
48.8515079091,2.2911218831,0.00032617560818881946
48.8564017997,2.2911218831,0.00048238117834486214
48.8612956903,2.2911218831,0.000712365513550425
48.8661895809,2.2911218831,0.0009648805396561169
48.8710834715,2.2911218831,0.001143403430900827
48.8759773621,2.2911218831,0.001159823204267182
48.8808712527,2.2911218831,0.0009974160912471202
48.8857651433,2.2911218831,0.0007242288484785609
48.8906590339,2.2911218831,0.00044346757672110876
48.8955529245,2.2911218831,0.0002292899694500687
48.9004468151,2.2911218831,0.0001005915119159888
48.9053407057,2.2911218831,3.7827693849244135e-05
48.9102345963,2.2911218831,1.2379107931538462e-05
48.9151284869,2.2911218831,3.575877581660191e-06
48.9200223775,2.2911218831,9.168147369189183e-07
48.9249162681,2.2911218831,2.0893849488951115e-07
48.9298101587,2.2911218831,4.341377571902898e-08
48.9347040493,2.2911218831,8.941609806572355e-09
48.9395979399,2.2911218831,2.043046442916177e-09
48.9444918305,2.2911218831,5.298166007295575e-10
48.9493857211,2.2911218831,1.444366876259412e-10
48.9542796117,2.2911218831,3.864185095578671e-11
48.9591735023,2.2911218831,9.857968347230374e-12
48.9640673929,2.2911218831,2.3786661457597706e-12
48.9689612835,2.2911218831,5.418789248655269e-13
48.9738551741,2.2911218831,1.165036322315034e-13
48.9787490647,2.2911218831,2.3638387872661026e-14
48.7389484253,2.2960157737,1.3768452891481175e-09
48.7438423159,2.2960157737,4.49876435416986e-09
48.7487362065,2.2960157737,1.4247623525583717e-08
48.7536300971,2.2960157737,4.437426833813426e-08
48.7585239877,2.2960157737,1.3554900577141552e-07
48.7634178783,2.2960157737,3.9407796269153507e-07
48.7683117689,2.2960157737,1.044074353021673e-06
48.7732056595,2.2960157737,2.4382320447347083e-06
48.7780995501,2.2960157737,4.969401441802244e-06
48.7829934407,2.2960157737,8.984340758811966e-06
48.7878873313,2.2960157737,1.496028156708679e-05
48.7927812219,2.2960157737,2.3937614925009006e-05
48.7976751125,2.2960157737,3.768648451356503e-05
48.8025690031,2.2960157737,5.818869658200525e-05
48.8074628937,2.2960157737,8.673135977031614e-05
48.8123567843,2.2960157737,0.00012318350212735054
48.8172506749,2.2960157737,0.00016566683774729812
48.8221445655,2.2960157737,0.00021066109370844065
48.8270384561,2.2960157737,0.0002538953494582577
48.8319323467,2.2960157737,0.0002927618241524125
48.8368262373,2.2960157737,0.00033086624457020293
48.8417201279,2.2960157737,0.00038355590894173204
48.8466140185,2.2960157737,0.0004788550676165628
48.8515079091,2.2960157737,0.0006445350398642473
48.8564017997,2.2960157737,0.0008789482757081946
48.8612956903,2.2960157737,0.0011249652406800834
48.8661895809,2.2960157737,0.0012815286244906969
48.8710834715,2.2960157737,0.0012628464733339547
48.8759773621,2.2960157737,0.0010618047058058063
48.8808712527,2.2960157737,0.0007572952381551618
48.8857651433,2.2960157737,0.00045788852617320477
48.8906590339,2.2960157737,0.00023611960051852558
48.8955529245,2.2960157737,0.00010565834905574501
48.9004468151,2.2960157737,4.236254825321079e-05
48.9053407057,2.2960157737,1.5752409793575014e-05
48.9102345963,2.2960157737,5.462520491364596e-06
48.9151284869,2.2960157737,1.7086361904231582e-06
48.9200223775,2.2960157737,4.6641387400569627e-07
48.9249162681,2.2960157737,1.1309122383678249e-07
48.9298101587,2.2960157737,2.6684553984597967e-08
48.9347040493,2.2960157737,6.835562191166881e-09
48.9395979399,2.2960157737,1.9234543177742623e-09
48.9444918305,2.2960157737,5.543267778328714e-10
48.9493857211,2.2960157737,1.5488427988947195e-10
48.9542796117,2.2960157737,4.109773571697498e-11
48.9591735023,2.2960157737,1.0302796524268122e-11
48.9640673929,2.2960157737,2.4378138684949663e-12
48.9689612835,2.2960157737,5.443663710737286e-13
48.9738551741,2.2960157737,1.1471471889403108e-13
48.9787490647,2.2960157737,2.2813036768090878e-14
48.7389484253,2.3009096643,3.287388758894383e-09
48.7438423159,2.3009096643,1.0399281909826102e-08
48.7487362065,2.3009096643,3.1507395854889465e-08
48.7536300971,2.3009096643,9.359411888436738e-08
48.7585239877,2.3009096643,2.8132212438397873e-07
48.7634178783,2.3009096643,8.635501824470636e-07
48.7683117689,2.3009096643,2.599042563425548e-06
48.7732056595,2.3009096643,7.156955709397542e-06
48.7780995501,2.3009096643,1.7028800151764037e-05
48.7829934407,2.3009096643,3.399993734416772e-05
48.7878873313,2.3009096643,5.6855778676198144e-05
48.7927812219,2.3009096643,8.16546178403386e-05
48.7976751125,2.3009096643,0.00010625005491998599
48.8025690031,2.3009096643,0.00013429212034884387
48.8074628937,2.3009096643,0.0001728777989453177
48.8123567843,2.3009096643,0.00022608085199387855
48.8172506749,2.3009096643,0.00029146573503925004
48.8221445655,2.3009096643,0.00036200930627872823
48.8270384561,2.3009096643,0.00043102429252947315
48.8319323467,2.3009096643,0.0004983778706572487
48.8368262373,2.3009096643,0.0005767879697322985
48.8417201279,2.3009096643,0.0006926179367908878
48.8466140185,2.3009096643,0.0008715270347175652
48.8515079091,2.3009096643,0.001107649954827843
48.8564017997,2.3009096643,0.0013384526466584733
48.8612956903,2.3009096643,0.0014609126445971855
48.8661895809,2.3009096643,0.0013951276147525444
48.8710834715,2.3009096643,0.0011463064513798106
48.8759773621,2.3009096643,0.0008050392398436418
48.8808712527,2.3009096643,0.000484738100450465
48.8857651433,2.3009096643,0.000255151302339732
48.8906590339,2.3009096643,0.0001229981663301487
48.8955529245,2.3009096643,5.779909539279084e-05
48.9004468151,2.3009096643,2.690371290189697e-05
48.9053407057,2.3009096643,1.1619242211192389e-05
48.9102345963,2.3009096643,4.287007894914827e-06
48.9151284869,2.3009096643,1.3045873332668894e-06
48.9200223775,2.3009096643,3.3886120305994566e-07
48.9249162681,2.3009096643,8.375925726153194e-08
48.9298101587,2.3009096643,2.2316146824933176e-08
48.9347040493,2.3009096643,6.532331463027266e-09
48.9395979399,2.3009096643,1.9581598476407437e-09
48.9444918305,2.3009096643,5.686576423551903e-10
48.9493857211,2.3009096643,1.5675119122000636e-10
48.9542796117,2.3009096643,4.0815146693543733e-11
48.9591735023,2.3009096643,1.0030448890204038e-11
48.9640673929,2.3009096643,2.326272908456353e-12
48.9689612835,2.3009096643,5.091401855904579e-13
48.9738551741,2.3009096643,1.05159881001942e-13
48.9787490647,2.3009096643,2.049739906030627e-14
48.7389484253,2.3058035549,7.341373278545479e-09
48.7438423159,2.3058035549,2.265310445138222e-08
48.7487362065,2.3058035549,6.61846766700805e-08
48.7536300971,2.3058035549,1.8491234295994792e-07
48.7585239877,2.3058035549,5.076908357916727e-07
48.7634178783,2.3058035549,1.4370187482860517e-06
48.7683117689,2.3058035549,4.330436213579241e-06
48.7732056595,2.3058035549,1.3356376826630736e-05
48.7780995501,2.3058035549,3.847457281325739e-05
48.7829934407,2.3058035549,9.563707482792873e-05
48.7878873313,2.3058035549,0.0001963277441675319
48.7927812219,2.3058035549,0.0003275151503986846
48.7976751125,2.3058035549,0.00044605518424197926
48.8025690031,2.3058035549,0.0005098812078409867
48.8074628937,2.3058035549,0.0005195336701882833
48.8123567843,2.3058035549,0.0005171196964999497
48.8172506749,2.3058035549,0.0005434822397683215
48.8221445655,2.3058035549,0.0006081938856460849
48.8270384561,2.3058035549,0.0007000730338231929
48.8319323467,2.3058035549,0.0008142043359675279
48.8368262373,2.3058035549,0.0009639579344137667
48.8417201279,2.3058035549,0.0011662195637280907
48.8466140185,2.3058035549,0.0014074577708409028
48.8515079091,2.3058035549,0.0016191442895598777
48.8564017997,2.3058035549,0.0016983801386148182
48.8612956903,2.3058035549,0.001574606461313622
48.8661895809,2.3058035549,0.0012682983722696395
48.8710834715,2.3058035549,0.0008834018505053598
48.8759773621,2.3058035549,0.0005390147257193354
48.8808712527,2.3058035549,0.0003018661068776801
48.8857651433,2.3058035549,0.00016905046406226032
48.8906590339,2.3058035549,9.964320192162426e-05
48.8955529245,2.3058035549,5.7528573148341174e-05
48.9004468151,2.3058035549,2.8782288845113412e-05
48.9053407057,2.3058035549,1.1584308266605201e-05
48.9102345963,2.3058035549,3.705531772464173e-06
48.9151284869,2.3058035549,9.895763388700756e-07
48.9200223775,2.3058035549,2.4870364641958115e-07
48.9249162681,2.3058035549,6.757116006985085e-08
48.9298101587,2.3058035549,2.038099061335786e-08
48.9347040493,2.3058035549,6.333919927518376e-09
48.9395979399,2.3058035549,1.910008251167983e-09
48.9444918305,2.3058035549,5.468227048921971e-10
48.9493857211,2.3058035549,1.478799226336632e-10
48.9542796117,2.3058035549,3.77448597085913e-11
48.9591735023,2.3058035549,9.091739737906741e-12
48.9640673929,2.3058035549,2.066676343838339e-12
48.9689612835,2.3058035549,4.4333694020520817e-13
48.9738551741,2.3058035549,8.974935363371542e-14
48.9787490647,2.3058035549,1.714607413388238e-14
48.7389484253,2.3106974455,1.5282156621787465e-08
48.7438423159,2.3106974455,4.6184796895189167e-08
48.7487362065,2.3106974455,1.3176209610819476e-07
48.7536300971,2.3106974455,3.554139857901107e-07
48.7585239877,2.3106974455,9.12670819248631e-07
48.7634178783,2.3106974455,2.283349325832944e-06
48.7683117689,2.3106974455,5.869328168477018e-06
48.7732056595,2.3106974455,1.647471707990261e-05
48.7780995501,2.3106974455,4.985781295189779e-05
48.7829934407,2.3106974455,0.00014699132246702144
48.7878873313,2.3106974455,0.0003807040750958344
48.7927812219,2.3106974455,0.0008155274093247354
48.7976751125,2.3106974455,0.0014072376515398347
48.8025690031,2.3106974455,0.001942663825459274
48.8074628937,2.3106974455,0.0021629998358826015
48.8123567843,2.3106974455,0.0019996134709258117
48.8172506749,2.3106974455,0.0016409659569159311
48.8221445655,2.3106974455,0.0013447579239361314
48.8270384561,2.3106974455,0.0012415448179428283
48.8319323467,2.3106974455,0.0013223252960739625
48.8368262373,2.3106974455,0.0015245654469012132
48.8417201279,2.3106974455,0.0017726801333505103
48.8466140185,2.3106974455,0.001968143788148047
48.8515079091,2.3106974455,0.0020023709003255943
48.8564017997,2.3106974455,0.0018151833916388502
48.8612956903,2.3106974455,0.0014446936682835395
48.8661895809,2.3106974455,0.0010106978279309357
48.8710834715,2.3106974455,0.000640947635403771
48.8759773621,2.3106974455,0.0004005737821678161
48.8808712527,2.3106974455,0.00027269364030080084
48.8857651433,2.3106974455,0.00019719459887244703
48.8906590339,2.3106974455,0.00013087639276025684
48.8955529245,2.3106974455,7.088174827773971e-05
48.9004468151,2.3106974455,2.986662683232299e-05
48.9053407057,2.3106974455,9.825569644261969e-06
48.9102345963,2.3106974455,2.668282650959213e-06
48.9151284869,2.3106974455,6.781382713001127e-07
48.9200223775,2.3106974455,1.8739158583546212e-07
48.9249162681,2.3106974455,5.818267854880502e-08
48.9298101587,2.3106974455,1.8740174794350737e-08
48.9347040493,2.3106974455,5.867505419483636e-09
48.9395979399,2.3106974455,1.7446292783591618e-09
48.9444918305,2.3106974455,4.900210283839712e-10
48.9493857211,2.3106974455,1.2990092392664177e-10
48.9542796117,2.3106974455,3.2497517927466354e-11
48.9591735023,2.3106974455,7.672279378852396e-12
48.9640673929,2.3106974455,1.709364183204236e-12
48.9689612835,2.3106974455,3.594022147896847e-13
48.9738551741,2.3106974455,7.131203928496157e-14
48.9787490647,2.3106974455,1.3353063691315572e-14
48.7389484253,2.3155913361,2.9620904837933527e-08
48.7438423159,2.3155913361,8.773558805897106e-08
48.7487362065,2.3155913361,2.452423430432379e-07
48.7536300971,2.3155913361,6.46997104163063e-07
48.7585239877,2.3155913361,1.612086217535328e-06
48.7634178783,2.3155913361,3.806880992807993e-06
48.7683117689,2.3155913361,8.641923466988421e-06
48.7732056595,2.3155913361,1.9670961646786944e-05
48.7780995501,2.3155913361,4.841151016832515e-05
48.7829934407,2.3155913361,0.00013398285680626482
48.7878873313,2.3155913361,0.00038598331052560285
48.7927812219,2.3155913361,0.0010204476725654253
48.7976751125,2.3155913361,0.0022723581072938673
48.8025690031,2.3155913361,0.004092888167557184
48.8074628937,2.3155913361,0.005872467754822185
48.8123567843,2.3155913361,0.006704585764335064
48.8172506749,2.3155913361,0.006170845605454228
48.8221445655,2.3155913361,0.004765357643636266
48.8270384561,2.3155913361,0.003398854056539203
48.8319323467,2.3155913361,0.0026230920629919637
48.8368262373,2.3155913361,0.0024074916595337617
48.8417201279,2.3155913361,0.0024269623860952577
48.8466140185,2.3155913361,0.002379114813343844
48.8515079091,2.3155913361,0.00212308783670185
48.8564017997,2.3155913361,0.0016868673201949924
48.8612956903,2.3155913361,0.0012029776228994105
48.8661895809,2.3155913361,0.0008126084275266396
48.8710834715,2.3155913361,0.0005829765033075607
48.8759773621,2.3155913361,0.0004763092174814883
48.8808712527,2.3155913361,0.0003968263447245528
48.8857651433,2.3155913361,0.0002857989121250108
48.8906590339,2.3155913361,0.00016224406514165672
48.8955529245,2.3155913361,7.05009566438411e-05
48.9004468151,2.3155913361,2.370939664683611e-05
48.9053407057,2.3155913361,6.540094905462174e-06
48.9102345963,2.3155913361,1.683701197549754e-06
48.9151284869,2.3155913361,4.7432581406868997e-07
48.9200223775,2.3155913361,1.5181739676417335e-07
48.9249162681,2.3155913361,5.070408646713848e-08
48.9298101587,2.3155913361,1.6484773253413404e-08
48.9347040493,2.3155913361,5.090687311479008e-09
48.9395979399,2.3155913361,1.4850365333444262e-09
48.9444918305,2.3155913361,4.0886838462804717e-10
48.9493857211,2.3155913361,1.0623563998454443e-10
48.9542796117,2.3155913361,2.6049128385669966e-11
48.9591735023,2.3155913361,6.027706902304547e-12
48.9640673929,2.3155913361,1.3162761586322738e-12
48.9689612835,2.3155913361,2.7125506812319004e-13
48.9738551741,2.3155913361,5.275269664403734e-14
48.9787490647,2.3155913361,9.681606484158755e-15
48.7389484253,2.3204852267,5.345211635536428e-08
48.7438423159,2.3204852267,1.551766628198116e-07
48.7487362065,2.3204852267,4.251321949481995e-07
48.7536300971,2.3204852267,1.0991551695663528e-06
48.7585239877,2.3204852267,2.681907886705249e-06
48.7634178783,2.3204852267,6.1769187908677385e-06
48.7683117689,2.3204852267,1.344650830342728e-05
48.7732056595,2.3204852267,2.7841689288651167e-05
48.7780995501,2.3204852267,5.613231743426211e-05
48.7829934407,2.3204852267,0.00011704291067908009
48.7878873313,2.3204852267,0.00027327189857110056
48.7927812219,2.3204852267,0.0007114336714538903
48.7976751125,2.3204852267,0.0018365974393508098
48.8025690031,2.3204852267,0.004173247705270439
48.8074628937,2.3204852267,0.007814333314604635
48.8123567843,2.3204852267,0.011728728995521086
48.8172506749,2.3204852267,0.014001502096536313
48.8221445655,2.3204852267,0.013375446040776003
48.8270384561,2.3204852267,0.010487793314031322
48.8319323467,2.3204852267,0.007180785812083087
48.8368262373,2.3204852267,0.004795192153776888
48.8417201279,2.3204852267,0.00346149302165599
48.8466140185,2.3204852267,0.0026789178275048215
48.8515079091,2.3204852267,0.0020493285231922226
48.8564017997,2.3204852267,0.0014889813829919755
48.8612956903,2.3204852267,0.0010815166483503966
48.8661895809,2.3204852267,0.0008855300746983029
48.8710834715,2.3204852267,0.0008303981695453861
48.8759773621,2.3204852267,0.0007573022609771253
48.8808712527,2.3204852267,0.000574550238541825
48.8857651433,2.3204852267,0.0003373882982835632
48.8906590339,2.3204852267,0.00015041547970127183
48.8955529245,2.3204852267,5.16533526249356e-05
48.9004468151,2.3204852267,1.44973028446239e-05
48.9053407057,2.3204852267,3.795168745023056e-06
48.9102345963,2.3204852267,1.094480904983234e-06
48.9151284869,2.3204852267,3.6196367947951207e-07
48.9200223775,2.3204852267,1.2544447109348463e-07
48.9249162681,2.3204852267,4.235635239621568e-08
48.9298101587,2.3204852267,1.35851823939442e-08
48.9347040493,2.3204852267,4.116009207835044e-09
48.9395979399,2.3204852267,1.1769870005772825e-09
48.9444918305,2.3204852267,3.176194810523963e-10
48.9493857211,2.3204852267,8.088701895687373e-11
48.9542796117,2.3204852267,1.9439563086797347e-11
48.9591735023,2.3204852267,4.408898771874864e-12
48.9640673929,2.3204852267,9.436473247382353e-13
48.9689612835,2.3204852267,1.9060103563815597e-13
48.9738551741,2.3204852267,3.633095021450903e-14
48.9787490647,2.3204852267,6.535280234809882e-15
48.7389484253,2.3253791173,8.980113557965777e-08
48.7438423159,2.3253791173,2.5552183563890614e-07
48.7487362065,2.3253791173,6.861359393436e-07
48.7536300971,2.3253791173,1.738714582772732e-06
48.7585239877,2.3253791173,4.157982505764977e-06
48.7634178783,2.3253791173,9.383738388616526e-06
48.7683117689,2.3253791173,1.9986220236209354e-05
48.7732056595,2.3253791173,4.018886302268137e-05
48.7780995501,2.3253791173,7.645366809006075e-05
48.7829934407,2.3253791173,0.0001388772426570721
48.7878873313,2.3253791173,0.00024855537414095955
48.7927812219,2.3253791173,0.00046994331794813723
48.7976751125,2.3253791173,0.001003807495206102
48.8025690031,2.3253791173,0.0023285983469852464
48.8074628937,2.3253791173,0.005166262450274753
48.8123567843,2.3253791173,0.009876126977925677
48.8172506749,2.3253791173,0.01543594683697388
48.8221445655,2.3253791173,0.019334393134857276
48.8270384561,2.3253791173,0.019362297314627276
48.8319323467,2.3253791173,0.015687549116122235
48.8368262373,2.3253791173,0.010609563717018471
48.8417201279,2.3253791173,0.006362720067604525
48.8466140185,2.3253791173,0.003697387141676109
48.8515079091,2.3253791173,0.002275615142080413
48.8564017997,2.3253791173,0.0016060978292633781
48.8612956903,2.3253791173,0.001396484536926379
48.8661895809,2.3253791173,0.0014046423408168585
48.8710834715,2.3253791173,0.0013430648899541027
48.8759773621,2.3253791173,0.001052311468823289
48.8808712527,2.3253791173,0.0006340550760187188
48.8857651433,2.3253791173,0.00028917872716933984
48.8906590339,2.3253791173,0.00010139008466872898
48.8955529245,2.3253791173,2.901698868886489e-05
48.9004468151,2.3253791173,7.758100937128702e-06
48.9053407057,2.3253791173,2.3012310266256657e-06
48.9102345963,2.3253791173,7.884734394520408e-07
48.9151284869,2.3253791173,2.8378892216178206e-07
48.9200223775,2.3253791173,9.953138268862855e-08
48.9249162681,2.3253791173,3.3156623965105786e-08
48.9298101587,2.3253791173,1.0433555044810162e-08
48.9347040493,2.3253791173,3.0986794061733508e-09
48.9395979399,2.3253791173,8.684820997984113e-10
48.9444918305,2.3253791173,2.2971074500979647e-10
48.9493857211,2.3253791173,5.733736351409697e-11
48.9542796117,2.3253791173,1.3506103903195257e-11
48.9591735023,2.3253791173,3.002329898536781e-12
48.9640673929,2.3253791173,6.298290579824949e-13
48.9689612835,2.3253791173,1.2468750461434735e-13
48.9738551741,2.3253791173,2.329480777022154e-14
48.9787490647,2.3253791173,4.107062256661481e-15
48.7389484253,2.3302730079,1.404588263714109e-07
48.7438423159,2.3302730079,3.917237676359757e-07
48.7487362065,2.3302730079,1.0309717690447826e-06
48.7536300971,2.3302730079,2.5606464273668344e-06
48.7585239877,2.3302730079,6.001898200301827e-06
48.7634178783,2.3302730079,1.3275923383946913e-05
48.7683117689,2.3302730079,2.7712932970924348e-05
48.7732056595,2.3302730079,5.459621006203211e-05
48.7780995501,2.3302730079,0.00010153023487956558
48.7829934407,2.3302730079,0.00017839033303912032
48.7878873313,2.3302730079,0.0002972187830617283
48.7927812219,2.3302730079,0.0004757349480082232
48.7976751125,2.3302730079,0.0007587269376129351
48.8025690031,2.3302730079,0.0012876079515383068
48.8074628937,2.3302730079,0.002424593123731702
48.8123567843,2.3302730079,0.004780159921809942
48.8172506749,2.3302730079,0.008792469616015796
48.8221445655,2.3302730079,0.013824815000071046
48.8270384561,2.3302730079,0.017782006754729664
48.8319323467,2.3302730079,0.01840968049318228
48.8368262373,2.3302730079,0.015363342952656149
48.8417201279,2.3302730079,0.010548114920982883
48.8466140185,2.3302730079,0.006305998752190939
48.8515079091,2.3302730079,0.0037532720757115683
48.8564017997,2.3302730079,0.002724115131066694
48.8612956903,2.3302730079,0.002490547896080742
48.8661895809,2.3302730079,0.0023113767137977557
48.8710834715,2.3302730079,0.00180746315954657
48.8759773621,2.3302730079,0.0010995677023446445
48.8808712527,2.3302730079,0.0005090126028984214
48.8857651433,2.3302730079,0.00018159782047053098
48.8906590339,2.3302730079,5.296908584444305e-05
48.8955529245,2.3302730079,1.4483288721728735e-05
48.9004468151,2.3302730079,4.425158731550252e-06
48.9053407057,2.3302730079,1.5714072140578572e-06
48.9102345963,2.3302730079,5.87285169788309e-07
48.9151284869,2.3302730079,2.1391907291521274e-07
48.9200223775,2.3302730079,7.401157979664266e-08
48.9249162681,2.3302730079,2.4188372957394022e-08
48.9298101587,2.3302730079,7.461028949511518e-09
48.9347040493,2.3302730079,2.171858336265268e-09
48.9395979399,2.3302730079,5.966238930173638e-10
48.9444918305,2.3302730079,1.546698932867803e-10
48.9493857211,2.3302730079,3.7839630928070043e-11
48.9542796117,2.3302730079,8.736227918675194e-12
48.9591735023,2.3302730079,1.903430295514412e-12
48.9640673929,2.3302730079,3.9136858005462553e-13
48.9689612835,2.3302730079,7.594005256269709e-14
48.9738551741,2.3302730079,1.39056658067652e-14
48.9787490647,2.3302730079,2.402971610055659e-15
48.7389484253,2.3351668985000003,2.0453447783516552e-07
48.7438423159,2.3351668985000003,5.590905134743266e-07
48.7487362065,2.3351668985000003,1.4422274299327353e-06
48.7536300971,2.3351668985000003,3.510926653642494e-06
48.7585239877,2.3351668985000003,8.065807360674163e-06
48.7634178783,2.3351668985000003,1.748716408403411e-05
48.7683117689,2.3351668985000003,3.578197021706779e-05
48.7732056595,2.3351668985000003,6.911533072327478e-05
48.7780995501,2.3351668985000003,0.0001260993388856277
48.7829934407,2.3351668985000003,0.00021763398543439574
48.7878873313,2.3351668985000003,0.00035642984196098933
48.7927812219,2.3351668985000003,0.0005570264203724732
48.7976751125,2.3351668985000003,0.0008379115563726067
48.8025690031,2.3351668985000003,0.0012290023024907888
48.8074628937,2.3351668985000003,0.0017929556437552543
48.8123567843,2.3351668985000003,0.0026688843665044685
48.8172506749,2.3351668985000003,0.004097902048231569
48.8221445655,2.3351668985000003,0.006282120053974091
48.8270384561,2.3351668985000003,0.008985351878310826
48.8319323467,2.3351668985000003,0.011248524197471785
48.8368262373,2.3351668985000003,0.01188523293445513
48.8417201279,2.3351668985000003,0.01057734873199163
48.8466140185,2.3351668985000003,0.008286044362349207
48.8515079091,2.3351668985000003,0.006328850868556068
48.8564017997,2.3351668985000003,0.00517844836522374
48.8612956903,2.3351668985000003,0.004334144949348043
48.8661895809,2.3351668985000003,0.0032325890219273524
48.8710834715,2.3351668985000003,0.0019465953112647492
48.8759773621,2.3351668985000003,0.0009103952976957865
48.8808712527,2.3351668985000003,0.000332018649150198
48.8857651433,2.3351668985000003,9.935436468526572e-05
48.8906590339,2.3351668985000003,2.757387642658382e-05
48.8955529245,2.3351668985000003,8.389839963219271e-06
48.9004468151,2.3351668985000003,2.9702770954277764e-06
48.9053407057,2.3351668985000003,1.1266815037921152e-06
48.9102345963,2.3351668985000003,4.222681456571342e-07
48.9151284869,2.3351668985000003,1.5126534442432926e-07
48.9200223775,2.3351668985000003,5.129959546208977e-08
48.9249162681,2.3351668985000003,1.6430908588205146e-08
48.9298101587,2.3351668985000003,4.9673331740475055e-09
48.9347040493,2.3351668985000003,1.4172207628110292e-09
48.9395979399,2.3351668985000003,3.8158456093491886e-10
48.9444918305,2.3351668985000003,9.695730944540797e-11
48.9493857211,2.3351668985000003,2.324911084486025e-11
48.9542796117,2.3351668985000003,5.260997650072888e-12
48.9591735023,2.3351668985000003,1.123481243264107e-12
48.9640673929,2.3351668985000003,2.264120319152038e-13
48.9689612835,2.3351668985000003,4.305951520956215e-14
48.9738551741,2.3351668985000003,7.728135484997404e-15
48.9787490647,2.3351668985000003,1.3089295616145628e-15
48.7389484253,2.3400607891000003,2.772900804244169e-07
48.7438423159,2.3400607891000003,7.429076253854629e-07
48.7487362065,2.3400607891000003,1.878331197849041e-06
48.7536300971,2.3400607891000003,4.48177304748487e-06
48.7585239877,2.3400607891000003,1.0092109222420128e-05
48.7634178783,2.3400607891000003,2.144955863161817e-05
48.7683117689,2.3400607891000003,4.3044072961401504e-05
48.7732056595,2.3400607891000003,8.163525506009029e-05
48.7780995501,2.3400607891000003,0.00014663649533867552
48.7829934407,2.3400607891000003,0.00025046823883103584
48.7878873313,2.3400607891000003,0.0004092456776668969
48.7927812219,2.3400607891000003,0.0006434957016126551
48.7976751125,2.3400607891000003,0.0009757180367270527
48.8025690031,2.3400607891000003,0.001418494476609096
48.8074628937,2.3400607891000003,0.0019522349944988925
48.8123567843,2.3400607891000003,0.002512527750047287
48.8172506749,2.3400607891000003,0.0030251781740583098
48.8221445655,2.3400607891000003,0.0034945040445853157
48.8270384561,2.3400607891000003,0.004056003979132339
48.8319323467,2.3400607891000003,0.004871545690618488
48.8368262373,2.3400607891000003,0.0059305355167667195
48.8417201279,2.3400607891000003,0.00702225973807353
48.8466140185,2.3400607891000003,0.007895522759546766
48.8515079091,2.3400607891000003,0.0082580975507259
48.8564017997,2.3400607891000003,0.00770157028015225
48.8612956903,2.3400607891000003,0.006067661894173405
48.8661895809,2.3400607891000003,0.003879688644704435
48.8710834715,2.3400607891000003,0.0019843632816538056
48.8759773621,2.3400607891000003,0.0008215428233387075
48.8808712527,2.3400607891000003,0.000285597733862951
48.8857651433,2.3400607891000003,8.831502610066312e-05
48.8906590339,2.3400607891000003,2.6019864477595668e-05
48.8955529245,2.3400607891000003,7.797727273297271e-06
48.9004468151,2.3400607891000003,2.482925693787459e-06
48.9053407057,2.3400607891000003,8.414128841492215e-07
48.9102345963,2.3400607891000003,2.929342633811688e-07
48.9151284869,2.3400607891000003,1.0058755531509546e-07
48.9200223775,2.3400607891000003,3.3188767524930784e-08
48.9249162681,2.3400607891000003,1.0397334531050168e-08
48.9298101587,2.3400607891000003,3.0792874090162786e-09
48.9347040493,2.3400607891000003,8.610000604123828e-10
48.9395979399,2.3400607891000003,2.2721275912876636e-10
48.9444918305,2.3400607891000003,5.658558548691858e-11
48.9493857211,2.3400607891000003,1.3298911995376216e-11
48.9542796117,2.3400607891000003,2.9495960644297946e-12
48.9591735023,2.3400607891000003,6.173691981726961e-13
48.9640673929,2.3400607891000003,1.219448125799959e-13
48.9689612835,2.3400607891000003,2.273095389580789e-14
48.9738551741,2.3400607891000003,3.9985998861808324e-15
48.9787490647,2.3400607891000003,6.637953336497741e-16
48.7389484253,2.3449546797000003,3.499878420012718e-07
48.7438423159,2.3449546797000003,9.190530748363942e-07
48.7487362065,2.3449546797000003,2.2775812455286854e-06
48.7536300971,2.3449546797000003,5.326986989090976e-06
48.7585239877,2.3449546797000003,1.1761423664828586e-05
48.7634178783,2.3449546797000003,2.4529341240684498e-05
48.7683117689,2.3449546797000003,4.840005054834973e-05
48.7732056595,2.3449546797000003,9.065009839107385e-05
48.7780995501,2.3449546797000003,0.0001620551175267023
48.7829934407,2.3449546797000003,0.0002784578781180167
48.7878873313,2.3449546797000003,0.0004622066569947747
48.7927812219,2.3449546797000003,0.000739667786565824
48.7976751125,2.3449546797000003,0.001128065978689838
48.8025690031,2.3449546797000003,0.0016099891020509044
48.8074628937,2.3449546797000003,0.002111520109360126
48.8123567843,2.3449546797000003,0.0025143332874624845
48.8172506749,2.3449546797000003,0.0027156159562006423
48.8221445655,2.3449546797000003,0.0027083343776543698
48.8270384561,2.3449546797000003,0.0026389003580886607
48.8319323467,2.3449546797000003,0.0028231774704031262
48.8368262373,2.3449546797000003,0.00367714986179466
48.8417201279,2.3449546797000003,0.005424727401159817
48.8466140185,2.3449546797000003,0.007611372860116237
48.8515079091,2.3449546797000003,0.009045071847550039
48.8564017997,2.3449546797000003,0.00871158036858678
48.8612956903,2.3449546797000003,0.0067784401184322295
48.8661895809,2.3449546797000003,0.004341215552630541
48.8710834715,2.3449546797000003,0.002351372012109501
48.8759773621,2.3449546797000003,0.001100498368726599
48.8808712527,2.3449546797000003,0.0004481627047384975
48.8857651433,2.3449546797000003,0.00015828297303124495
48.8906590339,2.3449546797000003,4.847902873975618e-05
48.8955529245,2.3449546797000003,1.3102464699726572e-05
48.9004468151,2.3449546797000003,3.2782111016190995e-06
48.9053407057,2.3449546797000003,8.233442870060673e-07
48.9102345963,2.3449546797000003,2.239306073480835e-07
48.9151284869,2.3449546797000003,6.64399201676602e-08
48.9200223775,2.3449546797000003,2.040252679452431e-08
48.9249162681,2.3449546797000003,6.159061185450972e-09
48.9298101587,2.3449546797000003,1.7794385582177223e-09
48.9347040493,2.3449546797000003,4.871160149565188e-10
48.9395979399,2.3449546797000003,1.259636249671098e-10
48.9444918305,2.3449546797000003,3.074570976521281e-11
48.9493857211,2.3449546797000003,7.082337096119958e-12
48.9542796117,2.3449546797000003,1.5395979263586614e-12
48.9591735023,2.3449546797000003,3.158452701477968e-13
48.9640673929,2.3449546797000003,6.11473220653783e-14
48.9689612835,2.3449546797000003,1.1171628078130469e-14
48.9738551741,2.3449546797000003,1.926155982467381e-15
48.9787490647,2.3449546797000003,3.134024567588446e-16
48.7389484253,2.3498485703,4.112720130321525e-07
48.7438423159,2.3498485703,1.0585923443959819e-06
48.7487362065,2.3498485703,2.571880822901777e-06
48.7536300971,2.3498485703,5.900561780049208e-06
48.7585239877,2.3498485703,1.2799381797877755e-05
48.7634178783,2.3498485703,2.632425310494459e-05
48.7683117689,2.3498485703,5.160560499191536e-05
48.7732056595,2.3498485703,9.718564004915353e-05
48.7780995501,2.3498485703,0.0001771845686609902
48.7829934407,2.3498485703,0.00031337105952023385
48.7878873313,2.3498485703,0.0005330319929747901
48.7927812219,2.3498485703,0.0008559985700492975
48.7976751125,2.3498485703,0.0012699249830443195
48.8025690031,2.3498485703,0.0017099191915886478
48.8074628937,2.3498485703,0.0020700491591132382
48.8123567843,2.3498485703,0.002254925338972539
48.8172506749,2.3498485703,0.0022404054858140175
48.8221445655,2.3498485703,0.0021085018017300626
48.8270384561,2.3498485703,0.002069208095010491
48.8319323467,2.3498485703,0.00247563008175247
48.8368262373,2.3498485703,0.003687114446141837
48.8417201279,2.3498485703,0.0056406042565068865
48.8466140185,2.3498485703,0.00755001690519602
48.8515079091,2.3498485703,0.008415431669211198
48.8564017997,2.3498485703,0.007907899563015148
48.8612956903,2.3498485703,0.006462247850205021
48.8661895809,2.3498485703,0.004678329906460049
48.8710834715,2.3498485703,0.002981131794216799
48.8759773621,2.3498485703,0.0016386529154015978
48.8808712527,2.3498485703,0.0007631641579553479
48.8857651433,2.3498485703,0.0002982624164339991
48.8906590339,2.3498485703,9.761794379069423e-05
48.8955529245,2.3498485703,2.688101766003976e-05
48.9004468151,2.3498485703,6.320043261361566e-06
48.9053407057,2.3498485703,1.3141343019828628e-06
48.9102345963,2.3498485703,2.6012582849824526e-07
48.9151284869,2.3498485703,5.477751159600722e-08
48.9200223775,2.3498485703,1.3223279311640651e-08
48.9249162681,2.3498485703,3.5372506127446907e-09
48.9298101587,2.3498485703,9.678613512490305e-10
48.9347040493,2.3498485703,2.5722390139243533e-10
48.9395979399,2.3498485703,6.504736771796944e-11
48.9444918305,2.3498485703,1.5554379806684843e-11
48.9493857211,2.3498485703,3.5115060709717197e-12
48.9542796117,2.3498485703,7.481750057994094e-13
48.9591735023,2.3498485703,1.5043683159632365e-13
48.9640673929,2.3498485703,2.854577551579475e-14
48.9689612835,2.3498485703,5.1117023842232846e-15
48.9738551741,2.3498485703,8.638239505263294e-16
48.9787490647,2.3498485703,1.3775928520194297e-16
48.7389484253,2.3547424609,4.5002959022837497e-07
48.7438423159,2.3547424609,1.1360110560657195e-06
48.7487362065,2.3547424609,2.7102274380256898e-06
48.7536300971,2.3547424609,6.126335775177689e-06
48.7585239877,2.3547424609,1.3190049892665656e-05
48.7634178783,2.3547424609,2.7286814971420623e-05
48.7683117689,2.3547424609,5.4817047224666744e-05
48.7732056595,2.3547424609,0.00010762359701100035
48.7780995501,2.3547424609,0.0002053932820221184
48.7829934407,2.3547424609,0.000373869772672607
48.7878873313,2.3547424609,0.0006326095844171936
48.7927812219,2.3547424609,0.0009721390751554608
48.7976751125,2.3547424609,0.001336344359046901
48.8025690031,2.3547424609,0.0016347276491014743
48.8074628937,2.3547424609,0.0017888595304967542
48.8123567843,2.3547424609,0.0017816093381546629
48.8172506749,2.3547424609,0.0016773012596208144
48.8221445655,2.3547424609,0.0016282624491992378
48.8270384561,2.3547424609,0.0018861386093725707
48.8319323467,2.3547424609,0.002710796601737545
48.8368262373,2.3547424609,0.004058005983132359
48.8417201279,2.3547424609,0.005378106585285022
48.8466140185,2.3547424609,0.006062216984222332
48.8515079091,2.3547424609,0.006080908624875669
48.8564017997,2.3547424609,0.0058003091035202315
48.8612956903,2.3547424609,0.005328237910849535
48.8661895809,2.3547424609,0.004490635084718642
48.8710834715,2.3547424609,0.0032919885433976945
48.8759773621,2.3547424609,0.0020376630399202957
48.8808712527,2.3547424609,0.001052605781041031
48.8857651433,2.3547424609,0.00045220929023085174
48.8906590339,2.3547424609,0.00016150438643456114
48.8955529245,2.3547424609,4.8011366892147e-05
48.9004468151,2.3547424609,1.1921601109655763e-05
48.9053407057,2.3547424609,2.494080065852556e-06
48.9102345963,2.3547424609,4.49276833614896e-07
48.9151284869,2.3547424609,7.349019386502887e-08
48.9200223775,2.3547424609,1.2165342136309321e-08
48.9249162681,2.3547424609,2.3243344551907157e-09
48.9298101587,2.3547424609,5.26323542350607e-10
48.9347040493,2.3547424609,1.2894166358959294e-10
48.9395979399,2.3547424609,3.141329642657432e-11
48.9444918305,2.3547424609,7.332646417549299e-12
48.9493857211,2.3547424609,1.6211701488629988e-12
48.9542796117,2.3547424609,3.3850085678724034e-13
48.9591735023,2.3547424609,6.670918860591304e-14
48.9640673929,2.3547424609,1.2406711897471934e-14
48.9689612835,2.3547424609,2.177534031411936e-15
48.9738551741,2.3547424609,3.6066941266366784e-16
48.9787490647,2.3547424609,5.63754014453116e-17
48.7389484253,2.3596363515,4.593681514658878e-07
48.7438423159,2.3596363515,1.1419101196092204e-06
48.7487362065,2.3596363515,2.7031166921423274e-06
48.7536300971,2.3596363515,6.155294690634484e-06
48.7585239877,2.3596363515,1.3674028390026092e-05
48.7634178783,2.3596363515,2.9980054998719535e-05
48.7683117689,2.3596363515,6.475777966125215e-05
48.7732056595,2.3596363515,0.00013506089946940502
48.7780995501,2.3596363515,0.0002636718321807321
48.7829934407,2.3596363515,0.0004677571971452648
48.7878873313,2.3596363515,0.0007384683254696691
48.7927812219,2.3596363515,0.0010267093807296783
48.7976751125,2.3596363515,0.0012564780622786693
48.8025690031,2.3596363515,0.001366633479338246
48.8074628937,2.3596363515,0.0013504930605917845
48.8123567843,2.3596363515,0.0012656306841088364
48.8172506749,2.3596363515,0.001230507389008538
48.8221445655,2.3596363515,0.001429830435263226
48.8270384561,2.3596363515,0.002044646103987393
48.8319323467,2.3596363515,0.0030006820733874348
48.8368262373,2.3596363515,0.0038039976506585096
48.8417201279,2.3596363515,0.003954188658126076
48.8466140185,2.3596363515,0.003580294403732599
48.8515079091,2.3596363515,0.0032952275055348488
48.8564017997,2.3596363515,0.003407702390049324
48.8612956903,2.3596363515,0.003623699683889149
48.8661895809,2.3596363515,0.0034875730661227296
48.8710834715,2.3596363515,0.0028575944534134164
48.8759773621,2.3596363515,0.0019558341841547375
48.8808712527,2.3596363515,0.001112711730479182
48.8857651433,2.3596363515,0.0005255815869157344
48.8906590339,2.3596363515,0.00020607510064125497
48.8955529245,2.3596363515,6.708976931890081e-05
48.9004468151,2.3596363515,1.8150875848581555e-05
48.9053407057,2.3596363515,4.0892999621997435e-06
48.9102345963,2.3596363515,7.711975665559142e-07
48.9151284869,2.3596363515,1.2341559300328326e-07
48.9200223775,2.3596363515,1.738150987482302e-08
48.9249162681,2.3596363515,2.3549332147917455e-09
48.9298101587,2.3596363515,3.5761147975024165e-10
48.9347040493,2.3596363515,6.721977568173606e-11
48.9395979399,2.3596363515,1.456741150748978e-11
48.9444918305,2.3596363515,3.241251538001422e-12
48.9493857211,2.3596363515,6.977939754490217e-13
48.9542796117,2.3596363515,1.4261743965619464e-13
48.9591735023,2.3596363515,2.7541238334960075e-14
48.9640673929,2.3596363515,5.020233976724645e-15
48.9689612835,2.3596363515,8.636044507552767e-16
48.9738551741,2.3596363515,1.401986048364789e-16
48.9787490647,2.3596363515,2.1478734966594948e-17
48.7389484253,2.3645302421,4.439485104497851e-07
48.7438423159,2.3645302421,1.115064918604492e-06
48.7487362065,2.3645302421,2.751504449477838e-06
48.7536300971,2.3645302421,6.7931725350450795e-06
48.7585239877,2.3645302421,1.6816616601212854e-05
48.7634178783,2.3645302421,4.0783368331295395e-05
48.7683117689,2.3645302421,9.321096155854452e-05
48.7732056595,2.3645302421,0.00019347449231841378
48.7780995501,2.3645302421,0.0003553353947133593
48.7829934407,2.3645302421,0.0005691277565326649
48.7878873313,2.3645302421,0.0007909938099623595
48.7927812219,2.3645302421,0.0009572681071157479
48.7976751125,2.3645302421,0.0010218400103965252
48.8025690031,2.3645302421,0.0009873046423808632
48.8074628937,2.3645302421,0.0009063975859020918
48.8123567843,2.3645302421,0.0008707459262176458
48.8172506749,2.3645302421,0.0010123260233412899
48.8221445655,2.3645302421,0.0014599927123939785
48.8270384561,2.3645302421,0.002157267930137163
48.8319323467,2.3645302421,0.0027156472230217186
48.8368262373,2.3645302421,0.002695725458827679
48.8417201279,2.3645302421,0.002132751629067277
48.8466140185,2.3645302421,0.001542128571450533
48.8515079091,2.3645302421,0.0013619208774696486
48.8564017997,2.3645302421,0.0015959383999350288
48.8612956903,2.3645302421,0.0019444492836923589
48.8661895809,2.3645302421,0.002090369849135067
48.8710834715,2.3645302421,0.001891435771381311
48.8759773621,2.3645302421,0.0014252368529057604
48.8808712527,2.3645302421,0.0008920776690480864
48.8857651433,2.3645302421,0.0004634557827511495
48.8906590339,2.3645302421,0.00019979969374217426
48.8955529245,2.3645302421,7.147498265022629e-05
48.9004468151,2.3645302421,2.122113627200652e-05
48.9053407057,2.3645302421,5.232058004571281e-06
48.9102345963,2.3645302421,1.07261545732775e-06
48.9151284869,2.3645302421,1.8346590231407328e-07
48.9200223775,2.3645302421,2.6422814301976373e-08
48.9249162681,2.3645302421,3.287714414721104e-09
48.9298101587,2.3645302421,3.7905671496011995e-10
48.9347040493,2.3645302421,4.7012622009467866e-11
48.9395979399,2.3645302421,7.322536415073343e-12
48.9444918305,2.3645302421,1.3937306114892145e-12
48.9493857211,2.3645302421,2.8247019664266925e-13
48.9542796117,2.3645302421,5.605321353162244e-14
48.9591735023,2.3645302421,1.0589599845851728e-14
48.9640673929,2.3645302421,1.8913140922344955e-15
48.9689612835,2.3645302421,3.188731710779913e-16
48.9738551741,2.3645302421,5.073745598699567e-17
48.9787490647,2.3645302421,7.618650779616197e-18
48.7389484253,2.3694241327,4.4750957041381296e-07
48.7438423159,2.3694241327,1.2591901941872607e-06
48.7487362065,2.3694241327,3.6345916302806278e-06
48.7536300971,2.3694241327,1.0438904886288286e-05
48.7585239877,2.3694241327,2.8374437116957854e-05
48.7634178783,2.3694241327,6.979576809202671e-05
48.7683117689,2.3694241327,0.00015083698277000413
48.7732056595,2.3694241327,0.00028175049562259065
48.7780995501,2.3694241327,0.00045158268818657973
48.7829934407,2.3694241327,0.0006205779923719367
48.7878873313,2.3694241327,0.0007352357994748965
48.7927812219,2.3694241327,0.0007614608929365454
48.7976751125,2.3694241327,0.0007085842068166522
48.8025690031,2.3694241327,0.0006246124784095674
48.8074628937,2.3694241327,0.0005790257678199337
48.8123567843,2.3694241327,0.0006597080290864074
48.8172506749,2.3694241327,0.000951108634930583
48.8221445655,2.3694241327,0.0014216573350153974
48.8270384561,2.3694241327,0.0018148247830172956
48.8319323467,2.3694241327,0.00181106522279265
48.8368262373,2.3694241327,0.0013831078733725325
48.8417201279,2.3694241327,0.0008425663964783024
48.8466140185,2.3694241327,0.0005029833904589351
48.8515079091,2.3694241327,0.0004479677158002029
48.8564017997,2.3694241327,0.0005931078445151553
48.8612956903,2.3694241327,0.0008051789180663914
48.8661895809,2.3694241327,0.0009531885087262375
48.8710834715,2.3694241327,0.0009481659193695792
48.8759773621,2.3694241327,0.0007856744709660181
48.8808712527,2.3694241327,0.0005409168599281834
48.8857651433,2.3694241327,0.00030912854372811314
48.8906590339,2.3694241327,0.0001465905263317719
48.8955529245,2.3694241327,5.767295356482195e-05
48.9004468151,2.3694241327,1.8825159920066552e-05
48.9053407057,2.3694241327,5.098776205943022e-06
48.9102345963,2.3694241327,1.1463572795055799e-06
48.9151284869,2.3694241327,2.141469908373693e-07
48.9200223775,2.3694241327,3.3319674093492795e-08
48.9249162681,2.3694241327,4.34707182827033e-09
48.9298101587,2.3694241327,4.849073502451486e-10
48.9347040493,2.3694241327,4.89358896726575e-11
48.9395979399,2.3694241327,5.127346950539218e-12
48.9444918305,2.3694241327,6.721874089245061e-13
48.9493857211,2.3694241327,1.125524334793527e-13
48.9542796117,2.3694241327,2.0776512544243927e-14
48.9591735023,2.3694241327,3.800304789849655e-15
48.9640673929,2.3694241327,6.636495786182113e-16
48.9689612835,2.3694241327,1.096222734051319e-16
48.9738551741,2.3694241327,1.709493776081845e-17
48.9787490647,2.3694241327,2.515927498281786e-18
48.7389484253,2.3743180233,6.633289206775228e-07
48.7438423159,2.3743180233,2.300984067396522e-06
48.7487362065,2.3743180233,7.538575308143168e-06
48.7536300971,2.3743180233,2.2167743045567264e-05
48.7585239877,2.3743180233,5.6769211762003804e-05
48.7634178783,2.3743180233,0.00012464983975175046
48.7683117689,2.3743180233,0.00023296815342488294
48.7732056595,2.3743180233,0.00036971699032374014
48.7780995501,2.3743180233,0.0004988069901399964
48.7829934407,2.3743180233,0.0005752422749906931
48.7878873313,2.3743180233,0.000574146373937288
48.7927812219,2.3743180233,0.0005089062448338151
48.7976751125,2.3743180233,0.00042252365182141114
48.8025690031,2.3743180233,0.0003672540047254039
48.8074628937,2.3743180233,0.00039778645667859876
48.8123567843,2.3743180233,0.0005628829019834623
48.8172506749,2.3743180233,0.0008460942796223821
48.8221445655,2.3743180233,0.0010974607465600444
48.8270384561,2.3743180233,0.0011167616668284076
48.8319323467,2.3743180233,0.0008666531120378212
48.8368262373,2.3743180233,0.0005187015288172379
48.8417201279,2.3743180233,0.00025831228202422333
48.8466140185,2.3743180233,0.00013929357519057044
48.8515079091,2.3743180233,0.00012608733885039296
48.8564017997,2.3743180233,0.00017595828471305856
48.8612956903,2.3743180233,0.0002561788343278398
48.8661895809,2.3743180233,0.00033001607951817257
48.8710834715,2.3743180233,0.00035970102333732207
48.8759773621,2.3743180233,0.0003274387484996373
48.8808712527,2.3743180233,0.00024788474148828085
48.8857651433,2.3743180233,0.00015582278231649963
48.8906590339,2.3743180233,8.128537746664435e-05
48.8955529245,2.3743180233,3.517944570839325e-05
48.9004468151,2.3743180233,1.263059893045992e-05
48.9053407057,2.3743180233,3.762026060253246e-06
48.9102345963,2.3743180233,9.29675825724742e-07
48.9151284869,2.3743180233,1.9067061931975784e-07
48.9200223775,2.3743180233,3.2479017167773124e-08
48.9249162681,2.3743180233,4.60396559171507e-09
48.9298101587,2.3743180233,5.460367683408856e-10
48.9347040493,2.3743180233,5.5062136076063846e-11
48.9395979399,2.3743180233,4.9555821483857205e-12
48.9444918305,2.3743180233,4.5238654276541756e-13
48.9493857211,2.3743180233,5.12686585811227e-14
48.9542796117,2.3743180233,7.638323253604419e-15
48.9591735023,2.3743180233,1.2884906132315376e-15
48.9640673929,2.3743180233,2.1742049182922425e-16
48.9689612835,2.3743180233,3.510245637283434e-17
48.9738551741,2.3743180233,5.362744238676035e-18
48.9787490647,2.3743180233,7.735214579073035e-19
48.7389484253,2.3792119139,1.76225419163175e-06
48.7438423159,2.3792119139,6.211167591735628e-06
48.7487362065,2.3792119139,1.888117773250178e-05
48.7536300971,2.3792119139,4.8874680593704814e-05
48.7585239877,2.3792119139,0.00010710437951508194
48.7634178783,2.3792119139,0.00019822661934700833
48.7683117689,2.3792119139,0.0003097383196263498
48.7732056595,2.3792119139,0.0004092124537985282
48.7780995501,2.3792119139,0.0004590260140845791
48.7829934407,2.3792119139,0.0004413234961707997
48.7878873313,2.3792119139,0.00037135608262386325
48.7927812219,2.3792119139,0.0002868639189007782
48.7976751125,2.3792119139,0.00022726223977234588
48.8025690031,2.3792119139,0.00022494596179129222
48.8074628937,2.3792119139,0.0003039766781582869
48.8123567843,2.3792119139,0.00045476646490891855
48.8172506749,2.3792119139,0.000597703072275676
48.8221445655,2.3792119139,0.0006209519219026887
48.8270384561,2.3792119139,0.0004944776428735104
48.8319323467,2.3792119139,0.000304726203966548
48.8368262373,2.3792119139,0.00015354379871356397
48.8417201279,2.3792119139,7.239511997621076e-05
48.8466140185,2.3792119139,4.054659933742124e-05
48.8515079091,2.3792119139,3.4326855330987755e-05
48.8564017997,2.3792119139,4.346284566446358e-05
48.8612956903,2.3792119139,6.348481919356661e-05
48.8661895809,2.3792119139,8.71546961994285e-05
48.8710834715,2.3792119139,0.00010342450526224778
48.8759773621,2.3792119139,0.00010321178674494706
48.8808712527,2.3792119139,8.585303864132054e-05
48.8857651433,2.3792119139,5.9345824567360824e-05
48.8906590339,2.3792119139,3.405271453299475e-05
48.8955529245,2.3792119139,1.6212565459115475e-05
48.9004468151,2.3792119139,6.403454808752749e-06
48.9053407057,2.3792119139,2.0980428042859858e-06
48.9102345963,2.3792119139,5.702411048974532e-07
48.9151284869,2.3792119139,1.285850729847821e-07
48.9200223775,2.3792119139,2.4061602921461563e-08
48.9249162681,2.3792119139,3.738907291819252e-09
48.9298101587,2.3792119139,4.832769649090325e-10
48.9347040493,2.3792119139,5.221313592268833e-11
48.9395979399,2.3792119139,4.784448144992103e-12
48.9444918305,2.3792119139,3.8898226974192953e-13
48.9493857211,2.3792119139,3.175785644025114e-14
48.9542796117,2.3792119139,3.2116185778994876e-15
48.9591735023,2.3792119139,4.3390263919425666e-16
48.9640673929,2.3792119139,6.731565428688839e-17
48.9689612835,2.3792119139,1.0494913391626788e-17
48.9738551741,2.3792119139,1.5669868992643514e-18
48.9787490647,2.3792119139,2.214252587760834e-19
48.7389484253,2.3841058045,5.50488148153908e-06
48.7438423159,2.3841058045,1.6790865625804977e-05
48.7487362065,2.3841058045,4.320685796958855e-05
48.7536300971,2.3841058045,9.363709131757881e-05
48.7585239877,2.3841058045,0.00017080851039546338
48.7634178783,2.3841058045,0.0002623142827058865
48.7683117689,2.3841058045,0.00033951229026236475
48.7732056595,2.3841058045,0.00037133907600955796
48.7780995501,2.3841058045,0.0003453380408533172
48.7829934407,2.3841058045,0.00027709512365113777
48.7878873313,2.3841058045,0.00019904038763493803
48.7927812219,2.3841058045,0.00014111874708040405
48.7976751125,2.3841058045,0.0001220598702075658
48.8025690031,2.3841058045,0.0001511884527628016
48.8074628937,2.3841058045,0.0002214512641881131
48.8123567843,2.3841058045,0.0002935713080229028
48.8172506749,2.3841058045,0.0003111641620534334
48.8221445655,2.3841058045,0.00025475262459745884
48.8270384561,2.3841058045,0.0001630239468581886
48.8319323467,2.3841058045,8.655804864377042e-05
48.8368262373,2.3841058045,4.3111641164180384e-05
48.8417201279,2.3841058045,2.3219642041991643e-05
48.8466140185,2.3841058045,1.4319552143969293e-05
48.8515079091,2.3841058045,1.0419346929477154e-05
48.8564017997,2.3841058045,1.0050617464454878e-05
48.8612956903,2.3841058045,1.2880418797209272e-05
48.8661895809,2.3841058045,1.784921328597085e-05
48.8710834715,2.3841058045,2.2658944013967805e-05
48.8759773621,2.3841058045,2.464967787578028e-05
48.8808712527,2.3841058045,2.2485777856320895e-05
48.8857651433,2.3841058045,1.708003030562265e-05
48.8906590339,2.3841058045,1.0777358168930782e-05
48.8955529245,2.3841058045,5.644101511790949e-06
48.9004468151,2.3841058045,2.4523628526386886e-06
48.9053407057,2.3841058045,8.839372174837197e-07
48.9102345963,2.3841058045,2.6429317646178476e-07
48.9151284869,2.3841058045,6.5552186575046e-08
48.9200223775,2.3841058045,1.3488640408139587e-08
48.9249162681,2.3841058045,2.3032423375469972e-09
48.9298101587,2.3841058045,3.265714526790671e-10
48.9347040493,2.3841058045,3.851369479974884e-11
48.9395979399,2.3841058045,3.796056576533758e-12
48.9444918305,2.3841058045,3.1730574855963733e-13
48.9493857211,2.3841058045,2.3544285843384915e-14
48.9542796117,2.3841058045,1.7601469397769456e-15
48.9591735023,2.3841058045,1.6428347594418059e-16
48.9640673929,2.3841058045,2.0592182726210232e-17
48.9689612835,2.3841058045,2.9615022211085514e-18
48.9738551741,2.3841058045,4.273948771506447e-19
48.9787490647,2.3841058045,5.903636342559849e-20
48.7389484253,2.3889996951,1.5116258581557763e-05
48.7438423159,2.3889996951,3.8400651379920365e-05
48.7487362065,2.3889996951,8.200835722907899e-05
48.7536300971,2.3889996951,0.00014722106956305844
48.7585239877,2.3889996951,0.00022221054360328915
48.7634178783,2.3889996951,0.00028217239739445043
48.7683117689,2.3889996951,0.00030190156263078553
48.7732056595,2.3889996951,0.00027312002576396254
48.7780995501,2.3889996951,0.00021078862627194603
48.7829934407,2.3889996951,0.0001422192051895689
48.7878873313,2.3889996951,9.026753367890093e-05
48.7927812219,2.3889996951,6.576482560061603e-05
48.7976751125,2.3889996951,7.045578227255567e-05
48.8025690031,2.3889996951,9.825190640495281e-05
48.8074628937,2.3889996951,0.0001303924105843135
48.8123567843,2.3889996951,0.0001408311634597222
48.8172506749,2.3889996951,0.00011871952493569622
48.8221445655,2.3889996951,7.923159325797688e-05
48.8270384561,2.3889996951,4.473982725237973e-05
48.8319323467,2.3889996951,2.4178700250024962e-05
48.8368262373,2.3889996951,1.404000330617407e-05
48.8417201279,2.3889996951,8.814908821289027e-06
48.8466140185,2.3889996951,5.643172148602626e-06
48.8515079091,2.3889996951,3.640614522806939e-06
48.8564017997,2.3889996951,2.6031158097972564e-06
48.8612956903,2.3889996951,2.444812203085905e-06
48.8661895809,2.3889996951,2.9877977150272565e-06
48.8710834715,2.3889996951,3.848328044324901e-06
48.8759773621,2.3889996951,4.485827550640454e-06
48.8808712527,2.3889996951,4.4624434958680704e-06
48.8857651433,2.3889996951,3.7174902819469153e-06
48.8906590339,2.3889996951,2.577597732236223e-06
48.8955529245,2.3889996951,1.4844029146250516e-06
48.9004468151,2.3889996951,7.094453718445063e-07
48.9053407057,2.3889996951,2.8130767707456146e-07
48.9102345963,2.3889996951,9.253071091600923e-08
48.9151284869,2.3889996951,2.5247387157350537e-08
48.9200223775,2.3889996951,5.714586015963785e-09
48.9249162681,2.3889996951,1.0730942882228837e-09
48.9298101587,2.3889996951,1.67222643728346e-10
48.9347040493,2.3889996951,2.1639924636713146e-11
48.9395979399,2.3889996951,2.329791866013597e-12
48.9444918305,2.3889996951,2.097818460773877e-13
48.9493857211,2.3889996951,1.6055735444445122e-14
48.9542796117,2.3889996951,1.0985816275579518e-15
48.9591735023,2.3889996951,7.705748986135743e-17
48.9640673929,2.3889996951,6.8714657267629104e-18
48.9689612835,2.3889996951,8.171793707498775e-19
48.9738551741,2.3889996951,1.0974862921315838e-19
48.9787490647,2.3889996951,1.4685300969489604e-20
48.7389484253,2.3938935857,3.3929925184223334e-05
48.7438423159,2.3938935857,7.132680219564402e-05
48.7487362065,2.3938935857,0.00012597995420335844
48.7536300971,2.3938935857,0.0001869744873776652
48.7585239877,2.3938935857,0.0002332549932761534
48.7634178783,2.3938935857,0.00024477536718055845
48.7683117689,2.3938935857,0.00021646166759568388
48.7732056595,2.3938935857,0.00016209036204527485
48.7780995501,2.3938935857,0.00010423371545665497
48.7829934407,2.3938935857,6.030796318732268e-05
48.7878873313,2.3938935857,3.6655751278311094e-05
48.7927812219,2.3938935857,3.173103044947784e-05
48.7976751125,2.3938935857,4.0132076180556534e-05
48.8025690031,2.3938935857,5.259032512426537e-05
48.8074628937,2.3938935857,5.774804200091316e-05
48.8123567843,2.3938935857,5.021194409923822e-05
48.8172506749,2.3938935857,3.5112006455854675e-05
48.8221445655,2.3938935857,2.122780037190582e-05
48.8270384561,2.3938935857,1.251056150400664e-05
48.8319323467,2.3938935857,7.879449124166699e-06
48.8368262373,2.3938935857,5.2399061985059856e-06
48.8417201279,2.3938935857,3.466863022050334e-06
48.8466140185,2.3938935857,2.2029169264050265e-06
48.8515079091,2.3938935857,1.339462984684503e-06
48.8564017997,2.3938935857,8.066792530363098e-07
48.8612956903,2.3938935857,5.395056566566466e-07
48.8661895809,2.3938935857,4.743907857768796e-07
48.8710834715,2.3938935857,5.368900320195496e-07
48.8759773621,2.3938935857,6.341774763189144e-07
48.8808712527,2.3938935857,6.754587934491521e-07
48.8857651433,2.3938935857,6.133600746300657e-07
48.8906590339,2.3938935857,4.663090085119204e-07
48.8955529245,2.3938935857,2.9505112757754883e-07
48.9004468151,2.3938935857,1.5505621774237036e-07
48.9053407057,2.3938935857,6.762595016637883e-08
48.9102345963,2.3938935857,2.4470115587079052e-08
48.9151284869,2.3938935857,7.345210362428099e-09
48.9200223775,2.3938935857,1.8289609961431759e-09
48.9249162681,2.3938935857,3.777917501431245e-10
48.9298101587,2.3938935857,6.474483019710974e-11
48.9347040493,2.3938935857,9.208846012770673e-12
48.9395979399,2.3938935857,1.0879597386122322e-12
48.9444918305,2.3938935857,1.070023586001043e-13
48.9493857211,2.3938935857,8.817292499801949e-15
48.9542796117,2.3938935857,6.208721966786327e-16
48.9591735023,2.3938935857,3.969261223075558e-17
48.9640673929,2.3938935857,2.688215747773584e-18
48.9689612835,2.3938935857,2.369449993479655e-19
48.9738551741,2.3938935857,2.720759535122594e-20
48.9787490647,2.3938935857,3.4287887731717915e-21
48.7389484253,2.3987874763,6.135236598716321e-05
48.7438423159,2.3987874763,0.00010662165538794207
48.7487362065,2.3987874763,0.0001556633970440829
48.7536300971,2.3987874763,0.00019094772759113392
48.7585239877,2.3987874763,0.00019686717378068083
48.7634178783,2.3987874763,0.00017073768659894265
48.7683117689,2.3987874763,0.00012485202966686443
48.7732056595,2.3987874763,7.753422376200336e-05
48.7780995501,2.3987874763,4.1946550338049974e-05
48.7829934407,2.3987874763,2.181842414613478e-05
48.7878873313,2.3987874763,1.4514920559113808e-05
48.7927812219,2.3987874763,1.540042371874849e-05
48.7976751125,2.3987874763,1.9392041612339103e-05
48.8025690031,2.3987874763,2.154446607023646e-05
48.8074628937,2.3987874763,1.935568431240007e-05
48.8123567843,2.3987874763,1.4254211432156565e-05
48.8172506749,2.3987874763,9.282556359637939e-06
48.8221445655,2.3987874763,5.975544436784597e-06
48.8270384561,2.3987874763,4.067243577837318e-06
48.8319323467,2.3987874763,2.8603141984689924e-06
48.8368262373,2.3987874763,1.975191047181815e-06
48.8417201279,2.3987874763,1.3019347640523116e-06
48.8466140185,2.3987874763,8.119937287311953e-07
48.8515079091,2.3987874763,4.790293316622388e-07
48.8564017997,2.3987874763,2.6949120215613367e-07
48.8612956903,2.3987874763,1.4982967565516884e-07
48.8661895809,2.3987874763,9.184474025320543e-08
48.8710834715,2.3987874763,7.310157271381054e-08
48.8759773621,2.3987874763,7.460275636811825e-08
48.8808712527,2.3987874763,7.984132481787945e-08
48.8857651433,2.3987874763,7.735263419008678e-08
48.8906590339,2.3987874763,6.401003893485855e-08
48.8955529245,2.3987874763,4.4380857578009304e-08
48.9004468151,2.3987874763,2.5618313350602566e-08
48.9053407057,2.3987874763,1.2283964588928341e-08
48.9102345963,2.3987874763,4.8886770686649835e-09
48.9151284869,2.3987874763,1.614215590165399e-09
48.9200223775,2.3987874763,4.421722959043499e-10
48.9249162681,2.3987874763,1.0047747158364544e-10
48.9298101587,2.3987874763,1.894158272826857e-11
48.9347040493,2.3987874763,2.962854220345053e-12
48.9395979399,2.3987874763,3.8471653359289116e-13
48.9444918305,2.3987874763,4.1513460307293224e-14
48.9493857211,2.3987874763,3.733805962976565e-15
48.9542796117,2.3987874763,2.8234947903568434e-16
48.9591735023,2.3987874763,1.8430835756449663e-17
48.9640673929,2.3987874763,1.1226225329008616e-18
48.9689612835,2.3987874763,7.606506372244333e-20
48.9738551741,2.3987874763,6.82385909053832e-21
48.9787490647,2.3987874763,7.633926079689642e-22
48.7389484253,2.4036813669,8.909508435500952e-05
48.7438423159,2.4036813669,0.0001279843120868524
48.7487362065,2.4036813669,0.00015444326982498423
48.7536300971,2.4036813669,0.0001565847488318972
48.7585239877,2.4036813669,0.0001334300745583517
48.7634178783,2.4036813669,9.565978953362937e-05
48.7683117689,2.4036813669,5.789154230385769e-05
48.7732056595,2.4036813669,2.9940467527839015e-05
48.7780995501,2.4036813669,1.3944610317207914e-05
48.7829934407,2.4036813669,7.161140163553038e-06
48.7878873313,2.4036813669,5.776282540701687e-06
48.7927812219,2.4036813669,6.618313600484652e-06
48.7976751125,2.4036813669,7.355865316692579e-06
48.8025690031,2.4036813669,6.835057692923239e-06
48.8074628937,2.4036813669,5.3277426332342976e-06
48.8123567843,2.4036813669,3.754428905485466e-06
48.8172506749,2.4036813669,2.637125281327188e-06
48.8221445655,2.4036813669,1.9298138508219025e-06
48.8270384561,2.4036813669,1.4302320377425319e-06
48.8319323467,2.4036813669,1.0299555587497735e-06
48.8368262373,2.4036813669,7.056381453931209e-07
48.8417201279,2.4036813669,4.569695946556317e-07
48.8466140185,2.4036813669,2.793520810547565e-07
48.8515079091,2.4036813669,1.6120976706401716e-07
48.8564017997,2.4036813669,8.79489772885513e-08
48.8612956903,2.4036813669,4.569577495663066e-08
48.8661895809,2.4036813669,2.3323494346836254e-08
48.8710834715,2.4036813669,1.2876148084203396e-08
48.8759773621,2.4036813669,8.987150412959051e-09
48.8808712527,2.4036813669,8.045065777999596e-09
48.8857651433,2.4036813669,7.694112956753054e-09
48.8906590339,2.4036813669,6.743476392158588e-09
48.8955529245,2.4036813669,5.0743997441806716e-09
48.9004468151,2.4036813669,3.2058095822953293e-09
48.9053407057,2.4036813669,1.687535124525038e-09
48.9102345963,2.4036813669,7.381689382932028e-10
48.9151284869,2.4036813669,2.680390416512496e-10
48.9200223775,2.4036813669,8.076058562221329e-11
48.9249162681,2.4036813669,2.0187872215148766e-11
48.9298101587,2.4036813669,4.186579673808196e-12
48.9347040493,2.4036813669,7.203487581202295e-13
48.9395979399,2.4036813669,1.0286173009015973e-13
48.9444918305,2.4036813669,1.2197567447944492e-14
48.9493857211,2.4036813669,1.2031343880630774e-15
48.9542796117,2.4036813669,9.915316038255746e-17
48.9591735023,2.4036813669,6.915507031792327e-18
48.9640673929,2.4036813669,4.2408406528919116e-19
48.9689612835,2.4036813669,2.537257986834674e-20
48.9738551741,2.4036813669,1.7917898898542617e-21
48.9787490647,2.4036813669,1.6643436532509947e-22
48.7389484253,2.4085752575,0.00010383321123024095
48.7438423159,2.4085752575,0.00012329014794147536
48.7487362065,2.4085752575,0.0001229762352213274
48.7536300971,2.4085752575,0.00010305649010334241
48.7585239877,2.4085752575,7.258922693768213e-05
48.7634178783,2.4085752575,4.3034530099851156e-05
48.7683117689,2.4085752575,2.1589387042650008e-05
48.7732056595,2.4085752575,9.3886959961647e-06
48.7780995501,2.4085752575,3.957760465940972e-06
48.7829934407,2.4085752575,2.266815986045881e-06
48.7878873313,2.4085752575,2.142564178023832e-06
48.7927812219,2.4085752575,2.3185033694894514e-06
48.7976751125,2.4085752575,2.224254951376957e-06
48.8025690031,2.4085752575,1.8424577266876382e-06
48.8074628937,2.4085752575,1.408246528370585e-06
48.8123567843,2.4085752575,1.0754010975941055e-06
48.8172506749,2.4085752575,8.412087932987307e-07
48.8221445655,2.4085752575,6.548941581875312e-07
48.8270384561,2.4085752575,4.913155426102689e-07
48.8319323467,2.4085752575,3.498117987300417e-07
48.8368262373,2.4085752575,2.3530152952400024e-07
48.8417201279,2.4085752575,1.4939004827590624e-07
48.8466140185,2.4085752575,8.950850555269196e-08
48.8515079091,2.4085752575,5.0612609862215406e-08
48.8564017997,2.4085752575,2.7014204799567923e-08
48.8612956903,2.4085752575,1.3626107584680273e-08
48.8661895809,2.4085752575,6.533137118286166e-09
48.8710834715,2.4085752575,3.0506051345216402e-09
48.8759773621,2.4085752575,1.4988911922993759e-09
48.8808712527,2.4085752575,8.932781996334342e-10
48.8857651433,2.4085752575,6.801868562746021e-10
48.8906590339,2.4085752575,5.705460418995179e-10
48.8955529245,2.4085752575,4.4865657095886224e-10
48.9004468151,2.4085752575,3.059647678011366e-10
48.9053407057,2.4085752575,1.7587439293084672e-10
48.9102345963,2.4085752575,8.437089354098607e-11
48.9151284869,2.4085752575,3.3656854679662867e-11
48.9200223775,2.4085752575,1.1149089067556342e-11
48.9249162681,2.4085752575,3.0651070134905524e-12
48.9298101587,2.4085752575,6.991973931715918e-13
48.9347040493,2.4085752575,1.323400742245866e-13
48.9395979399,2.4085752575,2.078664410072337e-14
48.9444918305,2.4085752575,2.7105949096249215e-15
48.9493857211,2.4085752575,2.9375969218419987e-16
48.9542796117,2.4085752575,2.6530032167290373e-17
48.9591735023,2.4085752575,2.0112466795806866e-18
48.9640673929,2.4085752575,1.3066956199470085e-19
48.9689612835,2.4085752575,7.713071955845183e-21
48.9738551741,2.4085752575,4.741901717394662e-22
48.9787490647,2.4085752575,3.618786856693726e-23
48.7389484253,2.4134691481,9.709483543596183e-05
48.7438423159,2.4134691481,9.529777258080552e-05
48.7487362065,2.4134691481,7.857170626391762e-05
48.7536300971,2.4134691481,5.442695270701591e-05
48.7585239877,2.4134691481,3.169279028243602e-05
48.7634178783,2.4134691481,1.554658756594993e-05
48.7683117689,2.4134691481,6.488539343103447e-06
48.7732056595,2.4134691481,2.4240832079709843e-06
48.7780995501,2.4134691481,1.0096354498808276e-06
48.7829934407,2.4134691481,6.916949249265062e-07
48.7878873313,2.4134691481,6.846108357217871e-07
48.7927812219,2.4134691481,6.715673433537835e-07
48.7976751125,2.4134691481,5.920531599499226e-07
48.8025690031,2.4134691481,4.905231433911847e-07
48.8074628937,2.4134691481,4.049577378324278e-07
48.8123567843,2.4134691481,3.366429089106929e-07
48.8172506749,2.4134691481,2.7453629222696054e-07
48.8221445655,2.4134691481,2.143914792662933e-07
48.8270384561,2.4134691481,1.5860511176752595e-07
48.8319323467,2.4134691481,1.1081114493792283e-07
48.8368262373,2.4134691481,7.306878474124949e-08
48.8417201279,2.4134691481,4.54696218409717e-08
48.8466140185,2.4134691481,2.670221837022553e-08
48.8515079091,2.4134691481,1.4798264683835089e-08
48.8564017997,2.4134691481,7.739651513004616e-09
48.8612956903,2.4134691481,3.820700856315267e-09
48.8661895809,2.4134691481,1.781718114309713e-09
48.8710834715,2.4134691481,7.881236869322743e-10
48.8759773621,2.4134691481,3.3638202800584743e-10
48.8808712527,2.4134691481,1.4653357588864252e-10
48.8857651433,2.4134691481,7.33354630007838e-11
48.8906590339,2.4134691481,4.59766356362441e-11
48.8955529245,2.4134691481,3.292134309219906e-11
48.9004468151,2.4134691481,2.2907343425099868e-11
48.9053407057,2.4134691481,1.4071379334708884e-11
48.9102345963,2.4134691481,7.339663976175225e-12
48.9151284869,2.4134691481,3.204785491940789e-12
48.9200223775,2.4134691481,1.165185109793834e-12
48.9249162681,2.4134691481,3.5201248821227496e-13
48.9298101587,2.4134691481,8.829187403179685e-14
48.9347040493,2.4134691481,1.838006613128089e-14
48.9395979399,2.4134691481,3.1756438912038563e-15
48.9444918305,2.4134691481,4.555084610365567e-16
48.9493857211,2.4134691481,5.4284929360654223e-17
48.9542796117,2.4134691481,5.385349399585941e-18
48.9591735023,2.4134691481,4.46905857536518e-19
48.9640673929,2.4134691481,3.1429413492386996e-20
48.9689612835,2.4134691481,1.940901430620258e-21
48.9738551741,2.4134691481,1.150758432785014e-22
48.9787490647,2.4134691481,7.675549148391176e-24
48.7389484253,2.4183630387,7.284652254480358e-05
48.7438423159,2.4183630387,5.910089338849447e-05
48.7487362065,2.4183630387,4.02787356733068e-05
48.7536300971,2.4183630387,2.3064166793625723e-05
48.7585239877,2.4183630387,1.110508664843885e-05
48.7634178783,2.4183630387,4.51286571480106e-06
48.7683117689,2.4183630387,1.5792910495662778e-06
48.7732056595,2.4183630387,5.294053463337258e-07
48.7780995501,2.4183630387,2.431002504910305e-07
48.7829934407,2.4183630387,1.9491936291817425e-07
48.7878873313,2.4183630387,1.8971445384336988e-07
48.7927812219,2.4183630387,1.7733982184823829e-07
48.7976751125,2.4183630387,1.5866888371761272e-07
48.8025690031,2.4183630387,1.4064981537348427e-07
48.8074628937,2.4183630387,1.2359457366686888e-07
48.8123567843,2.4183630387,1.0533990175298088e-07
48.8172506749,2.4183630387,8.557325433773839e-08
48.8221445655,2.4183630387,6.576979556437593e-08
48.8270384561,2.4183630387,4.772655609152339e-08
48.8319323467,2.4183630387,3.268581416944643e-08
48.8368262373,2.4183630387,2.112504563801679e-08
48.8417201279,2.4183630387,1.2884638044761146e-08
48.8466140185,2.4183630387,7.4162229142388504e-09
48.8515079091,2.4183630387,4.028370434293322e-09
48.8564017997,2.4183630387,2.0649662913399817e-09
48.8612956903,2.4183630387,9.98941211135257e-10
48.8661895809,2.4183630387,4.560914881337663e-10
48.8710834715,2.4183630387,1.9664496920988981e-10
48.8759773621,2.4183630387,8.027238340148679e-11
48.8808712527,2.4183630387,3.1360956176032854e-11
48.8857651433,2.4183630387,1.2160136686507703e-11
48.8906590339,2.4183630387,5.103963841869457e-12
48.8955529245,2.4183630387,2.565240035396633e-12
48.9004468151,2.4183630387,1.5111799266117503e-12
48.9053407057,2.4183630387,9.084223177824096e-13
48.9102345963,2.4183630387,4.967744773112416e-13
48.9151284869,2.4183630387,2.3385412707469466e-13
48.9200223775,2.4183630387,9.269968030686268e-14
48.9249162681,2.4183630387,3.0678824855666606e-14
48.9298101587,2.4183630387,8.447632646112075e-15
48.9347040493,2.4183630387,1.932667804747372e-15
48.9395979399,2.4183630387,3.671861981117237e-16
48.9444918305,2.4183630387,5.793417897075943e-17
48.9493857211,2.4183630387,7.59548096332712e-18
48.9542796117,2.4183630387,8.287547637248939e-19
48.9591735023,2.4183630387,7.554480856821568e-20
48.9640673929,2.4183630387,5.8082217284721125e-21
48.9689612835,2.4183630387,3.8604160455320233e-22
48.9738551741,2.4183630387,2.3577457384477175e-23
48.9787490647,2.4183630387,1.4948748130206172e-24
48.7389484253,2.4232569293,4.384967205357438e-05
48.7438423159,2.4232569293,2.9407148013826742e-05
48.7487362065,2.4232569293,1.65668483492715e-05
48.7536300971,2.4232569293,7.842307914284045e-06
48.7585239877,2.4232569293,3.1234280381355607e-06
48.7634178783,2.4232569293,1.0542398557623538e-06
48.7683117689,2.4232569293,3.1460393812989453e-07
48.7732056595,2.4232569293,1.0230883898276124e-07
48.7780995501,2.4232569293,5.678809846907403e-08
48.7829934407,2.4232569293,5.080369361000253e-08
48.7878873313,2.4232569293,4.962079253045703e-08
48.7927812219,2.4232569293,4.761089271725596e-08
48.7976751125,2.4232569293,4.499243223249826e-08
48.8025690031,2.4232569293,4.1600280788401716e-08
48.8074628937,2.4232569293,3.6988281925732254e-08
48.8123567843,2.4232569293,3.1241673450071824e-08
48.8172506749,2.4232569293,2.4943628861956644e-08
48.8221445655,2.4232569293,1.8799849206536124e-08
48.8270384561,2.4232569293,1.3372224004860557e-08
48.8319323467,2.4232569293,8.976165261327184e-09
48.8368262373,2.4232569293,5.686095530291221e-09
48.8417201279,2.4232569293,3.3991742739920962e-09
48.8466140185,2.4232569293,1.9176470172835743e-09
48.8515079091,2.4232569293,1.0209391831398908e-09
48.8564017997,2.4232569293,5.129406318797398e-10
48.8612956903,2.4232569293,2.4320409635627257e-10
48.8661895809,2.4232569293,1.0882158860263365e-10
48.8710834715,2.4232569293,4.595407896319857e-11
48.8759773621,2.4232569293,1.8320317006433194e-11
48.8808712527,2.4232569293,6.9053874280677924e-12
48.8857651433,2.4232569293,2.4759372334058793e-12
48.8906590339,2.4232569293,8.622795883372205e-13
48.8955529245,2.4232569293,3.080740478880078e-13
48.9004468151,2.4232569293,1.2328570180712424e-13
48.9053407057,2.4232569293,5.743851987380925e-14
48.9102345963,2.4232569293,2.870816926931412e-14
48.9151284869,2.4232569293,1.3663619519425265e-14
48.9200223775,2.4232569293,5.738933455463686e-15
48.9249162681,2.4232569293,2.053588655083899e-15
48.9298101587,2.4232569293,6.168892100301973e-16
48.9347040493,2.4232569293,1.5461271786469285e-16
48.9395979399,2.4232569293,3.2249372827639925e-17
48.9444918305,2.4232569293,5.5930890867133324e-18
48.9493857211,2.4232569293,8.0668936067224765e-19
48.9542796117,2.4232569293,9.688486170755258e-20
48.9591735023,2.4232569293,9.722588965756852e-21
48.9640673929,2.4232569293,8.219215518378225e-22
48.9689612835,2.4232569293,5.96950730896606e-23
48.9738551741,2.4232569293,3.900662208570391e-24
48.9787490647,2.4232569293,2.516022238437871e-25
48.7389484253,2.4281508199,2.1177067877851778e-05
48.7438423159,2.4281508199,1.1739669736652386e-05
48.7487362065,2.4281508199,5.467092479250577e-06
48.7536300971,2.4281508199,2.1396924118593104e-06
48.7585239877,2.4281508199,7.054783151045838e-07
48.7634178783,2.4281508199,1.988901053799726e-07
48.7683117689,2.4281508199,5.246778062952628e-08
48.7732056595,2.4281508199,1.8750017639531727e-08
48.7780995501,2.4281508199,1.325122212930629e-08
48.7829934407,2.4281508199,1.300134789230508e-08
48.7878873313,2.4281508199,1.323069078483037e-08
48.7927812219,2.4281508199,1.3236774283308591e-08
48.7976751125,2.4281508199,1.2829185229593576e-08
48.8025690031,2.4281508199,1.1883446879374393e-08
48.8074628937,2.4281508199,1.0432349579225289e-08
48.8123567843,2.4281508199,8.65195982720907e-09
48.8172506749,2.4281508199,6.772764970576161e-09
48.8221445655,2.4281508199,5.003395904355749e-09
48.8270384561,2.4281508199,3.4881959467390604e-09
48.8319323467,2.4281508199,2.2949484179309254e-09
48.8368262373,2.4281508199,1.4248887166354382e-09
48.8417201279,2.4281508199,8.348816660013523e-10
48.8466140185,2.4281508199,4.616415157808496e-10
48.8515079091,2.4281508199,2.4089109768443316e-10
48.8564017997,2.4281508199,1.1862401096263914e-10
48.8612956903,2.4281508199,5.5126504390500993e-11
48.8661895809,2.4281508199,2.417600769828833e-11
48.8710834715,2.4281508199,1.0005690131141812e-11
48.8759773621,2.4281508199,3.908055427572647e-12
48.8808712527,2.4281508199,1.4407734306510918e-12
48.8857651433,2.4281508199,5.017445500315768e-13
48.8906590339,2.4281508199,1.655630139450015e-13
48.8955529245,2.4281508199,5.2317005414364514e-14
48.9004468151,2.4281508199,1.630367431905465e-14
48.9053407057,2.4281508199,5.3107738784024015e-15
48.9102345963,2.4281508199,1.9191168636336027e-15
48.9151284869,2.4281508199,7.605967523438094e-16
48.9200223775,2.4281508199,3.0287199181298056e-16
48.9249162681,2.4281508199,1.1085828241369867e-16
48.9298101587,2.4281508199,3.535865067911356e-17
48.9347040493,2.4281508199,9.577678524406185e-18
48.9395979399,2.4281508199,2.1779756547347957e-18
48.9444918305,2.4281508199,4.13743792070972e-19
48.9493857211,2.4281508199,6.555127720805927e-20
48.9542796117,2.4281508199,8.666655285045197e-21
48.9591735023,2.4281508199,9.592162603420745e-22
48.9640673929,2.4281508199,8.95742531996011e-23
48.9689612835,2.4281508199,7.184377679669342e-24
48.9738551741,2.4281508199,5.14419669594492e-25
48.9787490647,2.4281508199,3.5379444459450715e-26
48.7389484253,2.4330447105,8.205521558679991e-06
48.7438423159,2.4330447105,3.7601232742494124e-06
48.7487362065,2.4330447105,1.4475371998993413e-06
48.7536300971,2.4330447105,4.6850355902276797e-07
48.7585239877,2.4330447105,1.2809563063364533e-07
48.7634178783,2.4330447105,3.05584906572946e-08
48.7683117689,2.4330447105,7.715732194384256e-09
48.7732056595,2.4330447105,3.579951054317285e-09
48.7780995501,2.4330447105,3.2117426188617556e-09
48.7829934407,2.4330447105,3.4000797726667857e-09
48.7878873313,2.4330447105,3.576922886105799e-09
48.7927812219,2.4330447105,3.6232089128884604e-09
48.7976751125,2.4330447105,3.4927854285993764e-09
48.8025690031,2.4330447105,3.1861838735897723e-09
48.8074628937,2.4330447105,2.7446659568072284e-09
48.8123567843,2.4330447105,2.2314894534377253e-09
48.8172506749,2.4330447105,1.7121545689008693e-09
48.8221445655,2.4330447105,1.2397318378901908e-09
48.8270384561,2.4330447105,8.471270544929856e-10
48.8319323467,2.4330447105,5.462674333498224e-10
48.8368262373,2.4330447105,3.324283285853058e-10
48.8417201279,2.4330447105,1.9090913046019753e-10
48.8466140185,2.4330447105,1.0346449222403294e-10
48.8515079091,2.4330447105,5.291659845901463e-11
48.8564017997,2.4330447105,2.5540445361863654e-11
48.8612956903,2.4330447105,1.1633247614506388e-11
48.8661895809,2.4330447105,5.00045421310149e-12
48.8710834715,2.4330447105,2.0284021076556217e-12
48.8759773621,2.4330447105,7.764897934910509e-13
48.8808712527,2.4330447105,2.805179380531127e-13
48.8857651433,2.4330447105,9.564480631878555e-14
48.8906590339,2.4330447105,3.0788598727663494e-14
48.8955529245,2.4330447105,9.370325811934735e-15
48.9004468151,2.4330447105,2.7091573140088268e-15
48.9053407057,2.4330447105,7.5428271319794e-16
48.9102345963,2.4330447105,2.0843009867088583e-16
48.9151284869,2.4330447105,5.978756523673032e-17
48.9200223775,2.4330447105,1.8296656268570048e-17
48.9249162681,2.4330447105,5.799998536667375e-18
48.9298101587,2.4330447105,1.7749145438738862e-18
48.9347040493,2.4330447105,4.914651780076242e-19
48.9395979399,2.4330447105,1.1826244883529955e-19
48.9444918305,2.4330447105,2.421933063968986e-20
48.9493857211,2.4330447105,4.180981462336208e-21
48.9542796117,2.4330447105,6.065401414248887e-22
48.9591735023,2.4330447105,7.407663726373794e-23
48.9640673929,2.4330447105,7.674417807104165e-24
48.9689612835,2.4330447105,6.862543544508076e-25
48.9738551741,2.4330447105,5.482832227745806e-26
48.9787490647,2.4330447105,4.1513996761570756e-27
48.7389484253,2.4379386011,2.5508629120785527e-06
48.7438423159,2.4379386011,9.66256422724294e-07
48.7487362065,2.4379386011,3.075199241317335e-07
48.7536300971,2.4379386011,8.234859426190243e-08
48.7585239877,2.4379386011,1.8747655598351204e-08
48.7634178783,2.4379386011,3.913105479790703e-09
48.7683117689,2.4379386011,1.1191039438165788e-09
48.7732056595,2.4379386011,7.647699206823145e-10
48.7780995501,2.4379386011,8.081513603894577e-10
48.7829934407,2.4379386011,8.86962932112886e-10
48.7878873313,2.4379386011,9.36729956125485e-10
48.7927812219,2.4379386011,9.390975015106252e-10
48.7976751125,2.4379386011,8.900051674118326e-10
48.8025690031,2.4379386011,7.963124677046257e-10
48.8074628937,2.4379386011,6.724201880081274e-10
48.8123567843,2.4379386011,5.358434592222918e-10
48.8172506749,2.4379386011,4.0296885711639187e-10
48.8221445655,2.4379386011,2.8598352946724423e-10
48.8270384561,2.4379386011,1.9153428253852967e-10
48.8319323467,2.4379386011,1.2105646126381296e-10
48.8368262373,2.4379386011,7.22046865876372e-11
48.8417201279,2.4379386011,4.064234495563109e-11
48.8466140185,2.4379386011,2.158877925318323e-11
48.8515079091,2.4379386011,1.0822145567580692e-11
48.8564017997,2.4379386011,5.119583309343331e-12
48.8612956903,2.4379386011,2.2855557302931568e-12
48.8661895809,2.4379386011,9.629083990688243e-13
48.8710834715,2.4379386011,3.8283717284113524e-13
48.8759773621,2.4379386011,1.4364127541792877e-13
48.8808712527,2.4379386011,5.086052704851668e-14
48.8857651433,2.4379386011,1.6995012878649794e-14
48.8906590339,2.4379386011,5.3593838024236805e-15
48.8955529245,2.4379386011,1.5952310606626997e-15
48.9004468151,2.4379386011,4.4843047720687e-16
48.9053407057,2.4379386011,1.1927946939396652e-16
48.9102345963,2.4379386011,3.018700590489992e-17
48.9151284869,2.4379386011,7.362289889605332e-18
48.9200223775,2.4379386011,1.769967598915082e-18
48.9249162681,2.4379386011,4.302089033100883e-19
48.9298101587,2.4379386011,1.0642504032119154e-19
48.9347040493,2.4379386011,2.6063309986846795e-20
48.9395979399,2.4379386011,6.0169474096943064e-21
48.9444918305,2.4379386011,1.2512549071159923e-21
48.9493857211,2.4379386011,2.273744540547475e-22
48.9542796117,2.4379386011,3.5531912566442227e-23
48.9591735023,2.4379386011,4.75128927368942e-24
48.9640673929,2.4379386011,5.461212297608951e-25
48.9689612835,2.4379386011,5.479554761746057e-26
48.9738551741,2.4379386011,4.9437726978098784e-27
48.9787490647,2.4379386011,4.194862540621131e-28
48.7389484253,2.4428324917,6.362221173834988e-07
48.7438423159,2.4428324917,1.9921865742206601e-07
48.7487362065,2.4428324917,5.242283747453383e-08
48.7536300971,2.4428324917,1.1628323014115637e-08
48.7585239877,2.4428324917,2.229149150729353e-09
48.7634178783,2.4428324917,4.46329651018048e-10
48.7683117689,2.4428324917,1.8677124040183515e-10
48.7732056595,2.4428324917,1.7859197756298026e-10
48.7780995501,2.4428324917,2.0174803874261713e-10
48.7829934407,2.4428324917,2.2164057917291575e-10
48.7878873313,2.4428324917,2.309558196143605e-10
48.7927812219,2.4428324917,2.2737444986069258e-10
48.7976751125,2.4428324917,2.1129818956077367e-10
48.8025690031,2.4428324917,1.8531203999675116e-10
48.8074628937,2.4428324917,1.5337329793102072e-10
48.8123567843,2.4428324917,1.197931706157164e-10
48.8172506749,2.4428324917,8.829789250491282e-11
48.8221445655,2.4428324917,6.14192593168544e-11
48.8270384561,2.4428324917,4.0317609046721674e-11
48.8319323467,2.4428324917,2.497588702997244e-11
48.8368262373,2.4428324917,1.4601014458742164e-11
48.8417201279,2.4428324917,8.055288482164456e-12
48.8466140185,2.4428324917,4.193871535220364e-12
48.8515079091,2.4428324917,2.060559244497609e-12
48.8564017997,2.4428324917,9.554127790078117e-13
48.8612956903,2.4428324917,4.1805453942595487e-13
48.8661895809,2.4428324917,1.726278250742099e-13
48.8710834715,2.4428324917,6.727049327638973e-14
48.8759773621,2.4428324917,2.4738558306893876e-14
48.8808712527,2.4428324917,8.58539232299597e-15
48.8857651433,2.4428324917,2.8117846398490977e-15
48.8906590339,2.4428324917,8.690426665293761e-16
48.8955529245,2.4428324917,2.5347925682914866e-16
48.9004468151,2.4428324917,6.977650937413515e-17
48.9053407057,2.4428324917,1.8131419632262947e-17
48.9102345963,2.4428324917,4.4505230067360716e-18
48.9151284869,2.4428324917,1.0339464613801447e-18
48.9200223775,2.4428324917,2.284000691733007e-19
48.9249162681,2.4428324917,4.839266950687482e-20
48.9298101587,2.4428324917,9.953172735960016e-21
48.9347040493,2.4428324917,2.0058292247502125e-21
48.9395979399,2.4428324917,3.9485065612735883e-22
48.9444918305,2.4428324917,7.443410834085149e-23
48.9493857211,2.4428324917,1.3048291281978988e-23
48.9542796117,2.4428324917,2.0700638003978937e-24
48.9591735023,2.4428324917,2.920835268622355e-25
48.9640673929,2.4428324917,3.646317880210966e-26
48.9689612835,2.4428324917,4.056715432029608e-27
48.9738551741,2.4428324917,4.100408808005619e-28
48.9787490647,2.4428324917,3.8730938907028905e-29
48.7389484253,2.4477263823,1.2731272999927134e-07
48.7438423159,2.4477263823,3.29551409786723e-08
48.7487362065,2.4477263823,7.17234468592352e-09
48.7536300971,2.4477263823,1.3222166759816423e-09
48.7585239877,2.4477263823,2.2090758799421472e-10
48.7634178783,2.4477263823,5.308085965916862e-11
48.7683117689,2.4477263823,3.7452398849708235e-11
48.7732056595,2.4477263823,4.21351642916537e-11
48.7780995501,2.4477263823,4.79899092554673e-11
48.7829934407,2.4477263823,5.195261586723927e-11
48.7878873313,2.4477263823,5.3126904717725054e-11
48.7927812219,2.4477263823,5.127737195574287e-11
48.7976751125,2.4477263823,4.670716028002686e-11
48.8025690031,2.4477263823,4.014934195024139e-11
48.8074628937,2.4477263823,3.2569379353801214e-11
48.8123567843,2.4477263823,2.4933112733102687e-11
48.8172506749,2.4477263823,1.801272740896669e-11
48.8221445655,2.4477263823,1.2280566764396244e-11
48.8270384561,2.4477263823,7.901204490539756e-12
48.8319323467,2.4477263823,4.797380338001207e-12
48.8368262373,2.4477263823,2.7488494659716096e-12
48.8417201279,2.4477263823,1.486393240257916e-12
48.8466140185,2.4477263823,7.58494512919071e-13
48.8515079091,2.4477263823,3.652642119467852e-13
48.8564017997,2.4477263823,1.659960522739371e-13
48.8612956903,2.4477263823,7.119087885366877e-14
48.8661895809,2.4477263823,2.881289566185688e-14
48.8710834715,2.4477263823,1.1004882663729335e-14
48.8759773621,2.4477263823,3.966613484603712e-15
48.8808712527,2.4477263823,1.3492434248214991e-15
48.8857651433,2.4477263823,4.331084968561384e-16
48.8906590339,2.4477263823,1.312015971942194e-16
48.8955529245,2.4477263823,3.750748143143254e-17
48.9004468151,2.4477263823,1.011893448996968e-17
48.9053407057,2.4477263823,2.5763062419380757e-18
48.9102345963,2.4477263823,6.190640315153661e-19
48.9151284869,2.4477263823,1.4042553601609972e-19
48.9200223775,2.4477263823,3.008844472232766e-20
48.9249162681,2.4477263823,6.098581255478264e-21
48.9298101587,2.4477263823,1.1725656899428663e-21
48.9347040493,2.4477263823,2.1472906290072043e-22
48.9395979399,2.4477263823,3.760128039351015e-23
48.9444918305,2.4477263823,6.3009593542227896e-24
48.9493857211,2.4477263823,1.0050349599240753e-24
48.9542796117,2.4477263823,1.5086934735837738e-25
48.9591735023,2.4477263823,2.1031869497117345e-26
48.9640673929,2.4477263823,2.695945324225144e-27
48.9689612835,2.4477263823,3.1692649605366436e-28
48.9738551741,2.4477263823,3.4360302784511277e-29
48.9787490647,2.4477263823,3.4762595916478905e-30
48.7389484253,2.4526202729,2.0439874041498076e-08
48.7438423159,2.4526202729,4.374154095270023e-09
48.7487362065,2.4526202729,7.880684569004072e-10
48.7536300971,2.4526202729,1.220081987835588e-10
48.7585239877,2.4526202729,1.980833123689733e-11
48.7634178783,2.4526202729,7.938639706671708e-12
48.7683117689,2.4526202729,8.119750096941071e-12
48.7732056595,2.4526202729,9.510240791788904e-12
48.7780995501,2.4526202729,1.0689041912931174e-11
48.7829934407,2.4526202729,1.1352953687795203e-11
48.7878873313,2.4526202729,1.138080905354524e-11
48.7927812219,2.4526202729,1.0766639935492084e-11
48.7976751125,2.4526202729,9.612225647750072e-12
48.8025690031,2.4526202729,8.098484443657726e-12
48.8074628937,2.4526202729,6.439016082529986e-12
48.8123567843,2.4526202729,4.831380312119884e-12
48.8172506749,2.4526202729,3.4210458772711685e-12
48.8221445655,2.4526202729,2.2860331764355735e-12
48.8270384561,2.4526202729,1.4415911819454046e-12
48.8319323467,2.4526202729,8.579019657635402e-13
48.8368262373,2.4526202729,4.818026300703656e-13
48.8417201279,2.4526202729,2.553504499486835e-13
48.8466140185,2.4526202729,1.277144525517345e-13
48.8515079091,2.4526202729,6.028085761392494e-14
48.8564017997,2.4526202729,2.6850647075480582e-14
48.8612956903,2.4526202729,1.1286675728280533e-14
48.8661895809,2.4526202729,4.477270120461692e-15
48.8710834715,2.4526202729,1.6760867910948492e-15
48.8759773621,2.4526202729,5.921280950622015e-16
48.8808712527,2.4526202729,1.9741074603579515e-16
48.8857651433,2.4526202729,6.211004869011842e-17
48.8906590339,2.4526202729,1.8441188637123313e-17
48.8955529245,2.4526202729,5.167160236499085e-18
48.9004468151,2.4526202729,1.3663156139263957e-18
48.9053407057,2.4526202729,3.4094689770385e-19
48.9102345963,2.4526202729,8.028998392712035e-20
48.9151284869,2.4526202729,1.7843646448992226e-20
48.9200223775,2.4526202729,3.742670063323935e-21
48.9249162681,2.4526202729,7.410239440028608e-22
48.9298101587,2.4526202729,1.3855205645373723e-22
48.9347040493,2.4526202729,2.4482597667600892e-23
48.9395979399,2.4526202729,4.093131291248646e-24
48.9444918305,2.4526202729,6.481853192228295e-25
48.9493857211,2.4526202729,9.725944009796681e-26
48.9542796117,2.4526202729,1.3808807195929095e-26
48.9591735023,2.4526202729,1.849000494518134e-27
48.9640673929,2.4526202729,2.3251022932753804e-28
48.9689612835,2.4526202729,2.7369231730639234e-29
48.9738551741,2.4526202729,3.0138395202379243e-30
48.9787490647,2.4526202729,3.1117908673103134e-31
48.7389484253,2.4575141635,2.632891792107544e-09
48.7438423159,2.4575141635,4.65917173199583e-10
48.7487362065,2.4575141635,6.968317118622466e-11
48.7536300971,2.4575141635,9.396058255466209e-12
48.7585239877,2.4575141635,1.965984260616678e-12
48.7634178783,2.4575141635,1.4698478611721673e-12
48.7683117689,2.4575141635,1.7266240622568785e-12
48.7732056595,2.4575141635,2.0115761041613784e-12
48.7780995501,2.4575141635,2.2188302844212385e-12
48.7829934407,2.4575141635,2.310136988834793e-12
48.7878873313,2.4575141635,2.269832414419784e-12
48.7927812219,2.4575141635,2.1046812490207347e-12
48.7976751125,2.4575141635,1.8416829541943744e-12
48.8025690031,2.4575141635,1.520825428526755e-12
48.8074628937,2.4575141635,1.1851677359871083e-12
48.8123567843,2.4575141635,8.715980147898556e-13
48.8172506749,2.4575141635,6.049069889920564e-13
48.8221445655,2.4575141635,3.961839975879095e-13
48.8270384561,2.4575141635,2.448731764868034e-13
48.8319323467,2.4575141635,1.4283066481346566e-13
48.8368262373,2.4575141635,7.862083608627503e-14
48.8417201279,2.4575141635,4.084038390960144e-14
48.8466140185,2.4575141635,2.0020638846925755e-14
48.8515079091,2.4575141635,9.261940881643775e-15
48.8564017997,2.4575141635,4.04354271586736e-15
48.8612956903,2.4575141635,1.665934889625096e-15
48.8661895809,2.4575141635,6.477239708880116e-16
48.8710834715,2.4575141635,2.376609743212512e-16
48.8759773621,2.4575141635,8.229278011038535e-17
48.8808712527,2.4575141635,2.6890665671041088e-17
48.8857651433,2.4575141635,8.292344372515874e-18
48.8906590339,2.4575141635,2.413176368324408e-18
48.8955529245,2.4575141635,6.627301921884892e-19
48.9004468151,2.4575141635,1.7175935969505516e-19
48.9053407057,2.4575141635,4.200877919692944e-20
48.9102345963,2.4575141635,9.696072299581395e-21
48.9151284869,2.4575141635,2.111973109540166e-21
48.9200223775,2.4575141635,4.341301761638931e-22
48.9249162681,2.4575141635,8.421664030574309e-23
48.9298101587,2.4575141635,1.5418491154521088e-23
48.9347040493,2.4575141635,2.6643809191412552e-24
48.9395979399,2.4575141635,4.3465362638498795e-25
48.9444918305,2.4575141635,6.69577450429917e-26
48.9493857211,2.4575141635,9.742802917439198e-27
48.9542796117,2.4575141635,1.3391230465926821e-27
48.9591735023,2.4575141635,1.7380298854015928e-28
48.9640673929,2.4575141635,2.1283162928658808e-29
48.9689612835,2.4575141635,2.4564329821036574e-30
48.9738551741,2.4575141635,2.6701068090132e-31
48.9787490647,2.4575141635,2.733199206598348e-32
48.7389484253,2.4624080541,2.7211418935832964e-10
48.7438423159,2.4624080541,3.984601516898262e-11
48.7487362065,2.4624080541,4.99657938616913e-12
48.7536300971,2.4624080541,6.665085469443035e-13
48.7585239877,2.4624080541,2.653248853779123e-13
48.7634178783,2.4624080541,2.882708381223647e-13
48.7683117689,2.4624080541,3.4631662069068133e-13
48.7732056595,2.4624080541,3.966088819269369e-13
48.7780995501,2.4624080541,4.288639482573543e-13
48.7829934407,2.4624080541,4.3764731420227916e-13
48.7878873313,2.4624080541,4.2146891990114506e-13
48.7927812219,2.4624080541,3.830388555884114e-13
48.7976751125,2.4624080541,3.285156529629601e-13
48.8025690031,2.4624080541,2.658919942939692e-13
48.8074628937,2.4624080541,2.0309087605922696e-13
48.8123567843,2.4624080541,1.4639003754257442e-13
48.8172506749,2.4624080541,9.957918991818644e-14
48.8221445655,2.4624080541,6.39236571211941e-14
48.8270384561,2.4624080541,3.872492589283649e-14
48.8319323467,2.4624080541,2.2138874325015936e-14
48.8368262373,2.4624080541,1.1944182544282715e-14
48.8417201279,2.4624080541,6.0812560118886195e-15
48.8466140185,2.4624080541,2.921905052318555e-15
48.8515079091,2.4624080541,1.3248748908937844e-15
48.8564017997,2.4624080541,5.669171524179026e-16
48.8612956903,2.4624080541,2.289287211806288e-16
48.8661895809,2.4624080541,8.724025475400858e-17
48.8710834715,2.4624080541,3.1373973512533834e-17
48.8759773621,2.4624080541,1.0647755832428969e-17
48.8808712527,2.4624080541,3.4102215876640937e-18
48.8857651433,2.4624080541,1.0307256233773093e-18
48.8906590339,2.4624080541,2.9399470148936254e-19
48.8955529245,2.4624080541,7.913559862274512e-20
48.9004468151,2.4624080541,2.0102044880808986e-20
48.9053407057,2.4624080541,4.818862602855841e-21
48.9102345963,2.4624080541,1.0901463760505823e-21
48.9151284869,2.4624080541,2.3273467238712854e-22
48.9200223775,2.4624080541,4.6889274393901087e-23
48.9249162681,2.4624080541,8.915026345902111e-24
48.9298101587,2.4624080541,1.5995954015959894e-24
48.9347040493,2.4624080541,2.708573159513324e-25
48.9395979399,2.4624080541,4.328365170744814e-26
48.9444918305,2.4624080541,6.527970195875341e-27
48.9493857211,2.4624080541,9.292414667712176e-28
48.9542796117,2.4624080541,1.2485285945128631e-28
48.9591735023,2.4624080541,1.5834014920150883e-29
48.9640673929,2.4624080541,1.8952649365567946e-30
48.9689612835,2.4624080541,2.140702213885527e-31
48.9738551741,2.4624080541,2.2811530565759076e-32
48.9787490647,2.4624080541,2.2929690967177732e-33
48.7389484253,2.4673019447,2.2567391715308773e-11
48.7438423159,2.4673019447,2.7410806394190883e-12
48.7487362065,2.4673019447,2.9952452476261487e-13
48.7536300971,2.4673019447,5.5926070600529637e-14
48.7585239877,2.4673019447,4.489171868720411e-14
48.7634178783,2.4673019447,5.4580016304011723e-14
48.7683117689,2.4673019447,6.483877024566191e-14
48.7732056595,2.4673019447,7.281466892169558e-14
48.7780995501,2.4673019447,7.717410757063804e-14
48.7829934407,2.4673019447,7.719010368328525e-14
48.7878873313,2.4673019447,7.285974389849241e-14
48.7927812219,2.4673019447,6.490073510794363e-14
48.7976751125,2.4673019447,5.4556631677550685e-14
48.8025690031,2.4673019447,4.327942079521004e-14
48.8074628937,2.4673019447,3.2400468384862665e-14
48.8123567843,2.4673019447,2.2890595684734406e-14
48.8172506749,2.4673019447,1.5261557531540016e-14
48.8221445655,2.4673019447,9.602328945604513e-15
48.8270384561,2.4673019447,5.701514830511588e-15
48.8319323467,2.4673019447,3.1947721863009086e-15
48.8368262373,2.4673019447,1.6893727666062423e-15
48.8417201279,2.4673019447,8.430377858244376e-16
48.8466140185,2.4673019447,3.970128373963695e-16
48.8515079091,2.4673019447,1.7644039314057884e-16
48.8564017997,2.4673019447,7.39992709968238e-17
48.8612956903,2.4673019447,2.928820956791774e-17
48.8661895809,2.4673019447,1.0939416637561572e-17
48.8710834715,2.4673019447,3.855950592133141e-18
48.8759773621,2.4673019447,1.282639810537701e-18
48.8808712527,2.4673019447,4.026372284640502e-19
48.8857651433,2.4673019447,1.1927765659419555e-19
48.8906590339,2.4673019447,3.334572972982735e-20
48.8955529245,2.4673019447,8.797460209402282e-21
48.9004468151,2.4673019447,2.1903340480699243e-21
48.9053407057,2.4673019447,5.146350424792439e-22
48.9102345963,2.4673019447,1.1411015975717199e-22
48.9151284869,2.4673019447,2.387730085085601e-23
48.9200223775,2.4673019447,4.715004557889805e-24
48.9249162681,2.4673019447,8.786481557997427e-25
48.9298101587,2.4673019447,1.5451975195655106e-25
48.9347040493,2.4673019447,2.564421887253557e-26
48.9395979399,2.4673019447,4.0163573594795506e-27
48.9444918305,2.4673019447,5.936283537294369e-28
48.9493857211,2.4673019447,8.280182264268055e-29
48.9542796117,2.4673019447,1.0899659724302426e-29
48.9591735023,2.4673019447,1.3540601223418185e-30
48.9640673929,2.4673019447,1.5875042761605404e-31
48.9689612835,2.4673019447,1.7564512832720892e-32
48.9738551741,2.4673019447,1.8339440498304085e-33
48.9787490647,2.4673019447,1.806953422317922e-34
