LATITUDE,LONGITUDE,probability
48.7389484253,2.2275013053,6.049365617157763e-07
48.7438423159,2.2275013053,8.019292764517478e-07
48.7487362065,2.2275013053,1.0517557363072949e-06
48.7536300971,2.2275013053,1.3821833283867298e-06
48.7585239877,2.2275013053,1.8815732685088908e-06
48.7634178783,2.2275013053,2.8267213056796305e-06
48.7683117689,2.2275013053,4.9924094032108445e-06
48.7732056595,2.2275013053,1.0257303624855826e-05
48.7780995501,2.2275013053,2.2495308928579818e-05
48.7829934407,2.2275013053,4.833543855639869e-05
48.7878873313,2.2275013053,9.674877388093597e-05
48.7927812219,2.2275013053,0.00017617973750637546
48.7976751125,2.2275013053,0.00028952912539895013
48.8025690031,2.2275013053,0.00043329739972661105
48.8074628937,2.2275013053,0.0006123071169551749
48.8123567843,2.2275013053,0.0008418337564006857
48.8172506749,2.2275013053,0.001056638817056524
48.8221445655,2.2275013053,0.0010689872598954437
48.8270384561,2.2275013053,0.0008222062657758385
48.8319323467,2.2275013053,0.0005093408467215489
48.8368262373,2.2275013053,0.00028868903518522346
48.8417201279,2.2275013053,0.00016080642101677265
48.8466140185,2.2275013053,8.650299819255747e-05
48.8515079091,2.2275013053,4.44688069005804e-05
48.8564017997,2.2275013053,2.2882415346823204e-05
48.8612956903,2.2275013053,1.3025278348476734e-05
48.8661895809,2.2275013053,9.086950334134265e-06
48.8710834715,2.2275013053,7.911801155545892e-06
48.8759773621,2.2275013053,8.095792938232627e-06
48.8808712527,2.2275013053,9.113153938090979e-06
48.8857651433,2.2275013053,1.075516106427073e-05
48.8906590339,2.2275013053,1.2849309267082314e-05
48.8955529245,2.2275013053,1.5153063263179269e-05
48.9004468151,2.2275013053,1.7344977765181688e-05
48.9053407057,2.2275013053,1.907088676799317e-05
48.9102345963,2.2275013053,2.0017312095252204e-05
48.9151284869,2.2275013053,1.9985465951302254e-05
48.9200223775,2.2275013053,1.8940284969048045e-05
48.9249162681,2.2275013053,1.7017203590756514e-05
48.9298101587,2.2275013053,1.4484430745417688e-05
48.9347040493,2.2275013053,1.1674407024415667e-05
48.9395979399,2.2275013053,8.907851800039513e-06
48.9444918305,2.2275013053,6.433511589546163e-06
48.9493857211,2.2275013053,4.397687134178475e-06
48.9542796117,2.2275013053,2.845050563836785e-06
48.9591735023,2.2275013053,1.7420267955471394e-06
48.9640673929,2.2275013053,1.0096059492964974e-06
48.9689612835,2.2275013053,5.539163599466642e-07
48.9738551741,2.2275013053,2.877650144732189e-07
48.9787490647,2.2275013053,1.4161418763810513e-07
48.7389484253,2.2323951959,7.486127339872575e-07
48.7438423159,2.2323951959,9.970395027014747e-07
48.7487362065,2.2323951959,1.3081267394064883e-06
48.7536300971,2.2323951959,1.6962442681693374e-06
48.7585239877,2.2323951959,2.196331566732148e-06
48.7634178783,2.2323951959,2.9182252531990615e-06
48.7683117689,2.2323951959,4.201737500952963e-06
48.7732056595,2.2323951959,6.983593439301359e-06
48.7780995501,2.2323951959,1.3494930579253614e-05
48.7829934407,2.2323951959,2.824250524094849e-05
48.7878873313,2.2323951959,5.8748634552178686e-05
48.7927812219,2.2323951959,0.00011486907442001139
48.7976751125,2.2323951959,0.00020563450561958036
48.8025690031,2.2323951959,0.0003362808199557969
48.8074628937,2.2323951959,0.0005162361001551793
48.8123567843,2.2323951959,0.0007688394713992374
48.8172506749,2.2323951959,0.0010611760533907038
48.8221445655,2.2323951959,0.0012046020197356167
48.8270384561,2.2323951959,0.001047670800583583
48.8319323467,2.2323951959,0.000727721157136497
48.8368262373,2.2323951959,0.0004549580980686967
48.8417201279,2.2323951959,0.0002768798913852301
48.8466140185,2.2323951959,0.00016179669807659102
48.8515079091,2.2323951959,8.883282953417854e-05
48.8564017997,2.2323951959,4.6926921089523655e-05
48.8612956903,2.2323951959,2.5770164166191948e-05
48.8661895809,2.2323951959,1.6582257312540268e-05
48.8710834715,2.2323951959,1.3566607401282144e-05
48.8759773621,2.2323951959,1.3640780853319526e-05
48.8808712527,2.2323951959,1.5411262817649014e-05
48.8857651433,2.2323951959,1.824764062871161e-05
48.8906590339,2.2323951959,2.1722373140693992e-05
48.8955529245,2.2323951959,2.5368708191044522e-05
48.9004468151,2.2323951959,2.864138387610351e-05
48.9053407057,2.2323951959,3.0987776687971784e-05
48.9102345963,2.2323951959,3.1963285126802437e-05
48.9151284869,2.2323951959,3.13378701861926e-05
48.9200223775,2.2323951959,2.9152593616345655e-05
48.9249162681,2.2323951959,2.5705119840910994e-05
48.9298101587,2.2323951959,2.146960419827153e-05
48.9347040493,2.2323951959,1.697954279522327e-05
48.9395979399,2.2323951959,1.2712403641761328e-05
48.9444918305,2.2323951959,9.008958686421346e-06
48.9493857211,2.2323951959,6.042870385714756e-06
48.9542796117,2.2323951959,3.836507218719329e-06
48.9591735023,2.2323951959,2.305584576723265e-06
48.9640673929,2.2323951959,1.311710849669759e-06
48.9689612835,2.2323951959,7.066603291926232e-07
48.9738551741,2.2323951959,3.606357887438621e-07
48.9787490647,2.2323951959,1.7445694959398375e-07
48.7389484253,2.2372890865,9.124504591356877e-07
48.7438423159,2.2372890865,1.2224645128311904e-06
48.7487362065,2.2372890865,1.6118708438976995e-06
48.7536300971,2.2372890865,2.0932296758662177e-06
48.7585239877,2.2372890865,2.6844692407606315e-06
48.7634178783,2.2372890865,3.4285350980689814e-06
48.7683117689,2.2372890865,4.459917618191338e-06
48.7732056595,2.2372890865,6.190888911016756e-06
48.7780995501,2.2372890865,9.741822650693055e-06
48.7829934407,2.2372890865,1.7734616234024373e-05
48.7878873313,2.2372890865,3.535635244638987e-05
48.7927812219,2.2372890865,7.105416572160369e-05
48.7976751125,2.2372890865,0.0001356726863623113
48.8025690031,2.2372890865,0.00024033521430506994
48.8074628937,2.2372890865,0.00040052507716447353
48.8123567843,2.2372890865,0.0006484474613926585
48.8172506749,2.2372890865,0.0009870076363114471
48.8221445655,2.2372890865,0.001257617064235607
48.8270384561,2.2372890865,0.0012339411164975444
48.8319323467,2.2372890865,0.0009567540336511428
48.8368262373,2.2372890865,0.0006566876750180457
48.8417201279,2.2372890865,0.00043592033590419076
48.8466140185,2.2372890865,0.0002778963299966424
48.8515079091,2.2372890865,0.00016519323264436206
48.8564017997,2.2372890865,9.22556143426812e-05
48.8612956903,2.2372890865,5.1092087215329405e-05
48.8661895809,2.2372890865,3.125704561082044e-05
48.8710834715,2.2372890865,2.382432531633174e-05
48.8759773621,2.2372890865,2.300867989113399e-05
48.8808712527,2.2372890865,2.5689379438881168e-05
48.8857651433,2.2372890865,3.0272351670315075e-05
48.8906590339,2.2372890865,3.57616036260235e-05
48.8955529245,2.2372890865,4.1272960915065183e-05
48.9004468151,2.2372890865,4.590962511585216e-05
48.9053407057,2.2372890865,4.8847814388087086e-05
48.9102345963,2.2372890865,4.949913032631877e-05
48.9151284869,2.2372890865,4.76491400587433e-05
48.9200223775,2.2372890865,4.350748481737238e-05
48.9249162681,2.2372890865,3.764729672666429e-05
48.9298101587,2.2372890865,3.085527971214387e-05
48.9347040493,2.2372890865,2.394474826839318e-05
48.9395979399,2.2372890865,1.759118734117388e-05
48.9444918305,2.2372890865,1.2233312128116535e-05
48.9493857211,2.2372890865,8.052834851348834e-06
48.9542796117,2.2372890865,5.018002727274552e-06
48.9591735023,2.2372890865,2.9603673642022688e-06
48.9640673929,2.2372890865,1.653838219141159e-06
48.9689612835,2.2372890865,8.752645175431952e-07
48.9738551741,2.2372890865,4.3909062269076334e-07
48.9787490647,2.2372890865,2.0901380390099161e-07
48.7389484253,2.2421829771,1.0950349039447312e-06
48.7438423159,2.2421829771,1.4761606252337904e-06
48.7487362065,2.2421829771,1.9580455902278584e-06
48.7536300971,2.2421829771,2.5560280127834226e-06
48.7585239877,2.2421829771,3.285761394895932e-06
48.7634178783,2.2421829771,4.168697131302956e-06
48.7683117689,2.2421829771,5.256287682010476e-06
48.7732056595,2.2421829771,6.710748592978356e-06
48.7780995501,2.2421829771,9.026557912653293e-06
48.7829934407,2.2421829771,1.3529777505270135e-05
48.7878873313,2.2421829771,2.3269820384921977e-05
48.7927812219,2.2421829771,4.41567108644999e-05
48.7976751125,2.2421829771,8.564336768269265e-05
48.8025690031,2.2421829771,0.0001604437468153713
48.8074628937,2.2421829771,0.0002875433149367883
48.8123567843,2.2421829771,0.000505392089579597
48.8172506749,2.2421829771,0.0008496574317188281
48.8221445655,2.2421829771,0.00121656524462381
48.8270384561,2.2421829771,0.0013453956137238143
48.8319323467,2.2421829771,0.0011604628567267626
48.8368262373,2.2421829771,0.0008699085563737491
48.8417201279,2.2421829771,0.0006274346588771048
48.8466140185,2.2421829771,0.0004367371665851633
48.8515079091,2.2421829771,0.00028316163024881335
48.8564017997,2.2421829771,0.0001701945667928039
48.8612956903,2.2421829771,9.8283724196611e-05
48.8661895809,2.2421829771,5.941743323639889e-05
48.8710834715,2.2421829771,4.268261576813177e-05
48.8759773621,2.2421829771,3.895083807260553e-05
48.8808712527,2.2421829771,4.2250937166885386e-05
48.8857651433,2.2421829771,4.909232395311282e-05
48.8906590339,2.2421829771,5.7304939571331035e-05
48.8955529245,2.2421829771,6.522947622336828e-05
48.9004468151,2.2421829771,7.141893203675904e-05
48.9053407057,2.2421829771,7.46951536471269e-05
48.9102345963,2.2421829771,7.434121528995008e-05
48.9151284869,2.2421829771,7.025432085110032e-05
48.9200223775,2.2421829771,6.295924182179026e-05
48.9249162681,2.2421829771,5.3462765348165876e-05
48.9298101587,2.2421829771,4.2997783784564515e-05
48.9347040493,2.2421829771,3.2743449212314286e-05
48.9395979399,2.2421829771,2.3606021155179317e-05
48.9444918305,2.2421829771,1.611083779396716e-05
48.9493857211,2.2421829771,1.0409323619140064e-05
48.9542796117,2.2421829771,6.3677355126796754e-06
48.9591735023,2.2421829771,3.6889370647789867e-06
48.9640673929,2.2421829771,2.0245713104575566e-06
48.9689612835,2.2421829771,1.0532803552321378e-06
48.9738551741,2.2421829771,5.199478554528609e-07
48.9787490647,2.2421829771,2.4393374228328806e-07
48.7389484253,2.2470768677,1.293864830110234e-06
48.7438423159,2.2470768677,1.7550621891490243e-06
48.7487362065,2.2470768677,2.3424187185049495e-06
48.7536300971,2.2470768677,3.076248495046933e-06
48.7585239877,2.2470768677,3.975823117409543e-06
48.7634178783,2.2470768677,5.05964340668692e-06
48.7683117689,2.2470768677,6.352151470189899e-06
48.7732056595,2.2470768677,7.91341592300446e-06
48.7780995501,2.2470768677,9.936437493007304e-06
48.7829934407,2.2470768677,1.300815504399323e-05
48.7878873313,2.2470768677,1.868275059013479e-05
48.7927812219,2.2470768677,3.0472748097453307e-05
48.7976751125,2.2470768677,5.50749021362558e-05
48.8025690031,2.2470768677,0.00010345022928293749
48.8074628937,2.2470768677,0.0001940735535796012
48.8123567843,2.2470768677,0.0003663050453134452
48.8172506749,2.2470768677,0.0006787283668262339
48.8221445655,2.2470768677,0.0010930577336880872
48.8270384561,2.2470768677,0.0013626605395625235
48.8319323467,2.2470768677,0.0013043037425694705
48.8368262373,2.2470768677,0.0010616482457287408
48.8417201279,2.2470768677,0.0008268117688583779
48.8466140185,2.2470768677,0.0006272127045187343
48.8515079091,2.2470768677,0.00044510780698642596
48.8564017997,2.2470768677,0.00029095015699784723
48.8612956903,2.2470768677,0.0001791126169326928
48.8661895809,2.2470768677,0.0001107627299812819
48.8710834715,2.2470768677,7.697788799734358e-05
48.8759773621,2.2470768677,6.617517775829233e-05
48.8808712527,2.2470768677,6.868886448215808e-05
48.8857651433,2.2470768677,7.787530619360253e-05
48.8906590339,2.2470768677,8.937851991747355e-05
48.8955529245,2.2470768677,0.00010013144874816987
48.9004468151,2.2470768677,0.0001078138993501896
48.9053407057,2.2470768677,0.00011079234315601995
48.9102345963,2.2470768677,0.00010827916037962069
48.9151284869,2.2470768677,0.00010044634689926002
48.9200223775,2.2470768677,8.834550536413396e-05
48.9249162681,2.2470768677,7.362104109669994e-05
48.9298101587,2.2470768677,5.81048622178635e-05
48.9347040493,2.2470768677,4.342285071576016e-05
48.9395979399,2.2470768677,3.07238214916257e-05
48.9444918305,2.2470768677,2.058172781960974e-05
48.9493857211,2.2470768677,1.3055049134260279e-05
48.9542796117,2.2470768677,7.842505914006765e-06
48.9591735023,2.2470768677,4.463418217917415e-06
48.9640673929,2.2470768677,2.408095507678154e-06
48.9689612835,2.2470768677,1.2327865796862062e-06
48.9738551741,2.2470768677,5.997627706310578e-07
48.9787490647,2.2470768677,2.7799326498193644e-07
48.7389484253,2.2519707583,1.5051791969128734e-06
48.7438423159,2.2519707583,2.0544376172852017e-06
48.7487362065,2.2519707583,2.759077347873297e-06
48.7536300971,2.2519707583,3.645922616660131e-06
48.7585239877,2.2519707583,4.740708296565808e-06
48.7634178783,2.2519707583,6.066468151657181e-06
48.7683117689,2.2519707583,7.643733303670305e-06
48.7732056595,2.2519707583,9.4988925210978e-06
48.7780995501,2.2519707583,1.170058706340736e-05
48.7829934407,2.2519707583,1.4476206687029335e-05
48.7878873313,2.2519707583,1.8516667041681243e-05
48.7927812219,2.2519707583,2.5627931693592038e-05
48.7976751125,2.2519707583,3.983144539555388e-05
48.8025690031,2.2519707583,6.889044122118963e-05
48.8074628937,2.2519707583,0.000127723282953934
48.8123567843,2.2519707583,0.00025111508285417496
48.8172506749,2.2519707583,0.000507058049656313
48.8221445655,2.2519707583,0.0009170654825840028
48.8270384561,2.2519707583,0.0012893989390544566
48.8319323467,2.2519707583,0.00136755138204523
48.8368262373,2.2519707583,0.0012011367408594205
48.8417201279,2.2519707583,0.0010009324664061725
48.8466140185,2.2519707583,0.0008234769869139626
48.8515079091,2.2519707583,0.0006401659650698432
48.8564017997,2.2519707583,0.0004577780773069693
48.8612956903,2.2519707583,0.00030459195254192283
48.8661895809,2.2519707583,0.00019771665639132851
48.8710834715,2.2519707583,0.00013706936779706862
48.8759773621,2.2519707583,0.00011228862964077885
48.8808712527,2.2519707583,0.0001105659472048302
48.8857651433,2.2519707583,0.00012102827328596368
48.8906590339,2.2519707583,0.00013577186883914242
48.8955529245,2.2519707583,0.00014931706058394516
48.9004468151,2.2519707583,0.0001579403339103846
48.9053407057,2.2519707583,0.00015940358315838437
48.9102345963,2.2519707583,0.00015295140921930733
48.9151284869,2.2519707583,0.00013927048144705997
48.9200223775,2.2519707583,0.00012021797254963252
48.9249162681,2.2519707583,9.831641731542902e-05
48.9298101587,2.2519707583,7.615198366974057e-05
48.9347040493,2.2519707583,5.5854711210644764e-05
48.9395979399,2.2519707583,3.879190695181719e-05
48.9444918305,2.2519707583,2.5512510618737403e-05
48.9493857211,2.2519707583,1.5891953586550527e-05
48.9542796117,2.2519707583,9.379152677964294e-06
48.9591735023,2.2519707583,5.2476166095120636e-06
48.9640673929,2.2519707583,2.785969883186527e-06
48.9689612835,2.2519707583,1.405578581189108e-06
48.9738551741,2.2519707583,6.755271942277358e-07
48.9787490647,2.2519707583,3.1047284246586943e-07
48.7389484253,2.2568646489,1.7239524415236105e-06
48.7438423159,2.2568646489,2.3677273696785533e-06
48.7487362065,2.2568646489,3.199663163390577e-06
48.7536300971,2.2568646489,4.254495945337923e-06
48.7585239877,2.2568646489,5.5664067753336635e-06
48.7634178783,2.2568646489,7.166598494783883e-06
48.7683117689,2.2568646489,9.08110077995987e-06
48.7732056595,2.2568646489,1.1331133327519003e-05
48.7780995501,2.2568646489,1.3943868863592548e-05
48.7829934407,2.2568646489,1.6997195453348313e-05
48.7878873313,2.2568646489,2.075835899081786e-05
48.7927812219,2.2568646489,2.6036527545630863e-05
48.7976751125,2.2568646489,3.491973408598149e-05
48.8025690031,2.2568646489,5.2089976810882664e-05
48.8074628937,2.2568646489,8.78219881897564e-05
48.8123567843,2.2568646489,0.00016894433526373493
48.8172506749,2.2568646489,0.0003603025746861881
48.8221445655,2.2568646489,0.0007254205893330182
48.8270384561,2.2568646489,0.0011494904248048013
48.8319323467,2.2568646489,0.0013501187950909256
48.8368262373,2.2568646489,0.001271820662002193
48.8417201279,2.2568646489,0.0011201538057476624
48.8466140185,2.2568646489,0.0009906623518594357
48.8515079091,2.2568646489,0.0008421765726200344
48.8564017997,2.2568646489,0.0006608256415034256
48.8612956903,2.2568646489,0.00047922477678347727
48.8661895809,2.2568646489,0.0003323360684088626
48.8710834715,2.2568646489,0.00023622532681292404
48.8759773621,2.2568646489,0.00018841094305624894
48.8808712527,2.2568646489,0.00017619113652342564
48.8857651433,2.2568646489,0.0001846610823148759
48.8906590339,2.2568646489,0.00020114030682418446
48.8955529245,2.2568646489,0.00021642303802061743
48.9004468151,2.2568646489,0.00022457147634382768
48.9053407057,2.2568646489,0.00022248126230975103
48.9102345963,2.2568646489,0.00020954793801615342
48.9151284869,2.2568646489,0.00018727559155391445
48.9200223775,2.2568646489,0.00015865631296683682
48.9249162681,2.2568646489,0.00012734416827497126
48.9298101587,2.2568646489,9.681073565846819e-05
48.9347040493,2.2568646489,6.970138245026878e-05
48.9395979399,2.2568646489,4.752725646350573e-05
48.9444918305,2.2568646489,3.0697081795183834e-05
48.9493857211,2.2568646489,1.878650693062371e-05
48.9542796117,2.2568646489,1.0900121612842893e-05
48.9591735023,2.2568646489,6.001301069502969e-06
48.9640673929,2.2568646489,3.1399078931416243e-06
48.9689612835,2.2568646489,1.5647752204262671e-06
48.9738551741,2.2568646489,7.455215658906122e-07
48.9787490647,2.2568646489,3.4158343015190146e-07
48.7389484253,2.2617585395,1.9440169733766586e-06
48.7438423159,2.2617585395,2.6866323061751947e-06
48.7487362065,2.2617585395,3.6532799012478783e-06
48.7536300971,2.2617585395,4.8879815047321374e-06
48.7585239877,2.2617585395,6.435157886528094e-06
48.7634178783,2.2617585395,8.336709449983406e-06
48.7683117689,2.2617585395,1.062876919705602e-05
48.7732056595,2.2617585395,1.3339132905913941e-05
48.7780995501,2.2617585395,1.6488426359825773e-05
48.7829934407,2.2617585395,2.010454449530875e-05
48.7878873313,2.2617585395,2.4277889183185224e-05
48.7927812219,2.2617585395,2.9325095311280476e-05
48.7976751125,2.2617585395,3.619397457916261e-05
48.8025690031,2.2617585395,4.733580361448291e-05
48.8074628937,2.2617585395,6.889502888847215e-05
48.8123567843,2.2617585395,0.00011912806529073738
48.8172506749,2.2617585395,0.0002515670168817805
48.8221445655,2.2617585395,0.0005497528102683121
48.8270384561,2.2617585395,0.0009767009503301206
48.8319323467,2.2617585395,0.0012702180699702334
48.8368262373,2.2617585395,0.0012773505369060064
48.8417201279,2.2617585395,0.0011711302560553668
48.8466140185,2.2617585395,0.0010975017764613387
48.8515079091,2.2617585395,0.001015146231407863
48.8564017997,2.2617585395,0.0008747197010154846
48.8612956903,2.2617585395,0.0006947370835026877
48.8661895809,2.2617585395,0.0005206294661850299
48.8710834715,2.2617585395,0.0003876032896686743
48.8759773621,2.2617585395,0.0003085003292140603
48.8808712527,2.2617585395,0.00027703044773619913
48.8857651433,2.2617585395,0.00027707960486145905
48.8906590339,2.2617585395,0.0002911762606120088
48.8955529245,2.2617585395,0.0003052367100119167
48.9004468151,2.2617585395,0.00031008239950283076
48.9053407057,2.2617585395,0.0003012955672177932
48.9102345963,2.2617585395,0.0002784785657321637
48.9151284869,2.2617585395,0.0002442599770317379
48.9200223775,2.2617585395,0.00020309931464878607
48.9249162681,2.2617585395,0.00016000600706672055
48.9298101587,2.2617585395,0.00011940875390929675
48.9347040493,2.2617585395,8.440922636095908e-05
48.9395979399,2.2617585395,5.65261839917227e-05
48.9444918305,2.2617585395,3.5871134280247934e-05
48.9493857211,2.2617585395,2.1582807718853937e-05
48.9542796117,2.2617585395,1.2323059559653845e-05
48.9591735023,2.2617585395,6.686303585243906e-06
48.9640673929,2.2617585395,3.455257422308051e-06
48.9689612835,2.2617585395,1.7066398609558604e-06
48.9738551741,2.2617585395,8.102092617783195e-07
48.9787490647,2.2617585395,3.7289197625523985e-07
48.7389484253,2.2666524301,2.1583035052249546e-06
48.7438423159,2.2666524301,3.0013905761553017e-06
48.7487362065,2.2666524301,4.106761996468481e-06
48.7536300971,2.2666524301,5.529036655788188e-06
48.7585239877,2.2666524301,7.3246077841428e-06
48.7634178783,2.2666524301,9.548339183187536e-06
48.7683117689,2.2666524301,1.2249668222836223e-05
48.7732056595,2.2666524301,1.546878068805055e-05
48.7780995501,2.2666524301,1.923436968311843e-05
48.7829934407,2.2666524301,2.356688248245491e-05
48.7878873313,2.2666524301,2.849847435948309e-05
48.7927812219,2.2666524301,3.414089389256033e-05
48.7976751125,2.2666524301,4.087678947665254e-05
48.8025690031,2.2666524301,4.983872453540836e-05
48.8074628937,2.2666524301,6.426275606241095e-05
48.8123567843,2.2666524301,9.522845278504149e-05
48.8172506749,2.2666524301,0.00018204131175965992
48.8221445655,2.2666524301,0.00040929127554570214
48.8270384561,2.2666524301,0.0008028462172207097
48.8319323467,2.2666524301,0.0011549009158967711
48.8368262373,2.2666524301,0.0012379689442225347
48.8417201279,2.2666524301,0.0011630716103788689
48.8466140185,2.2666524301,0.0011302734811366787
48.8515079091,2.2666524301,0.0011259847989625977
48.8564017997,2.2666524301,0.0010636140764875113
48.8612956903,2.2666524301,0.0009273075327407154
48.8661895809,2.2666524301,0.0007561621164638047
48.8710834715,2.2666524301,0.0005985771359514427
48.8759773621,2.2666524301,0.0004862947493151759
48.8808712527,2.2666524301,0.00042685234772932214
48.8857651433,2.2666524301,0.000408909825898392
48.8906590339,2.2666524301,0.0004128031272599491
48.8955529245,2.2666524301,0.00041963680364861915
48.9004468151,2.2666524301,0.00041618022698021575
48.9053407057,2.2666524301,0.0003960977333410184
48.9102345963,2.2666524301,0.0003590792210875023
48.9151284869,2.2666524301,0.00030906907083901394
48.9200223775,2.2666524301,0.000252236559081211
48.9249162681,2.2666524301,0.00019507461540491629
48.9298101587,2.2666524301,0.0001429392131958679
48.9347040493,2.2666524301,9.923850267040789e-05
48.9395979399,2.2666524301,6.52977702297629e-05
48.9444918305,2.2666524301,4.074028418776014e-05
48.9493857211,2.2666524301,2.412259518876597e-05
48.9542796117,2.2666524301,1.3573371396331839e-05
48.9591735023,2.2666524301,7.273614165009904e-06
48.9640673929,2.2666524301,3.724664331343189e-06
48.9689612835,2.2666524301,1.8323389174788297e-06
48.9738551741,2.2666524301,8.730435574764204e-07
48.9787490647,2.2666524301,4.0769289240312143e-07
48.7389484253,2.2715463207,2.3591886750468446e-06
48.7438423159,2.2715463207,3.3012205650663703e-06
48.7487362065,2.2715463207,4.545210359644063e-06
48.7536300971,2.2715463207,6.157544405475595e-06
48.7585239877,2.2715463207,8.208211711820682e-06
48.7634178783,2.2715463207,1.0767200329753195e-05
48.7683117689,2.2715463207,1.3900100826488584e-05
48.7732056595,2.2715463207,1.7663551737887772e-05
48.7780995501,2.2715463207,2.2101696927086015e-05
48.7829934407,2.2715463207,2.724576550519423e-05
48.7878873313,2.2715463207,3.312137671968468e-05
48.7927812219,2.2715463207,3.9775953074147914e-05
48.7976751125,2.2715463207,4.736046837307454e-05
48.8025690031,2.2715463207,5.635603460597777e-05
48.8074628937,2.2715463207,6.829477541991802e-05
48.8123567843,2.2715463207,8.924907177691396e-05
48.8172506749,2.2715463207,0.00014537143181168072
48.8221445655,2.2715463207,0.00031015999436763723
48.8270384561,2.2715463207,0.000650047403508698
48.8319323467,2.2715463207,0.001029421909906893
48.8368262373,2.2715463207,0.0011797530641494544
48.8417201279,2.2715463207,0.001123352434973984
48.8466140185,2.2715463207,0.0011002421225479622
48.8515079091,2.2715463207,0.0011590704566373147
48.8564017997,2.2715463207,0.001193689577225235
48.8612956903,2.2715463207,0.0011420896224780125
48.8661895809,2.2715463207,0.0010168577856575968
48.8710834715,2.2715463207,0.0008641522320927701
48.8759773621,2.2715463207,0.0007295788607940555
48.8808712527,2.2715463207,0.0006385738100364506
48.8857651433,2.2715463207,0.0005920607159212168
48.8906590339,2.2715463207,0.0005740946055720741
48.8955529245,2.2715463207,0.00056365396161183
48.9004468151,2.2715463207,0.0005438351272433389
48.9053407057,2.2715463207,0.0005059599838528898
48.9102345963,2.2715463207,0.0004494638771806491
48.9151284869,2.2715463207,0.0003795179577579666
48.9200223775,2.2715463207,0.0003040062892506769
48.9249162681,2.2715463207,0.00023084266663003832
48.9298101587,2.2715463207,0.0001661312524068881
48.9347040493,2.2715463207,0.00011333250240089471
48.9395979399,2.2715463207,7.331955899719435e-05
48.9444918305,2.2715463207,4.501903446516605e-05
48.9493857211,2.2715463207,2.6269497052006032e-05
48.9542796117,2.2715463207,1.4597808359577315e-05
48.9591735023,2.2715463207,7.7502922514814e-06
48.9640673929,2.2715463207,3.95129281235518e-06
48.9689612835,2.2715463207,1.9493438082978128e-06
48.9738551741,2.2715463207,9.410653444594087e-07
48.9787490647,2.2715463207,4.512812863615097e-07
48.7389484253,2.2764402113,2.538928867690522e-06
48.7438423159,2.2764402113,3.574903523500521e-06
48.7487362065,2.2764402113,4.952749113937217e-06
48.7536300971,2.2764402113,6.751555105787504e-06
48.7585239877,2.2764402113,9.056315752490482e-06
48.7634178783,2.2764402113,1.1954132819351935e-05
48.7683117689,2.2764402113,1.552943891147403e-05
48.7732056595,2.2764402113,1.985893261900364e-05
48.7780995501,2.2764402113,2.5007446167032366e-05
48.7829934407,2.2764402113,3.1026523393531665e-05
48.7878873313,2.2764402113,3.7958192986766316e-05
48.7927812219,2.2764402113,4.584847397771431e-05
48.7976751125,2.2764402113,5.478292022114446e-05
48.8025690031,2.2764402113,6.498327596851312e-05
48.8074628937,2.2764402113,7.714298479676521e-05
48.8123567843,2.2764402113,9.433205613724361e-05
48.8172506749,2.2764402113,0.00013257419821825422
48.8221445655,2.2764402113,0.00024915544564280443
48.8270384561,2.2764402113,0.0005290386384972202
48.8319323467,2.2764402113,0.0009108468727294084
48.8368262373,2.2764402113,0.001123344847676799
48.8417201279,2.2764402113,0.001084882085221963
48.8466140185,2.2764402113,0.0010398640546807644
48.8515079091,2.2764402113,0.0011246594977874925
48.8564017997,2.2764402113,0.0012478319416352533
48.8612956903,2.2764402113,0.001305242360827008
48.8661895809,2.2764402113,0.0012688522583082637
48.8710834715,2.2764402113,0.0011632738633766237
48.8759773621,2.2764402113,0.0010334129814173457
48.8808712527,2.2764402113,0.0009185286993506969
48.8857651433,2.2764402113,0.0008366054017651904
48.8906590339,2.2764402113,0.0007832645960003267
48.8955529245,2.2764402113,0.0007414578553297485
48.9004468151,2.2764402113,0.0006934987805909539
48.9053407057,2.2764402113,0.0006289531486307315
48.9102345963,2.2764402113,0.0005466545837198453
48.9151284869,2.2764402113,0.00045252029007720177
48.9200223775,2.2764402113,0.00035574004399882455
48.9249162681,2.2764402113,0.00026527086776302074
48.9298101587,2.2764402113,0.00018758172776513492
48.9347040493,2.2764402113,0.00012582022771214388
48.9395979399,2.2764402113,8.01085372989499e-05
48.9444918305,2.2764402113,4.847467678729215e-05
48.9493857211,2.2764402113,2.7933417289037138e-05
48.9542796117,2.2764402113,1.53766328207026e-05
48.9591735023,2.2764402113,8.124900963010673e-06
48.9640673929,2.2764402113,4.150999936989424e-06
48.9689612835,2.2764402113,2.0722288329126617e-06
48.9738551741,2.2764402113,1.025202701474135e-06
48.9787490647,2.2764402113,5.111002381137225e-07
48.7389484253,2.2813341019,2.6901475331847563e-06
48.7438423159,2.2813341019,3.811464514952203e-06
48.7487362065,2.2813341019,5.31344990133813e-06
48.7536300971,2.2813341019,7.2885028840327095e-06
48.7585239877,2.2813341019,9.837698522489326e-06
48.7634178783,2.2813341019,1.3066935442169692e-05
48.7683117689,2.2813341019,1.7081928985545934e-05
48.7732056595,2.2813341019,2.198282160053829e-05
48.7780995501,2.2813341019,2.7859804869956157e-05
48.7829934407,2.2813341019,3.479169401429654e-05
48.7878873313,2.2813341019,4.284957001338917e-05
48.7927812219,2.2813341019,5.210738697852884e-05
48.7976751125,2.2813341019,6.266234738128008e-05
48.8025690031,2.2813341019,7.467665529053576e-05
48.8074628937,2.2813341019,8.851621710066152e-05
48.8123567843,2.2813341019,0.00010569124486441004
48.8172506749,2.2813341019,0.00013540440550535368
48.8221445655,2.2813341019,0.00021870271391908927
48.8270384561,2.2813341019,0.00044182695155310674
48.8319323467,2.2813341019,0.0008075049299042196
48.8368262373,2.2813341019,0.0010781401704676888
48.8417201279,2.2813341019,0.0010724647723022052
48.8466140185,2.2813341019,0.0009896610881279246
48.8515079091,2.2813341019,0.0010560057833783037
48.8564017997,2.2813341019,0.001234467056776214
48.8612956903,2.2813341019,0.0013984161037195208
48.8661895809,2.2813341019,0.0014778624315250047
48.8710834715,2.2813341019,0.0014619425068639388
48.8759773621,2.2813341019,0.0013760358354838582
48.8808712527,2.2813341019,0.0012597232722176925
48.8857651433,2.2813341019,0.0011453460216908353
48.8906590339,2.2813341019,0.0010459261920507871
48.8955529245,2.2813341019,0.0009567248116610897
48.9004468151,2.2813341019,0.000865467233426189
48.9053407057,2.2813341019,0.0007627404849223221
48.9102345963,2.2813341019,0.0006471075397160138
48.9151284869,2.2813341019,0.000524501367354302
48.9200223775,2.2813341019,0.0004044846561701954
48.9249162681,2.2813341019,0.0002962359506972543
48.9298101587,2.2813341019,0.00020593658929432787
48.9347040493,2.2813341019,0.00013593863767342592
48.9395979399,2.2813341019,8.529583124841932e-05
48.9444918305,2.2813341019,5.096821831754574e-05
48.9493857211,2.2813341019,2.9090373524616674e-05
48.9542796117,2.2813341019,1.5931917758894828e-05
48.9591735023,2.2813341019,8.430348878761639e-06
48.9640673929,2.2813341019,4.353022791444911e-06
48.9689612835,2.2813341019,2.2227170628682276e-06
48.9738551741,2.2813341019,1.140231846968829e-06
48.9787490647,2.2813341019,5.967527651715546e-07
48.7389484253,2.2862279925,2.8063341143447094e-06
48.7438423159,2.2862279925,4.0008956382428805e-06
48.7487362065,2.2862279925,5.612350815829532e-06
48.7536300971,2.2862279925,7.746600836683004e-06
48.7585239877,2.2862279925,1.0521425672756558e-05
48.7634178783,2.2862279925,1.4062746510823523e-05
48.7683117689,2.2862279925,1.8499582429259264e-05
48.7732056595,2.2862279925,2.3958564309597636e-05
48.7780995501,2.2862279925,3.055962220109876e-05
48.7829934407,2.2862279925,3.841512431674598e-05
48.7878873313,2.2862279925,4.7634831748417656e-05
48.7927812219,2.2862279925,5.8337991222846947e-05
48.7976751125,2.2862279925,7.06718512270104e-05
48.8025690031,2.2862279925,8.483587308445525e-05
48.8074628937,2.2862279925,0.0001011353513574712
48.8123567843,2.2862279925,0.00012040331574417517
48.8172506749,2.2862279925,0.00014773507420685216
48.8221445655,2.2862279925,0.00021062385587221124
48.8270384561,2.2862279925,0.00038563966596412696
48.8319323467,2.2862279925,0.0007221606934091437
48.8368262373,2.2862279925,0.0010435290207859672
48.8417201279,2.2862279925,0.0010951062563623573
48.8466140185,2.2862279925,0.0009829427374490915
48.8515079091,2.2862279925,0.0009966748742306299
48.8564017997,2.2862279925,0.0011851842401826894
48.8612956903,2.2862279925,0.0014277165437287093
48.8661895809,2.2862279925,0.001623325712425269
48.8710834715,2.2862279925,0.0017238802904225939
48.8759773621,2.2862279925,0.0017214054817022001
48.8808712527,2.2862279925,0.0016376837538954997
48.8857651433,2.2862279925,0.001507540415669404
48.8906590339,2.2862279925,0.0013603950502988308
48.8955529245,2.2862279925,0.0012106418666841293
48.9004468151,2.2862279925,0.0010598717110537484
48.9053407057,2.2862279925,0.0009054181160441058
48.9102345963,2.2862279925,0.0007476485525430642
48.9151284869,2.2862279925,0.0005921400504935843
48.9200223775,2.2862279925,0.00044751921394732525
48.9249162681,2.2862279925,0.0003218696825941838
48.9298101587,2.2862279925,0.00022010227571248384
48.9347040493,2.2862279925,0.00014315567483584336
48.9395979399,2.2862279925,8.869159870882458e-05
48.9444918305,2.2862279925,5.248421876281689e-05
48.9493857211,2.2862279925,2.9793601839100936e-05
48.9542796117,2.2862279925,1.6330136707593696e-05
48.9591735023,2.2862279925,8.723467113596754e-06
48.9640673929,2.2862279925,4.598995542002215e-06
48.9689612835,2.2862279925,2.428951487409693e-06
48.9738551741,2.2862279925,1.3044082445455007e-06
48.9787490647,2.2862279925,7.198830000084282e-07
48.7389484253,2.2911218831,2.8823079111511733e-06
48.7438423159,2.2911218831,4.134855835792507e-06
48.7487362065,2.2911218831,5.836480431180749e-06
48.7536300971,2.2911218831,8.106296101531642e-06
48.7585239877,2.2911218831,1.107885862797045e-05
48.7634178783,2.2911218831,1.4900736540588214e-05
48.7683117689,2.2911218831,1.972566633137131e-05
48.7732056595,2.2911218831,2.570925613885934e-05
48.7780995501,2.2911218831,3.30051089704927e-05
48.7829934407,2.2911218831,4.176506908472482e-05
48.7878873313,2.2911218831,5.214644996650777e-05
48.7927812219,2.2911218831,6.432775552800822e-05
48.7976751125,2.2911218831,7.853108323543036e-05
48.8025690031,2.2911218831,9.504543928485564e-05
48.8074628937,2.2911218831,0.00011425128607854474
48.8123567843,2.2911218831,0.00013679267296719247
48.8172506749,2.2911218831,0.00016555558366674808
48.8221445655,2.2911218831,0.0002180235531155909
48.8270384561,2.2911218831,0.000355964941254521
48.8319323467,2.2911218831,0.0006556035006762775
48.8368262373,2.2911218831,0.0010144267034367211
48.8417201279,2.2911218831,0.001146712172025031
48.8466140185,2.2911218831,0.0010357851258252304
48.8515079091,2.2911218831,0.0009850166717667995
48.8564017997,2.2911218831,0.0011423940757548429
48.8612956903,2.2911218831,0.001421610471800965
48.8661895809,2.2911218831,0.0017074880467568268
48.8710834715,2.2911218831,0.0019243886486097462
48.8759773621,2.2911218831,0.0020293947356277843
48.8808712527,2.2911218831,0.002012846054447154
48.8857651433,2.2911218831,0.0018952065379087052
48.8906590339,2.2911218831,0.0017123437394607121
48.8955529245,2.2911218831,0.0014982445390741058
48.9004468151,2.2911218831,0.001275526056591302
48.9053407057,2.2911218831,0.001056049269329265
48.9102345963,2.2911218831,0.0008465870026734905
48.9151284869,2.2911218831,0.0006533854295154388
48.9200223775,2.2911218831,0.00048305964486063433
48.9249162681,2.2911218831,0.00034097804249395435
48.9298101587,2.2911218831,0.00022946961410268675
48.9347040493,2.2911218831,0.00014727759431197574
48.9395979399,2.2911218831,9.032888223685334e-05
48.9444918305,2.2911218831,5.314350532914796e-05
48.9493857211,2.2911218831,3.0173367179728836e-05
48.9542796117,2.2911218831,1.6678266841339557e-05
48.9591735023,2.2911218831,9.081249461688223e-06
48.9640673929,2.2911218831,4.94040243744557e-06
48.9689612835,2.2911218831,2.724084886043341e-06
48.9738551741,2.2911218831,1.5388124291570012e-06
48.9787490647,2.2911218831,8.939358845983061e-07
48.7389484253,2.2960157737,2.914600948203667e-06
48.7438423159,2.2960157737,4.207279368794836e-06
48.7487362065,2.2960157737,5.975789820614214e-06
48.7536300971,2.2960157737,8.351650341332829e-06
48.7585239877,2.2960157737,1.1485636130065777e-05
48.7634178783,2.2960157737,1.55448681803594e-05
48.7683117689,2.2960157737,2.0708433886804122e-05
48.7732056595,2.2960157737,2.7162620040749e-05
48.7780995501,2.2960157737,3.509791864927026e-05
48.7829934407,2.2960157737,4.4711009693840056e-05
48.7878873313,2.2960157737,5.621522707611284e-05
48.7927812219,2.2960157737,6.986155249563254e-05
48.7976751125,2.2960157737,8.596816541881496e-05
48.8025690031,2.2960157737,0.00010495069945424987
48.8074628937,2.2960157737,0.00012734348274421643
48.8123567843,2.2960157737,0.00015386510797359303
48.8172506749,2.2960157737,0.0001863956639620863
48.8221445655,2.2960157737,0.00023573584586456127
48.8270384561,2.2960157737,0.0003480879290849274
48.8319323467,2.2960157737,0.0006085773272938742
48.8368262373,2.2960157737,0.0009868575655776297
48.8417201279,2.2960157737,0.0012126983300649531
48.8466140185,2.2960157737,0.0011454528616738947
48.8515079091,2.2960157737,0.001043238559082688
48.8564017997,2.2960157737,0.0011439296648760961
48.8612956903,2.2960157737,0.0014188098662771722
48.8661895809,2.2960157737,0.0017537976004502582
48.8710834715,2.2960157737,0.0020598174584810273
48.8759773621,2.2960157737,0.0022696705718043505
48.8808712527,2.2960157737,0.002340682210544001
48.8857651433,2.2960157737,0.0022657997320266856
48.8906590339,2.2960157737,0.0020719014699656486
48.8955529245,2.2960157737,0.0018041238857097372
48.9004468151,2.2960157737,0.0015071867005903132
48.9053407057,2.2960157737,0.0012140659956522473
48.9102345963,2.2960157737,0.0009444258657918842
48.9151284869,2.2960157737,0.0007084900879848874
48.9200223775,2.2960157737,0.0005110769248697712
48.9249162681,2.2960157737,0.00035352761029776883
48.9298101587,2.2960157737,0.00023414649567351514
48.9347040493,2.2960157737,0.0001485362349534335
48.9395979399,2.2960157737,9.048296931639396e-05
48.9444918305,2.2960157737,5.319728990717794e-05
48.9493857211,2.2960157737,3.0425451702940132e-05
48.9542796117,2.2960157737,1.7113939529176812e-05
48.9591735023,2.2960157737,9.59429349531992e-06
48.9640673929,2.2960157737,5.434817296596371e-06
48.9689612835,2.2960157737,3.1443595865484196e-06
48.9738551741,2.2960157737,1.866468681528754e-06
48.9787490647,2.2960157737,1.1337993300144764e-06
48.7389484253,2.3009096643,2.901720452905963e-06
48.7438423159,2.3009096643,4.214831189339457e-06
48.7487362065,2.3009096643,6.023899440418712e-06
48.7536300971,2.3009096643,8.471510210896505e-06
48.7585239877,2.3009096643,1.1723438078805009e-05
48.7634178783,2.3009096643,1.5966462532967564e-05
48.7683117689,2.3009096643,2.14047385455616e-05
48.7732056595,2.3009096643,2.825593795229076e-05
48.7780995501,2.3009096643,3.6749652131808315e-05
48.7829934407,2.3009096643,4.713184301704006e-05
48.7878873313,2.3009096643,5.9679646549716044e-05
48.7927812219,2.3009096643,7.472936025342664e-05
48.7976751125,2.3009096643,9.271594152245151e-05
48.8025690031,2.3009096643,0.00011421520843575558
48.8074628937,2.3009096643,0.0001399743072073593
48.8123567843,2.3009096643,0.00017094098894317866
48.8172506749,2.3009096643,0.00020871360239435897
48.8221445655,2.3009096643,0.0002600690649684026
48.8270384561,2.3009096643,0.0003575632515309841
48.8319323467,2.3009096643,0.0005818758882174494
48.8368262373,2.3009096643,0.0009607744150621266
48.8417201279,2.3009096643,0.0012778759493215755
48.8466140185,2.3009096643,0.001295519608428207
48.8515079091,2.3009096643,0.0011744506916664278
48.8564017997,2.3009096643,0.0012121571977157118
48.8612956903,2.3009096643,0.001453008099527254
48.8661895809,2.3009096643,0.0017953811502477086
48.8710834715,2.3009096643,0.002146920176204302
48.8759773621,2.3009096643,0.0024319213410741104
48.8808712527,2.3009096643,0.0025858969747378103
48.8857651433,2.3009096643,0.0025724834572973315
48.8906590339,2.3009096643,0.002396691194831615
48.8955529245,2.3009096643,0.0021001868840002523
48.9004468151,2.3009096643,0.0017419702406380202
48.9053407057,2.3009096643,0.0013769842547132875
48.9102345963,2.3009096643,0.0010433457428588482
48.9151284869,2.3009096643,0.000760516631699144
48.9200223775,2.3009096643,0.0005340072732790378
48.9249162681,2.3009096643,0.0003611539591695783
48.9298101587,2.3009096643,0.0002352104234856986
48.9347040493,2.3009096643,0.00014767240319305913
48.9395979399,2.3009096643,8.967656054477497e-05
48.9444918305,2.3009096643,5.300839856877771e-05
48.9493857211,2.3009096643,3.0791581838380777e-05
48.9542796117,2.3009096643,1.7791535896667885e-05
48.9591735023,2.3009096643,1.0358482039396693e-05
48.9640673929,2.3009096643,6.1414300294718225e-06
48.9689612835,2.3009096643,3.7268735247459137e-06
48.9738551741,2.3009096643,2.311285930124123e-06
48.9787490647,2.3009096643,1.4553203640991925e-06
48.7389484253,2.3058035549,2.844263275145423e-06
48.7438423159,2.3058035549,4.157161599271e-06
48.7487362065,2.3058035549,5.978583580335634e-06
48.7536300971,2.3058035549,8.460348152405514e-06
48.7585239877,2.3058035549,1.1781353937038016e-05
48.7634178783,2.3058035549,1.614631732080126e-05
48.7683117689,2.3058035549,2.1783177845709823e-05
48.7732056595,2.3058035549,2.8940546903056006e-05
48.7780995501,2.3058035549,3.7888068583494055e-05
48.7829934407,2.3058035549,4.8924157541324456e-05
48.7878873313,2.3058035549,6.239638574803107e-05
48.7927812219,2.3058035549,7.87384012533157e-05
48.7976751125,2.3058035549,9.852235931127311e-05
48.8025690031,2.3058035549,0.00012251757365140575
48.8074628937,2.3058035549,0.00015173796866464872
48.8123567843,2.3058035549,0.00018746846550816548
48.8172506749,2.3058035549,0.0002314575623512473
48.8221445655,2.3058035549,0.0002883763458440218
48.8270384561,2.3058035549,0.00038025819249431825
48.8319323467,2.3058035549,0.0005755442642885077
48.8368262373,2.3058035549,0.0009397276068724263
48.8417201279,2.3058035549,0.0013319483136330107
48.8466140185,2.3058035549,0.0014635474352895298
48.8515079091,2.3058035549,0.0013661902101441625
48.8564017997,2.3058035549,0.0013510854269856347
48.8612956903,2.3058035549,0.0015422231802140508
48.8661895809,2.3058035549,0.001860293723537117
48.8710834715,2.3058035549,0.002212517280082249
48.8759773621,2.3058035549,0.002526581080187743
48.8808712527,2.3058035549,0.002733544895204549
48.8857651433,2.3058035549,0.0027785316954897833
48.8906590339,2.3058035549,0.0026419469118119728
48.8955529245,2.3058035549,0.0023486119600576176
48.9004468151,2.3058035549,0.001957236560210356
48.9053407057,2.3058035549,0.0015369782102846346
48.9102345963,2.3058035549,0.001144905096856672
48.9151284869,2.3058035549,0.0008145906960863731
48.9200223775,2.3058035549,0.0005569134624097576
48.9249162681,2.3058035549,0.0003675423295768787
48.9298101587,2.3058035549,0.0002349775071914782
48.9347040493,2.3058035549,0.00014604898803836593
48.9395979399,2.3058035549,8.869851924329561e-05
48.9444918305,2.3058035549,5.3035247518271046e-05
48.9493857211,2.3058035549,3.153931417007743e-05
48.9542796117,2.3058035549,1.8867598201024744e-05
48.9591735023,2.3058035549,1.1466341129151479e-05
48.9640673929,2.3058035549,7.116420120665405e-06
48.9689612835,2.3058035549,4.507211087227222e-06
48.9738551741,2.3058035549,2.896848317898643e-06
48.9787490647,2.3058035549,1.8746736495222992e-06
48.7389484253,2.3106974455,2.7448700330301783e-06
48.7438423159,2.3106974455,4.036933111352696e-06
48.7487362065,2.3106974455,5.8419411407093415e-06
48.7536300971,2.3106974455,8.318685239117944e-06
48.7585239877,2.3106974455,1.1656713347181456e-05
48.7634178783,2.3106974455,1.6076158983310234e-05
48.7683117689,2.3106974455,2.1826447385672387e-05
48.7732056595,2.3106974455,2.9185446550579218e-05
48.7780995501,2.3106974455,3.846236626871485e-05
48.7829934407,2.3106974455,5.000965517408232e-05
48.7878873313,2.3106974455,6.425032711994565e-05
48.7927812219,2.3106974455,8.172594447745776e-05
48.7976751125,2.3106974455,0.00010316524166446968
48.8025690031,2.3106974455,0.0001295638619987869
48.8074628937,2.3106974455,0.00016225502269858863
48.8123567843,2.3106974455,0.00020294919953699374
48.8172506749,2.3106974455,0.0002538102728936902
48.8221445655,2.3106974455,0.0003186834575443622
48.8270384561,2.3106974455,0.00041233871954756665
48.8319323467,2.3106974455,0.0005881679664368816
48.8368262373,2.3106974455,0.0009286605036619567
48.8417201279,2.3106974455,0.0013713300873631018
48.8466140185,2.3106974455,0.0016277867632994206
48.8515079091,2.3106974455,0.0015966107733777666
48.8564017997,2.3106974455,0.0015499259862549446
48.8612956903,2.3106974455,0.0016864748864949064
48.8661895809,2.3106974455,0.0019613203169414175
48.8710834715,2.3106974455,0.0022797716451548804
48.8759773621,2.3106974455,0.0025760037335067127
48.8808712527,2.3106974455,0.0027910554880648526
48.8857651433,2.3106974455,0.002868896996456746
48.8906590339,2.3106974455,0.0027744585951225134
48.8955529245,2.3106974455,0.002511096224528438
48.9004468151,2.3106974455,0.0021228137022097815
48.9053407057,2.3106974455,0.0016783720711661479
48.9102345963,2.3106974455,0.0012464303228914885
48.9151284869,2.3106974455,0.0008754303423028997
48.9200223775,2.3106974455,0.000586511146919488
48.9249162681,2.3106974455,0.0003783516047325041
48.9298101587,2.3106974455,0.00023719952289633233
48.9347040493,2.3106974455,0.0001458146084644827
48.9395979399,2.3106974455,8.867563488719971e-05
48.9444918305,2.3106974455,5.3845523099048476e-05
48.9493857211,2.3106974455,3.2954725131682425e-05
48.9542796117,2.3106974455,2.049103927577508e-05
48.9591735023,2.3106974455,1.3000050446105083e-05
48.9640673929,2.3106974455,8.408804022737757e-06
48.9689612835,2.3106974455,5.517095720041142e-06
48.9738551741,2.3106974455,3.6450651125354503e-06
48.9787490647,2.3106974455,2.407554923481507e-06
48.7389484253,2.3155913361,2.608023891444095e-06
48.7438423159,2.3155913361,3.85961663911165e-06
48.7487362065,2.3155913361,5.620234485384351e-06
48.7536300971,2.3155913361,8.053051013252535e-06
48.7585239877,2.3155913361,1.1355290876371067e-05
48.7634178783,2.3155913361,1.575927572055388e-05
48.7683117689,2.3155913361,2.1532658935824717e-05
48.7732056595,2.3155913361,2.8979644330943362e-05
48.7780995501,2.3155913361,3.844698807137526e-05
48.7829934407,2.3155913361,5.034093537369109e-05
48.7878873313,2.3155913361,6.516288844597624e-05
48.7927812219,2.3155913361,8.35706860666355e-05
48.7976751125,2.3155913361,0.00010646681821166165
48.8025690031,2.3155913361,0.000135103925507057
48.8074628937,2.3155913361,0.0001711841301769397
48.8123567843,2.3155913361,0.00021691999453473762
48.8172506749,2.3155913361,0.0002750607016122416
48.8221445655,2.3155913361,0.000349422698955852
48.8270384561,2.3155913361,0.0004502889362407846
48.8319323467,2.3155913361,0.0006167083850252871
48.8368262373,2.3155913361,0.0009314523630278742
48.8417201279,2.3155913361,0.0013979597449811348
48.8466140185,2.3155913361,0.0017713170738328668
48.8515079091,2.3155913361,0.001840224701085776
48.8564017997,2.3155913361,0.0017890860854320207
48.8612956903,2.3155913361,0.0018722898667751454
48.8661895809,2.3155913361,0.0020942095631820788
48.8710834715,2.3155913361,0.002358648404380642
48.8759773621,2.3155913361,0.0026018454232901887
48.8808712527,2.3155913361,0.002780620549847952
48.8857651433,2.3155913361,0.0028528580232194956
48.8906590339,2.3155913361,0.0027836993695211677
48.8955529245,2.3155913361,0.0025614848342180446
48.9004468151,2.3155913361,0.0022087393801600306
48.9053407057,2.3155913361,0.001778781645983515
48.9102345963,2.3155913361,0.0013380090712521307
48.9151284869,2.3155913361,0.0009436172211096866
48.9200223775,2.3155913361,0.000628692989737022
48.9249162681,2.3155913361,0.00040021617015914703
48.9298101587,2.3155913361,0.00024693855032778073
48.9347040493,2.3155913361,0.00015006005808017878
48.9395979399,2.3155913361,9.122096503023167e-05
48.9444918305,2.3155913361,5.619253700809202e-05
48.9493857211,2.3155913361,3.536833889749792e-05
48.9542796117,2.3155913361,2.280728038335461e-05
48.9591735023,2.3155913361,1.5029368039683083e-05
48.9640673929,2.3155913361,1.0057715647665628e-05
48.9689612835,2.3155913361,6.782285766611118e-06
48.9738551741,2.3155913361,4.574704440658198e-06
48.9787490647,2.3155913361,3.068182379850335e-06
48.7389484253,2.3204852267,2.439715330529848e-06
48.7438423159,2.3204852267,3.633078745480413e-06
48.7487362065,2.3204852267,5.323413603302918e-06
48.7536300971,2.3204852267,7.675484629594081e-06
48.7585239877,2.3204852267,1.0890863018483751e-05
48.7634178783,2.3204852267,1.5210263972087065e-05
48.7683117689,2.3204852267,2.0915482614582398e-05
48.7732056595,2.3204852267,2.8332990146510568e-05
48.7780995501,2.3204852267,3.784355070831607e-05
48.7829934407,2.3204852267,4.990503029760815e-05
48.7878873313,2.3204852267,6.509776417445888e-05
48.7927812219,2.3204852267,8.420131070065756e-05
48.7976751125,2.3204852267,0.00010830553685859149
48.8025690031,2.3204852267,0.00013894620925898252
48.8074628937,2.3204852267,0.00017823740370438717
48.8123567843,2.3204852267,0.0002289569445797361
48.8172506749,2.3204852267,0.00029454822694073357
48.8221445655,2.3204852267,0.0003792571139332979
48.8270384561,2.3204852267,0.000490931760595281
48.8319323467,2.3204852267,0.000656843886472252
48.8368262373,2.3204852267,0.000949294267913068
48.8417201279,2.3204852267,0.0014165984282062244
48.8466140185,2.3204852267,0.0018836556692690323
48.8515079091,2.3204852267,0.0020720535092474427
48.8564017997,2.3204852267,0.0020453183911580434
48.8612956903,2.3204852267,0.002079757422334724
48.8661895809,2.3204852267,0.0022429246325422814
48.8710834715,2.3204852267,0.0024444392488117165
48.8759773621,2.3204852267,0.0026158979623896344
48.8808712527,2.3204852267,0.0027271473314617036
48.8857651433,2.3204852267,0.002756839069718594
48.8906590339,2.3204852267,0.002684203664966069
48.8955529245,2.3204852267,0.002495676584727655
48.9004468151,2.3204852267,0.0021961010655880526
48.9053407057,2.3204852267,0.0018152404153986255
48.9102345963,2.3204852267,0.0014027147913918446
48.9151284869,2.3204852267,0.001012387165477223
48.9200223775,2.3204852267,0.000684987339067067
48.9249162681,2.3204852267,0.0004385197240293058
48.9298101587,2.3204852267,0.0002697284146340318
48.9347040493,2.3204852267,0.00016275934736987535
48.9395979399,2.3204852267,9.861019609324592e-05
48.9444918305,2.3204852267,6.11711895237223e-05
48.9493857211,2.3204852267,3.92384131885537e-05
48.9542796117,2.3204852267,2.59907661534069e-05
48.9591735023,2.3204852267,1.7620600108976906e-05
48.9640673929,2.3204852267,1.2093167712380807e-05
48.9689612835,2.3204852267,8.321274129686746e-06
48.9738551741,2.3204852267,5.699938904743176e-06
48.9787490647,2.3204852267,3.868129599866984e-06
48.7389484253,2.3253791173,2.247007812221742e-06
48.7438423159,2.3253791173,3.367003320758419e-06
48.7487362065,2.3253791173,4.964375938292158e-06
48.7536300971,2.3253791173,7.202630388428336e-06
48.7585239877,2.3253791173,1.0284164774781822e-05
48.7634178783,2.3253791173,1.4453915481831456e-05
48.7683117689,2.3253791173,2.000309790521935e-05
48.7732056595,2.3253791173,2.7275411139432607e-05
48.7780995501,2.3253791173,3.66806908892384e-05
48.7829934407,2.3253791173,4.872431162764596e-05
48.7878873313,2.3253791173,6.406345669803922e-05
48.7927812219,2.3253791173,8.36012746466375e-05
48.7976751125,2.3253791173,0.00010862366031629042
48.8025690031,2.3253791173,0.00014096839713803464
48.8074628937,2.3253791173,0.00018319341699435973
48.8123567843,2.3253791173,0.00023868619891350958
48.8172506749,2.3253791173,0.000311644996640723
48.8221445655,2.3253791173,0.000406973762984113
48.8270384561,2.3253791173,0.0005314212663166044
48.8319323467,2.3253791173,0.0007035550703102825
48.8368262373,2.3253791173,0.0009802387657792838
48.8417201279,2.3253791173,0.0014320227306700273
48.8466140185,2.3253791173,0.001960528620268013
48.8515079091,2.3253791173,0.002270448011886195
48.8564017997,2.3253791173,0.0022949556436785293
48.8612956903,2.3253791173,0.0022884043050895872
48.8661895809,2.3253791173,0.002387537911145306
48.8710834715,2.3253791173,0.0025230219619881227
48.8759773621,2.3253791173,0.002618242704851233
48.8808712527,2.3253791173,0.0026487424879821034
48.8857651433,2.3253791173,0.0026121968245983677
48.8906590339,2.3253791173,0.002508159497465739
48.8955529245,2.3253791173,0.0023332627376860603
48.9004468151,2.3253791173,0.0020855502061482628
48.9053407057,2.3253791173,0.00177341101237804
48.9102345963,2.3253791173,0.001421514192854182
48.9151284869,2.3253791173,0.0010674030832640864
48.9200223775,2.3253791173,0.000749537770663704
48.9249162681,2.3253791173,0.0004943004222384566
48.9298101587,2.3253791173,0.0003097366659722439
48.9347040493,2.3253791173,0.00018814894991265425
48.9395979399,2.3253791173,0.00011380362235993584
48.9444918305,2.3253791173,7.040888010009294e-05
48.9493857211,2.3253791173,4.53026931965527e-05
48.9542796117,2.3253791173,3.0323745266118604e-05
48.9591735023,2.3253791173,2.0867360871420385e-05
48.9640673929,2.3253791173,1.4544831110055023e-05
48.9689612835,2.3253791173,1.0146322855970419e-05
48.9738551741,2.3253791173,7.029351506422523e-06
48.9787490647,2.3253791173,4.815118610674632e-06
48.7389484253,2.3302730079,2.0375481548281415e-06
48.7438423159,2.3302730079,3.072206871342589e-06
48.7487362065,2.3302730079,4.558038554810005e-06
48.7536300971,2.3302730079,6.6545222864196025e-06
48.7585239877,2.3302730079,9.56135585784989e-06
48.7634178783,2.3302730079,1.3523363028142733e-05
48.7683117689,2.3302730079,1.8836065189921838e-05
48.7732056595,2.3302730079,2.5854627866362946e-05
48.7780995501,2.3302730079,3.5011843620180075e-05
48.7829934407,2.3302730079,4.685466952991588e-05
48.7878873313,2.3302730079,6.211232393966787e-05
48.7927812219,2.3302730079,8.180929973260147e-05
48.7976751125,2.3302730079,0.00010742983656434559
48.8025690031,2.3302730079,0.00014112266023612227
48.8074628937,2.3302730079,0.00018590562662991166
48.8123567843,2.3302730079,0.00024579512974152524
48.8172506749,2.3302730079,0.00032575908447680365
48.8221445655,2.3302730079,0.00043143280436038796
48.8270384561,2.3302730079,0.0005692159343647599
48.8319323467,2.3302730079,0.0007517121444132366
48.8368262373,2.3302730079,0.0010197256822219063
48.8417201279,2.3302730079,0.001447026455030561
48.8466140185,2.3302730079,0.0020025374929139293
48.8515079091,2.3302730079,0.002419104260561083
48.8564017997,2.3302730079,0.0025158310295580063
48.8612956903,2.3302730079,0.0024803908605597886
48.8661895809,2.3302730079,0.0025107768438107658
48.8710834715,2.3302730079,0.0025785413165898274
48.8759773621,2.3302730079,0.0026016017067916376
48.8808712527,2.3302730079,0.0025537221311670677
48.8857651433,2.3302730079,0.0024447976329735146
48.8906590339,2.3302730079,0.002292755308285912
48.8955529245,2.3302730079,0.002109884524334933
48.9004468151,2.3302730079,0.0018984215826967684
48.9053407057,2.3302730079,0.001655115617097948
48.9102345963,2.3302730079,0.0013813712858543967
48.9151284869,2.3302730079,0.0010909587149810825
48.9200223775,2.3302730079,0.0008088165360518607
48.9249162681,2.3302730079,0.0005616379776976028
48.9298101587,2.3302730079,0.00036718774233649663
48.9347040493,2.3302730079,0.00022926669792350615
48.9395979399,2.3302730079,0.00014000542378958745
48.9444918305,2.3302730079,8.613364199810886e-05
48.9493857211,2.3302730079,5.4760213044302514e-05
48.9542796117,2.3302730079,3.632989949238073e-05
48.9591735023,2.3302730079,2.4957380641201195e-05
48.9640673929,2.3302730079,1.7467373762697578e-05
48.9689612835,2.3302730079,1.2270450369766646e-05
48.9738551741,2.3302730079,8.566649999497935e-06
48.9787490647,2.3302730079,5.912162504442122e-06
48.7389484253,2.3351668985000003,1.8190686822802946e-06
48.7438423159,2.3351668985000003,2.759914669950101e-06
48.7487362065,2.3351668985000003,4.120315460345506e-06
48.7536300971,2.3351668985000003,6.0531810946899525e-06
48.7585239877,2.3351668985000003,8.752154436050825e-06
48.7634178783,2.3351668985000003,1.2457677793597977e-05
48.7683117689,2.3351668985000003,1.746434116862512e-05
48.7732056595,2.3351668985000003,2.4132592967358594e-05
48.7780995501,2.3351668985000003,3.291118816230701e-05
48.7829934407,2.3351668985000003,4.4381158503631424e-05
48.7878873313,2.3351668985000003,5.933625326207869e-05
48.7927812219,2.3351668985000003,7.891556269458256e-05
48.7976751125,2.3351668985000003,0.00010479648807888096
48.8025690031,2.3351668985000003,0.0001394352434941587
48.8074628937,2.3351668985000003,0.0001863057928409288
48.8123567843,2.3351668985000003,0.0002500422612388488
48.8172506749,2.3351668985000003,0.0003363507008802362
48.8221445655,2.3351668985000003,0.0004515636178173493
48.8270384561,2.3351668985000003,0.000602063048268085
48.8319323467,2.3351668985000003,0.0007965392462861786
48.8368262373,2.3351668985000003,0.001061656882172181
48.8417201279,2.3351668985000003,0.0014615991118972498
48.8466140185,2.3351668985000003,0.0020133311096959343
48.8515079091,2.3351668985000003,0.002508412817803248
48.8564017997,2.3351668985000003,0.002688864442443189
48.8612956903,2.3351668985000003,0.002641454106485128
48.8661895809,2.3351668985000003,0.0026014179079169317
48.8710834715,2.3351668985000003,0.0025995420288938437
48.8759773621,2.3351668985000003,0.0025578384367121432
48.8808712527,2.3351668985000003,0.0024434269786908864
48.8857651433,2.3351668985000003,0.0022706249698503157
48.8906590339,2.3351668985000003,0.002069003193334082
48.8955529245,2.3351668985000003,0.0018645984728349761
48.9004468151,2.3351668985000003,0.0016694446451460587
48.9053407057,2.3351668985000003,0.0014795213598720505
48.9102345963,2.3351668985000003,0.0012823157373676559
48.9151284869,2.3351668985000003,0.0010694019610916566
48.9200223775,2.3351668985000003,0.0008454202197114754
48.9249162681,2.3351668985000003,0.0006274491578130163
48.9298101587,2.3351668985000003,0.0004361655488026186
48.9347040493,2.3351668985000003,0.00028582590862538703
48.9395979399,2.3351668985000003,0.00017949828942403012
48.9444918305,2.3351668985000003,0.0001108528068963396
48.9493857211,2.3351668985000003,6.935194852966542e-05
48.9542796117,2.3351668985000003,4.4932524757669605e-05
48.9591735023,2.3351668985000003,3.0283168720794532e-05
48.9640673929,2.3351668985000003,2.099417003535218e-05
48.9689612835,2.3351668985000003,1.4727295004814019e-05
48.9738551741,2.3351668985000003,1.0315995753637882e-05
48.9787490647,2.3351668985000003,7.158064495565312e-06
48.7389484253,2.3400607891000003,1.5989257124566047e-06
48.7438423159,2.3400607891000003,2.4410646630082485e-06
48.7487362065,2.3400607891000003,3.667097199467612e-06
48.7536300971,2.3400607891000003,5.421160313134348e-06
48.7585239877,2.3400607891000003,7.887823419057642e-06
48.7634178783,2.3400607891000003,1.1299160565772451e-05
48.7683117689,2.3400607891000003,1.594374328361718e-05
48.7732056595,2.3400607891000003,2.2181020839355754e-05
48.7780995501,2.3400607891000003,3.046818620600774e-05
48.7829934407,2.3400607891000003,4.141157439026188e-05
48.7878873313,2.3400607891000003,5.585944313084643e-05
48.7927812219,2.3400607891000003,7.505406013968031e-05
48.7976751125,2.3400607891000003,0.00010085250418527639
48.8025690031,2.3400607891000003,0.00013600092430374777
48.8074628937,2.3400607891000003,0.00018440301285038905
48.8123567843,2.3400607891000003,0.00025126613928355186
48.8172506749,2.3400607891000003,0.00034295778568741656
48.8221445655,2.3400607891000003,0.0004663987892773811
48.8270384561,2.3400607891000003,0.0006280186835478586
48.8319323467,2.3400607891000003,0.0008339346421584211
48.8368262373,2.3400607891000003,0.0010995978571491929
48.8417201279,2.3400607891000003,0.0014732033108979677
48.8466140185,2.3400607891000003,0.0019977943360413837
48.8515079091,2.3400607891000003,0.002535927333653863
48.8564017997,2.3400607891000003,0.002799773248284332
48.8612956903,2.3400607891000003,0.002760761967457799
48.8661895809,2.3400607891000003,0.0026547317925048656
48.8710834715,2.3400607891000003,0.0025817893282730794
48.8759773621,2.3400607891000003,0.0024828810117352787
48.8808712527,2.3400607891000003,0.0023172386923717386
48.8857651433,2.3400607891000003,0.002097174334625662
48.8906590339,2.3400607891000003,0.0018564625813918753
48.8955529245,2.3400607891000003,0.001628729485025877
48.9004468151,2.3400607891000003,0.0014349428290116493
48.9053407057,2.3400607891000003,0.0012768571799769792
48.9102345963,2.3400607891000003,0.0011391168207993867
48.9151284869,2.3400607891000003,0.0009999792131991873
48.9200223775,2.3400607891000003,0.0008449324746367374
48.9249162681,2.3400607891000003,0.0006749102104460799
48.9298101587,2.3400607891000003,0.0005044522810618086
48.9347040493,2.3400607891000003,0.0003523450322684621
48.9395979399,2.3400607891000003,0.00023186986398563607
48.9444918305,2.3400607891000003,0.00014640742490104185
48.9493857211,2.3400607891000003,9.111646169634958e-05
48.9542796117,2.3400607891000003,5.753146676701205e-05
48.9591735023,2.3400607891000003,3.757387118392e-05
48.9640673929,2.3400607891000003,2.5426640557082742e-05
48.9689612835,2.3400607891000003,1.7613587852383795e-05
48.9738551741,2.3400607891000003,1.2297482253562111e-05
48.9787490647,2.3400607891000003,8.551556623768516e-06
48.7389484253,2.3449546797000003,1.3837114269098234e-06
48.7438423159,2.3449546797000003,2.125697848716223e-06
48.7487362065,2.3449546797000003,3.2133224076069502e-06
48.7536300971,2.3449546797000003,4.780173305412142e-06
48.7585239877,2.3449546797000003,6.999197967809512e-06
48.7634178783,2.3449546797000003,1.0090587010758386e-05
48.7683117689,2.3449546797000003,1.4332210237535422e-05
48.7732056595,2.3449546797000003,2.0076455775133088e-05
48.7780995501,2.3449546797000003,2.778126984424974e-05
48.7829934407,2.3449546797000003,3.8068635077557006e-05
48.7878873313,2.3449546797000003,5.1829081163623045e-05
48.7927812219,2.3449546797000003,7.039205553801496e-05
48.7976751125,2.3449546797000003,9.577226543748977e-05
48.8025690031,2.3449546797000003,0.00013097348370695334
48.8074628937,2.3449546797000003,0.0001802794997693028
48.8123567843,2.3449546797000003,0.0002493936524339761
48.8172506749,2.3449546797000003,0.0003452280093379388
48.8221445655,2.3449546797000003,0.0004751340697568138
48.8270384561,2.3449546797000003,0.0006455078290135511
48.8319323467,2.3449546797000003,0.0008606758428489412
48.8368262373,2.3449546797000003,0.0011278073266309968
48.8417201279,2.3449546797000003,0.0014777877246124858
48.8466140185,2.3449546797000003,0.0019606573124427715
48.8515079091,2.3449546797000003,0.002505748471778522
48.8564017997,2.3449546797000003,0.002840687128984737
48.8612956903,2.3449546797000003,0.0028306420480403976
48.8661895809,2.3449546797000003,0.0026710915310042102
48.8710834715,2.3449546797000003,0.0025280605751714863
48.8759773621,2.3449546797000003,0.0023785164577828856
48.8808712527,2.3449546797000003,0.0021763916972364454
48.8857651433,2.3449546797000003,0.0019274731128529356
48.8906590339,2.3449546797000003,0.0016639723759782465
48.8955529245,2.3449546797000003,0.001420601514112908
48.9004468151,2.3449546797000003,0.0012225404175038887
48.9053407057,2.3449546797000003,0.0010780233180215572
48.9102345963,2.3449546797000003,0.0009762683087224124
48.9151284869,2.3449546797000003,0.0008930199825390088
48.9200223775,2.3449546797000003,0.0008024629454295773
48.9249162681,2.3449546797000003,0.000689671551705323
48.9298101587,2.3449546797000003,0.0005565053888401435
48.9347040493,2.3449546797000003,0.000417956591257514
48.9395979399,2.3449546797000003,0.00029238991261299743
48.9444918305,2.3449546797000003,0.00019247980089759568
48.9493857211,2.3449546797000003,0.00012161676103081638
48.9542796117,2.3449546797000003,7.581440111803121e-05
48.9591735023,2.3449546797000003,4.7964372298413564e-05
48.9640673929,2.3449546797000003,3.134260580743734e-05
48.9689612835,2.3449546797000003,2.1160719462275984e-05
48.9738551741,2.3449546797000003,1.4580622587024757e-05
48.9787490647,2.3449546797000003,1.010341422869893e-05
48.7389484253,2.3498485703,1.1789650341410732e-06
48.7438423159,2.3498485703,1.8224795264988444e-06
48.7487362065,2.3498485703,2.7722137080724227e-06
48.7536300971,2.3498485703,4.149914676471148e-06
48.7585239877,2.3498485703,6.114924173853607e-06
48.7634178783,2.3498485703,8.872653527404813e-06
48.7683117689,2.3498485703,1.26862043240681e-05
48.7732056595,2.3498485703,1.7895348109331058e-05
48.7780995501,2.3498485703,2.495129796066059e-05
48.7829934407,2.3498485703,3.448155712188738e-05
48.7878873313,2.3498485703,4.7404906402199094e-05
48.7927812219,2.3498485703,6.511780535925878e-05
48.7976751125,2.3498485703,8.976239026910776e-05
48.8025690031,2.3498485703,0.0001245536638822151
48.8074628937,2.3498485703,0.00017408430759350147
48.8123567843,2.3498485703,0.0002444477739698718
48.8172506749,2.3498485703,0.0003429531624924462
48.8221445655,2.3498485703,0.0004771995985114674
48.8270384561,2.3498485703,0.0006534093062774813
48.8319323467,2.3498485703,0.0008745422622022325
48.8368262373,2.3498485703,0.0011419438179037953
48.8417201279,2.3498485703,0.0014710653058433879
48.8466140185,2.3498485703,0.0019057466510277207
48.8515079091,2.3498485703,0.0024269103313048304
48.8564017997,2.3498485703,0.0028110969733438707
48.8612956903,2.3498485703,0.002846613542025515
48.8661895809,2.3498485703,0.002653867974167436
48.8710834715,2.3498485703,0.0024461099013787756
48.8759773621,2.3498485703,0.0022515258776813637
48.8808712527,2.3498485703,0.0020251871808542993
48.8857651433,2.3498485703,0.001763538186566257
48.8906590339,2.3498485703,0.0014935073327819188
48.8955529245,2.3498485703,0.001246390855056541
48.9004468151,2.3498485703,0.0010465219143554725
48.9053407057,2.3498485703,0.0009055177022556176
48.9102345963,2.3498485703,0.0008190836514845864
48.9151284869,2.3498485703,0.0007680377664036716
48.9200223775,2.3498485703,0.0007251022291419601
48.9249162681,2.3498485703,0.0006658944841762661
48.9298101587,2.3498485703,0.0005789204521498921
48.9347040493,2.3498485703,0.00046889700161636115
48.9395979399,2.3498485703,0.00035175914498759923
48.9444918305,2.3498485703,0.00024517802652938007
48.9493857211,2.3498485703,0.00016068778298726873
48.9542796117,2.3498485703,0.00010112833436009854
48.9591735023,2.3498485703,6.28512701405899e-05
48.9640673929,2.3498485703,3.9657578876643096e-05
48.9689612835,2.3498485703,2.5823294959423493e-05
48.9738551741,2.3498485703,1.734141528940391e-05
48.9787490647,2.3498485703,1.186277673529591e-05
48.7389484253,2.3547424609,9.889962032113924e-07
48.7438423159,2.3547424609,1.5383778131652558e-06
48.7487362065,2.3547424609,2.3547262847379814e-06
48.7536300971,2.3547424609,3.5471582905997457e-06
48.7585239877,2.3547424609,5.2600418818187245e-06
48.7634178783,2.3547424609,7.681828743618334e-06
48.7683117689,2.3547424609,1.1057559565989896e-05
48.7732056595,2.3547424609,1.5709573401981934e-05
48.7780995501,2.3547424609,2.207538376838226e-05
48.7829934407,2.3547424609,3.077783790780774e-05
48.7878873313,2.3547424609,4.274870783634423e-05
48.7927812219,2.3547424609,5.942787278846529e-05
48.7976751125,2.3547424609,8.304771498560621e-05
48.8025690031,2.3547424609,0.00011697610140676683
48.8074628937,2.3547424609,0.00016602588297856086
48.8123567843,2.3547424609,0.00023655372989099714
48.8172506749,2.3547424609,0.0003361003898508458
48.8221445655,2.3547424609,0.0004723261341693987
48.8270384561,2.3547424609,0.0006511384097104801
48.8319323467,2.3547424609,0.0008743703789254936
48.8368262373,2.3547424609,0.0011394173418495484
48.8417201279,2.3547424609,0.0014496391461731094
48.8466140185,2.3547424609,0.0018358694910034063
48.8515079091,2.3547424609,0.0023111783663638387
48.8564017997,2.3547424609,0.002717650973999335
48.8612956903,2.3547424609,0.002807692780580001
48.8661895809,2.3547424609,0.0026074120776620165
48.8710834715,2.3547424609,0.002345977825734888
48.8759773621,2.3547424609,0.0021114881964461106
48.8808712527,2.3547424609,0.0018701055054291124
48.8857651433,2.3547424609,0.001607851062747423
48.8906590339,2.3547424609,0.0013440209545462643
48.8955529245,2.3547424609,0.0011043453734345685
48.9004468151,2.3547424609,0.0009090990962202717
48.9053407057,2.3547424609,0.0007695008134890071
48.9102345963,2.3547424609,0.0006857313871216834
48.9151284869,2.3547424609,0.0006460589500263427
48.9200223775,2.3547424609,0.0006288308664364821
48.9249162681,2.3547424609,0.0006087209179296912
48.9298101587,2.3547424609,0.0005658320170199608
48.9347040493,2.3547424609,0.0004931952969432472
48.9395979399,2.3547424609,0.00039813547826104566
48.9444918305,2.3547424609,0.0002967360398596939
48.9493857211,2.3547424609,0.00020521209303474562
48.9542796117,2.3547424609,0.0001334393521193473
48.9591735023,2.3547424609,8.338828458345338e-05
48.9640673929,2.3547424609,5.151735718986743e-05
48.9689612835,2.3547424609,3.233305736244663e-05
48.9738551741,2.3547424609,2.0934243758237627e-05
48.9787490647,2.3547424609,1.3962335267512743e-05
48.7389484253,2.3596363515,8.168208751341721e-07
48.7438423159,2.3596363515,1.2785068478142806e-06
48.7487362065,2.3596363515,1.969230471763936e-06
48.7536300971,2.3596363515,2.9851773312844373e-06
48.7585239877,2.3596363515,4.4549959000005375e-06
48.7634178783,2.3596363515,6.5487543203882776e-06
48.7683117689,2.3596363515,9.49100617543008e-06
48.7732056595,2.3596363515,1.3582747009807339e-05
48.7780995501,2.3596363515,1.924160991277342e-05
48.7829934407,2.3596363515,2.7075970062792264e-05
48.7878873313,2.3596363515,3.801473550657065e-05
48.7927812219,2.3596363515,5.351525836909385e-05
48.7976751125,2.3596363515,7.585789246226411e-05
48.8025690031,2.3596363515,0.00010849645878192215
48.8074628937,2.3596363515,0.00015636377485149654
48.8123567843,2.3596363515,0.00022594166895110754
48.8172506749,2.3596363515,0.00032483378407214273
48.8221445655,2.3596363515,0.0004605907484636929
48.8270384561,2.3596363515,0.0006386987100511981
48.8319323467,2.3596363515,0.0008600396748371445
48.8368262373,2.3596363515,0.0011194278938040027
48.8417201279,2.3596363515,0.0014117141052349378
48.8466140185,2.3596363515,0.0017531287090234728
48.8515079091,2.3596363515,0.0021708209504767164
48.8564017997,2.3596363515,0.0025726833859613307
48.8612956903,2.3596363515,0.002716692598088633
48.8661895809,2.3596363515,0.002535606030148924
48.8710834715,2.3596363515,0.002237433347407873
48.8759773621,2.3596363515,0.001968433964884417
48.8808712527,2.3596363515,0.001718078598406391
48.8857651433,2.3596363515,0.00146316151490764
48.8906590339,2.3596363515,0.0012136874257435285
48.8955529245,2.3596363515,0.0009892159677206398
48.9004468151,2.3596363515,0.0008049427715586091
48.9053407057,2.3596363515,0.0006692742374804749
48.9102345963,2.3596363515,0.0005837415173571075
48.9151284869,2.3596363515,0.000542485014898827
48.9200223775,2.3596363515,0.0005318016730443324
48.9249162681,2.3596363515,0.0005317507182757108
48.9298101587,2.3596363515,0.0005212528052015656
48.9347040493,2.3596363515,0.00048540943173275405
48.9395979399,2.3596363515,0.00042109880293139884
48.9444918305,2.3596363515,0.00033713713641886074
48.9493857211,2.3596363515,0.0002487967583081374
48.9542796117,2.3596363515,0.00017028802849581876
48.9591735023,2.3596363515,0.00010963298045932742
48.9640673929,2.3596363515,6.789822152773812e-05
48.9689612835,2.3596363515,4.1620654220994406e-05
48.9738551741,2.3596363515,2.5938648961369036e-05
48.9787490647,2.3596363515,1.667615917311147e-05
48.7389484253,2.3645302421,6.641983936796185e-07
48.7438423159,2.3645302421,1.0461247174101253e-06
48.7487362065,2.3645302421,1.6214235835460048e-06
48.7536300971,2.3645302421,2.4734939466703863e-06
48.7585239877,2.3645302421,3.715106888693873e-06
48.7634178783,2.3645302421,5.497267297458841e-06
48.7683117689,2.3645302421,8.022509028515972e-06
48.7732056595,2.3645302421,1.1567570222318128e-05
48.7780995501,2.3645302421,1.6525007068257683e-05
48.7829934407,2.3645302421,2.3479648784290943e-05
48.7878873313,2.3645302421,3.334180346304349e-05
48.7927812219,2.3645302421,4.755933276633346e-05
48.7976751125,2.3645302421,6.841567159832445e-05
48.8025690031,2.3645302421,9.937953620808517e-05
48.8074628937,2.3645302421,0.00014539928548092836
48.8123567843,2.3645302421,0.00021294346052272791
48.8172506749,2.3645302421,0.0003095202640250917
48.8221445655,2.3645302421,0.0004424299164489677
48.8270384561,2.3645302421,0.0006166817189000469
48.8319323467,2.3645302421,0.0008323829595918406
48.8368262373,2.3645302421,0.0010827665719882124
48.8417201279,2.3645302421,0.0013573166216766012
48.8466140185,2.3645302421,0.0016593861840489565
48.8515079091,2.3645302421,0.0020168452322520745
48.8564017997,2.3645302421,0.0023917960702542775
48.8612956903,2.3645302421,0.002580184396399332
48.8661895809,2.3645302421,0.0024412125443184465
48.8710834715,2.3645302421,0.0021279989372178093
48.8759773621,2.3645302421,0.0018309994362652867
48.8808712527,2.3645302421,0.0015749713348492819
48.8857651433,2.3645302421,0.0013316447130488035
48.8906590339,2.3645302421,0.001100589876343612
48.8955529245,2.3645302421,0.0008951609432681749
48.9004468151,2.3645302421,0.0007258879811839197
48.9053407057,2.3645302421,0.0005977333904972143
48.9102345963,2.3645302421,0.0005113440206345461
48.9151284869,2.3645302421,0.0004637774492970554
48.9200223775,2.3645302421,0.0004478345184653565
48.9249162681,2.3645302421,0.0004511185185794038
48.9298101587,2.3645302421,0.00045699979292097837
48.9347040493,2.3645302421,0.0004487875480358434
48.9395979399,2.3645302421,0.00041575789956603955
48.9444918305,2.3645302421,0.000357434369615638
48.9493857211,2.3645302421,0.00028306066992971925
48.9542796117,2.3645302421,0.00020646525953526076
48.9591735023,2.3645302421,0.0001396674352376368
48.9640673929,2.3645302421,8.891517709079156e-05
48.9689612835,2.3645302421,5.4502615773043816e-05
48.9738551741,2.3645302421,3.3103570817313885e-05
48.9787490647,2.3645302421,2.0459549275656915e-05
48.7389484253,2.3694241327,5.317506145593296e-07
48.7438423159,2.3694241327,8.427623296331456e-07
48.7487362065,2.3694241327,1.3144441852723905e-06
48.7536300971,2.3694241327,2.017932257283877e-06
48.7585239877,2.3694241327,3.050483320794778e-06
48.7634178783,2.3694241327,4.544045031816265e-06
48.7683117689,2.3694241327,6.6784596163288696e-06
48.7732056595,2.3694241327,9.704312647161125e-06
48.7780995501,2.3694241327,1.3985000346747705e-05
48.7829934407,2.3694241327,2.007381261752498e-05
48.7878873313,2.3694241327,2.8847583975612503e-05
48.7927812219,2.3694241327,4.1718203899559315e-05
48.7976751125,2.3694241327,6.0927489488404793e-05
48.8025690031,2.3694241327,8.98886823359272e-05
48.8074628937,2.3694241327,0.00013346453386411122
48.8123567843,2.3694241327,0.00019798157405146916
48.8172506749,2.3694241327,0.0002907157001676305
48.8221445655,2.3694241327,0.0004186139477710927
48.8270384561,2.3694241327,0.0005862057709987123
48.8319323467,2.3694241327,0.0007930223931212586
48.8368262373,2.3694241327,0.0010314639595463539
48.8417201279,2.3694241327,0.001288095007664312
48.8466140185,2.3694241327,0.0015566324022372466
48.8515079091,2.3694241327,0.0018579612031243864
48.8564017997,2.3694241327,0.0021911112831633694
48.8612956903,2.3694241327,0.0024078981265431352
48.8661895809,2.3694241327,0.0023260150498278774
48.8710834715,2.3694241327,0.0020218052577965257
48.8759773621,2.3694241327,0.0017052736329512418
48.8808712527,2.3694241327,0.0014447447414685092
48.8857651433,2.3694241327,0.0012142497029556001
48.8906590339,2.3694241327,0.0010026434803926
48.8955529245,2.3694241327,0.0008169845291751609
48.9004468151,2.3694241327,0.0006640460650029003
48.9053407057,2.3694241327,0.0005458926696769023
48.9102345963,2.3694241327,0.0004614888696459188
48.9151284869,2.3694241327,0.00040844545871514926
48.9200223775,2.3694241327,0.00038318298849152955
48.9249162681,2.3694241327,0.0003795682915770153
48.9298101587,2.3694241327,0.00038750829185656263
48.9347040493,2.3694241327,0.0003935909100745951
48.9395979399,2.3694241327,0.00038472789151482265
48.9444918305,2.3694241327,0.00035328233001714074
48.9493857211,2.3694241327,0.00030039143003873537
48.9542796117,2.3694241327,0.00023502221701249333
48.9591735023,2.3694241327,0.00016928767071653148
48.9640673929,2.3694241327,0.00011309054424230883
48.9689612835,2.3694241327,7.112650040894751e-05
48.9738551741,2.3694241327,4.310490539496301e-05
48.9787490647,2.3694241327,2.5910130796734677e-05
48.7389484253,2.3743180233,4.1913885488119766e-07
48.7438423159,2.3743180233,6.684504536118462e-07
48.7487362065,2.3743180233,1.0491462830933275e-06
48.7536300971,2.3743180233,1.6209225521628697e-06
48.7585239877,2.3743180233,2.4663150150543295e-06
48.7634178783,2.3743180233,3.698811870379147e-06
48.7683117689,2.3743180233,5.475670452515472e-06
48.7732056595,2.3743180233,8.020407288032354e-06
48.7780995501,2.3743180233,1.166435082770338e-05
48.7829934407,2.3743180233,1.692261977140721e-05
48.7878873313,2.3743180233,2.4625280371681027e-05
48.7927812219,2.3743180233,3.612376276983518e-05
48.7976751125,2.3743180233,5.3576578230284214e-05
48.8025690031,2.3743180233,8.02764789652581e-05
48.8074628937,2.3743180233,0.00012090947132127977
48.8123567843,2.3743180233,0.00018154914120495973
48.8172506749,2.3743180233,0.0002691306209754392
48.8221445655,2.3743180233,0.0003901841574751408
48.8270384561,2.3743180233,0.0005487995978404583
48.8319323467,2.3743180233,0.000744146575954046
48.8368262373,2.3743180233,0.0009683663581875554
48.8417201279,2.3743180233,0.0012068556490732799
48.8466140185,2.3743180233,0.0014471384955003922
48.8515079091,2.3743180233,0.0017002789143546217
48.8564017997,2.3743180233,0.0019848694991075563
48.8612956903,2.3743180233,0.0022115426922419534
48.8661895809,2.3743180233,0.002191516057905036
48.8710834715,2.3743180233,0.0019193784744686846
48.8759773621,2.3743180233,0.0015942902161836408
48.8808712527,2.3743180233,0.001329297041546596
48.8857651433,2.3743180233,0.0011105665876961933
48.8906590339,2.3743180233,0.0009174494193457801
48.8955529245,2.3743180233,0.0007503741236905059
48.9004468151,2.3743180233,0.0006131246306512069
48.9053407057,2.3743180233,0.0005058043192997934
48.9102345963,2.3743180233,0.00042591261634682094
48.9151284869,2.3743180233,0.00037049688068997044
48.9200223775,2.3743180233,0.0003371529085551977
48.9249162681,2.3743180233,0.00032333647053286264
48.9298101587,2.3743180233,0.00032450334389464065
48.9347040493,2.3743180233,0.00033261791802765607
48.9395979399,2.3743180233,0.0003368110742374841
48.9444918305,2.3743180233,0.00032673125416227063
48.9493857211,2.3743180233,0.0002969560577382953
48.9542796117,2.3743180233,0.00024953773912108745
48.9591735023,2.3743180233,0.00019278601358365237
48.9640673929,2.3743180233,0.0001370657794752621
48.9689612835,2.3743180233,9.036915663470636e-05
48.9738551741,2.3743180233,5.610494976389786e-05
48.9787490647,2.3743180233,3.358200588920714e-05
48.7389484253,2.3792119139,3.2527325510673457e-07
48.7438423159,2.3792119139,5.220083004641426e-07
48.7487362065,2.3792119139,8.244824889940938e-07
48.7536300971,2.3792119139,1.281988458513429e-06
48.7585239877,2.3792119139,1.9634607018729763e-06
48.7634178783,2.3792119139,2.9650005931709926e-06
48.7683117689,2.3792119139,4.422048644212145e-06
48.7732056595,2.3792119139,6.531025874376431e-06
48.7780995501,2.3792119139,9.58946132392973e-06
48.7829934407,2.3792119139,1.4069241144014788e-05
48.7878873313,2.3792119139,2.0742574039269937e-05
48.7927812219,2.3792119139,3.087930264123055e-05
48.7976751125,2.3792119139,4.651845032149907e-05
48.8025690031,2.3792119139,7.077653649889474e-05
48.8074628937,2.3792119139,0.00010808684254853933
48.8123567843,2.3792119139,0.00016418201568688207
48.8172506749,2.3792119139,0.0002455787438045918
48.8221445655,2.3792119139,0.0003583613882921412
48.8270384561,2.3792119139,0.000506247927622125
48.8319323467,2.3792119139,0.0006882569813802183
48.8368262373,2.3792119139,0.0008967099287017244
48.8417201279,2.3792119139,0.0011170061402428037
48.8466140185,2.3792119139,0.0013333930607936815
48.8515079091,2.3792119139,0.0015475562581709333
48.8564017997,2.3792119139,0.0017838666703099935
48.8612956903,2.3792119139,0.002003254991486964
48.8661895809,2.3792119139,0.0020398067324484967
48.8710834715,2.3792119139,0.0018183063310696773
48.8759773621,2.3792119139,0.001498045073709972
48.8808712527,2.3792119139,0.0012287470740310997
48.8857651433,2.3792119139,0.0010191407159399766
48.8906590339,2.3792119139,0.0008423698109833875
48.8955529245,2.3792119139,0.0006918059208146853
48.9004468151,2.3792119139,0.0005685930446197221
48.9053407057,2.3792119139,0.0004716834775545362
48.9102345963,2.3792119139,0.0003977049627469123
48.9151284869,2.3792119139,0.0003429939158912478
48.9200223775,2.3792119139,0.0003050176308354306
48.9249162681,2.3792119139,0.000282481719693838
48.9298101587,2.3792119139,0.00027407037375317593
48.9347040493,2.3792119139,0.0002764877608919235
48.9395979399,2.3792119139,0.0002831910967633897
48.9444918305,2.3792119139,0.0002852194489968542
48.9493857211,2.3792119139,0.000274310558903925
48.9542796117,2.3792119139,0.0002466594866741486
48.9591735023,2.3792119139,0.00020479658698200804
48.9640673929,2.3792119139,0.00015619881367318848
48.9689612835,2.3792119139,0.00010957594349919851
48.9738551741,2.3792119139,7.126255575890958e-05
48.9787490647,2.3792119139,4.363942651583885e-05
48.7389484253,2.3841058045,2.485308768128228e-07
48.7438423159,2.3841058045,4.013579075000598e-07
48.7487362065,2.3841058045,6.379439093799881e-07
48.7536300971,2.3841058045,9.98343124293497e-07
48.7585239877,2.3841058045,1.5392283777519477e-06
48.7634178783,2.3841058045,2.3407347606113547e-06
48.7683117689,2.3841058045,3.517777802652075e-06
48.7732056595,2.3841058045,5.240423939306036e-06
48.7780995501,2.3841058045,7.771795037329869e-06
48.7829934407,2.3841058045,1.1537177452128956e-05
48.7878873313,2.3841058045,1.7242512567197608e-05
48.7927812219,2.3841058045,2.6059349981030456e-05
48.7976751125,2.3841058045,3.9878432885359604e-05
48.8025690031,2.3841058045,6.159630744522164e-05
48.8074628937,2.3841058045,9.533577558623768e-05
48.8123567843,2.3841058045,0.00014642545216380786
48.8172506749,2.3841058045,0.0002209149902010952
48.8221445655,2.3841058045,0.00032443972483716613
48.8270384561,2.3841058045,0.0004604233345698078
48.8319323467,2.3841058045,0.0006279182182199719
48.8368262373,2.3841058045,0.000819747741810187
48.8417201279,2.3841058045,0.0010220439941789612
48.8466140185,2.3841058045,0.0012179088947367224
48.8515079091,2.3841058045,0.001401742612467615
48.8564017997,2.3841058045,0.0015949123764806008
48.8612956903,2.3841058045,0.0017940368573568194
48.8661895809,2.3841058045,0.0018742047060212547
48.8710834715,2.3841058045,0.0017145528925310242
48.8759773621,2.3841058045,0.001413929218920225
48.8808712527,2.3841058045,0.0011418913288505027
48.8857651433,2.3841058045,0.0009379984201593097
48.8906590339,2.3841058045,0.0007747961734641913
48.8955529245,2.3841058045,0.0006384607932500783
48.9004468151,2.3841058045,0.0005273909058883322
48.9053407057,2.3841058045,0.00043987148596848295
48.9102345963,2.3841058045,0.0003722024631027065
48.9151284869,2.3841058045,0.0003202921383871062
48.9200223775,2.3841058045,0.00028112648921973225
48.9249162681,2.3841058045,0.00025335238932080024
48.9298101587,2.3841058045,0.00023678435047934195
48.9347040493,2.3841058045,0.0002309498390932899
48.9395979399,2.3841058045,0.0002333174500701537
48.9444918305,2.3841058045,0.00023837977266306001
48.9493857211,2.3841058045,0.00023865252488355988
48.9542796117,2.3841058045,0.0002275290022819884
48.9591735023,2.3841058045,0.00020241750896698256
48.9640673929,2.3841058045,0.0001660499266488945
48.9689612835,2.3841058045,0.00012500969639009946
48.9738551741,2.3841058045,8.650219128919631e-05
48.9787490647,2.3841058045,5.5462204074384485e-05
48.7389484253,2.3889996951,1.8696285423641833e-07
48.7438423159,2.3889996951,3.038332292703148e-07
48.7487362065,2.3889996951,4.860091897584613e-07
48.7536300971,2.3889996951,7.655239034419834e-07
48.7585239877,2.3889996951,1.1882471009092628e-06
48.7634178783,2.3889996951,1.819990622648946e-06
48.7683117689,2.3889996951,2.756816852350489e-06
48.7732056595,2.3889996951,4.143803515298237e-06
48.7780995501,2.3889996951,6.210084099166062e-06
48.7829934407,2.3889996951,9.332699665324356e-06
48.7878873313,2.3889996951,1.4145866345075554e-05
48.7927812219,2.3889996951,2.1711208256243338e-05
48.7976751125,2.3889996951,3.3750873136772147e-05
48.8025690031,2.3889996951,5.2911028957825635e-05
48.8074628937,2.3889996951,8.296536645290105e-05
48.8123567843,2.3889996951,0.00012879938929864047
48.8172506749,2.3889996951,0.00019597164916809292
48.8221445655,2.3889996951,0.0002896812641984864
48.8270384561,2.3889996951,0.00041312931539631647
48.8319323467,2.3889996951,0.0005655441461127023
48.8368262373,2.3889996951,0.0007404659034732
48.8417201279,2.3889996951,0.000925174853536106
48.8466140185,2.3889996951,0.0011030065913762129
48.8515079091,2.3889996951,0.0012635912760754298
48.8564017997,2.3889996951,0.0014211800913852244
48.8612956903,2.3889996951,0.001592552285712203
48.8661895809,2.3889996951,0.001699392312385018
48.8710834715,2.3889996951,0.0016040436435544848
48.8759773621,2.3889996951,0.001337486197764528
48.8808712527,2.3889996951,0.0010666391690110927
48.8857651433,2.3889996951,0.000865156358753333
48.8906590339,2.3889996951,0.0007124673252754108
48.8955529245,2.3889996951,0.0005882118839991769
48.9004468151,2.3889996951,0.0004875839989774315
48.9053407057,2.3889996951,0.00040834491438982443
48.9102345963,2.3889996951,0.00034680785874649424
48.9151284869,2.3889996951,0.00029878187056595583
48.9200223775,2.3889996951,0.0002608936022416663
48.9249162681,2.3889996951,0.00023132160036154343
48.9298101587,2.3889996951,0.0002098034146454745
48.9347040493,2.3889996951,0.00019687454140850333
48.9395979399,2.3889996951,0.00019247615235523356
48.9444918305,2.3889996951,0.00019449136170291627
48.9493857211,2.3889996951,0.000198172650443014
48.9542796117,2.3889996951,0.00019724456769264586
48.9591735023,2.3889996951,0.00018645547721619668
48.9640673929,2.3889996951,0.00016413503817763083
48.9689612835,2.3889996951,0.00013303400828408384
48.9738551741,2.3889996951,9.884580493635044e-05
48.9787490647,2.3889996951,6.744515321612105e-05
48.7389484253,2.3938935857,1.3847621053114723e-07
48.7438423159,2.3938935857,2.2645991180189525e-07
48.7487362065,2.3938935857,3.645640846797658e-07
48.7536300971,2.3938935857,5.780055225486259e-07
48.7585239877,2.3938935857,9.033399121110552e-07
48.7634178783,2.3938935857,1.3938067321095607e-06
48.7683117689,2.3938935857,2.1285287222036257e-06
48.7732056595,2.3938935857,3.2294357722407074e-06
48.7780995501,2.3938935857,4.892984321194176e-06
48.7829934407,2.3938935857,7.44797427879054e-06
48.7878873313,2.3938935857,1.1454434907095946e-05
48.7927812219,2.3938935857,1.785769103084421e-05
48.7976751125,2.3938935857,2.8199693629138283e-05
48.8025690031,2.3938935857,4.485912217722316e-05
48.8074628937,2.3938935857,7.124004732278643e-05
48.8123567843,2.3938935857,0.00011176683073773627
48.8172506749,2.3938935857,0.0001715014385917004
48.8221445655,2.3938935857,0.0002552263264947654
48.8270384561,2.3938935857,0.0003659747539120877
48.8319323467,2.3938935857,0.0005032421237612524
48.8368262373,2.3938935857,0.0006614041070627673
48.8417201279,2.3938935857,0.0008290887962017422
48.8466140185,2.3938935857,0.0009906558417782038
48.8515079091,2.3938935857,0.0011331931872043401
48.8564017997,2.3938935857,0.0012631207942781339
48.8612956903,2.3938935857,0.001404532104764403
48.8661895809,2.3938935857,0.0015210143332481934
48.8710834715,2.3938935857,0.0014840847260407367
48.8759773621,2.3938935857,0.001263397888100638
48.8808712527,2.3938935857,0.0010003399148128663
48.8857651433,2.3938935857,0.0007989671238246774
48.8906590339,2.3938935857,0.000653712911885416
48.8955529245,2.3938935857,0.0005396296937071851
48.9004468151,2.3938935857,0.0004480945150169392
48.9053407057,2.3938935857,0.0003761980183712585
48.9102345963,2.3938935857,0.000320411012799969
48.9151284869,2.3938935857,0.00027666678056178763
48.9200223775,2.3938935857,0.00024146441791519005
48.9249162681,2.3938935857,0.000212580120499234
48.9298101587,2.3938935857,0.00018927729006873296
48.9347040493,2.3938935857,0.00017202228925846102
48.9395979399,2.3938935857,0.00016168214595170205
48.9444918305,2.3938935857,0.00015831518792430515
48.9493857211,2.3938935857,0.0001600285763868183
48.9542796117,2.3938935857,0.00016268909798574459
48.9591735023,2.3938935857,0.00016105429618900756
48.9640673929,2.3938935857,0.00015099826607494756
48.9689612835,2.3938935857,0.00013154625659195357
48.9738551741,2.3938935857,0.00010534486377908675
48.9787490647,2.3938935857,7.723907859816512e-05
48.7389484253,2.3987874763,1.0098161824630015e-07
48.7438423159,2.3987874763,1.6618985915621437e-07
48.7487362065,2.3987874763,2.692641467323362e-07
48.7536300971,2.3987874763,4.29746543976219e-07
48.7585239877,2.3987874763,6.763262215125757e-07
48.7634178783,2.3987874763,1.0514315243941014e-06
48.7683117689,2.3987874763,1.619276364415021e-06
48.7732056595,2.3987874763,2.480810995781148e-06
48.7780995501,2.3987874763,3.801856824978991e-06
48.7829934407,2.3987874763,5.86445999116988e-06
48.7878873313,2.3987874763,9.154817687170197e-06
48.7927812219,2.3987874763,1.4500578028502072e-05
48.7976751125,2.3987874763,2.3260071558427672e-05
48.8025690031,2.3987874763,3.753949007187132e-05
48.8074628937,2.3987874763,6.0368525532088565e-05
48.8123567843,2.3987874763,9.570932284674967e-05
48.8172506749,2.3987874763,0.00014813444782688215
48.8221445655,2.3987874763,0.0002220291762621716
48.8270384561,2.3987874763,0.00032029149358821034
48.8319323467,2.3987874763,0.0004427242189546838
48.8368262373,2.3987874763,0.0005845763937196431
48.8417201279,2.3987874763,0.0007358808286120521
48.8466140185,2.3987874763,0.0008824085429381381
48.8515079091,2.3987874763,0.0010103681340656815
48.8564017997,2.3987874763,0.0011195616323693871
48.8612956903,2.3987874763,0.001232831020455547
48.8661895809,2.3987874763,0.0013449114414112767
48.8710834715,2.3987874763,0.0013542490038215209
48.8759773621,2.3987874763,0.0011865668811655674
48.8808712527,2.3987874763,0.0009400144217892138
48.8857651433,2.3987874763,0.0007382448031432642
48.8906590339,2.3987874763,0.0005975631742191962
48.8955529245,2.3987874763,0.0004919507093087168
48.9004468151,2.3987874763,0.00040849744848213545
48.9053407057,2.3987874763,0.00034324623174623734
48.9102345963,2.3987874763,0.00029282329457233755
48.9151284869,2.3987874763,0.0002533971060936705
48.9200223775,2.3987874763,0.00022151998129707237
48.9249162681,2.3987874763,0.00019476448666624465
48.9298101587,2.3987874763,0.00017196615270732268
48.9347040493,2.3987874763,0.00015315126451681362
48.9395979399,2.3987874763,0.0001391596447996498
48.9444918305,2.3987874763,0.00013091682242593035
48.9493857211,2.3987874763,0.00012843914919810932
48.9542796117,2.3987874763,0.0001299763709267333
48.9591735023,2.3987874763,0.00013193321124571315
48.9640673929,2.3987874763,0.0001299679528316938
48.9689612835,2.3987874763,0.00012089008735321746
48.9738551741,2.3987874763,0.00010423919859400595
48.9787490647,2.3987874763,8.247692984020151e-05
48.7389484253,2.4036813669,7.250365925512456e-08
48.7438423159,2.4036813669,1.2008267546173737e-07
48.7487362065,2.4036813669,1.9582478412976386e-07
48.7536300971,2.4036813669,3.146404028413861e-07
48.7585239877,2.4036813669,4.987044487132475e-07
48.7634178783,2.4036813669,7.813286700095223e-07
48.7683117689,2.4036813669,1.2138611785189177e-06
48.7732056595,2.4036813669,1.87863003506293e-06
48.7780995501,2.4036813669,2.9134145763434565e-06
48.7829934407,2.4036813669,4.556232923630055e-06
48.7878873313,2.4036813669,7.222250174236822e-06
48.7927812219,2.4036813669,1.1624425189513476e-05
48.7976751125,2.4036813669,1.894109121439833e-05
48.8025690031,2.4036813669,3.1011098762083694e-05
48.8074628937,2.4036813669,5.0497631692258385e-05
48.8123567843,2.4036813669,8.091218260089656e-05
48.8172506749,2.4036813669,0.00012635289897709606
48.8221445655,2.4036813669,0.00019082354499980653
48.8270384561,2.4036813669,0.00027709727829375026
48.8319323467,2.4036813669,0.00038528113434533576
48.8368262373,2.4036813669,0.000511473036748891
48.8417201279,2.4036813669,0.0006470771964365946
48.8466140185,2.4036813669,0.0007794155337299471
48.8515079091,2.4036813669,0.0008949093814118092
48.8564017997,2.4036813669,0.000988685871195009
48.8612956903,2.4036813669,0.0010779912602089897
48.8661895809,2.4036813669,0.0011762828177184763
48.8710834715,2.4036813669,0.0012165433966532142
48.8759773621,2.4036813669,0.001103118442980052
48.8808712527,2.4036813669,0.0008825624824631909
48.8857651433,2.4036813669,0.0006821902594354034
48.8906590339,2.4036813669,0.000543720038923564
48.8955529245,2.4036813669,0.0004449929011598043
48.9004468151,2.4036813669,0.0003688499007055799
48.9053407057,2.4036813669,0.00030975062744846007
48.9102345963,2.4036813669,0.0002643660297914959
48.9151284869,2.4036813669,0.0002291360168410435
48.9200223775,2.4036813669,0.00020077072845739514
48.9249162681,2.4036813669,0.00017680872985249938
48.9298101587,2.4036813669,0.00015583639846234975
48.9347040493,2.4036813669,0.00013746827913130365
48.9395979399,2.4036813669,0.00012216879931004553
48.9444918305,2.4036813669,0.00011089031240391794
48.9493857211,2.4036813669,0.0001044611132304659
48.9542796117,2.4036813669,0.00010279237134718926
48.9591735023,2.4036813669,0.00010425449416599015
48.9640673929,2.4036813669,0.00010574398443987008
48.9689612835,2.4036813669,0.00010370706665867244
48.9738551741,2.4036813669,9.572368223724871e-05
48.9787490647,2.4036813669,8.170105828961121e-05
48.7389484253,2.4085752575,5.1254485335098525e-08
48.7438423159,2.4085752575,8.54329622552881e-08
48.7487362065,2.4085752575,1.4023352477469088e-07
48.7536300971,2.4085752575,2.268580398596685e-07
48.7585239877,2.4085752575,3.6218840648352646e-07
48.7634178783,2.4085752575,5.719918132480347e-07
48.7683117689,2.4085752575,8.967223346855996e-07
48.7732056595,2.4085752575,1.4025092627682824e-06
48.7780995501,2.4085752575,2.202047293681967e-06
48.7829934407,2.4085752575,3.4929922023392733e-06
48.7878873313,2.4085752575,5.624215678737373e-06
48.7927812219,2.4085752575,9.200459128864502e-06
48.7976751125,2.4085752575,1.5229236977498312e-05
48.8025690031,2.4085752575,2.5295002316303952e-05
48.8074628937,2.4085752575,4.171164050631566e-05
48.8123567843,2.4085752575,6.756032145449542e-05
48.8172506749,2.4085752575,0.00010648420630665526
48.8221445655,2.4085752575,0.0001621165665553735
48.8270384561,2.4085752575,0.00023709826639720902
48.8319323467,2.4085752575,0.0003318051048027674
48.8368262373,2.4085752575,0.0004431165806458072
48.8417201279,2.4085752575,0.0005637217941229328
48.8466140185,2.4085752575,0.0006824946388658661
48.8515079091,2.4085752575,0.0007867074394759274
48.8564017997,2.4085752575,0.0008687256772072664
48.8612956903,2.4085752575,0.000939058172717516
48.8661895809,2.4085752575,0.001019054455147191
48.8710834715,2.4085752575,0.0010749031750225773
48.8759773621,2.4085752575,0.0010111263017065926
48.8808712527,2.4085752575,0.000825020701914794
48.8857651433,2.4085752575,0.0006301896860467833
48.8906590339,2.4085752575,0.0004924150891935027
48.8955529245,2.4085752575,0.0003990302373710206
48.9004468151,2.4085752575,0.00032953661941886907
48.9053407057,2.4085752575,0.0002762247874862865
48.9102345963,2.4085752575,0.00023560659790101987
48.9151284869,2.4085752575,0.00020438604966501302
48.9200223775,2.4085752575,0.00017948324164783266
48.9249162681,2.4085752575,0.0001585088178796593
48.9298101587,2.4085752575,0.0001399579951776504
48.9347040493,2.4085752575,0.00012318722183595463
48.9395979399,2.4085752575,0.00010829221717803897
48.9444918305,2.4085752575,9.592447089782488e-05
48.9493857211,2.4085752575,8.698830025949869e-05
48.9542796117,2.4085752575,8.214588223648766e-05
48.9591735023,2.4085752575,8.119647115388637e-05
48.9640673929,2.4085752575,8.263613249446534e-05
48.9689612835,2.4085752575,8.381684278417312e-05
48.9738551741,2.4085752575,8.186943944619159e-05
48.9787490647,2.4085752575,7.49996019209078e-05
48.7389484253,2.4134691481,3.567491447906339e-08
48.7438423159,2.4134691481,5.984771541944422e-08
48.7487362065,2.4134691481,9.888784155369008e-08
48.7536300971,2.4134691481,1.610824677437762e-07
48.7585239877,2.4134691481,2.590910943202321e-07
48.7634178783,2.4134691481,4.125500064318405e-07
48.7683117689,2.4134691481,6.528580022699968e-07
48.7732056595,2.4134691481,1.0323301594574593e-06
48.7780995501,2.4134691481,1.641717056971709e-06
48.7829934407,2.4134691481,2.642596076664199e-06
48.7878873313,2.4134691481,4.323649459641318e-06
48.7927812219,2.4134691481,7.190363687001034e-06
48.7976751125,2.4134691481,1.2092553982862991e-05
48.8025690031,2.4134691481,2.037864364141007e-05
48.8074628937,2.4134691481,3.403674310700279e-05
48.8123567843,2.4134691481,5.5743721564075964e-05
48.8172506749,2.4134691481,8.870980404966975e-05
48.8221445655,2.4134691481,0.00013620544641743525
48.8270384561,2.4134691481,0.00020072025398931885
48.8319323467,2.4134691481,0.00028284362450939175
48.8368262373,2.4134691481,0.0003801444310820097
48.8417201279,2.4134691481,0.0004864822545794427
48.8466140185,2.4134691481,0.0005922133213871948
48.8515079091,2.4134691481,0.0006857864859725129
48.8564017997,2.4134691481,0.0007583319135597422
48.8612956903,2.4134691481,0.0008143892340576608
48.8661895809,2.4134691481,0.0008756091169290356
48.8710834715,2.4134691481,0.000934254109122522
48.8759773621,2.4134691481,0.0009109046314974935
48.8808712527,2.4134691481,0.0007648983450523865
48.8857651433,2.4134691481,0.0005815879973148296
48.8906590339,2.4134691481,0.00044419255611721173
48.8955529245,2.4134691481,0.0003546479585207183
48.9004468151,2.4134691481,0.0002911321999031737
48.9053407057,2.4134691481,0.0002432941147277028
48.9102345963,2.4134691481,0.0002071951898404642
48.9151284869,2.4134691481,0.00017976431687069413
48.9200223775,2.4134691481,0.00015815587915711166
48.9249162681,2.4134691481,0.00014011098859644663
48.9298101587,2.4134691481,0.00012413445310088223
48.9347040493,2.4134691481,0.0001094637795922822
48.9395979399,2.4134691481,9.595063425448713e-05
48.9444918305,2.4134691481,8.393131901504148e-05
48.9493857211,2.4134691481,7.408058567155557e-05
48.9542796117,2.4134691481,6.717406893575224e-05
48.9591735023,2.4134691481,6.369440067169654e-05
48.9640673929,2.4134691481,6.335054063782275e-05
48.9689612835,2.4134691481,6.477732926088625e-05
48.9738551741,2.4134691481,6.574648754217412e-05
48.9787490647,2.4134691481,6.39764049149045e-05
48.7389484253,2.4183630387,2.4448868747323488e-08
48.7438423159,2.4183630387,4.128149742676694e-08
48.7487362065,2.4183630387,6.866785487489714e-08
48.7536300971,2.4183630387,1.1264551541233555e-07
48.7585239877,2.4183630387,1.8256541288714984e-07
48.7634178783,2.4183630387,2.9316962044170367e-07
48.7683117689,2.4183630387,4.684659760678563e-07
48.7732056595,2.4183630387,7.49216837366132e-07
48.7780995501,2.4183630387,1.2073874392492273e-06
48.7829934407,2.4183630387,1.973065259541923e-06
48.7878873313,2.4183630387,3.2816396566908396e-06
48.7927812219,2.4183630387,5.549814799250564e-06
48.7976751125,2.4183630387,9.48523066228067e-06
48.8025690031,2.4183630387,1.622193408554172e-05
48.8074628937,2.4183630387,2.7449585557733917e-05
48.8123567843,2.4183630387,4.5470264916573944e-05
48.8172506749,2.4183630387,7.30852579136782e-05
48.8221445655,2.4183630387,0.00011320896484867438
48.8270384561,2.4183630387,0.00016815611940327148
48.8319323467,2.4183630387,0.0002386663472082289
48.8368262373,2.4183630387,0.0003228953976937574
48.8417201279,2.4183630387,0.0004157475158489822
48.8466140185,2.4183630387,0.0005089584939240703
48.8515079091,2.4183630387,0.0005922839459603925
48.8564017997,2.4183630387,0.0006566758329194658
48.8612956903,2.4183630387,0.0007022747266569213
48.8661895809,2.4183630387,0.0007468802357640037
48.8710834715,2.4183630387,0.0007994744625976478
48.8759773621,2.4183630387,0.0008048078817771615
48.8808712527,2.4183630387,0.0007005469928239305
48.8857651433,2.4183630387,0.0005355370877119
48.8906590339,2.4183630387,0.0003996601345258175
48.8955529245,2.4183630387,0.00031259658456938547
48.9004468151,2.4183630387,0.00025428653116445785
48.9053407057,2.4183630387,0.00021159285319311233
48.9102345963,2.4183630387,0.0001797630642674121
48.9151284869,2.4183630387,0.0001558769183206536
48.9200223775,2.4183630387,0.0001373320202572579
48.9249162681,2.4183630387,0.00012203180975848727
48.9298101587,2.4183630387,0.00010854638964728743
48.9347040493,2.4183630387,9.608325513451209e-05
48.9395979399,2.4183630387,8.436713294157717e-05
48.9444918305,2.4183630387,7.351580422804908e-05
48.9493857211,2.4183630387,6.394338832231421e-05
48.9542796117,2.4183630387,5.625850464570016e-05
48.9591735023,2.4183630387,5.1081839789656436e-05
48.9640673929,2.4183630387,4.873363726947198e-05
48.9689612835,2.4183630387,4.886452857130727e-05
48.9738551741,2.4183630387,5.02595591797723e-05
48.9787490647,2.4183630387,5.1071755832492696e-05
48.7389484253,2.4232569293,1.6497794077122747e-08
48.7438423159,2.4232569293,2.80387499741266e-08
48.7487362065,2.4232569293,4.6956608186787403e-08
48.7536300971,2.4232569293,7.758320305618095e-08
48.7585239877,2.4232569293,1.2672202881543545e-07
48.7634178783,2.4232569293,2.052760767081936e-07
48.7683117689,2.4232569293,3.313285563522901e-07
48.7732056595,2.4232569293,5.361650537140485e-07
48.7780995501,2.4232569293,8.760037345446423e-07
48.7829934407,2.4232569293,1.4540562139491757e-06
48.7878873313,2.4232569293,2.4595926230997357e-06
48.7927812219,2.4232569293,4.231647043957895e-06
48.7976751125,2.4232569293,7.352290539345588e-06
48.8025690031,2.4232569293,1.2764376660479547e-05
48.8074628937,2.4232569293,2.1888315944903484e-05
48.8123567843,2.4232569293,3.668293085942708e-05
48.8172506749,2.4232569293,5.956649504418802e-05
48.8221445655,2.4232569293,9.310576765193331e-05
48.8270384561,2.4232569293,0.00013941828701283045
48.8319323467,2.4232569293,0.0001993314118145974
48.8368262373,2.4232569293,0.000271485558905806
48.8417201279,2.4232569293,0.000351702503118803
48.8466140185,2.4232569293,0.00043298053706776316
48.8515079091,2.4232569293,0.000506397958825185
48.8564017997,2.4232569293,0.0005633765963463956
48.8612956903,2.4232569293,0.0006012967701901737
48.8661895809,2.4232569293,0.0006326945166569588
48.8710834715,2.4232569293,0.0006745556997439038
48.8759773621,2.4232569293,0.0006966113364933304
48.8808712527,2.4232569293,0.0006314616096207627
48.8857651433,2.4232569293,0.0004909870254423283
48.8906590339,2.4232569293,0.000359253097591356
48.8955529245,2.4232569293,0.00027365446568025387
48.9004468151,2.4232569293,0.00021963799021845583
48.9053407057,2.4232569293,0.00018169271239187106
48.9102345963,2.4232569293,0.00015385968147314566
48.9151284869,2.4232569293,0.000133251217522058
48.9200223775,2.4232569293,0.00011750390224062038
48.9249162681,2.4232569293,0.00010470151545019098
48.9298101587,2.4232569293,9.350935488590423e-05
48.9347040493,2.4232569293,8.315320460013445e-05
48.9395979399,2.4232569293,7.330602692253922e-05
48.9444918305,2.4232569293,6.396307867105334e-05
48.9493857211,2.4232569293,5.5350303263112603e-05
48.9542796117,2.4232569293,4.786677738168549e-05
48.9591735023,2.4232569293,4.201832472226299e-05
48.9640673929,2.4232569293,3.8276241948602704e-05
48.9689612835,2.4232569293,3.682879794521212e-05
48.9738551741,2.4232569293,3.730018360239595e-05
48.9787490647,2.4232569293,3.8631159127594026e-05
48.7389484253,2.4281508199,1.0961539195455785e-08
48.7438423159,2.4281508199,1.875285063749836e-08
48.7487362065,2.4281508199,3.162172543424339e-08
48.7536300971,2.4281508199,5.262897874573508e-08
48.7585239877,2.4281508199,8.665028975313673e-08
48.7634178783,2.4281508199,1.4162906587075135e-07
48.7683117689,2.4281508199,2.3098372777755585e-07
48.7732056595,2.4281508199,3.7837252932298164e-07
48.7780995501,2.4281508199,6.270781267182662e-07
48.7829934407,2.4281508199,1.0578506266052822e-06
48.7878873313,2.4281508199,1.820871280133285e-06
48.7927812219,2.4281508199,3.1885547613696024e-06
48.7976751125,2.4281508199,5.634053857206243e-06
48.8025690031,2.4281508199,9.932410828330506e-06
48.8074628937,2.4281508199,1.7264470527209453e-05
48.8123567843,2.4281508199,2.9278384705822892e-05
48.8172506749,2.4281508199,4.803743264677679e-05
48.8221445655,2.4281508199,7.577280976639916e-05
48.8270384561,2.4281508199,0.00011438807063881503
48.8319323467,2.4281508199,0.0001647428318568935
48.8368262373,2.4281508199,0.00022586702303855895
48.8417201279,2.4281508199,0.0002943772311855174
48.8466140185,2.4281508199,0.000364411597161547
48.8515079091,2.4281508199,0.00042832224381347735
48.8564017997,2.4281508199,0.00047834705407232903
48.8612956903,2.4281508199,0.0005104471739389545
48.8661895809,2.4281508199,0.0005322031702604547
48.8710834715,2.4281508199,0.0005621360307386951
48.8759773621,2.4281508199,0.000590658314869435
48.8808712527,2.4281508199,0.0005583983960934674
48.8857651433,2.4281508199,0.00044683279223348864
48.8906590339,2.4281508199,0.00032305766115980824
48.8955529245,2.4281508199,0.00023850276901178565
48.9004468151,2.4281508199,0.0001877537158563659
48.9053407057,2.4281508199,0.0001540594175942448
48.9102345963,2.4281508199,0.00012991718176592827
48.9151284869,2.4281508199,0.00011230168115843851
48.9200223775,2.4281508199,9.906764977044454e-05
48.9249162681,2.4281508199,8.8488312889866e-05
48.9298101587,2.4281508199,7.9340801464347e-05
48.9347040493,2.4281508199,7.089411172843461e-05
48.9395979399,2.4281508199,6.280963557883715e-05
48.9444918305,2.4281508199,5.5022498765237285e-05
48.9493857211,2.4281508199,4.764800711683147e-05
48.9542796117,2.4281508199,4.092832145581408e-05
48.9591735023,2.4281508199,3.5205204064522014e-05
48.9640673929,2.4281508199,3.0876815069801224e-05
48.9689612835,2.4281508199,2.828584271816379e-05
48.9738551741,2.4281508199,2.7521597111602e-05
48.9787490647,2.4281508199,2.8208494424077338e-05
48.7389484253,2.4330447105,7.1713938531763065e-09
48.7438423159,2.4330447105,1.2350699242768218e-08
48.7487362065,2.4330447105,2.0971624363976592e-08
48.7536300971,2.4330447105,3.516403050109932e-08
48.7585239877,2.4330447105,5.836942966954761e-08
48.7634178783,2.4330447105,9.62887199170237e-08
48.7683117689,2.4330447105,1.5873235848516578e-07
48.7732056595,2.4330447105,2.6333333608565874e-07
48.7780995501,2.4330447105,4.429525196349815e-07
48.7829934407,2.4330447105,7.599310382202251e-07
48.7878873313,2.4330447105,1.331940511044814e-06
48.7927812219,2.4330447105,2.3752548989912382e-06
48.7976751125,2.4330447105,4.27005950161475e-06
48.8025690031,2.4330447105,7.646228542905352e-06
48.8074628937,2.4330447105,1.3474240205836943e-05
48.8123567843,2.4330447105,2.3124522915714772e-05
48.8172506749,2.4330447105,3.8335466094662165e-05
48.8221445655,2.4330447105,6.101952178822592e-05
48.8270384561,2.4330447105,9.285734535251367e-05
48.8319323467,2.4330447105,0.0001346957122426359
48.8368262373,2.4330447105,0.00018586961959341332
48.8417201279,2.4330447105,0.000243675196567275
48.8466140185,2.4330447105,0.0003032663020566544
48.8515079091,2.4330447105,0.0003581834444650038
48.8564017997,2.4330447105,0.00040162701010956525
48.8612956903,2.4330447105,0.0004290783498857713
48.8661895809,2.4330447105,0.00044426550742263093
48.8710834715,2.4330447105,0.000463428248698966
48.8759773621,2.4330447105,0.0004910094523219138
48.8808712527,2.4330447105,0.0004832389587547982
48.8857651433,2.4330447105,0.0004021672484780391
48.8906590339,2.4330447105,0.00029073324786577196
48.8955529245,2.4330447105,0.0002076161979510687
48.9004468151,2.4330447105,0.0001590915334171918
48.9053407057,2.4330447105,0.00012903304426638564
48.9102345963,2.4330447105,0.00010823567614946053
48.9151284869,2.4330447105,9.331685370761975e-05
48.9200223775,2.4330447105,8.230626082453205e-05
48.9249162681,2.4330447105,7.366759412079924e-05
48.9298101587,2.4330447105,6.629896738215079e-05
48.9347040493,2.4330447105,5.952588825557778e-05
48.9395979399,2.4330447105,5.301824516276853e-05
48.9444918305,2.4330447105,4.6684174190051274e-05
48.9493857211,2.4330447105,4.057976389083554e-05
48.9542796117,2.4330447105,3.485219317648003e-05
48.9591735023,2.4330447105,2.9715979841562796e-05
48.9640673929,2.4330447105,2.5444125459417133e-05
48.9689612835,2.4330447105,2.2338207988589105e-05
48.9738551741,2.4330447105,2.063782639075384e-05
48.9787490647,2.4330447105,2.0363325201796984e-05
48.7389484253,2.4379386011,4.619872814191274e-09
48.7438423159,2.4379386011,8.010157496738178e-09
48.7487362065,2.4379386011,1.3697667315410111e-08
48.7536300971,2.4379386011,2.3141891770452773e-08
48.7585239877,2.4379386011,3.873539886371565e-08
48.7634178783,2.4379386011,6.450889495897538e-08
48.7683117689,2.4379386011,1.0753112936555442e-07
48.7732056595,2.4379386011,1.8076120105382196e-07
48.7780995501,2.4379386011,3.0881672433912045e-07
48.7829934407,2.4379386011,5.392216079826548e-07
48.7878873313,2.4379386011,9.630700249335671e-07
48.7927812219,2.4379386011,1.7500734384896784e-06
48.7976751125,2.4379386011,3.2022197968618986e-06
48.8025690031,2.4379386011,5.825504750874652e-06
48.8074628937,2.4379386011,1.040808048001347e-05
48.8123567843,2.4379386011,1.8075368470516528e-05
48.8172506749,2.4379386011,3.027272933783451e-05
48.8221445655,2.4379386011,4.8615535467687065e-05
48.8270384561,2.4379386011,7.45611234436275e-05
48.8319323467,2.4379386011,0.00010890981457060995
48.8368262373,2.4379386011,0.0001512293647400567
48.8417201279,2.4379386011,0.00019938915328818289
48.8466140185,2.4379386011,0.00024943564729945525
48.8515079091,2.4379386011,0.0002959916927300592
48.8564017997,2.4379386011,0.0003332447097602812
48.8612956903,2.4379386011,0.0003567733954196871
48.8661895809,2.4379386011,0.0003677102018097395
48.8710834715,2.4379386011,0.00037844409636120176
48.8759773621,2.4379386011,0.00040079870301044603
48.8808712527,2.4379386011,0.00040861279647501635
48.8857651433,2.4379386011,0.0003565456342300437
48.8906590339,2.4379386011,0.00026155548987351557
48.8955529245,2.4379386011,0.00018117705661345546
48.9004468151,2.4379386011,0.00013397552908743412
48.9053407057,2.4379386011,0.0001068268718644702
48.9102345963,2.4379386011,8.898450385527109e-05
48.9151284869,2.4379386011,7.646080788499845e-05
48.9200223775,2.4379386011,6.738876335097608e-05
48.9249162681,2.4379386011,6.041459743144631e-05
48.9298101587,2.4379386011,5.456115194273452e-05
48.9347040493,2.4379386011,4.921780775362307e-05
48.9395979399,2.4379386011,4.407336410393228e-05
48.9444918305,2.4379386011,3.902518692052007e-05
48.9493857211,2.4379386011,3.409750731993796e-05
48.9542796117,2.4379386011,2.938466371969495e-05
48.9591735023,2.4379386011,2.5022803643577783e-05
48.9640673929,2.4379386011,2.1184221076348057e-05
48.9689612835,2.4379386011,1.807745655961902e-05
48.9738551741,2.4379386011,1.592447347848621e-05
48.9787490647,2.4379386011,1.488635871235118e-05
48.7389484253,2.4428324917,2.930614557532555e-09
48.7438423159,2.4428324917,5.115926520999127e-09
48.7487362065,2.4428324917,8.81124192332896e-09
48.7536300971,2.4428324917,1.5001411821882324e-08
48.7585239877,2.4428324917,2.5324696939350842e-08
48.7634178783,2.4428324917,4.258899351769368e-08
48.7683117689,2.4428324917,7.18155769006311e-08
48.7732056595,2.4428324917,1.22401084076638e-07
48.7780995501,2.4428324917,2.125551715835067e-07
48.7829934407,2.4428324917,3.7807253401735547e-07
48.7878873313,2.4428324917,6.886568922718148e-07
48.7927812219,2.4428324917,1.2759603693112696e-06
48.7976751125,2.4428324917,2.3770942759688123e-06
48.8025690031,2.4428324917,4.393738386513564e-06
48.8074628937,2.4428324917,7.958123029969834e-06
48.8123567843,2.4428324917,1.3982571393270177e-05
48.8172506749,2.4428324917,2.3652372771197604e-05
48.8221445655,2.4428324917,3.8311619799999376e-05
48.8270384561,2.4428324917,5.9201738690530014e-05
48.8319323467,2.4428324917,8.705401033941378e-05
48.8368262373,2.4428324917,0.00012160878598006817
48.8417201279,2.4428324917,0.0001612121649343278
48.8466140185,2.4428324917,0.00020268332641002983
48.8515079091,2.4428324917,0.00024161057623536808
48.8564017997,2.4428324917,0.00027312332927615604
48.8612956903,2.4428324917,0.00029320476008250153
48.8661895809,2.4428324917,0.0003014632886489697
48.8710834715,2.4428324917,0.00030636475374506267
48.8759773621,2.4428324917,0.00032190851694026266
48.8808712527,2.4428324917,0.000337373353446196
48.8857651433,2.4428324917,0.00031015756399508043
48.8906590339,2.4428324917,0.0002345724178536631
48.8955529245,2.4428324917,0.00015902611246296287
48.9004468151,2.4428324917,0.00011257765922389475
48.9053407057,2.4428324917,8.753861629937441e-05
48.9102345963,2.4428324917,7.221510527590297e-05
48.9151284869,2.4428324917,6.178466182598258e-05
48.9200223775,2.4428324917,5.437944385011405e-05
48.9249162681,2.4428324917,4.880963646449965e-05
48.9298101587,2.4428324917,4.422179753352979e-05
48.9347040493,2.4428324917,4.007283396045539e-05
48.9395979399,2.4428324917,3.607639196099309e-05
48.9444918305,2.4428324917,3.212738595499649e-05
48.9493857211,2.4428324917,2.8231443961378292e-05
48.9542796117,2.4428324917,2.4452634860187416e-05
48.9591735023,2.4428324917,2.0882997821484558e-05
48.9640673929,2.4428324917,1.763213478010443e-05
48.9689612835,2.4428324917,1.483053606653998e-05
48.9738551741,2.4428324917,1.2632813892237077e-05
48.9787490647,2.4428324917,1.11987093715632e-05
48.7389484253,2.4477263823,1.8306136711066444e-09
48.7438423159,2.4477263823,3.2177172159652536e-09
48.7487362065,2.4477263823,5.582239473669478e-09
48.7536300971,2.4477263823,9.578588314882467e-09
48.7585239877,2.4477263823,1.6311682712601925e-08
48.7634178783,2.4477263823,2.7709250093214554e-08
48.7683117689,2.4477263823,4.728936772603443e-08
48.7732056595,2.4477263823,8.177860254993357e-08
48.7780995501,2.4477263823,1.4448541183123797e-07
48.7829934407,2.4477263823,2.6206085549186196e-07
48.7878873313,2.4477263823,4.8723852351759e-07
48.7927812219,2.4477263823,9.209822899571205e-07
48.7976751125,2.4477263823,1.7472858702816984e-06
48.8025690031,2.4477263823,3.2811474684030683e-06
48.8074628937,2.4477263823,6.023294976691678e-06
48.8123567843,2.4477263823,1.0703478020707946e-05
48.8172506749,2.4477263823,1.8280080382726552e-05
48.8221445655,2.4477263823,2.9854619948149242e-05
48.8270384561,2.4477263823,4.646638016029136e-05
48.8319323467,2.4477263823,6.876465056950982e-05
48.8368262373,2.4477263823,9.661356967422961e-05
48.8417201279,2.4477263823,0.00012874960901544183
48.8466140185,2.4477263823,0.00016265020280087632
48.8515079091,2.4477263823,0.0001947482421701679
48.8564017997,2.4477263823,0.0002210332600871022
48.8612956903,2.4477263823,0.00023802293942350275
48.8661895809,2.4477263823,0.0002445744085493427
48.8710834715,2.4477263823,0.0002459189925143315
48.8759773621,2.4477263823,0.0002549655531088248
48.8808712527,2.4477263823,0.00027206956169830484
48.8857651433,2.4477263823,0.0002638346672859949
48.8906590339,2.4477263823,0.00020883253847302924
48.8955529245,2.4477263823,0.00014066605163124326
48.9004468151,2.4477263823,9.490117553457776e-05
48.9053407057,2.4477263823,7.116756796910926e-05
48.9102345963,2.4477263823,5.788141299207188e-05
48.9151284869,2.4477263823,4.924460817495718e-05
48.9200223775,2.4477263823,4.3253344482230245e-05
48.9249162681,2.4477263823,3.885037797038573e-05
48.9298101587,2.4477263823,3.5300407400107584e-05
48.9347040493,2.4477263823,3.212863668675517e-05
48.9395979399,2.4477263823,2.9077052087802716e-05
48.9444918305,2.4477263823,2.6043059783349615e-05
48.9493857211,2.4477263823,2.302043847873369e-05
48.9542796117,2.4477263823,2.005384893685592e-05
48.9591735023,2.4477263823,1.720973226206485e-05
48.9640673929,2.4477263823,1.4562559262477577e-05
48.9689612835,2.4477263823,1.2193849781118806e-05
48.9738551741,2.4477263823,1.0198814152198581e-05
48.9787490647,2.4477263823,8.689788504602692e-06
48.7389484253,2.4526202729,1.126029433313654e-09
48.7438423159,2.4526202729,1.99303923952873e-09
48.7487362065,2.4526202729,3.4830687669869385e-09
48.7536300971,2.4526202729,6.024305875660723e-09
48.7585239877,2.4526202729,1.0350862448608546e-08
48.7634178783,2.4526202729,1.7767480972743212e-08
48.7683117689,2.4526202729,3.0706716961988606e-08
48.7732056595,2.4526202729,5.3925515805122065e-08
48.7780995501,2.4526202729,9.703956617244653e-08
48.7829934407,2.4526202729,1.7967182810762558e-07
48.7878873313,2.4526202729,3.4127162499578437e-07
48.7927812219,2.4526202729,6.583780374458871e-07
48.7976751125,2.4526202729,1.2720596639653744e-06
48.8025690031,2.4526202729,2.4262560498138924e-06
48.8074628937,2.4526202729,4.512377582722977e-06
48.8123567843,2.4526202729,8.106197641568345e-06
48.8172506749,2.4526202729,1.3971599262634836e-05
48.8221445655,2.4526202729,2.2997679695031724e-05
48.8270384561,2.4526202729,3.6039879986562614e-05
48.8319323467,2.4526202729,5.3660364295715757e-05
48.8368262373,2.4526202729,7.580842764041153e-05
48.8417201279,2.4526202729,0.00010153493972412202
48.8466140185,2.4526202729,0.0001288687147275266
48.8515079091,2.4526202729,0.00015496764442856324
48.8564017997,2.4526202729,0.0001765824514726
48.8612956903,2.4526202729,0.00019079060877693583
48.8661895809,2.4526202729,0.00019618771686165466
48.8710834715,2.4526202729,0.0001956811081649919
48.8759773621,2.4526202729,0.0001995715486623183
48.8808712527,2.4526202729,0.00021454663564474268
48.8857651433,2.4526202729,0.00021888292994553418
48.8906590339,2.4526202729,0.000183618171709723
48.8955529245,2.4526202729,0.00012532786699038996
48.9004468151,2.4526202729,8.076717779335421e-05
48.9053407057,2.4526202729,5.763158571886528e-05
48.9102345963,2.4526202729,4.586394531252042e-05
48.9151284869,2.4526202729,3.8723401391289444e-05
48.9200223775,2.4526202729,3.391513553240141e-05
48.9249162681,2.4526202729,3.0467888653422416e-05
48.9298101587,2.4526202729,2.775432902174803e-05
48.9347040493,2.4526202729,2.5366264604404008e-05
48.9395979399,2.4526202729,2.307578010342138e-05
48.9444918305,2.4526202729,2.0786109503842145e-05
48.9493857211,2.4526202729,1.8483316324507128e-05
48.9542796117,2.4526202729,1.6198121985292686e-05
48.9591735023,2.4526202729,1.3980209128350276e-05
48.9640673929,2.4526202729,1.1883949082062587e-05
48.9689612835,2.4526202729,9.963791086059642e-06
48.9738551741,2.4526202729,8.277377386281898e-06
48.9787490647,2.4526202729,6.892549217142203e-06
48.7389484253,2.4575141635,6.82058440810542e-10
48.7438423159,2.4575141635,1.2157079022491685e-09
48.7487362065,2.4575141635,2.14040467686166e-09
48.7536300971,2.4575141635,3.732045350066956e-09
48.7585239877,2.4575141635,6.471217664234044e-09
48.7634178783,2.4575141635,1.1228920275605102e-08
48.7683117689,2.4575141635,1.9666143993175808e-08
48.7732056595,2.4575141635,3.510844427997674e-08
48.7780995501,2.4575141635,6.44276837760502e-08
48.7829934407,2.4575141635,1.219151569087478e-07
48.7878873313,2.4575141635,2.367524226184901e-07
48.7927812219,2.4575141635,4.6628470323024286e-07
48.7976751125,2.4575141635,9.173456660313901e-07
48.8025690031,2.4575141635,1.7764284212912992e-06
48.8074628937,2.4575141635,3.3454157306143812e-06
48.8123567843,2.4575141635,6.072312827810652e-06
48.8172506749,2.4575141635,1.0557236669971373e-05
48.8221445655,2.4575141635,1.7507037223684574e-05
48.8270384561,2.4575141635,2.7614300244057755e-05
48.8319323467,2.4575141635,4.135485178883492e-05
48.8368262373,2.4575141635,5.873336524516633e-05
48.8417201279,2.4575141635,7.904947604855128e-05
48.8466140185,2.4575141635,0.00010078590381038979
48.8515079091,2.4575141635,0.00012171142880583448
48.8564017997,2.4575141635,0.00013923391714527073
48.8612956903,2.4575141635,0.00015095989621545346
48.8661895809,2.4575141635,0.00015549788877223554
48.8710834715,2.4575141635,0.00015425842893475905
48.8759773621,2.4575141635,0.00015464616299161062
48.8808712527,2.4575141635,0.0001657552194209031
48.8857651433,2.4575141635,0.00017679237515713742
48.8906590339,2.4575141635,0.0001586128232330921
48.8955529245,2.4575141635,0.00011209637178384814
48.9004468151,2.4575141635,6.981128860368575e-05
48.9053407057,2.4575141635,4.677934029558404e-05
48.9102345963,2.4575141635,3.599412193050081e-05
48.9151284869,2.4575141635,3.0052747629576066e-05
48.9200223775,2.4575141635,2.6219001924422462e-05
48.9249162681,2.4575141635,2.3544105294181526e-05
48.9298101587,2.4575141635,2.1493595884016845e-05
48.9347040493,2.4575141635,1.972206369609505e-05
48.9395979399,2.4575141635,1.8032013811981276e-05
48.9444918305,2.4575141635,1.6334804599091004e-05
48.9493857211,2.4575141635,1.4611813565662323e-05
48.9542796117,2.4575141635,1.2883189650150554e-05
48.9591735023,2.4575141635,1.1186208012239673e-05
48.9640673929,2.4575141635,9.562246586790635e-06
48.9689612835,2.4575141635,8.050750988077666e-06
48.9738551741,2.4575141635,6.688973065035473e-06
48.9787490647,2.4575141635,5.516320784081924e-06
48.7389484253,2.4624080541,4.0683047279460923e-10
48.7438423159,2.4624080541,7.302738374814786e-10
48.7487362065,2.4624080541,1.2954036713405679e-09
48.7536300971,2.4624080541,2.2772970369301545e-09
48.7585239877,2.4624080541,3.986052864024856e-09
48.7634178783,2.4624080541,6.995482429900527e-09
48.7683117689,2.4624080541,1.2426366459138212e-08
48.7732056595,2.4624080541,2.2578384262336915e-08
48.7780995501,2.4624080541,4.231079277303074e-08
48.7829934407,2.4624080541,8.191977295374906e-08
48.7878873313,2.4624080541,1.6274763953050662e-07
48.7927812219,2.4624080541,3.2724664132506574e-07
48.7976751125,2.4624080541,6.553098007994938e-07
48.8025690031,2.4624080541,1.2876480132038823e-06
48.8074628937,2.4624080541,2.453939753516205e-06
48.8123567843,2.4624080541,4.4979040469583215e-06
48.8172506749,2.4624080541,7.884213252659329e-06
48.8221445655,2.4624080541,1.3166432225749006e-05
48.8270384561,2.4624080541,2.089631917357201e-05
48.8319323467,2.4624080541,3.146831032155444e-05
48.8368262373,2.4624080541,4.492018909081782e-05
48.8417201279,2.4624080541,6.074478120330206e-05
48.8466140185,2.4624080541,7.779192842090357e-05
48.8515079091,2.4624080541,9.433580893669111e-05
48.8564017997,2.4624080541,0.00010833956769914032
48.8612956903,2.4624080541,0.000117881794348613
48.8661895809,2.4624080541,0.00012171608996713796
48.8710834715,2.4624080541,0.00012038076182170054
48.8759773621,2.4624080541,0.00011876924323453082
48.8808712527,2.4624080541,0.00012577459180935306
48.8857651433,2.4624080541,0.00013891638089191477
48.8906590339,2.4624080541,0.0001339522348329762
48.8955529245,2.4624080541,0.00010007220991840921
48.9004468151,2.4624080541,6.150053323072533e-05
48.9053407057,2.4624080541,3.839580961986685e-05
48.9102345963,2.4624080541,2.8075731037568958e-05
48.9151284869,2.4624080541,2.3034579174414418e-05
48.9200223775,2.4624080541,1.9987687877930147e-05
48.9249162681,2.4624080541,1.7928929409078854e-05
48.9298101587,2.4624080541,1.6395961204613694e-05
48.9347040493,2.4624080541,1.5100487805317322e-05
48.9395979399,2.4624080541,1.387454532437458e-05
48.9444918305,2.4624080541,1.2639053563903495e-05
48.9493857211,2.4624080541,1.1373087807023257e-05
48.9542796117,2.4624080541,1.0088783336335485e-05
48.9591735023,2.4624080541,8.813635216245323e-06
48.9640673929,2.4624080541,7.579408301711543e-06
48.9689612835,2.4624080541,6.416180412294414e-06
48.9738551741,2.4624080541,5.350388510960856e-06
48.9787490647,2.4624080541,4.406306688595499e-06
48.7389484253,2.4673019447,2.389591719891898e-10
48.7438423159,2.4673019447,4.3199609126945135e-10
48.7487362065,2.4673019447,7.72117038444964e-10
48.7536300971,2.4673019447,1.3687583919029472e-09
48.7585239877,2.4673019447,2.4192219589723632e-09
48.7634178783,2.4673019447,4.2968133651408095e-09
48.7683117689,2.4673019447,7.749406323965097e-09
48.7732056595,2.4673019447,1.4350850895046676e-08
48.7780995501,2.4673019447,2.7501818541676235e-08
48.7829934407,2.4673019447,5.454005034044942e-08
48.7878873313,2.4673019447,1.1089500732640593e-07
48.7927812219,2.4673019447,2.2761051094145122e-07
48.7976751125,2.4673019447,4.636677556530192e-07
48.8025690031,2.4673019447,9.238220787239811e-07
48.8074628937,2.4673019447,1.7804212970290763e-06
48.8123567843,2.4673019447,3.2934660865906796e-06
48.8172506749,2.4673019447,5.817573690314822e-06
48.8221445655,2.4673019447,9.779836967531225e-06
48.8270384561,2.4673019447,1.5612923780813115e-05
48.8319323467,2.4673019447,2.3637473768426224e-05
48.8368262373,2.4673019447,3.390832742659516e-05
48.8417201279,2.4673019447,4.6065434090087654e-05
48.8466140185,2.4673019447,5.925033011313747e-05
48.8515079091,2.4673019447,7.214784171965472e-05
48.8564017997,2.4673019447,8.31811879570383e-05
48.8612956903,2.4673019447,9.083471983662166e-05
48.8661895809,2.4673019447,9.405516932023977e-05
48.8710834715,2.4673019447,9.292388075625427e-05
48.8759773621,2.4673019447,9.045029908089844e-05
48.8808712527,2.4673019447,9.399464165617177e-05
48.8857651433,2.4673019447,0.00010621441176014308
48.8906590339,2.4673019447,0.00011014838353783148
48.8955529245,2.4673019447,8.853215248818153e-05
48.9004468151,2.4673019447,5.517858875321264e-05
48.9053407057,2.4673019447,3.220252316974346e-05
48.9102345963,2.4673019447,2.1901066280884412e-05
48.9151284869,2.4673019447,1.7459716004943432e-05
48.9200223775,2.4673019447,1.5029381410963522e-05
48.9249162681,2.4673019447,1.3455630631565434e-05
48.9298101587,2.4673019447,1.2320802346757953e-05
48.9347040493,2.4673019447,1.138636336907791e-05
48.9395979399,2.4673019447,1.0512011669315955e-05
48.9444918305,2.4673019447,9.628910726835983e-06
48.9493857211,2.4673019447,8.71568073581289e-06
48.9542796117,2.4673019447,7.778577394313784e-06
48.9591735023,2.4673019447,6.8373222796506574e-06
48.9640673929,2.4673019447,5.916023293699432e-06
48.9689612835,2.4673019447,5.0379561876788845e-06
48.9738551741,2.4673019447,4.223159021934689e-06
48.9787490647,2.4673019447,3.4882887573466697e-06
