LATITUDE,LONGITUDE,probability
48.7389484253,2.2275013053,0.0
48.7438423159,2.2275013053,0.0
48.7487362065,2.2275013053,0.0
48.7536300971,2.2275013053,0.0
48.7585239877,2.2275013053,0.0
48.7634178783,2.2275013053,0.0
48.7683117689,2.2275013053,0.0
48.7732056595,2.2275013053,9.976e-320
48.7780995501,2.2275013053,1.4908111356e-313
48.7829934407,2.2275013053,1.7761613033101995e-307
48.7878873313,2.2275013053,1.6870798311959083e-301
48.7927812219,2.2275013053,1.2775629738029185e-295
48.7976751125,2.2275013053,7.712984406502424e-290
48.8025690031,2.2275013053,3.7124109383613115e-284
48.8074628937,2.2275013053,1.4245676814948872e-278
48.8123567843,2.2275013053,4.358164160388958e-273
48.8172506749,2.2275013053,1.0629615027384543e-267
48.8221445655,2.2275013053,2.066926058412046e-262
48.8270384561,2.2275013053,3.2042456159332836e-257
48.8319323467,2.2275013053,3.960227275395563e-252
48.8368262373,2.2275013053,3.902185186739646e-247
48.8417201279,2.2275013053,3.0654137061164292e-242
48.8466140185,2.2275013053,1.9198343922131386e-237
48.8515079091,2.2275013053,9.585877915102764e-233
48.8564017997,2.2275013053,3.8158691444207135e-228
48.8612956903,2.2275013053,1.2110121670984648e-223
48.8661895809,2.2275013053,3.064058081554367e-219
48.8710834715,2.2275013053,6.180718069024933e-215
48.8759773621,2.2275013053,9.93972405886418e-211
48.8808712527,2.2275013053,1.2743924079343223e-206
48.8857651433,2.2275013053,1.302643200046213e-202
48.8906590339,2.2275013053,1.0615518989286096e-198
48.8955529245,2.2275013053,6.896844589855827e-195
48.9004468151,2.2275013053,3.5723425943518094e-191
48.9053407057,2.2275013053,1.4751942720575227e-187
48.9102345963,2.2275013053,4.856672140604991e-184
48.9151284869,2.2275013053,1.274740573922884e-180
48.9200223775,2.2275013053,2.667462271858383e-177
48.9249162681,2.2275013053,4.4500840676938e-174
48.9298101587,2.2275013053,5.918771840244345e-171
48.9347040493,2.2275013053,6.276079495949817e-168
48.9395979399,2.2275013053,5.305651579140418e-165
48.9444918305,2.2275013053,3.575876167534005e-162
48.9493857211,2.2275013053,1.9214083273020115e-159
48.9542796117,2.2275013053,8.2309567555547e-157
48.9591735023,2.2275013053,2.811087894436236e-154
48.9640673929,2.2275013053,7.654062135178674e-152
48.9689612835,2.2275013053,1.661510138252857e-149
48.9738551741,2.2275013053,2.8754608656679636e-147
48.9787490647,2.2275013053,3.967394442489532e-145
48.7389484253,2.2323951959,0.0
48.7438423159,2.2323951959,0.0
48.7487362065,2.2323951959,0.0
48.7536300971,2.2323951959,0.0
48.7585239877,2.2323951959,2.3686e-320
48.7634178783,2.2323951959,5.0162569265e-314
48.7683117689,2.2323951959,8.469207520726329e-308
48.7732056595,2.2323951959,1.1399852448179954e-301
48.7780995501,2.2323951959,1.223345529893651e-295
48.7829934407,2.2323951959,1.0466283691168843e-289
48.7878873313,2.2323951959,7.138867455081596e-284
48.7927812219,2.2323951959,3.88203626931953e-278
48.7976751125,2.2323951959,1.6829968851935775e-272
48.8025690031,2.2323951959,5.817019094080224e-267
48.8074628937,2.2323951959,1.602917314433039e-261
48.8123567843,2.2323951959,3.5213987393775066e-256
48.8172506749,2.2323951959,6.1675508998464575e-251
48.8221445655,2.2323951959,8.61199430232808e-246
48.8270384561,2.2323951959,9.587120342801895e-241
48.8319323467,2.2323951959,8.508756151047567e-236
48.8368262373,2.2323951959,6.020567499176101e-231
48.8417201279,2.2323951959,3.396270209068612e-226
48.8466140185,2.2323951959,1.5274271118168857e-221
48.8515079091,2.2323951959,5.476614955651725e-217
48.8564017997,2.2323951959,1.5655155099608281e-212
48.8612956903,2.2323951959,3.5677629797286058e-208
48.8661895809,2.2323951959,6.482284212683846e-204
48.8710834715,2.2323951959,9.389740626608681e-200
48.8759773621,2.2323951959,1.084357722655225e-195
48.8808712527,2.2323951959,9.983550321255156e-192
48.8857651433,2.2323951959,7.328091770152188e-188
48.8906590339,2.2323951959,4.288350171241743e-184
48.8955529245,2.2323951959,2.0007049024323484e-180
48.9004468151,2.2323951959,7.441650770488125e-177
48.9053407057,2.2323951959,2.206728924718953e-173
48.9102345963,2.2323951959,5.217015698621085e-170
48.9151284869,2.2323951959,9.833061448689317e-167
48.9200223775,2.2323951959,1.4775725569369706e-163
48.9249162681,2.2323951959,1.770118467587123e-160
48.9298101587,2.2323951959,1.6906328503896396e-157
48.9347040493,2.2323951959,1.2873295173081455e-154
48.9395979399,2.2323951959,7.81490323406206e-152
48.9444918305,2.2323951959,3.782256134525368e-149
48.9493857211,2.2323951959,1.4593911914457025e-146
48.9542796117,2.2323951959,4.4893757763357436e-144
48.9591735023,2.2323951959,1.1010160520243055e-141
48.9640673929,2.2323951959,2.152755939562121e-139
48.9689612835,2.2323951959,3.3557484260206245e-137
48.9738551741,2.2323951959,4.170397463277553e-135
48.9787490647,2.2323951959,4.131987070878563e-133
48.7389484253,2.2372890865,0.0
48.7438423159,2.2372890865,1.457e-321
48.7487362065,2.2372890865,4.37904252e-315
48.7536300971,2.2372890865,1.047720376262254e-308
48.7585239877,2.2372890865,1.998504230887907e-302
48.7634178783,2.2372890865,3.039192489909974e-296
48.7683117689,2.2372890865,3.684722585057478e-290
48.7732056595,2.2372890865,3.5615975085853176e-284
48.7780995501,2.2372890865,2.7445954243355792e-278
48.7829934407,2.2372890865,1.6861852449480042e-272
48.7878873313,2.2372890865,8.258966184581824e-267
48.7927812219,2.2372890865,3.225072965985778e-261
48.7976751125,2.2372890865,1.0040303831403937e-255
48.8025690031,2.2372890865,2.4919975975686165e-250
48.8074628937,2.2372890865,4.93107759867969e-245
48.8123567843,2.2372890865,7.779102754273551e-240
48.8172506749,2.2372890865,9.783869085419972e-235
48.8221445655,2.2372890865,9.810366026369444e-230
48.8270384561,2.2372890865,7.842476811226107e-225
48.8319323467,2.2372890865,4.9982126436139004e-220
48.8368262373,2.2372890865,2.5396254344852066e-215
48.8417201279,2.2372890865,1.0287694535447026e-210
48.8466140185,2.2372890865,3.3224611157206295e-206
48.8515079091,2.2372890865,8.554511348282374e-202
48.8564017997,2.2372890865,1.755997770759351e-197
48.8612956903,2.2372890865,2.8737313597881497e-193
48.8661895809,2.2372890865,3.749400456226218e-189
48.8710834715,2.2372890865,3.900056889990848e-185
48.8759773621,2.2372890865,3.234249427174244e-181
48.8808712527,2.2372890865,2.13830440823102e-177
48.8857651433,2.2372890865,1.1270910631920144e-173
48.8906590339,2.2372890865,4.7363297916628994e-170
48.8955529245,2.2372890865,1.5867858422172482e-166
48.9004468151,2.2372890865,4.2382654380137413e-163
48.9053407057,2.2372890865,9.025087931333501e-160
48.9102345963,2.2372890865,1.5321743402121222e-156
48.9151284869,2.2372890865,2.0737594651583181e-153
48.9200223775,2.2372890865,2.2377008730432125e-150
48.9249162681,2.2372890865,1.9250372380544258e-147
48.9298101587,2.2372890865,1.3202910891236553e-144
48.9347040493,2.2372890865,7.219276953024049e-142
48.9395979399,2.2372890865,3.1471045245507308e-139
48.9444918305,2.2372890865,1.0937601224225792e-136
48.9493857211,2.2372890865,3.030584912918076e-134
48.9542796117,2.2372890865,6.694594586641496e-132
48.9591735023,2.2372890865,1.1790047660904835e-129
48.9640673929,2.2372890865,1.655389869142866e-127
48.9689612835,2.2372890865,1.8530130543823896e-125
48.9738551741,2.2372890865,1.6536748382769262e-123
48.9787490647,2.2372890865,1.1765630668012941e-121
48.7389484253,2.2421829771,3.3627164713123e-310
48.7438423159,2.2421829771,9.089775540452208e-304
48.7487362065,2.2421829771,1.9588876155068998e-297
48.7536300971,2.2421829771,3.365575485114778e-291
48.7585239877,2.2421829771,4.610017821321936e-285
48.7634178783,2.2421829771,5.034302717182313e-279
48.7683117689,2.2421829771,4.382980135362589e-273
48.7732056595,2.2421829771,3.042237614899128e-267
48.7780995501,2.2421829771,1.683488735296075e-261
48.7829934407,2.2421829771,7.427125309172423e-256
48.7878873313,2.2421829771,2.612310171782427e-250
48.7927812219,2.2421829771,7.325245515349741e-245
48.7976751125,2.2421829771,1.6376198072926072e-239
48.8025690031,2.2421829771,2.9187535992661623e-234
48.8074628937,2.2421829771,4.147393454798852e-229
48.8123567843,2.2421829771,4.698362224298604e-224
48.8172506749,2.2421829771,4.243372990260938e-219
48.8221445655,2.2421829771,3.055409136469243e-214
48.8270384561,2.2421829771,1.7539652783523118e-209
48.8319323467,2.2421829771,8.027236606520783e-205
48.8368262373,2.2421829771,2.928900311379691e-200
48.8417201279,2.2421829771,8.519940655816041e-196
48.8466140185,2.2421829771,1.975886540808787e-191
48.8515079091,2.2421829771,3.6532625904018385e-187
48.8564017997,2.2421829771,5.3850932742176174e-183
48.8612956903,2.2421829771,6.328474346282731e-179
48.8661895809,2.2421829771,5.929229646635414e-175
48.8710834715,2.2421829771,4.428850010705742e-171
48.8759773621,2.2421829771,2.63740683412249e-167
48.8808712527,2.2421829771,1.2521510887393393e-163
48.8857651433,2.2421829771,4.7394702039807624e-160
48.8906590339,2.2421829771,1.430198481916036e-156
48.8955529245,2.2421829771,3.44077506075311e-153
48.9004468151,2.2421829771,6.599479806425634e-150
48.9053407057,2.2421829771,1.0091519889170555e-146
48.9102345963,2.2421829771,1.2302600181954412e-143
48.9151284869,2.2421829771,1.1957233042607844e-140
48.9200223775,2.2421829771,9.265266818205437e-138
48.9249162681,2.2421829771,5.723723173096645e-135
48.9298101587,2.2421829771,2.818985000932957e-132
48.9347040493,2.2421829771,1.1068795474896086e-129
48.9395979399,2.2421829771,3.4649854401337316e-127
48.9444918305,2.2421829771,8.64760649204968e-125
48.9493857211,2.2421829771,1.720615683981339e-122
48.9542796117,2.2421829771,2.7293880724770982e-120
48.9591735023,2.2421829771,3.451756528475795e-118
48.9640673929,2.2421829771,3.480234229055258e-116
48.9689612835,2.2421829771,2.797500976982345e-114
48.9738551741,2.2421829771,1.7927737030929378e-112
48.9787490647,2.2421829771,9.159550325526046e-111
48.7389484253,2.2470768677,7.975466958145225e-293
48.7438423159,2.2470768677,1.548112847905997e-286
48.7487362065,2.2470768677,2.3957558830008483e-280
48.7536300971,2.2470768677,2.955806264363867e-274
48.7585239877,2.2470768677,2.90738684297759e-268
48.7634178783,2.2470768677,2.279938487100939e-262
48.7683117689,2.2470768677,1.425400453296666e-256
48.7732056595,2.2470768677,7.104673245199045e-251
48.7780995501,2.2470768677,2.8232203691023045e-245
48.7829934407,2.2470768677,8.944146460573683e-240
48.7878873313,2.2470768677,2.25905330754119e-234
48.7927812219,2.2470768677,4.54891173261703e-229
48.7976751125,2.2470768677,7.302675351753327e-224
48.8025690031,2.2470768677,9.346519832152234e-219
48.8074628937,2.2470768677,9.536989910936325e-214
48.8123567843,2.2470768677,7.758292839338203e-209
48.8172506749,2.2470768677,5.0316968369900055e-204
48.8221445655,2.2470768677,2.601694020557724e-199
48.8270384561,2.2470768677,1.0724854883693383e-194
48.8319323467,2.2470768677,3.5246831619600077e-190
48.8368262373,2.2470768677,9.23511263640596e-186
48.8417201279,2.2470768677,1.929113424073152e-181
48.8466140185,2.2470768677,3.2126749219115614e-177
48.8515079091,2.2470768677,4.265493228320219e-173
48.8564017997,2.2470768677,4.5150772379352355e-169
48.8612956903,2.2470768677,3.8102595900376567e-165
48.8661895809,2.2470768677,2.563524067913258e-161
48.8710834715,2.2470768677,1.3750347922415094e-157
48.8759773621,2.2470768677,5.8800826255885276e-154
48.8808712527,2.2470768677,2.0046872297691985e-150
48.8857651433,2.2470768677,5.448830177670778e-147
48.8906590339,2.2470768677,1.1807375497374032e-143
48.8955529245,2.2470768677,2.0398438842145654e-140
48.9004468151,2.2470768677,2.8095317233065574e-137
48.9053407057,2.2470768677,3.0850656005295117e-134
48.9102345963,2.2470768677,2.7007744715731097e-131
48.9151284869,2.2470768677,1.8849754144390393e-128
48.9200223775,2.2470768677,1.0488575625065918e-125
48.9249162681,2.2470768677,4.6528686358722445e-123
48.9298101587,2.2470768677,1.6455781883178093e-120
48.9347040493,2.2470768677,4.639911604339499e-118
48.9395979399,2.2470768677,1.043024103977671e-115
48.9444918305,2.2470768677,1.869271724504625e-113
48.9493857211,2.2470768677,2.670816078092482e-111
48.9542796117,2.2470768677,3.0423486402445472e-109
48.9591735023,2.2470768677,2.7629144218534536e-107
48.9640673929,2.2470768677,2.0004114854503667e-105
48.9689612835,2.2470768677,1.154688123831161e-103
48.9738551741,2.2470768677,5.313779295129239e-102
48.9787490647,2.2470768677,1.9495562894631887e-100
48.7389484253,2.2519707583,5.17159698153123e-276
48.7438423159,2.2519707583,7.208663529896524e-270
48.7487362065,2.2519707583,8.010844288771533e-264
48.7536300971,2.2519707583,7.097334579411272e-258
48.7585239877,2.2519707583,5.013092537924067e-252
48.7634178783,2.2519707583,2.822991805090173e-246
48.7683117689,2.2519707583,1.2673803431635778e-240
48.7732056595,2.2519707583,4.536258240816106e-235
48.7780995501,2.2519707583,1.2944403044502001e-229
48.7829934407,2.2519707583,2.9448266670944917e-224
48.7878873313,2.2519707583,5.3411023605056386e-219
48.7927812219,2.2519707583,7.723168651308466e-214
48.7976751125,2.2519707583,8.903352941100886e-209
48.8025690031,2.2519707583,8.182859877206598e-204
48.8074628937,2.2519707583,5.995840794453136e-199
48.8123567843,2.2519707583,3.5025837179130623e-194
48.8172506749,2.2519707583,1.6312495688936108e-189
48.8221445655,2.2519707583,6.056835085205269e-185
48.8270384561,2.2519707583,1.7929349846985465e-180
48.8319323467,2.2519707583,4.23132893342433e-176
48.8368262373,2.2519707583,7.961272465549119e-172
48.8417201279,2.2519707583,1.194212577132012e-167
48.8466140185,2.2519707583,1.4281513924890392e-163
48.8515079091,2.2519707583,1.3616337521969204e-159
48.8564017997,2.2519707583,1.0349987427906558e-155
48.8612956903,2.2519707583,6.272097342195395e-152
48.8661895809,2.2519707583,3.0302552420264326e-148
48.8710834715,2.2519707583,1.1671833563258229e-144
48.8759773621,2.2519707583,3.5842014769036546e-141
48.8808712527,2.2519707583,8.774839800879813e-138
48.8857651433,2.2519707583,1.7126926424496146e-134
48.8906590339,2.2519707583,2.665097618588246e-131
48.8955529245,2.2519707583,3.3062848262764845e-128
48.9004468151,2.2519707583,3.270098694978198e-125
48.9053407057,2.2519707583,2.5785461593239614e-122
48.9102345963,2.2519707583,1.6209977564299382e-119
48.9151284869,2.2519707583,8.124251716809222e-117
48.9200223775,2.2519707583,3.2462187473503844e-114
48.9249162681,2.2519707583,1.0341073996934375e-111
48.9298101587,2.2519707583,2.6263159041864403e-109
48.9347040493,2.2519707583,5.3176743144262946e-107
48.9395979399,2.2519707583,8.58400496353174e-105
48.9444918305,2.2519707583,1.1047185299156423e-102
48.9493857211,2.2519707583,1.1334614940443029e-100
48.9542796117,2.2519707583,9.27161429963648e-99
48.9591735023,2.2519707583,6.046407259107611e-97
48.9640673929,2.2519707583,3.143640599056776e-95
48.9689612835,2.2519707583,1.3030522648544792e-93
48.9738551741,2.2519707583,4.3061012329889866e-92
48.9787490647,2.2519707583,1.1344884772410742e-90
48.7389484253,2.2568646489,9.168449784285259e-260
48.7438423159,2.2568646489,9.17718695728794e-254
48.7487362065,2.2568646489,7.323466534558074e-248
48.7536300971,2.2568646489,4.6592635516798516e-242
48.7585239877,2.2568646489,2.363258922958376e-236
48.7634178783,2.2568646489,9.556498351075381e-231
48.7683117689,2.2568646489,3.080915063931518e-225
48.7732056595,2.2568646489,7.918704114785233e-220
48.7780995501,2.2568646489,1.6226391842668712e-214
48.7829934407,2.2568646489,2.6508384206036067e-209
48.7878873313,2.2568646489,3.452534343315847e-204
48.7927812219,2.2568646489,3.5849756624442627e-199
48.7976751125,2.2568646489,2.9677537994100076e-194
48.8025690031,2.2568646489,1.9586777107169784e-189
48.8074628937,2.2568646489,1.0306033417074019e-184
48.8123567843,2.2568646489,4.323282003079068e-180
48.8172506749,2.2568646489,1.445869302776323e-175
48.8221445655,2.2568646489,3.8551205514121133e-171
48.8270384561,2.2568646489,8.194837434563089e-167
48.8319323467,2.2568646489,1.388788704884062e-162
48.8368262373,2.2568646489,1.8764001644346514e-158
48.8417201279,2.2568646489,2.0211949410216083e-154
48.8466140185,2.2568646489,1.7357388988073558e-150
48.8515079091,2.2568646489,1.1883764688816698e-146
48.8564017997,2.2568646489,6.486600402592405e-143
48.8612956903,2.2568646489,2.8227583400479e-139
48.8661895809,2.2568646489,9.793179332314227e-136
48.8710834715,2.2568646489,2.7087390523356293e-132
48.8759773621,2.2568646489,5.973159123234227e-129
48.8808712527,2.2568646489,1.0501091756149436e-125
48.8857651433,2.2568646489,1.4718321178688667e-122
48.8906590339,2.2568646489,1.6446578102578852e-119
48.8955529245,2.2568646489,1.465164142327497e-116
48.9004468151,2.2568646489,1.0406159173951087e-113
48.9053407057,2.2568646489,5.892344109272819e-111
48.9102345963,2.2568646489,2.6599850259209797e-108
48.9151284869,2.2568646489,9.57334556635089e-106
48.9200223775,2.2568646489,2.7468929412827917e-103
48.9249162681,2.2568646489,6.283667329121938e-101
48.9298101587,2.2568646489,1.1459827731828741e-98
48.9347040493,2.2568646489,1.6662357471688528e-96
48.9395979399,2.2568646489,1.9314713005504682e-94
48.9444918305,2.2568646489,1.784980700795975e-92
48.9493857211,2.2568646489,1.315140777962987e-90
48.9542796117,2.2568646489,7.725105453511352e-89
48.9591735023,2.2568646489,3.617679116005317e-87
48.9640673929,2.2568646489,1.3506695921113093e-85
48.9689612835,2.2568646489,4.0203295681714562e-84
48.9738551741,2.2568646489,9.540423269288367e-83
48.9787490647,2.2568646489,1.8049579288997473e-81
48.7389484253,2.2617585395,4.443956838971355e-244
48.7438423159,2.2617585395,3.194236645020494e-238
48.7487362065,2.2617585395,1.830449689650634e-232
48.7536300971,2.2617585395,8.362612230549681e-227
48.7585239877,2.2617585395,3.0459275947804787e-221
48.7634178783,2.2617585395,8.8448535250821e-216
48.7683117689,2.2617585395,2.047647372870031e-210
48.7732056595,2.2617585395,3.779315472038713e-205
48.7780995501,2.2617585395,5.561149571569736e-200
48.7829934407,2.2617585395,6.523932515877502e-195
48.7878873313,2.2617585395,6.101657101391298e-190
48.7927812219,2.2617585395,4.549666770241821e-185
48.7976751125,2.2617585395,2.704611147789888e-180
48.8025690031,2.2617585395,1.281809636332729e-175
48.8074628937,2.2617585395,4.843236584732384e-171
48.8123567843,2.2617585395,1.4589529610295422e-166
48.8172506749,2.2617585395,3.5038083958234654e-162
48.8221445655,2.2617585395,6.708614888481689e-158
48.8270384561,2.2617585395,1.0240444968311995e-153
48.8319323467,2.2617585395,1.2462301328911085e-149
48.8368262373,2.2617585395,1.209124779173444e-145
48.8417201279,2.2617585395,9.352709573241791e-142
48.8466140185,2.2617585395,5.76762783662602e-138
48.8515079091,2.2617585395,2.835635883446287e-134
48.8564017997,2.2617585395,1.1114684805590409e-130
48.8612956903,2.2617585395,3.4732599837208607e-127
48.8661895809,2.2617585395,8.65308336429809e-124
48.8710834715,2.2617585395,1.7186915286203e-120
48.8759773621,2.2617585395,2.721563291431324e-117
48.8808712527,2.2617585395,3.4358357504666764e-114
48.8857651433,2.2617585395,3.4581179615795775e-111
48.8906590339,2.2617585395,2.7748573803898713e-108
48.8955529245,2.2617585395,1.775149698694539e-105
48.9004468151,2.2617585395,9.053630233625728e-103
48.9053407057,2.2617585395,3.6813234461953206e-100
48.9102345963,2.2617585395,1.193379722278296e-97
48.9151284869,2.2617585395,3.084230197170171e-95
48.9200223775,2.2617585395,6.354894855857058e-93
48.9249162681,2.2617585395,1.0439108401575857e-90
48.9298101587,2.2617585395,1.3671365651224877e-88
48.9347040493,2.2617585395,1.4274267927323412e-86
48.9395979399,2.2617585395,1.188199165281875e-84
48.9444918305,2.2617585395,7.885297719152768e-83
48.9493857211,2.2617585395,4.171962549463905e-81
48.9542796117,2.2617585395,1.7597710172191288e-79
48.9591735023,2.2617585395,5.917869362684022e-78
48.9640673929,2.2617585395,1.586602157589768e-76
48.9689612835,2.2617585395,3.3912839992993956e-75
48.9738551741,2.2617585395,5.77901384154938e-74
48.9787490647,2.2617585395,7.851213042677301e-73
48.7389484253,2.2666524301,5.8890662240766714e-229
48.7438423159,2.2666524301,3.0396759011883443e-223
48.7487362065,2.2666524301,1.2508394682407078e-217
48.7536300971,2.2666524301,4.103640673552321e-212
48.7585239877,2.2666524301,1.073323229584768e-206
48.7634178783,2.2666524301,2.2381293651044783e-201
48.7683117689,2.2666524301,3.7207740327956274e-196
48.7732056595,2.2666524301,4.931452557200577e-191
48.7780995501,2.2666524301,5.210865658530004e-186
48.7829934407,2.2666524301,4.389735446892551e-181
48.7878873313,2.2666524301,2.9482226084029017e-176
48.7927812219,2.2666524301,1.5786129107683306e-171
48.7976751125,2.2666524301,6.738829712932691e-167
48.8025690031,2.2666524301,2.2934367501485444e-162
48.8074628937,2.2666524301,6.222752189068571e-158
48.8123567843,2.2666524301,1.3460825637493336e-153
48.8172506749,2.2666524301,2.3214233302377604e-149
48.8221445655,2.2666524301,3.1917615923833498e-145
48.8270384561,2.2666524301,3.498645965361184e-141
48.8319323467,2.2666524301,3.057475632077913e-137
48.8368262373,2.2666524301,2.130195509290956e-133
48.8417201279,2.2666524301,1.1832305623037222e-129
48.8466140185,2.2666524301,5.2397763014986514e-126
48.8515079091,2.2666524301,1.8499056015605478e-122
48.8564017997,2.2666524301,5.206907255509453e-119
48.8612956903,2.2666524301,1.1684323441544185e-115
48.8661895809,2.2666524301,2.0903583922775377e-112
48.8710834715,2.2666524301,2.981476481011962e-109
48.8759773621,2.2666524301,3.390279291370191e-106
48.8808712527,2.2666524301,3.073498599146532e-103
48.8857651433,2.2666524301,2.2213859246891995e-100
48.8906590339,2.2666524301,1.2799955669357767e-97
48.8955529245,2.2666524301,5.8801224342361405e-95
48.9004468151,2.2666524301,2.1535637181726256e-92
48.9053407057,2.2666524301,6.288144837746796e-90
48.9102345963,2.2666524301,1.4637968242053032e-87
48.9151284869,2.2666524301,2.716642673088238e-85
48.9200223775,2.2666524301,4.019552353778641e-83
48.9249162681,2.2666524301,4.741506109769751e-81
48.9298101587,2.2666524301,4.4591121261373355e-79
48.9347040493,2.2666524301,3.3432890433348097e-77
48.9395979399,2.2666524301,1.9984482686252918e-75
48.9444918305,2.2666524301,9.523692180264834e-74
48.9493857211,2.2666524301,3.6183555757512645e-72
48.9542796117,2.2666524301,1.0960000882816948e-70
48.9591735023,2.2666524301,2.6466919051933204e-69
48.9640673929,2.2666524301,5.095533283125867e-68
48.9689612835,2.2666524301,7.821127211906743e-67
48.9738551741,2.2666524301,9.570673717321618e-66
48.9787490647,2.2666524301,9.337037968898969e-65
48.7389484253,2.2715463207,2.1336625183359188e-214
48.7438423159,2.2715463207,7.908427857999407e-209
48.7487362065,2.2715463207,2.336942571199264e-203
48.7536300971,2.2715463207,5.5055330789427536e-198
48.7585239877,2.2715463207,1.0340562556604805e-192
48.7634178783,2.2715463207,1.548397315746985e-187
48.7683117689,2.2715463207,1.8484772370843353e-182
48.7732056595,2.2715463207,1.7592973864575955e-177
48.7780995501,2.2715463207,1.33492805944304e-172
48.7829934407,2.2715463207,8.075509262819602e-168
48.7878873313,2.2715463207,3.89471273859413e-163
48.7927812219,2.2715463207,1.4975260851756716e-158
48.7976751125,2.2715463207,4.5905721187519825e-154
48.8025690031,2.2715463207,1.1218962252710697e-149
48.8074628937,2.2715463207,2.1859086696264178e-145
48.8123567843,2.2715463207,3.395508264820364e-141
48.8172506749,2.2715463207,4.205048651125661e-137
48.8221445655,2.2715463207,4.1517453824940285e-133
48.8270384561,2.2715463207,3.2680135714704284e-129
48.8319323467,2.2715463207,2.0508336990003434e-125
48.8368262373,2.2715463207,1.026054648689371e-121
48.8417201279,2.2715463207,4.092644227575709e-118
48.8466140185,2.2715463207,1.3014603682514235e-114
48.8515079091,2.2715463207,3.2995244859043595e-111
48.8564017997,2.2715463207,6.66906909912093e-108
48.8612956903,2.2715463207,1.0746635833854355e-104
48.8661895809,2.2715463207,1.3806172685060347e-101
48.8710834715,2.2715463207,1.4140589779384899e-98
48.8759773621,2.2715463207,1.1546628668681358e-95
48.8808712527,2.2715463207,7.516857702700075e-93
48.8857651433,2.2715463207,3.901314052382632e-90
48.8906590339,2.2715463207,1.6142803069712043e-87
48.8955529245,2.2715463207,5.325255370077895e-85
48.9004468151,2.2715463207,1.400539567468263e-82
48.9053407057,2.2715463207,2.9365931423459698e-80
48.9102345963,2.2715463207,4.908916346507097e-78
48.9151284869,2.2715463207,6.542156603700749e-76
48.9200223775,2.2715463207,6.9510385018384386e-74
48.9249162681,2.2715463207,5.888055647700945e-72
48.9298101587,2.2715463207,3.976377165662919e-70
48.9347040493,2.2715463207,2.1409015181591505e-68
48.9395979399,2.2715463207,9.18965617090597e-67
48.9444918305,2.2715463207,3.144816350185994e-65
48.9493857211,2.2715463207,8.579950226330436e-64
48.9542796117,2.2715463207,1.8662408941775188e-62
48.9591735023,2.2715463207,3.2362650907529135e-61
48.9640673929,2.2715463207,4.474184912784262e-60
48.9689612835,2.2715463207,4.931479396864015e-59
48.9738551741,2.2715463207,4.333451802722661e-58
48.9787490647,2.2715463207,3.035876999279869e-57
48.7389484253,2.2764402113,2.1135265234951673e-200
48.7438423159,2.2764402113,5.6254299152779656e-195
48.7487362065,2.2764402113,1.1937054810721935e-189
48.7536300971,2.2764402113,2.019445379648737e-184
48.7585239877,2.2764402113,2.7237076336534435e-179
48.7634178783,2.2764402113,2.9287501131130474e-174
48.7683117689,2.2764402113,2.5107160701673723e-169
48.7732056595,2.2764402113,1.7159567597009644e-164
48.7780995501,2.2764402113,9.349933693632623e-160
48.7829934407,2.2764402113,4.061665702659016e-155
48.7878873313,2.2764402113,1.4066733965655456e-150
48.7927812219,2.2764402113,3.883969634856708e-146
48.7976751125,2.2764402113,8.54971880678611e-142
48.8025690031,2.2764402113,1.5004491796370586e-137
48.8074628937,2.2764402113,2.099346875382598e-133
48.8123567843,2.2764402113,2.3417502176344918e-129
48.8172506749,2.2764402113,2.08252579313575e-125
48.8221445655,2.2764402113,1.4765007178588023e-121
48.8270384561,2.2764402113,8.345846436139211e-118
48.8319323467,2.2764402113,3.760976068534507e-114
48.8368262373,2.2764402113,1.3512142108544077e-110
48.8417201279,2.2764402113,3.8702702517124903e-107
48.8466140185,2.2764402113,8.837955960084252e-104
48.8515079091,2.2764402113,1.6089991994383915e-100
48.8564017997,2.2764402113,2.3353569840266867e-97
48.8612956903,2.2764402113,2.702366064592037e-94
48.8661895809,2.2764402113,2.4930359099580217e-91
48.8710834715,2.2764402113,1.8336073594697823e-88
48.8759773621,2.2764402113,1.0751711592458617e-85
48.8808712527,2.2764402113,5.02622959019615e-83
48.8857651433,2.2764402113,1.8732704939778996e-80
48.8906590339,2.2764402113,5.566114246325309e-78
48.8955529245,2.2764402113,1.3185517918631214e-75
48.9004468151,2.2764402113,2.4902085733693523e-73
48.9053407057,2.2764402113,3.749451223973756e-71
48.9102345963,2.2764402113,4.5008355611053793e-69
48.9151284869,2.2764402113,4.307368598826559e-67
48.9200223775,2.2764402113,3.2864299725020172e-65
48.9249162681,2.2764402113,1.999080032862904e-63
48.9298101587,2.2764402113,9.694589705966934e-62
48.9347040493,2.2764402113,3.748194675749989e-60
48.9395979399,2.2764402113,1.155335980711863e-58
48.9444918305,2.2764402113,2.839147213172062e-57
48.9493857211,2.2764402113,5.562384143655836e-56
48.9542796117,2.2764402113,8.688153764020584e-55
48.9591735023,2.2764402113,1.0819008755163484e-53
48.9640673929,2.2764402113,1.0740905597454791e-52
48.9689612835,2.2764402113,8.501347730036125e-52
48.9738551741,2.2764402113,5.364485984126766e-51
48.9787490647,2.2764402113,2.6987453249224017e-50
48.7389484253,2.2813341019,5.72390425713763e-187
48.7438423159,2.2813341019,1.0940167307307818e-181
48.7487362065,2.2813341019,1.6670515136249587e-176
48.7536300971,2.2813341019,2.0251981886499944e-171
48.7585239877,2.2813341019,1.961460171380013e-166
48.7634178783,2.2813341019,1.5145545192398879e-161
48.7683117689,2.2813341019,9.323603195255873e-157
48.7732056595,2.2813341019,4.5758955903093544e-152
48.7780995501,2.2813341019,1.7904487097206523e-147
48.7829934407,2.2813341019,5.585230694020309e-143
48.7878873313,2.2813341019,1.3890369583118647e-138
48.7927812219,2.2813341019,2.754101488741204e-134
48.7976751125,2.2813341019,4.353509859258645e-130
48.8025690031,2.2813341019,5.486464560496084e-126
48.8074628937,2.2813341019,5.512379104084542e-122
48.8123567843,2.2813341019,4.41549127409483e-118
48.8172506749,2.2813341019,2.8197618959854678e-114
48.8221445655,2.2813341019,1.4356193316241838e-110
48.8270384561,2.2813341019,5.827195807201581e-107
48.8319323467,2.2813341019,1.8857033780101586e-103
48.8368262373,2.2813341019,4.864974856649677e-100
48.8417201279,2.2813341019,1.0006478686303734e-96
48.8466140185,2.2813341019,1.6408746395283642e-93
48.8515079091,2.2813341019,2.1451762723312903e-90
48.8564017997,2.2813341019,2.2358569808395886e-87
48.8612956903,2.2813341019,1.8578836332224348e-84
48.8661895809,2.2813341019,1.230797063460891e-81
48.8710834715,2.2813341019,6.500516238411034e-79
48.8759773621,2.2813341019,2.7371758349178314e-76
48.8808712527,2.2813341019,9.188635001127352e-74
48.8857651433,2.2813341019,2.4591938116861317e-71
48.8906590339,2.2813341019,5.247204226839217e-69
48.8955529245,2.2813341019,8.92599484634148e-67
48.9004468151,2.2813341019,1.2105388987136843e-64
48.9053407057,2.2813341019,1.3088633907390288e-62
48.9102345963,2.2813341019,1.1282448123327773e-60
48.9151284869,2.2813341019,7.753643405307787e-59
48.9200223775,2.2813341019,4.248168707997744e-57
48.9249162681,2.2813341019,1.8556289573454594e-55
48.9298101587,2.2813341019,6.462104550990631e-54
48.9347040493,2.2813341019,1.7941149822970495e-52
48.9395979399,2.2813341019,3.9711840837027385e-51
48.9444918305,2.2813341019,7.007824531924587e-50
48.9493857211,2.2813341019,9.859159042959436e-49
48.9542796117,2.2813341019,1.10583410408699e-47
48.9591735023,2.2813341019,9.888571091114833e-47
48.9640673929,2.2813341019,7.049698674340611e-46
48.9689612835,2.2813341019,4.0068309717062114e-45
48.9738551741,2.2813341019,1.8156199388585523e-44
48.9787490647,2.2813341019,6.559070793986511e-44
48.7389484253,2.2862279925,4.238182983284715e-174
48.7438423159,2.2862279925,5.816944138814982e-169
48.7487362065,2.2862279925,6.365075164894042e-164
48.7536300971,2.2862279925,5.552718199008364e-159
48.7585239877,2.2862279925,3.86190142389245e-154
48.7634178783,2.2862279925,2.141362476714775e-149
48.7683117689,2.2862279925,9.466133956571942e-145
48.7732056595,2.2862279925,3.3361729538565854e-140
48.7780995501,2.2862279925,9.37384832604297e-136
48.7829934407,2.2862279925,2.099813582431264e-131
48.7878873313,2.2862279925,3.750049605812809e-127
48.7927812219,2.2862279925,5.339329690088961e-123
48.7976751125,2.2862279925,6.060799504558558e-119
48.8025690031,2.2862279925,5.484872673776164e-115
48.8074628937,2.2862279925,3.957278692657433e-111
48.8123567843,2.2862279925,2.2762511417518223e-107
48.8172506749,2.2862279925,1.043847775872387e-103
48.8221445655,2.2862279925,3.8163449035622625e-100
48.8270384561,2.2862279925,1.1123757639827181e-96
48.8319323467,2.2862279925,2.5849305087632e-93
48.8368262373,2.2862279925,4.788943135958857e-90
48.8417201279,2.2862279925,7.073330350664083e-87
48.8466140185,2.2862279925,8.329168668281924e-84
48.8515079091,2.2862279925,7.819389115324159e-81
48.8564017997,2.2862279925,5.852446437277106e-78
48.8612956903,2.2862279925,3.4921711763811055e-75
48.8661895809,2.2862279925,1.661296127919943e-72
48.8710834715,2.2862279925,6.300746920160228e-70
48.8759773621,2.2862279925,1.90515569092797e-67
48.8808712527,2.2862279925,4.592639561084445e-65
48.8857651433,2.2862279925,8.82648334864062e-63
48.8906590339,2.2862279925,1.352404177336767e-60
48.8955529245,2.2862279925,1.652033137612925e-58
48.9004468151,2.2862279925,1.60888298562839e-56
48.9053407057,2.2862279925,1.2491759577275771e-54
48.9102345963,2.2862279925,7.73243412205068e-53
48.9151284869,2.2862279925,3.81594664628187e-51
48.9200223775,2.2862279925,1.5013495311404877e-49
48.9249162681,2.2862279925,4.7092829493327996e-48
48.9298101587,2.2862279925,1.1776634895199982e-46
48.9347040493,2.2862279925,2.3479080812809636e-45
48.9395979399,2.2862279925,3.7319380320266866e-44
48.9444918305,2.2862279925,4.729129541803171e-43
48.9493857211,2.2862279925,4.7777283240052824e-42
48.9542796117,2.2862279925,3.8481779319657964e-41
48.9591735023,2.2862279925,2.4710543189718567e-40
48.9640673929,2.2862279925,1.2650360249842281e-39
48.9689612835,2.2862279925,5.163176221149402e-39
48.9738551741,2.2862279925,1.680058700986903e-38
48.9787490647,2.2862279925,4.3583832616322883e-38
48.7389484253,2.2911218831,8.579653136337382e-162
48.7438423159,2.2911218831,8.456068782924256e-157
48.7487362065,2.2911218831,6.644476001713245e-152
48.7536300971,2.2911218831,4.1624249972233966e-147
48.7585239877,2.2911218831,2.078861510367874e-142
48.7634178783,2.2911218831,8.277480178548596e-138
48.7683117689,2.2911218831,2.627629893687889e-133
48.7732056595,2.2911218831,6.650031342897611e-129
48.7780995501,2.2911218831,1.3417655712244453e-124
48.7829934407,2.2911218831,2.158355852829492e-120
48.7878873313,2.2911218831,2.7679797478877926e-116
48.7927812219,2.2911218831,2.8300637644487452e-112
48.7976751125,2.2911218831,2.306869286229913e-108
48.8025690031,2.2911218831,1.4991435015663445e-104
48.8074628937,2.2911218831,7.767063929756279e-101
48.8123567843,2.2911218831,3.208219001002483e-97
48.8172506749,2.2911218831,1.0564880451036033e-93
48.8221445655,2.2911218831,2.7736944727585123e-90
48.8270384561,2.2911218831,5.805586613489787e-87
48.8319323467,2.2911218831,9.68784205855436e-84
48.8368262373,2.2911218831,1.2888472363476002e-80
48.8417201279,2.2911218831,1.3670024501440383e-77
48.8466140185,2.2911218831,1.1559274973613852e-74
48.8515079091,2.2911218831,7.792653224461586e-72
48.8564017997,2.2911218831,4.188259280866915e-69
48.8612956903,2.2911218831,1.7946312348659795e-66
48.8661895809,2.2911218831,6.130703862587131e-64
48.8710834715,2.2911218831,1.669701773008398e-61
48.8759773621,2.2911218831,3.6254417505339642e-59
48.8808712527,2.2911218831,6.275905691508508e-57
48.8857651433,2.2911218831,8.661345031180528e-55
48.8906590339,2.2911218831,9.529886397236337e-53
48.8955529245,2.2911218831,8.359562735592775e-51
48.9004468151,2.2911218831,5.8461890169488034e-49
48.9053407057,2.2911218831,3.259534616532334e-47
48.9102345963,2.2911218831,1.448877926922062e-45
48.9151284869,2.2911218831,5.134538897551866e-44
48.9200223775,2.2911218831,1.450656385295616e-42
48.9249162681,2.2911218831,3.2675415084035586e-41
48.9298101587,2.2911218831,5.867743568568556e-40
48.9347040493,2.2911218831,8.400682915625365e-39
48.9395979399,2.2911218831,9.588518545434262e-38
48.9444918305,2.2911218831,8.725330498669109e-37
48.9493857211,2.2911218831,6.330029199697646e-36
48.9542796117,2.2911218831,3.661196125987932e-35
48.9591735023,2.2911218831,1.6882382218665628e-34
48.9640673929,2.2911218831,6.2063736221906335e-34
48.9689612835,2.2911218831,1.819011974361555e-33
48.9738551741,2.2911218831,4.2503691733022865e-33
48.9787490647,2.2911218831,7.917921683230446e-33
48.7389484253,2.2960157737,4.7485655922976484e-150
48.7438423159,2.2960157737,3.360816532163535e-145
48.7487362065,2.2960157737,1.8963592832593712e-140
48.7536300971,2.2960157737,8.53080260160609e-136
48.7585239877,2.2960157737,3.05951521315359e-131
48.7634178783,2.2960157737,8.748000413611386e-127
48.7683117689,2.2960157737,1.994152771227833e-122
48.7732056595,2.2960157737,3.6241111715235506e-118
48.7780995501,2.2960157737,5.250952020913517e-114
48.7829934407,2.2960157737,6.065520044611071e-110
48.7878873313,2.2960157737,5.585878539516877e-106
48.7927812219,2.2960157737,4.101175813379018e-102
48.7976751125,2.2960157737,2.4005941334562887e-98
48.8025690031,2.2960157737,1.120269589724885e-94
48.8074628937,2.2960157737,4.1679241526596707e-91
48.8123567843,2.2960157737,1.2362620019145103e-87
48.8172506749,2.2960157737,2.923443387640218e-84
48.8221445655,2.2960157737,5.511531692553348e-81
48.8270384561,2.2960157737,8.28406281864852e-78
48.8319323467,2.2960157737,9.926768903920812e-75
48.8368262373,2.2960157737,9.483439833594216e-72
48.8417201279,2.2960157737,7.222995236483767e-69
48.8466140185,2.2960157737,4.3859352641180945e-66
48.8515079091,2.2960157737,2.1232471981077437e-63
48.8564017997,2.2960157737,8.194686726196976e-61
48.8612956903,2.2960157737,2.521492061459763e-58
48.8661895809,2.2960157737,6.185521322681676e-56
48.8710834715,2.2960157737,1.2097300396793682e-53
48.8759773621,2.2960157737,1.8862275133571118e-51
48.8808712527,2.2960157737,2.344731615102395e-49
48.8857651433,2.2960157737,2.3237299564656857e-47
48.8906590339,2.2960157737,1.8359955650949726e-45
48.8955529245,2.2960157737,1.1565144208623471e-43
48.9004468151,2.2960157737,5.807964199531439e-42
48.9053407057,2.2960157737,2.325360347459849e-40
48.9102345963,2.2960157737,7.422497293552738e-39
48.9151284869,2.2960157737,1.8888752970985684e-37
48.9200223775,2.2960157737,3.8322159971789684e-36
48.9249162681,2.2960157737,6.198550240689064e-35
48.9298101587,2.2960157737,7.993256055351684e-34
48.9347040493,2.2960157737,8.21770938627375e-33
48.9395979399,2.2960157737,6.735522412146576e-32
48.9444918305,2.2960157737,4.401343316961427e-31
48.9493857211,2.2960157737,2.292939839252661e-30
48.9542796117,2.2960157737,9.523432934725796e-30
48.9591735023,2.2960157737,3.1534637936059936e-29
48.9640673929,2.2960157737,8.324834796578928e-29
48.9689612835,2.2960157737,1.7520917805199298e-28
48.9738551741,2.2960157737,2.9398930681649527e-28
48.9787490647,2.2960157737,3.932780155644856e-28
48.7389484253,2.3009096643,7.185513945570935e-139
48.7438423159,2.3009096643,3.651941289858751e-134
48.7487362065,2.3009096643,1.479732426802579e-129
48.7536300971,2.3009096643,4.780089724777299e-125
48.7585239877,2.3009096643,1.231068899305654e-120
48.7634178783,2.3009096643,2.52768018862427e-116
48.7683117689,2.3009096643,4.1376651635740775e-112
48.7732056595,2.3009096643,5.3998539652016105e-108
48.7780995501,2.3009096643,5.618263969934387e-104
48.7829934407,2.3009096643,4.660319795787276e-100
48.7878873313,2.3009096643,3.0819298706389193e-96
48.7927812219,2.3009096643,1.6248872779288306e-92
48.7976751125,2.3009096643,6.829944556671923e-89
48.8025690031,2.3009096643,2.288782750082575e-85
48.8074628937,2.3009096643,6.114844517368448e-82
48.8123567843,2.3009096643,1.3024459789188367e-78
48.8172506749,2.3009096643,2.2117063938899496e-75
48.8221445655,2.3009096643,2.9942542952471425e-72
48.8270384561,2.3009096643,3.2317915610440545e-69
48.8319323467,2.3009096643,2.78093896673906e-66
48.8368262373,2.3009096643,1.9078007976312484e-63
48.8417201279,2.3009096643,1.043441361931573e-60
48.8466140185,2.3009096643,4.549844183389932e-58
48.8515079091,2.3009096643,1.58167938081337e-55
48.8564017997,2.3009096643,4.383629449992072e-53
48.8612956903,2.3009096643,9.685960025848343e-51
48.8661895809,2.3009096643,1.706259028403459e-48
48.8710834715,2.3009096643,2.3962973418460967e-46
48.8759773621,2.3009096643,2.683057025222671e-44
48.8808712527,2.3009096643,2.395038802840747e-42
48.8857651433,2.3009096643,1.7044672394131255e-40
48.8906590339,2.3009096643,9.670706797070385e-39
48.8955529245,2.3009096643,4.374427547159851e-37
48.9004468151,2.3009096643,1.5775302393299605e-35
48.9053407057,2.3009096643,4.53552548510352e-34
48.9102345963,2.3009096643,1.0396112819644022e-32
48.9151284869,2.3009096643,1.8997996779748525e-31
48.9200223775,2.3009096643,2.7678215677487195e-30
48.9249162681,2.3009096643,3.214858201786943e-29
48.9298101587,2.3009096643,2.9770011938298347e-28
48.9347040493,2.3009096643,2.1978074894963345e-27
48.9395979399,2.3009096643,1.2935813416823308e-26
48.9444918305,2.3009096643,6.07003632648343e-26
48.9493857211,2.3009096643,2.270817806641524e-25
48.9542796117,2.3009096643,6.772776521725172e-25
48.9591735023,2.3009096643,1.6104403884140886e-24
48.9640673929,2.3009096643,3.052924157475907e-24
48.9689612835,2.3009096643,4.6140344279698025e-24
48.9738551741,2.3009096643,5.5595430765131e-24
48.9787490647,2.3009096643,5.3406094764087586e-24
48.7389484253,2.3058035549,2.972733081192366e-128
48.7438423159,2.3058035549,1.084939330841111e-123
48.7487362065,2.3058035549,3.1568100044315173e-119
48.7536300971,2.3058035549,7.3229301012412295e-115
48.7585239877,2.3058035549,1.3542997141019294e-110
48.7634178783,2.3058035549,1.9968164161325202e-106
48.7683117689,2.3058035549,2.347226197119557e-102
48.7732056595,2.3058035549,2.199708851794791e-98
48.7780995501,2.3058035549,1.643496996840402e-94
48.7829934407,2.3058035549,9.789625556876045e-91
48.7878873313,2.3058035549,4.648969536408293e-87
48.7927812219,2.3058035549,1.7601139033838907e-83
48.7976751125,2.3058035549,5.3127367915605135e-80
48.8025690031,2.3058035549,1.2784662879092491e-76
48.8074628937,2.3058035549,2.4527524287269467e-73
48.8123567843,2.3058035549,3.7515574537404626e-70
48.8172506749,2.3058035549,4.57470341101249e-67
48.8221445655,2.3058035549,4.447415830485005e-64
48.8270384561,2.3058035549,3.447037323374855e-61
48.8319323467,2.3058035549,2.1299906039697732e-58
48.8368262373,2.3058035549,1.0493076594959406e-55
48.8417201279,2.3058035549,4.1211787519387533e-53
48.8466140185,2.3058035549,1.2904272175696157e-50
48.8515079091,2.3058035549,3.2213582867909817e-48
48.8564017997,2.3058035549,6.4111804453383995e-46
48.8612956903,2.3058035549,1.0172563833672281e-43
48.8661895809,2.3058035549,1.286815551029007e-41
48.8710834715,2.3058035549,1.2977637265692371e-39
48.8759773621,2.3058035549,1.0434422439012836e-37
48.8808712527,2.3058035549,6.688591196033554e-36
48.8857651433,2.3058035549,3.418175398294203e-34
48.8906590339,2.3058035549,1.3926676543079015e-32
48.8955529245,2.3058035549,4.523703035127205e-31
48.9004468151,2.3058035549,1.1714780059548352e-29
48.9053407057,2.3058035549,2.4186200281784124e-28
48.9102345963,2.3058035549,3.9810222422264084e-27
48.9151284869,2.3058035549,5.224142523966996e-26
48.9200223775,2.3058035549,5.465487219412927e-25
48.9249162681,2.3058035549,4.558649510643219e-24
48.9298101587,2.3058035549,3.0313562367316073e-23
48.9347040493,2.3058035549,1.6070567139894204e-22
48.9395979399,2.3058035549,6.792331667168192e-22
48.9444918305,2.3058035549,2.2887587542433813e-21
48.9493857211,2.3058035549,6.14857685971188e-21
48.9542796117,2.3058035549,1.3168692227899788e-20
48.9591735023,2.3058035549,2.2485582500148885e-20
48.9640673929,2.3058035549,3.0609701272910816e-20
48.9689612835,2.3058035549,3.322060163567354e-20
48.9738551741,2.3058035549,2.8744141964586115e-20
48.9787490647,2.3058035549,1.9828262441186344e-20
48.7389484253,2.3106974455,3.362456540063457e-118
48.7438423159,2.3106974455,8.8123107618759e-114
48.7487362065,2.3106974455,1.8412653553878434e-109
48.7536300971,2.3106974455,3.0671598677436493e-105
48.7585239877,2.3106974455,4.0733328342923745e-101
48.7634178783,2.3106974455,4.312775349072935e-97
48.7683117689,2.3106974455,3.64046808939122e-93
48.7732056595,2.3106974455,2.4499153245260112e-89
48.7780995501,2.3106974455,1.3144327567372906e-85
48.7829934407,2.3106974455,5.622366166449168e-82
48.7878873313,2.3106974455,1.9173143945300247e-78
48.7927812219,2.3106974455,5.212679134505506e-75
48.7976751125,2.3106974455,1.1298534249419212e-71
48.8025690031,2.3106974455,1.9524354012502405e-68
48.8074628937,2.3106974455,2.6898291413610935e-65
48.8123567843,2.3106974455,2.954378735300546e-62
48.8172506749,2.3106974455,2.587027806167824e-59
48.8221445655,2.3106974455,1.8060487886976698e-56
48.8270384561,2.3106974455,1.0051972997863255e-53
48.8319323467,2.3106974455,4.4603260003763354e-51
48.8368262373,2.3106974455,1.5778849878037094e-48
48.8417201279,2.3106974455,4.450179615885091e-46
48.8466140185,2.3106974455,1.0006292400738132e-43
48.8515079091,2.3106974455,1.793751563278656e-41
48.8564017997,2.3106974455,2.5635680434505464e-39
48.8612956903,2.3106974455,2.920928050379255e-37
48.8661895809,2.3106974455,2.6533242309287824e-35
48.8710834715,2.3106974455,1.9215568621321358e-33
48.8759773621,2.3106974455,1.1094547948734678e-31
48.8808712527,2.3106974455,5.106924483691264e-30
48.8857651433,2.3106974455,1.874142952215299e-28
48.8906590339,2.3106974455,5.483267656762432e-27
48.8955529245,2.3106974455,1.278997309962426e-25
48.9004468151,2.3106974455,2.3784458588465273e-24
48.9053407057,2.3106974455,3.526227778622788e-23
48.9102345963,2.3106974455,4.1679347214867736e-22
48.9151284869,2.3106974455,3.927578807644652e-21
48.9200223775,2.3106974455,2.950681686320311e-20
48.9249162681,2.3106974455,1.7673121695695926e-19
48.9298101587,2.3106974455,8.4391290546691e-19
48.9347040493,2.3106974455,3.2127389778129016e-18
48.9395979399,2.3106974455,9.750945067628454e-18
48.9444918305,2.3106974455,2.3594535447535245e-17
48.9493857211,2.3106974455,4.551657819891632e-17
48.9542796117,2.3106974455,7.000373851737634e-17
48.9591735023,2.3106974455,8.583537637515315e-17
48.9640673929,2.3106974455,8.390828627626503e-17
48.9689612835,2.3106974455,6.539383998690471e-17
48.9738551741,2.3106974455,4.06314464252693e-17
48.9787490647,2.3106974455,2.0127098829739575e-17
48.7389484253,2.3155913361,1.0398246957002546e-108
48.7438423159,2.3155913361,1.9569369735996085e-104
48.7487362065,2.3155913361,2.9362092557815435e-100
48.7536300971,2.3155913361,3.5122920572057586e-96
48.7585239877,2.3155913361,3.3495594736696106e-92
48.7634178783,2.3155913361,2.5467025242364535e-88
48.7683117689,2.3155913361,1.5436974890537688e-84
48.7732056595,2.3155913361,7.460013790402666e-81
48.7780995501,2.3155913361,2.874157190523908e-77
48.7829934407,2.3155913361,8.828254737907239e-74
48.7878873313,2.3155913361,2.1618853048705312e-70
48.7927812219,2.3155913361,4.2206942856898065e-67
48.7976751125,2.3155913361,6.569443726581518e-64
48.8025690031,2.3155913361,8.152048426805509e-61
48.8074628937,2.3155913361,8.06488833405763e-58
48.8123567843,2.3155913361,6.360971061150651e-55
48.8172506749,2.3155913361,3.999833694807461e-52
48.8221445655,2.3155913361,2.0051824874798297e-49
48.8270384561,2.3155913361,8.014184289054268e-47
48.8319323467,2.3155913361,2.553631345054362e-44
48.8368262373,2.3155913361,6.487099058393484e-42
48.8417201279,2.3155913361,1.3138213421549625e-39
48.8466140185,2.3155913361,2.121365730255852e-37
48.8515079091,2.3155913361,2.730789590100156e-35
48.8564017997,2.3155913361,2.802556534293589e-33
48.8612956903,2.3155913361,2.293052399986027e-31
48.8661895809,2.3155913361,1.4957776160838738e-29
48.8710834715,2.3155913361,7.778816631430662e-28
48.8759773621,2.3155913361,3.225176538644429e-26
48.8808712527,2.3155913361,1.0660728993555407e-24
48.8857651433,2.3155913361,2.809401230326958e-23
48.8906590339,2.3155913361,5.90247405613014e-22
48.8955529245,2.3155913361,9.886620386443678e-21
48.9004468151,2.3155913361,1.3202466821012429e-19
48.9053407057,2.3155913361,1.4055806314610538e-18
48.9102345963,2.3155913361,1.1930259683448537e-17
48.9151284869,2.3155913361,8.073047047860526e-17
48.9200223775,2.3155913361,4.3553044953839717e-16
48.9249162681,2.3155913361,1.87323825021354e-15
48.9298101587,2.3155913361,6.423340794975178e-15
48.9347040493,2.3155913361,1.7559913217500983e-14
48.9395979399,2.3155913361,3.827165294018643e-14
48.9444918305,2.3155913361,6.650059447652494e-14
48.9493857211,2.3155913361,9.21228338767083e-14
48.9542796117,2.3155913361,1.0174252332362989e-13
48.9591735023,2.3155913361,8.958414913503496e-14
48.9640673929,2.3155913361,6.288590212998693e-14
48.9689612835,2.3155913361,3.519401958537008e-14
48.9738551741,2.3155913361,1.5702828982888797e-14
48.9787490647,2.3155913361,5.585735720598556e-15
48.7389484253,2.3204852267,8.7915663842651e-100
48.7438423159,2.3204852267,1.188137101648786e-95
48.7487362065,2.3204852267,1.2801483748524515e-91
48.7536300971,2.3204852267,1.0996323663959135e-87
48.7585239877,2.3204852267,7.5305756034204945e-84
48.7634178783,2.3204852267,4.111518845786807e-80
48.7683117689,2.3204852267,1.7896571964117315e-76
48.7732056595,2.3204852267,6.210561554468016e-73
48.7780995501,2.3204852267,1.7182460079227868e-69
48.7829934407,2.3204852267,3.7899481648558214e-66
48.7878873313,2.3204852267,6.664608617720869e-63
48.7927812219,2.3204852267,9.343497723561355e-60
48.7976751125,2.3204852267,1.0443300421066766e-56
48.8025690031,2.3204852267,9.305924236017142e-54
48.8074628937,2.3204852267,6.611114926561767e-51
48.8123567843,2.3204852267,3.744409643240043e-48
48.8172506749,2.3204852267,1.690773594782803e-45
48.8221445655,2.3204852267,6.086687598510451e-43
48.8270384561,2.3204852267,1.7469079483658195e-40
48.8319323467,2.3204852267,3.9971687488640345e-38
48.8368262373,2.3204852267,7.291693401740101e-36
48.8417201279,2.3204852267,1.0604684904902254e-33
48.8466140185,2.3204852267,1.2295907634212626e-31
48.8515079091,2.3204852267,1.1366241227365823e-29
48.8564017997,2.3204852267,8.376577274777757e-28
48.8612956903,2.3204852267,4.92163931699081e-26
48.8661895809,2.3204852267,2.3054007002220457e-24
48.8710834715,2.3204852267,8.609471879061694e-23
48.8759773621,2.3204852267,2.5633036535832525e-21
48.8808712527,2.3204852267,6.084390153244947e-20
48.8857651433,2.3204852267,1.1514033976801312e-18
48.8906590339,2.3204852267,1.7371263663784566e-17
48.8955529245,2.3204852267,2.0894345472261057e-16
48.9004468151,2.3204852267,2.0036394950905684e-15
48.9053407057,2.3204852267,1.5318062951302884e-14
48.9102345963,2.3204852267,9.336445571541424e-14
48.9151284869,2.3204852267,4.5368324762589304e-13
48.9200223775,2.3204852267,1.7575891789432925e-12
48.9249162681,2.3204852267,5.428445107650904e-12
48.9298101587,2.3204852267,1.336678567991405e-11
48.9347040493,2.3204852267,2.6240491926219827e-11
48.9395979399,2.3204852267,4.10686487386841e-11
48.9444918305,2.3204852267,5.12439157601303e-11
48.9493857211,2.3204852267,5.097622335823086e-11
48.9542796117,2.3204852267,4.0428391165735185e-11
48.9591735023,2.3204852267,2.5562228619028182e-11
48.9640673929,2.3204852267,1.2885593419917714e-11
48.9689612835,2.3204852267,5.17849530324841e-12
48.9738551741,2.3204852267,1.6591903114384028e-12
48.9787490647,2.3204852267,4.238208059548274e-13
48.7389484253,2.3253791173,2.0322403784484612e-91
48.7438423159,2.3253791173,1.9722363587662364e-87
48.7487362065,2.3253791173,1.5259359305201133e-83
48.7536300971,2.3253791173,9.412545557986293e-80
48.7585239877,2.3253791173,4.62883112751057e-76
48.7634178783,2.3253791173,1.814801108876707e-72
48.7683117689,2.3253791173,5.672574243184138e-69
48.7732056595,2.3253791173,1.413594331536636e-65
48.7780995501,2.3253791173,2.80842515851646e-62
48.7829934407,2.3253791173,4.448303065975766e-59
48.7878873313,2.3253791173,5.617192863731294e-56
48.7927812219,2.3253791173,5.65506701770539e-53
48.7976751125,2.3253791173,4.538889713308899e-50
48.8025690031,2.3253791173,2.9043901694313985e-47
48.8074628937,2.3253791173,1.4816776827455567e-44
48.8123567843,2.3253791173,6.026233765299846e-42
48.8172506749,2.3253791173,1.9540319615375908e-39
48.8221445655,2.3253791173,5.05138889576e-37
48.8270384561,2.3253791173,1.0410783160969272e-34
48.8319323467,2.3253791173,1.7106038701686242e-32
48.8368262373,2.3253791173,2.240830222007233e-30
48.8417201279,2.3253791173,2.3402481449138528e-28
48.8466140185,2.3253791173,1.9485354874063152e-26
48.8515079091,2.3253791173,1.2934456464248147e-24
48.8564017997,2.3253791173,6.845126849540474e-23
48.8612956903,2.3253791173,2.8880736983166576e-21
48.8661895809,2.3253791173,9.714679916258165e-20
48.8710834715,2.3253791173,2.605206624519386e-18
48.8759773621,2.3253791173,5.569924461799764e-17
48.8808712527,2.3253791173,9.494014497441763e-16
48.8857651433,2.3253791173,1.2901610586237161e-14
48.8906590339,2.3253791173,1.3977561816299828e-13
48.8955529245,2.3253791173,1.2072921242471257e-12
48.9004468151,2.3253791173,8.313554860705617e-12
48.9053407057,2.3253791173,4.564094417468277e-11
48.9102345963,2.3253791173,1.99763402573818e-10
48.9151284869,2.3253791173,6.970608427147703e-10
48.9200223775,2.3253791173,1.93918347150004e-09
48.9249162681,2.3253791173,4.300912114787752e-09
48.9298101587,2.3253791173,7.60493820055206e-09
48.9347040493,2.3253791173,1.0720727662276272e-08
48.9395979399,2.3253791173,1.2048869260319932e-08
48.9444918305,2.3253791173,1.0795972601542823e-08
48.9493857211,2.3253791173,7.712065492751892e-09
48.9542796117,2.3253791173,4.3921088826461235e-09
48.9591735023,2.3253791173,1.9942010494053505e-09
48.9640673929,2.3253791173,7.218687418711915e-10
48.9689612835,2.3253791173,2.0832480606654894e-10
48.9738551741,2.3253791173,4.7931077205154936e-11
48.9787490647,2.3253791173,8.79198313392664e-12
48.7389484253,2.3302730079,1.2843594237130059e-83
48.7438423159,2.3302730079,8.95063914242875e-80
48.7487362065,2.3302730079,4.9729600865356994e-76
48.7536300971,2.3302730079,2.2027710109333284e-72
48.7585239877,2.3302730079,7.778882022217863e-69
48.7634178783,2.3302730079,2.190072393767502e-65
48.7683117689,2.3302730079,4.915788740091287e-62
48.7732056595,2.3302730079,8.796732863699512e-59
48.7780995501,2.3302730079,1.2549980483001996e-55
48.7829934407,2.3302730079,1.427440947605787e-52
48.7878873313,2.3302730079,1.2943946365163324e-49
48.7927812219,2.3302730079,9.357691258060006e-47
48.7976751125,2.3302730079,5.393419156474759e-44
48.8025690031,2.3302730079,2.478295498483685e-41
48.8074628937,2.3302730079,9.078946487531311e-39
48.8123567843,2.3302730079,2.6516199519265917e-36
48.8172506749,2.3302730079,6.174198012613296e-34
48.8221445655,2.3302730079,1.1461548134868877e-31
48.8270384561,2.3302730079,1.696287513626987e-29
48.8319323467,2.3302730079,2.001470076458375e-27
48.8368262373,2.3302730079,1.8827479839410755e-25
48.8417201279,2.3302730079,1.411980615755501e-23
48.8466140185,2.3302730079,8.4422601623264175e-22
48.8515079091,2.3302730079,4.0242243266168905e-20
48.8564017997,2.3302730079,1.5293225284845353e-18
48.8612956903,2.3302730079,4.6335029501630886e-17
48.8661895809,2.3302730079,1.1192143121950817e-15
48.8710834715,2.3302730079,2.1553138516237563e-14
48.8759773621,2.3302730079,3.309034068212511e-13
48.8808712527,2.3302730079,4.0502833856260085e-12
48.8857651433,2.3302730079,3.952419525625935e-11
48.8906590339,2.3302730079,3.074922082108216e-10
48.8955529245,2.3302730079,1.9072105837047246e-09
48.9004468151,2.3302730079,9.430975887290837e-09
48.9053407057,2.3302730079,3.71798877641676e-08
48.9102345963,2.3302730079,1.1685652514697559e-07
48.9151284869,2.3302730079,2.9281364787804376e-07
48.9200223775,2.3302730079,5.849558866055741e-07
48.9249162681,2.3302730079,9.316405220410419e-07
48.9298101587,2.3302730079,1.1829518776602206e-06
48.9347040493,2.3302730079,1.1975102499487175e-06
48.9395979399,2.3302730079,9.664621593703927e-07
48.9444918305,2.3302730079,6.218475434916012e-07
48.9493857211,2.3302730079,3.18989542161669e-07
48.9542796117,2.3302730079,1.30455508227476e-07
48.9591735023,2.3302730079,4.2534550777731026e-08
48.9640673929,2.3302730079,1.1056425231918038e-08
48.9689612835,2.3302730079,2.2912953298893412e-09
48.9738551741,2.3302730079,3.785653495499046e-10
48.9787490647,2.3302730079,4.9864802557510985e-11
48.7389484253,2.3351668985000003,2.2192220626700123e-76
48.7438423159,2.3351668985000003,1.1105850421209795e-72
48.7487362065,2.3351668985000003,4.4309447219504115e-69
48.7536300971,2.3351668985000003,1.4094000993368214e-65
48.7585239877,2.3351668985000003,3.574091915116769e-62
48.7634178783,2.3351668985000003,7.225877421208579e-59
48.7683117689,2.3351668985000003,1.1646861645410096e-55
48.7732056595,2.3351668985000003,1.4966515387613708e-52
48.7780995501,2.3351668985000003,1.5332957439256786e-49
48.7829934407,2.3351668985000003,1.2523468202010337e-46
48.7878873313,2.3351668985000003,8.154864668157458e-44
48.7927812219,2.3351668985000003,4.23352718251979e-41
48.7976751125,2.3351668985000003,1.7521908197469322e-38
48.8025690031,2.3351668985000003,5.781678018653508e-36
48.8074628937,2.3351668985000003,1.5209672309074651e-33
48.8123567843,2.3351668985000003,3.1899161404386573e-31
48.8172506749,2.3351668985000003,5.333743521675727e-29
48.8221445655,2.3351668985000003,7.110144782572408e-27
48.8270384561,2.3351668985000003,7.556456972650814e-25
48.8319323467,2.3351668985000003,6.402527268847839e-23
48.8368262373,2.3351668985000003,4.324920348153576e-21
48.8417201279,2.3351668985000003,2.329154211176511e-19
48.8466140185,2.3351668985000003,1.000027234317297e-17
48.8515079091,2.3351668985000003,3.423094312886012e-16
48.8564017997,2.3351668985000003,9.341558889419647e-15
48.8612956903,2.3351668985000003,2.0324192540117285e-13
48.8661895809,2.3351668985000003,3.5253374834078997e-12
48.8710834715,2.3351668985000003,4.8750777949343016e-11
48.8759773621,2.3351668985000003,5.374720141842938e-10
48.8808712527,2.3351668985000003,4.724149302609155e-09
48.8857651433,2.3351668985000003,3.3104331871142456e-08
48.8906590339,2.3351668985000003,1.8494367926671336e-07
48.8955529245,2.3351668985000003,8.237351775373913e-07
48.9004468151,2.3351668985000003,2.925022331616423e-06
48.9053407057,2.3351668985000003,8.280645888167728e-06
48.9102345963,2.3351668985000003,1.8689285282880036e-05
48.9151284869,2.3351668985000003,3.3629052201682456e-05
48.9200223775,2.3351668985000003,4.8242523264068065e-05
48.9249162681,2.3351668985000003,5.517455715793291e-05
48.9298101587,2.3351668985000003,5.0308474779598395e-05
48.9347040493,2.3351668985000003,3.657100533146336e-05
48.9395979399,2.3351668985000003,2.1194642772897293e-05
48.9444918305,2.3351668985000003,9.79284220415238e-06
48.9493857211,2.3351668985000003,3.6073216283872515e-06
48.9542796117,2.3351668985000003,1.059386485449826e-06
48.9591735023,2.3351668985000003,2.480375566674657e-07
48.9640673929,2.3351668985000003,4.629924557486973e-08
48.9689612835,2.3351668985000003,6.8900732316674345e-09
48.9738551741,2.3351668985000003,8.174613249996356e-10
48.9787490647,2.3351668985000003,7.732217208536427e-11
48.7389484253,2.3400607891000003,1.0483773518256417e-69
48.7438423159,2.3400607891000003,3.767491452790953e-66
48.7487362065,2.3400607891000003,1.0793949322903962e-62
48.7536300971,2.3400607891000003,2.4654825175404562e-59
48.7585239877,2.3400607891000003,4.489695978065921e-56
48.7634178783,2.3400607891000003,6.518165650770407e-53
48.7683117689,2.3400607891000003,7.544445170985219e-50
48.7732056595,2.3400607891000003,6.96181812971986e-47
48.7780995501,2.3400607891000003,5.121668839648545e-44
48.7829934407,2.3400607891000003,3.0039573911477774e-41
48.7878873313,2.3400607891000003,1.404654438807357e-38
48.7927812219,2.3400607891000003,5.236470692422628e-36
48.7976751125,2.3400607891000003,1.5563286490744986e-33
48.8025690031,2.3400607891000003,3.687715430386399e-31
48.8074628937,2.3400607891000003,6.966376503193371e-29
48.8123567843,2.3400607891000003,1.0491798427186604e-26
48.8172506749,2.3400607891000003,1.259755860312864e-24
48.8221445655,2.3400607891000003,1.205913869533586e-22
48.8270384561,2.3400607891000003,9.203216665915956e-21
48.8319323467,2.3400607891000003,5.599592928819745e-19
48.8368262373,2.3400607891000003,2.7162311157744646e-17
48.8417201279,2.3400607891000003,1.0504380313080062e-15
48.8466140185,2.3400607891000003,3.2386767815289124e-14
48.8515079091,2.3400607891000003,7.960827840868672e-13
48.8564017997,2.3400607891000003,1.5600636218596344e-11
48.8612956903,2.3400607891000003,2.437360908156166e-10
48.8661895809,2.3400607891000003,3.035923517611877e-09
48.8710834715,2.3400607891000003,3.014777497656943e-08
48.8759773621,2.3400607891000003,2.3867842164296625e-07
48.8808712527,2.3400607891000003,1.5064839289612314e-06
48.8857651433,2.3400607891000003,7.580699864868975e-06
48.8906590339,2.3400607891000003,3.041218021495447e-05
48.8955529245,2.3400607891000003,9.72700774956609e-05
48.9004468151,2.3400607891000003,0.0002480301192078493
48.9053407057,2.3400607891000003,0.0005042234454653435
48.9102345963,2.3400607891000003,0.0008172126920468846
48.9151284869,2.3400607891000003,0.0010559433606626264
48.9200223775,2.3400607891000003,0.0010877763149377666
48.9249162681,2.3400607891000003,0.0008933713615760869
48.9298101587,2.3400607891000003,0.0005849488722189802
48.9347040493,2.3400607891000003,0.0003053495210998183
48.9395979399,2.3400607891000003,0.00012707790076734815
48.9444918305,2.3400607891000003,4.216346308831515e-05
48.9493857211,2.3400607891000003,1.1153109609162333e-05
48.9542796117,2.3400607891000003,2.352063919257919e-06
48.9591735023,2.3400607891000003,3.954537725686146e-07
48.9640673929,2.3400607891000003,5.30073117549507e-08
48.9689612835,2.3400607891000003,5.664600547683378e-09
48.9738551741,2.3400607891000003,4.826099303778298e-10
48.9787490647,2.3400607891000003,3.2780582860753536e-11
48.7389484253,2.3449546797000003,1.3540577381815203e-63
48.7438423159,2.3449546797000003,3.494261601308943e-60
48.7487362065,2.3449546797000003,7.188977123988312e-57
48.7536300971,2.3449546797000003,1.1791586497642854e-53
48.7585239877,2.3449546797000003,1.5419519275029142e-50
48.7634178783,2.3449546797000003,1.6075440445267402e-47
48.7683117689,2.3449546797000003,1.3361289718141624e-44
48.7732056595,2.3449546797000003,8.853751632670045e-42
48.7780995501,2.3449546797000003,4.677348637411977e-39
48.7829934407,2.3449546797000003,1.969997174533482e-36
48.7878873313,2.3449546797000003,6.614924898346976e-34
48.7927812219,2.3449546797000003,1.7708333237949814e-31
48.7976751125,2.3449546797000003,3.779409128867893e-29
48.8025690031,2.3449546797000003,6.4307789729494925e-27
48.8074628937,2.3449546797000003,8.723619446936323e-25
48.8123567843,2.3449546797000003,9.434595707402403e-23
48.8172506749,2.3449546797000003,8.134733515587141e-21
48.8221445655,2.3449546797000003,5.591866830217132e-19
48.8270384561,2.3449546797000003,3.0645291970826946e-17
48.8319323467,2.3449546797000003,1.3389493854087082e-15
48.8368262373,2.3449546797000003,4.663994296374946e-14
48.8417201279,2.3449546797000003,1.295225286926411e-12
48.8466140185,2.3449546797000003,2.8676495254362256e-11
48.8515079091,2.3449546797000003,5.061745242890706e-10
48.8564017997,2.3449546797000003,7.123082068943194e-09
48.8612956903,2.3449546797000003,7.991514033672112e-08
48.8661895809,2.3449546797000003,7.147985096891677e-07
48.8710834715,2.3449546797000003,5.0971998757872025e-06
48.8759773621,2.3449546797000003,2.8978315930929942e-05
48.8808712527,2.3449546797000003,0.00013134334592558326
48.8857651433,2.3449546797000003,0.00047460953806798597
48.8906590339,2.3449546797000003,0.0013672826461323597
48.8955529245,2.3449546797000003,0.0031403177581101963
48.9004468151,2.3449546797000003,0.005750191946692457
48.9053407057,2.3449546797000003,0.008394301091301555
48.9102345963,2.3449546797000003,0.009769676804094796
48.9151284869,2.3449546797000003,0.009065031229015426
48.9200223775,2.3449546797000003,0.006705819600834612
48.9249162681,2.3449546797000003,0.003954830554769098
48.9298101587,2.3449546797000003,0.001859504995134387
48.9347040493,2.3449546797000003,0.0006970441254699282
48.9395979399,2.3449546797000003,0.00020831313126777623
48.9444918305,2.3449546797000003,4.9632537151071156e-05
48.9493857211,2.3449546797000003,9.427786937755315e-06
48.9542796117,2.3449546797000003,1.4277313492434942e-06
48.9591735023,2.3449546797000003,1.723759551279422e-07
48.9640673929,2.3449546797000003,1.6592060750600036e-08
48.9689612835,2.3449546797000003,1.2732609692789098e-09
48.9738551741,2.3449546797000003,7.789829947773508e-11
48.9787490647,2.3449546797000003,3.79954840328638e-12
48.7389484253,2.3498485703,4.781447821292446e-58
48.7438423159,2.3498485703,8.860561411822099e-55
48.7487362065,2.3498485703,1.3090508371447393e-51
48.7536300971,2.3498485703,1.5418610555021768e-48
48.7585239877,2.3498485703,1.4478628305037195e-45
48.7634178783,2.3498485703,1.083934532790327e-42
48.7683117689,2.3498485703,6.469521190273926e-40
48.7732056595,2.3498485703,3.078468261101989e-37
48.7780995501,2.3498485703,1.167859706499567e-34
48.7829934407,2.3498485703,3.532158003141421e-32
48.7878873313,2.3498485703,8.516928943920541e-30
48.7927812219,2.3498485703,1.6372665119106977e-27
48.7976751125,2.3498485703,2.509280361152613e-25
48.8025690031,2.3498485703,3.066002112928708e-23
48.8074628937,2.3498485703,2.986683244902719e-21
48.8123567843,2.3498485703,2.31952648062346e-19
48.8172506749,2.3498485703,1.436160434333137e-17
48.8221445655,2.3498485703,7.089245797797078e-16
48.8270384561,2.3498485703,2.789912383365946e-14
48.8319323467,2.3498485703,8.753355125731932e-13
48.8368262373,2.3498485703,2.1895354724273337e-11
48.8417201279,2.3498485703,4.366393546182091e-10
48.8466140185,2.3498485703,6.942041744186885e-09
48.8515079091,2.3498485703,8.799237074702132e-08
48.8564017997,2.3498485703,8.891934819210023e-07
48.8612956903,2.3498485703,7.163759142526742e-06
48.8661895809,2.3498485703,4.6012850058179946e-05
48.8710834715,2.3498485703,0.00023561923786221824
48.8759773621,2.3498485703,0.0009619130413866915
48.8808712527,2.3498485703,0.0031307928431676046
48.8857651433,2.3498485703,0.008123932485198252
48.8906590339,2.3498485703,0.01680628531708596
48.8955529245,2.3498485703,0.02771855667433185
48.9004468151,2.3498485703,0.03644709731543657
48.9053407057,2.3498485703,0.03820750985718291
48.9102345963,2.3498485703,0.0319321363376768
48.9151284869,2.3498485703,0.021276523601938296
48.9200223775,2.3498485703,0.011302299661570878
48.9249162681,2.3498485703,0.004786592097826699
48.9298101587,2.3498485703,0.001616141844079667
48.9347040493,2.3498485703,0.0004350367881028041
48.9395979399,2.3498485703,9.336109706960878e-05
48.9444918305,2.3498485703,1.5973473386607455e-05
48.9493857211,2.3498485703,2.1788444781634193e-06
48.9542796117,2.3498485703,2.369444581513944e-07
48.9591735023,2.3498485703,2.0542832847432396e-08
48.9640673929,2.3498485703,1.4199320529207765e-09
48.9689612835,2.3498485703,7.824709932547205e-11
48.9738551741,2.3498485703,3.437655755305015e-12
48.9787490647,2.3498485703,1.2040651201822494e-13
48.7389484253,2.3547424609,4.616197084481909e-53
48.7438423159,2.3547424609,6.142847706610092e-50
48.7487362065,2.3547424609,6.517013311556645e-47
48.7536300971,2.3547424609,5.512148654194649e-44
48.7585239877,2.3547424609,3.716949735390453e-41
48.7634178783,2.3547424609,1.9982319953374055e-38
48.7683117689,2.3547424609,8.564432335729513e-36
48.7732056595,2.3547424609,2.9264742700795296e-33
48.7780995501,2.3547424609,7.972312084067187e-31
48.7829934407,2.3547424609,1.7314793881179715e-28
48.7878873313,2.3547424609,2.998084121554182e-26
48.7927812219,2.3547424609,4.138698181489953e-24
48.7976751125,2.3547424609,4.554882222348202e-22
48.8025690031,2.3547424609,3.99653849767129e-20
48.8074628937,2.3547424609,2.795659683150064e-18
48.8123567843,2.3547424609,1.5591146763151035e-16
48.8172506749,2.3547424609,6.932107189841212e-15
48.8221445655,2.3547424609,2.4572307015150593e-13
48.8270384561,2.3547424609,6.944165293618633e-12
48.8319323467,2.3547424609,1.5645434202631494e-10
48.8368262373,2.3547424609,2.810273865590578e-09
48.8417201279,2.3547424609,4.0244183668368336e-08
48.8466140185,2.3547424609,4.594635393407213e-07
48.8515079091,2.3547424609,4.182080985546833e-06
48.8564017997,2.3547424609,3.0347804461031873e-05
48.8612956903,2.3547424609,0.00017557212647459185
48.8661895809,2.3547424609,0.000809799146813696
48.8710834715,2.3547424609,0.002977779351562594
48.8759773621,2.3547424609,0.008729737140662875
48.8808712527,2.3547424609,0.020403434275020293
48.8857651433,2.3547424609,0.03801883750277767
48.8906590339,2.3547424609,0.05647911032248961
48.8955529245,2.3547424609,0.06689140439341017
48.9004468151,2.3547424609,0.06316059823878348
48.9053407057,2.3547424609,0.047546177703473975
48.9102345963,2.3547424609,0.028535036809871878
48.9151284869,2.3547424609,0.013653208379798045
48.9200223775,2.3547424609,0.005208161630637639
48.9249162681,2.3547424609,0.0015838995753824992
48.9298101587,2.3547424609,0.00038402923275855725
48.9347040493,2.3547424609,7.423255016966009e-05
48.9395979399,2.3547424609,1.143978677850733e-05
48.9444918305,2.3547424609,1.4055132136680647e-06
48.9493857211,2.3547424609,1.3767192642785605e-07
48.9542796117,2.3547424609,1.0751010837876198e-08
48.9591735023,2.3547424609,6.693398212921501e-10
48.9640673929,2.3547424609,3.3222895546271337e-11
48.9689612835,2.3547424609,1.3146851327245045e-12
48.9738551741,2.3547424609,4.147624929838204e-14
48.9787490647,2.3547424609,1.0432073885190207e-15
48.7389484253,2.3596363515,1.2184618841078325e-48
48.7438423159,2.3596363515,1.1643430121370286e-45
48.7487362065,2.3596363515,8.870403744966709e-43
48.7536300971,2.3596363515,5.387648920682455e-40
48.7585239877,2.3596363515,2.608847189036724e-37
48.7634178783,2.3596363515,1.0071437191808458e-34
48.7683117689,2.3596363515,3.0997574292868827e-32
48.7732056595,2.3596363515,7.606019316187231e-30
48.7780995501,2.3596363515,1.4879234624698803e-27
48.7829934407,2.3596363515,2.3205835731620613e-25
48.7878873313,2.3596363515,2.8854083805722664e-23
48.7927812219,2.3596363515,2.8602949388174864e-21
48.7976751125,2.3596363515,2.2605171173807076e-19
48.8025690031,2.3596363515,1.424289379685812e-17
48.8074628937,2.3596363515,7.154546744217473e-16
48.8123567843,2.3596363515,2.8652298606297526e-14
48.8172506749,2.3596363515,9.14808656044142e-13
48.8221445655,2.3596363515,2.328597975755902e-11
48.8270384561,2.3596363515,4.725548441453126e-10
48.8319323467,2.3596363515,7.645455712221843e-09
48.8368262373,2.3596363515,9.861613737449943e-08
48.8417201279,2.3596363515,1.0141123054660183e-06
48.8466140185,2.3596363515,8.31414454782916e-06
48.8515079091,2.3596363515,5.434286644226415e-05
48.8564017997,2.3596363515,0.00028317895054885396
48.8612956903,2.3596363515,0.001176448301083274
48.8661895809,2.3596363515,0.0038965313920222458
48.8710834715,2.3596363515,0.01028908998804384
48.8759773621,2.3596363515,0.021660536300884412
48.8808712527,2.3596363515,0.03635422565158953
48.8857651433,2.3596363515,0.048644533787543444
48.8906590339,2.3596363515,0.05189274517647287
48.8955529245,2.3596363515,0.0441339399688113
48.9004468151,2.3596363515,0.029924865532088823
48.9053407057,2.3596363515,0.016176522598500664
48.9102345963,2.3596363515,0.00697158591136013
48.9151284869,2.3596363515,0.00239536363440916
48.9200223775,2.3596363515,0.0006561524789297101
48.9249162681,2.3596363515,0.00014329516915462498
48.9298101587,2.3596363515,2.4948921618140076e-05
48.9347040493,2.3596363515,3.463103420541171e-06
48.9395979399,2.3596363515,3.832415585036623e-07
48.9444918305,2.3596363515,3.381218118405423e-08
48.9493857211,2.3596363515,2.378303258872049e-09
48.9542796117,2.3596363515,1.3336894876597164e-10
48.9591735023,2.3596363515,5.962600039772741e-12
48.9640673929,2.3596363515,2.1252502839027397e-13
48.9689612835,2.3596363515,6.03917953497045e-15
48.9738551741,2.3596363515,1.3681674440681155e-16
48.9787490647,2.3596363515,2.4711210318384763e-18
48.7389484253,2.3645302421,8.793104573858237e-45
48.7438423159,2.3645302421,6.033854285100521e-42
48.7487362065,2.3645302421,3.300964481683969e-39
48.7536300971,2.3645302421,1.4397276267107933e-36
48.7585239877,2.3645302421,5.006258593493564e-34
48.7634178783,2.3645302421,1.3878408711212213e-31
48.7683117689,2.3645302421,3.067323068290292e-29
48.7732056595,2.3645302421,5.404715302920892e-27
48.7780995501,2.3645302421,7.5924086805260275e-25
48.7829934407,2.3645302421,8.503148927216915e-23
48.7878873313,2.3645302421,7.592301525466155e-21
48.7927812219,2.3645302421,5.404562745720424e-19
48.7976751125,2.3645302421,3.067193198669685e-17
48.8025690031,2.3645302421,1.387762523942897e-15
48.8074628937,2.3645302421,5.0059053257191573e-14
48.8123567843,2.3645302421,1.4396057139431021e-12
48.8172506749,2.3645302421,3.30063837968981e-11
48.8221445655,2.3645302421,6.033173051162535e-10
48.8270384561,2.3645302421,8.791987728168534e-09
48.8319323467,2.3645302421,1.0214610656254335e-07
48.8368262373,2.3645302421,9.461282617680553e-07
48.8417201279,2.3645302421,6.986693104408132e-06
48.8466140185,2.3645302421,4.113265775830379e-05
48.8515079091,2.3645302421,0.00019306134644760497
48.8564017997,2.3645302421,0.0007224326125521119
48.8612956903,2.3645302421,0.0021552259562935476
48.8661895809,2.3645302421,0.005126036900852537
48.8710834715,2.3645302421,0.009719951573944365
48.8759773621,2.3645302421,0.01469399635596409
48.8808712527,2.3645302421,0.01770961859135635
48.8857651433,2.3645302421,0.01701656675296458
48.8906590339,2.3645302421,0.013035513059546994
48.8955529245,2.3645302421,0.007961185988465241
48.9004468151,2.3645302421,0.0038763310902333007
48.9053407057,2.3645302421,0.0015047259563854495
48.9102345963,2.3645302421,0.00046567981553901673
48.9151284869,2.3645302421,0.00011489757680743346
48.9200223775,2.3645302421,2.260100640371906e-05
48.9249162681,2.3645302421,3.5443625634443037e-06
48.9298101587,2.3645302421,4.431410238521172e-07
48.9347040493,2.3645302421,4.417120289460025e-08
48.9395979399,2.3645302421,3.5101845434599016e-09
48.9444918305,2.3645302421,2.223894221076808e-10
48.9493857211,2.3645302421,1.1232896482783878e-11
48.9542796117,2.3645302421,4.5233775741588895e-13
48.9591735023,2.3645302421,1.4522031621209284e-14
48.9640673929,2.3645302421,3.7169384469590426e-16
48.9689612835,2.3645302421,7.584672164866499e-18
48.9738551741,2.3645302421,1.2339049660332424e-19
48.9787490647,2.3645302421,1.6003687556585125e-21
48.7389484253,2.3694241327,1.7349030571985193e-41
48.7438423159,2.3694241327,8.548922480430172e-39
48.7487362065,2.3694241327,3.358466334828531e-36
48.7536300971,2.3694241327,1.0518748543130662e-33
48.7585239877,2.3694241327,2.6265193254868583e-31
48.7634178783,2.3694241327,5.228662160223861e-29
48.7683117689,2.3694241327,8.298393338647433e-27
48.7732056595,2.3694241327,1.0500038813972725e-24
48.7780995501,2.3694241327,1.0592079853669923e-22
48.7829934407,2.3694241327,8.518537539967815e-21
48.7878873313,2.3694241327,5.461881714304329e-19
48.7927812219,2.3694241327,2.7919844368705626e-17
48.7976751125,2.3694241327,1.1378293949133214e-15
48.8025690031,2.3694241327,3.696874937197604e-14
48.8074628937,2.3694241327,9.576037149569583e-13
48.8123567843,2.3694241327,1.9775630510342914e-11
48.8172506749,2.3694241327,3.2558793969545514e-10
48.8221445655,2.3694241327,4.273657693297973e-09
48.8270384561,2.3694241327,4.472234949548402e-08
48.8319323467,2.3694241327,3.73115200588178e-07
48.8368262373,2.3694241327,2.4817311232824214e-06
48.8417201279,2.3694241327,1.3160123520674714e-05
48.8466140185,2.3694241327,5.5636353457934376e-05
48.8515079091,2.3694241327,0.00018752138547730614
48.8564017997,2.3694241327,0.0005038907687792346
48.8612956903,2.3694241327,0.0010794821240257288
48.8661895809,2.3694241327,0.001843690259336031
48.8710834715,2.3694241327,0.00251046355549776
48.8759773621,2.3694241327,0.002725293839792807
48.8808712527,2.3694241327,0.0023586646684523953
48.8857651433,2.3694241327,0.0016274682405398174
48.8906590339,2.3694241327,0.0008952664227257825
48.8955529245,2.3694241327,0.0003926318480988227
48.9004468151,2.3694241327,0.0001372815599912335
48.9053407057,2.3694241327,3.826769823148036e-05
48.9102345963,2.3694241327,8.504444066065354e-06
48.9151284869,2.3694241327,1.5067908395070553e-06
48.9200223775,2.3694241327,2.1284010621170845e-07
48.9249162681,2.3694241327,2.3968862071821992e-08
48.9298101587,2.3694241327,2.1519630950740495e-09
48.9347040493,2.3694241327,1.5403367446986485e-10
48.9395979399,2.3694241327,8.790022478379612e-12
48.9444918305,2.3694241327,3.999058427106403e-13
48.9493857211,2.3694241327,1.4505041194211657e-14
48.9542796117,2.3694241327,4.1944366292614167e-16
48.9591735023,2.3694241327,9.669895075242256e-18
48.9640673929,2.3694241327,1.7773106353633828e-19
48.9689612835,2.3694241327,2.6043441373755553e-21
48.9738551741,2.3694241327,3.0424738655877484e-23
48.9787490647,2.3694241327,2.8336668862721767e-25
48.7389484253,2.3743180233,9.358599686013812e-39
48.7438423159,2.3743180233,3.3115447203923194e-36
48.7487362065,2.3743180233,9.34208536599802e-34
48.7536300971,2.3743180233,2.1011182365097007e-31
48.7585239877,2.3743180233,3.767476972682931e-29
48.7634178783,2.3743180233,5.38572500329571e-27
48.7683117689,2.3743180233,6.138060940600099e-25
48.7732056595,2.3743180233,5.577141599009976e-23
48.7780995501,2.3743180233,4.040039391931361e-21
48.7829934407,2.3743180233,2.3332054484414746e-19
48.7878873313,2.3743180233,1.0742709150441316e-17
48.7927812219,2.3743180233,3.9433752575103746e-16
48.7976751125,2.3743180233,1.1540266819703349e-14
48.8025690031,2.3743180233,2.692508275135863e-13
48.8074628937,2.3743180233,5.008315700074045e-12
48.8123567843,2.3743180233,7.427109051119171e-11
48.8172506749,2.3743180233,8.780947043006916e-10
48.8221445655,2.3743180233,8.276683895902664e-09
48.8270384561,2.3743180233,6.219634063004922e-08
48.8319323467,2.3743180233,3.7262050618970234e-07
48.8368262373,2.3743180233,1.7797627921637042e-06
48.8417201279,2.3743180233,6.7772100843661984e-06
48.8466140185,2.3743180233,2.0574686533656296e-05
48.8515079091,2.3743180233,4.9797662748874895e-05
48.8564017997,2.3743180233,9.60899894382648e-05
48.8612956903,2.3743180233,0.00014782258249490957
48.8661895809,2.3743180233,0.00018129961356282042
48.8710834715,2.3743180233,0.00017727456369055755
48.8759773621,2.3743180233,0.00013819407570415853
48.8808712527,2.3743180233,8.588669270850058e-05
48.8857651433,2.3743180233,4.255550875626084e-05
48.8906590339,2.3743180233,1.681044259771328e-05
48.8955529245,2.3743180233,5.294146594222753e-06
48.9004468151,2.3743180233,1.329248659288538e-06
48.9053407057,2.3743180233,2.660786036705152e-07
48.9102345963,2.3743180233,4.2462653341896504e-08
48.9151284869,2.3743180233,5.402537091199594e-09
48.9200223775,2.3743180233,5.480016168082661e-10
48.9249162681,2.3743180233,4.431587982534685e-11
48.9298101587,2.3743180233,2.8571323975269704e-12
48.9347040493,2.3743180233,1.4685705306147212e-13
48.9395979399,2.3743180233,6.0180072419419766e-15
48.9444918305,2.3743180233,1.966092998133319e-16
48.9493857211,2.3743180233,5.1209302511800324e-18
48.9542796117,2.3743180233,1.0633766466259044e-19
48.9591735023,2.3743180233,1.7604302784195166e-21
48.9640673929,2.3743180233,2.3235070493101752e-23
48.9689612835,2.3743180233,2.4449085137295797e-25
48.9738551741,2.3743180233,2.0510426195853467e-27
48.9787490647,2.3743180233,1.371766556082769e-29
48.7389484253,2.3792119139,1.3802228510940731e-36
48.7438423159,2.3792119139,3.5071355678235394e-34
48.7487362065,2.3792119139,7.104758950713858e-32
48.7536300971,2.3792119139,1.1474653907567655e-29
48.7585239877,2.3792119139,1.47748573552569e-27
48.7634178783,2.3792119139,1.5167026704825973e-25
48.7683117689,2.3792119139,1.2412837209912086e-23
48.7732056595,2.3792119139,8.099069425342993e-22
48.7780995501,2.3792119139,4.2130114291984665e-20
48.7829934407,2.3792119139,1.747203964315158e-18
48.7878873313,2.3792119139,5.776809273001373e-17
48.7927812219,2.3792119139,1.522740523443555e-15
48.7976751125,2.3792119139,3.2000534717400155e-14
48.8025690031,2.3792119139,5.361447019330239e-13
48.8074628937,2.3792119139,7.1614383199434935e-12
48.8123567843,2.3792119139,7.6262659517144e-11
48.8172506749,2.3792119139,6.474661835442148e-10
48.8221445655,2.3792119139,4.382437068855993e-09
48.8270384561,2.3792119139,2.3648725472641837e-08
48.8319323467,2.3792119139,1.0174035407995574e-07
48.8368262373,2.3792119139,3.4895723196132875e-07
48.8417201279,2.3792119139,9.5421143213917e-07
48.8466140185,2.3792119139,2.080225813007989e-06
48.8515079091,2.3792119139,3.615511942658201e-06
48.8564017997,2.3792119139,5.009825203784651e-06
48.8612956903,2.3792119139,5.534377763962038e-06
48.8661895809,2.3792119139,4.87425762575693e-06
48.8710834715,2.3792119139,3.4224854732207368e-06
48.8759773621,2.3792119139,1.915879544903465e-06
48.8808712527,2.3792119139,8.550435622249662e-07
48.8857651433,2.3792119139,3.0422978872648766e-07
48.8906590339,2.3792119139,8.629958033662595e-08
48.8955529245,2.3792119139,1.9516821286628096e-08
48.9004468151,2.3792119139,3.518867713420141e-09
48.9053407057,2.3792119139,5.058133053406615e-10
48.9102345963,2.3792119139,5.7965690215158584e-11
48.9151284869,2.3792119139,5.295966477000205e-12
48.9200223775,2.3792119139,3.857561839677652e-13
48.9249162681,2.3792119139,2.2401341147331597e-14
48.9298101587,2.3792119139,1.037119014216911e-15
48.9347040493,2.3792119139,3.828041406869415e-17
48.9395979399,2.3792119139,1.1264660585883572e-18
48.9444918305,2.3792119139,2.6427315405638715e-20
48.9493857211,2.3792119139,4.942895613843713e-22
48.9542796117,2.3792119139,7.370607478886829e-24
48.9591735023,2.3792119139,8.762309348482124e-26
48.9640673929,2.3792119139,8.304764725358716e-28
48.9689612835,2.3792119139,6.275228417075573e-30
48.9738551741,2.3792119139,3.7802906973592747e-32
48.9787490647,2.3792119139,1.8155754851564194e-34
48.7389484253,2.3841058045,5.565321272643413e-35
48.7438423159,2.3841058045,1.0154935458040942e-32
48.7487362065,2.3841058045,1.4772620745228502e-30
48.7536300971,2.3841058045,1.713291983806643e-28
48.7585239877,2.3841058045,1.584158642394679e-26
48.7634178783,2.3841058045,1.1677756429343315e-24
48.7683117689,2.3841058045,6.862993821142745e-23
48.7732056595,2.3841058045,3.215594348591246e-21
48.7780995501,2.3841058045,1.2011641427725147e-19
48.7829934407,2.3841058045,3.5771480512532025e-18
48.7878873313,2.3841058045,8.493074324845934e-17
48.7927812219,2.3841058045,1.6076310583552718e-15
48.7976751125,2.3841058045,2.4260586996947813e-14
48.8025690031,2.3841058045,2.9188358716084733e-13
48.8074628937,2.3841058045,2.7997000101860635e-12
48.8123567843,2.3841058045,2.1409512399822182e-11
48.8172506749,2.3841058045,1.305255426595429e-10
48.8221445655,2.3841058045,6.344212074099134e-10
48.8270384561,2.3841058045,2.4584044330943054e-09
48.8319323467,2.3841058045,7.594906334549716e-09
48.8368262373,2.3841058045,1.8706173910416715e-08
48.8417201279,2.3841058045,3.6731694757435764e-08
48.8466140185,2.3841058045,5.750298891691313e-08
48.8515079091,2.3841058045,7.176841011345329e-08
48.8564017997,2.3841058045,7.141175151884308e-08
48.8612956903,2.3841058045,5.6649945776021894e-08
48.8661895809,2.3841058045,3.582801648986137e-08
48.8710834715,2.3841058045,1.8065063227597e-08
48.8759773621,2.3841058045,7.261889898090761e-09
48.8808712527,2.3841058045,2.3273049203990638e-09
48.8857651433,2.3841058045,5.946348643447015e-10
48.8906590339,2.3841058045,1.211269840436635e-10
48.8955529245,2.3841058045,1.9670929968262837e-11
48.9004468151,2.3841058045,2.546843941293125e-12
48.9053407057,2.3841058045,2.6288949359807853e-13
48.9102345963,2.3841058045,2.1634037542003505e-14
48.9151284869,2.3841058045,1.419369215933933e-15
48.9200223775,2.3841058045,7.424148293820756e-17
48.9249162681,2.3841058045,3.0959315360324023e-18
48.9298101587,2.3841058045,1.0292704667215422e-19
48.9347040493,2.3841058045,2.728105296001967e-21
48.9395979399,2.3841058045,5.764825944885147e-23
48.9444918305,2.3841058045,9.711911664999345e-25
48.9493857211,2.3841058045,1.304417754742397e-26
48.9542796117,2.3841058045,1.3967611049062974e-28
48.9591735023,2.3841058045,1.1923973931975308e-30
48.9640673929,2.3841058045,8.115464017577499e-33
48.9689612835,2.3841058045,4.403511640269269e-35
48.9738551741,2.3841058045,1.904927250130279e-37
48.9787490647,2.3841058045,6.569784040338104e-40
48.7389484253,2.3889996951,6.135273833428613e-34
48.7438423159,2.3889996951,8.039045105396463e-32
48.7487362065,2.3889996951,8.3978561890706e-30
48.7536300971,2.3889996951,6.994003649092942e-28
48.7585239877,2.3889996951,4.643834455620327e-26
48.7634178783,2.3889996951,2.4582217563771154e-24
48.7683117689,2.3889996951,1.0374300897765394e-22
48.7732056595,2.3889996951,3.490519558880889e-21
48.7780995501,2.3889996951,9.362994433339622e-20
48.7829934407,2.3889996951,2.0023173386115346e-18
48.7878873313,2.3889996951,3.413850547354187e-17
48.7927812219,2.3889996951,4.640337348697005e-16
48.7976751125,2.3889996951,5.028611198329974e-15
48.8025690031,2.3889996951,4.344502139076825e-14
48.8074628937,2.3889996951,2.9924398267142756e-13
48.8123567843,2.3889996951,1.643252457944417e-12
48.8172506749,2.3889996951,7.19410228902193e-12
48.8221445655,2.3889996951,2.5109749496778137e-11
48.8270384561,2.3889996951,6.987174750882925e-11
48.8319323467,2.3889996951,1.550080610759941e-10
48.8368262373,2.3889996951,2.7415767993269016e-10
48.8417201279,2.3889996951,3.865805522022382e-10
48.8466140185,2.3889996951,4.3458330815503643e-10
48.8515079091,2.3889996951,3.894928903156138e-10
48.8564017997,2.3889996951,2.7830402104447117e-10
48.8612956903,2.3889996951,1.585378197770871e-10
48.8661895809,2.3889996951,7.200120010586931e-11
48.8710834715,2.3889996951,2.606994066001355e-11
48.8759773621,2.3889996951,7.525473029183138e-12
48.8808712527,2.3889996951,1.7318928455679372e-12
48.8857651433,2.3889996951,3.177617995280157e-13
48.8906590339,2.3889996951,4.6481036928833656e-14
48.8955529245,2.3889996951,5.4205503561791775e-15
48.9004468151,2.3889996951,5.039696836502361e-16
48.9053407057,2.3889996951,3.735587338063127e-17
48.9102345963,2.3889996951,2.2075311001680962e-18
48.9151284869,2.3889996951,1.040035636129603e-19
48.9200223775,2.3889996951,3.9064571383189524e-21
48.9249162681,2.3889996951,1.1697993087487415e-22
48.9298101587,2.3889996951,2.792756754011895e-24
48.9347040493,2.3889996951,5.315551311126278e-26
48.9395979399,2.3889996951,8.065976870542045e-28
48.9444918305,2.3889996951,9.7579611223115e-30
48.9493857211,2.3889996951,9.411409018108881e-32
48.9542796117,2.3889996951,7.236751611386973e-34
48.9591735023,2.3889996951,4.43635343707986e-36
48.9640673929,2.3889996951,2.1682135984266314e-38
48.9689612835,2.3889996951,8.448341155189743e-41
48.9738551741,2.3889996951,2.624425661234331e-43
48.9787490647,2.3889996951,6.499658843132471e-46
48.7389484253,2.3938935857,1.8491849341007692e-33
48.7438423159,2.3938935857,1.7399407017992027e-31
48.7487362065,2.3938935857,1.305214837631981e-29
48.7536300971,2.3938935857,7.8059004875520415e-28
48.7585239877,2.3938935857,3.7218380560979557e-26
48.7634178783,2.3938935857,1.4147685197213777e-24
48.7683117689,2.3938935857,4.2875259014604385e-23
48.7732056595,2.3938935857,1.0359089356480593e-21
48.7780995501,2.3938935857,1.9953994833538965e-20
48.7829934407,2.3938935857,3.064302144959114e-19
48.7878873313,2.3938935857,3.751688469546525e-18
48.7927812219,2.3938935857,3.661975255952035e-17
48.7976751125,2.3938935857,2.8496891965367864e-16
48.8025690031,2.3938935857,1.7679624634028596e-15
48.8074628937,2.3938935857,8.744642065543436e-15
48.8123567843,2.3938935857,3.4482956075937915e-14
48.8172506749,2.3938935857,1.0840776573758444e-13
48.8221445655,2.3938935857,2.717125837300978e-13
48.8270384561,2.3938935857,5.429409071476119e-13
48.8319323467,2.3938935857,8.649456718126063e-13
48.8368262373,2.3938935857,1.098546763657385e-12
48.8417201279,2.3938935857,1.1123506725758993e-12
48.8466140185,2.3938935857,8.9796280538439e-13
48.8515079091,2.3938935857,5.779209364322543e-13
48.8564017997,2.3938935857,2.9653226954097767e-13
48.8612956903,2.3938935857,1.213022757146286e-13
48.8661895809,2.3938935857,3.956028296017461e-14
48.8710834715,2.3938935857,1.0285923347178857e-14
48.8759773621,2.3938935857,2.132164122995131e-15
48.8808712527,2.3938935857,3.523639200095378e-16
48.8857651433,2.3938935857,4.6425403584583694e-17
48.8906590339,2.3938935857,4.876558028120596e-18
48.8955529245,2.3938935857,4.0838008820802163e-19
48.9004468151,2.3938935857,2.726523055100331e-20
48.9053407057,2.3938935857,1.4512667448929459e-21
48.9102345963,2.3938935857,6.158554182265155e-23
48.9151284869,2.3938935857,2.083549118508804e-24
48.9200223775,2.3938935857,5.619816994087909e-26
48.9249162681,2.3938935857,1.208464944950703e-27
48.9298101587,2.3938935857,2.071759763549705e-29
48.9347040493,2.3938935857,2.831640955079219e-31
48.9395979399,2.3938935857,3.0855346618962e-33
48.9444918305,2.3938935857,2.6805019501298355e-35
48.9493857211,2.3938935857,1.856501391682144e-37
48.9542796117,2.3938935857,1.025103896499296e-39
48.9591735023,2.3938935857,4.5126738159433154e-42
48.9640673929,2.3938935857,1.5837748983323385e-44
48.9689612835,2.3938935857,4.431455794146882e-47
48.9738551741,2.3938935857,9.885367990362544e-50
48.9787490647,2.3938935857,1.7580560376570094e-52
48.7389484253,2.3987874763,1.523805110958986e-33
48.7438423159,2.3987874763,1.0295966334473538e-31
48.7487362065,2.3987874763,5.546234849703315e-30
48.7536300971,2.3987874763,2.3818963039811496e-28
48.7585239877,2.3987874763,8.155317982934874e-27
48.7634178783,2.3987874763,2.226139632263957e-25
48.7683117689,2.3987874763,4.844593670055737e-24
48.7732056595,2.3987874763,8.405349315185043e-23
48.7780995501,2.3987874763,1.1626463429592712e-21
48.7829934407,2.3987874763,1.2821326107988959e-20
48.7878873313,2.3987874763,1.1272278670024646e-19
48.7927812219,2.3987874763,7.901034179391739e-19
48.7976751125,2.3987874763,4.415192241588488e-18
48.8025690031,2.3987874763,1.9670198784857427e-17
48.8074628937,2.3987874763,6.986526865861762e-17
48.8123567843,2.3987874763,1.9783693339590251e-16
48.8172506749,2.3987874763,4.46628942930862e-16
48.8221445655,2.3987874763,8.038588705822686e-16
48.8270384561,2.3987874763,1.1534697444504918e-15
48.8319323467,2.3987874763,1.3195506346797917e-15
48.8368262373,2.3987874763,1.2034813539801675e-15
48.8417201279,2.3987874763,8.750767105404603e-16
48.8466140185,2.3987874763,5.072783631338697e-16
48.8515079091,2.3987874763,2.3444447670434745e-16
48.8564017997,2.3987874763,8.638276994635507e-17
48.8612956903,2.3987874763,2.5375096351173923e-17
48.8661895809,2.3987874763,5.942671549391171e-18
48.8710834715,2.3987874763,1.1095559550926893e-18
48.8759773621,2.3987874763,1.6516200385574816e-19
48.8808712527,2.3987874763,1.9600381824263424e-20
48.8857651433,2.3987874763,1.85443823730562e-21
48.8906590339,2.3987874763,1.3987937045759263e-22
48.8955529245,2.3987874763,8.411789924535324e-24
48.9004468151,2.3987874763,4.0328922683862533e-25
48.9053407057,2.3987874763,1.5414813581623792e-26
48.9102345963,2.3987874763,4.69735504103314e-28
48.9151284869,2.3987874763,1.1412004918727952e-29
48.9200223775,2.3987874763,2.210364857595879e-31
48.9249162681,2.3987874763,3.413181929811872e-33
48.9298101587,2.3987874763,4.2019256329668096e-35
48.9347040493,2.3987874763,4.124114739777095e-37
48.9395979399,2.3987874763,3.2270565126320164e-39
48.9444918305,2.3987874763,2.0131487037919522e-41
48.9493857211,2.3987874763,1.0012409284499898e-43
48.9542796117,2.3987874763,3.970039120826487e-46
48.9591735023,2.3987874763,1.2550020406233442e-48
48.9640673929,2.3987874763,3.162915075321413e-51
48.9689612835,2.3987874763,6.355124807377315e-54
48.9738551741,2.3987874763,1.018014796618813e-56
48.9787490647,2.3987874763,1.3001023712691537e-59
48.7389484253,2.4036813669,3.433058386199496e-34
48.7438423159,2.4036813669,1.665721780111731e-32
48.7487362065,2.4036813669,6.443431157324187e-31
48.7536300971,2.4036813669,1.9871258582027715e-29
48.7585239877,2.4036813669,4.885702409914085e-28
48.7634178783,2.4036813669,9.576837085363777e-27
48.7683117689,2.4036813669,1.4966168906473471e-25
48.7732056595,2.4036813669,1.8646298770054375e-24
48.7780995501,2.4036813669,1.8521155950545292e-23
48.7829934407,2.4036813669,1.4666854784111935e-22
48.7878873313,2.4036813669,9.259751868842876e-22
48.7927812219,2.4036813669,4.660743041398677e-21
48.7976751125,2.4036813669,1.870270501529234e-20
48.8025690031,2.4036813669,5.983387666947372e-20
48.8074628937,2.4036813669,1.5261011279941667e-19
48.8123567843,2.4036813669,3.1032226635851684e-19
48.8172506749,2.4036813669,5.030788007348837e-19
48.8221445655,2.4036813669,6.50208360039448e-19
48.8270384561,2.4036813669,6.699810743177522e-19
48.8319323467,2.4036813669,5.503842205433964e-19
48.8368262373,2.4036813669,3.604648046679726e-19
48.8417201279,2.4036813669,1.8821455865565283e-19
48.8466140185,2.4036813669,7.834964152329275e-20
48.8515079091,2.4036813669,2.600244984998952e-20
48.8564017997,2.4036813669,6.879945131662548e-21
48.8612956903,2.4036813669,1.4512730667694006e-21
48.8661895809,2.4036813669,2.4406570014162357e-22
48.8710834715,2.4036813669,3.272335456019659e-23
48.8759773621,2.4036813669,3.497859327534493e-24
48.8808712527,2.4036813669,2.980851320681292e-25
48.8857651433,2.4036813669,2.0252178359770385e-26
48.8906590339,2.4036813669,1.0969747366664514e-27
48.8955529245,2.4036813669,4.737126277024816e-29
48.9004468151,2.4036813669,1.630897816720085e-30
48.9053407057,2.4036813669,4.476432028702688e-32
48.9102345963,2.4036813669,9.795592073547293e-34
48.9151284869,2.4036813669,1.708924363478629e-35
48.9200223775,2.4036813669,2.376886506865287e-37
48.9249162681,2.4036813669,2.6356485730791965e-39
48.9298101587,2.4036813669,2.3300219573997854e-41
48.9347040493,2.4036813669,1.6421997372311587e-43
48.9395979399,2.4036813669,9.227528527003078e-46
48.9444918305,2.4036813669,4.133693464881878e-48
48.9493857211,2.4036813669,1.4763339046225396e-50
48.9542796117,2.4036813669,4.203628932934e-53
48.9591735023,2.4036813669,9.542399728669963e-56
48.9640673929,2.4036813669,1.7269680033652672e-58
48.9689612835,2.4036813669,2.491749793174726e-61
48.9738551741,2.4036813669,2.8662761116250207e-64
48.9787490647,2.4036813669,2.6286034345652623e-67
48.7389484253,2.4085752575,2.114636077777636e-35
48.7438423159,2.4085752575,7.367845309722436e-34
48.7487362065,2.4085752575,2.0466275428663957e-32
48.7536300971,2.4085752575,4.532424550582042e-31
48.7585239877,2.4085752575,8.002318003266061e-30
48.7634178783,2.4085752575,1.1264047723258083e-28
48.7683117689,2.4085752575,1.2640568645249017e-27
48.7732056595,2.4085752575,1.1309208076221736e-26
48.7780995501,2.4085752575,8.066613176744428e-26
48.7829934407,2.4085752575,4.587158238820113e-25
48.7878873313,2.4085752575,2.0796472005160217e-24
48.7927812219,2.4085752575,7.51673194927753e-24
48.7976751125,2.4085752575,2.166017267388864e-23
48.8025690031,2.4085752575,4.9760899149620036e-23
48.8074628937,2.4085752575,9.113978033145787e-23
48.8123567843,2.4085752575,1.3308257315683835e-22
48.8172506749,2.4085752575,1.5492726524831468e-22
48.8221445655,2.4085752575,1.4378976498921948e-22
48.8270384561,2.4085752575,1.063950802640769e-22
48.8319323467,2.4085752575,6.27637050396315e-23
48.8368262373,2.4085752575,2.9518144373863903e-23
48.8417201279,2.4085752575,1.1067842898151269e-23
48.8466140185,2.4085752575,3.308494164050018e-24
48.8515079091,2.4085752575,7.884809652492008e-25
48.8564017997,2.4085752575,1.498116225141138e-25
48.8612956903,2.4085752575,2.269307013361046e-26
48.8661895809,2.4085752575,2.7405293442032507e-27
48.8710834715,2.4085752575,2.638572984541087e-28
48.8759773621,2.4085752575,2.0253366422392233e-29
48.8808712527,2.4085752575,1.2394208052592793e-30
48.8857651433,2.4085752575,6.046914078633171e-32
48.8906590339,2.4085752575,2.352026805194272e-33
48.8955529245,2.4085752575,7.293637752433328e-35
48.9004468151,2.4085752575,1.803182011173511e-36
48.9053407057,2.4085752575,3.554089794523683e-38
48.9102345963,2.4085752575,5.58483928163641e-40
48.9151284869,2.4085752575,6.996589867988779e-42
48.9200223775,2.4085752575,6.988043625201321e-44
48.9249162681,2.4085752575,5.564398845835498e-46
48.9298101587,2.4085752575,3.532436387400161e-48
48.9347040493,2.4085752575,1.7878204524166423e-50
48.9395979399,2.4085752575,7.213846655623101e-53
48.9444918305,2.4085752575,2.32061644185754e-55
48.9493857211,2.4085752575,5.9515937246855454e-58
48.9542796117,2.4085752575,1.2169049088393088e-60
48.9591735023,2.4085752575,1.9836884397016823e-63
48.9640673929,2.4085752575,2.578004881620819e-66
48.9689612835,2.4085752575,2.67108348376205e-69
48.9738551741,2.4085752575,2.2064019979714759e-72
48.9787490647,2.4085752575,1.4530323245693376e-75
48.7389484253,2.4134691481,3.5611705195877623e-37
48.7438423159,2.4134691481,8.910072094678381e-36
48.7487362065,2.4134691481,1.7773097373317738e-34
48.7536300971,2.4134691481,2.82643157443139e-33
48.7585239877,2.4134691481,3.5834989813547e-32
48.7634178783,2.4134691481,3.6221759966352863e-31
48.7683117689,2.4134691481,2.9189406506014984e-30
48.7732056595,2.4134691481,1.8753158958286272e-29
48.7780995501,2.4134691481,9.605435465933793e-29
48.7829934407,2.4134691481,3.9224113398180425e-28
48.7878873313,2.4134691481,1.2769757988988158e-27
48.7927812219,2.4134691481,3.31440557706045e-27
48.7976751125,2.4134691481,6.858388603790713e-27
48.8025690031,2.4134691481,1.1314411783560681e-26
48.8074628937,2.4134691481,1.4881109961500612e-26
48.8123567843,2.4134691481,1.560386285634612e-26
48.8172506749,2.4134691481,1.304434801375297e-26
48.8221445655,2.4134691481,8.693728691619106e-27
48.8270384561,2.4134691481,4.6193752421816915e-27
48.8319323467,2.4134691481,1.9568334136216e-27
48.8368262373,2.4134691481,6.608728676984698e-28
48.8417201279,2.4134691481,1.779407605273402e-28
48.8466140185,2.4134691481,3.81967503586545e-29
48.8515079091,2.4134691481,6.536884984844431e-30
48.8564017997,2.4134691481,8.918847224307904e-31
48.8612956903,2.4134691481,9.701526165418841e-32
48.8661895809,2.4134691481,8.413270405293383e-33
48.8710834715,2.4134691481,5.816786038985408e-34
48.8759773621,2.4134691481,3.2062308211472765e-35
48.8808712527,2.4134691481,1.4089641195028152e-36
48.8857651433,2.4134691481,4.936265791401321e-38
48.8906590339,2.4134691481,1.3787660854037594e-39
48.8955529245,2.4134691481,3.070266697032954e-41
48.9004468151,2.4134691481,5.4507349601095976e-43
48.9053407057,2.4134691481,7.714849920242987e-45
48.9102345963,2.4134691481,8.705492634930142e-47
48.9151284869,2.4134691481,7.831639289133073e-49
48.9200223775,2.4134691481,5.617013324016611e-51
48.9249162681,2.4134691481,3.21182360251952e-53
48.9298101587,2.4134691481,1.4641695477503313e-55
48.9347040493,2.4134691481,5.321382883822573e-58
48.9395979399,2.4134691481,1.541881864476054e-60
48.9444918305,2.4134691481,3.561813255643797e-63
48.9493857211,2.4134691481,6.559710075473116e-66
48.9542796117,2.4134691481,9.63144829756515e-69
48.9591735023,2.4134691481,1.127436274725165e-71
48.9640673929,2.4134691481,1.0521698763655174e-74
48.9689612835,2.4134691481,7.828403045633993e-78
48.9738551741,2.4134691481,4.643590823146168e-81
48.9787490647,2.4134691481,2.195978910022046e-84
48.7389484253,2.4183630387,1.6396554080596072e-39
48.7438423159,2.4183630387,2.945944910670778e-38
48.7487362065,2.4183630387,4.219782923391371e-37
48.7536300971,2.4183630387,4.8189126366344126e-36
48.7585239877,2.4183630387,4.387341590893594e-35
48.7634178783,2.4183630387,3.1845443310585375e-34
48.7683117689,2.4183630387,1.8428356379356363e-33
48.7732056595,2.4183630387,8.50196591061737e-33
48.7780995501,2.4183630387,3.127127363764528e-32
48.7829934407,2.4183630387,9.169913394354557e-32
48.7878873313,2.4183630387,2.1437708026275937e-31
48.7927812219,2.4183630387,3.995626851263578e-31
48.7976751125,2.4183630387,5.93724469178625e-31
48.8025690031,2.4183630387,7.03361230765844e-31
48.8074628937,2.4183630387,6.643016916918921e-31
48.8123567843,2.4183630387,5.002023687561003e-31
48.8172506749,2.4183630387,3.0027528183286695e-31
48.8221445655,2.4183630387,1.437099625030554e-31
48.8270384561,2.4183630387,5.483370893965777e-32
48.8319323467,2.4183630387,1.6680221845902276e-32
48.8368262373,2.4183630387,4.045288277586126e-33
48.8417201279,2.4183630387,7.821509607943928e-34
48.8466140185,2.4183630387,1.2056608084769591e-34
48.8515079091,2.4183630387,1.481675699320728e-35
48.8564017997,2.4183630387,1.451692476432205e-36
48.8612956903,2.4183630387,1.1339386217182621e-37
48.8661895809,2.4183630387,7.061515595337473e-39
48.8710834715,2.4183630387,3.5059018311019325e-40
48.8759773621,2.4183630387,1.3876982271523065e-41
48.8808712527,2.4183630387,4.3790889742734e-43
48.8857651433,2.4183630387,1.101706619011212e-44
48.8906590339,2.4183630387,2.2097421595687614e-46
48.8955529245,2.4183630387,3.533545583710934e-48
48.9004468151,2.4183630387,4.50477649580429e-50
48.9053407057,2.4183630387,4.578563608582482e-52
48.9102345963,2.4183630387,3.710041002831869e-54
48.9151284869,2.4183630387,2.3967438425118937e-56
48.9200223775,2.4183630387,1.2344058885005155e-58
48.9249162681,2.4183630387,5.068597474425299e-61
48.9298101587,2.4183630387,1.659247127626505e-63
48.9347040493,2.4183630387,4.3303978626582693e-66
48.9395979399,2.4183630387,9.010273597325425e-69
48.9444918305,2.4183630387,1.4946572427393713e-71
48.9493857211,2.4183630387,1.976690599616835e-74
48.9542796117,2.4183630387,2.084151265971842e-77
48.9591735023,2.4183630387,1.7519158009873778e-80
48.9640673929,2.4183630387,1.1740610392454824e-83
48.9689612835,2.4183630387,6.272801962425729e-87
48.9738551741,2.4183630387,2.67193525683653e-90
48.9787490647,2.4183630387,9.073685831349083e-94
48.7389484253,2.4232569293,2.064025632157011e-42
48.7438423159,2.4232569293,2.662997192786674e-41
48.7487362065,2.4232569293,2.739175033222832e-40
48.7536300971,2.4232569293,2.246271847091061e-39
48.7585239877,2.4232569293,1.4685823255391442e-38
48.7634178783,2.4232569293,7.654692229823366e-38
48.7683117689,2.4232569293,3.1809044528385832e-37
48.7732056595,2.4232569293,1.0538212892548083e-36
48.7780995501,2.4232569293,2.7834073219825766e-36
48.7829934407,2.4232569293,5.861111945570467e-36
48.7878873313,2.4232569293,9.839583622322115e-36
48.7927812219,2.4232569293,1.3169426995654125e-35
48.7976751125,2.4232569293,1.4052399594156013e-35
48.8025690031,2.4232569293,1.1954393746074099e-35
48.8074628937,2.4232569293,8.107707552593657e-36
48.8123567843,2.4232569293,4.383914219626634e-36
48.8172506749,2.4232569293,1.889815791958403e-36
48.8221445655,2.4232569293,6.4948683657393324e-37
48.8270384561,2.4232569293,1.7795684057545679e-37
48.8319323467,2.4232569293,3.887339520357456e-38
48.8368262373,2.4232569293,6.769922764542052e-39
48.8417201279,2.4232569293,9.399579123710467e-40
48.8466140185,2.4232569293,1.040462795873228e-40
48.8515079091,2.4232569293,9.182018359731846e-42
48.8564017997,2.4232569293,6.460159065904135e-43
48.8612956903,2.4232569293,3.6236122564453103e-44
48.8661895809,2.4232569293,1.6204427119258704e-45
48.8710834715,2.4232569293,5.777222545359275e-47
48.8759773621,2.4232569293,1.642093819486759e-48
48.8808712527,2.4232569293,3.721090985273849e-50
48.8857651433,2.4232569293,6.722581336590714e-52
48.8906590339,2.4232569293,9.682673670233886e-54
48.8955529245,2.4232569293,1.1118545528137552e-55
48.9004468151,2.4232569293,1.0178742218282028e-57
48.9053407057,2.4232569293,7.42905727140056e-60
48.9102345963,2.4232569293,4.322816003263156e-62
48.9151284869,2.4232569293,2.0053641572921084e-64
48.9200223775,2.4232569293,7.416742476092794e-67
48.9249162681,2.4232569293,2.1868883179727272e-69
48.9298101587,2.4232569293,5.140832611087394e-72
48.9347040493,2.4232569293,9.634601919859868e-75
48.9395979399,2.4232569293,1.4395526090925812e-77
48.9444918305,2.4232569293,1.7148050754759318e-80
48.9493857211,2.4232569293,1.6285287617641683e-83
48.9542796117,2.4232569293,1.2330184058682054e-86
48.9591735023,2.4232569293,7.442813549815042e-90
48.9640673929,2.4232569293,3.581773947353854e-93
48.9689612835,2.4232569293,1.374208594678413e-96
48.9738551741,2.4232569293,4.2033988511274195e-100
48.9787490647,2.4232569293,1.0250427908078714e-103
48.7389484253,2.4281508199,7.103628991029423e-46
48.7438423159,2.4281508199,6.581418084166107e-45
48.7487362065,2.4281508199,4.861296865505714e-44
48.7536300971,2.4281508199,2.8627159608614043e-43
48.7585239877,2.4281508199,1.3439955456623793e-42
48.7634178783,2.4281508199,5.0304965201312634e-42
48.7683117689,2.4281508199,1.5011266321919597e-41
48.7732056595,2.4281508199,3.571225391413891e-41
48.7780995501,2.4281508199,6.773461163566524e-41
48.7829934407,2.4281508199,1.0242299779681117e-40
48.7878873313,2.4281508199,1.2347464165241653e-40
48.7927812219,2.4281508199,1.186728902090528e-40
48.7976751125,2.4281508199,9.093241349404788e-41
48.8025690031,2.4281508199,5.554939973682879e-41
48.8074628937,2.4281508199,2.70541239943461e-41
48.8123567843,2.4281508199,1.0504636663623139e-41
48.8172506749,2.4281508199,3.25178668562046e-42
48.8221445655,2.4281508199,8.025212022145281e-43
48.8270384561,2.4281508199,1.5790083812536231e-43
48.8319323467,2.4281508199,2.4768848053514833e-44
48.8368262373,2.4281508199,3.097566481928548e-45
48.8417201279,2.4281508199,3.0883670987638264e-46
48.8466140185,2.4281508199,2.4548821701711545e-47
48.8515079091,2.4281508199,1.5556999569197995e-48
48.8564017997,2.4281508199,7.859854043646553e-50
48.8612956903,2.4281508199,3.1658955073218246e-51
48.8661895809,2.4281508199,1.0166515459121265e-52
48.8710834715,2.4281508199,2.6028019759793312e-54
48.8759773621,2.4281508199,5.312556767469211e-56
48.8808712527,2.4281508199,8.644890433019609e-58
48.8857651433,2.4281508199,1.1215247354201628e-59
48.8906590339,2.4281508199,1.1599831300055531e-61
48.8955529245,2.4281508199,9.565065393401245e-64
48.9004468151,2.4281508199,6.288074339368667e-66
48.9053407057,2.4281508199,3.2956481920906503e-68
48.9102345963,2.4281508199,1.3770746257335858e-70
48.9151284869,2.4281508199,4.587410038633029e-73
48.9200223775,2.4281508199,1.218347282225421e-75
48.9249162681,2.4281508199,2.579693388809492e-78
48.9298101587,2.4281508199,4.354702955139343e-81
48.9347040493,2.4281508199,5.86060478115049e-84
48.9395979399,2.4281508199,6.288105037776333e-87
48.9444918305,2.4281508199,5.378864373185125e-90
48.9493857211,2.4281508199,3.6682156003831732e-93
48.9542796117,2.4281508199,1.9944013838762226e-96
48.9591735023,2.4281508199,8.644974842014862e-100
48.9640673929,2.4281508199,2.987503028736022e-103
48.9689612835,2.4281508199,8.230882999608447e-107
48.9738551741,2.4281508199,1.8079147832002772e-110
48.9787490647,2.4281508199,3.165941875244113e-114
48.7389484253,2.4330447105,6.684180050782256e-50
48.7438423159,2.4330447105,4.447038977682952e-49
48.7487362065,2.4330447105,2.3587786363036794e-48
48.7536300971,2.4330447105,9.974632159940873e-48
48.7585239877,2.4330447105,3.362792311348032e-47
48.7634178783,2.4330447105,9.038506115557802e-47
48.7683117689,2.4330447105,1.9368086686205112e-46
48.7732056595,2.4330447105,3.3087978723636337e-46
48.7780995501,2.4330447105,4.506581286800488e-46
48.7829934407,2.4330447105,4.893477927810762e-46
48.7878873313,2.4330447105,4.236249319757002e-46
48.7927812219,2.4330447105,2.9237406370426634e-46
48.7976751125,2.4330447105,1.6087539622634532e-46
48.8025690031,2.4330447105,7.057223451829926e-47
48.8074628937,2.4330447105,2.4681500639176467e-47
48.8123567843,2.4330447105,6.881810468989246e-48
48.8172506749,2.4330447105,1.52977411294441e-48
48.8221445655,2.4330447105,2.7110989006282587e-49
48.8270384561,2.4330447105,3.8305123589779215e-50
48.8319323467,2.4330447105,4.3148115094456093e-51
48.8368262373,2.4330447105,3.8748977123255585e-52
48.8417201279,2.4330447105,2.7742916226524594e-53
48.8466140185,2.4330447105,1.5835706059110087e-54
48.8515079091,2.4330447105,7.206364195973855e-56
48.8564017997,2.4330447105,2.614498730446817e-57
48.8612956903,2.4330447105,7.562303749943011e-59
48.8661895809,2.4330447105,1.7438665730757166e-60
48.8710834715,2.4330447105,3.2060171584804158e-62
48.8759773621,2.4330447105,4.699069682320281e-64
48.8808712527,2.4330447105,5.490999215337593e-66
48.8857651433,2.4330447105,5.115455743111417e-68
48.8906590339,2.4330447105,3.799362529658709e-70
48.8955529245,2.4330447105,2.2497309988906263e-72
48.9004468151,2.4330447105,1.062047407764734e-74
48.9053407057,2.4330447105,3.99715203766156e-77
48.9102345963,2.4330447105,1.199363659219683e-79
48.9151284869,2.4330447105,2.8690925455221893e-82
48.9200223775,2.4330447105,5.471818484617256e-85
48.9249162681,2.4330447105,8.319788017336046e-88
48.9298101587,2.4330447105,1.0085241289505719e-90
48.9347040493,2.4330447105,9.746614274105879e-94
48.9395979399,2.4330447105,7.509563923639812e-97
48.9444918305,2.4330447105,4.612847652692002e-100
48.9493857211,2.4330447105,2.259003782626184e-103
48.9542796117,2.4330447105,8.819790277476763e-107
48.9591735023,2.4330447105,2.745320241141393e-110
48.9640673929,2.4330447105,6.812730659236194e-114
48.9689612835,2.4330447105,1.347854088798227e-117
48.9738551741,2.4330447105,2.12597422532815e-121
48.9787490647,2.4330447105,2.673416124222823e-125
48.7389484253,2.4379386011,1.7195653805677123e-54
48.7438423159,2.4379386011,8.215331187668018e-54
48.7487362065,2.4379386011,3.129139411482242e-53
48.7536300971,2.4379386011,9.502069501716072e-53
48.7585239877,2.4379386011,2.3004084087037937e-52
48.7634178783,2.4379386011,4.440022221801087e-52
48.7683117689,2.4379386011,6.832172053748283e-52
48.7732056595,2.4379386011,8.381580086437463e-52
48.7780995501,2.4379386011,8.197594977824802e-52
48.7829934407,2.4379386011,6.3920544936024024e-52
48.7878873313,2.4379386011,3.973634649596563e-52
48.7927812219,2.4379386011,1.969376960274927e-52
48.7976751125,2.4379386011,7.781498269324645e-53
48.8025690031,2.4379386011,2.451269441549534e-53
48.8074628937,2.4379386011,6.15619447410586e-54
48.8123567843,2.4379386011,1.232613908460006e-54
48.8172506749,2.4379386011,1.96759291745369e-55
48.8221445655,2.4379386011,2.5040147969370355e-56
48.8270384561,2.4379386011,2.5405747930456625e-57
48.8319323467,2.4379386011,2.0550411959371113e-58
48.8368262373,2.4379386011,1.3252644045495805e-59
48.8417201279,2.4379386011,6.813621239079727e-61
48.8466140185,2.4379386011,2.7928454035663296e-62
48.8515079091,2.4379386011,9.126605071422027e-64
48.8564017997,2.4379386011,2.377743884999251e-65
48.8612956903,2.4379386011,4.9387192930083465e-67
48.8661895809,2.4379386011,8.178187531234333e-69
48.8710834715,2.4379386011,1.0796754867493224e-70
48.8759773621,2.4379386011,1.1363781401883654e-72
48.8808712527,2.4379386011,9.535554533251323e-75
48.8857651433,2.4379386011,6.379145252360945e-77
48.8906590339,2.4379386011,3.402299031871611e-79
48.8955529245,2.4379386011,1.4466914862247224e-81
48.9004468151,2.4379386011,4.904252513176317e-84
48.9053407057,2.4379386011,1.3254494661227212e-86
48.9102345963,2.4379386011,2.8559261915870682e-89
48.9151284869,2.4379386011,4.905962652787605e-92
48.9200223775,2.4379386011,6.718850066376869e-95
48.9249162681,2.4379386011,7.335996497803061e-98
48.9298101587,2.4379386011,6.38582090814088e-101
48.9347040493,2.4379386011,4.431674016586304e-104
48.9395979399,2.4379386011,2.4519540859882498e-107
48.9444918305,2.4379386011,1.0815592437872442e-110
48.9493857211,2.4379386011,3.8034853424617056e-114
48.9542796117,2.4379386011,1.0663668457360161e-117
48.9591735023,2.4379386011,2.3835538862019187e-121
48.9640673929,2.4379386011,4.247533070855963e-125
48.9689612835,2.4379386011,6.034510075640562e-129
48.9738551741,2.4379386011,6.8350346125039085e-133
48.9787490647,2.4379386011,6.172098853186658e-137
48.7389484253,2.4428324917,1.2094611715383967e-59
48.7438423159,2.4428324917,4.1493674923909864e-59
48.7487362065,2.4428324917,1.134920194034895e-58
48.7536300971,2.4428324917,2.4748119285808395e-58
48.7585239877,2.4428324917,4.30241730068258e-58
48.7634178783,2.4428324917,5.9631579842428746e-58
48.7683117689,2.4428324917,6.589213100257919e-58
48.7732056595,2.4428324917,5.804759681463361e-58
48.7780995501,2.4428324917,4.076884327384245e-58
48.7829934407,2.4428324917,2.282790139743539e-58
48.7878873313,2.4428324917,1.0190536294338323e-58
48.7927812219,2.4428324917,3.62678278627766e-59
48.7976751125,2.4428324917,1.0290571749231088e-59
48.8025690031,2.4428324917,2.3278281616527712e-60
48.8074628937,2.4428324917,4.1981290473315246e-61
48.8123567843,2.4428324917,6.036067730841139e-62
48.8172506749,2.4428324917,6.919040583566892e-63
48.8221445655,2.4428324917,6.323115358852876e-64
48.8270384561,2.4428324917,4.606910614272689e-65
48.8319323467,2.4428324917,2.6759741898006333e-66
48.8368262373,2.4428324917,1.2392174155272412e-67
48.8417201279,2.4428324917,4.5751627723423456e-69
48.8466140185,2.4428324917,1.3466633626226199e-70
48.8515079091,2.4428324917,3.160130325563307e-72
48.8564017997,2.4428324917,5.912135727817928e-74
48.8612956903,2.4428324917,8.818145322053133e-76
48.8661895809,2.4428324917,1.04858480750722e-77
48.8710834715,2.4428324917,9.940845501596501e-80
48.8759773621,2.4428324917,7.513400523085324e-82
48.8808712527,2.4428324917,4.52734104270932e-84
48.8857651433,2.4428324917,2.174920239267431e-86
48.8906590339,2.4428324917,8.329844843994036e-89
48.8955529245,2.4428324917,2.543454324960937e-91
48.9004468151,2.4428324917,6.191621898272233e-94
48.9053407057,2.4428324917,1.2016510372702218e-96
48.9102345963,2.4428324917,1.859284108616272e-99
48.9151284869,2.4428324917,2.2935414992896912e-102
48.9200223775,2.4428324917,2.2555938486314795e-105
48.9249162681,2.4428324917,1.7685146182491462e-108
48.9298101587,2.4428324917,1.10547737853801e-111
48.9347040493,2.4428324917,5.509149015141846e-115
48.9395979399,2.4428324917,2.188833025604108e-118
48.9444918305,2.4428324917,6.933207523379458e-122
48.9493857211,2.4428324917,1.750851126656735e-125
48.9542796117,2.4428324917,3.5249884143630796e-129
48.9591735023,2.4428324917,5.65795672554948e-133
48.9640673929,2.4428324917,7.240274011588812e-137
48.9689612835,2.4428324917,7.3865873389294e-141
48.9738551741,2.4428324917,6.007947453158612e-145
48.9787490647,2.4428324917,3.895846773749308e-149
48.7389484253,2.4477263823,2.325775824558898e-65
48.7438423159,2.4477263823,5.729825668280334e-65
48.7487362065,2.4477263823,1.1254039080235903e-64
48.7536300971,2.4477263823,1.7622555330551026e-64
48.7585239877,2.4477263823,2.2000006052150007e-64
48.7634178783,2.4477263823,2.189627159780089e-64
48.7683117689,2.4477263823,1.7374447215675656e-64
48.7732056595,2.4477263823,1.0991204142879613e-64
48.7780995501,2.4477263823,5.543359008575863e-65
48.7829934407,2.4477263823,2.2289185131061007e-65
48.7878873313,2.4477263823,7.145108539018883e-66
48.7927812219,2.4477263823,1.8260679032811834e-66
48.7976751125,2.4477263823,3.720647010661937e-67
48.8025690031,2.4477263823,6.043847100181605e-68
48.8074628937,2.4477263823,7.827118738001091e-69
48.8123567843,2.4477263823,8.081348376579941e-70
48.8172506749,2.4477263823,6.6521064369625425e-71
48.8221445655,2.4477263823,4.365439799769066e-72
48.8270384561,2.4477263823,2.283969348400027e-73
48.8319323467,2.4477263823,9.526776845925353e-75
48.8368262373,2.4477263823,3.1680729056790545e-76
48.8417201279,2.4477263823,8.3991975433956945e-78
48.8466140185,2.4477263823,1.775308684925026e-79
48.8515079091,2.4477263823,2.991599233243871e-81
48.8564017997,2.4477263823,4.019077699946683e-83
48.8612956903,2.4477263823,4.3046995521627115e-85
48.8661895809,2.4477263823,3.6758073468197248e-87
48.8710834715,2.4477263823,2.502396312162132e-89
48.8759773621,2.4477263823,1.3581661269540581e-91
48.8808712527,2.4477263823,5.876830323698422e-94
48.8857651433,2.4477263823,2.0273412760371845e-96
48.8906590339,2.4477263823,5.575759420306034e-99
48.8955529245,2.4477263823,1.2225725616213504e-101
48.9004468151,2.4477263823,2.1371682618190217e-104
48.9053407057,2.4477263823,2.978490649387543e-107
48.9102345963,2.4477263823,3.3093844322718785e-110
48.9151284869,2.4477263823,2.9315118343810643e-113
48.9200223775,2.4477263823,2.0702821492958259e-116
48.9249162681,2.4477263823,1.1656304305415996e-119
48.9298101587,2.4477263823,5.2322160626427556e-123
48.9347040493,2.4477263823,1.8724227803659223e-126
48.9395979399,2.4477263823,5.3421443180324305e-130
48.9444918305,2.4477263823,1.215124479103179e-133
48.9493857211,2.4477263823,2.203532078321528e-137
48.9542796117,2.4477263823,3.185748138689125e-141
48.9591735023,2.4477263823,3.671951636539908e-145
48.9640673929,2.4477263823,3.3742396191446504e-149
48.9689612835,2.4477263823,2.4719992919717423e-153
48.9738551741,2.4477263823,1.4438238689647047e-157
48.9787490647,2.4477263823,6.723161533850504e-162
48.7389484253,2.4526202729,1.222774737557578e-71
48.7438423159,2.4526202729,2.1632345032784006e-71
48.7487362065,2.4526202729,3.0510842387216692e-71
48.7536300971,2.4526202729,3.4308224968333343e-71
48.7585239877,2.4526202729,3.075641792437271e-71
48.7634178783,2.4526202729,2.1981975095010084e-71
48.7683117689,2.4526202729,1.2525386127703454e-71
48.7732056595,2.4526202729,5.689957048999071e-72
48.7780995501,2.4526202729,2.0607262667086774e-72
48.7829934407,2.4526202729,5.95011115684347e-73
48.7878873313,2.4526202729,1.3696932165843543e-73
48.7927812219,2.4526202729,2.5137089090124646e-74
48.7976751125,2.4526202729,3.67790169826874e-75
48.8025690031,2.4526202729,4.290211512907498e-76
48.8074628937,2.4526202729,3.989796492288911e-77
48.8123567843,2.4526202729,2.9581230665037203e-78
48.8172506749,2.4526202729,1.748538443997341e-79
48.8221445655,2.4526202729,8.240007106459624e-81
48.8270384561,2.4526202729,3.09580388398763e-82
48.8319323467,2.4526202729,9.27283962955995e-84
48.8368262373,2.4526202729,2.2143461456111484e-85
48.8417201279,2.4526202729,4.215719686386961e-87
48.8466140185,2.4526202729,6.398694780692205e-89
48.8515079091,2.4526202729,7.742915453814466e-91
48.8564017997,2.4526202729,7.469836450325977e-93
48.8612956903,2.4526202729,5.745278989716755e-95
48.8661895809,2.4526202729,3.522934802862331e-97
48.8710834715,2.4526202729,1.7222315573492955e-99
48.8759773621,2.4526202729,6.712308879138251e-102
48.8808712527,2.4526202729,2.085670877554734e-104
48.8857651433,2.4526202729,5.166697968911343e-107
48.8906590339,2.4526202729,1.0204079316429597e-109
48.8955529245,2.4526202729,1.606674979096644e-112
48.9004468151,2.4526202729,2.0168597024706167e-115
48.9053407057,2.4526202729,2.018444445226084e-118
48.9102345963,2.4526202729,1.6104652789629975e-121
48.9151284869,2.4526202729,1.024423152203349e-124
48.9200223775,2.4526202729,5.195183090028016e-128
48.9249162681,2.4526202729,2.1004666182322424e-131
48.9298101587,2.4526202729,6.770553336236572e-135
48.9347040493,2.4526202729,1.7399068464479863e-138
48.9395979399,2.4526202729,3.564686028897813e-142
48.9444918305,2.4526202729,5.822507069752628e-146
48.9493857211,2.4526202729,7.582147323601617e-150
48.9542796117,2.4526202729,7.871687894245134e-154
48.9591735023,2.4526202729,6.5153382531491215e-158
48.9640673929,2.4526202729,4.299317539989068e-162
48.9689612835,2.4526202729,2.2618069331447943e-166
48.9738551741,2.4526202729,9.486477762656383e-171
48.9787490647,2.4526202729,3.172107586802549e-175
48.7389484253,2.4575141635,1.7576311773267644e-78
48.7438423159,2.4575141635,2.2328959093465963e-78
48.7487362065,2.4575141635,2.2615316088470136e-78
48.7536300971,2.4575141635,1.8261241493792913e-78
48.7585239877,2.4575141635,1.1755778403334061e-78
48.7634178783,2.4575141635,6.033453025821122e-79
48.7683117689,2.4575141635,2.4687319304630018e-79
48.7732056595,2.4575141635,8.053327973797077e-80
48.7780995501,2.4575141635,2.0944514211895e-80
48.7829934407,2.4575141635,4.34268822274175e-81
48.7878873313,2.4575141635,7.178611719879724e-82
48.7927812219,2.4575141635,9.460535723197838e-83
48.7976751125,2.4575141635,9.939955722924943e-84
48.8025690031,2.4575141635,8.326195871670912e-85
48.8074628937,2.4575141635,5.560351549231296e-86
48.8123567843,2.4575141635,2.960406377031009e-87
48.8172506749,2.4575141635,1.2565907697360344e-88
48.8221445655,2.4575141635,4.252358323902642e-90
48.8270384561,2.4575141635,1.1472532443204183e-91
48.8319323467,2.4575141635,2.4676422047678714e-93
48.8368262373,2.4575141635,4.231540852799979e-95
48.8417201279,2.4575141635,5.785066295367214e-97
48.8466140185,2.4575141635,6.305384806649757e-99
48.8515079091,2.4575141635,5.479088372831484e-101
48.8564017997,2.4575141635,3.7957575817896177e-103
48.8612956903,2.4575141635,2.0964382971423204e-105
48.8661895809,2.4575141635,9.23122113656609e-108
48.8710834715,2.4575141635,3.2406317181035133e-110
48.8759773621,2.4575141635,9.069715319718822e-113
48.8808712527,2.4575141635,2.0237230881347946e-115
48.8857651433,2.4575141635,3.5999956075332086e-118
48.8906590339,2.4575141635,5.1055943807804156e-121
48.8955529245,2.4575141635,5.772767951018522e-124
48.9004468151,2.4575141635,5.203737079782719e-127
48.9053407057,2.4575141635,3.7397282440792845e-130
48.9102345963,2.4575141635,2.1426843455428192e-133
48.9151284869,2.4575141635,9.787455547062746e-137
48.9200223775,2.4575141635,3.5643050184503833e-140
48.9249162681,2.4575141635,1.0348403999926965e-143
48.9298101587,2.4575141635,2.3953299339765493e-147
48.9347040493,2.4575141635,4.4202899920218e-151
48.9395979399,2.4575141635,6.503237815173746e-155
48.9444918305,2.4575141635,7.627846823676965e-159
48.9493857211,2.4575141635,7.132926424049389e-163
48.9542796117,2.4575141635,5.31773852228129e-167
48.9591735023,2.4575141635,3.1606737318505617e-171
48.9640673929,2.4575141635,1.4977033762154383e-175
48.9689612835,2.4575141635,5.658032062327197e-180
48.9738551741,2.4575141635,1.7041132492915347e-184
48.9787490647,2.4575141635,4.091899471546714e-189
48.7389484253,2.4624080541,6.907354122946019e-86
48.7438423159,2.4624080541,6.301385352894535e-86
48.7487362065,2.4624080541,4.58304171334115e-86
48.7536300971,2.4624080541,2.6574495874576893e-86
48.7585239877,2.4624080541,1.2284845888509045e-86
48.7634178783,2.4624080541,4.527597843372294e-87
48.7683117689,2.4624080541,1.3303301371523694e-87
48.7732056595,2.4624080541,3.1163373764230137e-88
48.7780995501,2.4624080541,5.819999682359228e-89
48.7829934407,2.4624080541,8.665525547437484e-90
48.7878873313,2.4624080541,1.0286326532249646e-90
48.7927812219,2.4624080541,9.73462351184082e-92
48.7976751125,2.4624080541,7.344656116596335e-93
48.8025690031,2.4624080541,4.417913688203648e-94
48.8074628937,2.4624080541,2.1186364550409793e-95
48.8123567843,2.4624080541,8.100076273249529e-97
48.8172506749,2.4624080541,2.468966683089795e-98
48.8221445655,2.4624080541,5.999772791581394e-100
48.8270384561,2.4624080541,1.1623792067130633e-101
48.8319323467,2.4624080541,1.7953714482088965e-103
48.8368262373,2.4624080541,2.2108244035165594e-105
48.8417201279,2.4624080541,2.1704392711610975e-107
48.8466140185,2.4624080541,1.6987696033424234e-109
48.8515079091,2.4624080541,1.0600217529306609e-111
48.8564017997,2.4624080541,5.273373438841773e-114
48.8612956903,2.4624080541,2.0914897029434713e-116
48.8661895809,2.4624080541,6.613272035811594e-119
48.8710834715,2.4624080541,1.6671339597539393e-121
48.8759773621,2.4624080541,3.350565114229364e-124
48.8808712527,2.4624080541,5.368575684740371e-127
48.8857651433,2.4624080541,6.857937949955289e-130
48.8906590339,2.4624080541,6.98427733493065e-133
48.8955529245,2.4624080541,5.67078072673801e-136
48.9004468151,2.4624080541,3.670774336004734e-139
48.9053407057,2.4624080541,1.894375081148162e-142
48.9102345963,2.4624080541,7.794131190069302e-146
48.9151284869,2.4624080541,2.556600704768809e-149
48.9200223775,2.4624080541,6.68577182445162e-153
48.9249162681,2.4624080541,1.3939065236188978e-156
48.9298101587,2.4624080541,2.3169102142101305e-160
48.9347040493,2.4624080541,3.0702816097773563e-164
48.9395979399,2.4624080541,3.243699934211734e-168
48.9444918305,2.4624080541,2.732099968566256e-172
48.9493857211,2.4624080541,1.8346192841196996e-176
48.9542796117,2.4624080541,9.82174774072022e-181
48.9591735023,2.4624080541,4.192036454506144e-185
48.9640673929,2.4624080541,1.426444173098802e-189
48.9689612835,2.4624080541,3.8697059167479107e-194
48.9738551741,2.4624080541,8.369405254284437e-199
48.9787490647,2.4624080541,1.4431274470813844e-203
48.7389484253,2.4673019447,7.421614296004063e-94
48.7438423159,2.4673019447,4.861902937499559e-94
48.7487362065,2.4673019447,2.5392627524284906e-94
48.7536300971,2.4673019447,1.0573102771189373e-94
48.7585239877,2.4673019447,3.5098674735529474e-95
48.7634178783,2.4673019447,9.289074310307218e-96
48.7683117689,2.4673019447,1.959961810496497e-96
48.7732056595,2.4673019447,3.296979410660565e-97
48.7780995501,2.4673019447,4.421588421696775e-98
48.7829934407,2.4673019447,4.727525142478267e-99
48.7878873313,2.4673019447,4.0297938869464344e-100
48.7927812219,2.4673019447,2.738579001374402e-101
48.7976751125,2.4673019447,1.4837514877913727e-102
48.8025690031,2.4673019447,6.409003587413941e-104
48.8074628937,2.4673019447,2.207055810791518e-105
48.8123567843,2.4673019447,6.059399264945394e-107
48.8172506749,2.4673019447,1.3262923904496876e-108
48.8221445655,2.4673019447,2.314421416789689e-110
48.8270384561,2.4673019447,3.219875315113511e-112
48.8319323467,2.4673019447,3.5713229393610435e-114
48.8368262373,2.4673019447,3.15800378121899e-116
48.8417201279,2.4673019447,2.2263304258665555e-118
48.8466140185,2.4673019447,1.2512959850386584e-120
48.8515079091,2.4673019447,5.606914507269884e-123
48.8564017997,2.4673019447,2.00300148282467e-125
48.8612956903,2.4673019447,5.704690154428552e-128
48.8661895809,2.4673019447,1.2953177144532085e-130
48.8710834715,2.4673019447,2.344844256036793e-133
48.8759773621,2.4673019447,3.384115314280812e-136
48.8808712527,2.4673019447,3.8937651865670665e-139
48.8857651433,2.4673019447,3.571805617870697e-142
48.8906590339,2.4673019447,2.612157311049817e-145
48.8955529245,2.4673019447,1.5230153942023956e-148
48.9004468151,2.4673019447,7.0795020524917655e-152
48.9053407057,2.4673019447,2.6235816489207206e-155
48.9102345963,2.4673019447,7.751395751406844e-159
48.9151284869,2.4673019447,1.825823069906798e-162
48.9200223775,2.4673019447,3.4287113375324676e-166
48.9249162681,2.4673019447,5.1332995781354465e-170
48.9298101587,2.4673019447,6.127111036252677e-174
48.9347040493,2.4673019447,5.830534167940675e-178
48.9395979399,2.4673019447,4.423381449813552e-182
48.9444918305,2.4673019447,2.675431853798899e-186
48.9493857211,2.4673019447,1.2901103168253923e-190
48.9542796117,2.4673019447,4.959675431827377e-195
48.9591735023,2.4673019447,1.520103358360296e-199
48.9640673929,2.4673019447,3.714380870558485e-204
48.9689612835,2.4673019447,7.235910776451052e-209
48.9738551741,2.4673019447,1.1238113805164262e-213
48.9787490647,2.4673019447,1.3915124681077577e-218
