LATITUDE,LONGITUDE,probability
48.7389484253,2.2275013053,1.907130431274015e-08
48.7438423159,2.2275013053,2.4857216432583956e-08
48.7487362065,2.2275013053,3.090906299731191e-08
48.7536300971,2.2275013053,3.666742682193549e-08
48.7585239877,2.2275013053,4.1498870499529824e-08
48.7634178783,2.2275013053,4.480777379129918e-08
48.7683117689,2.2275013053,4.615637638557661e-08
48.7732056595,2.2275013053,4.5359816968298497e-08
48.7780995501,2.2275013053,4.2527722850538737e-08
48.7829934407,2.2275013053,3.80394485844435e-08
48.7878873313,2.2275013053,3.246067488290293e-08
48.7927812219,2.2275013053,2.6426650754191436e-08
48.7976751125,2.2275013053,2.0525226288231845e-08
48.8025690031,2.2275013053,1.5208802868246577e-08
48.8074628937,2.2275013053,1.075135880688636e-08
48.8123567843,2.2275013053,7.250916923698873e-09
48.8172506749,2.2275013053,4.66534484776492e-09
48.8221445655,2.2275013053,2.8637547391770655e-09
48.8270384561,2.2275013053,1.6770620795227724e-09
48.8319323467,2.2275013053,9.369657277211122e-10
48.8368262373,2.2275013053,4.99412628827127e-10
48.8417201279,2.2275013053,2.539548920949129e-10
48.8466140185,2.2275013053,1.232011945303061e-10
48.8515079091,2.2275013053,5.702315400072551e-11
48.8564017997,2.2275013053,2.5557883158987768e-11
48.8612956903,2.2275013053,4.571928594742214e-11
48.8661895809,2.2275013053,1.739434566674364e-09
48.8710834715,2.2275013053,4.588589849023248e-08
48.8759773621,2.2275013053,6.49282649757337e-07
48.8808712527,2.2275013053,4.9164480363454415e-06
48.8857651433,2.2275013053,1.992130957523546e-05
48.8906590339,2.2275013053,4.3194926779589257e-05
48.8955529245,2.2275013053,5.011826314475436e-05
48.9004468151,2.2275013053,3.1117714584731726e-05
48.9053407057,2.2275013053,1.0338744080126542e-05
48.9102345963,2.2275013053,1.838130275387332e-06
48.9151284869,2.2275013053,1.7487720457570228e-07
48.9200223775,2.2275013053,8.90304416735949e-09
48.9249162681,2.2275013053,2.425449669801365e-10
48.9298101587,2.2275013053,3.53585512526248e-12
48.9347040493,2.2275013053,2.758330766267959e-14
48.9395979399,2.2275013053,1.1516201664775756e-16
48.9444918305,2.2275013053,2.6049031343196717e-19
48.9493857211,2.2275013053,8.994126855747945e-22
48.9542796117,2.2275013053,1.021716870342781e-22
48.9591735023,2.2275013053,1.676229728736883e-23
48.9640673929,2.2275013053,2.724442632684313e-24
48.9689612835,2.2275013053,2.9055340832112287e-24
48.9738551741,2.2275013053,4.831958870674853e-23
48.9787490647,2.2275013053,6.852173395917261e-22
48.7389484253,2.2323951959,3.483596611753006e-08
48.7438423159,2.2323951959,4.7149369918149816e-08
48.7487362065,2.2323951959,6.08814763863207e-08
48.7536300971,2.2323951959,7.499904029101169e-08
48.7585239877,2.2323951959,8.814293036635134e-08
48.7634178783,2.2323951959,9.882811497276146e-08
48.7683117689,2.2323951959,1.0571455526038767e-07
48.7732056595,2.2323951959,1.078823282579494e-07
48.7780995501,2.2323951959,1.0503331735427052e-07
48.7829934407,2.2323951959,9.755849734860019e-08
48.7878873313,2.2323951959,8.644987522182191e-08
48.7927812219,2.2323951959,7.308443390335806e-08
48.7976751125,2.2323951959,5.894495659203885e-08
48.8025690031,2.2323951959,4.5355469333553394e-08
48.8074628937,2.2323951959,3.3294609587513526e-08
48.8123567843,2.2323951959,2.3317363140063637e-08
48.8172506749,2.2323951959,1.557923736590376e-08
48.8221445655,2.2323951959,9.930570535235929e-09
48.8270384561,2.2323951959,6.038978103609149e-09
48.8319323467,2.2323951959,3.5035954820698056e-09
48.8368262373,2.2323951959,1.9392138694882854e-09
48.8417201279,2.2323951959,1.0239970556078315e-09
48.8466140185,2.2323951959,5.158613161584267e-10
48.8515079091,2.2323951959,2.479321526029501e-10
48.8564017997,2.2323951959,1.1411940169928413e-10
48.8612956903,2.2323951959,9.080512582613766e-11
48.8661895809,2.2323951959,2.076993920362549e-09
48.8710834715,2.2323951959,5.508890346680863e-08
48.8759773621,2.2323951959,7.89539973640975e-07
48.8808712527,2.2323951959,6.0561176256109465e-06
48.8857651433,2.2323951959,2.4857901440744193e-05
48.8906590339,2.2323951959,5.459880050177585e-05
48.8955529245,2.2323951959,6.417267717027376e-05
48.9004468151,2.2323951959,4.036134454265726e-05
48.9053407057,2.2323951959,1.3584057276118626e-05
48.9102345963,2.2323951959,2.4464806995923316e-06
48.9151284869,2.2323951959,2.3577757415146757e-07
48.9200223775,2.2323951959,1.2159384972056363e-08
48.9249162681,2.2323951959,3.355591984835829e-10
48.9298101587,2.2323951959,4.955361651983829e-12
48.9347040493,2.2323951959,3.915952366125781e-14
48.9395979399,2.2323951959,1.65737723358422e-16
48.9444918305,2.2323951959,4.038793349945984e-19
48.9493857211,2.2323951959,5.925140566444406e-21
48.9542796117,2.2323951959,9.790751269920522e-22
48.9591735023,2.2323951959,1.6732770320820558e-22
48.9640673929,2.2323951959,3.512295224086887e-23
48.9689612835,2.2323951959,1.6665633530958621e-22
48.9738551741,2.2323951959,2.4610113124968803e-21
48.9787490647,2.2323951959,2.754365180465727e-20
48.7389484253,2.2372890865,5.961570753577558e-08
48.7438423159,2.2372890865,8.37885496162274e-08
48.7487362065,2.2372890865,1.1234917593319287e-07
48.7536300971,2.2372890865,1.4371971852987748e-07
48.7585239877,2.2372890865,1.7539777221950145e-07
48.7634178783,2.2372890865,2.04217538031685e-07
48.7683117689,2.2372890865,2.268418851035997e-07
48.7732056595,2.2372890865,2.4038906456626497e-07
48.7780995501,2.2372890865,2.430342130352371e-07
48.7829934407,2.2372890865,2.344128266551889e-07
48.7878873313,2.2372890865,2.1570319423654263e-07
48.7927812219,2.2372890865,1.8936208605248583e-07
48.7976751125,2.2372890865,1.5859545248043288e-07
48.8025690031,2.2372890865,1.26721317540528e-07
48.8074628937,2.2372890865,9.659838760039234e-08
48.8123567843,2.2372890865,7.025080792156131e-08
48.8172506749,2.2372890865,4.87409531097739e-08
48.8221445655,2.2372890865,3.226249571087929e-08
48.8270384561,2.2372890865,2.037338304350314e-08
48.8319323467,2.2372890865,1.2274098084014923e-08
48.8368262373,2.2372890865,7.0546793134842695e-09
48.8417201279,2.2372890865,3.868354016852703e-09
48.8466140185,2.2372890865,2.0236546430400994e-09
48.8515079091,2.2372890865,1.0099713355403847e-09
48.8564017997,2.2372890865,4.813866547473077e-10
48.8612956903,2.2372890865,2.660544916711653e-10
48.8661895809,2.2372890865,2.5090644699400694e-09
48.8710834715,2.2372890865,6.555371074035235e-08
48.8759773621,2.2372890865,9.513102054575872e-07
48.8808712527,2.2372890865,7.391644302957248e-06
48.8857651433,2.2372890865,3.073369445980627e-05
48.8906590339,2.2372890865,6.838127228770866e-05
48.8955529245,2.2372890865,8.14156729831985e-05
48.9004468151,2.2372890865,5.187131654642463e-05
48.9053407057,2.2372890865,1.768458759023757e-05
48.9102345963,2.2372890865,3.2263465424922807e-06
48.9151284869,2.2372890865,3.1497457761486535e-07
48.9200223775,2.2372890865,1.6454640935976974e-08
48.9249162681,2.2372890865,4.5999150134460565e-10
48.9298101587,2.2372890865,6.881149559499126e-12
48.9347040493,2.2372890865,5.5088569868901245e-14
48.9395979399,2.2372890865,2.371444882638002e-16
48.9444918305,2.2372890865,7.841864383961587e-19
48.9493857211,2.2372890865,4.804381745035131e-20
48.9542796117,2.2372890865,8.802718044132557e-21
48.9591735023,2.2372890865,1.5832426681338095e-21
48.9640673929,2.2372890865,7.758398077341937e-22
48.9689612835,2.2372890865,8.318634941711607e-21
48.9738551741,2.2372890865,9.88550718331149e-20
48.9787490647,2.2372890865,8.72569324090137e-19
48.7389484253,2.2421829771,9.558261886956231e-08
48.7438423159,2.2421829771,1.3950148541515524e-07
48.7487362065,2.2421829771,1.942405891717506e-07
48.7536300971,2.2421829771,2.580253582179163e-07
48.7585239877,2.2421829771,3.269987111236823e-07
48.7634178783,2.2421829771,3.9535837257569016e-07
48.7683117689,2.2421829771,4.560338582970285e-07
48.7732056595,2.2421829771,5.018390866746143e-07
48.7780995501,2.2421829771,5.268574534782899e-07
48.7829934407,2.2421829771,5.276950507678172e-07
48.7878873313,2.2421829771,5.042363631938656e-07
48.7927812219,2.2421829771,4.5967041286184025e-07
48.7976751125,2.2421829771,3.9977919412705747e-07
48.8025690031,2.2421829771,3.317073340021447e-07
48.8074628937,2.2421829771,2.6257369015566977e-07
48.8123567843,2.2421829771,1.982935508797184e-07
48.8172506749,2.2421829771,1.4286545222573375e-07
48.8221445655,2.2421829771,9.819900762029413e-08
48.8270384561,2.2421829771,6.439441851548469e-08
48.8319323467,2.2421829771,4.028567094336985e-08
48.8368262373,2.2421829771,2.4044415518431088e-08
48.8417201279,2.2421829771,1.3691123760414714e-08
48.8466140185,2.2421829771,7.437469826383814e-09
48.8515079091,2.2421829771,3.854543421262988e-09
48.8564017997,2.2421829771,1.9063866959360375e-09
48.8612956903,2.2421829771,9.536665892545475e-10
48.8661895809,2.2421829771,3.213534921427057e-09
48.8710834715,2.2421829771,7.73849333450873e-08
48.8759773621,2.2421829771,1.1357656690218398e-06
48.8808712527,2.2421829771,8.93906881393575e-06
48.8857651433,2.2421829771,3.765033611415303e-05
48.8906590339,2.2421829771,8.485842680621851e-05
48.8955529245,2.2421829771,0.00010234569811505156
48.9004468151,2.2421829771,6.605301278684889e-05
48.9053407057,2.2421829771,2.2812037835601715e-05
48.9102345963,2.2421829771,4.215838327879072e-06
48.9151284869,2.2421829771,4.1691952002203187e-07
48.9200223775,2.2421829771,2.2063223187554762e-08
48.9249162681,2.2421829771,6.247906097381364e-10
48.9298101587,2.2421829771,9.467939220364453e-12
48.9347040493,2.2421829771,7.681353993824514e-14
48.9395979399,2.2421829771,3.4210473860595534e-16
48.9444918305,2.2421829771,2.6746533921662908e-18
48.9493857211,2.2421829771,3.853620469233718e-19
48.9542796117,2.2421829771,7.421624292433057e-20
48.9591735023,2.2421829771,1.51586867943098e-20
48.9640673929,2.2421829771,2.8474866313942045e-20
48.9689612835,2.2421829771,3.327263119813213e-19
48.9738551741,2.2421829771,3.129888699028639e-18
48.9787490647,2.2421829771,2.1785208190403483e-17
48.7389484253,2.2470768677,1.4357622430547717e-07
48.7438423159,2.2470768677,2.1759973942502194e-07
48.7487362065,2.2470768677,3.146266179478404e-07
48.7536300971,2.2470768677,4.340040688399169e-07
48.7585239877,2.2470768677,5.711542181744011e-07
48.7634178783,2.2470768677,7.170909215003339e-07
48.7683117689,2.2470768677,8.589271057533092e-07
48.7732056595,2.2470768677,9.815211008537314e-07
48.7780995501,2.2470768677,1.0700503689200657e-06
48.7829934407,2.2470768677,1.112935639083945e-06
48.7878873313,2.2470768677,1.1043255669912525e-06
48.7927812219,2.2470768677,1.0454071166625796e-06
48.7976751125,2.2470768677,9.441370178526311e-07
48.8025690031,2.2470768677,8.134780664740099e-07
48.8074628937,2.2470768677,6.686793595385725e-07
48.8123567843,2.2470768677,5.243861784378761e-07
48.8172506749,2.2470768677,3.923248368902783e-07
48.8221445655,2.2470768677,2.800281026243368e-07
48.8270384561,2.2470768677,1.9068594391680561e-07
48.8319323467,2.2470768677,1.2387880076117794e-07
48.8368262373,2.2470768677,7.677795707426808e-08
48.8417201279,2.2470768677,4.5398066857875044e-08
48.8466140185,2.2470768677,2.56094007655332e-08
48.8515079091,2.2470768677,1.3782335950995723e-08
48.8564017997,2.2470768677,7.076956873088553e-09
48.8612956903,2.2470768677,3.5284260632227294e-09
48.8661895809,2.2470768677,4.857897343019401e-09
48.8710834715,2.2470768677,9.088484942314151e-08
48.8759773621,2.2470768677,1.3437267254221079e-06
48.8808712527,2.2470768677,1.0711490521656193e-05
48.8857651433,2.2470768677,4.570112676839325e-05
48.8906590339,2.2470768677,0.00010434136871101003
48.8955529245,2.2470768677,0.00012747789792173607
48.9004468151,2.2470768677,8.334157642477232e-05
48.9053407057,2.2470768677,2.9156604712955335e-05
48.9102345963,2.2470768677,5.458340263334799e-06
48.9151284869,2.2470768677,5.468052778920403e-07
48.9200223775,2.2470768677,2.9312534499277965e-08
48.9249162681,2.2470768677,8.408612027355388e-10
48.9298101587,2.2470768677,1.2908549254437328e-11
48.9347040493,2.2470768677,1.0629828781791199e-13
48.9395979399,2.2470768677,5.292645328558805e-16
48.9444918305,2.2470768677,1.5011808145155397e-17
48.9493857211,2.2470768677,2.92335096676498e-18
48.9542796117,2.2470768677,5.894614693163491e-19
48.9591735023,2.2470768677,1.8883240968133275e-19
48.9640673929,2.2470768677,1.0670351571387156e-18
48.9689612835,2.2470768677,1.0520338674821822e-17
48.9738551741,2.2470768677,7.810085475027708e-17
48.9787490647,2.2470768677,4.2865351542093587e-16
48.7389484253,2.2519707583,2.0205588811988588e-07
48.7438423159,2.2519707583,3.1799719537277513e-07
48.7487362065,2.2519707583,4.774592558706758e-07
48.7536300971,2.2519707583,6.839283278576992e-07
48.7585239877,2.2519707583,9.346437711540967e-07
48.7634178783,2.2519707583,1.2185486923801536e-06
48.7683117689,2.2519707583,1.5156569253243788e-06
48.7732056595,2.2519707583,1.798540313264282e-06
48.7780995501,2.2519707583,2.0361074524795056e-06
48.7829934407,2.2519707583,2.199087239688703e-06
48.7878873313,2.2519707583,2.2659246912258775e-06
48.7927812219,2.2519707583,2.227459074497885e-06
48.7976751125,2.2519707583,2.088984623449852e-06
48.8025690031,2.2519707583,1.869054655516219e-06
48.8074628937,2.2519707583,1.5954015428842646e-06
48.8123567843,2.2519707583,1.29920972381276e-06
48.8172506749,2.2519707583,1.0093685416853404e-06
48.8221445655,2.2519707583,7.481376590584776e-07
48.8270384561,2.2519707583,5.290229535172311e-07
48.8319323467,2.2519707583,3.5688538518809706e-07
48.8368262373,2.2519707583,2.2969114859144859e-07
48.8417201279,2.2519707583,1.410330842900253e-07
48.8466140185,2.2519707583,8.261501694287618e-08
48.8515079091,2.2519707583,4.616982977745536e-08
48.8564017997,2.2519707583,2.461678280295596e-08
48.8612956903,2.2519707583,1.2591210704732174e-08
48.8661895809,2.2519707583,9.774674816527491e-09
48.8710834715,2.2519707583,1.0713524071688912e-07
48.8759773621,2.2519707583,1.5758252999697822e-06
48.8808712527,2.2519707583,1.2718045364094879e-05
48.8857651433,2.2519707583,5.496541818110367e-05
48.8906590339,2.2519707583,0.00012712235855472236
48.8955529245,2.2519707583,0.00015732724993592015
48.9004468151,2.2519707583,0.0001041920366685977
48.9053407057,2.2519707583,3.692440879317333e-05
48.9102345963,2.2519707583,7.002304853544879e-06
48.9151284869,2.2519707583,7.105865721748168e-07
48.9200223775,2.2519707583,3.858709898249518e-08
48.9249162681,2.2519707583,1.121305463761078e-09
48.9298101587,2.2519707583,1.7442457809896283e-11
48.9347040493,2.2519707583,1.468219897162887e-13
48.9395979399,2.2519707583,1.0635438292516505e-15
48.9444918305,2.2519707583,9.696871906806784e-17
48.9493857211,2.2519707583,2.0819604351545802e-17
48.9542796117,2.2519707583,4.540922053338059e-18
48.9591735023,2.2519707583,3.9468866510268254e-18
48.9640673929,2.2519707583,3.326728167131446e-17
48.9689612835,2.2519707583,2.6232210028736833e-16
48.9738551741,2.2519707583,1.5359220739725978e-15
48.9787490647,2.2519707583,6.64712496974258e-15
48.7389484253,2.2568646489,2.664071478343315e-07
48.7438423159,2.2568646489,4.353851259279699e-07
48.7487362065,2.2568646489,6.788323827796363e-07
48.7536300971,2.2568646489,1.0097474457597959e-06
48.7585239877,2.2568646489,1.432927518817494e-06
48.7634178783,2.2568646489,1.9399785651646875e-06
48.7683117689,2.2568646489,2.5057104714479576e-06
48.7732056595,2.2568646489,3.087635977028886e-06
48.7780995501,2.2568646489,3.629798741154052e-06
48.7829934407,2.2568646489,4.070991981568871e-06
48.7878873313,2.2568646489,4.355912994471455e-06
48.7927812219,2.2568646489,4.446511238577087e-06
48.7976751125,2.2568646489,4.3303284711146894e-06
48.8025690031,2.2568646489,4.023310352781235e-06
48.8074628937,2.2568646489,3.5662146304156634e-06
48.8123567843,2.2568646489,3.015731471684287e-06
48.8172506749,2.2568646489,2.4329831848482076e-06
48.8221445655,2.2568646489,1.8726076567188992e-06
48.8270384561,2.2568646489,1.3750412616001178e-06
48.8319323467,2.2568646489,9.632652968115828e-07
48.8368262373,2.2568646489,6.437798014654733e-07
48.8417201279,2.2568646489,4.104781337143863e-07
48.8466140185,2.2568646489,2.496916135452696e-07
48.8515079091,2.2568646489,1.4490359005231435e-07
48.8564017997,2.2568646489,8.022686305879024e-08
48.8612956903,2.2568646489,4.245373902094363e-08
48.8661895809,2.2568646489,2.5539531927794887e-08
48.8710834715,2.2568646489,1.2986566744007355e-07
48.8759773621,2.2568646489,1.8333268040169747e-06
48.8808712527,2.2568646489,1.4963171149664415e-05
48.8857651433,2.2568646489,6.550262630554991e-05
48.8906590339,2.2568646489,0.00015345871582165969
48.8955529245,2.2568646489,0.00019238751026465036
48.9004468151,2.2568646489,0.00012906578899875084
48.9053407057,2.2568646489,4.633337618414399e-05
48.9102345963,2.2568646489,8.900722891799085e-06
48.9151284869,2.2568646489,9.149670535641566e-07
48.9200223775,2.2568646489,5.0331177042193745e-08
48.9249162681,2.2568646489,1.4816713106617866e-09
48.9298101587,2.2568646489,2.3376238783426626e-11
48.9347040493,2.2568646489,2.0708684865436377e-13
48.9395979399,2.2568646489,3.4707001377419903e-15
48.9444918305,2.2568646489,6.152865906062101e-16
48.9493857211,2.2568646489,1.3937195025923592e-16
48.9542796117,2.2568646489,3.8520040038620677e-17
48.9591735023,2.2568646489,1.0379898454102659e-16
48.9640673929,2.2568646489,8.264215040693929e-16
48.9689612835,2.2568646489,5.155741623653095e-15
48.9738551741,2.2568646489,2.380490487304248e-14
48.9787490647,2.2568646489,8.123515983259678e-14
48.7389484253,2.2617585395,3.29083126691534e-07
48.7438423159,2.2617585395,5.584821107403473e-07
48.7487362065,2.2617585395,9.042201193030821e-07
48.7536300971,2.2617585395,1.3966909335543267e-06
48.7585239877,2.2617585395,2.0582006460520884e-06
48.7634178783,2.2617585395,2.89358573438346e-06
48.7683117689,2.2617585395,3.88102327601784e-06
48.7732056595,2.2617585395,4.9661220452130474e-06
48.7780995501,2.2617585395,6.062472444581908e-06
48.7829934407,2.2617585395,7.060629374428379e-06
48.7878873313,2.2617585395,7.845096696695093e-06
48.7927812219,2.2617585395,8.31599912607522e-06
48.7976751125,2.2617585395,8.4099190857116e-06
48.8025690031,2.2617585395,8.113914890465165e-06
48.8074628937,2.2617585395,7.468447402881138e-06
48.8123567843,2.2617585395,6.558302641873026e-06
48.8172506749,2.2617585395,5.494318473153706e-06
48.8221445655,2.2617585395,4.391343935814327e-06
48.8270384561,2.2617585395,3.3484384854197596e-06
48.8319323467,2.2617585395,2.435838245118892e-06
48.8368262373,2.2617585395,1.6905024849801406e-06
48.8417201279,2.2617585395,1.1192946558982441e-06
48.8466140185,2.2617585395,7.070242262677297e-07
48.8515079091,2.2617585395,4.2607437251102105e-07
48.8564017997,2.2617585395,2.449623231917662e-07
48.8612956903,2.2617585395,1.344472126558113e-07
48.8661895809,2.2617585395,7.500221395708094e-08
48.8710834715,2.2617585395,1.7095855667845803e-07
48.8759773621,2.2617585395,2.1209041940327743e-06
48.8808712527,2.2617585395,1.7446890169257064e-05
48.8857651433,2.2617585395,7.734644373159933e-05
48.8906590339,2.2617585395,0.00018355509732818494
48.8955529245,2.2617585395,0.000233106296996817
48.9004468151,2.2617585395,0.00015841333861006497
48.9053407057,2.2617585395,5.7607408552602874e-05
48.9102345963,2.2617585395,1.1210210447031223e-05
48.9151284869,2.2617585395,1.1673450561157464e-06
48.9200223775,2.2617585395,6.504965323311121e-08
48.9249162681,2.2617585395,1.9403370834405185e-09
48.9298101587,2.2617585395,3.1162419023359994e-11
48.9347040493,2.2617585395,3.2222234554087693e-13
48.9395979399,2.2617585395,1.6182843608400926e-14
48.9444918305,2.2617585395,3.6948627654220064e-15
48.9493857211,2.2617585395,8.898027304096193e-16
48.9542796117,2.2617585395,4.642969143942292e-16
48.9591735023,2.2617585395,2.4737521095469142e-15
48.9640673929,2.2617585395,1.6219842174503545e-14
48.9689612835,2.2617585395,7.986369028023751e-14
48.9738551741,2.2617585395,2.9076815457249486e-13
48.9787490647,2.2617585395,7.824146316923144e-13
48.7389484253,2.2666524301,3.808471734667224e-07
48.7438423159,2.2666524301,6.711665819185091e-07
48.7487362065,2.2666524301,1.1284210012657554e-06
48.7536300971,2.2666524301,1.8099777847753974e-06
48.7585239877,2.2666524301,2.7697245272709625e-06
48.7634178783,2.2666524301,4.043534543833453e-06
48.7683117689,2.2666524301,5.631796928421078e-06
48.7732056595,2.2666524301,7.483315641038842e-06
48.7780995501,2.2666524301,9.486420889892736e-06
48.7829934407,2.2666524301,1.1472867108353733e-05
48.7878873313,2.2666524301,1.3237402830119781e-05
48.7927812219,2.2666524301,1.4571184440079112e-05
48.7976751125,2.2666524301,1.530199916880313e-05
48.8025690031,2.2666524301,1.5330726675428128e-05
48.8074628937,2.2666524301,1.4653405097641452e-05
48.8123567843,2.2666524301,1.3362127743332661e-05
48.8172506749,2.2666524301,1.162449060878845e-05
48.8221445655,2.2666524301,9.647915494780951e-06
48.8270384561,2.2666524301,7.639312905117331e-06
48.8319323467,2.2666524301,5.770804416000657e-06
48.8368262373,2.2666524301,4.1589113209598625e-06
48.8417201279,2.2666524301,2.8594612337486066e-06
48.8466140185,2.2666524301,1.8756422820052448e-06
48.8515079091,2.2666524301,1.1737539468362726e-06
48.8564017997,2.2666524301,7.0075456847143e-07
48.8612956903,2.2666524301,3.9922568291690275e-07
48.8661895809,2.2666524301,2.2209861857956284e-07
48.8710834715,2.2666524301,2.653487903934281e-07
48.8759773621,2.2666524301,2.454712734961385e-06
48.8808712527,2.2666524301,2.016801004424524e-05
48.8857651433,2.2666524301,9.050052667871495e-05
48.8906590339,2.2666524301,0.00021754529937035138
48.8955529245,2.2666524301,0.00027985712379076
48.9004468151,2.2666524301,0.00019265351949290495
48.9053407057,2.2666524301,7.096878264030966e-05
48.9102345963,2.2666524301,1.3989675608692915e-05
48.9151284869,2.2666524301,1.4757142498961907e-06
48.9200223775,2.2666524301,8.330841504001948e-08
48.9249162681,2.2666524301,2.5196617524469956e-09
48.9298101587,2.2666524301,4.174543678717708e-11
48.9347040493,2.2666524301,6.549274301825838e-13
48.9395979399,2.2666524301,8.295853743160978e-14
48.9444918305,2.2666524301,2.087032056649842e-14
48.9493857211,2.2666524301,5.7792207777428685e-15
48.9542796117,2.2666524301,7.898536473207412e-15
48.9591735023,2.2666524301,4.80168787177577e-14
48.9640673929,2.2666524301,2.510465408986767e-13
48.9689612835,2.2666524301,9.74981840231221e-13
48.9738551741,2.2666524301,2.799046482144329e-12
48.9787490647,2.2666524301,5.938990246712557e-12
48.7389484253,2.2715463207,4.129345658695037e-07
48.7438423159,2.2715463207,7.556779709987452e-07
48.7487362065,2.2715463207,1.3193302929000655e-06
48.7536300971,2.2715463207,2.1975135150457272e-06
48.7585239877,2.2715463207,3.4919725686000604e-06
48.7634178783,2.2715463207,5.293846451233217e-06
48.7683117689,2.2715463207,7.656549693786297e-06
48.7732056595,2.2715463207,1.0564674456147947e-05
48.7780995501,2.2715463207,1.3907221792236396e-05
48.7829934407,2.2715463207,1.746569576249766e-05
48.7878873313,2.2715463207,2.092630973554043e-05
48.7927812219,2.2715463207,2.3919971379580697e-05
48.7976751125,2.2715463207,2.608494410763363e-05
48.8025690031,2.2715463207,2.7138160933660312e-05
48.8074628937,2.2715463207,2.6935941794385963e-05
48.8123567843,2.2715463207,2.5506164982821586e-05
48.8172506749,2.2715463207,2.3041959683515387e-05
48.8221445655,2.2715463207,1.9858887179689256e-05
48.8270384561,2.2715463207,1.6328701614665543e-05
48.8319323467,2.2715463207,1.2808835424875527e-05
48.8368262373,2.2715463207,9.5858115441876e-06
48.8417201279,2.2715463207,6.84399014915936e-06
48.8466140185,2.2715463207,4.6617729038670115e-06
48.8515079091,2.2715463207,3.0293824124038788e-06
48.8564017997,2.2715463207,1.8780993554206793e-06
48.8612956903,2.2715463207,1.1109237742402777e-06
48.8661895809,2.2715463207,6.325441939174978e-07
48.8710834715,2.2715463207,5.079613086591943e-07
48.8759773621,2.2715463207,2.8835999959355245e-06
48.8808712527,2.2715463207,2.3134869723487926e-05
48.8857651433,2.2715463207,0.0001049385346440689
48.8906590339,2.2715463207,0.0002554757787835402
48.8955529245,2.2715463207,0.0003329099808023473
48.9004468151,2.2715463207,0.00023214988415831033
48.9053407057,2.2715463207,8.662891190414295e-05
48.9102345963,2.2715463207,1.7298581320418438e-05
48.9151284869,2.2715463207,1.8485308998691993e-06
48.9200223775,2.2715463207,1.0574085279036211e-07
48.9249162681,2.2715463207,3.2504585235006445e-09
48.9298101587,2.2715463207,5.803635462105543e-11
48.9347040493,2.2715463207,1.949432563005593e-12
48.9395979399,2.2715463207,4.1608809676385645e-13
48.9444918305,2.2715463207,1.116605842844655e-13
48.9493857211,2.2715463207,4.5246881266278013e-14
48.9542796117,2.2715463207,1.3852061160655919e-13
48.9591735023,2.2715463207,7.405109066028901e-13
48.9640673929,2.2715463207,3.062865635817294e-12
48.9689612835,2.2715463207,9.380558326343688e-12
48.9738551741,2.2715463207,2.1235191350896296e-11
48.9787490647,2.2715463207,3.552801835418331e-11
48.7389484253,2.2764402113,4.194663427630013e-07
48.7438423159,2.2764402113,7.971289456420561e-07
48.7487362065,2.2764402113,1.4451778216918574e-06
48.7536300971,2.2764402113,2.4996272166884673e-06
48.7585239877,2.2764402113,4.124681793372186e-06
48.7634178783,2.2764402113,6.4933214478209915e-06
48.7683117689,2.2764402113,9.752245024050241e-06
48.7732056595,2.2764402113,1.397344706593764e-05
48.7780995501,2.2764402113,1.9101336352408703e-05
48.7829934407,2.2764402113,2.491065794381834e-05
48.7878873313,2.2764402113,3.099330519672485e-05
48.7927812219,2.2764402113,3.6788479264831395e-05
48.7976751125,2.2764402113,4.165978523273579e-05
48.8025690031,2.2764402113,4.500735241359259e-05
48.8074628937,2.2764402113,4.638858802023993e-05
48.8123567843,2.2764402113,4.561420284066891e-05
48.8172506749,2.2764402113,4.2790786959160653e-05
48.8221445655,2.2764402113,3.829673115131491e-05
48.8270384561,2.2764402113,3.2698993627585014e-05
48.8319323467,2.2764402113,2.663595764095783e-05
48.8368262373,2.2764402113,2.069967337859231e-05
48.8417201279,2.2764402113,1.5346873671139197e-05
48.8466140185,2.2764402113,1.0855194062978854e-05
48.8515079091,2.2764402113,7.325149863367332e-06
48.8564017997,2.2764402113,4.7158152421961684e-06
48.8612956903,2.2764402113,2.8965084985847016e-06
48.8661895809,2.2764402113,1.7034157124001986e-06
48.8710834715,2.2764402113,1.1371787684017767e-06
48.8759773621,2.2764402113,3.5398005430372258e-06
48.8808712527,2.2764402113,2.6393876728132695e-05
48.8857651433,2.2764402113,0.00012061487683709121
48.8906590339,2.2764402113,0.00029729524501465786
48.8955529245,2.2764402113,0.00039240348169730725
48.9004468151,2.2764402113,0.0002771858061353353
48.9053407057,2.2764402113,0.00010477798055438438
48.9102345963,2.2764402113,2.1194954925041548e-05
48.9151284869,2.2764402113,2.2946073804877636e-06
48.9200223775,2.2764402113,1.330853454538752e-07
48.9249162681,2.2764402113,4.189165257716072e-09
48.9298101587,2.2764402113,9.079846879327114e-11
48.9347040493,2.2764402113,7.425648977053893e-12
48.9395979399,2.2764402113,1.9791920807511317e-12
48.9444918305,2.2764402113,5.864079266531114e-13
48.9493857211,2.2764402113,4.839597269613806e-13
48.9542796117,2.2764402113,2.0740714331883e-12
48.9591735023,2.2764402113,9.020392377445346e-12
48.9640673929,2.2764402113,2.945186229724152e-11
48.9689612835,2.2764402113,7.112864823807833e-11
48.9738551741,2.2764402113,1.2696529307215478e-10
48.9787490647,2.2764402113,1.674989478921536e-10
48.7389484253,2.2813341019,3.992072138592542e-07
48.7438423159,2.2813341019,7.877814985579317e-07
48.7487362065,2.2813341019,1.4831136145517305e-06
48.7536300971,2.2813341019,2.663816560514801e-06
48.7585239877,2.2813341019,4.564523587931549e-06
48.7634178783,2.2813341019,7.461872862783413e-06
48.7683117689,2.2813341019,1.1637547935326656e-05
48.7732056595,2.2813341019,1.7315553113174446e-05
48.7780995501,2.2813341019,2.4579469377041716e-05
48.7829934407,2.2813341019,3.328663436716642e-05
48.7878873313,2.2813341019,4.300594709835626e-05
48.7927812219,2.2813341019,5.300885157003073e-05
48.7976751125,2.2813341019,6.233464962358541e-05
48.8025690031,2.2813341019,6.9931347752704e-05
48.8074628937,2.2813341019,7.48471937747935e-05
48.8123567843,2.2813341019,7.642587051908894e-05
48.8172506749,2.2813341019,7.445031070982071e-05
48.8221445655,2.2813341019,6.919168121764936e-05
48.8270384561,2.2813341019,6.134829540362567e-05
48.8319323467,2.2813341019,5.189342857806814e-05
48.8368262373,2.2813341019,4.187776338747349e-05
48.8417201279,2.2813341019,3.2241544681105e-05
48.8466140185,2.2813341019,2.3681513259755907e-05
48.8515079091,2.2813341019,1.659450525585093e-05
48.8564017997,2.2813341019,1.1093803244147356e-05
48.8612956903,2.2813341019,7.075629214695148e-06
48.8661895809,2.2813341019,4.312000210304662e-06
48.8710834715,2.2813341019,2.7054990955943266e-06
48.8759773621,2.2813341019,4.748924584145218e-06
48.8808712527,2.2813341019,3.0096022167897686e-05
48.8857651433,2.2813341019,0.0001374992123563124
48.8906590339,2.2813341019,0.0003428589543307594
48.8955529245,2.2813341019,0.0004583243139299389
48.9004468151,2.2813341019,0.00032794144507898565
48.9053407057,2.2813341019,0.00012557474879996007
48.9102345963,2.2813341019,2.5733627320002625e-05
48.9151284869,2.2813341019,2.823227947463092e-06
48.9200223775,2.2813341019,1.6633447773055964e-07
48.9249162681,2.2813341019,5.47912381209495e-09
48.9298101587,2.2813341019,1.804625322549559e-10
48.9347040493,2.2813341019,3.012020536242673e-11
48.9395979399,2.2813341019,8.908266599272318e-12
48.9444918305,2.2813341019,3.3492884350153272e-12
48.9493857211,2.2813341019,5.955943865669101e-12
48.9542796117,2.2813341019,2.502181266715371e-11
48.9591735023,2.2813341019,8.665812318892438e-11
48.9640673929,2.2813341019,2.2319857039562697e-10
48.9689612835,2.2813341019,4.2505358245964985e-10
48.9738551741,2.2813341019,5.982691916455827e-10
48.9787490647,2.2813341019,6.223517531699517e-10
48.7389484253,2.2862279925,3.559467413677505e-07
48.7438423159,2.2862279925,7.294043584087889e-07
48.7487362065,2.2862279925,1.4259783600208496e-06
48.7536300971,2.2862279925,2.659614941236856e-06
48.7585239877,2.2862279925,4.732447900295381e-06
48.7634178783,2.2862279925,8.03367331097255e-06
48.7683117689,2.2862279925,1.3010792214634356e-05
48.7732056595,2.2862279925,2.0102707951993088e-05
48.7780995501,2.2862279925,2.9632386788894848e-05
48.7829934407,2.2862279925,4.167157859165159e-05
48.7878873313,2.2862279925,5.590807249187193e-05
48.7927812219,2.2862279925,7.156000049445113e-05
48.7976751125,2.2862279925,8.738309009674717e-05
48.8025690031,2.2862279925,0.00010179951531595677
48.8074628937,2.2862279925,0.00011314236964820824
48.8123567843,2.2862279925,0.00011996818230409116
48.8172506749,2.2862279925,0.00012135792308335266
48.8221445655,2.2862279925,0.00011712010155190709
48.8270384561,2.2862279925,0.00010783406910376875
48.8319323467,2.2862279925,9.472002308384934e-05
48.8368262373,2.2862279925,7.93759333970931e-05
48.8417201279,2.2862279925,6.345957273799127e-05
48.8466140185,2.2862279925,4.8402377059942685e-05
48.8515079091,2.2862279925,3.522065965911084e-05
48.8564017997,2.2862279925,2.4450601687454507e-05
48.8612956903,2.2862279925,1.6193703897650845e-05
48.8661895809,2.2862279925,1.0239175746636412e-05
48.8710834715,2.2862279925,6.391677406510248e-06
48.8759773621,2.2862279925,7.244899205385323e-06
48.8808712527,2.2862279925,3.463573853918859e-05
48.8857651433,2.2862279925,0.00015565864596240198
48.8906590339,2.2862279925,0.0003919639235332098
48.8955529245,2.2862279925,0.0005305047272161945
48.9004468151,2.2862279925,0.00038447878257234785
48.9053407057,2.2862279925,0.00014913946415815617
48.9102345963,2.2862279925,3.096596447388802e-05
48.9151284869,2.2862279925,3.445037118536833e-06
48.9200223775,2.2862279925,2.0723234196212453e-07
48.9249162681,2.2862279925,7.552353875189337e-09
48.9298101587,2.2862279925,4.720305838601964e-10
48.9347040493,2.2862279925,1.1937612293873905e-10
48.9395979399,2.2862279925,3.8733875750697806e-11
48.9444918305,2.2862279925,2.3713258808447364e-11
48.9493857211,2.2862279925,6.726410153363561e-11
48.9542796117,2.2862279925,2.3947526312093075e-10
48.9591735023,2.2862279925,6.562759353313417e-10
48.9640673929,2.2862279925,1.3330854011371508e-09
48.9689612835,2.2862279925,2.001824363694215e-09
48.9738551741,2.2862279925,2.221728989985624e-09
48.9787490647,2.2862279925,1.822394980694991e-09
48.7389484253,2.2911218831,2.97342536559485e-07
48.7438423159,2.2911218831,6.327269178104872e-07
48.7487362065,2.2911218831,1.284508043045738e-06
48.7536300971,2.2911218831,2.4878179292832883e-06
48.7585239877,2.2911218831,4.5968634906636735e-06
48.7634178783,2.2911218831,8.10337372670292e-06
48.7683117689,2.2911218831,1.3627976599795809e-05
48.7732056595,2.2911218831,2.1865435797808313e-05
48.7780995501,2.2911218831,3.34692626275441e-05
48.7829934407,2.2911218831,4.8875971103848135e-05
48.7878873313,2.2911218831,6.809353844264506e-05
48.7927812219,2.2911218831,9.050605895726534e-05
48.7976751125,2.2911218831,0.00011476531524191355
48.8025690031,2.2911218831,0.00013883689808323008
48.8074628937,2.2911218831,0.00016023611192079846
48.8123567843,2.2911218831,0.00017643191300927455
48.8172506749,2.2911218831,0.00018533401586628818
48.8221445655,2.2911218831,0.00018573526853559377
48.8270384561,2.2911218831,0.00017758033409327083
48.8319323467,2.2911218831,0.00016197821495202028
48.8368262373,2.2911218831,0.00014095471176397054
48.8417201279,2.2911218831,0.00011702100840126061
48.8466140185,2.2911218831,9.268497299280752e-05
48.8515079091,2.2911218831,7.003518230891234e-05
48.8564017997,2.2911218831,5.0487768130802575e-05
48.8612956903,2.2911218831,3.472322507356378e-05
48.8661895809,2.2911218831,2.279047112107454e-05
48.8710834715,2.2911218831,1.4501801305448138e-05
48.8759773621,2.2911218831,1.2543164159629146e-05
48.8808712527,2.2911218831,4.090988120671393e-05
48.8857651433,2.2911218831,0.00017542515857234332
48.8906590339,2.2911218831,0.0004444424240166396
48.8955529245,2.2911218831,0.000608656922349864
48.9004468151,2.2911218831,0.0004467463162015855
48.9053407057,2.2911218831,0.00017555597292065705
48.9102345963,2.2911218831,3.69440257227352e-05
48.9151284869,2.2911218831,4.175081084327122e-06
48.9200223775,2.2911218831,2.59747183724943e-07
48.9249162681,2.2911218831,1.1741800483957958e-08
48.9298101587,2.2911218831,1.453059686824864e-09
48.9347040493,2.2911218831,4.513261359588149e-10
48.9395979399,2.2911218831,1.733864992361354e-10
48.9444918305,2.2911218831,1.9983391958331297e-10
48.9493857211,2.2911218831,6.290687235285791e-10
48.9542796117,2.2911218831,1.8102789753464391e-09
48.9591735023,2.2911218831,3.917352008547063e-09
48.9640673929,2.2911218831,6.27495391588004e-09
48.9689612835,2.2911218831,7.430047449000399e-09
48.9738551741,2.2911218831,6.50232210133979e-09
48.9787490647,2.2911218831,4.205638503695655e-09
48.7389484253,2.2960157737,2.327096764337085e-07
48.7438423159,2.2960157737,5.142208091710159e-07
48.7487362065,2.2960157737,1.0840419800831926e-06
48.7536300971,2.2960157737,2.180237486107515e-06
48.7585239877,2.2960157737,4.183336042643588e-06
48.7634178783,2.2960157737,7.657781149266771e-06
48.7683117689,2.2960157737,1.3373478904793811e-05
48.7732056595,2.2960157737,2.2281636847542673e-05
48.7780995501,2.2960157737,3.54169399143929e-05
48.7829934407,2.2960157737,5.370765938038493e-05
48.7878873313,2.2960157737,7.770029459875391e-05
48.7927812219,2.2960157737,0.00010724334542240387
48.7976751125,2.2960157737,0.00014121449890121715
48.8025690031,2.2960157737,0.0001773983081767534
48.8074628937,2.2960157737,0.0002126086386569028
48.8123567843,2.2960157737,0.00024309363551204845
48.8172506749,2.2960157737,0.00026517191222999166
48.8221445655,2.2960157737,0.0002759578188380366
48.8270384561,2.2960157737,0.00027398017591966583
48.8319323467,2.2960157737,0.0002595116338363857
48.8368262373,2.2960157737,0.0002345069828889857
48.8417201279,2.2960157737,0.00020216966375172216
48.8466140185,2.2960157737,0.00016627965111845153
48.8515079091,2.2960157737,0.00013049406546324253
48.8564017997,2.2960157737,9.782793958545731e-05
48.8612956903,2.2960157737,7.001557228363346e-05
48.8661895809,2.2960157737,4.763200090908437e-05
48.8710834715,2.2960157737,3.1157635160599375e-05
48.8759773621,2.2960157737,2.3502511796675125e-05
48.8808712527,2.2960157737,5.074285287212874e-05
48.8857651433,2.2960157737,0.0001976943821056274
48.8906590339,2.2960157737,0.0005003525932032894
48.8955529245,2.2960157737,0.0006924737306612923
48.9004468151,2.2960157737,0.0005146230676187935
48.9053407057,2.2960157737,0.00020489447557409492
48.9102345963,2.2960157737,4.373524299436541e-05
48.9151284869,2.2960157737,5.0411035874743235e-06
48.9200223775,2.2960157737,3.340221655149316e-07
48.9249162681,2.2960157737,2.199091870621592e-08
48.9298101587,2.2960157737,4.655274391514505e-09
48.9347040493,2.2960157737,1.6405952087843792e-09
48.9395979399,2.2960157737,8.823152782208878e-10
48.9444918305,2.2960157737,1.6594365499137165e-09
48.9493857211,2.2960157737,4.712420321482434e-09
48.9542796117,2.2960157737,1.0793943601098417e-08
48.9591735023,2.2960157737,1.8429152716113663e-08
48.9640673929,2.2960157737,2.3278187848698666e-08
48.9689612835,2.2960157737,2.173407282056166e-08
48.9738551741,2.2960157737,1.4997857382937657e-08
48.9787490647,2.2960157737,7.64899672915872e-09
48.7389484253,2.3009096643,1.7063071963159102e-07
48.7438423159,2.3009096643,3.9153299253513807e-07
48.7487362065,2.3009096643,8.571182718573673e-07
48.7536300971,2.3009096643,1.7900880413891906e-06
48.7585239877,2.3009096643,3.5667221386168222e-06
48.7634178783,2.3009096643,6.779933151770827e-06
48.7683117689,2.3009096643,1.2295403753191611e-05
48.7732056595,2.3009096643,2.1272641713519046e-05
48.7780995501,2.3009096643,3.511246382152608e-05
48.7829934407,2.3009096643,5.5292016916500344e-05
48.7878873313,2.3009096643,8.306628886063984e-05
48.7927812219,2.3009096643,0.00011905521731838268
48.7976751125,2.3009096643,0.00016279209220085942
48.8025690031,2.3009096643,0.00021236328098760588
48.8074628937,2.3009096643,0.00026429369273591727
48.8123567843,2.3009096643,0.00031380179661550707
48.8172506749,2.3009096643,0.0003554555614575845
48.8221445655,2.3009096643,0.0003841284494961751
48.8270384561,2.3009096643,0.0003960307585272427
48.8319323467,2.3009096643,0.00038953156502064863
48.8368262373,2.3009096643,0.0003655255047979943
48.8417201279,2.3009096643,0.0003272312809702579
48.8466140185,2.3009096643,0.00027957265778340626
48.8515079091,2.3009096643,0.00023076378553494212
48.8564017997,2.3009096643,0.00019949729880562787
48.8612956903,2.3009096643,0.00016855700765131232
48.8661895809,2.3009096643,0.0001067586117298685
48.8710834715,2.3009096643,6.412530523256362e-05
48.8759773621,2.3009096643,4.504162145426046e-05
48.8808712527,2.3009096643,6.748148964383642e-05
48.8857651433,2.3009096643,0.0002243877257228512
48.8906590339,2.3009096643,0.0005603064569851949
48.8955529245,2.3009096643,0.0007818328610679701
48.9004468151,2.3009096643,0.0005880304881097365
48.9053407057,2.3009096643,0.00023727368639723853
48.9102345963,2.3009096643,5.145873411628609e-05
48.9151284869,2.3009096643,6.10326592263911e-06
48.9200223775,2.3009096643,4.560222629531178e-07
48.9249162681,2.3009096643,4.924100333586733e-08
48.9298101587,2.3009096643,1.4613066796766418e-08
48.9347040493,2.3009096643,5.975929845823224e-09
48.9395979399,2.3009096643,5.198745801208108e-09
48.9444918305,2.3009096643,1.1870302017829686e-08
48.9493857211,2.3009096643,2.798378756871318e-08
48.9542796117,2.3009096643,5.0741453046911014e-08
48.9591735023,2.3009096643,6.833118057804961e-08
48.9640673929,2.3009096643,6.805749092066939e-08
48.9689612835,2.3009096643,5.01044457031249e-08
48.9738551741,2.3009096643,2.7263058498763766e-08
48.9787490647,2.3009096643,1.0963802163775084e-08
48.7389484253,2.3058035549,1.1721559118008031e-07
48.7438423159,2.3058035549,2.7930098021749644e-07
48.7487362065,2.3058035549,6.34922599610571e-07
48.7536300971,2.3058035549,1.3769886479034103e-06
48.7585239877,2.3058035549,2.8490572899323227e-06
48.7634178783,2.3058035549,5.6238438405228955e-06
48.7683117689,2.3058035549,1.0590746475459747e-05
48.7732056595,2.3058035549,1.902747408384192e-05
48.7780995501,2.3058035549,3.261346589518337e-05
48.7829934407,2.3058035549,5.333029896868135e-05
48.7878873313,2.3058035549,8.319789351587618e-05
48.7927812219,2.3058035549,0.0001238260136056649
48.7976751125,2.3058035549,0.00017582179252129818
48.8025690031,2.3058035549,0.00023817423041039239
48.8074628937,2.3058035549,0.0003078067259211302
48.8123567843,2.3058035549,0.0003795095719025117
48.8172506749,2.3058035549,0.00044640464342145936
48.8221445655,2.3058035549,0.0005009519612131639
48.8270384561,2.3058035549,0.0005363211680763716
48.8319323467,2.3058035549,0.0005477915253139647
48.8368262373,2.3058035549,0.0005337859804147331
48.8417201279,2.3058035549,0.0004962470579381632
48.8466140185,2.3058035549,0.0004430693976240734
48.8515079091,2.3058035549,0.0004699911662789726
48.8564017997,2.3058035549,0.001020912960449778
48.8612956903,2.3058035549,0.001423627363693686
48.8661895809,2.3058035549,0.0006125700060374465
48.8710834715,2.3058035549,0.00015633168532944963
48.8759773621,2.3058035549,8.532862792811786e-05
48.8808712527,2.3058035549,9.665424323525202e-05
48.8857651433,2.3058035549,0.00025904697257938663
48.8906590339,2.3058035549,0.0006259475154984412
48.8955529245,2.3058035549,0.0008771348313717539
48.9004468151,2.3058035549,0.0006671439713463313
48.9053407057,2.3058035549,0.000272987537288528
48.9102345963,2.3058035549,6.0360375617765e-05
48.9151284869,2.3058035549,7.495894027530681e-06
48.9200223775,2.3058035549,6.889407640409236e-07
48.9249162681,2.3058035549,1.218263781836321e-07
48.9298101587,2.3058035549,4.4428559451991645e-08
48.9347040493,2.3058035549,2.3386639274664118e-08
48.9395979399,2.3058035549,3.138050381579342e-08
48.9444918305,2.3058035549,6.915847255396637e-08
48.9493857211,2.3058035549,1.312768821169944e-07
48.9542796117,2.3058035549,1.880295029058332e-07
48.9591735023,2.3058035549,1.9968148343349326e-07
48.9640673929,2.3058035549,1.5681845344586128e-07
48.9689612835,2.3058035549,9.103370980568958e-08
48.9738551741,2.3058035549,3.905793191922505e-08
48.9787490647,2.3058035549,1.2385313368564786e-08
48.7389484253,2.3106974455,7.543952094696859e-08
48.7438423159,2.3106974455,1.866645878572309e-07
48.7487362065,2.3106974455,4.406423125963124e-07
48.7536300971,2.3106974455,9.923656161034462e-07
48.7585239877,2.3106974455,2.1321534964425806e-06
48.7634178783,2.3106974455,4.370453197493529e-06
48.7683117689,2.3106974455,8.546646256321597e-06
48.7732056595,2.3106974455,1.5945062740594062e-05
48.7780995501,2.3106974455,2.838036549760568e-05
48.7829934407,2.3106974455,4.819155995888931e-05
48.7878873313,2.3106974455,7.807018971233089e-05
48.7927812219,2.3106974455,0.00012065928251724949
48.7976751125,2.3106974455,0.00017790883216924064
48.8025690031,2.3106974455,0.0002502623863351236
48.8074628937,2.3106974455,0.00033585749217443067
48.8123567843,2.3106974455,0.00043000752786278825
48.8172506749,2.3106974455,0.0005252413651407573
48.8221445655,2.3106974455,0.0006120741050805627
48.8270384561,2.3106974455,0.0006804741738643648
48.8319323467,2.3106974455,0.0007217418498393156
48.8368262373,2.3106974455,0.0007303219672834832
48.8417201279,2.3106974455,0.0007051762316851108
48.8466140185,2.3106974455,0.0006707396707349171
48.8515079091,2.3106974455,0.0012737847899111537
48.8564017997,2.3106974455,0.005657191125206791
48.8612956903,2.3106974455,0.00893573689410297
48.8661895809,2.3106974455,0.003459834275962888
48.8710834715,2.3106974455,0.0004758280792969846
48.8759773621,2.3106974455,0.00015754126950841147
48.8808712527,2.3106974455,0.00014640456496104172
48.8857651433,2.3106974455,0.00030739832743763496
48.8906590339,2.3106974455,0.0007005087490923086
48.8955529245,2.3106974455,0.0009797628556178276
48.9004468151,2.3106974455,0.0007527195609645874
48.9053407057,2.3106974455,0.00031271921239527366
48.9102345963,2.3106974455,7.094696821232602e-05
48.9151284869,2.3106974455,9.506209603075803e-06
48.9200223775,2.3106974455,1.1762541025745325e-06
48.9249162681,2.3106974455,3.0896306417795244e-07
48.9298101587,2.3106974455,1.340879102790499e-07
48.9347040493,2.3106974455,1.0126583671538974e-07
48.9395979399,2.3106974455,1.6964693573676412e-07
48.9444918305,2.3106974455,3.216688008529995e-07
48.9493857211,2.3106974455,4.859216915380495e-07
48.9542796117,2.3106974455,5.492398859751059e-07
48.9591735023,2.3106974455,4.5991916362519463e-07
48.9640673929,2.3106974455,2.847943857322971e-07
48.9689612835,2.3106974455,1.3035778371754074e-07
48.9738551741,2.3106974455,4.4101465211519306e-08
48.9787490647,2.3106974455,1.1027265710465231e-08
48.7389484253,2.3155913361,4.5488104629315526e-08
48.7438423159,2.3155913361,1.1687908186809036e-07
48.7487362065,2.3155913361,2.8650815616175965e-07
48.7536300971,2.3155913361,6.700364614089226e-07
48.7585239877,2.3155913361,1.4949309429433375e-06
48.7634178783,2.3155913361,3.1820358951343602e-06
48.7683117689,2.3155913361,6.461751701661263e-06
48.7732056595,2.3155913361,1.2518627176517243e-05
48.7780995501,2.3155913361,2.3137924218701007e-05
48.7829934407,2.3155913361,4.079935843695784e-05
48.7878873313,2.3155913361,6.863466730572199e-05
48.7927812219,2.3155913361,0.0001101526679318712
48.7976751125,2.3155913361,0.0001686583648120017
48.8025690031,2.3155913361,0.0002463669018813494
48.8074628937,2.3155913361,0.0003433357120526906
48.8123567843,2.3155913361,0.0004564768307844725
48.8172506749,2.3155913361,0.0005790061805974403
48.8221445655,2.3155913361,0.000700671084054267
48.8270384561,2.3155913361,0.0008089338219032688
48.8319323467,2.3155913361,0.0008910026963618788
48.8368262373,2.3155913361,0.0009362870099364647
48.8417201279,2.3155913361,0.000938871632704523
48.8466140185,2.3155913361,0.0009323960297412441
48.8515079091,2.3155913361,0.0019557212593589914
48.8564017997,2.3155913361,0.009065915251011272
48.8612956903,2.3155913361,0.01435846196456231
48.8661895809,2.3155913361,0.005557273845332631
48.8710834715,2.3155913361,0.0007765551467878323
48.8759773621,2.3155913361,0.00026881125349981493
48.8808712527,2.3155913361,0.0002271526885258745
48.8857651433,2.3155913361,0.0003775368677688839
48.8906590339,2.3155913361,0.0007892387264423086
48.8955529245,2.3155913361,0.0010925586107279962
48.9004468151,2.3155913361,0.0008464985138756571
48.9053407057,2.3155913361,0.0003578410239868746
48.9102345963,2.3155913361,8.419202522552117e-05
48.9151284869,2.3155913361,1.2705219705440135e-05
48.9200223775,2.3155913361,2.2210498226373682e-06
48.9249162681,2.3155913361,7.769734477300069e-07
48.9298101587,2.3155913361,4.2148316908949427e-07
48.9347040493,2.3155913361,4.505096731849464e-07
48.9395979399,2.3155913361,7.632830205221995e-07
48.9444918305,2.3155913361,1.1858879128851652e-06
48.9493857211,2.3155913361,1.4186791339836321e-06
48.9542796117,2.3155913361,1.2647851624366376e-06
48.9591735023,2.3155913361,8.350389754061063e-07
48.9640673929,2.3155913361,4.076975937607801e-07
48.9689612835,2.3155913361,1.4714657200965705e-07
48.9738551741,2.3155913361,3.925561450747943e-08
48.9787490647,2.3155913361,7.741096666950512e-09
48.7389484253,2.3204852267,2.569698319134107e-08
48.7438423159,2.3204852267,6.856413901444926e-08
48.7487362065,2.3204852267,1.7453123483120623e-07
48.7536300971,2.3204852267,4.2384839628559016e-07
48.7585239877,2.3204852267,9.81994771380904e-07
48.7634178783,2.3204852267,2.1705463030051874e-06
48.7683117689,2.3204852267,4.577097699493162e-06
48.7732056595,2.3204852267,9.208153696336442e-06
48.7780995501,2.3204852267,1.7673240571783077e-05
48.7829934407,2.3204852267,3.236093688748516e-05
48.7878873313,2.3204852267,5.653108342933396e-05
48.7927812219,2.3204852267,9.421391428824972e-05
48.7976751125,2.3204852267,0.0001497976004780034
48.8025690031,2.3204852267,0.0002272260500944429
48.8074628937,2.3204852267,0.00032883480726513784
48.8123567843,2.3204852267,0.00045401383363841895
48.8172506749,2.3204852267,0.0005980527763125342
48.8221445655,2.3204852267,0.0007516172936519259
48.8270384561,2.3204852267,0.0009012478513529943
48.8319323467,2.3204852267,0.0010310396583644297
48.8368262373,2.3204852267,0.0011253061420486434
48.8417201279,2.3204852267,0.0011717459155434196
48.8466140185,2.3204852267,0.001176302760799928
48.8515079091,2.3204852267,0.0015146086450856472
48.8564017997,2.3204852267,0.0040185390477131214
48.8612956903,2.3204852267,0.005829371651778518
48.8661895809,2.3204852267,0.002539789009381189
48.8710834715,2.3204852267,0.0007063590793688926
48.8759773621,2.3204852267,0.00042342362472055375
48.8808712527,2.3204852267,0.0003500377519604197
48.8857651433,2.3204852267,0.00047922809526197344
48.8906590339,2.3204852267,0.0008993153548921723
48.8955529245,2.3204852267,0.0012200665821856533
48.9004468151,2.3204852267,0.0009515531105875446
48.9053407057,2.3204852267,0.0004107390013711656
48.9102345963,2.3204852267,0.00010179576890436452
48.9151284869,2.3204852267,1.813716135692287e-05
48.9200223775,2.3204852267,4.430361117582192e-06
48.9249162681,2.3204852267,1.9521452699562143e-06
48.9298101587,2.3204852267,1.410805594554584e-06
48.9347040493,2.3204852267,1.838748308181231e-06
48.9395979399,2.3204852267,2.771298334181805e-06
48.9444918305,2.3204852267,3.456650007197811e-06
48.9493857211,2.3204852267,3.267322823181569e-06
48.9542796117,2.3204852267,2.296870538032981e-06
48.9591735023,2.3204852267,1.19559639212187e-06
48.9640673929,2.3204852267,4.6028999651390954e-07
48.9689612835,2.3204852267,1.3102439251064502e-07
48.9738551741,2.3204852267,2.757986512805352e-08
48.9787490647,2.3204852267,4.29577091743445e-09
48.7389484253,2.3253791173,1.3600404315639918e-08
48.7438423159,2.3253791173,3.768275458632243e-08
48.7487362065,2.3253791173,9.960811299895423e-08
48.7536300971,2.3253791173,2.511932887168997e-07
48.7585239877,2.3253791173,6.043417520677513e-07
48.7634178783,2.3253791173,1.3871339946880287e-06
48.7683117689,2.3253791173,3.037494361387956e-06
48.7732056595,2.3253791173,6.345616181677093e-06
48.7780995501,2.3253791173,1.2647171199144892e-05
48.7829934407,2.3253791173,2.4047745672060857e-05
48.7878873313,2.3253791173,4.362315501380524e-05
48.7927812219,2.3253791173,7.549577159734649e-05
48.7976751125,2.3253791173,0.00012465053074526988
48.8025690031,2.3253791173,0.00019635361916555088
48.8074628937,2.3253791173,0.00029510166862981425
48.8123567843,2.3253791173,0.00042317184524053237
48.8172506749,2.3253791173,0.0005790363209288568
48.8221445655,2.3253791173,0.0007560769737052146
48.8270384561,2.3253791173,0.0009421050940835107
48.8319323467,2.3253791173,0.0011201126463492883
48.8368262373,2.3253791173,0.001270454721759138
48.8417201279,2.3253791173,0.0013742846010520175
48.8466140185,2.3253791173,0.0014185040532034862
48.8515079091,2.3253791173,0.0014275191140122776
48.8564017997,2.3253791173,0.0015525911986029866
48.8612956903,2.3253791173,0.0015719754422285316
48.8661895809,2.3253791173,0.001146213107982992
48.8710834715,2.3253791173,0.0008253347226762206
48.8759773621,2.3253791173,0.0006375508738952998
48.8808712527,2.3253791173,0.000523816790857855
48.8857651433,2.3253791173,0.0006218590144767842
48.8906590339,2.3253791173,0.0010387796137691168
48.8955529245,2.3253791173,0.0013681678082394773
48.9004468151,2.3253791173,0.0010723118657735519
48.9053407057,2.3253791173,0.00047500679166405163
48.9102345963,2.3253791173,0.00012642645411812192
48.9151284869,2.3253791173,2.7568378489510083e-05
48.9200223775,2.3253791173,9.030983711625067e-06
48.9249162681,2.3253791173,5.050032321070211e-06
48.9298101587,2.3253791173,4.774300918500938e-06
48.9347040493,2.3253791173,6.370726855637834e-06
48.9395979399,2.3253791173,8.023150153891502e-06
48.9444918305,2.3253791173,7.962089235085473e-06
48.9493857211,2.3253791173,5.940134994492258e-06
48.9542796117,2.3253791173,3.29265003487021e-06
48.9591735023,2.3253791173,1.351721973663417e-06
48.9640673929,2.3253791173,4.106660569720094e-07
48.9689612835,2.3253791173,9.2369793147375e-08
48.9738551741,2.3253791173,1.541664148849503e-08
48.9787490647,2.3253791173,1.925001565516328e-09
48.7389484253,2.3302730079,6.7438341006677986e-09
48.7438423159,2.3302730079,1.9403212359657614e-08
48.7487362065,2.3302730079,5.326005909359718e-08
48.7536300971,2.3302730079,1.3947324306974006e-07
48.7585239877,2.3302730079,3.4845074965436836e-07
48.7634178783,2.3302730079,8.305258542098194e-07
48.7683117689,2.3302730079,1.888539903586602e-06
48.7732056595,2.3302730079,4.096948096835221e-06
48.7780995501,2.3302730079,8.479225565498986e-06
48.7829934407,2.3302730079,1.6742253411676944e-05
48.7878873313,2.3302730079,3.153810487815454e-05
48.7927812219,2.3302730079,5.667965123896526e-05
48.7976751125,2.3302730079,9.718610192543116e-05
48.8025690031,2.3302730079,0.00015900154199307448
48.8074628937,2.3302730079,0.0002482470904448631
48.8123567843,2.3302730079,0.0003699585131797255
48.8172506749,2.3302730079,0.000526409594384984
48.8221445655,2.3302730079,0.0007152731775173892
48.8270384561,2.3302730079,0.0009280061001086756
48.8319323467,2.3302730079,0.0011490316199279187
48.8368262373,2.3302730079,0.001356531300524521
48.8417201279,2.3302730079,0.001525576215800465
48.8466140185,2.3302730079,0.0016334158201858702
48.8515079091,2.3302730079,0.001665686785357302
48.8564017997,2.3302730079,0.0016216442447644912
48.8612956903,2.3302730079,0.0015052178852647414
48.8661895809,2.3302730079,0.0013269549745348805
48.8710834715,2.3302730079,0.0011184631140523772
48.8759773621,2.3302730079,0.0009069328816314711
48.8808712527,2.3302730079,0.0007503498020969377
48.8857651433,2.3302730079,0.0008109589578925559
48.8906590339,2.3302730079,0.0012141693157596387
48.8955529245,2.3302730079,0.0015427165149342176
48.9004468151,2.3302730079,0.001213921763665049
48.9053407057,2.3302730079,0.0005552640388829428
48.9102345963,2.3302730079,0.00016183091123412962
48.9151284869,2.3302730079,4.389180499662281e-05
48.9200223775,2.3302730079,1.8762723282346014e-05
48.9249162681,2.3302730079,1.3570357904589853e-05
48.9298101587,2.3302730079,1.4912373939288985e-05
48.9347040493,2.3302730079,1.803759230004905e-05
48.9395979399,2.3302730079,1.8446870630508638e-05
48.9444918305,2.3302730079,1.4508040169011942e-05
48.9493857211,2.3302730079,8.542628940133044e-06
48.9542796117,2.3302730079,3.737366289481994e-06
48.9591735023,2.3302730079,1.2127418994639728e-06
48.9640673929,2.3302730079,2.9227521591273854e-07
48.9689612835,2.3302730079,5.2662098396092594e-08
48.9738551741,2.3302730079,7.260480509317968e-09
48.9787490647,2.3302730079,8.317719358579309e-10
48.7389484253,2.3351668985000003,3.132905653857998e-09
48.7438423159,2.3351668985000003,9.360305244850632e-09
48.7487362065,2.3351668985000003,2.668049943484289e-08
48.7536300971,2.3351668985000003,7.25536301334103e-08
48.7585239877,2.3351668985000003,1.8822858957162127e-07
48.7634178783,2.3351668985000003,4.658791618104243e-07
48.7683117689,2.3351668985000003,1.1000749513602452e-06
48.7732056595,2.3351668985000003,2.4781793883242934e-06
48.7780995501,2.3351668985000003,5.3260527085239726e-06
48.7829934407,2.3351668985000003,1.0920521816368395e-05
48.7878873313,2.3351668985000003,2.1362708571818644e-05
48.7927812219,2.3351668985000003,3.987240037592436e-05
48.7976751125,2.3351668985000003,7.101685156581154e-05
48.8025690031,2.3351668985000003,0.00012074547666450039
48.8074628937,2.3351668985000003,0.00019609199592113407
48.8123567843,2.3351668985000003,0.0003044320470445924
48.8172506749,2.3351668985000003,0.0004521874270417058
48.8221445655,2.3351668985000003,0.0006427848052898836
48.8270384561,2.3351668985000003,0.0008736910365637076
48.8319323467,2.3351668985000003,0.0011330010213563685
48.8368262373,2.3351668985000003,0.0013975192883038826
48.8417201279,2.3351668985000003,0.0016351820448459208
48.8466140185,2.3351668985000003,0.0018128236650942191
48.8515079091,2.3351668985000003,0.0019060569790656544
48.8564017997,2.3351668985000003,0.0019056160592778298
48.8612956903,2.3351668985000003,0.001817132431838378
48.8661895809,2.3351668985000003,0.0016565486670270136
48.8710834715,2.3351668985000003,0.0014454980167557545
48.8759773621,2.3351668985000003,0.0012120907209532033
48.8808712527,2.3351668985000003,0.001020351227561159
48.8857651433,2.3351668985000003,0.0010439662986959943
48.8906590339,2.3351668985000003,0.001427023540627304
48.8955529245,2.3351668985000003,0.0017470422080556837
48.9004468151,2.3351668985000003,0.001380689242153601
48.9053407057,2.3351668985000003,0.0006563913049561725
48.9102345963,2.3351668985000003,0.0002128724542092445
48.9151284869,2.3351668985000003,7.226276676757772e-05
48.9200223775,2.3351668985000003,4.0325372780362234e-05
48.9249162681,2.3351668985000003,3.6130328147027205e-05
48.9298101587,2.3351668985000003,4.002021197832585e-05
48.9347040493,2.3351668985000003,4.108131168256348e-05
48.9395979399,2.3351668985000003,3.369285148566476e-05
48.9444918305,2.3351668985000003,2.098744565320904e-05
48.9493857211,2.3351668985000003,9.776631152028415e-06
48.9542796117,2.3351668985000003,3.3942596505088324e-06
48.9591735023,2.3351668985000003,8.815691232387823e-07
48.9640673929,2.3351668985000003,1.7410353404889258e-07
48.9689612835,2.3351668985000003,2.7574610544695997e-08
48.9738551741,2.3351668985000003,4.082628146845581e-09
48.9787490647,2.3351668985000003,7.379178650885918e-10
48.7389484253,2.3400607891000003,1.363556489695355e-09
48.7438423159,2.3400607891000003,4.230500649133334e-09
48.7487362065,2.3400607891000003,1.252194078617988e-08
48.7536300971,2.3400607891000003,3.5360042212849355e-08
48.7585239877,2.3400607891000003,9.526100507934511e-08
48.7634178783,2.3400607891000003,2.4483800761515856e-07
48.7683117689,2.3400607891000003,6.003492959179617e-07
48.7732056595,2.3400607891000003,1.4044025124867628e-06
48.7780995501,2.3400607891000003,3.1343353120792823e-06
48.7829934407,2.3400607891000003,6.673896515015294e-06
48.7878873313,2.3400607891000003,1.3559305402133414e-05
48.7927812219,2.3400607891000003,2.629294048943218e-05
48.7976751125,2.3400607891000003,4.8692901647775e-05
48.8025690031,2.3400607891000003,8.623291039900908e-05
48.8074628937,2.3400607891000003,0.00014633882161087854
48.8123567843,2.3400607891000003,0.0002385759457366256
48.8172506749,2.3400607891000003,0.000374353500553284
48.8221445655,2.3400607891000003,0.0005650322805314548
48.8270384561,2.3400607891000003,0.0008168428707395299
48.8319323467,2.3400607891000003,0.0011226361164458337
48.8368262373,2.3400607891000003,0.0014549136836031452
48.8417201279,2.3400607891000003,0.0017678874472247016
48.8466140185,2.3400607891000003,0.0020120040547294935
48.8515079091,2.3400607891000003,0.002153227577017292
48.8564017997,2.3400607891000003,0.0021832156022033792
48.8612956903,2.3400607891000003,0.0021143309491667007
48.8661895809,2.3400607891000003,0.001967110952959503
48.8710834715,2.3400607891000003,0.001762021311992432
48.8759773621,2.3400607891000003,0.0015228618410225367
48.8808712527,2.3400607891000003,0.0013112598094741623
48.8857651433,2.3400607891000003,0.0013067611728261516
48.8906590339,2.3400607891000003,0.001670183762056724
48.8955529245,2.3400607891000003,0.0019787382136081046
48.9004468151,2.3400607891000003,0.0015737450841359643
48.9053407057,2.3400607891000003,0.000782448780991916
48.9102345963,2.3400607891000003,0.000286412067933367
48.9151284869,2.3400607891000003,0.0001235219021867663
48.9200223775,2.3400607891000003,8.896887700806494e-05
48.9249162681,2.3400607891000003,8.8258722129572e-05
48.9298101587,2.3400607891000003,8.875777704786883e-05
48.9347040493,2.3400607891000003,7.49406402037128e-05
48.9395979399,2.3400607891000003,4.9123279806265957e-05
48.9444918305,2.3400607891000003,2.4345963545525243e-05
48.9493857211,2.3400607891000003,9.072886786289222e-06
48.9542796117,2.3400607891000003,2.564263700298811e-06
48.9591735023,2.3400607891000003,5.682456561150599e-07
48.9640673929,2.3400607891000003,1.0850938922686407e-07
48.9689612835,2.3400607891000003,2.1725932663826004e-08
48.9738551741,2.3400607891000003,5.426239598901606e-09
48.9787490647,2.3400607891000003,1.5962073525944766e-09
48.7389484253,2.3449546797000003,5.560122149912227e-10
48.7438423159,2.3449546797000003,1.791343616056897e-09
48.7487362065,2.3449546797000003,5.5059811095011954e-09
48.7536300971,2.3449546797000003,1.6145510737637332e-08
48.7585239877,2.3449546797000003,4.516792558677719e-08
48.7634178783,2.3449546797000003,1.2055076715848813e-07
48.7683117689,2.3449546797000003,3.0695325940217775e-07
48.7732056595,2.3449546797000003,7.456607339910701e-07
48.7780995501,2.3449546797000003,1.7282002441724988e-06
48.7829934407,2.3449546797000003,3.821987635187221e-06
48.7878873313,2.3449546797000003,8.06869010364798e-06
48.7927812219,2.3449546797000003,1.6277647824407027e-05
48.7976751125,2.3449546797000003,3.1452886937011645e-05
48.8025690031,2.3449546797000003,5.8457696168087824e-05
48.8074628937,2.3449546797000003,0.00010513363528383435
48.8123567843,2.3449546797000003,0.000184014476313265
48.8172506749,2.3449546797000003,0.0003138671868514961
48.8221445655,2.3449546797000003,0.0005181445430277406
48.8270384561,2.3449546797000003,0.0008158405047586991
48.8319323467,2.3449546797000003,0.0012038749266246296
48.8368262373,2.3449546797000003,0.0016408904155878032
48.8417201279,2.3449546797000003,0.0020505706349624856
48.8466140185,2.3449546797000003,0.002352433269101126
48.8515079091,2.3449546797000003,0.0025016352736774543
48.8564017997,2.3449546797000003,0.0025055425748306886
48.8612956903,2.3449546797000003,0.002404886028753531
48.8661895809,2.3449546797000003,0.002240508192591445
48.8710834715,2.3449546797000003,0.0020351177498825045
48.8759773621,2.3449546797000003,0.0018016295122410698
48.8808712527,2.3449546797000003,0.001588952706623875
48.8857651433,2.3449546797000003,0.0015728756723892838
48.8906590339,2.3449546797000003,0.0019255041446106336
48.8955529245,2.3449546797000003,0.002226942180700994
48.9004468151,2.3449546797000003,0.001789066369021943
48.9053407057,2.3449546797000003,0.0009370862766743366
48.9102345963,2.3449546797000003,0.0003956696452741256
48.9151284869,2.3449546797000003,0.00022096158233982983
48.9200223775,2.3449546797000003,0.00019109789010018636
48.9249162681,2.3449546797000003,0.00018588832879750788
48.9298101587,2.3449546797000003,0.00016006750789435817
48.9347040493,2.3449546797000003,0.00010992981729161723
48.9395979399,2.3449546797000003,5.796251262026245e-05
48.9444918305,2.3449546797000003,2.3294543757389556e-05
48.9493857211,2.3449546797000003,7.2516957927663475e-06
48.9542796117,2.3449546797000003,1.8476265788663211e-06
48.9591735023,2.3449546797000003,4.378873381550094e-07
48.9640673929,2.3449546797000003,1.1547067284442286e-07
48.9689612835,2.3449546797000003,3.602601457489444e-08
48.9738551741,2.3449546797000003,1.2118152203684943e-08
48.9787490647,2.3449546797000003,4.040308856026375e-09
48.7389484253,2.3498485703,2.124129108616769e-10
48.7438423159,2.3498485703,7.10642889269315e-10
48.7487362065,2.3498485703,2.2682095333607105e-09
48.7536300971,2.3498485703,6.9067892640046145e-09
48.7585239877,2.3498485703,2.006460765158398e-08
48.7634178783,2.3498485703,5.5609300403592474e-08
48.7683117689,2.3498485703,1.470383693744286e-07
48.7732056595,2.3498485703,3.709355035100457e-07
48.7780995501,2.3498485703,8.929318694136992e-07
48.7829934407,2.3498485703,2.0521684605194594e-06
48.7878873313,2.3498485703,4.50937740123432e-06
48.7927812219,2.3498485703,9.507666839164363e-06
48.7976751125,2.3498485703,1.9373932926259976e-05
48.8025690031,2.3498485703,3.859629255256422e-05
48.8074628937,2.3498485703,7.61283421003762e-05
48.8123567843,2.3498485703,0.00014945659492604494
48.8172506749,2.3498485703,0.00028902471897417124
48.8221445655,2.3498485703,0.0005369682126659363
48.8270384561,2.3498485703,0.0009305765126100653
48.8319323467,2.3498485703,0.001468279506527293
48.8368262373,2.3498485703,0.002078115423348816
48.8417201279,2.3498485703,0.002625361396875301
48.8466140185,2.3498485703,0.0029746177575089208
48.8515079091,2.3498485703,0.0030673342251635012
48.8564017997,2.3498485703,0.0029488082325774857
48.8612956903,2.3498485703,0.0027219531031849593
48.8661895809,2.3498485703,0.002474045958051389
48.8710834715,2.3498485703,0.0022384047777050274
48.8759773621,2.3498485703,0.0020105042257272665
48.8808712527,2.3498485703,0.0018136032261975318
48.8857651433,2.3498485703,0.0018067645899719042
48.8906590339,2.3498485703,0.002164794576105714
48.8955529245,2.3498485703,0.0024723124185218486
48.9004468151,2.3498485703,0.002019117876464316
48.9053407057,2.3498485703,0.001129920601544281
48.9102345963,2.3498485703,0.0005701651576579562
48.9151284869,2.3498485703,0.000403992993343665
48.9200223775,2.3498485703,0.000372417140826232
48.9249162681,2.3498485703,0.00032607522905413834
48.9298101587,2.3498485703,0.00023438782179912118
48.9347040493,2.3498485703,0.00013165055802169664
48.9395979399,2.3498485703,5.733288691430471e-05
48.9444918305,2.3498485703,1.985393066727618e-05
48.9493857211,2.3498485703,5.89141192426521e-06
48.9542796117,2.3498485703,1.7210638358487303e-06
48.9591735023,2.3498485703,5.631031186989361e-07
48.9640673929,2.3498485703,2.0530626769256674e-07
48.9689612835,2.3498485703,7.682000490049113e-08
48.9738551741,2.3498485703,2.8002381083415825e-08
48.9787490647,2.3498485703,9.779127795328743e-09
48.7389484253,2.3547424609,7.60261272538357e-11
48.7438423159,2.3547424609,2.64124878943127e-10
48.7487362065,2.3547424609,8.754211218084733e-10
48.7536300971,2.3547424609,2.7681276224063385e-09
48.7585239877,2.3547424609,8.350591556511792e-09
48.7634178783,2.3547424609,2.403332986292639e-08
48.7683117689,2.3547424609,6.599221104657852e-08
48.7732056595,2.3547424609,1.7291031838258945e-07
48.7780995501,2.3547424609,4.32554575016561e-07
48.7829934407,2.3547424609,1.0349264367922164e-06
48.7878873313,2.3547424609,2.3793434637495514e-06
48.7927812219,2.3547424609,5.31173384482147e-06
48.7976751125,2.3547424609,1.1729475808257671e-05
48.8025690031,2.3547424609,2.6199281686179696e-05
48.8074628937,2.3547424609,5.984504593673226e-05
48.8123567843,2.3547424609,0.0001375992438622337
48.8172506749,2.3547424609,0.0003064709129803777
48.8221445655,2.3547424609,0.0006342491758287059
48.8270384561,2.3547424609,0.0011818265466973545
48.8319323467,2.3547424609,0.0019453841179386025
48.8368262373,2.3547424609,0.0028034993201923033
48.8417201279,2.3547424609,0.0035328483861416437
48.8466140185,2.3547424609,0.0039175951036704276
48.8515079091,2.3547424609,0.0038824038085298507
48.8564017997,2.3547424609,0.003533733488889418
48.8612956903,2.3547424609,0.003072169912923074
48.8661895809,2.3547424609,0.0026595420848352725
48.8710834715,2.3547424609,0.0023502680439489152
48.8759773621,2.3547424609,0.0021178006827813206
48.8808712527,2.3547424609,0.0019481834265746357
48.8857651433,2.3547424609,0.001971212460131419
48.8906590339,2.3547424609,0.002355659584535379
48.8955529245,2.3547424609,0.0026936667169024224
48.9004468151,2.3547424609,0.002264472649626232
48.9053407057,2.3547424609,0.0013924358436268665
48.9102345963,2.3547424609,0.0008619455396592442
48.9151284869,2.3547424609,0.0007088481778998101
48.9200223775,2.3547424609,0.000624191635333381
48.9249162681,2.3547424609,0.0004704496382823163
48.9298101587,2.3547424609,0.000282160250258303
48.9347040493,2.3547424609,0.00013354878824009336
48.9395979399,2.3547424609,5.159926543812828e-05
48.9444918305,2.3547424609,1.7759295866038684e-05
48.9493857211,2.3547424609,6.2073218089895795e-06
48.9542796117,2.3547424609,2.3918413754605834e-06
48.9591735023,2.3547424609,9.839418372426822e-07
48.9640673929,2.3547424609,4.048076956475091e-07
48.9689612835,2.3547424609,1.6093571533197877e-07
48.9738551741,2.3547424609,6.119285833626603e-08
48.9787490647,2.3547424609,2.220588426965414e-08
48.7389484253,2.3596363515,2.5493543610251115e-11
48.7438423159,2.3596363515,9.197135715561606e-11
48.7487362065,2.3596363515,3.1654562198088936e-10
48.7536300971,2.3596363515,1.0393978236007085e-09
48.7585239877,2.3596363515,3.256054313274537e-09
48.7634178783,2.3596363515,9.731478912206564e-09
48.7683117689,2.3596363515,2.775246193845987e-08
48.7732056595,2.3596363515,7.55591648174701e-08
48.7780995501,2.3596363515,1.9674933952964544e-07
48.7829934407,2.3596363515,4.925749422344176e-07
48.7878873313,2.3596363515,1.2012638705798072e-06
48.7927812219,2.3596363515,2.9273926009991753e-06
48.7976751125,2.3596363515,7.373832107478535e-06
48.8025690031,2.3596363515,1.9559123859776206e-05
48.8074628937,2.3596363515,5.344297820913889e-05
48.8123567843,2.3596363515,0.00014265001202651005
48.8172506749,2.3596363515,0.0003528292901970992
48.8221445655,2.3596363515,0.0007799195920866682
48.8270384561,2.3596363515,0.0015094804193498494
48.8319323467,2.3596363515,0.0025320065148055873
48.8368262373,2.3596363515,0.003666801321203544
48.8417201279,2.3596363515,0.004588379163228504
48.8466140185,2.3596363515,0.004990483233717091
48.8515079091,2.3596363515,0.004781581171797844
48.8564017997,2.3596363515,0.004141023645247364
48.8612956903,2.3596363515,0.0033834925587931
48.8661895809,2.3596363515,0.00275855518529759
48.8710834715,2.3596363515,0.002347800198554496
48.8759773621,2.3596363515,0.0021024533828642514
48.8808712527,2.3596363515,0.0019674693399436833
48.8857651433,2.3596363515,0.0020379934868653953
48.8906590339,2.3596363515,0.0024746681955334477
48.8955529245,2.3596363515,0.002887852956453299
48.9004468151,2.3596363515,0.0025595309752214916
48.9053407057,2.3596363515,0.0017900407713491685
48.9102345963,2.3596363515,0.0013180734109854058
48.9151284869,2.3596363515,0.0011146881288538408
48.9200223775,2.3596363515,0.0008749762179329609
48.9249162681,2.3596363515,0.0005611008823215657
48.9298101587,2.3596363515,0.00028855727567453696
48.9347040493,2.3596363515,0.00012379342936822506
48.9395979399,2.3596363515,4.862940639902301e-05
48.9444918305,2.3596363515,1.967450310486289e-05
48.9493857211,2.3596363515,8.625365182564734e-06
48.9542796117,2.3596363515,3.933691225574113e-06
48.9591735023,2.3596363515,1.770290146063221e-06
48.9640673929,2.3596363515,7.667970572865559e-07
48.9689612835,2.3596363515,3.173982425849409e-07
48.9738551741,2.3596363515,1.2536992489651723e-07
48.9787490647,2.3596363515,4.724487117206675e-08
48.7389484253,2.3645302421,8.009085478301465e-12
48.7438423159,2.3645302421,3.0004147343973684e-11
48.7487362065,2.3645302421,1.0723614707579765e-10
48.7536300971,2.3645302421,3.656489143451687e-10
48.7585239877,2.3645302421,1.18948637942326e-09
48.7634178783,2.3645302421,3.69207084794978e-09
48.7683117689,2.3645302421,1.0939071473782035e-08
48.7732056595,2.3645302421,3.098700221974167e-08
48.7780995501,2.3645302421,8.435206111114354e-08
48.7829934407,2.3645302421,2.2378094297710315e-07
48.7878873313,2.3645302421,5.964926999862686e-07
48.7927812219,2.3645302421,1.671753192198525e-06
48.7976751125,2.3645302421,5.075046916257069e-06
48.8025690031,2.3645302421,1.6274562593330006e-05
48.8074628937,2.3645302421,5.155828167694964e-05
48.8123567843,2.3645302421,0.00015143014700662053
48.8172506749,2.3645302421,0.0003960164952313832
48.8221445655,2.3645302421,0.0009026501145429086
48.8270384561,2.3645302421,0.0017746265538350142
48.8319323467,2.3645302421,0.0029954862395942137
48.8368262373,2.3645302421,0.004335639852240803
48.8417201279,2.3645302421,0.005388794895785046
48.8466140185,2.3645302421,0.005779801584614339
48.8515079091,2.3645302421,0.005408381678275209
48.8564017997,2.3645302421,0.004515023461159425
48.8612956903,2.3645302421,0.003506598535677168
48.8661895809,2.3645302421,0.002703135604619009
48.8710834715,2.3645302421,0.0022088824410222137
48.8759773621,2.3645302421,0.0019588132741168367
48.8808712527,2.3645302421,0.0018664743454541192
48.8857651433,2.3645302421,0.0020023184070299812
48.8906590339,2.3645302421,0.0025329352172081586
48.8955529245,2.3645302421,0.003105658448480126
48.9004468151,2.3645302421,0.002992718884542256
48.9053407057,2.3645302421,0.0023864316529954954
48.9102345963,2.3645302421,0.001901400581526939
48.9151284869,2.3645302421,0.0014997643762183078
48.9200223775,2.3645302421,0.0010195457730430547
48.9249162681,2.3645302421,0.0005670120036182547
48.9298101587,2.3645302421,0.00026724147942071166
48.9347040493,2.3645302421,0.00011736411876080612
48.9395979399,2.3645302421,5.3456200397894166e-05
48.9444918305,2.3645302421,2.6099899370935258e-05
48.9493857211,2.3645302421,1.3075531647436591e-05
48.9542796117,2.3645302421,6.420681524432996e-06
48.9591735023,2.3645302421,3.0285722644006795e-06
48.9640673929,2.3645302421,1.3646046251121262e-06
48.9689612835,2.3645302421,5.866968203217931e-07
48.9738551741,2.3645302421,2.406522979126826e-07
48.9787490647,2.3645302421,9.417338891674082e-08
48.7389484253,2.3694241327,2.35733358573852e-12
48.7438423159,2.3694241327,9.17055175110049e-12
48.7487362065,2.3694241327,3.4035503263812533e-11
48.7536300971,2.3694241327,1.2051371508546754e-10
48.7585239877,2.3694241327,4.0713295339422835e-10
48.7634178783,2.3694241327,1.3126861305898063e-09
48.7683117689,2.3694241327,4.044241551991185e-09
48.7732056595,2.3694241327,1.1957264940348836e-08
48.7780995501,2.3694241327,3.43708219112208e-08
48.7829934407,2.3694241327,9.914883627216451e-08
48.7878873313,2.3694241327,3.0310955836086516e-07
48.7927812219,2.3694241327,1.027824755022827e-06
48.7976751125,2.3694241327,3.7896848962679925e-06
48.8025690031,2.3694241327,1.4054342939972979e-05
48.8074628937,2.3694241327,4.861263091356855e-05
48.8123567843,2.3694241327,0.00014975192765004068
48.8172506749,2.3694241327,0.000401437419768649
48.8221445655,2.3694241327,0.0009263362476973242
48.8270384561,2.3694241327,0.0018309718426828547
48.8319323467,2.3694241327,0.003093818993442722
48.8368262373,2.3694241327,0.004468128127268729
48.8417201279,2.3694241327,0.005523612980871962
48.8466140185,2.3694241327,0.005868733148160921
48.8515079091,2.3694241327,0.005407609525934436
48.8564017997,2.3694241327,0.004405801174398419
48.8612956903,2.3694241327,0.003302093077911237
48.8661895809,2.3694241327,0.002439504956011787
48.8710834715,2.3694241327,0.0019297918519976978
48.8759773621,2.3694241327,0.0017039282937935593
48.8808712527,2.3694241327,0.0016699842716194912
48.8857651433,2.3694241327,0.0019061034634738018
48.8906590339,2.3694241327,0.0026157073536905665
48.8955529245,2.3694241327,0.0034769301361083555
48.9004468151,2.3694241327,0.003660386067367977
48.9053407057,2.3694241327,0.0031331022544041263
48.9102345963,2.3694241327,0.0024267887771089553
48.9151284869,2.3694241327,0.0016911595102884853
48.9200223775,2.3694241327,0.0010013485849140853
48.9249162681,2.3694241327,0.0005106160808836588
48.9298101587,2.3694241327,0.00024530608942202055
48.9347040493,2.3694241327,0.00012297519473580237
48.9395979399,2.3694241327,6.592830816965578e-05
48.9444918305,2.3694241327,3.608655981107737e-05
48.9493857211,2.3694241327,1.9308273498331494e-05
48.9542796117,2.3694241327,9.915353386162646e-06
48.9591735023,2.3694241327,4.8630175025702285e-06
48.9640673929,2.3694241327,2.275773401359075e-06
48.9689612835,2.3694241327,1.0160617968761673e-06
48.9738551741,2.3694241327,4.3278580310404245e-07
48.9787490647,2.3694241327,1.758681397749615e-07
48.7389484253,2.3743180233,6.500467327092424e-13
48.7438423159,2.3743180233,2.6260036604204098e-12
48.7487362065,2.3743180233,1.0120699690230231e-11
48.7536300971,2.3743180233,3.72139518078267e-11
48.7585239877,2.3743180233,1.3057486197051768e-10
48.7634178783,2.3743180233,4.375420863267872e-10
48.7683117689,2.3743180233,1.4045444946431852e-09
48.7732056595,2.3743180233,4.364250863137814e-09
48.7780995501,2.3743180233,1.350617402605343e-08
48.7829934407,2.3743180233,4.41006253723635e-08
48.7878873313,2.3743180233,1.6195562097482832e-07
48.7927812219,2.3743180233,6.679132212768969e-07
48.7976751125,2.3743180233,2.8500097406793556e-06
48.8025690031,2.3743180233,1.1503040073413566e-05
48.8074628937,2.3743180233,4.154816890541467e-05
48.8123567843,2.3743180233,0.00013072225800485538
48.8172506749,2.3743180233,0.00035393370781597046
48.8221445655,2.3743180233,0.0008201832384353308
48.8270384561,2.3743180233,0.0016228841252414331
48.8319323467,2.3743180233,0.0027396482537206538
48.8368262373,2.3743180233,0.003946687341165411
48.8417201279,2.3743180233,0.00485867016460756
48.8466140185,2.3743180233,0.005129336058453354
48.8515079091,2.3743180233,0.004680237915083242
48.8564017997,2.3743180233,0.003756248774192474
48.8612956903,2.3743180233,0.0027545316893303083
48.8661895809,2.3743180233,0.0019838794960117074
48.8710834715,2.3743180233,0.0015458519072610959
48.8759773621,2.3743180233,0.0013858499459945214
48.8808712527,2.3743180233,0.0014493378286968854
48.8857651433,2.3743180233,0.001873117720810762
48.8906590339,2.3743180233,0.002904753772732409
48.8955529245,2.3743180233,0.004148025826775851
48.9004468151,2.3743180233,0.004516931295585985
48.9053407057,2.3743180233,0.0037786042114235797
48.9102345963,2.3743180233,0.002638559685993998
48.9151284869,2.3743180233,0.0016007329884791975
48.9200223775,2.3743180233,0.0008601832115385785
48.9249162681,2.3743180233,0.00044120634857651344
48.9298101587,2.3743180233,0.00023841469208783276
48.9347040493,2.3743180233,0.0001387468473062613
48.9395979399,2.3743180233,8.264672341986746e-05
48.9444918305,2.3743180233,4.8137737053643775e-05
48.9493857211,2.3743180233,2.6908187694220772e-05
48.9542796117,2.3743180233,1.4364838082873742e-05
48.9591735023,2.3743180233,7.3171026458885765e-06
48.9640673929,2.3743180233,3.5558627805531305e-06
48.9689612835,2.3743180233,1.648589648263574e-06
48.9738551741,2.3743180233,7.291912030003539e-07
48.9787490647,2.3743180233,3.077028525616408e-07
48.7389484253,2.3792119139,1.679397914712903e-13
48.7438423159,2.3792119139,7.045006108837745e-13
48.7487362065,2.3792119139,2.8195470256342843e-12
48.7536300971,2.3792119139,1.076685202993432e-11
48.7585239877,2.3792119139,3.924716808426674e-11
48.7634178783,2.3792119139,1.3682926416640087e-10
48.7683117689,2.3792119139,4.5950555843648897e-10
48.7732056595,2.3792119139,1.5195131498551282e-09
48.7780995501,2.3792119139,5.214952486517417e-09
48.7829934407,2.3792119139,2.0073683063715052e-08
48.7878873313,2.3792119139,8.937398664074325e-08
48.7927812219,2.3792119139,4.286977768896561e-07
48.7976751125,2.3792119139,1.9955635912481063e-06
48.8025690031,2.3792119139,8.405689245322081e-06
48.8074628937,2.3792119139,3.0964779389660365e-05
48.8123567843,2.3792119139,9.8279031448323e-05
48.8172506749,2.3792119139,0.0002670185356587674
48.8221445655,2.3792119139,0.0006192675326741555
48.8270384561,2.3792119139,0.0012244944457325492
48.8319323467,2.3792119139,0.0020637049293164714
48.8368262373,2.3792119139,0.0029657055719162118
48.8417201279,2.3792119139,0.0036390722311499413
48.8466140185,2.3792119139,0.0038249789459657317
48.8515079091,2.3792119139,0.003469175748731061
48.8564017997,2.3792119139,0.0027614824194991047
48.8612956903,2.3792119139,0.0020048305572651424
48.8661895809,2.3792119139,0.0014344921256572005
48.8710834715,2.3792119139,0.0011345860728912097
48.8759773621,2.3792119139,0.0010939783179650037
48.8808712527,2.3792119139,0.0013508325810225334
48.8857651433,2.3792119139,0.00212455319990533
48.8906590339,2.3792119139,0.0035958567481110706
48.8955529245,2.3792119139,0.00508640002026744
48.9004468151,2.3792119139,0.005248396663556126
48.9053407057,2.3792119139,0.003976455691535935
48.9102345963,2.3792119139,0.0024164348829207698
48.9151284869,2.3792119139,0.0013024441430660608
48.9200223775,2.3792119139,0.0006866848291415193
48.9249162681,2.3792119139,0.00038996095025740457
48.9298101587,2.3792119139,0.0002432767859530341
48.9347040493,2.3792119139,0.00015706242126719782
48.9395979399,2.3792119139,9.949435853186794e-05
48.9444918305,2.3792119139,6.052919468874597e-05
48.9493857211,2.3792119139,3.517153389433257e-05
48.9542796117,2.3792119139,1.9500426163015213e-05
48.9591735023,2.3792119139,1.0314890543120622e-05
48.9640673929,2.3792119139,5.205313451603015e-06
48.9689612835,2.3792119139,2.506054012148471e-06
48.9738551741,2.3792119139,1.1510527232596815e-06
48.9787490647,2.3792119139,5.043839456593709e-07
48.7389484253,2.3841058045,4.064885331504738e-14
48.7438423159,2.3841058045,1.7707395343845458e-13
48.7487362065,2.3841058045,7.359440291059119e-13
48.7536300971,2.3841058045,2.9188840415519936e-12
48.7585239877,2.3841058045,1.1059195413935534e-11
48.7634178783,2.3841058045,4.019653163569675e-11
48.7683117689,2.3841058045,1.4220379310219863e-10
48.7732056595,2.3841058045,5.099007474829162e-10
48.7780995501,2.3841058045,2.0037974322120795e-09
48.7829934407,2.3841058045,9.235420213536048e-09
48.7878873313,2.3841058045,4.81587366740047e-08
48.7927812219,2.3841058045,2.540482097514351e-07
48.7976751125,2.3841058045,1.2382650978875628e-06
48.8025690031,2.3841058045,5.322953271646267e-06
48.8074628937,2.3841058045,1.9776615217064096e-05
48.8123567843,2.3841058045,6.296744582672311e-05
48.8172506749,2.3841058045,0.00017118302267855225
48.8221445655,2.3841058045,0.00039673355201771905
48.8270384561,2.3841058045,0.0007833642240616706
48.8319323467,2.3841058045,0.001317764605252969
48.8368262373,2.3841058045,0.0018894840031155491
48.8417201279,2.3841058045,0.002312495901962932
48.8466140185,2.3841058045,0.002423499687677247
48.8515079091,2.3841058045,0.0021911169354335643
48.8564017997,2.3841058045,0.0017396435392943175
48.8612956903,2.3841058045,0.0012651927412199804
48.8661895809,2.3841058045,0.0009252879826461935
48.8710834715,2.3841058045,0.000803622329856124
48.8759773621,2.3841058045,0.000977509854691554
48.8808712527,2.3841058045,0.0016061617384076157
48.8857651433,2.3841058045,0.0028821469263473403
48.8906590339,2.3841058045,0.004662345437050294
48.8955529245,2.3841058045,0.005915314315873219
48.9004468151,2.3841058045,0.005410692066379867
48.9053407057,2.3841058045,0.0035737863518211697
48.9102345963,2.3841058045,0.0018891942234422875
48.9151284869,2.3841058045,0.0009559939366164403
48.9200223775,2.3841058045,0.0005435384079846451
48.9249162681,2.3841058045,0.0003561748977251302
48.9298101587,2.3841058045,0.0002477695313655754
48.9347040493,2.3841058045,0.00017049140746696814
48.9395979399,2.3841058045,0.00011286296832064377
48.9444918305,2.3841058045,7.138018680404485e-05
48.9493857211,2.3841058045,4.30768449943099e-05
48.9542796117,2.3841058045,2.4801560880614633e-05
48.9591735023,2.3841058045,1.3623100510454189e-05
48.9640673929,2.3841058045,7.138947510687562e-06
48.9689612835,2.3841058045,3.569058500120271e-06
48.9738551741,2.3841058045,1.7022933104811616e-06
48.9787490647,2.3841058045,7.745979919002109e-07
48.7389484253,2.3889996951,9.21783588257504e-15
48.7438423159,2.3889996951,4.1698193053877274e-14
48.7487362065,2.3889996951,1.7997721666244495e-13
48.7536300971,2.3889996951,7.415501379192036e-13
48.7585239877,2.3889996951,2.9228945093157016e-12
48.7634178783,2.3889996951,1.1111625021817563e-11
48.7683117689,2.3889996951,4.182047982070216e-11
48.7732056595,2.3889996951,1.6605392214284304e-10
48.7780995501,2.3889996951,7.611901046287907e-10
48.7829934407,2.3889996951,4.118214964156111e-09
48.7878873313,2.3889996951,2.391915508879015e-08
48.7927812219,2.3889996951,1.331374897521054e-07
48.7976751125,2.3889996951,6.641736358160036e-07
48.8025690031,2.3889996951,2.881903124168853e-06
48.8074628937,2.3889996951,1.0742586435106642e-05
48.8123567843,2.3889996951,3.422353287809406e-05
48.8172506749,2.3889996951,9.297438630595307e-05
48.8221445655,2.3889996951,0.00021518548518356857
48.8270384561,2.3889996951,0.0004241659760381697
48.8319323467,2.3889996951,0.0007121650355818008
48.8368262373,2.3889996951,0.0010190911679740862
48.8417201279,2.3889996951,0.001244768262501769
48.8466140185,2.3889996951,0.001302343571402564
48.8515079091,2.3889996951,0.0011769199207546568
48.8564017997,2.3889996951,0.0009382149639153342
48.8612956903,2.3889996951,0.0006989922641493857
48.8661895809,2.3889996951,0.0005724546303561161
48.8710834715,2.3889996951,0.0006903647561432341
48.8759773621,2.3889996951,0.001251391310028245
48.8808712527,2.3889996951,0.00243242284406815
48.8857651433,2.3889996951,0.0041077286261986075
48.8906590339,2.3889996951,0.005659382372212939
48.8955529245,2.3889996951,0.006083670901991159
48.9004468151,2.3889996951,0.004810354279593696
48.9053407057,2.3889996951,0.002767461737250443
48.9102345963,2.3889996951,0.0013131519687855223
48.9151284869,2.3889996951,0.0006751850369762368
48.9200223775,2.3889996951,0.0004394389951283944
48.9249162681,2.3889996951,0.00032487146114305203
48.9298101587,2.3889996951,0.0002422511838748085
48.9347040493,2.3889996951,0.00017444205667160097
48.9395979399,2.3889996951,0.00012007716415916704
48.9444918305,2.3889996951,7.887484854409254e-05
48.9493857211,2.3889996951,4.942972171375601e-05
48.9542796117,2.3889996951,2.9552878659223733e-05
48.9591735023,2.3889996951,1.6856705763469692e-05
48.9640673929,2.3889996951,9.172904495906565e-06
48.9689612835,2.3889996951,4.7621413920758864e-06
48.9738551741,2.3889996951,2.358625274796438e-06
48.9787490647,2.3889996951,1.114491751609723e-06
48.7389484253,2.3938935857,1.9583763779643475e-15
48.7438423159,2.3938935857,9.19966599138549e-15
48.7487362065,2.3938935857,4.1239423808620406e-14
48.7536300971,2.3938935857,1.7657297972199675e-13
48.7585239877,2.3938935857,7.24956929617133e-13
48.7634178783,2.3938935857,2.894840280071478e-12
48.7683117689,2.3938935857,1.1718193766266643e-11
48.7732056595,2.3938935857,5.230556152658184e-11
48.7780995501,2.3938935857,2.7809670791730173e-10
48.7829934407,2.3938935857,1.6971504557071475e-09
48.7878873313,2.3938935857,1.0528826283299674e-08
48.7927812219,2.3938935857,6.032346269951717e-08
48.7976751125,2.3938935857,3.0437826531934744e-07
48.8025690031,2.3938935857,1.3259247593718343e-06
48.8074628937,2.3938935857,4.946222322829081e-06
48.8123567843,2.3938935857,1.5747050766264937e-05
48.8172506749,2.3938935857,4.272268340963341e-05
48.8221445655,2.3938935857,9.871630475062092e-05
48.8270384561,2.3938935857,0.0001942355947142854
48.8319323467,2.3938935857,0.000325521533175236
48.8368262373,2.3938935857,0.0004650178587981774
48.8417201279,2.3938935857,0.000567253604642041
48.8466140185,2.3938935857,0.000593410526448583
48.8515079091,2.3938935857,0.000538397015266665
48.8564017997,2.3938935857,0.00043965929635038625
48.8612956903,2.3938935857,0.00037310001622369975
48.8661895809,2.3938935857,0.00047257911835142717
48.8710834715,2.3938935857,0.000969910649682189
48.8759773621,2.3938935857,0.00210484086617981
48.8808712527,2.3938935857,0.0037696322995428764
48.8857651433,2.3938935857,0.005293577925383221
48.8906590339,2.3938935857,0.005927165171831227
48.8955529245,2.3938935857,0.005343508729787457
48.9004468151,2.3938935857,0.0037106432917899434
48.9053407057,2.3938935857,0.0019267910744133158
48.9102345963,2.3938935857,0.0008678820682056768
48.9151284869,2.3938935857,0.0004821493721002131
48.9200223775,2.3938935857,0.00035671409090973064
48.9249162681,2.3938935857,0.00028560664972646424
48.9298101587,2.3938935857,0.00022350382168423856
48.9347040493,2.3938935857,0.00016743299259749906
48.9395979399,2.3938935857,0.00011970937098768574
48.9444918305,2.3938935857,8.16567485482531e-05
48.9493857211,2.3938935857,5.3139611670861795e-05
48.9542796117,2.3938935857,3.299179758995955e-05
48.9591735023,2.3938935857,1.954136212254747e-05
48.9640673929,2.3938935857,1.1042437115462098e-05
48.9689612835,2.3938935857,5.953005515692697e-06
48.9738551741,2.3938935857,3.061744056351212e-06
48.9787490647,2.3938935857,1.502320972943493e-06
48.7389484253,2.3987874763,3.898078516093898e-16
48.7438423159,2.3987874763,1.9016158744033288e-15
48.7487362065,2.3987874763,8.854128357151208e-15
48.7536300971,2.3987874763,3.9411709420993906e-14
48.7585239877,2.3987874763,1.688019520776934e-13
48.7634178783,2.3987874763,7.110919510590566e-13
48.7683117689,2.3987874763,3.1212147751859663e-12
48.7732056595,2.3987874763,1.5684208689678868e-11
48.7780995501,2.3987874763,9.427102190851177e-11
48.7829934407,2.3987874763,6.235644585957315e-10
48.7878873313,2.3987874763,4.01822256924375e-09
48.7927812219,2.3987874763,2.3371344613463776e-08
48.7976751125,2.3987874763,1.1854133173065728e-07
48.8025690031,2.3987874763,5.169784355469832e-07
48.8074628937,2.3987874763,1.9274523663119135e-06
48.8123567843,2.3987874763,6.128314315322634e-06
48.8172506749,2.3987874763,1.6599203714153065e-05
48.8221445655,2.3987874763,3.8286638073088356e-05
48.8270384561,2.3987874763,7.519960794922882e-05
48.8319323467,2.3987874763,0.0001258211305172961
48.8368262373,2.3987874763,0.00017951349670365622
48.8417201279,2.3987874763,0.00021893805937192175
48.8466140185,2.3987874763,0.00022993858437587715
48.8515079091,2.3987874763,0.00021446681141490393
48.8564017997,2.3987874763,0.000206328143725909
48.8612956903,2.3987874763,0.00030658716941176216
48.8661895809,2.3987874763,0.0007375022057562155
48.8710834715,2.3987874763,0.0017878285404497902
48.8759773621,2.3987874763,0.003458088275875391
48.8808712527,2.3987874763,0.005073600546346177
48.8857651433,2.3987874763,0.005694182304119582
48.8906590339,2.3987874763,0.005157422202199626
48.8955529245,2.3987874763,0.004011242773499725
48.9004468151,2.3987874763,0.0025957671138160986
48.9053407057,2.3987874763,0.0013022931391939699
48.9102345963,2.3987874763,0.0005855174526096862
48.9151284869,2.3987874763,0.0003501364019984218
48.9200223775,2.3987874763,0.0002814340048835783
48.9249162681,2.3987874763,0.0002374890348256895
48.9298101587,2.3987874763,0.00019352066986688102
48.9347040493,2.3987874763,0.00015059585360871754
48.9395979399,2.3987874763,0.00011181260826580785
48.9444918305,2.3987874763,7.920119211777448e-05
48.9493857211,2.3987874763,5.352220629707923e-05
48.9542796117,2.3987874763,3.450623289440549e-05
48.9591735023,2.3987874763,2.122376064347792e-05
48.9640673929,2.3987874763,1.2453986119297523e-05
48.9689612835,2.3987874763,6.971972474091015e-06
48.9738551741,2.3987874763,3.7236100907970476e-06
48.9787490647,2.3987874763,1.8972911527077813e-06
48.7389484253,2.4036813669,7.269305457469126e-17
48.7438423159,2.4036813669,3.682750348561351e-16
48.7487362065,2.4036813669,1.7812542564138446e-15
48.7536300971,2.4036813669,8.246231888642646e-15
48.7585239877,2.4036813669,3.689237537492096e-14
48.7634178783,2.4036813669,1.6441567224810268e-13
48.7683117689,2.4036813669,7.83579872055537e-13
48.7732056595,2.4036813669,4.37353248477817e-12
48.7780995501,2.4036813669,2.8747875783162127e-11
48.7829934407,2.4036813669,1.99822043366218e-10
48.7878873313,2.4036813669,1.3146525021130757e-09
48.7927812219,2.4036813669,7.702182441568586e-09
48.7976751125,2.4036813669,3.913583683291268e-08
48.8025690031,2.4036813669,1.706097808781897e-07
48.8074628937,2.4036813669,6.352654028312676e-07
48.8123567843,2.4036813669,2.016481320252285e-06
48.8172506749,2.4036813669,5.4521323695210395e-06
48.8221445655,2.4036813669,1.2553250209230962e-05
48.8270384561,2.4036813669,2.4615865416998698e-05
48.8319323467,2.4036813669,4.113432550558577e-05
48.8368262373,2.4036813669,5.8679722138489386e-05
48.8417201279,2.4036813669,7.195480580809178e-05
48.8466140185,2.4036813669,7.881154257049788e-05
48.8515079091,2.4036813669,9.398394030473808e-05
48.8564017997,2.4036813669,0.00018632076538380464
48.8612956903,2.4036813669,0.0005434624953316199
48.8661895809,2.4036813669,0.0014625055335665792
48.8710834715,2.4036813669,0.0030532658338202363
48.8759773621,2.4036813669,0.004770703330132822
48.8808712527,2.4036813669,0.005561807669123945
48.8857651433,2.4036813669,0.004955222330934305
48.8906590339,2.4036813669,0.0037048179933889835
48.8955529245,2.4036813669,0.0026769855361353837
48.9004468151,2.4036813669,0.0017862789162137408
48.9053407057,2.4036813669,0.000928409618076911
48.9102345963,2.4036813669,0.00041754961878222074
48.9151284869,2.4036813669,0.00025245150539988205
48.9200223775,2.4036813669,0.00021112711555311336
48.9249162681,2.4036813669,0.00018548987944556878
48.9298101587,2.4036813669,0.00015703596194103554
48.9347040493,2.4036813669,0.00012690664549814572
48.9395979399,2.4036813669,9.784526614782174e-05
48.9444918305,2.4036813669,7.197087649560785e-05
48.9493857211,2.4036813669,5.05050750933134e-05
48.9542796117,2.4036813669,3.381228329881507e-05
48.9591735023,2.4036813669,2.1596094802812723e-05
48.9640673929,2.4036813669,1.31594336810249e-05
48.9689612835,2.4036813669,7.649982161359484e-06
48.9738551741,2.4036813669,4.242725101023942e-06
48.9787490647,2.4036813669,2.2448669839912417e-06
48.7389484253,2.4085752575,1.2700576192997669e-17
48.7438423159,2.4085752575,6.682212946644379e-17
48.7487362065,2.4085752575,3.357716024746963e-16
48.7536300971,2.4085752575,1.6171172806649053e-15
48.7585239877,2.4085752575,7.560897391374321e-15
48.7634178783,2.4085752575,3.5634719826712324e-14
48.7683117689,2.4085752575,1.8305719298901231e-13
48.7732056595,2.4085752575,1.1085780241552204e-12
48.7780995501,2.4085752575,7.722743654734674e-12
48.7829934407,2.4085752575,5.518760073259302e-11
48.7878873313,2.4085752575,3.6673497212526103e-10
48.7927812219,2.4085752575,2.1540458841117013e-09
48.7976751125,2.4085752575,1.0941667583074897e-08
48.8025690031,2.4085752575,4.763458100740939e-08
48.8074628937,2.4085752575,1.7705900899560335e-07
48.8123567843,2.4085752575,5.609907425676902e-07
48.8172506749,2.4085752575,1.514057216675916e-06
48.8221445655,2.4085752575,3.480305331361755e-06
48.8270384561,2.4085752575,6.816267776746955e-06
48.8319323467,2.4085752575,1.1395856379324705e-05
48.8368262373,2.4085752575,1.644445113357511e-05
48.8417201279,2.4085752575,2.198840579980627e-05
48.8466140185,2.4085752575,3.699747671286428e-05
48.8515079091,2.4085752575,0.00010870582843651478
48.8564017997,2.4085752575,0.0003848889963786185
48.8612956903,2.4085752575,0.0011396403132799711
48.8661895809,2.4085752575,0.0025580120719923155
48.8710834715,2.4085752575,0.00426955737778049
48.8759773621,2.4085752575,0.005281742510543878
48.8808712527,2.4085752575,0.004863275319379924
48.8857651433,2.4085752575,0.003457397030454488
48.8906590339,2.4085752575,0.002248709872898497
48.8955529245,2.4085752575,0.0017278375620231343
48.9004468151,2.4085752575,0.0013145706625081626
48.9053407057,2.4085752575,0.000723382302268154
48.9102345963,2.4085752575,0.0003125897334603404
48.9151284869,2.4085752575,0.00017697988759475086
48.9200223775,2.4085752575,0.0001492265483834675
48.9249162681,2.4085752575,0.0001358155896101363
48.9298101587,2.4085752575,0.00011939333848858678
48.9347040493,2.4085752575,0.00010019424788095466
48.9395979399,2.4085752575,8.021846224631377e-05
48.9444918305,2.4085752575,6.127273253859485e-05
48.9493857211,2.4085752575,4.464999499931211e-05
48.9542796117,2.4085752575,3.1041080404906735e-05
48.9591735023,2.4085752575,2.058796831424414e-05
48.9640673929,2.4085752575,1.3027209634135918e-05
48.9689612835,2.4085752575,7.86412776803768e-06
48.9738551741,2.4085752575,4.529090179347269e-06
48.9787490647,2.4085752575,2.4884712269460083e-06
48.7389484253,2.4134691481,2.078937598597035e-18
48.7438423159,2.4134691481,1.13595613855784e-17
48.7487362065,2.4134691481,5.930159458151877e-17
48.7536300971,2.4134691481,2.9710530518840963e-16
48.7585239877,2.4134691481,1.4506211351102915e-15
48.7634178783,2.4134691481,7.198774119552817e-15
48.7683117689,2.4134691481,3.928216216053124e-14
48.7732056595,2.4134691481,2.5119055407135574e-13
48.7780995501,2.4134691481,1.8062593151021218e-12
48.7829934407,2.4134691481,1.3063944425324658e-11
48.7878873313,2.4134691481,8.70414536126554e-11
48.7927812219,2.4134691481,5.108546545294315e-10
48.7976751125,2.4134691481,2.59022445556033e-09
48.8025690031,2.4134691481,1.1253197138968988e-08
48.8074628937,2.4134691481,4.1742321392036584e-08
48.8123567843,2.4134691481,1.3200029851772156e-07
48.8172506749,2.4134691481,3.556573440688346e-07
48.8221445655,2.4134691481,8.167675488991742e-07
48.8270384561,2.4134691481,1.6050692804563016e-06
48.8319323467,2.4134691481,2.7789658461128396e-06
48.8368262373,2.4134691481,5.018798717175707e-06
48.8417201279,2.4134691481,1.4405922235908473e-05
48.8466140185,2.4134691481,6.300769088225261e-05
48.8515079091,2.4134691481,0.0002607991065532724
48.8564017997,2.4134691481,0.0008399766727618706
48.8612956903,2.4134691481,0.002020574115372141
48.8661895809,2.4134691481,0.003601454411473278
48.8710834715,2.4134691481,0.004749017622881882
48.8759773621,2.4134691481,0.004634667548790781
48.8808712527,2.4134691481,0.003369904568396214
48.8857651433,2.4134691481,0.0019431970373782847
48.8906590339,2.4134691481,0.0012353332199149547
48.8955529245,2.4134691481,0.0011952746364050518
48.9004468151,2.4134691481,0.0010619952472197673
48.9053407057,2.4134691481,0.0006037873648990893
48.9102345963,2.4134691481,0.00024194191716464788
48.9151284869,2.4134691481,0.00012010928818690183
48.9200223775,2.4134691481,9.916597923832132e-05
48.9249162681,2.4134691481,9.318699749604878e-05
48.9298101587,2.4134691481,8.50453775498487e-05
48.9347040493,2.4134691481,7.41117006812516e-05
48.9395979399,2.4134691481,6.161610381588627e-05
48.9444918305,2.4134691481,4.8872334615141065e-05
48.9493857211,2.4134691481,3.698223787927215e-05
48.9542796117,2.4134691481,2.669835713494847e-05
48.9591735023,2.4134691481,1.8388111852805237e-05
48.9640673929,2.4134691481,1.2082338082418183e-05
48.9689612835,2.4134691481,7.574013571882217e-06
48.9738551741,2.4134691481,4.529626809329844e-06
48.9787490647,2.4134691481,2.5844016771803467e-06
48.7389484253,2.4183630387,3.188197552324734e-19
48.7438423159,2.4183630387,1.8091947485858958e-18
48.7487362065,2.4183630387,9.81157257859238e-18
48.7536300971,2.4183630387,5.1112513124391077e-17
48.7585239877,2.4183630387,2.6004024449209515e-16
48.7634178783,2.4183630387,1.3483804274365323e-15
48.7683117689,2.4183630387,7.671431709472885e-15
48.7732056595,2.4183630387,5.0433043042336796e-14
48.7780995501,2.4183630387,3.661797594645348e-13
48.7829934407,2.4183630387,2.647325469306031e-12
48.7878873313,2.4183630387,1.7578633255350977e-11
48.7927812219,2.4183630387,1.0279767611805918e-10
48.7976751125,2.4183630387,5.195546345715016e-10
48.8025690031,2.4183630387,2.251017617102109e-09
48.8074628937,2.4183630387,8.330580227040834e-09
48.8123567843,2.4183630387,2.6298162761636148e-08
48.8172506749,2.4183630387,7.090230230935196e-08
48.8221445655,2.4183630387,1.6576745072641026e-07
48.8270384561,2.4183630387,3.7290785035837335e-07
48.8319323467,2.4183630387,1.1763201402174563e-06
48.8368262373,2.4183630387,6.323586633200643e-06
48.8417201279,2.4183630387,3.6398115680701136e-05
48.8466140185,2.4183630387,0.00016811305717370846
48.8515079091,2.4183630387,0.0005830751805461861
48.8564017997,2.4183630387,0.0014996873283837542
48.8612956903,2.4183630387,0.00285322492957324
48.8661895809,2.4183630387,0.004013304170914721
48.8710834715,2.4183630387,0.004173570784079526
48.8759773621,2.4183630387,0.0032117038555035137
48.8808712527,2.4183630387,0.001848267479669316
48.8857651433,2.4183630387,0.00090225794039474
48.8906590339,2.4183630387,0.0006988330320183825
48.8955529245,2.4183630387,0.0009273002209933994
48.9004468151,2.4183630387,0.0009128569352733822
48.9053407057,2.4183630387,0.000522787713916786
48.9102345963,2.4183630387,0.0001927894476251425
48.9151284869,2.4183630387,7.975286682353783e-05
48.9200223775,2.4183630387,6.203053577549316e-05
48.9249162681,2.4183630387,5.991538263721451e-05
48.9298101587,2.4183630387,5.675564781101495e-05
48.9347040493,2.4183630387,5.1358956359931635e-05
48.9395979399,2.4183630387,4.434039053913808e-05
48.9444918305,2.4183630387,3.6521138052279594e-05
48.9493857211,2.4183630387,2.8697914721271763e-05
48.9542796117,2.4183630387,2.1513824789097343e-05
48.9591735023,2.4183630387,1.5386723950507552e-05
48.9640673929,2.4183630387,1.0498710141571822e-05
48.9689612835,2.4183630387,6.834188871683983e-06
48.9738551741,2.4183630387,4.244233379628566e-06
48.9787490647,2.4183630387,2.5146224274176497e-06
48.7389484253,2.4232569293,4.5807029053651913e-20
48.7438423159,2.4232569293,2.699468093190155e-19
48.7487362065,2.4232569293,1.520555705162032e-18
48.7536300971,2.4232569293,8.229602152116716e-18
48.7585239877,2.4232569293,4.349227832487767e-17
48.7634178783,2.4232569293,2.334854461271822e-16
48.7683117689,2.4232569293,1.3590069390089477e-15
48.7732056595,2.4232569293,8.965391952879934e-15
48.7780995501,2.4232569293,6.445941747946674e-14
48.7829934407,2.4232569293,4.604301210166067e-13
48.7878873313,2.4232569293,3.0282482119850045e-12
48.7927812219,2.4232569293,1.7588632559781267e-11
48.7976751125,2.4232569293,8.846641086578953e-11
48.8025690031,2.4232569293,3.8198523612659235e-10
48.8074628937,2.4232569293,1.4120051181806073e-09
48.8123567843,2.4232569293,4.509807494833358e-09
48.8172506749,2.4232569293,1.348766804252618e-08
48.8221445655,2.4232569293,5.3455259411979585e-08
48.8270384561,2.4232569293,3.7822293024507405e-07
48.8319323467,2.4232569293,3.077486589656426e-06
48.8368262373,2.4232569293,2.045686404003349e-05
48.8417201279,2.4232569293,0.00010238979613173711
48.8466140185,2.4232569293,0.00038016229868390066
48.8515079091,2.4232569293,0.0010440752129267318
48.8564017997,2.4232569293,0.0021197220818742085
48.8612956903,2.4232569293,0.0031809107298481046
48.8661895809,2.4232569293,0.003528180750255186
48.8710834715,2.4232569293,0.002892961665190236
48.8759773621,2.4232569293,0.0017557158798000066
48.8808712527,2.4232569293,0.0008047782697539768
48.8857651433,2.4232569293,0.0003736021541103751
48.8906590339,2.4232569293,0.00046173555468129434
48.8955529245,2.4232569293,0.0007796054744422506
48.9004468151,2.4232569293,0.0008045397944112021
48.9053407057,2.4232569293,0.00046040240770199277
48.9102345963,2.4232569293,0.0001584177068670274
48.9151284869,2.4232569293,5.296189582696875e-05
48.9200223775,2.4232569293,3.665902625042357e-05
48.9249162681,2.4232569293,3.610497455946249e-05
48.9298101587,2.4232569293,3.54859620289542e-05
48.9347040493,2.4232569293,3.334502365142425e-05
48.9395979399,2.4232569293,2.989442297405667e-05
48.9444918305,2.4232569293,2.5568832538843088e-05
48.9493857211,2.4232569293,2.0863774177278735e-05
48.9542796117,2.4232569293,1.6241872477299103e-05
48.9591735023,2.4232569293,1.206259002243186e-05
48.9640673929,2.4232569293,8.546854032276936e-06
48.9689612835,2.4232569293,5.7774108753994105e-06
48.9738551741,2.4232569293,3.7258165763269204e-06
48.9787490647,2.4232569293,2.292297257404216e-06
48.7389484253,2.4281508199,6.165944501606154e-21
48.7438423159,2.4281508199,3.7733687065459994e-20
48.7487362065,2.4281508199,2.207085708321324e-19
48.7536300971,2.4281508199,1.2398389147136539e-18
48.7585239877,2.4281508199,6.784687515956751e-18
48.7634178783,2.4281508199,3.7394770434663314e-17
48.7683117689,2.4281508199,2.191569690188764e-16
48.7732056595,2.4281508199,1.4214181426614103e-15
48.7780995501,2.4281508199,9.9362994556021e-15
48.7829934407,2.4281508199,6.924055146410074e-14
48.7878873313,2.4281508199,4.4763562542195263e-13
48.7927812219,2.4281508199,2.571443950532289e-12
48.7976751125,2.4281508199,1.2857602223186097e-11
48.8025690031,2.4281508199,5.5977411423836555e-11
48.8074628937,2.4281508199,2.2944130634625752e-10
48.8123567843,2.4281508199,1.279847977154086e-09
48.8172506749,2.4281508199,1.3240032396892165e-08
48.8221445655,2.4281508199,1.570830958790992e-07
48.8270384561,2.4281508199,1.5120632737908844e-06
48.8319323467,2.4281508199,1.0934835330468844e-05
48.8368262373,2.4281508199,5.862483620734256e-05
48.8417201279,2.4281508199,0.00023244625428361397
48.8466140185,2.4281508199,0.0006812690039052292
48.8515079091,2.4281508199,0.001475775078290995
48.8564017997,2.4281508199,0.0023627382094056617
48.8612956903,2.4281508199,0.0027957984934446596
48.8661895809,2.4281508199,0.0024451527247434765
48.8710834715,2.4281508199,0.0015808471035808418
48.8759773621,2.4281508199,0.0007570306354000597
48.8808712527,2.4281508199,0.0002818494857225926
48.8857651433,2.4281508199,0.00016476379700948628
48.8906590339,2.4281508199,0.00035708454895737145
48.8955529245,2.4281508199,0.0006761835820506541
48.9004468151,2.4281508199,0.0007127639673287626
48.9053407057,2.4281508199,0.00040838536472802506
48.9102345963,2.4281508199,0.00013404961088644903
48.9151284869,2.4281508199,3.619950679123879e-05
48.9200223775,2.4281508199,2.0624242744074588e-05
48.9249162681,2.4281508199,2.0398184533252394e-05
48.9298101587,2.4281508199,2.0787227398132713e-05
48.9347040493,2.4281508199,2.028296026821976e-05
48.9395979399,2.4281508199,1.8882792315076164e-05
48.9444918305,2.4281508199,1.6771151226706348e-05
48.9493857211,2.4281508199,1.421087390413648e-05
48.9542796117,2.4281508199,1.1487881445767377e-05
48.9591735023,2.4281508199,8.859727255369508e-06
48.9640673929,2.4281508199,6.518715212127353e-06
48.9689612835,2.4281508199,4.5757776432238435e-06
48.9738551741,2.4281508199,3.064284357851786e-06
48.9787490647,2.4281508199,1.957737522639547e-06
48.7389484253,2.4330447105,7.77582152287577e-22
48.7438423159,2.4330447105,4.941226872334018e-21
48.7487362065,2.4330447105,3.000464707079403e-20
48.7536300971,2.4330447105,1.7480178425801012e-19
48.7585239877,2.4330447105,9.880934585894658e-19
48.7634178783,2.4330447105,5.560106900966778e-18
48.7683117689,2.4330447105,3.247874660868138e-17
48.7732056595,2.4330447105,2.0408144237268006e-16
48.7780995501,2.4330447105,1.3640135609472833e-15
48.7829934407,2.4330447105,9.139272533536054e-15
48.7878873313,2.4330447105,5.756344303530506e-14
48.7927812219,2.4330447105,3.3012603012097223e-13
48.7976751125,2.4330447105,1.8754523204071134e-12
48.8025690031,2.4330447105,1.6429679421298073e-11
48.8074628937,2.4330447105,2.7397615994033533e-10
48.8123567843,2.4330447105,4.8541120645955566e-09
48.8172506749,2.4330447105,6.793089955588538e-08
48.8221445655,2.4330447105,7.102561662054473e-07
48.8270384561,2.4330447105,5.499053950702106e-06
48.8319323467,2.4330447105,3.1478660911350495e-05
48.8368262373,2.4330447105,0.0001331891139450216
48.8417201279,2.4330447105,0.0004165013222341091
48.8466140185,2.4330447105,0.0009626137096604523
48.8515079091,2.4330447105,0.0016442732783351892
48.8564017997,2.4330447105,0.0020757864357927964
48.8612956903,2.4330447105,0.0019367850968104088
48.8661895809,2.4330447105,0.0013356254870723772
48.8710834715,2.4330447105,0.0006808975869153112
48.8759773621,2.4330447105,0.00025766762779407985
48.8808712527,2.4330447105,8.342871858347169e-05
48.8857651433,2.4330447105,9.47263884658386e-05
48.8906590339,2.4330447105,0.00029798062975797265
48.8955529245,2.4330447105,0.0005892633380909937
48.9004468151,2.4330447105,0.0006297455678081187
48.9053407057,2.4330447105,0.0003627558383341905
48.9102345963,2.4330447105,0.00011603335944321466
48.9151284869,2.4330447105,2.614054183523101e-05
48.9200223775,2.4330447105,1.1210660057595633e-05
48.9249162681,2.4330447105,1.0812618821410427e-05
48.9298101587,2.4330447105,1.1408698654173e-05
48.9347040493,2.4330447105,1.1558918649276666e-05
48.9395979399,2.4330447105,1.1174488142499394e-05
48.9444918305,2.4330447105,1.0306239511722222e-05
48.9493857211,2.4330447105,9.068471200608202e-06
48.9542796117,2.4330447105,7.612532740829506e-06
48.9591735023,2.4330447105,6.0965693329861635e-06
48.9640673929,2.4330447105,4.658038878635786e-06
48.9689612835,2.4330447105,3.395329675640719e-06
48.9738551741,2.4330447105,2.361141626035676e-06
48.9787490647,2.4330447105,1.566474661821301e-06
48.7389484253,2.4379386011,9.186975196647974e-23
48.7438423159,2.4379386011,6.06178078927732e-22
48.7487362065,2.4379386011,3.820740767795787e-21
48.7536300971,2.4379386011,2.3073406141249983e-20
48.7585239877,2.4379386011,1.3458224047298827e-19
48.7634178783,2.4379386011,7.717917889205926e-19
48.7683117689,2.4379386011,4.4815301304281316e-18
48.7732056595,2.4379386011,2.7124629494080177e-17
48.7780995501,2.4379386011,1.7156043134942807e-16
48.7829934407,2.4379386011,1.1119346426930663e-15
48.7878873313,2.4379386011,8.28316524693214e-15
48.7927812219,2.4379386011,1.2330074317623376e-13
48.7976751125,2.4379386011,3.4450004976888277e-12
48.8025690031,2.4379386011,9.131399150039401e-11
48.8074628937,2.4379386011,1.8569459003500538e-09
48.8123567843,2.4379386011,2.8064182742904587e-08
48.8172506749,2.4379386011,3.13757040696934e-07
48.8221445655,2.4379386011,2.5929651105046744e-06
48.8270384561,2.4379386011,1.5838042915208052e-05
48.8319323467,2.4379386011,7.149821922873786e-05
48.8368262373,2.4379386011,0.000238547430657067
48.8417201279,2.4379386011,0.0005882192903311077
48.8466140185,2.4379386011,0.0010719847339319872
48.8515079091,2.4379386011,0.001443852668240646
48.8564017997,2.4379386011,0.001437284626761926
48.8612956903,2.4379386011,0.0010574288176468719
48.8661895809,2.4379386011,0.0005749924000457959
48.8710834715,2.4379386011,0.00023115803895410638
48.8759773621,2.4379386011,6.948923306979624e-05
48.8808712527,2.4379386011,2.4797227841373636e-05
48.8857651433,2.4379386011,6.971991795475809e-05
48.8906590339,2.4379386011,0.00025338763413326623
48.8955529245,2.4379386011,0.0005111334242791944
48.9004468151,2.4379386011,0.0005531175520477817
48.9053407057,2.4379386011,0.0003213793451427115
48.9102345963,2.4379386011,0.00010180817374663695
48.9151284869,2.4379386011,2.0169749011408428e-05
48.9200223775,2.4379386011,6.051201369462724e-06
48.9249162681,2.4379386011,5.3862521637494274e-06
48.9298101587,2.4379386011,5.8666557835828174e-06
48.9347040493,2.4379386011,6.171472770388748e-06
48.9395979399,2.4379386011,6.195472644819314e-06
48.9444918305,2.4379386011,5.933664225481787e-06
48.9493857211,2.4379386011,5.421665882891855e-06
48.9542796117,2.4379386011,4.726109522810979e-06
48.9591735023,2.4379386011,3.93039376016616e-06
48.9640673929,2.4379386011,3.1183839737128166e-06
48.9689612835,2.4379386011,2.3603932620843427e-06
48.9738551741,2.4379386011,1.7045132868207877e-06
48.9787490647,2.4379386011,1.1742962226755888e-06
48.7389484253,2.4428324917,1.0169050466827211e-23
48.7438423159,2.4428324917,6.966865408568054e-23
48.7487362065,2.4428324917,4.557791386144514e-22
48.7536300971,2.4428324917,2.8529977956038887e-21
48.7585239877,2.4428324917,1.717597727691071e-20
48.7634178783,2.4428324917,1.0055967767076778e-19
48.7683117689,2.4428324917,5.83595609579254e-19
48.7732056595,2.4428324917,3.48378662117372e-18
48.7780995501,2.4428324917,2.6975023724808986e-17
48.7829934407,2.4428324917,6.043028663788855e-16
48.7878873313,2.4428324917,2.682553962459794e-14
48.7927812219,2.4428324917,1.048600104984092e-12
48.7976751125,2.4428324917,3.0899102195264905e-11
48.8025690031,2.4428324917,6.746022866215134e-10
48.8074628937,2.4428324917,1.0889211456078159e-08
48.8123567843,2.4428324917,1.2991468665605021e-07
48.8172506749,2.4428324917,1.1455406626105301e-06
48.8221445655,2.4428324917,7.465324907411645e-06
48.8270384561,2.4428324917,3.5956039084059474e-05
48.8319323467,2.4428324917,0.0001279910605835243
48.8368262373,2.4428324917,0.0003367224118374457
48.8417201279,2.4428324917,0.0006547100201394142
48.8466140185,2.4428324917,0.0009408287011039102
48.8515079091,2.4428324917,0.0009992101888947594
48.8564017997,2.4428324917,0.0007843111319664136
48.8612956903,2.4428324917,0.0004549960164952579
48.8661895809,2.4428324917,0.0001950878452995918
48.8710834715,2.4428324917,6.186222367290783e-05
48.8759773621,2.4428324917,1.5111748610143273e-05
48.8808712527,2.4428324917,1.0446252103867975e-05
48.8857651433,2.4428324917,5.66144768800647e-05
48.8906590339,2.4428324917,0.00021504951646814154
48.8955529245,2.4428324917,0.0004400424952929825
48.9004468151,2.4428324917,0.00048219879212763083
48.9053407057,2.4428324917,0.00028318558711679727
48.9102345963,2.4428324917,8.978422743652178e-05
48.9151284869,2.4428324917,1.6495281872205024e-05
48.9200223775,2.4428324917,3.389526101031724e-06
48.9249162681,2.4428324917,2.5307744626883073e-06
48.9298101587,2.4428324917,2.8267996324316494e-06
48.9347040493,2.4428324917,3.087070752191384e-06
48.9395979399,2.4428324917,3.218152597340397e-06
48.9444918305,2.4428324917,3.2005976523944292e-06
48.9493857211,2.4428324917,3.0368042733102127e-06
48.9542796117,2.4428324917,2.7489305623306352e-06
48.9591735023,2.4428324917,2.3739522863484045e-06
48.9640673929,2.4428324917,1.955876597576041e-06
48.9689612835,2.4428324917,1.5373479142875036e-06
48.9738551741,2.4428324917,1.152826958916315e-06
48.9787490647,2.4428324917,8.247405216937709e-07
48.7389484253,2.4477263823,1.0545630943483813e-24
48.7438423159,2.4477263823,7.501698126890749e-24
48.7487362065,2.4477263823,5.094061423405349e-23
48.7536300971,2.4477263823,3.3060773027660507e-22
48.7585239877,2.4477263823,2.057334285199502e-21
48.7634178783,2.4477263823,1.2448597559272346e-20
48.7683117689,2.4477263823,8.752249672701751e-20
48.7732056595,2.4477263823,2.04178910696395e-18
48.7780995501,2.4477263823,1.2939511798662296e-16
48.7829934407,2.4477263823,7.345834781717007e-15
48.7878873313,2.4477263823,3.129038018260257e-13
48.7927812219,2.4477263823,9.864393831612242e-12
48.7976751125,2.4477263823,2.2987184982118917e-10
48.8025690031,2.4477263823,3.959097753157124e-09
48.8074628937,2.4477263823,5.039565419817519e-08
48.8123567843,2.4477263823,4.7410539192188314e-07
48.8172506749,2.4477263823,3.2964109182727763e-06
48.8221445655,2.4477263823,1.693917924320243e-05
48.8270384561,2.4477263823,6.433213045757819e-05
48.8319323467,2.4477263823,0.0001805710193480915
48.8368262373,2.4477263823,0.0003745870080264878
48.8417201279,2.4477263823,0.0005743041055589122
48.8466140185,2.4477263823,0.0006507522824560189
48.8515079091,2.4477263823,0.0005449719210725073
48.8564017997,2.4477263823,0.00033730097010638293
48.8612956903,2.4477263823,0.00015429379531236936
48.8661895809,2.4477263823,5.21660135686885e-05
48.8710834715,2.4477263823,1.3059220032842456e-05
48.8759773621,2.4477263823,2.897813948762878e-06
48.8808712527,2.4477263823,6.808416295322153e-06
48.8857651433,2.4477263823,4.6811652245522156e-05
48.8906590339,2.4477263823,0.00018116953102736584
48.8955529245,2.4477263823,0.00037563984729207703
48.9004468151,2.4477263823,0.0004168907712518614
48.9053407057,2.4477263823,0.0002477467912735336
48.9102345963,2.4477263823,7.909442216211246e-05
48.9151284869,2.4477263823,1.4024818139448446e-05
48.9200223775,2.4477263823,2.076068891321703e-06
48.9249162681,2.4477263823,1.131203643635509e-06
48.9298101587,2.4477263823,1.2765337072769315e-06
48.9347040493,2.4477263823,1.4467432587960605e-06
48.9395979399,2.4477263823,1.5661170384024915e-06
48.9444918305,2.4477263823,1.6174265870609573e-06
48.9493857211,2.4477263823,1.5936253642634478e-06
48.9542796117,2.4477263823,1.497990770320905e-06
48.9591735023,2.4477263823,1.3433627138041818e-06
48.9640673929,2.4477263823,1.149313983091846e-06
48.9689612835,2.4477263823,9.380917994344216e-07
48.9738551741,2.4477263823,7.304882534105818e-07
48.9787490647,2.4477263823,5.426782078651285e-07
48.7389484253,2.4526202729,1.0245929987488606e-25
48.7438423159,2.4526202729,7.567929082825562e-25
48.7487362065,2.4526202729,5.3350914823457846e-24
48.7536300971,2.4526202729,3.601765972889875e-23
48.7585239877,2.4526202729,2.53049996847724e-22
48.7634178783,2.4526202729,4.7588486441423235e-21
48.7683117689,2.4526202729,3.8405624537012433e-19
48.7732056595,2.4526202729,3.134517191926056e-17
48.7780995501,2.4526202729,1.927768518171639e-15
48.7829934407,2.4526202729,8.77379050871995e-14
48.7878873313,2.4526202729,2.9515660860478964e-12
48.7927812219,2.4526202729,7.338505797957075e-11
48.7976751125,2.4526202729,1.3484910319432991e-09
48.8025690031,2.4526202729,1.831357601515128e-08
48.8074628937,2.4526202729,1.8381579076436858e-07
48.8123567843,2.4526202729,1.3635687068341338e-06
48.8172506749,2.4526202729,7.475767347142491e-06
48.8221445655,2.4526202729,3.0291380738491707e-05
48.8270384561,2.4526202729,9.071245129705524e-05
48.8319323467,2.4526202729,0.00020077021166679958
48.8368262373,2.4526202729,0.0003284098634575458
48.8417201279,2.4526202729,0.0003970248146332752
48.8466140185,2.4526202729,0.0003547346942434271
48.8515079091,2.4526202729,0.00023424713620113485
48.8564017997,2.4526202729,0.0001143220124039358
48.8612956903,2.4526202729,4.1235662331202234e-05
48.8661895809,2.4526202729,1.0993606826300983e-05
48.8710834715,2.4526202729,2.1825928198427575e-06
48.8759773621,2.4526202729,7.025622017482518e-07
48.8808712527,2.4526202729,5.295456730247294e-06
48.8857651433,2.4526202729,3.855675933960026e-05
48.8906590339,2.4526202729,0.0001513105663369103
48.8955529245,2.4526202729,0.0003178281035591868
48.9004468151,2.4526202729,0.0003572783958305861
48.9053407057,2.4526202729,0.00021497435634034064
48.9102345963,2.4526202729,6.933111721147088e-05
48.9151284869,2.4526202729,1.2159888354287079e-05
48.9200223775,2.4526202729,1.4350090636500105e-06
48.9249162681,2.4526202729,4.906278157269234e-07
48.9298101587,2.4526202729,5.405151897220353e-07
48.9347040493,2.4526202729,6.352224110248658e-07
48.9395979399,2.4526202729,7.140476620482298e-07
48.9444918305,2.4526202729,7.657790007750467e-07
48.9493857211,2.4526202729,7.835036873248935e-07
48.9542796117,2.4526202729,7.647859221805763e-07
48.9591735023,2.4526202729,7.121967273362401e-07
48.9640673929,2.4526202729,6.327342020156865e-07
48.9689612835,2.4526202729,5.362951825061742e-07
48.9738551741,2.4526202729,4.3365836610144457e-07
48.9787490647,2.4526202729,3.3454366537653636e-07
48.7389484253,2.4575141635,9.326644441325912e-27
48.7438423159,2.4575141635,7.159389556336404e-26
48.7487362065,2.4575141635,5.423253891512702e-25
48.7536300971,2.4575141635,7.805928827380893e-24
48.7585239877,2.4575141635,6.997664935397056e-22
48.7634178783,2.4575141635,8.140161778886101e-20
48.7683117689,2.4575141635,7.224443738527244e-18
48.7732056595,2.4575141635,4.746597835699818e-16
48.7780995501,2.4575141635,2.3051150371986774e-14
48.7829934407,2.4575141635,8.273539167866234e-13
48.7878873313,2.4575141635,2.194699292021767e-11
48.7927812219,2.4575141635,4.3027223179048006e-10
48.7976751125,2.4575141635,6.234421561117247e-09
48.8025690031,2.4575141635,6.676264797330636e-08
48.8074628937,2.4575141635,5.283910863023147e-07
48.8123567843,2.4575141635,3.0907362949933618e-06
48.8172506749,2.4575141635,1.3361430651128988e-05
48.8221445655,2.4575141635,4.269023170085091e-05
48.8270384561,2.4575141635,0.00010080651529814577
48.8319323467,2.4575141635,0.0001759272981015146
48.8368262373,2.4575141635,0.00022691458130587953
48.8417201279,2.4575141635,0.00021630976096218138
48.8466140185,2.4575141635,0.00015239628473102414
48.8515079091,2.4575141635,7.935188226348335e-05
48.8564017997,2.4575141635,3.053690421539258e-05
48.8612956903,2.4575141635,8.685223880350245e-06
48.8661895809,2.4575141635,1.8260865262337254e-06
48.8710834715,2.4575141635,2.9586138143784116e-07
48.8759773621,2.4575141635,3.3880003156709745e-07
48.8808712527,2.4575141635,4.243045290614799e-06
48.8857651433,2.4575141635,3.149782898311634e-05
48.8906590339,2.4575141635,0.00012523927706206437
48.8955529245,2.4575141635,0.0002664878298772299
48.9004468151,2.4575141635,0.0003034437828790538
48.9053407057,2.4575141635,0.00018491523577173044
48.9102345963,2.4575141635,6.0338905166891206e-05
48.9151284869,2.4575141635,1.0605185003016935e-05
48.9200223775,2.4575141635,1.1058013041574083e-06
48.9249162681,2.4575141635,2.1556354994013117e-07
48.9298101587,2.4575141635,2.148591516814682e-07
48.9347040493,2.4575141635,2.6130973069587126e-07
48.9395979399,2.4575141635,3.05011091090509e-07
48.9444918305,2.4575141635,3.3967822557362607e-07
48.9493857211,2.4575141635,3.608953079197439e-07
48.9542796117,2.4575141635,3.6581036970019267e-07
48.9591735023,2.4575141635,3.5374640683525145e-07
48.9640673929,2.4575141635,3.2635427827913596e-07
48.9689612835,2.4575141635,2.8724192712778606e-07
48.9738551741,2.4575141635,2.41194611721553e-07
48.9787490647,2.4575141635,1.9321846135451337e-07
48.7389484253,2.4624080541,8.052653483515741e-28
48.7438423159,2.4624080541,9.478256022604882e-27
48.7487362065,2.4624080541,7.868531160717464e-25
48.7536300971,2.4624080541,1.2863655632369708e-22
48.7585239877,2.4624080541,1.6467854555123488e-20
48.7634178783,2.4624080541,1.5618922906879776e-18
48.7683117689,2.4624080541,1.0949767731658257e-16
48.7732056595,2.4624080541,5.673446432341313e-15
48.7780995501,2.4624080541,2.1725704307192014e-13
48.7829934407,2.4624080541,6.148728885106032e-12
48.7878873313,2.4624080541,1.2861196357551922e-10
48.7927812219,2.4624080541,1.9882085381511415e-09
48.7976751125,2.4624080541,2.2715747915137267e-08
48.8025690031,2.4624080541,1.9181240327654938e-07
48.8074628937,2.4624080541,1.1970460923150766e-06
48.8123567843,2.4624080541,5.521150681657356e-06
48.8172506749,2.4624080541,1.8820574095009574e-05
48.8221445655,2.4624080541,4.7415537048711586e-05
48.8270384561,2.4624080541,8.828624001728726e-05
48.8319323467,2.4624080541,0.00012149262308834177
48.8368262373,2.4624080541,0.00012356382302263706
48.8417201279,2.4624080541,9.287895188566317e-05
48.8466140185,2.4624080541,5.159740033656168e-05
48.8515079091,2.4624080541,2.1184729310463847e-05
48.8564017997,2.4624080541,6.428401146969542e-06
48.8612956903,2.4624080541,1.441694219507593e-06
48.8661895809,2.4624080541,2.391896437873738e-07
48.8710834715,2.4624080541,3.854667483818756e-08
48.8759773621,2.4624080541,2.437254315952484e-07
48.8808712527,2.4624080541,3.388330949206799e-06
48.8857651433,2.4624080541,2.5501202164184873e-05
48.8906590339,2.4624080541,0.00010271819483923717
48.8955529245,2.4624080541,0.00022140688969075745
48.9004468151,2.4624080541,0.00025538107532659126
48.9053407057,2.4624080541,0.00015763447089756373
48.9102345963,2.4624080541,5.2079562286466215e-05
48.9151284869,2.4624080541,9.230397734681209e-06
48.9200223775,2.4624080541,9.128586343741223e-07
48.9249162681,2.4624080541,1.0354985395091437e-07
48.9298101587,2.4624080541,8.04458954558433e-08
48.9347040493,2.4624080541,1.0071559002780383e-07
48.9395979399,2.4624080541,1.2206456353711561e-07
48.9444918305,2.4624080541,1.4116185074324533e-07
48.9493857211,2.4624080541,1.5574237978722746e-07
48.9542796117,2.4624080541,1.639296529332597e-07
48.9591735023,2.4624080541,1.6461502812274973e-07
48.9640673929,2.4624080541,1.5770399310620694e-07
48.9689612835,2.4624080541,1.4413755390709913e-07
48.9738551741,2.4624080541,1.2568193355504322e-07
48.9787490647,2.4624080541,1.0455138917766978e-07
48.7389484253,2.4673019447,5.550142468098099e-28
48.7438423159,2.4673019447,1.2373367816906118e-25
48.7487362065,2.4673019447,2.2832327898525506e-23
48.7536300971,2.4673019447,3.1260228701255506e-21
48.7585239877,2.4673019447,3.163655338965952e-19
48.7634178783,2.4673019447,2.3663254020896747e-17
48.7683117689,2.4673019447,1.3081108952851185e-15
48.7732056595,2.4673019447,5.3444032850370785e-14
48.7780995501,2.4673019447,1.6137580594301608e-12
48.7829934407,2.4673019447,3.601323763415894e-11
48.7878873313,2.4673019447,5.939781228008198e-10
48.7927812219,2.4673019447,7.24041188285435e-09
48.7976751125,2.4673019447,6.522898724262155e-08
48.8025690031,2.4673019447,4.3431271000059077e-07
48.8074628937,2.4673019447,2.1372187842736014e-06
48.8123567843,2.4673019447,7.772844265204898e-06
48.8172506749,2.4673019447,2.0892744360562638e-05
48.8221445655,2.4673019447,4.1504535188893224e-05
48.8270384561,2.4673019447,6.09368722236686e-05
48.8319323467,2.4673019447,6.612250582486644e-05
48.8368262373,2.4673019447,5.3027724152807894e-05
48.8417201279,2.4673019447,3.142977081048591e-05
48.8466140185,2.4673019447,1.3767782112959285e-05
48.8515079091,2.4673019447,4.457294573960335e-06
48.8564017997,2.4673019447,1.066507102424211e-06
48.8612956903,2.4673019447,1.8860464682028338e-07
48.8661895809,2.4673019447,2.480150916723356e-08
48.8710834715,2.4673019447,9.47671854274387e-09
48.8759773621,2.4673019447,1.8851137264318275e-07
48.8808712527,2.4673019447,2.683100304775386e-06
48.8857651433,2.4673019447,2.045843018358859e-05
48.8906590339,2.4673019447,8.347756413255149e-05
48.8955529245,2.4673019447,0.00018227128030613417
48.9004468151,2.4673019447,0.00021296925575287154
48.9053407057,2.4673019447,0.00013315874255248795
48.9102345963,2.4673019447,4.4556185553873304e-05
48.9151284869,2.4673019447,7.985228693355474e-06
48.9200223775,2.4673019447,7.779079312722617e-07
48.9249162681,2.4673019447,5.9101691678608763e-08
48.9298101587,2.4673019447,2.863123742999011e-08
48.9347040493,2.4673019447,3.6374222780958054e-08
48.9395979399,2.4673019447,4.576667692751968e-08
48.9444918305,2.4673019447,5.496071328577299e-08
48.9493857211,2.4673019447,6.296768939706655e-08
48.9542796117,2.4673019447,6.882471255191994e-08
48.9591735023,2.4673019447,7.176824125627176e-08
48.9640673929,2.4673019447,7.139724421366128e-08
48.9689612835,2.4673019447,6.776287803398273e-08
48.9738551741,2.4673019447,6.135691075408818e-08
48.9787490647,2.4673019447,5.3002502564793054e-08
