LATITUDE,LONGITUDE,probability
48.7389484253,2.2275013053,2.6572541567164993e-05
48.7438423159,2.2275013053,2.6808459576296725e-05
48.7487362065,2.2275013053,2.6495999041543435e-05
48.7536300971,2.2275013053,2.565419628738226e-05
48.7585239877,2.2275013053,2.433359086717895e-05
48.7634178783,2.2275013053,2.2611202776523953e-05
48.7683117689,2.2275013053,2.058310091544623e-05
48.7732056595,2.2275013053,1.835556110008385e-05
48.7780995501,2.2275013053,1.603599095244104e-05
48.7829934407,2.2275013053,1.3725649629487702e-05
48.7878873313,2.2275013053,1.1527910885174334e-05
48.7927812219,2.2275013053,9.691403562032056e-06
48.7976751125,2.2275013053,9.59926594343292e-06
48.8025690031,2.2275013053,1.8068958313248638e-05
48.8074628937,2.2275013053,5.7913045797534404e-05
48.8123567843,2.2275013053,0.00017490002766059798
48.8172506749,2.2275013053,0.00040453018593454543
48.8221445655,2.2275013053,0.0006901928876643238
48.8270384561,2.2275013053,0.0008748061198873352
48.8319323467,2.2275013053,0.0008975525878412438
48.8368262373,2.2275013053,0.0009683205978217583
48.8417201279,2.2275013053,0.0012215247289307726
48.8466140185,2.2275013053,0.0012705221120661284
48.8515079091,2.2275013053,0.0008375635212385412
48.8564017997,2.2275013053,0.0003224747045248024
48.8612956903,2.2275013053,7.102887119743282e-05
48.8661895809,2.2275013053,8.92258419106441e-06
48.8710834715,2.2275013053,6.556902106521707e-07
48.8759773621,2.2275013053,3.977980787379194e-08
48.8808712527,2.2275013053,8.713047893473368e-09
48.8857651433,2.2275013053,4.525238099104621e-09
48.8906590339,2.2275013053,2.4594835249427167e-09
48.8955529245,2.2275013053,1.3116930885551193e-09
48.9004468151,2.2275013053,6.853311664828979e-10
48.9053407057,2.2275013053,3.5078298191377643e-10
48.9102345963,2.2275013053,1.7589216113145857e-10
48.9151284869,2.2275013053,8.640309350290607e-11
48.9200223775,2.2275013053,4.1586929371613236e-11
48.9249162681,2.2275013053,1.964501836144396e-11
48.9298101587,2.2275013053,9.220125899543146e-12
48.9347040493,2.2275013053,4.563780165256845e-12
48.9395979399,2.2275013053,2.7665748487325686e-12
48.9444918305,2.2275013053,2.194338932779688e-12
48.9493857211,2.2275013053,1.847066899705829e-12
48.9542796117,2.2275013053,1.3219373988570188e-12
48.9591735023,2.2275013053,7.294693752534703e-13
48.9640673929,2.2275013053,3.0099932645961113e-13
48.9689612835,2.2275013053,9.264567285675763e-14
48.9738551741,2.2275013053,2.175079332487313e-14
48.9787490647,2.2275013053,4.206129416508476e-15
48.7389484253,2.2323951959,4.344065219881732e-05
48.7438423159,2.2323951959,4.528975836228765e-05
48.7487362065,2.2323951959,4.625656134378688e-05
48.7536300971,2.2323951959,4.628245210470426e-05
48.7585239877,2.2323951959,4.5365849799812344e-05
48.7634178783,2.2323951959,4.356236155869022e-05
48.7683117689,2.2323951959,4.097919798785467e-05
48.7732056595,2.2323951959,3.776462435192713e-05
48.7780995501,2.2323951959,3.409389315420392e-05
48.7829934407,2.2323951959,3.0153582224384892e-05
48.7878873313,2.2323951959,2.612763045087607e-05
48.7927812219,2.2323951959,2.2204703914466486e-05
48.7976751125,2.2323951959,1.8770701604762882e-05
48.8025690031,2.2323951959,1.774325165549576e-05
48.8074628937,2.2323951959,2.8282546822128388e-05
48.8123567843,2.2323951959,8.046039877106613e-05
48.8172506749,2.2323951959,0.00023326335982777976
48.8221445655,2.2323951959,0.0005303358137698749
48.8270384561,2.2323951959,0.0009026378462060384
48.8319323467,2.2323951959,0.0011919780292887355
48.8368262373,2.2323951959,0.0013899607498680932
48.8417201279,2.2323951959,0.0015995607046102836
48.8466140185,2.2323951959,0.001575871397252888
48.8515079091,2.2323951959,0.001060169458905684
48.8564017997,2.2323951959,0.00043299676819937385
48.8612956903,2.2323951959,0.00010304974201679151
48.8661895809,2.2323951959,1.4196011906732562e-05
48.8710834715,2.2323951959,1.1987579943147479e-06
48.8759773621,2.2323951959,1.0886740198707972e-07
48.8808712527,2.2323951959,3.582360131967139e-08
48.8857651433,2.2323951959,1.9809225109345463e-08
48.8906590339,2.2323951959,1.1130729939602695e-08
48.8955529245,2.2323951959,6.134407719929575e-09
48.9004468151,2.2323951959,3.312115647391863e-09
48.9053407057,2.2323951959,1.7518965543812e-09
48.9102345963,2.2323951959,9.07783304631031e-10
48.9151284869,2.2323951959,4.608327041649141e-10
48.9200223775,2.2323951959,2.29290521408421e-10
48.9249162681,2.2323951959,1.1223981922260583e-10
48.9298101587,2.2323951959,5.526182786346861e-11
48.9347040493,2.2323951959,2.9665194331217694e-11
48.9395979399,2.2323951959,1.970751320224908e-11
48.9444918305,2.2323951959,1.5652970190834268e-11
48.9493857211,2.2323951959,1.1976036605915043e-11
48.9542796117,2.2323951959,7.50051077231099e-12
48.9591735023,2.2323951959,3.5991809820227365e-12
48.9640673929,2.2323951959,1.302432787988316e-12
48.9689612835,2.2323951959,3.6130924563903997e-13
48.9738551741,2.2323951959,8.218393447877836e-14
48.9787490647,2.2323951959,1.806797663650411e-14
48.7389484253,2.2372890865,6.49557440100891e-05
48.7438423159,2.2372890865,6.998196455394516e-05
48.7487362065,2.2372890865,7.386256290273836e-05
48.7536300971,2.2372890865,7.637167051463934e-05
48.7585239877,2.2372890865,7.735882811942431e-05
48.7634178783,2.2372890865,7.676392078240298e-05
48.7683117689,2.2372890865,7.462323796882819e-05
48.7732056595,2.2372890865,7.106580911250704e-05
48.7780995501,2.2372890865,6.630052932544301e-05
48.7829934407,2.2372890865,6.059586517745186e-05
48.7878873313,2.2372890865,5.4254978894377896e-05
48.7927812219,2.2372890865,4.7591326919259654e-05
48.7976751125,2.2372890865,4.093206220321932e-05
48.8025690031,2.2372890865,3.4868103526084954e-05
48.8074628937,2.2372890865,3.200278126201755e-05
48.8123567843,2.2372890865,4.4325062130402595e-05
48.8172506749,2.2372890865,0.00011042197551703712
48.8221445655,2.2372890865,0.000304728137156424
48.8270384561,2.2372890865,0.000685076149627136
48.8319323467,2.2372890865,0.001197696196259037
48.8368262373,2.2372890865,0.001718020965412
48.8417201279,2.2372890865,0.0021247797139725927
48.8466140185,2.2372890865,0.0021102748669742316
48.8515079091,2.2372890865,0.001457895801125654
48.8564017997,2.2372890865,0.0006326783942746599
48.8612956903,2.2372890865,0.0001652529770019426
48.8661895809,2.2372890865,2.6102066982212293e-05
48.8710834715,2.2372890865,2.7909096585840706e-06
48.8759773621,2.2372890865,3.74392560675114e-07
48.8808712527,2.2372890865,1.4093532785691862e-07
48.8857651433,2.2372890865,7.955006707380922e-08
48.8906590339,2.2372890865,4.608292816971117e-08
48.8955529245,2.2372890865,2.6240670331765068e-08
48.9004468151,2.2372890865,1.4640929062622836e-08
48.9053407057,2.2372890865,8.002700056902066e-09
48.9102345963,2.2372890865,4.285272397355623e-09
48.9151284869,2.2372890865,2.2482578200211664e-09
48.9200223775,2.2372890865,1.157007597137002e-09
48.9249162681,2.2372890865,5.886074380088088e-10
48.9298101587,2.2372890865,3.067564828484162e-10
48.9347040493,2.2372890865,1.7964932367437846e-10
48.9395979399,2.2372890865,1.271464779883958e-10
48.9444918305,2.2372890865,9.751747286288018e-11
48.9493857211,2.2372890865,6.70232300227555e-11
48.9542796117,2.2372890865,3.6834410995391186e-11
48.9591735023,2.2372890865,1.555261781374776e-11
48.9640673929,2.2372890865,5.072143433244527e-12
48.9689612835,2.2372890865,1.350495511832862e-12
48.9738551741,2.2372890865,3.3697536957994044e-13
48.9787490647,2.2372890865,9.533267602525736e-14
48.7389484253,2.2421829771,8.883759012863223e-05
48.7438423159,2.2421829771,9.890773103314677e-05
48.7487362065,2.2421829771,0.00010787812358001121
48.7536300971,2.2421829771,0.00011526732188778222
48.7585239877,2.2421829771,0.00012065593696791419
48.7634178783,2.2421829771,0.00012372596926134814
48.7683117689,2.2421829771,0.00012429186578959877
48.7732056595,2.2421829771,0.00012231908525722288
48.7780995501,2.2421829771,0.00011792758811951913
48.7829934407,2.2421829771,0.00011137976139091908
48.7878873313,2.2421829771,0.00010305447339013827
48.7927812219,2.2421829771,9.341095765667365e-05
48.7976751125,2.2421829771,8.294978491520112e-05
48.8025690031,2.2421829771,7.220789338152241e-05
48.8074628937,2.2421829771,6.207225668631004e-05
48.8123567843,2.2421829771,5.600547005321916e-05
48.8172506749,2.2421829771,6.931254120678566e-05
48.8221445655,2.2421829771,0.00015053180707719313
48.8270384561,2.2421829771,0.0003954636781120701
48.8319323467,2.2421829771,0.0009032057776189084
48.8368262373,2.2421829771,0.0016801657187224001
48.8417201279,2.2421829771,0.0025070013191699136
48.8466140185,2.2421829771,0.0028027143894202525
48.8515079091,2.2421829771,0.0021380241928245954
48.8564017997,2.2421829771,0.0010458223769659086
48.8612956903,2.2421829771,0.0003237720058548571
48.8661895809,2.2421829771,6.623642355517042e-05
48.8710834715,2.2421829771,1.0271662902855473e-05
48.8759773621,2.2421829771,1.7421979324298456e-06
48.8808712527,2.2421829771,5.588361098873622e-07
48.8857651433,2.2421829771,2.960943954051859e-07
48.8906590339,2.2421829771,1.747249689860023e-07
48.8955529245,2.2421829771,1.0267669233566271e-07
48.9004468151,2.2421829771,5.9195897976577187e-08
48.9053407057,2.2421829771,3.343669217503636e-08
48.9102345963,2.2421829771,1.850297099307947e-08
48.9151284869,2.2421829771,1.0034455079019507e-08
48.9200223775,2.2421829771,5.347401873755912e-09
48.9249162681,2.2421829771,2.841148896938563e-09
48.9298101587,2.2421829771,1.5827818380764991e-09
48.9347040493,2.2421829771,1.0068230509124733e-09
48.9395979399,2.2421829771,7.332074543329462e-10
48.9444918305,2.2421829771,5.287994448285394e-10
48.9493857211,2.2421829771,3.251252779432218e-10
48.9542796117,2.2421829771,1.582814995425466e-10
48.9591735023,2.2421829771,6.023999432060843e-11
48.9640673929,2.2421829771,1.8666162279990737e-11
48.9689612835,2.2421829771,5.272369941108563e-12
48.9738551741,2.2421829771,1.6046893660238497e-12
48.9787490647,2.2421829771,5.698061077621759e-13
48.7389484253,2.2470768677,0.0001111306768166624
48.7438423159,2.2470768677,0.0001278593025684983
48.7487362065,2.2470768677,0.00014411207702494808
48.7536300971,2.2470768677,0.00015912488338633955
48.7585239877,2.2470768677,0.00017212561055682216
48.7634178783,2.2470768677,0.00018239904649171082
48.7683117689,2.2470768677,0.00018935174339577033
48.7732056595,2.2470768677,0.00019256871262715873
48.7780995501,2.2470768677,0.00019185442505229147
48.7829934407,2.2470768677,0.00018725248439850972
48.7878873313,2.2470768677,0.00017904122121177382
48.7927812219,2.2470768677,0.00016770583312567306
48.7976751125,2.2470768677,0.00015389112236311345
48.8025690031,2.2470768677,0.00013834443768682682
48.8074628937,2.2470768677,0.00012189722597864139
48.8123567843,2.2470768677,0.00010584533940137452
48.8172506749,2.2470768677,9.470857828602647e-05
48.8221445655,2.2470768677,0.00010777448468712804
48.8270384561,2.2470768677,0.00020778072769156656
48.8319323467,2.2470768677,0.0005356675090173252
48.8368262373,2.2470768677,0.0012834485000633251
48.8417201279,2.2470768677,0.002431043612599893
48.8466140185,2.2470768677,0.0033001522338091793
48.8515079091,2.2470768677,0.0030028880827892694
48.8564017997,2.2470768677,0.0017909201226127376
48.8612956903,2.2470768677,0.0007184921207857882
48.8661895809,2.2470768677,0.00020750182318552928
48.8710834715,2.2470768677,4.720247782676778e-05
48.8759773621,2.2470768677,9.657130207605874e-06
48.8808712527,2.2470768677,2.4596901543956076e-06
48.8857651433,2.2470768677,1.0600017713292362e-06
48.8906590339,2.2470768677,6.100680939335827e-07
48.8955529245,2.2470768677,3.677034041590542e-07
48.9004468151,2.2470768677,2.1892261978618658e-07
48.9053407057,2.2470768677,1.2778250563589204e-07
48.9102345963,2.2470768677,7.307866329692467e-08
48.9151284869,2.2470768677,4.0984997340736223e-08
48.9200223775,2.2470768677,2.267006466546461e-08
48.9249162681,2.2470768677,1.2670308754144438e-08
48.9298101587,2.2470768677,7.600641572421937e-09
48.9347040493,2.2470768677,5.166349243427715e-09
48.9395979399,2.2470768677,3.74195155438308e-09
48.9444918305,2.2470768677,2.496228826558335e-09
48.9493857211,2.2470768677,1.3778673875829434e-09
48.9542796117,2.2470768677,6.059368084479929e-10
48.9591735023,2.2470768677,2.170311583843026e-10
48.9640673929,2.2470768677,6.920415852994334e-11
48.9689612835,2.2470768677,2.2709164091515147e-11
48.9738551741,2.2470768677,8.427291270649484e-12
48.9787490647,2.2470768677,3.4201745386374676e-12
48.7389484253,2.2519707583,0.00012715373816002968
48.7438423159,2.2519707583,0.00015117932641126638
48.7487362065,2.2519707583,0.00017608621327399332
48.7536300971,2.2519707583,0.00020092222398978914
48.7585239877,2.2519707583,0.0002245950983418655
48.7634178783,2.2519707583,0.0002459474054414856
48.7683117689,2.2519707583,0.00026384805168744925
48.7732056595,2.2519707583,0.00027729064136692845
48.7780995501,2.2519707583,0.000285486914910539
48.7829934407,2.2519707583,0.00028794323340024166
48.7878873313,2.2519707583,0.0002845097941313176
48.7927812219,2.2519707583,0.00027539575428435844
48.7976751125,2.2519707583,0.0002611481480891827
48.8025690031,2.2519707583,0.00024259777341142032
48.8074628937,2.2519707583,0.000220783531730073
48.8123567843,2.2519707583,0.0001969163578087712
48.8172506749,2.2519707583,0.00017283091222789574
48.8221445655,2.2519707583,0.00015445631329389378
48.8270384561,2.2519707583,0.0001678848341658306
48.8319323467,2.2519707583,0.0003092623864882463
48.8368262373,2.2519707583,0.0008174488227273342
48.8417201279,2.2519707583,0.00193019299296888
48.8466140185,2.2519707583,0.0032446881843478967
48.8515079091,2.2519707583,0.003637989715082464
48.8564017997,2.2519707583,0.002747395568601718
48.8612956903,2.2519707583,0.0014752929315617201
48.8661895809,2.2519707583,0.0006003265698867328
48.8710834715,2.2519707583,0.00019194474997546204
48.8759773621,2.2519707583,4.972453505480544e-05
48.8808712527,2.2519707583,1.2066768672023408e-05
48.8857651433,2.2519707583,3.946407132160704e-06
48.8906590339,2.2519707583,2.003638135472949e-06
48.8955529245,2.2519707583,1.208742847477567e-06
48.9004468151,2.2519707583,7.407752090972392e-07
48.9053407057,2.2519707583,4.466787381980439e-07
48.9102345963,2.2519707583,2.640467099836739e-07
48.9151284869,2.2519707583,1.5330335574122074e-07
48.9200223775,2.2519707583,8.838381803967365e-08
48.9249162681,2.2519707583,5.2415895755285476e-08
48.9298101587,2.2519707583,3.387231055936741e-08
48.9347040493,2.2519707583,2.398176845233183e-08
48.9395979399,2.2519707583,1.6800889812301404e-08
48.9444918305,2.2519707583,1.0295893210836042e-08
48.9493857211,2.2519707583,5.167202769763577e-09
48.9542796117,2.2519707583,2.122944054180302e-09
48.9591735023,2.2519707583,7.620381105532901e-10
48.9640673929,2.2519707583,2.7022535174708964e-10
48.9689612835,2.2519707583,1.0491838907690518e-10
48.9738551741,2.2519707583,4.441501724389367e-11
48.9787490647,2.2519707583,1.9353120263648215e-11
48.7389484253,2.2568646489,0.0001330706530797666
48.7438423159,2.2568646489,0.00016349725426236425
48.7487362065,2.2568646489,0.00019679239601169264
48.7536300971,2.2568646489,0.00023204693573606285
48.7585239877,2.2568646489,0.0002680482872990427
48.7634178783,2.2568646489,0.00030333317437200325
48.7683117689,2.2568646489,0.0003362764530106201
48.7732056595,2.2568646489,0.000365210016522096
48.7780995501,2.2568646489,0.0003885604355091508
48.7829934407,2.2568646489,0.00040498985910852967
48.7878873313,2.2568646489,0.0004135227379345085
48.7927812219,2.2568646489,0.0004136417007388822
48.7976751125,2.2568646489,0.000405339484154306
48.8025690031,2.2568646489,0.00038911967811659407
48.8074628937,2.2568646489,0.0003659464550618249
48.8123567843,2.2568646489,0.0003371552637253769
48.8172506749,2.2568646489,0.0003044013929411837
48.8221445655,2.2568646489,0.00027027657714763634
48.8270384561,2.2568646489,0.00024404293674328462
48.8319323467,2.2568646489,0.0002736125575081909
48.8368262373,2.2568646489,0.0005386395816857217
48.8417201279,2.2568646489,0.0013620905151790004
48.8466140185,2.2568646489,0.0026990598486280617
48.8515079091,2.2568646489,0.0036490477305567027
48.8564017997,2.2568646489,0.003450151673839795
48.8612956903,2.2568646489,0.002451285425473018
48.8661895809,2.2568646489,0.001371655497227481
48.8710834715,2.2568646489,0.0006016588473525896
48.8759773621,2.2568646489,0.00020458648338139268
48.8808712527,2.2568646489,5.6877805694813476e-05
48.8857651433,2.2568646489,1.6117836230103238e-05
48.8906590339,2.2568646489,6.5286375017323185e-06
48.8955529245,2.2568646489,3.6916003098862308e-06
48.9004468151,2.2568646489,2.2970549637881652e-06
48.9053407057,2.2568646489,1.42849375254306e-06
48.9102345963,2.2568646489,8.730871109003258e-07
48.9151284869,2.2568646489,5.259085833614461e-07
48.9200223775,2.2568646489,3.1808341557564274e-07
48.9249162681,2.2568646489,2.017102637110749e-07
48.9298101587,2.2568646489,1.390748675371008e-07
48.9347040493,2.2568646489,9.9623855157689e-08
48.9395979399,2.2568646489,6.62329632697689e-08
48.9444918305,2.2568646489,3.738906414811559e-08
48.9493857211,2.2568646489,1.7471996537415278e-08
48.9542796117,2.2568646489,7.03945467577648e-09
48.9591735023,2.2568646489,2.704071949911028e-09
48.9640673929,2.2568646489,1.1002997201563322e-09
48.9689612835,2.2568646489,4.850647596359682e-10
48.9738551741,2.2568646489,2.215949060050634e-10
48.9787490647,2.2568646489,1.010010989984305e-10
48.7389484253,2.2617585395,0.00012737770710740933
48.7438423159,2.2617585395,0.00016172847969429718
48.7487362065,2.2617585395,0.00020116353353290327
48.7536300971,2.2617585395,0.000245121655830818
48.7585239877,2.2617585395,0.0002926063739436208
48.7634178783,2.2617585395,0.00034218073701501193
48.7683117689,2.2617585395,0.0003920098747082256
48.7732056595,2.2617585395,0.00043995487177380955
48.7780995501,2.2617585395,0.0004837143036004463
48.7829934407,2.2617585395,0.0005210020150442869
48.7878873313,2.2617585395,0.0005497428007430446
48.7927812219,2.2617585395,0.0005682629910353139
48.7976751125,2.2617585395,0.0005754516897121185
48.8025690031,2.2617585395,0.0005708710783370667
48.8074628937,2.2617585395,0.0005548005707566575
48.8123567843,2.2617585395,0.0005282089843545682
48.8172506749,2.2617585395,0.0004926662892220121
48.8221445655,2.2617585395,0.00045034267614163607
48.8270384561,2.2617585395,0.0004058612455311735
48.8319323467,2.2617585395,0.0003832804603001464
48.8368262373,2.2617585395,0.0004976409432865853
48.8417201279,2.2617585395,0.0010247366108754395
48.8466140185,2.2617585395,0.0020863921389939104
48.8515079091,2.2617585395,0.003131028331118369
48.8564017997,2.2617585395,0.003484557129827822
48.8612956903,2.2617585395,0.0031420700939492163
48.8661895809,2.2617585395,0.002355213170496283
48.8710834715,2.2617585395,0.0013997009647469512
48.8759773621,2.2617585395,0.0006346116248672414
48.8808712527,2.2617585395,0.00022226246861282683
48.8857651433,2.2617585395,6.6723419222648e-05
48.8906590339,2.2617585395,2.249102913775759e-05
48.8955529245,2.2617585395,1.083890560686532e-05
48.9004468151,2.2617585395,6.572648182393149e-06
48.9053407057,2.2617585395,4.183684450416571e-06
48.9102345963,2.2617585395,2.644169516582672e-06
48.9151284869,2.2617585395,1.6590522309319246e-06
48.9200223775,2.2617585395,1.061578225206059e-06
48.9249162681,2.2617585395,7.217641896779673e-07
48.9298101587,2.2617585395,5.207457411247369e-07
48.9347040493,2.2617585395,3.674831056029785e-07
48.9395979399,2.2617585395,2.2970918558172605e-07
48.9444918305,2.2617585395,1.2099438560779442e-07
48.9493857211,2.2617585395,5.455302966632788e-08
48.9542796117,2.2617585395,2.2757672455680534e-08
48.9591735023,2.2617585395,9.727546121745938e-09
48.9640673929,2.2617585395,4.458951880086948e-09
48.9689612835,2.2617585395,2.1313130136061986e-09
48.9738551741,2.2617585395,1.0221802133728759e-09
48.9787490647,2.2617585395,4.831232460237953e-10
48.7389484253,2.2666524301,0.00011152251336930974
48.7438423159,2.2666524301,0.00014632567199985164
48.7487362065,2.2666524301,0.00018808240981962515
48.7536300971,2.2666524301,0.00023683479528367865
48.7585239877,2.2666524301,0.00029215445336243194
48.7634178783,2.2666524301,0.0003530605452439968
48.7683117689,2.2666524301,0.0004179800358951906
48.7732056595,2.2666524301,0.00048476534441316033
48.7780995501,2.2666524301,0.0005507788630431686
48.7829934407,2.2666524301,0.0006130454029364498
48.7878873313,2.2666524301,0.0006684634861678373
48.7927812219,2.2666524301,0.0007140562314061331
48.7976751125,2.2666524301,0.0007472343224204677
48.8025690031,2.2666524301,0.0007660390075384991
48.8074628937,2.2666524301,0.0007693334804029286
48.8123567843,2.2666524301,0.0007569166766399842
48.8172506749,2.2666524301,0.0007295450349946398
48.8221445655,2.2666524301,0.0006889042843069807
48.8270384561,2.2666524301,0.0006383976530209765
48.8319323467,2.2666524301,0.000593114619915278
48.8368262373,2.2666524301,0.0006311202668053146
48.8417201279,2.2666524301,0.0009661502436537511
48.8466140185,2.2666524301,0.001737740660872943
48.8515079091,2.2666524301,0.002563646491606123
48.8564017997,2.2666524301,0.0029855643543418857
48.8612956903,2.2666524301,0.003128994573869047
48.8661895809,2.2666524301,0.0030171712213058026
48.8710834715,2.2666524301,0.0023983097366256797
48.8759773621,2.2666524301,0.0014561609627999148
48.8808712527,2.2666524301,0.00066793764009021
48.8857651433,2.2666524301,0.00024208280375336347
48.8906590339,2.2666524301,8.041809851911321e-05
48.8955529245,2.2666524301,3.2326845277437415e-05
48.9004468151,2.2666524301,1.772927215348162e-05
48.9053407057,2.2666524301,1.1269947289272474e-05
48.9102345963,2.2666524301,7.350253614494467e-06
48.9151284869,2.2666524301,4.8334497130136385e-06
48.9200223775,2.2666524301,3.2989315053306212e-06
48.9249162681,2.2666524301,2.3898030544581625e-06
48.9298101587,2.2666524301,1.7592219634525627e-06
48.9347040493,2.2666524301,1.198738146285726e-06
48.9395979399,2.2666524301,7.050666290240935e-07
48.9444918305,2.2666524301,3.546631215259158e-07
48.9493857211,2.2666524301,1.6110240264960962e-07
48.9542796117,2.2666524301,7.256187286853011e-08
48.9591735023,2.2666524301,3.4540832631010294e-08
48.9640673929,2.2666524301,1.7229876456944523e-08
48.9689612835,2.2666524301,8.683882539684373e-09
48.9738551741,2.2666524301,4.325828536970514e-09
48.9787490647,2.2666524301,2.1147223258662995e-09
48.7389484253,2.2715463207,8.930785381418288e-05
48.7438423159,2.2715463207,0.00012109118614578212
48.7487362065,2.2715463207,0.00016084408274280067
48.7536300971,2.2715463207,0.00020929907931065665
48.7585239877,2.2715463207,0.000266808230141048
48.7634178783,2.2715463207,0.0003331967836927463
48.7683117689,2.2715463207,0.00040763555163717864
48.7732056595,2.2715463207,0.0004885544588486962
48.7780995501,2.2715463207,0.0005736190731214369
48.7829934407,2.2715463207,0.0006597871607481773
48.7878873313,2.2715463207,0.0007434535014923191
48.7927812219,2.2715463207,0.0008206792197905139
48.7976751125,2.2715463207,0.0008874885059002646
48.8025690031,2.2715463207,0.0009402031714883846
48.8074628937,2.2715463207,0.0009757765144973201
48.8123567843,2.2715463207,0.0009920845545365769
48.8172506749,2.2715463207,0.000988136522037321
48.8221445655,2.2715463207,0.0009641988150322391
48.8270384561,2.2715463207,0.0009223326927809383
48.8319323467,2.2715463207,0.0008730871018369036
48.8368262373,2.2715463207,0.0008745278781484592
48.8417201279,2.2715463207,0.0011017151873660912
48.8466140185,2.2715463207,0.0016903779836722043
48.8515079091,2.2715463207,0.0022953227237206995
48.8564017997,2.2715463207,0.0024820867253430652
48.8612956903,2.2715463207,0.002592135593128976
48.8661895809,2.2715463207,0.002946139617665375
48.8710834715,2.2715463207,0.003046619995587447
48.8759773621,2.2715463207,0.002464573125708004
48.8808712527,2.2715463207,0.0015001909249175993
48.8857651433,2.2715463207,0.0006972384953293109
48.8906590339,2.2715463207,0.0002656874036118525
48.8955529245,2.2715463207,9.971190553759853e-05
48.9004468151,2.2715463207,4.700694747088078e-05
48.9053407057,2.2715463207,2.831999636990572e-05
48.9102345963,2.2715463207,1.8856304352342916e-05
48.9151284869,2.2715463207,1.3081463302469635e-05
48.9200223775,2.2715463207,9.559191857495468e-06
48.9249162681,2.2715463207,7.258143018851805e-06
48.9298101587,2.2715463207,5.313961407052013e-06
48.9347040493,2.2715463207,3.457425243187002e-06
48.9395979399,2.2715463207,1.9343288946793457e-06
48.9444918305,2.2715463207,9.593649917816338e-07
48.9493857211,2.2715463207,4.571347196576718e-07
48.9542796117,2.2715463207,2.2582179946691953e-07
48.9591735023,2.2715463207,1.1718683507850831e-07
48.9640673929,2.2715463207,6.194787033673956e-08
48.9689612835,2.2715463207,3.250429758826521e-08
48.9738551741,2.2715463207,1.6757473755709754e-08
48.9787490647,2.2715463207,8.467403437837877e-09
48.7389484253,2.2764402113,6.541460750855328e-05
48.7438423159,2.2764402113,9.165634234020431e-05
48.7487362065,2.2764402113,0.00012581139532364695
48.7536300971,2.2764402113,0.00016917925581208876
48.7585239877,2.2764402113,0.00022286605010033014
48.7634178783,2.2764402113,0.00028761424786242465
48.7683117689,2.2764402113,0.00036361898583903287
48.7732056595,2.2764402113,0.0004503522953064861
48.7780995501,2.2764402113,0.0005464216324359318
48.7829934407,2.2764402113,0.0006494908883913495
48.7878873313,2.2764402113,0.0007562892297694453
48.7927812219,2.2764402113,0.0008627251190598655
48.7976751125,2.2764402113,0.0009641101277599551
48.8025690031,2.2764402113,0.0010554812470181072
48.8074628937,2.2764402113,0.001131993863273131
48.8123567843,2.2764402113,0.001189343488613142
48.8172506749,2.2764402113,0.0012241659837144874
48.8221445655,2.2764402113,0.001234377839843092
48.8270384561,2.2764402113,0.0012197362404391893
48.8319323467,2.2764402113,0.0011866339448018818
48.8368262373,2.2764402113,0.0011786918637009243
48.8417201279,2.2764402113,0.0013448828966162465
48.8466140185,2.2764402113,0.001833482453277078
48.8515079091,2.2764402113,0.002339015662462982
48.8564017997,2.2764402113,0.0023266205022477583
48.8612956903,2.2764402113,0.002100252371153078
48.8661895809,2.2764402113,0.002362798311424646
48.8710834715,2.2764402113,0.0029499967465132057
48.8759773621,2.2764402113,0.0031064794934129235
48.8808712527,2.2764402113,0.0025029351198711434
48.8857651433,2.2764402113,0.0015255664523706792
48.8906590339,2.2764402113,0.0007246861629881883
48.8955529245,2.2764402113,0.0002954367756395479
48.9004468151,2.2764402113,0.000126546611647153
48.9053407057,2.2764402113,6.847686331659382e-05
48.9102345963,2.2764402113,4.5229534012591386e-05
48.9151284869,2.2764402113,3.311667133788772e-05
48.9200223775,2.2764402113,2.5749492959504658e-05
48.9249162681,2.2764402113,2.0006289616825528e-05
48.9298101587,2.2764402113,1.4267253059973644e-05
48.9347040493,2.2764402113,8.850374274195015e-06
48.9395979399,2.2764402113,4.806307481676755e-06
48.9444918305,2.2764402113,2.434755965081436e-06
48.9493857211,2.2764402113,1.2485132483520608e-06
48.9542796117,2.2764402113,6.715363448754539e-07
48.9591735023,2.2764402113,3.7128760197641534e-07
48.9640673929,2.2764402113,2.049898733690996e-07
48.9689612835,2.2764402113,1.1142427317905684e-07
48.9738551741,2.2764402113,5.938634831594147e-08
48.9787490647,2.2764402113,3.101084970042285e-08
48.7389484253,2.2813341019,4.3824584765239716e-05
48.7438423159,2.2813341019,6.345567874808598e-05
48.7487362065,2.2813341019,9.001043330335344e-05
48.7536300971,2.2813341019,0.00012507913967191005
48.7585239877,2.2813341019,0.00017027331565165531
48.7634178783,2.2813341019,0.0002270795238857882
48.7683117689,2.2813341019,0.00029667368876065
48.7732056595,2.2813341019,0.00037970801339638353
48.7780995501,2.2813341019,0.00047609121547978055
48.7829934407,2.2813341019,0.0005847904185592167
48.7878873313,2.2813341019,0.0007036877697995764
48.7927812219,2.2813341019,0.0008295249101014706
48.7976751125,2.2813341019,0.0009579625597972294
48.8025690031,2.2813341019,0.0010837704714532694
48.8074628937,2.2813341019,0.0012011459096733824
48.8123567843,2.2813341019,0.0013041390356776704
48.8172506749,2.2813341019,0.001387144630123223
48.8221445655,2.2813341019,0.0014454121895827413
48.8270384561,2.2813341019,0.001475713396542222
48.8319323467,2.2813341019,0.001479911880237994
48.8368262373,2.2813341019,0.0014887635761490136
48.8417201279,2.2813341019,0.0016269280286716505
48.8466140185,2.2813341019,0.0020571040276601508
48.8515079091,2.2813341019,0.0025491067193934036
48.8564017997,2.2813341019,0.002498568342744181
48.8612956903,2.2813341019,0.0020002105408336766
48.8661895809,2.2813341019,0.0018574336428647904
48.8710834715,2.2813341019,0.0023592945055850925
48.8759773621,2.2813341019,0.0030126075805597214
48.8808712527,2.2813341019,0.0031343513584389995
48.8857651433,2.2813341019,0.002504973791070887
48.8906590339,2.2813341019,0.00153535421962132
48.8955529245,2.2813341019,0.0007534992446654974
48.9004468151,2.2813341019,0.0003341376735947371
48.9053407057,2.2813341019,0.00016497966526726507
48.9102345963,2.2813341019,0.00010399780188603819
48.9151284869,2.2813341019,7.897735590273603e-05
48.9200223775,2.2813341019,6.399733043046469e-05
48.9249162681,2.2813341019,4.95479907726938e-05
48.9298101587,2.2813341019,3.397131122761568e-05
48.9347040493,2.2813341019,2.0258979828546907e-05
48.9395979399,2.2813341019,1.0974838067169673e-05
48.9444918305,2.2813341019,5.8518677192530775e-06
48.9493857211,2.2813341019,3.249413462763032e-06
48.9542796117,2.2813341019,1.8715111445085054e-06
48.9591735023,2.2813341019,1.0853299472451274e-06
48.9640673929,2.2813341019,6.21711592856015e-07
48.9689612835,2.2813341019,3.4948263755625317e-07
48.9738551741,2.2813341019,1.9250432913570497e-07
48.9787490647,2.2813341019,1.0388111734026637e-07
48.7389484253,2.2862279925,2.685461080168724e-05
48.7438423159,2.2862279925,4.018245327194982e-05
48.7487362065,2.2862279925,5.8901141108418404e-05
48.7536300971,2.2862279925,8.458252452327522e-05
48.7585239877,2.2862279925,0.00011898911998694561
48.7634178783,2.2862279925,0.00016398477806039632
48.7683117689,2.2862279925,0.00022139585958512797
48.7732056595,2.2862279925,0.00029282296076688465
48.7780995501,2.2862279925,0.00037941145159966263
48.7829934407,2.2862279925,0.0004815988228376703
48.7878873313,2.2862279925,0.0005988665735326932
48.7927812219,2.2862279925,0.0007295320966675608
48.7976751125,2.2862279925,0.0008706195384638422
48.8025690031,2.2862279925,0.0010178460352487687
48.8074628937,2.2862279925,0.0011657500526412478
48.8123567843,2.2862279925,0.0013079720779400831
48.8172506749,2.2862279925,0.0014376765863201063
48.8221445655,2.2862279925,0.0015480851607595002
48.8270384561,2.2862279925,0.0016331882704666123
48.8319323467,2.2862279925,0.001690462433061148
48.8368262373,2.2862279925,0.001739033684655827
48.8417201279,2.2862279925,0.0018787384949656477
48.8466140185,2.2862279925,0.0022764043752832243
48.8515079091,2.2862279925,0.002788872883994368
48.8564017997,2.2862279925,0.002813509206096625
48.8612956903,2.2862279925,0.002237863841180771
48.8661895809,2.2862279925,0.001758342084554779
48.8710834715,2.2862279925,0.0018630674351481449
48.8759773621,2.2862279925,0.002451699728373823
48.8808712527,2.2862279925,0.0030566451170620603
48.8857651433,2.2862279925,0.0031172252216526467
48.8906590339,2.2862279925,0.0024745742617098645
48.8955529245,2.2862279925,0.001534743230307212
48.9004468151,2.2862279925,0.0007897174566955482
48.9053407057,2.2862279925,0.0003932825196374547
48.9102345963,2.2862279925,0.00023564814193701016
48.9151284869,2.2862279925,0.0001785960763270448
48.9200223775,2.2862279925,0.00014540295507106603
48.9249162681,2.2862279925,0.00010944362175384344
48.9298101587,2.2862279925,7.185350601613178e-05
48.9347040493,2.2862279925,4.191006721498455e-05
48.9395979399,2.2862279925,2.3322142642501968e-05
48.9444918305,2.2862279925,1.3319327015486942e-05
48.9493857211,2.2862279925,7.947048551845548e-06
48.9542796117,2.2862279925,4.826795389860275e-06
48.9591735023,2.2862279925,2.9112798477890457e-06
48.9640673929,2.2862279925,1.7257351983068839e-06
48.9689612835,2.2862279925,1.0026891436595768e-06
48.9738551741,2.2862279925,5.707632513736288e-07
48.9787490647,2.2862279925,3.182861949576061e-07
48.7389484253,2.2911218831,1.505143467893965e-05
48.7438423159,2.2911218831,2.327342957184884e-05
48.7487362065,2.2911218831,3.525433667008728e-05
48.7536300971,2.2911218831,5.2315982290199216e-05
48.7585239877,2.2911218831,7.605467154436624e-05
48.7634178783,2.2911218831,0.00010831462005046
48.7683117689,2.2911218831,0.0001511186066601344
48.7732056595,2.2911218831,0.0002065468020527897
48.7780995501,2.2911218831,0.0002765595655468135
48.7829934407,2.2911218831,0.00036276766354186534
48.7878873313,2.2911218831,0.00046616334991052613
48.7927812219,2.2911218831,0.0005868368248328937
48.7976751125,2.2911218831,0.00072371281979382
48.8025690031,2.2911218831,0.0008743490598760583
48.8074628937,2.2911218831,0.0010348397528843667
48.8123567843,2.2911218831,0.0011998612681025217
48.8172506749,2.2911218831,0.0013628832428826986
48.8221445655,2.2911218831,0.0015165496154562765
48.8270384561,2.2911218831,0.0016532792206741549
48.8319323467,2.2911218831,0.001767285115585645
48.8368262373,2.2911218831,0.0018680929070135342
48.8417201279,2.2911218831,0.002031660226741035
48.8466140185,2.2911218831,0.0024172974841376693
48.8515079091,2.2911218831,0.0029603541721982744
48.8564017997,2.2911218831,0.00310796535258093
48.8612956903,2.2911218831,0.0025979483094585695
48.8661895809,2.2911218831,0.001980266539894697
48.8710834715,2.2911218831,0.0017569865938680067
48.8759773621,2.2911218831,0.0019889175978189833
48.8808712527,2.2911218831,0.0025434350486884527
48.8857651433,2.2911218831,0.003059262614821549
48.8906590339,2.2911218831,0.0030576644440921683
48.8955529245,2.2911218831,0.00242141202480274
48.9004468151,2.2911218831,0.001541922737651258
48.9053407057,2.2911218831,0.0008687375434113692
48.9102345963,2.2911218831,0.0005252368287325974
48.9151284869,2.2911218831,0.00038403061002730476
48.9200223775,2.2911218831,0.0003000083199238802
48.9249162681,2.2911218831,0.00021494553404681659
48.9298101587,2.2911218831,0.00013575672872255762
48.9347040493,2.2911218831,7.93057118543851e-05
48.9395979399,2.2911218831,4.6460630816402924e-05
48.9444918305,2.2911218831,2.850989035223785e-05
48.9493857211,2.2911218831,1.8049762645435186e-05
48.9542796117,2.2911218831,1.1443791447853728e-05
48.9591735023,2.2911218831,7.1507134484832015e-06
48.9640673929,2.2911218831,4.382208864752278e-06
48.9689612835,2.2911218831,2.6313189248967137e-06
48.9738551741,2.2911218831,1.5478546563458218e-06
48.9787490647,2.2911218831,8.919839010957045e-07
48.7389484253,2.2960157737,7.716047926859306e-06
48.7438423159,2.2960157737,1.2329410310678365e-05
48.7487362065,2.2960157737,1.9300091565001385e-05
48.7536300971,2.2960157737,2.959689199379711e-05
48.7585239877,2.2960157737,4.446338478616891e-05
48.7634178783,2.2960157737,6.543778758472002e-05
48.7683117689,2.2960157737,9.434619060248973e-05
48.7732056595,2.2960157737,0.00013325693062646207
48.7780995501,2.2960157737,0.0001843847150749861
48.7829934407,2.2960157737,0.00024993651035827206
48.7878873313,2.2960157737,0.00033189763800473747
48.7927812219,2.2960157737,0.0004317658566657035
48.7976751125,2.2960157737,0.0005502526020546761
48.8025690031,2.2960157737,0.0006869823643191267
48.8074628937,2.2960157737,0.0008402310882489031
48.8123567843,2.2960157737,0.001006749861954892
48.8172506749,2.2960157737,0.0011817186574124704
48.8221445655,2.2960157737,0.0013588661388894056
48.8270384561,2.2960157737,0.001530814065205824
48.8319323467,2.2960157737,0.0016904375672799827
48.8368262373,2.2960157737,0.0018405800866553657
48.8417201279,2.2960157737,0.002036351598601298
48.8466140185,2.2960157737,0.002421345552580294
48.8515079091,2.2960157737,0.0029934695658276763
48.8564017997,2.2960157737,0.0032747091637464034
48.8612956903,2.2960157737,0.0029018096972428806
48.8661895809,2.2960157737,0.0022905639423844923
48.8710834715,2.2960157737,0.0019279501722842367
48.8759773621,2.2960157737,0.001878351963093814
48.8808712527,2.2960157737,0.002119200433572032
48.8857651433,2.2960157737,0.002597730993480897
48.8906590339,2.2960157737,0.0030195300351985623
48.8955529245,2.2960157737,0.002977047641761168
48.9004468151,2.2960157737,0.0023997087508258372
48.9053407057,2.2960157737,0.0016520751100075385
48.9102345963,2.2960157737,0.0010967849632991117
48.9151284869,2.2960157737,0.0007774179635504617
48.9200223775,2.2960157737,0.0005619167890157922
48.9249162681,2.2960157737,0.0003766705280562243
48.9298101587,2.2960157737,0.00023132137383911544
48.9347040493,2.2960157737,0.00013880075626665383
48.9395979399,2.2960157737,8.682286301411372e-05
48.9444918305,2.2960157737,5.686769944738354e-05
48.9493857211,2.2960157737,3.778132388372613e-05
48.9542796117,2.2960157737,2.4865274744977305e-05
48.9591735023,2.2960157737,1.6070382091166287e-05
48.9640673929,2.2960157737,1.0178635721324757e-05
48.9689612835,2.2960157737,6.3159757618737516e-06
48.9738551741,2.2960157737,3.839392007635957e-06
48.9787490647,2.2960157737,2.286410566982374e-06
48.7389484253,2.3009096643,3.618011289560767e-06
48.7438423159,2.3009096643,5.974233717761491e-06
48.7487362065,2.3009096643,9.664161391672348e-06
48.7536300971,2.3009096643,1.5314958137458394e-05
48.7585239877,2.3009096643,2.377590892560442e-05
48.7634178783,2.3009096643,3.615997466322716e-05
48.7683117689,2.3009096643,5.387518581036082e-05
48.7732056595,2.3009096643,7.863558446099771e-05
48.7780995501,2.3009096643,0.00011243955848110384
48.7829934407,2.3009096643,0.00015750299576551527
48.7878873313,2.3009096643,0.00021613653273234578
48.7927812219,2.3009096643,0.000290560929616983
48.7976751125,2.3009096643,0.00038266251976377984
48.8025690031,2.3009096643,0.0004937013469104596
48.8074628937,2.3009096643,0.0006239968131863451
48.8123567843,2.3009096643,0.0007726274004558309
48.8172506749,2.3009096643,0.0009371897250689474
48.8221445655,2.3009096643,0.0011136657221490769
48.8270384561,2.3009096643,0.0012964648654744163
48.8319323467,2.3009096643,0.0014791701744570208
48.8368262373,2.3009096643,0.0016611892811562187
48.8417201279,2.3009096643,0.0018812758753218826
48.8466140185,2.3009096643,0.002263375927560704
48.8515079091,2.3009096643,0.0028511159276741306
48.8564017997,2.3009096643,0.0032534513895411004
48.8612956903,2.3009096643,0.003044971726428247
48.8661895809,2.3009096643,0.0025129730693447677
48.8710834715,2.3009096643,0.002139299100688892
48.8759773621,2.3009096643,0.0019870221573649745
48.8808712527,2.3009096643,0.0019946536138970394
48.8857651433,2.3009096643,0.0022066340416676813
48.8906590339,2.3009096643,0.0026178618261667483
48.8955529245,2.3009096643,0.0029955249233662154
48.9004468151,2.3009096643,0.003015995387915769
48.9053407057,2.3009096643,0.0026128150294489
48.9102345963,2.3009096643,0.0020136644558881697
48.9151284869,2.3009096643,0.001438069461810096
48.9200223775,2.3009096643,0.0009589967234591157
48.9249162681,2.3009096643,0.0005966468342230308
48.9298101587,2.3009096643,0.00036058889781850006
48.9347040493,2.3009096643,0.0002264779820773627
48.9395979399,2.3009096643,0.0001515547876288782
48.9444918305,2.3009096643,0.00010488537757666818
48.9493857211,2.3009096643,7.257873097527592e-05
48.9542796117,2.3009096643,4.945163230742803e-05
48.9591735023,2.3009096643,3.303739503239409e-05
48.9640673929,2.3009096643,2.1624633123111234e-05
48.9689612835,2.3009096643,1.3866464981053644e-05
48.9738551741,2.3009096643,8.710693597640934e-06
48.9787490647,2.3009096643,5.360550660343372e-06
48.7389484253,2.3058035549,1.5516826411695196e-06
48.7438423159,2.3058035549,2.6477690071535935e-06
48.7487362065,2.3058035549,4.426158496184178e-06
48.7536300971,2.3058035549,7.248422556853154e-06
48.7585239877,2.3058035549,1.1628661249482814e-05
48.7634178783,2.3058035549,1.827618771920668e-05
48.7683117689,2.3058035549,2.8139163013410167e-05
48.7732056595,2.3058035549,4.2443033383873126e-05
48.7780995501,2.3058035549,6.271498596914741e-05
48.7829934407,2.3058035549,9.078329013628234e-05
48.7878873313,2.3058035549,0.00012873901488028616
48.7927812219,2.3058035549,0.0001788480129511888
48.7976751125,2.3058035549,0.00024340401163765022
48.8025690031,2.3058035549,0.00032451966470805656
48.8074628937,2.3058035549,0.00042386150903736
48.8123567843,2.3058035549,0.0005423462178772285
48.8172506749,2.3058035549,0.0006798278136472722
48.8221445655,2.3058035549,0.0008348166085504797
48.8270384561,2.3058035549,0.0010042900541319157
48.8319323467,2.3058035549,0.0011839466797607197
48.8368262373,2.3058035549,0.0013724920160462352
48.8417201279,2.3058035549,0.0015971224637286576
48.8466140185,2.3058035549,0.0019616124612973572
48.8515079091,2.3058035549,0.002540011253423463
48.8564017997,2.3058035549,0.0030318173171026567
48.8612956903,2.3058035549,0.0029852729809674667
48.8661895809,2.3058035549,0.0025620673528846923
48.8710834715,2.3058035549,0.002232001150438391
48.8759773621,2.3058035549,0.002088763555567017
48.8808712527,2.3058035549,0.002030743406942462
48.8857651433,2.3058035549,0.0020633969217532548
48.8906590339,2.3058035549,0.0022917821115229463
48.8955529245,2.3058035549,0.002763215978330917
48.9004468151,2.3058035549,0.003290840702519048
48.9053407057,2.3058035549,0.003493860784242191
48.9102345963,2.3058035549,0.0031271571515538413
48.9151284869,2.3058035549,0.0023320055435342582
48.9200223775,2.3058035549,0.0014877592520210817
48.9249162681,2.3058035549,0.0008729038763916286
48.9298101587,2.3058035549,0.0005245949729224001
48.9347040493,2.3058035549,0.0003462241791208868
48.9395979399,2.3058035549,0.00024570831696160006
48.9444918305,2.3058035549,0.00017795186214001466
48.9493857211,2.3058035549,0.00012770319358905
48.9542796117,2.3058035549,8.997610570283819e-05
48.9591735023,2.3058035549,6.21234361370026e-05
48.9640673929,2.3058035549,4.2021054720561554e-05
48.9689612835,2.3058035549,2.78451211438762e-05
48.9738551741,2.3058035549,1.8075944712527552e-05
48.9787490647,2.3058035549,1.1495359923205287e-05
48.7389484253,2.3106974455,6.086867785749941e-07
48.7438423159,2.3106974455,1.0733366595754001e-06
48.7487362065,2.3106974455,1.8541622371638847e-06
48.7536300971,2.3106974455,3.137828297231511e-06
48.7585239877,2.3106974455,5.202119126472578e-06
48.7634178783,2.3106974455,8.448917814697071e-06
48.7683117689,2.3106974455,1.344285618894193e-05
48.7732056595,2.3106974455,2.095326444338258e-05
48.7780995501,2.3106974455,3.19949554736124e-05
48.7829934407,2.3106974455,4.7860915384646933e-05
48.7878873313,2.3106974455,7.013748126333651e-05
48.7927812219,2.3106974455,0.00010069061773637734
48.7976751125,2.3106974455,0.00014161117273073944
48.8025690031,2.3106974455,0.0001951082834040838
48.8074628937,2.3106974455,0.0002633440868121342
48.8123567843,2.3106974455,0.00034820989540063714
48.8172506749,2.3106974455,0.00045105377565262235
48.8221445655,2.3106974455,0.0005723811567606751
48.8270384561,2.3106974455,0.0007115684951622608
48.8319323467,2.3106974455,0.0008668126858376195
48.8368262373,2.3106974455,0.001037720397794705
48.8417201279,2.3106974455,0.0012439459558790395
48.8466140185,2.3106974455,0.0015705239184346665
48.8515079091,2.3106974455,0.0021088755428985556
48.8564017997,2.3106974455,0.0026456347599598516
48.8612956903,2.3106974455,0.002735412540122775
48.8661895809,2.3106974455,0.00242380993958181
48.8710834715,2.3106974455,0.00215039249689822
48.8759773621,2.3106974455,0.0020535415111045193
48.8808712527,2.3106974455,0.0020305310655773733
48.8857651433,2.3106974455,0.0020539048924148105
48.8906590339,2.3106974455,0.00223613105159654
48.8955529245,2.3106974455,0.002744363350088071
48.9004468151,2.3106974455,0.003548268541052963
48.9053407057,2.3106974455,0.004193706778923032
48.9102345963,2.3106974455,0.004097507799733813
48.9151284869,2.3106974455,0.0032033893505543326
48.9200223775,2.3106974455,0.0020605099527577797
48.9249162681,2.3106974455,0.0011995086018699052
48.9298101587,2.3106974455,0.00072840852953647
48.9347040493,2.3106974455,0.000498445086396549
48.9395979399,2.3106974455,0.00036867828654900446
48.9444918305,2.3106974455,0.00027701504244483343
48.9493857211,2.3106974455,0.00020563739887463213
48.9542796117,2.3106974455,0.00014974928966967257
48.9591735023,2.3106974455,0.00010684797332338321
48.9640673929,2.3106974455,7.468671422463639e-05
48.9689612835,2.3106974455,5.1143501490277834e-05
48.9738551741,2.3106974455,3.430893636126179e-05
48.9787490647,2.3106974455,2.2547257543180924e-05
48.7389484253,2.3155913361,2.183950637424529e-07
48.7438423159,2.3155913361,3.97969522665535e-07
48.7487362065,2.3155913361,7.104384937514077e-07
48.7536300971,2.3155913361,1.242432576359409e-06
48.7585239877,2.3155913361,2.128574473607508e-06
48.7634178783,2.3155913361,3.572518972610983e-06
48.7683117689,2.3155913361,5.873945498537597e-06
48.7732056595,2.3155913361,9.461390246077198e-06
48.7780995501,2.3155913361,1.4929651616763683e-05
48.7829934407,2.3155913361,2.3078844758534918e-05
48.7878873313,2.3155913361,3.4950076657543305e-05
48.7927812219,2.3155913361,5.185037168524553e-05
48.7976751125,2.3155913361,7.535729308840603e-05
48.8025690031,2.3155913361,0.00010729225672526635
48.8074628937,2.3155913361,0.0001496515243584061
48.8123567843,2.3155913361,0.0002044860021888001
48.8172506749,2.3155913361,0.0002737257783793254
48.8221445655,2.3155913361,0.00035895299242242067
48.8270384561,2.3155913361,0.00046114012408683143
48.8319323467,2.3155913361,0.0005804826421986731
48.8368262373,2.3155913361,0.0007178834223967682
48.8417201279,2.3155913361,0.0008881302793595947
48.8466140185,2.3155913361,0.0011596235477439269
48.8515079091,2.3155913361,0.0016303908247190099
48.8564017997,2.3155913361,0.0021650311577923677
48.8612956903,2.3155913361,0.0023514298373914356
48.8661895809,2.3155913361,0.002136569796320605
48.8710834715,2.3155913361,0.001911978931707461
48.8759773621,2.3155913361,0.0018610190010848993
48.8808712527,2.3155913361,0.0019117207495171638
48.8857651433,2.3155913361,0.0020567362575684457
48.8906590339,2.3155913361,0.0024341316438165643
48.8955529245,2.3155913361,0.003185362112040376
48.9004468151,2.3155913361,0.004164255575171371
48.9053407057,2.3155913361,0.004824007882771983
48.9102345963,2.3155913361,0.004643582727945705
48.9151284869,2.3155913361,0.0036773709247242448
48.9200223775,2.3155913361,0.0024769266083007357
48.9249162681,2.3155913361,0.0015342492749802201
48.9298101587,2.3155913361,0.0009744545418064098
48.9347040493,2.3155913361,0.0006805471236502173
48.9395979399,2.3155913361,0.0005127956591188812
48.9444918305,2.3155913361,0.00039567042672629654
48.9493857211,2.3155913361,0.00030302859771183104
48.9542796117,2.3155913361,0.00022797445961375164
48.9591735023,2.3155913361,0.00016808821225211776
48.9640673929,2.3155913361,0.00012141654574426589
48.9689612835,2.3155913361,8.591911472232512e-05
48.9738551741,2.3155913361,5.956230379848454e-05
48.9787490647,2.3155913361,4.045040368994669e-05
48.7389484253,2.3204852267,7.167203743774737e-08
48.7438423159,2.3204852267,1.3496515205148111e-07
48.7487362065,2.3204852267,2.489792880175531e-07
48.7536300971,2.3204852267,4.4996057967593983e-07
48.7585239877,2.3204852267,7.966276735523144e-07
48.7634178783,2.3204852267,1.3816752717308133e-06
48.7683117689,2.3204852267,2.347611646667049e-06
48.7732056595,2.3204852267,3.9076548807037595e-06
48.7780995501,2.3204852267,6.372000773834999e-06
48.7829934407,2.3204852267,1.017899998851607e-05
48.7878873313,2.3204852267,1.5929571089540173e-05
48.7927812219,2.3204852267,2.4421521935085157e-05
48.7976751125,2.3204852267,3.6678455786423045e-05
48.8025690031,2.3204852267,5.39658516356302e-05
48.8074628937,2.3204852267,7.778515145187729e-05
48.8123567843,2.3204852267,0.00010983583165113647
48.8172506749,2.3204852267,0.00015193612969038338
48.8221445655,2.3204852267,0.00020589595894146618
48.8270384561,2.3204852267,0.00027334271856088623
48.8319323467,2.3204852267,0.00035556563945488055
48.8368262373,2.3204852267,0.00045435188557919545
48.8417201279,2.3204852267,0.0005810491568366292
48.8466140185,2.3204852267,0.0007895094935326471
48.8515079091,2.3204852267,0.001175845314503848
48.8564017997,2.3204852267,0.0016693275663458573
48.8612956903,2.3204852267,0.0019099980802611493
48.8661895809,2.3204852267,0.0017690182118211461
48.8710834715,2.3204852267,0.0015775139455361676
48.8759773621,2.3204852267,0.0015615253431667054
48.8808712527,2.3204852267,0.0017107450262632553
48.8857651433,2.3204852267,0.002089220594000788
48.8906590339,2.3204852267,0.0028779810171423365
48.8955529245,2.3204852267,0.00406533816098098
48.9004468151,2.3204852267,0.005140402512305687
48.9053407057,2.3204852267,0.005398528026463559
48.9102345963,2.3204852267,0.004697436866836461
48.9151284869,2.3204852267,0.0035649041429760163
48.9200223775,2.3204852267,0.0025331972858896714
48.9249162681,2.3204852267,0.001763938324736267
48.9298101587,2.3204852267,0.0012292080233547672
48.9347040493,2.3204852267,0.0008823412283287537
48.9395979399,2.3204852267,0.0006658890591859917
48.9444918305,2.3204852267,0.0005204332114143382
48.9493857211,2.3204852267,0.0004090520997118482
48.9542796117,2.3204852267,0.0003175182814921178
48.9591735023,2.3204852267,0.000241867720343208
48.9640673929,2.3204852267,0.00018053912897143747
48.9689612835,2.3204852267,0.0001320222622502897
48.9738551741,2.3204852267,9.457877961522549e-05
48.9787490647,2.3204852267,6.637583197556822e-05
48.7389484253,2.3253791173,2.1513678073683346e-08
48.7438423159,2.3253791173,4.186503563878835e-08
48.7487362065,2.3253791173,7.981011551105972e-08
48.7536300971,2.3253791173,1.490507233462237e-07
48.7585239877,2.3253791173,2.726967180523254e-07
48.7634178783,2.3253791173,4.887597216974921e-07
48.7683117689,2.3253791173,8.581843314948373e-07
48.7732056595,2.3253791173,1.4761667803504882e-06
48.7780995501,2.3253791173,2.4874820125464268e-06
48.7829934407,2.3253791173,4.106332805736e-06
48.7878873313,2.3253791173,6.640763517383438e-06
48.7927812219,2.3253791173,1.0520867708549204e-05
48.7976751125,2.3253791173,1.632881914965166e-05
48.8025690031,2.3253791173,2.4827196000555282e-05
48.8074628937,2.3253791173,3.698028391760883e-05
48.8123567843,2.3253791173,5.396130995642023e-05
48.8172506749,2.3253791173,7.713729444538598e-05
48.8221445655,2.3253791173,0.0001080229561228663
48.8270384561,2.3253791173,0.0001481973273877271
48.8319323467,2.3253791173,0.00019921169316533438
48.8368262373,2.3253791173,0.00026307627186788183
48.8417201279,2.3253791173,0.00034835613214625783
48.8466140185,2.3253791173,0.0004962879686754305
48.8515079091,2.3253791173,0.0007948655511180847
48.8564017997,2.3253791173,0.0012226929589995489
48.8612956903,2.3253791173,0.0014821927077079365
48.8661895809,2.3253791173,0.001393697539186129
48.8710834715,2.3253791173,0.001223292898210461
48.8759773621,2.3253791173,0.0012414373371814748
48.8808712527,2.3253791173,0.0015356792959407399
48.8857651433,2.3253791173,0.0022689670664786097
48.8906590339,2.3253791173,0.003595110280629111
48.8955529245,2.3253791173,0.0051773708823066615
48.9004468151,2.3253791173,0.0060874996400507924
48.9053407057,2.3253791173,0.0056610873292422415
48.9102345963,2.3253791173,0.004309844347612301
48.9151284869,2.3253791173,0.0030042153647584454
48.9200223775,2.3253791173,0.0022133963023510195
48.9249162681,2.3253791173,0.0017636751665625553
48.9298101587,2.3253791173,0.0013980922853295958
48.9347040493,2.3253791173,0.0010671345658688736
48.9395979399,2.3253791173,0.0008119131857632258
48.9444918305,2.3253791173,0.0006352554493049442
48.9493857211,2.3253791173,0.0005074633916138624
48.9542796117,2.3253791173,0.0004049172410796496
48.9591735023,2.3253791173,0.0003183811486206319
48.9640673929,2.3253791173,0.0002455447624241222
48.9689612835,2.3253791173,0.000185550943562878
48.9738551741,2.3253791173,0.00013736432134998244
48.9787490647,2.3253791173,9.962195948099677e-05
48.7389484253,2.3302730079,5.9066000353533555e-09
48.7438423159,2.3302730079,1.1877889070151733e-08
48.7487362065,2.3302730079,2.3399718931462476e-08
48.7536300971,2.3302730079,4.5159766865145185e-08
48.7585239877,2.3302730079,8.538123180480745e-08
48.7634178783,2.3302730079,1.5814039365371486e-07
48.7683117689,2.3302730079,2.869411862913246e-07
48.7732056595,2.3302730079,5.100498661195549e-07
48.7780995501,2.3302730079,8.881821910144131e-07
48.7829934407,2.3302730079,1.5151692866118863e-06
48.7878873313,2.3302730079,2.532152923420449e-06
48.7927812219,2.3302730079,4.145609366128565e-06
48.7976751125,2.3302730079,6.649002524799872e-06
48.8025690031,2.3302730079,1.0447064917715238e-05
48.8074628937,2.3302730079,1.60805820173335e-05
48.8123567843,2.3302730079,2.4248166644630114e-05
48.8172506749,2.3302730079,3.5820012066687506e-05
48.8221445655,2.3302730079,5.183728902148732e-05
48.8270384561,2.3302730079,7.349053979376754e-05
48.8319323467,2.3302730079,0.00010208777394210675
48.8368262373,2.3302730079,0.00013935656025625015
48.8417201279,2.3302730079,0.00019146544197621809
48.8466140185,2.3302730079,0.0002889361703845028
48.8515079091,2.3302730079,0.0005078203563781223
48.8564017997,2.3302730079,0.0008608109942799596
48.8612956903,2.3302730079,0.0011152221913313665
48.8661895809,2.3302730079,0.0010654824444960526
48.8710834715,2.3302730079,0.0009175965678003079
48.8759773621,2.3302730079,0.0009945899753743927
48.8808712527,2.3302730079,0.001510605720972597
48.8857651433,2.3302730079,0.0026942901378353558
48.8906590339,2.3302730079,0.004504595864196287
48.8955529245,2.3302730079,0.006151501226328711
48.9004468151,2.3302730079,0.006506377973765508
48.9053407057,2.3302730079,0.005326623501334576
48.9102345963,2.3302730079,0.0035677756907882188
48.9151284869,2.3302730079,0.002277533910234468
48.9200223775,2.3302730079,0.0017075478192255845
48.9249162681,2.3302730079,0.0015252223571098923
48.9298101587,2.3302730079,0.001381255107658497
48.9347040493,2.3302730079,0.001161960925901457
48.9395979399,2.3302730079,0.0009213544932005847
48.9444918305,2.3302730079,0.0007249242925545428
48.9493857211,2.3302730079,0.0005824480430639664
48.9542796117,2.3302730079,0.00047401619285259713
48.9591735023,2.3302730079,0.0003836277025610743
48.9640673929,2.3302730079,0.0003054909934252372
48.9689612835,2.3302730079,0.00023852977881629923
48.9738551741,2.3302730079,0.00018247887576827896
48.9787490647,2.3302730079,0.00013675971569641738
48.7389484253,2.3351668985000003,1.483263960055e-09
48.7438423159,2.3351668985000003,3.082371976097484e-09
48.7487362065,2.3351668985000003,6.2751097390495235e-09
48.7536300971,2.3351668985000003,1.2514896931873747e-08
48.7585239877,2.3351668985000003,2.44513534708901e-08
48.7634178783,2.3351668985000003,4.680025345090623e-08
48.7683117689,2.3351668985000003,8.775324411622292e-08
48.7732056595,2.3351668985000003,1.6119361344106822e-07
48.7780995501,2.3351668985000003,2.900695595946286e-07
48.7829934407,2.3351668985000003,5.113592952805038e-07
48.7878873313,2.3351668985000003,8.831202199722685e-07
48.7927812219,2.3351668985000003,1.49411207893755e-06
48.7976751125,2.3351668985000003,2.4763737941853864e-06
48.8025690031,2.3351668985000003,4.020859489635285e-06
48.8074628937,2.3351668985000003,6.395746893860595e-06
48.8123567843,2.3351668985000003,9.966285289695485e-06
48.8172506749,2.3351668985000003,1.5214056907028444e-05
48.8221445655,2.3351668985000003,2.275236209300672e-05
48.8270384561,2.3351668985000003,3.333348286050863e-05
48.8319323467,2.3351668985000003,4.78516708572525e-05
48.8368262373,2.3351668985000003,6.753926058953837e-05
48.8417201279,2.3351668985000003,9.656633726227953e-05
48.8466140185,2.3351668985000003,0.00015668996179456655
48.8515079091,2.3351668985000003,0.00031042311978679864
48.8564017997,2.3351668985000003,0.0005911282047532184
48.8612956903,2.3351668985000003,0.0008278164942280023
48.8661895809,2.3351668985000003,0.0008127123448677838
48.8710834715,2.3351668985000003,0.0007067922417586201
48.8759773621,2.3351668985000003,0.0008943766053349524
48.8808712527,2.3351668985000003,0.0017068553526211187
48.8857651433,2.3351668985000003,0.0033201925806913748
48.8906590339,2.3351668985000003,0.005321811075171695
48.8955529245,2.3351668985000003,0.006551594843226903
48.9004468151,2.3351668985000003,0.006101564593123826
48.9053407057,2.3351668985000003,0.00438558376519156
48.9102345963,2.3351668985000003,0.0026309959274621255
48.9151284869,2.3351668985000003,0.0015921018727285453
48.9200223775,2.3351668985000003,0.001221043816417198
48.9249162681,2.3351668985000003,0.001172424374081822
48.9298101587,2.3351668985000003,0.0011761757857920907
48.9347040493,2.3351668985000003,0.001103065403047543
48.9395979399,2.3351668985000003,0.0009470774238047108
48.9444918305,2.3351668985000003,0.000770355486454849
48.9493857211,2.3351668985000003,0.0006231359245285098
48.9542796117,2.3351668985000003,0.0005122493109423631
48.9591735023,2.3351668985000003,0.0004239770663964953
48.9640673929,2.3351668985000003,0.0003478355879972068
48.9689612835,2.3351668985000003,0.000280489438967483
48.9738551741,2.3351668985000003,0.00022172418818666956
48.9787490647,2.3351668985000003,0.00017171948464520483
48.7389484253,2.3400607891000003,3.4068836976960716e-10
48.7438423159,2.3400607891000003,7.316254646346257e-10
48.7487362065,2.3400607891000003,1.5391820581392286e-09
48.7536300971,2.3400607891000003,3.1722020840467884e-09
48.7585239877,2.3400607891000003,6.404738085618874e-09
48.7634178783,2.3400607891000003,1.2668102753157984e-08
48.7683117689,2.3400607891000003,2.454660616890937e-08
48.7732056595,2.3400607891000003,4.659518138217756e-08
48.7780995501,2.3400607891000003,8.664833723294195e-08
48.7829934407,2.3400607891000003,1.5785165296935873e-07
48.7878873313,2.3400607891000003,2.8171353254953137e-07
48.7927812219,2.3400607891000003,4.925337095910928e-07
48.7976751125,2.3400607891000003,8.435947804468082e-07
48.8025690031,2.3400607891000003,1.415472652337395e-06
48.8074628937,2.3400607891000003,2.3266912495998116e-06
48.8123567843,2.3400607891000003,3.746672257444625e-06
48.8172506749,2.3400607891000003,5.910474225228009e-06
48.8221445655,2.3400607891000003,9.134161530560354e-06
48.8270384561,2.3400607891000003,1.3828917003607373e-05
48.8319323467,2.3400607891000003,2.051573042776821e-05
48.8368262373,2.3400607891000003,2.9952019686736586e-05
48.8417201279,2.3400607891000003,4.47731245837069e-05
48.8466140185,2.3400607891000003,7.991145716866392e-05
48.8515079091,2.3400607891000003,0.0001845434957581901
48.8564017997,2.3400607891000003,0.000402141700747507
48.8612956903,2.3400607891000003,0.0006169077976660334
48.8661895809,2.3400607891000003,0.0006405989160928555
48.8710834715,2.3400607891000003,0.0006103543884966781
48.8759773621,2.3400607891000003,0.0009644869922955571
48.8808712527,2.3400607891000003,0.00207822371155177
48.8857651433,2.3400607891000003,0.003914378417095518
48.8906590339,2.3400607891000003,0.0056574752512044335
48.8955529245,2.3400607891000003,0.006112301922514033
48.9004468151,2.3400607891000003,0.00495632360546679
48.9053407057,2.3400607891000003,0.0031274085897218034
48.9102345963,2.3400607891000003,0.0017164408465366106
48.9151284869,2.3400607891000003,0.0010374021114791696
48.9200223775,2.3400607891000003,0.0008382574450924315
48.9249162681,2.3400607891000003,0.0008360623433362088
48.9298101587,2.3400607891000003,0.0008840403396577767
48.9347040493,2.3400607891000003,0.0009050333398769548
48.9395979399,2.3400607891000003,0.0008561174332930247
48.9444918305,2.3400607891000003,0.0007461969056955236
48.9493857211,2.3400607891000003,0.0006209301279125629
48.9542796117,2.3400607891000003,0.0005147161150981599
48.9591735023,2.3400607891000003,0.00043181435911935083
48.9640673929,2.3400607891000003,0.00036304092287556234
48.9689612835,2.3400607891000003,0.0003018127245310034
48.9738551741,2.3400607891000003,0.0002464327097291927
48.9787490647,2.3400607891000003,0.00019721579472101986
48.7389484253,2.3449546797000003,7.15738130436981e-11
48.7438423159,2.3449546797000003,1.5883659230847513e-10
48.7487362065,2.3449546797000003,3.453159527663424e-10
48.7536300971,2.3449546797000003,7.354487222256872e-10
48.7585239877,2.3449546797000003,1.5344679711274391e-09
48.7634178783,2.3449546797000003,3.1364107409470245e-09
48.7683117689,2.3449546797000003,6.28026127101264e-09
48.7732056595,2.3449546797000003,1.2319473998237515e-08
48.7780995501,2.3449546797000003,2.367425348708389e-08
48.7829934407,2.3449546797000003,4.456871329239032e-08
48.7878873313,2.3449546797000003,8.219654693927617e-08
48.7927812219,2.3449546797000003,1.4850693162655745e-07
48.7976751125,2.3449546797000003,2.628509501536083e-07
48.8025690031,2.3449546797000003,4.5576613450842466e-07
48.8074628937,2.3449546797000003,7.741840636610252e-07
48.8123567843,2.3449546797000003,1.2882972419760393e-06
48.8172506749,2.3449546797000003,2.100185240390414e-06
48.8221445655,2.3449546797000003,3.354044898871216e-06
48.8270384561,2.3449546797000003,5.247518182009602e-06
48.8319323467,2.3449546797000003,8.045399386735708e-06
48.8368262373,2.3449546797000003,1.2157616285200615e-05
48.8417201279,2.3449546797000003,1.9148060007908375e-05
48.8466140185,2.3449546797000003,3.891032106019115e-05
48.8515079091,2.3449546797000003,0.00010869481624402052
48.8564017997,2.3449546797000003,0.0002747217608948904
48.8612956903,2.3449546797000003,0.00046866220601021947
48.8661895809,2.3449546797000003,0.000539846796311863
48.8710834715,2.3449546797000003,0.0006186949184270184
48.8759773621,2.3449546797000003,0.0011565791777168502
48.8808712527,2.3449546797000003,0.002451010829490874
48.8857651433,2.3449546797000003,0.0041613103129224905
48.8906590339,2.3449546797000003,0.005266102383267872
48.8955529245,2.3449546797000003,0.004931469391609511
48.9004468151,2.3449546797000003,0.0034650583206536955
48.9053407057,2.3449546797000003,0.0019266171149181378
48.9102345963,2.3449546797000003,0.0009933898841898994
48.9151284869,2.3449546797000003,0.000632437248579126
48.9200223775,2.3449546797000003,0.0005541510121340634
48.9249162681,2.3449546797000003,0.0005684047346710529
48.9298101587,2.3449546797000003,0.0006097923981784226
48.9347040493,2.3449546797000003,0.0006542856210718487
48.9395979399,2.3449546797000003,0.000672608741864961
48.9444918305,2.3449546797000003,0.000640834432553407
48.9493857211,2.3449546797000003,0.0005667471184465679
48.9542796117,2.3449546797000003,0.00048159880529300694
48.9591735023,2.3449546797000003,0.000408087632063615
48.9640673929,2.3449546797000003,0.0003487305744222437
48.9689612835,2.3449546797000003,0.0002975561890854748
48.9738551741,2.3449546797000003,0.0002506034143827623
48.9787490647,2.3449546797000003,0.00020717713282691178
48.7389484253,2.3498485703,1.375336547315591e-11
48.7438423159,2.3498485703,3.154062479370739e-11
48.7487362065,2.3498485703,7.086002070472503e-11
48.7536300971,2.3498485703,1.5595594414229624e-10
48.7585239877,2.3498485703,3.3625772010665105e-10
48.7634178783,2.3498485703,7.10251681210233e-10
48.7683117689,2.3498485703,1.4696771814339462e-09
48.7732056595,2.3498485703,2.9792113006117854e-09
48.7780995501,2.3498485703,5.9163020262420495e-09
48.7829934407,2.3498485703,1.1509833493403044e-08
48.7878873313,2.3498485703,2.1935999113977093e-08
48.7927812219,2.3498485703,4.095580564118511e-08
48.7976751125,2.3498485703,7.491058719010531e-08
48.8025690031,2.3498485703,1.3422722255362522e-07
48.8074628937,2.3498485703,2.35617574420291e-07
48.8123567843,2.3498485703,4.0517667141557276e-07
48.8172506749,2.3498485703,6.825757566180617e-07
48.8221445655,2.3498485703,1.1264892358442667e-06
48.8270384561,2.3498485703,1.8212862703384055e-06
48.8319323467,2.3498485703,2.8859396269556668e-06
48.8368262373,2.3498485703,4.518963103165633e-06
48.8417201279,2.3498485703,7.60097162846417e-06
48.8466140185,2.3498485703,1.849260980902471e-05
48.8515079091,2.3498485703,6.45606358006311e-05
48.8564017997,2.3498485703,0.0001903961919121306
48.8612956903,2.3498485703,0.0003673562317182912
48.8661895809,2.3498485703,0.0004930187888497551
48.8710834715,2.3498485703,0.0006920859442363632
48.8759773621,2.3498485703,0.0013571481144417296
48.8808712527,2.3498485703,0.0026065176362047113
48.8857651433,2.3498485703,0.003866193401623818
48.8906590339,2.3498485703,0.004231557694738178
48.8955529245,2.3498485703,0.0034168193502848118
48.9004468151,2.3498485703,0.002078212840182827
48.9053407057,2.3498485703,0.0010268854233568914
48.9102345963,2.3498485703,0.0005155693785847118
48.9151284869,2.3498485703,0.0003616012622368876
48.9200223775,2.3498485703,0.0003469231827073673
48.9249162681,2.3498485703,0.00036754398159675935
48.9298101587,2.3498485703,0.0003965900372893165
48.9347040493,2.3498485703,0.00043148563852669474
48.9395979399,2.3498485703,0.0004656764272827567
48.9444918305,2.3498485703,0.00048090345298717113
48.9493857211,2.3498485703,0.0004618420311944213
48.9542796117,2.3498485703,0.00041430282840886025
48.9591735023,2.3498485703,0.0003589594566027967
48.9640673929,2.3498485703,0.00031030332975261063
48.9689612835,2.3498485703,0.00026971945902718
48.9738551741,2.3498485703,0.00023342085195151216
48.9787490647,2.3498485703,0.00019911931219262707
48.7389484253,2.3547424609,2.4172512632543148e-12
48.7438423159,2.3547424609,5.728593500057797e-12
48.7487362065,2.3547424609,1.3299762646516328e-11
48.7536300971,2.3547424609,3.0248890478986506e-11
48.7585239877,2.3547424609,6.739763899589352e-11
48.7634178783,2.3547424609,1.4711250517513056e-10
48.7683117689,2.3547424609,3.145749771564851e-10
48.7732056595,2.3547424609,6.589742293229253e-10
48.7780995501,2.3547424609,1.3523290035470643e-09
48.7829934407,2.3547424609,2.718729306198193e-09
48.7878873313,2.3547424609,5.354504024432579e-09
48.7927812219,2.3547424609,1.033099626431939e-08
48.7976751125,2.3547424609,1.9526968883483448e-08
48.8025690031,2.3547424609,3.6157395393659496e-08
48.8074628937,2.3547424609,6.558871422291141e-08
48.8123567843,2.3547424609,1.1655496432908808e-07
48.8172506749,2.3547424609,2.0290941051060677e-07
48.8221445655,2.3547424609,3.460537499067726e-07
48.8270384561,2.3547424609,5.781781154805676e-07
48.8319323467,2.3547424609,9.469418115903422e-07
48.8368262373,2.3547424609,1.5397247949743456e-06
48.8417201279,2.3547424609,2.8346354379832084e-06
48.8466140185,2.3547424609,8.834712417138844e-06
48.8515079091,2.3547424609,3.924919857584854e-05
48.8564017997,2.3547424609,0.00013502087582044266
48.8612956903,2.3547424609,0.0002991969072681266
48.8661895809,2.3547424609,0.00047676779997801787
48.8710834715,2.3547424609,0.0007684482751350609
48.8759773621,2.3547424609,0.001438837076312028
48.8808712527,2.3547424609,0.0024168985721486624
48.8857651433,2.3547424609,0.0030939324414606968
48.8906590339,2.3547424609,0.0029145629988007286
48.8955529245,2.3547424609,0.0020253745714125873
48.9004468151,2.3547424609,0.001067928310195011
48.9053407057,2.3547424609,0.00047589748200474946
48.9102345963,2.3547424609,0.00024382568906220013
48.9151284869,2.3547424609,0.0001940459145515002
48.9200223775,2.3547424609,0.00020232265247116876
48.9249162681,2.3547424609,0.00022227993611879964
48.9298101587,2.3547424609,0.00024354944378783363
48.9347040493,2.3547424609,0.0002665325080830188
48.9395979399,2.3547424609,0.0002928177534819057
48.9444918305,2.3547424609,0.00031814869868211767
48.9493857211,2.3547424609,0.00033046785966542
48.9542796117,2.3547424609,0.0003201015590037957
48.9591735023,2.3547424609,0.00029115214511877814
48.9640673929,2.3547424609,0.00025685710150528295
48.9689612835,2.3547424609,0.00022615815530367282
48.9738551741,2.3547424609,0.00019973806776103043
48.9787490647,2.3547424609,0.0001752420747981605
48.7389484253,2.3596363515,3.885908683559571e-13
48.7438423159,2.3596363515,9.516641349078657e-13
48.7487362065,2.3596363515,2.2832028020759578e-12
48.7536300971,2.3596363515,5.366300019108793e-12
48.7585239877,2.3596363515,1.235591991790277e-11
48.7634178783,2.3596363515,2.787050863801995e-11
48.7683117689,2.3596363515,6.158633769491692e-11
48.7732056595,2.3596363515,1.3331945753133445e-10
48.7780995501,2.3596363515,2.827303112236326e-10
48.7829934407,2.3596363515,5.873823319856414e-10
48.7878873313,2.3596363515,1.1954710445177628e-09
48.7927812219,2.3596363515,2.383564554312864e-09
48.7976751125,2.3596363515,4.655694233143738e-09
48.8025690031,2.3596363515,8.908645096303859e-09
48.8074628937,2.3596363515,1.6699718113568044e-08
48.8123567843,2.3596363515,3.0670291528239894e-08
48.8172506749,2.3596363515,5.525913102530698e-08
48.8221445655,2.3596363515,9.780808304832701e-08
48.8270384561,2.3596363515,1.6872037604620536e-07
48.8319323467,2.3596363515,2.845279957352318e-07
48.8368262373,2.3596363515,4.821900735029095e-07
48.8417201279,2.3596363515,1.0189456991494185e-06
48.8466140185,2.3596363515,4.404870236787171e-06
48.8515079091,2.3596363515,2.479103444624631e-05
48.8564017997,2.3596363515,9.886768570363577e-05
48.8612956903,2.3596363515,0.0002522176124426439
48.8661895809,2.3596363515,0.00046435191373114766
48.8710834715,2.3596363515,0.0007870597368686803
48.8759773621,2.3596363515,0.0013329260173407535
48.8808712527,2.3596363515,0.0019278640507400877
48.8857651433,2.3596363515,0.0021188653418632536
48.8906590339,2.3596363515,0.0017146239263805662
48.8955529245,2.3596363515,0.0010251009441466865
48.9004468151,2.3596363515,0.00047030051691934917
48.9053407057,2.3596363515,0.0001934991909920931
48.9102345963,2.3596363515,0.00010691699922398619
48.9151284869,2.3596363515,9.747516857185031e-05
48.9200223775,2.3596363515,0.00010886367919786378
48.9249162681,2.3596363515,0.00012405279560801844
48.9298101587,2.3596363515,0.00013944341680949298
48.9347040493,2.3596363515,0.00015486642166060593
48.9395979399,2.3596363515,0.0001715582443106283
48.9444918305,2.3596363515,0.00019044735300847705
48.9493857211,2.3596363515,0.00020855591836051952
48.9542796117,2.3596363515,0.00021811681530551618
48.9591735023,2.3596363515,0.00021318148949838242
48.9640673929,2.3596363515,0.00019651433503166743
48.9689612835,2.3596363515,0.00017631973496346254
48.9738551741,2.3596363515,0.00015792357500651248
48.9787490647,2.3596363515,0.00014160005313711954
48.7389484253,2.3645302421,5.713751764410316e-14
48.7438423159,2.3645302421,1.446030262290244e-13
48.7487362065,2.3645302421,3.585114824861628e-13
48.7536300971,2.3645302421,8.707599232901918e-13
48.7585239877,2.3645302421,2.071874615436673e-12
48.7634178783,2.3645302421,4.829455637063791e-12
48.7683117689,2.3645302421,1.1028147525493963e-11
48.7732056595,2.3645302421,2.4670424801620124e-11
48.7780995501,2.3645302421,5.4065517315119396e-11
48.7829934407,2.3645302421,1.1607368505103867e-10
48.7878873313,2.3645302421,2.4412758591397405e-10
48.7927812219,2.3645302421,5.030018880714576e-10
48.7976751125,2.3645302421,1.0152945419304022e-09
48.8025690031,2.3645302421,2.0076509564997806e-09
48.8074628937,2.3645302421,3.899968660902795e-09
48.8123567843,2.3645302421,8.798597155870337e-09
48.8172506749,2.3645302421,5.503509962631275e-08
48.8221445655,2.3645302421,2.9436743390478774e-07
48.8270384561,2.3645302421,4.3771810608308593e-07
48.8319323467,2.3645302421,2.0653023163584424e-07
48.8368262373,2.3645302421,1.4959598780953918e-07
48.8417201279,2.3645302421,3.770082424575601e-07
48.8466140185,2.3645302421,2.4133387045087102e-06
48.8515079091,2.3645302421,1.6593976949283883e-05
48.8564017997,2.3645302421,7.514690720762311e-05
48.8612956903,2.3645302421,0.00021558239905963717
48.8661895809,2.3645302421,0.0004329301609916171
48.8710834715,2.3645302421,0.0007187772480594668
48.8759773621,2.3645302421,0.0010678647575321988
48.8808712527,2.3645302421,0.0013171116994745843
48.8857651433,2.3645302421,0.0012385313400531236
48.8906590339,2.3645302421,0.0008600520489288986
48.8955529245,2.3645302421,0.000442590931705394
48.9004468151,2.3645302421,0.0001778254196853495
48.9053407057,2.3645302421,7.000923877042703e-05
48.9102345963,2.3645302421,4.407309541219471e-05
48.9151284869,2.3645302421,4.558947032412933e-05
48.9200223775,2.3645302421,5.37935233841684e-05
48.9249162681,2.3645302421,6.349441394741375e-05
48.9298101587,2.3645302421,7.359780622988723e-05
48.9347040493,2.3645302421,8.379902413002441e-05
48.9395979399,2.3645302421,9.426056303276122e-05
48.9444918305,2.3645302421,0.00010574062404729034
48.9493857211,2.3645302421,0.00011870315165110027
48.9542796117,2.3645302421,0.00013114400376033626
48.9591735023,2.3645302421,0.0001382052545671296
48.9640673929,2.3645302421,0.00013632866885245808
48.9689612835,2.3645302421,0.00012730141656754694
48.9738551741,2.3645302421,0.0001160464924143254
48.9787490647,2.3645302421,0.00010562266540322364
48.7389484253,2.3694241327,7.684367541532187e-15
48.7438423159,2.3694241327,2.0096898732287803e-14
48.7487362065,2.3694241327,5.148961373681443e-14
48.7536300971,2.3694241327,1.29234925892894e-13
48.7585239877,2.3694241327,3.177677631699038e-13
48.7634178783,2.3694241327,7.654369977040312e-13
48.7683117689,2.3694241327,1.8062536512427078e-12
48.7732056595,2.3694241327,4.175588572186669e-12
48.7780995501,2.3694241327,9.45641094926107e-12
48.7829934407,2.3694241327,2.0979959647050955e-11
48.7878873313,2.3694241327,4.559871817728078e-11
48.7927812219,2.3694241327,9.708905972155155e-11
48.7976751125,2.3694241327,2.025159595164796e-10
48.8025690031,2.3694241327,4.157907003453377e-10
48.8074628937,2.3694241327,1.9725578758915e-09
48.8123567843,2.3694241327,1.5053500585893282e-07
48.8172506749,2.3694241327,4.340987623839756e-06
48.8221445655,2.3694241327,2.8289702692148934e-05
48.8270384561,2.3694241327,4.128812536783395e-05
48.8319323467,2.3694241327,1.3503029585711403e-05
48.8368262373,2.3694241327,1.0259088121077995e-06
48.8417201279,2.3694241327,1.8615277018753391e-07
48.8466140185,2.3694241327,1.5516118533277547e-06
48.8515079091,2.3694241327,1.197382330937363e-05
48.8564017997,2.3694241327,5.8727601224938286e-05
48.8612956903,2.3694241327,0.0001807342798990994
48.8661895809,2.3694241327,0.0003730859601621821
48.8710834715,2.3694241327,0.000579659613051673
48.8759773621,2.3694241327,0.0007410619711680025
48.8808712527,2.3694241327,0.000771570549305548
48.8857651433,2.3694241327,0.0006177018463861175
48.8906590339,2.3694241327,0.000367566045651752
48.8955529245,2.3694241327,0.00016297760732271653
48.9004468151,2.3694241327,5.796080459602451e-05
48.9053407057,2.3694241327,2.2987781025817037e-05
48.9102345963,2.3694241327,1.718064717130527e-05
48.9151284869,2.3694241327,1.9734438172649888e-05
48.9200223775,2.3694241327,2.435775870555193e-05
48.9249162681,2.3694241327,2.974459889566809e-05
48.9298101587,2.3694241327,3.561278959544877e-05
48.9347040493,2.3694241327,4.179809771108272e-05
48.9395979399,2.3694241327,4.8193198093199766e-05
48.9444918305,2.3694241327,5.491493279096232e-05
48.9493857211,2.3694241327,6.241081197171685e-05
48.9542796117,2.3694241327,7.090176702925458e-05
48.9591735023,2.3694241327,7.909374854602888e-05
48.9640673929,2.3694241327,8.403977122682803e-05
48.9689612835,2.3694241327,8.367241173755108e-05
48.9738551741,2.3694241327,7.910503192388648e-05
48.9787490647,2.3694241327,7.319893931228137e-05
48.7389484253,2.3743180233,9.45263464363075e-16
48.7438423159,2.3743180233,2.5546928302301486e-15
48.7487362065,2.3743180233,6.763853314533706e-15
48.7536300971,2.3743180233,1.7543625445251845e-14
48.7585239877,2.3743180233,4.457734382371863e-14
48.7634178783,2.3743180233,1.1096313090314426e-13
48.7683117689,2.3743180233,2.7059071593046327e-13
48.7732056595,2.3743180233,6.464229335438834e-13
48.7780995501,2.3743180233,1.5128305789532178e-12
48.7829934407,2.3743180233,3.4684345799526294e-12
48.7878873313,2.3743180233,7.790160312803108e-12
48.7927812219,2.3743180233,1.714071745164291e-11
48.7976751125,2.3743180233,3.6964971449026777e-11
48.8025690031,2.3743180233,1.2426210677899e-10
48.8074628937,2.3743180233,2.705020306220286e-08
48.8123567843,2.3743180233,3.4998722599831956e-06
48.8172506749,2.3743180233,0.00010194487913127311
48.8221445655,2.3743180233,0.0006646996987029466
48.8270384561,2.3743180233,0.0009700602543433737
48.8319323467,2.3743180233,0.00031687516003390257
48.8368262373,2.3743180233,2.3182308785223037e-05
48.8417201279,2.3743180233,4.970105996312671e-07
48.8466140185,2.3743180233,1.2063024244081101e-06
48.8515079091,2.3743180233,9.226668494446704e-06
48.8564017997,2.3743180233,4.584046685555519e-05
48.8612956903,2.3743180233,0.00014371177635229152
48.8661895809,2.3743180233,0.00029233217595073377
48.8710834715,2.3743180233,0.00041543711317872567
48.8759773621,2.3743180233,0.00045131447940852294
48.8808712527,2.3743180233,0.0003908063557889326
48.8857651433,2.3743180233,0.0002636171876407718
48.8906590339,2.3743180233,0.00013390580792903335
48.8955529245,2.3743180233,5.121371474802385e-05
48.9004468151,2.3743180233,1.6404668185110724e-05
48.9053407057,2.3743180233,7.0115242984387524e-06
48.9102345963,2.3743180233,6.318023895184511e-06
48.9151284869,2.3743180233,7.867723519112574e-06
48.9200223775,2.3743180233,1.009613605423837e-05
48.9249162681,2.3743180233,1.274679581413688e-05
48.9298101587,2.3743180233,1.5770135869473695e-05
48.9347040493,2.3743180233,1.9115817214039094e-05
48.9395979399,2.3743180233,2.271535158898762e-05
48.9444918305,2.3743180233,2.652392666178541e-05
48.9493857211,2.3743180233,3.0623927036190896e-05
48.9542796117,2.3743180233,3.5277849140900506e-05
48.9591735023,2.3743180233,4.058693576382892e-05
48.9640673929,2.3743180233,4.5748940066345686e-05
48.9689612835,2.3743180233,4.90313607413361e-05
48.9738551741,2.3743180233,4.926935018064262e-05
48.9787490647,2.3743180233,4.7133869635913375e-05
48.7389484253,2.3792119139,1.0635443340959128e-16
48.7438423159,2.3792119139,2.970341048467218e-16
48.7487362065,2.3792119139,8.126933577048433e-16
48.7536300971,2.3792119139,2.178295417903465e-15
48.7585239877,2.3792119139,5.719743061955124e-15
48.7634178783,2.3792119139,1.4713159293906283e-14
48.7683117689,2.3792119139,3.707703767227826e-14
48.7732056595,2.3792119139,9.153217748122908e-14
48.7780995501,2.3792119139,2.2136667116106924e-13
48.7829934407,2.3792119139,5.244696350924637e-13
48.7878873313,2.3792119139,1.2173014478679463e-12
48.7927812219,2.3792119139,2.7678775180056377e-12
48.7976751125,2.3792119139,6.2590524833462535e-12
48.8025690031,2.3792119139,2.5669665042357626e-10
48.8074628937,2.3792119139,1.4146768658778523e-07
48.8123567843,2.3792119139,1.84081629659563e-05
48.8172506749,2.3792119139,0.0005362411945952738
48.8221445655,2.3792119139,0.0034964080567786546
48.8270384561,2.3792119139,0.005102641963908863
48.8319323467,2.3792119139,0.0016667842847799944
48.8368262373,2.3792119139,0.00012187498414756943
48.8417201279,2.3792119139,2.111129103271303e-06
48.8466140185,2.3792119139,1.0631764862693017e-06
48.8515079091,2.3792119139,7.253517572010094e-06
48.8564017997,2.3792119139,3.439665169818048e-05
48.8612956903,2.3792119139,0.00010586896211574288
48.8661895809,2.3792119139,0.00020831986526361515
48.8710834715,2.3792119139,0.000270516692277467
48.8759773621,2.3792119139,0.00024910520557813585
48.8808712527,2.3792119139,0.00017563540437124511
48.8857651433,2.3792119139,9.746930570778965e-05
48.8906590339,2.3792119139,4.1744615105177756e-05
48.8955529245,2.3792119139,1.3761550180013414e-05
48.9004468151,2.3792119139,4.082511183625976e-06
48.9053407057,2.3792119139,2.0287129759175157e-06
48.9102345963,2.3792119139,2.1753935077633993e-06
48.9151284869,2.3792119139,2.8794494348598336e-06
48.9200223775,2.3792119139,3.8289170475919706e-06
48.9249162681,2.3792119139,4.99649663771841e-06
48.9298101587,2.3792119139,6.387974328036896e-06
48.9347040493,2.3792119139,8.000895359670757e-06
48.9395979399,2.3792119139,9.818394236505368e-06
48.9444918305,2.3792119139,1.1812838717214017e-05
48.9493857211,2.3792119139,1.3970348361095096e-05
48.9542796117,2.3792119139,1.634832501131247e-05
48.9591735023,2.3792119139,1.9099605480662506e-05
48.9640673929,2.3792119139,2.2269357077236296e-05
48.9689612835,2.3792119139,2.537956669257529e-05
48.9738551741,2.3792119139,2.744384094127597e-05
48.9787490647,2.3792119139,2.7826879876290524e-05
48.7389484253,2.3841058045,1.0945013641441422e-17
48.7438423159,2.3841058045,3.158871267704724e-17
48.7487362065,2.3841058045,8.931352340938879e-17
48.7536300971,2.3841058045,2.473843330079895e-16
48.7585239877,2.3841058045,6.712693780917969e-16
48.7634178783,2.3841058045,1.7843956445806525e-15
48.7683117689,2.3841058045,4.6468124850212525e-15
48.7732056595,2.3841058045,1.1854652151163377e-14
48.7780995501,2.3841058045,2.962730559692029e-14
48.7829934407,2.3841058045,7.253793261346358e-14
48.7878873313,2.3841058045,1.7398342068064933e-13
48.7927812219,2.3841058045,4.0881829268411886e-13
48.7976751125,2.3841058045,1.051265085818037e-12
48.8025690031,2.3841058045,2.88505691276393e-10
48.8074628937,2.3841058045,1.6652888034972678e-07
48.8123567843,2.3841058045,2.1672929624866976e-05
48.8172506749,2.3841058045,0.0006313475168195517
48.8221445655,2.3841058045,0.004116522318337838
48.8270384561,2.3841058045,0.006007633785266526
48.8319323467,2.3841058045,0.0019624004778653835
48.8368262373,2.3841058045,0.00014349033077578385
48.8417201279,2.3841058045,2.4727836660015176e-06
48.8466140185,2.3841058045,9.395269198890806e-07
48.8515079091,2.3841058045,5.485238860376101e-06
48.8564017997,2.3841058045,2.401070289085976e-05
48.8612956903,2.3841058045,7.158809241526022e-05
48.8661895809,2.3841058045,0.00013714433701877228
48.8710834715,2.3841058045,0.00016671445412887428
48.8759773621,2.3841058045,0.0001330534009138763
48.8808712527,2.3841058045,7.52142148798698e-05
48.8857651433,2.3841058045,3.2728690164730625e-05
48.8906590339,2.3841058045,1.1357439062640898e-05
48.8955529245,2.3841058045,3.1864342178011433e-06
48.9004468151,2.3841058045,9.117943568778561e-07
48.9053407057,2.3841058045,5.630747975065521e-07
48.9102345963,2.3841058045,6.954965965270494e-07
48.9151284869,2.3841058045,9.65559057847871e-07
48.9200223775,2.3841058045,1.3283417678022794e-06
48.9249162681,2.3841058045,1.7913953456320914e-06
48.9298101587,2.3841058045,2.3667608872204493e-06
48.9347040493,2.3841058045,3.0632899237635404e-06
48.9395979399,2.3841058045,3.884184366439777e-06
48.9444918305,2.3841058045,4.825573618421492e-06
48.9493857211,2.3841058045,5.878484630010501e-06
48.9542796117,2.3841058045,7.042237451831122e-06
48.9591735023,2.3841058045,8.35548410166435e-06
48.9640673929,2.3841058045,9.906172524377586e-06
48.9689612835,2.3841058045,1.1714234317710527e-05
48.9738551741,2.3841058045,1.3505593999036897e-05
48.9787490647,2.3841058045,1.473660321771853e-05
48.7389484253,2.3889996951,1.0302319135331812e-18
48.7438423159,2.3889996951,3.072667176142769e-18
48.7487362065,2.3889996951,8.977713000548683e-18
48.7536300971,2.3889996951,2.5697187239706486e-17
48.7585239877,2.3889996951,7.205682708346316e-17
48.7634178783,2.3889996951,1.979403596032629e-16
48.7683117689,2.3889996951,5.326761469627608e-16
48.7732056595,2.3889996951,1.4043062183936455e-15
48.7780995501,2.3889996951,3.626853911836429e-15
48.7829934407,2.3889996951,9.176307977460731e-15
48.7878873313,2.3889996951,2.274445709519569e-14
48.7927812219,2.3889996951,5.522967957942822e-14
48.7976751125,2.3889996951,1.6042131499503804e-13
48.8025690031,2.3889996951,7.577496030343728e-11
48.8074628937,2.3889996951,4.388373712274878e-08
48.8123567843,2.3889996951,5.711325180071476e-06
48.8172506749,2.3889996951,0.00016637490573885477
48.8221445655,2.3889996951,0.0010848003719868447
48.8270384561,2.3889996951,0.001583152758701144
48.8319323467,2.3889996951,0.0005171397793876623
48.8368262373,2.3889996951,3.782493640299521e-05
48.8417201279,2.3889996951,7.414262808649915e-07
48.8466140185,2.3889996951,7.611382752893863e-07
48.8515079091,2.3889996951,3.8082848158457617e-06
48.8564017997,2.3889996951,1.529140745014954e-05
48.8612956903,2.3889996951,4.4678683962707056e-05
48.8661895809,2.3889996951,8.590850378099142e-05
48.8710834715,2.3889996951,0.00010282790988020286
48.8759773621,2.3889996951,7.588930107718891e-05
48.8808712527,2.3889996951,3.573826757802157e-05
48.8857651433,2.3889996951,1.1676149654909509e-05
48.8906590339,2.3889996951,2.9709126739839934e-06
48.8955529245,2.3889996951,6.611082998720118e-07
48.9004468151,2.3889996951,1.8885369343855904e-07
48.9053407057,2.3889996951,1.4964274570419427e-07
48.9102345963,2.3889996951,2.0511791482857274e-07
48.9151284869,2.3889996951,2.963689532152811e-07
48.9200223775,2.3889996951,4.2152276870067244e-07
48.9249162681,2.3889996951,5.874570413036702e-07
48.9298101587,2.3889996951,8.020550643205646e-07
48.9347040493,2.3889996951,1.0727587856834919e-06
48.9395979399,2.3889996951,1.4056286668884363e-06
48.9444918305,2.3889996951,1.8043433096291792e-06
48.9493857211,2.3889996951,2.2694442240458306e-06
48.9542796117,2.3889996951,2.7993615033457746e-06
48.9591735023,2.3889996951,3.397590214450102e-06
48.9640673929,2.3889996951,4.08898995915727e-06
48.9689612835,2.3889996951,4.92328998346768e-06
48.9738551741,2.3889996951,5.909334044311102e-06
48.9787490647,2.3889996951,6.895695180818304e-06
48.7389484253,2.3938935857,8.869756010983607e-20
48.7438423159,2.3938935857,2.7337393071938204e-19
48.7487362065,2.3938935857,8.2541469373179e-19
48.7536300971,2.3938935857,2.4415013496781327e-18
48.7585239877,2.3938935857,7.074755185598417e-18
48.7634178783,2.3938935857,2.008332138399983e-17
48.7683117689,2.3938935857,5.585079181307876e-17
48.7732056595,2.3938935857,1.5215730435321813e-16
48.7780995501,2.3938935857,4.060934186362955e-16
48.7829934407,2.3938935857,1.061765894839874e-15
48.7878873313,2.3938935857,2.7195764171881686e-15
48.7927812219,2.3938935857,6.824217374980504e-15
48.7976751125,2.3938935857,1.8488243419657883e-14
48.8025690031,2.3938935857,4.491812271986998e-12
48.8074628937,2.3938935857,2.5884693549643034e-09
48.8123567843,2.3938935857,3.3687391176420675e-07
48.8172506749,2.3938935857,9.813369775085064e-06
48.8221445655,2.3938935857,6.398529763090471e-05
48.8270384561,2.3938935857,9.337997107956778e-05
48.8319323467,2.3938935857,3.0504298141201866e-05
48.8368262373,2.3938935857,2.24563883781956e-06
48.8417201279,2.3938935857,1.4173814855909786e-07
48.8466140185,2.3938935857,5.475755311828219e-07
48.8515079091,2.3938935857,2.3610740234632318e-06
48.8564017997,2.3938935857,8.843392106489852e-06
48.8612956903,2.3938935857,2.6238214491179773e-05
48.8661895809,2.3938935857,5.311154715925309e-05
48.8710834715,2.3938935857,6.66246514429061e-05
48.8759773621,2.3938935857,4.978228053530685e-05
48.8808712527,2.3938935857,2.2045397469935183e-05
48.8857651433,2.3938935857,5.9382232879383105e-06
48.8906590339,2.3938935857,1.053253428653051e-06
48.8955529245,2.3938935857,1.5232757816514868e-07
48.9004468151,2.3938935857,3.8684402257348634e-08
48.9053407057,2.3938935857,3.769515798911003e-08
48.9102345963,2.3938935857,5.556973011957618e-08
48.9151284869,2.3938935857,8.322902786099559e-08
48.9200223775,2.3938935857,1.223478957752722e-07
48.9249162681,2.3938935857,1.7620530762534027e-07
48.9298101587,2.3938935857,2.486062387300963e-07
48.9347040493,2.3938935857,3.4361709135246056e-07
48.9395979399,2.3938935857,4.652723585701014e-07
48.9444918305,2.3938935857,6.171783174583841e-07
48.9493857211,2.3938935857,8.020415224722677e-07
48.9542796117,2.3938935857,1.0213013091093893e-06
48.9591735023,2.3938935857,1.2756858072928904e-06
48.9640673929,2.3938935857,1.5689887318897643e-06
48.9689612835,2.3938935857,1.916410061534944e-06
48.9738551741,2.3938935857,2.345418021960699e-06
48.9787490647,2.3938935857,2.8599936020411933e-06
48.7389484253,2.3987874763,6.98467705477308e-21
48.7438423159,2.3987874763,2.2246241955832496e-20
48.7487362065,2.3987874763,6.9412335390994e-20
48.7536300971,2.3987874763,2.121711504449784e-19
48.7585239877,2.3987874763,6.353392418304992e-19
48.7634178783,2.3987874763,1.8637802449529335e-18
48.7683117689,2.3987874763,5.356158279805367e-18
48.7732056595,2.3987874763,1.5079320610495485e-17
48.7780995501,2.3987874763,4.158912874338296e-17
48.7829934407,2.3987874763,1.1236926606744107e-16
48.7878873313,2.3987874763,2.974301245217882e-16
48.7927812219,2.3987874763,7.712475079544433e-16
48.7976751125,2.3987874763,1.9818953130040507e-15
48.8025690031,2.3987874763,6.365194223918201e-14
48.8074628937,2.3987874763,3.418418430321515e-11
48.8123567843,2.3987874763,4.44746863311642e-09
48.8172506749,2.3987874763,1.2955713419334383e-07
48.8221445655,2.3987874763,8.447473844929598e-07
48.8270384561,2.3987874763,1.2329610393775756e-06
48.8319323467,2.3987874763,4.043878100108048e-07
48.8368262373,2.3987874763,4.280437932614109e-08
48.8417201279,2.3987874763,7.799192251952114e-08
48.8466140185,2.3987874763,3.426145480895915e-07
48.8515079091,2.3987874763,1.291277501529628e-06
48.8564017997,2.3987874763,4.691196773531173e-06
48.8612956903,2.3987874763,1.4925592965203913e-05
48.8661895809,2.3987874763,3.335955263078646e-05
48.8710834715,2.3987874763,4.589779362556224e-05
48.8759773621,2.3987874763,3.697057070963357e-05
48.8808712527,2.3987874763,1.7159586282848305e-05
48.8857651433,2.3987874763,4.583163676519614e-06
48.8906590339,2.3987874763,7.137391853805622e-07
48.8955529245,2.3987874763,7.005403623686932e-08
48.9004468151,2.3987874763,9.59207819546521e-09
48.9053407057,2.3987874763,8.927501497384682e-09
48.9102345963,2.3987874763,1.3797748181144998e-08
48.9151284869,2.3987874763,2.1380747210224955e-08
48.9200223775,2.3987874763,3.248118258468582e-08
48.9249162681,2.3987874763,4.834147462470179e-08
48.9298101587,2.3987874763,7.048193970275113e-08
48.9347040493,2.3987874763,1.0067125427639442e-07
48.9395979399,2.3987874763,1.4086490028874857e-07
48.9444918305,2.3987874763,1.93094496230281e-07
48.9493857211,2.3987874763,2.5930345597872056e-07
48.9542796117,2.3987874763,3.411404651974092e-07
48.9591735023,2.3987874763,4.3979930029910825e-07
48.9640673929,2.3987874763,5.563291472026305e-07
48.9689612835,2.3987874763,6.935871340538039e-07
48.9738551741,2.3987874763,8.604003618501127e-07
48.9787490647,2.3987874763,1.0715145949748596e-06
48.7389484253,2.4036813669,5.030822225583593e-22
48.7438423159,2.4036813669,1.6558240960541919e-21
48.7487362065,2.4036813669,5.338989911018054e-21
48.7536300971,2.4036813669,1.6864508033216252e-20
48.7585239877,2.4036813669,5.218647074970895e-20
48.7634178783,2.4036813669,1.5820195751991495e-19
48.7683117689,2.4036813669,4.698242757142575e-19
48.7732056595,2.4036813669,1.3668747702889442e-18
48.7780995501,2.4036813669,3.895755356480259e-18
48.7829934407,2.4036813669,1.0877380152214333e-17
48.7878873313,2.4036813669,2.975274341213662e-17
48.7927812219,2.4036813669,7.972916329804346e-17
48.7976751125,2.4036813669,2.0964845123138212e-16
48.8025690031,2.4036813669,7.3047284487759e-16
48.8074628937,2.4036813669,1.0318435619738467e-13
48.8123567843,2.4036813669,1.317368954843873e-11
48.8172506749,2.4036813669,3.8353024658723994e-10
48.8221445655,2.4036813669,2.508292041409081e-09
48.8270384561,2.4036813669,3.798063325048887e-09
48.8319323467,2.4036813669,2.6359408566507006e-09
48.8368262373,2.4036813669,9.896858402982964e-09
48.8417201279,2.4036813669,4.874033526124248e-08
48.8466140185,2.4036813669,1.8446576370345286e-07
48.8515079091,2.4036813669,6.228238162606468e-07
48.8564017997,2.4036813669,2.338773186886576e-06
48.8612956903,2.4036813669,8.463524039036105e-06
48.8661895809,2.4036813669,2.1465193757348787e-05
48.8710834715,2.4036813669,3.287228400903061e-05
48.8759773621,2.4036813669,2.9086220240413877e-05
48.8808712527,2.4036813669,1.468642376520457e-05
48.8857651433,2.4036813669,4.217094259062955e-06
48.8906590339,2.4036813669,6.887615719480089e-07
48.8955529245,2.4036813669,6.473442591902788e-08
48.9004468151,2.4036813669,4.5802565476187565e-09
48.9053407057,2.4036813669,2.0260832733603145e-09
48.9102345963,2.4036813669,3.1372947984986253e-09
48.9151284869,2.4036813669,5.023959022176634e-09
48.9200223775,2.4036813669,7.887251104021448e-09
48.9249162681,2.4036813669,1.2130502651810856e-08
48.9298101587,2.4036813669,1.827686295463844e-08
48.9347040493,2.4036813669,2.6977033354742366e-08
48.9395979399,2.4036813669,3.9008243712123583e-08
48.9444918305,2.4036813669,5.525712546876374e-08
48.9493857211,2.4036813669,7.66813965667525e-08
48.9542796117,2.4036813669,1.0424700816962349e-07
48.9591735023,2.4036813669,1.3884455856288797e-07
48.9640673929,2.4036813669,1.8122788419021341e-07
48.9689612835,2.4036813669,2.3218847760747027e-07
48.9738551741,2.4036813669,2.935459028110155e-07
48.9787490647,2.4036813669,3.7017365948298673e-07
48.7389484253,2.4085752575,3.314283035547215e-23
48.7438423159,2.4085752575,1.1272746038445834e-22
48.7487362065,2.4085752575,3.756120588179894e-22
48.7536300971,2.4085752575,1.2260805548501872e-21
48.7585239877,2.4085752575,3.9207410288546384e-21
48.7634178783,2.4085752575,1.228250598949014e-20
48.7683117689,2.4085752575,3.7694282953925904e-20
48.7732056595,2.4085752575,1.1332707053148901e-19
48.7780995501,2.4085752575,3.3378092752725743e-19
48.7829934407,2.4085752575,9.630732103547892e-19
48.7878873313,2.4085752575,2.7223211203574897e-18
48.7927812219,2.4085752575,7.54652102637483e-18
48.7976751125,2.4085752575,2.1073231119073874e-17
48.8025690031,2.4085752575,8.820669919267027e-17
48.8074628937,2.4085752575,1.5352241185891165e-15
48.8123567843,2.4085752575,4.7001973380575423e-14
48.8172506749,2.4085752575,1.0434864996432988e-12
48.8221445655,2.4085752575,1.359608664558565e-11
48.8270384561,2.4085752575,1.3383949892912272e-10
48.8319323467,2.4085752575,1.0527596626004748e-09
48.8368262373,2.4085752575,6.127527348764827e-09
48.8417201279,2.4085752575,2.611260697324618e-08
48.8466140185,2.4085752575,8.52070888954966e-08
48.8515079091,2.4085752575,2.680505333272913e-07
48.8564017997,2.4085752575,1.1343198884021687e-06
48.8612956903,2.4085752575,4.860886859504375e-06
48.8661895809,2.4085752575,1.4006293511783291e-05
48.8710834715,2.4085752575,2.377025971971101e-05
48.8759773621,2.4085752575,2.3076055571605705e-05
48.8808712527,2.4085752575,1.2729049232847684e-05
48.8857651433,2.4085752575,3.982730399326974e-06
48.8906590339,2.4085752575,7.065491417467969e-07
48.8955529245,2.4085752575,7.117544834896767e-08
48.9004468151,2.4085752575,4.276059431763073e-09
48.9053407057,2.4085752575,5.170019913946059e-10
48.9102345963,2.4085752575,6.544355528066746e-10
48.9151284869,2.4085752575,1.0797912448524317e-09
48.9200223775,2.4085752575,1.7517722640144223e-09
48.9249162681,2.4085752575,2.7841695892320595e-09
48.9298101587,2.4085752575,4.3349435458328e-09
48.9347040493,2.4085752575,6.61212235240147e-09
48.9395979399,2.4085752575,9.88025130535705e-09
48.9444918305,2.4085752575,1.446321279181902e-08
48.9493857211,2.4085752575,2.074107430644594e-08
48.9542796117,2.4085752575,2.913852847161366e-08
48.9591735023,2.4085752575,4.010297896483668e-08
48.9640673929,2.4085752575,5.4073506435259864e-08
48.9689612835,2.4085752575,7.146124497005368e-08
48.9738551741,2.4085752575,9.274603132793906e-08
48.9787490647,2.4085752575,1.1896835394618682e-07
48.7389484253,2.4134691481,1.997092587012314e-24
48.7438423159,2.4134691481,7.019452353204827e-24
48.7487362065,2.4134691481,2.4170071538529765e-23
48.7536300971,2.4134691481,8.153091488558022e-23
48.7585239877,2.4134691481,2.694240561541386e-22
48.7634178783,2.4134691481,8.722080668115416e-22
48.7683117689,2.4134691481,2.7661358320605425e-21
48.7732056595,2.4134691481,8.594024404543645e-21
48.7780995501,2.4134691481,2.6157094353375894e-20
48.7829934407,2.4134691481,7.79939651205111e-20
48.7878873313,2.4134691481,2.280160123829272e-19
48.7927812219,2.4134691481,6.694752613842499e-19
48.7976751125,2.4134691481,2.9488231338128506e-18
48.8025690031,2.4134691481,5.707523041057532e-17
48.8074628937,2.4134691481,1.7712677207050276e-15
48.8123567843,2.4134691481,4.320701235274992e-14
48.8172506749,2.4134691481,7.712979814028611e-13
48.8221445655,2.4134691481,1.0020210465834001e-11
48.8270384561,2.4134691481,9.469096511861614e-11
48.8319323467,2.4134691481,6.508827681157001e-10
48.8368262373,2.4134691481,3.255414903610168e-09
48.8417201279,2.4134691481,1.1910934318518768e-08
48.8466140185,2.4134691481,3.3799820531694665e-08
48.8515079091,2.4134691481,1.0572033578392987e-07
48.8564017997,2.4134691481,5.532430283029974e-07
48.8612956903,2.4134691481,2.8244243228830695e-06
48.8661895809,2.4134691481,9.12583910831149e-06
48.8710834715,2.4134691481,1.70271522313249e-05
48.8759773621,2.4134691481,1.806953240145033e-05
48.8808712527,2.4134691481,1.0875793313234747e-05
48.8857651433,2.4134691481,3.7103346057227964e-06
48.8906590339,2.4134691481,7.173618494372489e-07
48.8955529245,2.4134691481,7.861747384707853e-08
48.9004468151,2.4134691481,4.919745952110757e-09
48.9053407057,2.4134691481,2.4271004002916603e-10
48.9102345963,2.4134691481,1.2745576321452798e-10
48.9151284869,2.4134691481,2.1230171825880752e-10
48.9200223775,2.4134691481,3.558671278300508e-10
48.9249162681,2.4134691481,5.844812150053336e-10
48.9298101587,2.4134691481,9.404229508501854e-10
48.9347040493,2.4134691481,1.482332246991697e-09
48.9395979399,2.4134691481,2.2889566511037506e-09
48.9444918305,2.4134691481,3.462575517772892e-09
48.9493857211,2.4134691481,5.1313379154845265e-09
48.9542796117,2.4134691481,7.449577950964017e-09
48.9591735023,2.4134691481,1.0595042719248083e-08
48.9640673929,2.4134691481,1.4762079751457927e-08
48.9689612835,2.4134691481,2.0151224878361306e-08
48.9738551741,2.4134691481,2.6964909098471892e-08
48.9787490647,2.4134691481,3.545947357599875e-08
48.7389484253,2.4183630387,1.100689410370131e-25
48.7438423159,2.4183630387,3.997925719517722e-25
48.7487362065,2.4183630387,1.4225722341926518e-24
48.7536300971,2.4183630387,4.95888012066759e-24
48.7585239877,2.4183630387,1.6934117373515312e-23
48.7634178783,2.4183630387,5.665147167035405e-23
48.7683117689,2.4183630387,1.8566476947065152e-22
48.7732056595,2.4183630387,5.9609789146063825e-22
48.7780995501,2.4183630387,1.8749152555814055e-21
48.7829934407,2.4183630387,5.781003201255269e-21
48.7878873313,2.4183630387,1.785275119964957e-20
48.7927812219,2.4183630387,8.281366393665842e-20
48.7976751125,2.4183630387,1.8621451907265937e-18
48.8025690031,2.4183630387,6.870837998742649e-17
48.8074628937,2.4183630387,1.981280003749558e-15
48.8123567843,2.4183630387,4.1766435993564996e-14
48.8172506749,2.4183630387,6.406891632740142e-13
48.8221445655,2.4183630387,7.148771112620301e-12
48.8270384561,2.4183630387,5.80176350839104e-11
48.8319323467,2.4183630387,3.424806685142726e-10
48.8368262373,2.4183630387,1.4709496280394514e-09
48.8417201279,2.4183630387,4.624678959380166e-09
48.8466140185,2.4183630387,1.1576330344922829e-08
48.8515079091,2.4183630387,3.995187904437661e-08
48.8564017997,2.4183630387,2.759001235160566e-07
48.8612956903,2.4183630387,1.6423424762628382e-06
48.8661895809,2.4183630387,5.869652568005496e-06
48.8710834715,2.4183630387,1.1978152855528695e-05
48.8759773621,2.4183630387,1.3868114939951457e-05
48.8808712527,2.4183630387,9.100696519111055e-06
48.8857651433,2.4183630387,3.3844182686758937e-06
48.8906590339,2.4183630387,7.132293603631323e-07
48.8955529245,2.4183630387,8.517660637158762e-08
48.9004468151,2.4183630387,5.7702566887492705e-09
48.9053407057,2.4183630387,2.3297860475132195e-10
48.9102345963,2.4183630387,2.6383760278742873e-11
48.9151284869,2.4183630387,3.8225201004371594e-11
48.9200223775,2.4183630387,6.612386530149009e-11
48.9249162681,2.4183630387,1.1222856704955493e-10
48.9298101587,2.4183630387,1.8660401150549183e-10
48.9347040493,2.4183630387,3.03954245952049e-10
48.9395979399,2.4183630387,4.850261205550099e-10
48.9444918305,2.4183630387,7.582138538415876e-10
48.9493857211,2.4183630387,1.1611490675816672e-09
48.9542796117,2.4183630387,1.7420231243450021e-09
48.9591735023,2.4183630387,2.5602923254428e-09
48.9640673929,2.4183630387,3.6863394326468916e-09
48.9689612835,2.4183630387,5.199679235602973e-09
48.9738551741,2.4183630387,7.185904760747157e-09
48.9787490647,2.4183630387,9.736924248920142e-09
48.7389484253,2.4232569293,5.5486759165382585e-27
48.7438423159,2.4232569293,2.0826879000507134e-26
48.7487362065,2.4232569293,7.658235242938131e-26
48.7536300971,2.4232569293,2.7586899076850124e-25
48.7585239877,2.4232569293,9.735241825226673e-25
48.7634178783,2.4232569293,3.365582780603448e-24
48.7683117689,2.4232569293,1.139839095854729e-23
48.7732056595,2.4232569293,3.781820795556341e-23
48.7780995501,2.4232569293,1.22986064865697e-22
48.7829934407,2.4232569293,3.9959890184072765e-22
48.7878873313,2.4232569293,1.9511792487704353e-21
48.7927812219,2.4232569293,5.0994259216940754e-20
48.7976751125,2.4232569293,2.2359677935863617e-18
48.8025690031,2.4232569293,7.62050763897149e-17
48.8074628937,2.4232569293,1.8969944740393296e-15
48.8123567843,2.4232569293,3.435865213299276e-14
48.8172506749,2.4232569293,4.526501214674828e-13
48.8221445655,2.4232569293,4.337427519963104e-12
48.8270384561,2.4232569293,3.023035396351889e-11
48.8319323467,2.4232569293,1.5324975492320583e-10
48.8368262373,2.4232569293,5.652514155053575e-10
48.8417201279,2.4232569293,1.528846192235444e-09
48.8466140185,2.4232569293,3.4693297068649493e-09
48.8515079091,2.4232569293,1.5285004120915894e-08
48.8564017997,2.4232569293,1.4010879986072557e-07
48.8612956903,2.4232569293,9.452001930894069e-07
48.8661895809,2.4232569293,3.7047100675699736e-06
48.8710834715,2.4232569293,8.249522689648684e-06
48.8759773621,2.4232569293,1.0412944674316041e-05
48.8808712527,2.4232569293,7.448499075417734e-06
48.8857651433,2.4232569293,3.019230662561747e-06
48.8906590339,2.4232569293,6.935102393068861e-07
48.8955529245,2.4232569293,9.026922993104755e-08
48.9004468151,2.4232569293,6.659061211798242e-09
48.9053407057,2.4232569293,2.801264717397075e-10
48.9102345963,2.4232569293,1.0025626874617277e-11
48.9151284869,2.4232569293,6.3652624473987214e-12
48.9200223775,2.4232569293,1.123847689860836e-11
48.9249162681,2.4232569293,1.971034893487237e-11
48.9298101587,2.4232569293,3.3866998994860037e-11
48.9347040493,2.4232569293,5.700708774130697e-11
48.9395979399,2.4232569293,9.40049386285544e-11
48.9444918305,2.4232569293,1.5185956787119618e-10
48.9493857211,2.4232569293,2.40327419758451e-10
48.9542796117,2.4232569293,3.7259254606440993e-10
48.9591735023,2.4232569293,5.658934630023503e-10
48.9640673929,2.4232569293,8.419860687804339e-10
48.9689612835,2.4232569293,1.2272851368678375e-09
48.9738551741,2.4232569293,1.75252406656084e-09
48.9787490647,2.4232569293,2.452039160615588e-09
48.7389484253,2.4281508199,2.558420425995463e-28
48.7438423159,2.4281508199,9.92365482563987e-28
48.7487362065,2.4281508199,3.7708656580002856e-27
48.7536300971,2.4281508199,1.403718893766933e-26
48.7585239877,2.4281508199,5.119044506592412e-26
48.7634178783,2.4281508199,1.8288049161289483e-25
48.7683117689,2.4281508199,6.4005702886924315e-25
48.7732056595,2.4281508199,2.195431483499978e-24
48.7780995501,2.4281508199,7.5071633148573e-24
48.7829934407,2.4281508199,3.8568782037738797e-23
48.7878873313,2.4281508199,1.1720357905645955e-21
48.7927812219,2.4281508199,6.104157644625258e-20
48.7976751125,2.4281508199,2.458372592097442e-18
48.8025690031,2.4281508199,7.226278766529759e-17
48.8074628937,2.4281508199,1.54536721676984e-15
48.8123567843,2.4281508199,2.4038092891833236e-14
48.8172506749,2.4281508199,2.7196345120053665e-13
48.8221445655,2.4281508199,2.2380109646543893e-12
48.8270384561,2.4281508199,1.3395376306126628e-11
48.8319323467,2.4281508199,5.831666021528562e-11
48.8368262373,2.4281508199,1.8472955340259337e-10
48.8417201279,2.4281508199,4.306938685074521e-10
48.8466140185,2.4281508199,9.372510421857569e-10
48.8515079091,2.4281508199,6.162266835623472e-09
48.8564017997,2.4281508199,7.141313782474365e-08
48.8612956903,2.4281508199,5.346580606692399e-07
48.8661895809,2.4281508199,2.2889891554960803e-06
48.8710834715,2.4281508199,5.557252778156238e-06
48.8759773621,2.4281508199,7.646052412138312e-06
48.8808712527,2.4281508199,5.961375477047251e-06
48.8857651433,2.4281508199,2.63380869946515e-06
48.8906590339,2.4281508199,6.59401599544114e-07
48.8955529245,2.4281508199,9.355002953377394e-08
48.9004468151,2.4281508199,7.52095100570275e-09
48.9053407057,2.4281508199,3.428807760563754e-10
48.9102345963,2.4281508199,9.344818543765362e-12
48.9151284869,2.4281508199,1.0735744432704592e-12
48.9200223775,2.4281508199,1.7479618447988333e-12
48.9249162681,2.4281508199,3.1662394815933583e-12
48.9298101587,2.4281508199,5.621994775560409e-12
48.9347040493,2.4281508199,9.779293462005026e-12
48.9395979399,2.4281508199,1.6664573209227168e-11
48.9444918305,2.4281508199,2.7819581137843062e-11
48.9493857211,2.4281508199,4.549636008846855e-11
48.9542796117,2.4281508199,7.289074562842322e-11
48.9591735023,2.4281508199,1.14403103932785e-10
48.9640673929,2.4281508199,1.7590285962660432e-10
48.9689612835,2.4281508199,2.649584206957884e-10
48.9738551741,2.4281508199,3.9097880847573997e-10
48.9787490647,2.4281508199,5.652107320222522e-10
48.7389484253,2.4330447105,1.0789776548812733e-29
48.7438423159,2.4330447105,4.324910141085378e-29
48.7487362065,2.4330447105,1.6982882343300427e-28
48.7536300971,2.4330447105,6.533041062333458e-28
48.7585239877,2.4330447105,2.462005818470881e-27
48.7634178783,2.4330447105,9.089388195782376e-27
48.7683117689,2.4330447105,3.28845834663016e-26
48.7732056595,2.4330447105,1.1837102212723704e-25
48.7780995501,2.4330447105,6.396170147947802e-25
48.7829934407,2.4330447105,2.2607096018027874e-23
48.7878873313,2.4330447105,1.3978845080133262e-21
48.7927812219,2.4330447105,6.651685290714653e-20
48.7976751125,2.4330447105,2.3087231569479426e-18
48.8025690031,2.4330447105,5.829531659954041e-17
48.8074628937,2.4330447105,1.0706396810721162e-15
48.8123567843,2.4330447105,1.430193205179153e-14
48.8172506749,2.4330447105,1.3895914096527784e-13
48.8221445655,2.4330447105,9.820203187467142e-13
48.8270384561,2.4330447105,5.047714882826694e-12
48.8319323467,2.4330447105,1.8871841924945362e-11
48.8368262373,2.4330447105,5.134416523183826e-11
48.8417201279,2.4330447105,1.0362511541598284e-10
48.8466140185,2.4330447105,2.422984632922665e-10
48.8515079091,2.4330447105,2.623928249694929e-09
48.8564017997,2.4330447105,3.605623672007728e-08
48.8612956903,2.4330447105,2.9626435137701954e-07
48.8661895809,2.4330447105,1.3833386141878222e-06
48.8710834715,2.4330447105,3.6608713105370022e-06
48.8759773621,2.4330447105,5.490030475584708e-06
48.8808712527,2.4330447105,4.665450463731687e-06
48.8857651433,2.4330447105,2.246675573268373e-06
48.8906590339,2.4330447105,6.130770051135689e-07
48.8955529245,2.4330447105,9.48020201053366e-08
48.9004468151,2.4330447105,8.307088028041358e-09
48.9053407057,2.4330447105,4.1251656778279496e-10
48.9102345963,2.4330447105,1.1672824206012763e-11
48.9151284869,2.4330447105,3.1496489374717343e-13
48.9200223775,2.4330447105,2.5004670105412087e-13
48.9249162681,2.4330447105,4.652194502838554e-13
48.9298101587,2.4330447105,8.536152278483122e-13
48.9347040493,2.4330447105,1.5344194160377254e-12
48.9395979399,2.4330447105,2.7020644503872627e-12
48.9444918305,2.4330447105,4.661406706784986e-12
48.9493857211,2.4330447105,7.877854660168252e-12
48.9542796117,2.4330447105,1.3042733069834614e-11
48.9591735023,2.4330447105,2.1154312844115065e-11
48.9640673929,2.4330447105,3.3612352844463435e-11
48.9689612835,2.4330447105,5.23201022251242e-11
48.9738551741,2.4330447105,7.978256993296069e-11
48.9787490647,2.4330447105,1.1918418570003618e-10
48.7389484253,2.4379386011,4.162085241672344e-31
48.7438423159,2.4379386011,1.724012895798457e-30
48.7487362065,2.4379386011,6.995837679548103e-30
48.7536300971,2.4379386011,2.7810489238172676e-29
48.7585239877,2.4379386011,1.083050655565204e-28
48.7634178783,2.4379386011,4.133053727000865e-28
48.7683117689,2.4379386011,1.5664619439047116e-27
48.7732056595,2.4379386011,8.899204875281674e-27
48.7780995501,2.4379386011,3.6593819373708145e-25
48.7829934407,2.4379386011,2.6852631821420286e-23
48.7878873313,2.4379386011,1.5094956099580476e-21
48.7927812219,2.4379386011,6.186379339735575e-20
48.7976751125,2.4379386011,1.8443433544098476e-18
48.8025690031,2.4379386011,3.9993788055677134e-17
48.8074628937,2.4379386011,6.307898514054798e-16
48.8123567843,2.4379386011,7.236321224875931e-15
48.8172506749,2.4379386011,6.037983308290354e-14
48.8221445655,2.4379386011,3.664433984921355e-13
48.8270384561,2.4379386011,1.6175692286626135e-12
48.8319323467,2.4379386011,5.193555186729216e-12
48.8368262373,2.4379386011,1.2137604309638714e-11
48.8417201279,2.4379386011,2.1417127217284632e-11
48.8466140185,2.4379386011,6.576845523978177e-11
48.8515079091,2.4379386011,1.1507406576897817e-09
48.8564017997,2.4379386011,1.7894142352564885e-08
48.8612956903,2.4379386011,1.6061404256510796e-07
48.8661895809,2.4379386011,8.175414938246148e-07
48.8710834715,2.4379386011,2.3582002396164132e-06
48.8759773621,2.4379386011,3.854610597194165e-06
48.8808712527,2.4379386011,3.570329511927771e-06
48.8857651433,2.4379386011,1.8739757411057251e-06
48.8906590339,2.4379386011,5.573750156498555e-07
48.8955529245,2.4379386011,9.394180508290498e-08
48.9004468151,2.4379386011,8.972185701496455e-09
48.9053407057,2.4379386011,4.855889746984738e-10
48.9102345963,2.4379386011,1.4900355127863062e-11
48.9151284869,2.4379386011,2.7515943429303504e-13
48.9200223775,2.4379386011,3.484913406201436e-14
48.9249162681,2.4379386011,6.25336030010222e-14
48.9298101587,2.4379386011,1.1854738913616943e-13
48.9347040493,2.4379386011,2.202108304198231e-13
48.9395979399,2.4379386011,4.007330802947745e-13
48.9444918305,2.4379386011,7.143999070705704e-13
48.9493857211,2.4379386011,1.247662892350855e-12
48.9542796117,2.4379386011,2.1346309518581497e-12
48.9591735023,2.4379386011,3.577816154068283e-12
48.9640673929,2.4379386011,5.874662391559476e-12
48.9689612835,2.4379386011,9.449688244816193e-12
48.9738551741,2.4379386011,1.4890926838146192e-11
48.9787490647,2.4379386011,2.298771479611056e-11
48.7389484253,2.4428324917,1.4684780967983553e-32
48.7438423159,2.4428324917,6.285819624118548e-32
48.7487362065,2.4428324917,2.635882461558881e-31
48.7536300971,2.4428324917,1.0828316481055287e-30
48.7585239877,2.4428324917,4.358672531602277e-30
48.7634178783,2.4428324917,1.7397526222399348e-29
48.7683117689,2.4428324917,1.0387985743150263e-28
48.7732056595,2.4428324917,4.970574839662279e-27
48.7780995501,2.4428324917,4.326732668396374e-25
48.7829934407,2.4428324917,2.873063980221919e-23
48.7878873313,2.4428324917,1.390298821401661e-21
48.7927812219,2.4428324917,4.893908872844005e-20
48.7976751125,2.4428324917,1.2529899382745312e-18
48.8025690031,2.4428324917,2.3333532413609014e-17
48.8074628937,2.4428324917,3.1604895020961944e-16
48.8123567843,2.4428324917,3.1136453149045373e-15
48.8172506749,2.4428324917,2.2311298556980646e-14
48.8221445655,2.4428324917,1.162844056185386e-13
48.8270384561,2.4428324917,4.408177674643182e-13
48.8319323467,2.4428324917,1.2154703985666817e-12
48.8368262373,2.4428324917,2.4408000238722595e-12
48.8417201279,2.4428324917,3.8624507544531175e-12
48.8466140185,2.4428324917,2.0281337406747205e-11
48.8515079091,2.4428324917,5.06282399309049e-10
48.8564017997,2.4428324917,8.698960265478085e-09
48.8612956903,2.4428324917,8.515582611782788e-08
48.8661895809,2.4428324917,4.724590951856821e-07
48.8710834715,2.4428324917,1.4854053314315099e-06
48.8759773621,2.4428324917,2.6463895177710157e-06
48.8808712527,2.4428324917,2.6717168781524217e-06
48.8857651433,2.4428324917,1.5284631334511285e-06
48.8906590339,2.4428324917,4.955042327763031e-07
48.8955529245,2.4428324917,9.10264564532619e-08
48.9004468151,2.4428324917,9.475797673370058e-09
48.9053407057,2.4428324917,5.5897463448625e-10
48.9102345963,2.4428324917,1.8686011992844636e-11
48.9151284869,2.4428324917,3.558198982726434e-13
48.9200223775,2.4428324917,7.641222485840004e-15
48.9249162681,2.4428324917,7.707994586340374e-15
48.9298101587,2.4428324917,1.505850287804699e-14
48.9347040493,2.4428324917,2.890621635080811e-14
48.9395979399,2.4428324917,5.43591514131246e-14
48.9444918305,2.4428324917,1.0014373036738686e-13
48.9493857211,2.4428324917,1.807359456851799e-13
48.9542796117,2.4428324917,3.19547174161581e-13
48.9591735023,2.4428324917,5.53471294462688e-13
48.9640673929,2.4428324917,9.391282305931651e-13
48.9689612835,2.4428324917,1.5610771427813e-12
48.9738551741,2.4428324917,2.542105140289154e-12
48.9787490647,2.4428324917,4.05538731713624e-12
48.7389484253,2.4477263823,4.738948167547742e-34
48.7438423159,2.4477263823,2.0962414680723037e-33
48.7487362065,2.4477263823,9.083874087001164e-33
48.7536300971,2.4477263823,3.8569190327690915e-32
48.7585239877,2.4477263823,1.6215779854675928e-31
48.7634178783,2.4477263823,1.0173310484488938e-30
48.7683117689,2.4477263823,5.665265290261231e-29
48.7732056595,2.4477263823,5.847644013042315e-27
48.7780995501,2.4477263823,4.58637898899561e-25
48.7829934407,2.4477263823,2.6205127854016596e-23
48.7878873313,2.4477263823,1.089120393659174e-21
48.7927812219,2.4477263823,3.2923685370442404e-20
48.7976751125,2.4477263823,7.239058453257383e-19
48.8025690031,2.4477263823,1.1577016779352893e-17
48.8074628937,2.4477263823,1.346642029731654e-16
48.8123567843,2.4477263823,1.1393275210351862e-15
48.8172506749,2.4477263823,7.011096289415588e-15
48.8221445655,2.4477263823,3.13808133770941e-14
48.8270384561,2.4477263823,1.0216060558914214e-13
48.8319323467,2.4477263823,2.4191020498632853e-13
48.8368262373,2.4477263823,4.1771323019771543e-13
48.8417201279,2.4477263823,6.346073028507594e-13
48.8466140185,2.4477263823,7.085596105699384e-12
48.8515079091,2.4477263823,2.1999221714512572e-10
48.8564017997,2.4477263823,4.1372036956077765e-09
48.8612956903,2.4477263823,4.414947571309085e-08
48.8661895809,2.4477263823,2.6698507488409324e-07
48.8710834715,2.4477263823,9.149066090185153e-07
48.8759773621,2.4477263823,1.776619531109851e-06
48.8808712527,2.4477263823,1.9549694144758345e-06
48.8857651433,2.4477263823,1.2190271241132276e-06
48.8906590339,2.4477263823,4.307394384549126e-07
48.8955529245,2.4477263823,8.624695534595675e-08
48.9004468151,2.4477263823,9.78590004209696e-09
48.9053407057,2.4477263823,6.29195592748248e-10
48.9102345963,2.4477263823,2.2924513125255237e-11
48.9151284869,2.4477263823,4.735008110682247e-13
48.9200223775,2.4477263823,5.955424214632619e-15
48.9249162681,2.4477263823,9.0072046324211e-16
48.9298101587,2.4477263823,1.7496830603762814e-15
48.9347040493,2.4477263823,3.4705782289574347e-15
48.9395979399,2.4477263823,6.744474625098089e-15
48.9444918305,2.4477263823,1.2839973375759062e-14
48.9493857211,2.4477263823,2.3946927308968688e-14
48.9542796117,2.4477263823,4.375272865190923e-14
48.9591735023,2.4477263823,7.831233347253918e-14
48.9640673929,2.4477263823,1.373171752803674e-13
48.9689612835,2.4477263823,2.3587897496152057e-13
48.9738551741,2.4477263823,3.9693854838110025e-13
48.9787490647,2.4477263823,6.543754499262514e-13
48.7389484253,2.4526202729,1.3987961581373495e-35
48.7438423159,2.4526202729,6.394097051742187e-35
48.7487362065,2.4526202729,2.8637083660157166e-34
48.7536300971,2.4526202729,1.2684152361417993e-33
48.7585239877,2.4526202729,8.358839375163902e-33
48.7634178783,2.4526202729,5.4178793337727925e-31
48.7683117689,2.4526202729,6.628898904002014e-29
48.7732056595,2.4526202729,6.1405076608322725e-27
48.7780995501,2.4526202729,4.142577807774962e-25
48.7829934407,2.4526202729,2.0328332816814476e-23
48.7878873313,2.4526202729,7.255629661223688e-22
48.7927812219,2.4526202729,1.8836034304650514e-20
48.7976751125,2.4526202729,3.5566797974131686e-19
48.8025690031,2.4526202729,4.884734742292223e-18
48.8074628937,2.4526202729,4.87953146204632e-17
48.8123567843,2.4526202729,3.545326040057483e-16
48.8172506749,2.4526202729,1.873592584655771e-15
48.8221445655,2.4526202729,7.201700530623218e-15
48.8270384561,2.4526202729,2.0134274597573472e-14
48.8319323467,2.4526202729,4.0944610064252857e-14
48.8368262373,2.4526202729,6.091532917566983e-14
48.8417201279,2.4526202729,1.0563114209545867e-13
48.8466140185,2.4526202729,2.6389561144630067e-12
48.8515079091,2.4526202729,9.377408964490753e-11
48.8564017997,2.4526202729,1.924271113212803e-09
48.8612956903,2.4526202729,2.2382395030982025e-08
48.8661895809,2.4526202729,1.47528963598515e-07
48.8710834715,2.4526202729,5.51030906928077e-07
48.8759773621,2.4526202729,1.1662791051097417e-06
48.8808712527,2.4526202729,1.3988041040177059e-06
48.8857651433,2.4526202729,9.506905290524333e-07
48.8906590339,2.4526202729,3.6614179275642584e-07
48.8955529245,2.4526202729,7.990745641607861e-08
48.9004468151,2.4526202729,9.882189468775751e-09
48.9053407057,2.4526202729,6.925432725185086e-10
48.9102345963,2.4526202729,2.7502276925479242e-11
48.9151284869,2.4526202729,6.189155181666103e-13
48.9200223775,2.4526202729,7.933746125252e-15
48.9249162681,2.4526202729,1.4587951964251035e-16
48.9298101587,2.4526202729,1.8615467131753211e-16
48.9347040493,2.4526202729,3.81128088284027e-16
48.9395979399,2.4526202729,7.653878517607186e-16
48.9444918305,2.4526202729,1.5057832586373745e-15
48.9493857211,2.4526202729,2.9021044475011075e-15
48.9542796117,2.4526202729,5.479403561844625e-15
48.9591735023,2.4526202729,1.0134987354601042e-14
48.9640673929,2.4526202729,1.8364656483186245e-14
48.9689612835,2.4526202729,3.259958576536838e-14
48.9738551741,2.4526202729,5.669059675741812e-14
48.9787490647,2.4526202729,9.657832082712796e-14
48.7389484253,2.4575141635,3.7764632730327244e-37
48.7438423159,2.4575141635,1.7840957881363407e-36
48.7487362065,2.4575141635,8.326258749946111e-36
48.7536300971,2.4575141635,5.762147054024384e-35
48.7585239877,2.4575141635,4.347266251582024e-33
48.7634178783,2.4575141635,6.302821030834422e-31
48.7683117689,2.4575141635,6.895205734856072e-29
48.7732056595,2.4575141635,5.492387403582383e-27
48.7780995501,2.4575141635,3.1822439300566823e-25
48.7829934407,2.4575141635,1.3410580339158253e-23
48.7878873313,2.4575141635,4.1105757622836584e-22
48.7927812219,2.4575141635,9.164286704433522e-21
48.7976751125,2.4575141635,1.4860574493240146e-19
48.8025690031,2.4575141635,1.7527236671818095e-18
48.8074628937,2.4575141635,1.503599675574423e-17
48.8123567843,2.4575141635,9.381924118421364e-17
48.8172506749,2.4575141635,4.2578712895216334e-16
48.8221445655,2.4575141635,1.4055103988801307e-15
48.8270384561,2.4575141635,3.3745564344643295e-15
48.8319323467,2.4575141635,5.893579848638884e-15
48.8368262373,2.4575141635,7.600871193067159e-15
48.8417201279,2.4575141635,2.1135789197778056e-14
48.8466140185,2.4575141635,9.954411890723774e-13
48.8515079091,2.4575141635,3.9120537701056193e-11
48.8564017997,2.4575141635,8.751932102868527e-10
48.8612956903,2.4575141635,1.1095716486259284e-08
48.8661895809,2.4575141635,7.971407555843575e-08
48.8710834715,2.4575141635,3.245208098335699e-07
48.8759773621,2.4575141635,7.486484936219355e-07
48.8808712527,2.4575141635,9.786811547594765e-07
48.8857651433,2.4575141635,7.24990578952449e-07
48.8906590339,2.4575141635,3.0433462571656914e-07
48.8955529245,2.4575141635,7.239327727519654e-08
48.9004468151,2.4575141635,9.758273252958333e-09
48.9053407057,2.4575141635,7.453762992240037e-10
48.9102345963,2.4575141635,3.226309743428596e-11
48.9151284869,2.4575141635,7.913439918828707e-13
48.9200223775,2.4575141635,1.1002719931797415e-14
48.9249162681,2.4575141635,9.498633354283716e-17
48.9298101587,2.4575141635,1.8457981915008263e-17
48.9347040493,2.4575141635,3.8283175359398136e-17
48.9395979399,2.4575141635,7.944617530753438e-17
48.9444918305,2.4575141635,1.6151720409885707e-16
48.9493857211,2.4575141635,3.216875583879056e-16
48.9542796117,2.4575141635,6.276527198192474e-16
48.9591735023,2.4575141635,1.1997043686085943e-15
48.9640673929,2.4575141635,2.2464602584844824e-15
48.9689612835,2.4575141635,4.120907955499867e-15
48.9738551741,2.4575141635,7.405540527337388e-15
48.9787490647,2.4575141635,1.3037378864591053e-14
48.7389484253,2.4624080541,9.326269724129445e-39
48.7438423159,2.4624080541,4.5866506865612687e-38
48.7487362065,2.4624080541,3.332570608562739e-37
48.7536300971,2.4624080541,2.9266106937979013e-35
48.7585239877,2.4624080541,5.026392797090738e-33
48.7634178783,2.4624080541,6.493786583512366e-31
48.7683117689,2.4624080541,6.107417937229603e-29
48.7732056595,2.4624080541,4.1780245462027795e-27
48.7780995501,2.4624080541,2.0788628290774076e-25
48.7829934407,2.4624080541,7.523529635491628e-24
48.7878873313,2.4624080541,1.9804248230987247e-22
48.7927812219,2.4624080541,3.79171779810181e-21
48.7976751125,2.4624080541,5.280251072153644e-20
48.8025690031,2.4624080541,5.348279066017054e-19
48.8074628937,2.4624080541,3.940165528182768e-18
48.8123567843,2.4624080541,2.1113284242299587e-17
48.8172506749,2.4624080541,8.22882909072449e-17
48.8221445655,2.4624080541,2.3327124721498837e-16
48.8270384561,2.4624080541,4.809784654139233e-16
48.8319323467,2.4624080541,7.214779843990656e-16
48.8368262373,2.4624080541,8.23267284706476e-16
48.8417201279,2.4624080541,5.508486558925643e-15
48.8466140185,2.4624080541,3.7127420164004696e-13
48.8515079091,2.4624080541,1.596181358389986e-11
48.8564017997,2.4624080541,3.8923418612381145e-10
48.8612956903,2.4624080541,5.378629110775242e-09
48.8661895809,2.4624080541,4.211726251164476e-08
48.8710834715,2.4624080541,1.868859018860349e-07
48.8759773621,2.4624080541,4.6991662766361284e-07
48.8808712527,2.4624080541,6.6956531931002e-07
48.8857651433,2.4624080541,5.406210554073156e-07
48.8906590339,2.4624080541,2.4735507646267385e-07
48.8955529245,2.4624080541,6.41322632006123e-08
48.9004468151,2.4624080541,9.422370372305056e-09
48.9053407057,2.4624080541,7.844615165464569e-10
48.9102345963,2.4624080541,3.7009309498315307e-11
48.9151284869,2.4624080541,9.894144441627606e-13
48.9200223775,2.4624080541,1.498933586663734e-14
48.9249162681,2.4624080541,1.2939456450896503e-16
48.9298101587,2.4624080541,2.2325689137755703e-18
48.9347040493,2.4624080541,3.51879838192418e-18
48.9395979399,2.4624080541,7.542625530925602e-18
48.9444918305,2.4624080541,1.584649051632166e-17
48.9493857211,2.4624080541,3.2614706367720984e-17
48.9542796117,2.4624080541,6.576026055745746e-17
48.9591735023,2.4624080541,1.2989225374070455e-16
48.9640673929,2.4624080541,2.5134639098550824e-16
48.9689612835,2.4624080541,4.764657962382428e-16
48.9738551741,2.4624080541,8.848313064913192e-16
48.9787490647,2.4624080541,1.6097517471920733e-15
48.7389484253,2.4673019447,2.1202741291163644e-40
48.7438423159,2.4673019447,1.61708581850673e-39
48.7487362065,2.4673019447,1.652954485384427e-37
48.7536300971,2.4673019447,3.362029445724916e-35
48.7585239877,2.4673019447,5.129275912032267e-33
48.7634178783,2.4673019447,5.695869605114565e-31
48.7683117689,2.4673019447,4.600598296258593e-29
48.7732056595,2.4673019447,2.7027749878012447e-27
48.7780995501,2.4673019447,1.1549053923230601e-25
48.7829934407,2.4673019447,3.58941645027104e-24
48.7878873313,2.4673019447,8.114134627231928e-23
48.7927812219,2.4673019447,1.3341402593776742e-21
48.7976751125,2.4673019447,1.59551793636028e-20
48.8025690031,2.4673019447,1.3878509024992635e-19
48.8074628937,2.4673019447,8.78061335567055e-19
48.8123567843,2.4673019447,4.04061820327501e-18
48.8172506749,2.4673019447,1.3524203547142633e-17
48.8221445655,2.4673019447,3.292429641521599e-17
48.8270384561,2.4673019447,5.829924601817687e-17
48.8319323467,2.4673019447,7.512782049304806e-17
48.8368262373,2.4673019447,8.156596719712586e-17
48.8417201279,2.4673019447,1.688302440814849e-15
48.8466140185,2.4673019447,1.3580200677089446e-13
48.8515079091,2.4673019447,6.368609496661208e-12
48.8564017997,2.4673019447,1.692722297156467e-10
48.8612956903,2.4673019447,2.5495013645285394e-09
48.8661895809,2.4673019447,2.175968754321451e-08
48.8710834715,2.4673019447,1.0523929442332007e-07
48.8759773621,2.4673019447,2.884237819452953e-07
48.8808712527,2.4673019447,4.4793198361816095e-07
48.8857651433,2.4673019447,3.942039269462394e-07
48.8906590339,2.4673019447,1.9658830846407868e-07
48.8955529245,2.4673019447,5.5554890002435565e-08
48.9004468151,2.4673019447,8.896409494600058e-09
48.9053407057,2.4673019447,8.073002825551857e-10
48.9102345963,2.4673019447,4.151292269859191e-11
48.9151284869,2.4673019447,1.2096490458379734e-12
48.9200223775,2.4673019447,1.9973944787574502e-14
48.9249162681,2.4673019447,1.869504757067517e-16
48.9298101587,2.4673019447,1.121600418636777e-18
48.9347040493,2.4673019447,2.985225935309126e-19
48.9395979399,2.4673019447,6.549876944016881e-19
48.9444918305,2.4673019447,1.4220189570134202e-18
48.9493857211,2.4673019447,3.0244796322044545e-18
48.9542796117,2.4673019447,6.301814546153415e-18
48.9591735023,2.4673019447,1.2863236276794914e-17
48.9640673929,2.4673019447,2.572198911925577e-17
48.9689612835,2.4673019447,5.038816326708053e-17
48.9738551741,2.4673019447,9.669904390681061e-17
48.9787490647,2.4673019447,1.8179649540982422e-16
