LATITUDE,LONGITUDE,probability
48.7389484253,2.2275013053,6.928460749477828e-50
48.7438423159,2.2275013053,2.3539312008357553e-46
48.7487362065,2.2275013053,4.516842312967655e-43
48.7536300971,2.2275013053,4.895085168168301e-40
48.7585239877,2.2275013053,2.9961926539408305e-37
48.7634178783,2.2275013053,1.0357701163037562e-34
48.7683117689,2.2275013053,2.0222794933257437e-32
48.7732056595,2.2275013053,2.2299911453247204e-30
48.7780995501,2.2275013053,1.3888305427244795e-28
48.7829934407,2.2275013053,4.8851684104626334e-27
48.7878873313,2.2275013053,9.704965417271736e-26
48.7927812219,2.2275013053,1.0889117211714344e-24
48.7976751125,2.2275013053,6.900425918437e-24
48.8025690031,2.2275013053,2.469706017381827e-23
48.8074628937,2.2275013053,4.9923855433241655e-23
48.8123567843,2.2275013053,5.700272744403397e-23
48.8172506749,2.2275013053,3.6772968549166914e-23
48.8221445655,2.2275013053,1.3416383449366108e-23
48.8270384561,2.2275013053,2.7771168813069544e-24
48.8319323467,2.2275013053,3.2914048736147006e-25
48.8368262373,2.2275013053,2.3254896857244223e-26
48.8417201279,2.2275013053,1.575914419097489e-25
48.8466140185,2.2275013053,3.151103050996354e-23
48.8515079091,2.2275013053,3.2877699548150193e-21
48.8564017997,2.2275013053,1.7789462293360816e-19
48.8612956903,2.2275013053,4.991676515549439e-18
48.8661895809,2.2275013053,7.263605658334378e-17
48.8710834715,2.2275013053,5.481258653682714e-16
48.8759773621,2.2275013053,2.1450160567972147e-15
48.8808712527,2.2275013053,4.353143779765244e-15
48.8857651433,2.2275013053,4.58139448733919e-15
48.8906590339,2.2275013053,2.500429299291129e-15
48.8955529245,2.2275013053,7.077073116433513e-16
48.9004468151,2.2275013053,1.0387594766424191e-16
48.9053407057,2.2275013053,7.90675948648803e-18
48.9102345963,2.2275013053,3.1210754729953616e-19
48.9151284869,2.2275013053,6.388990263610834e-21
48.9200223775,2.2275013053,6.782384314860161e-23
48.9249162681,2.2275013053,3.7338320263173906e-25
48.9298101587,2.2275013053,1.0659807722576488e-27
48.9347040493,2.2275013053,1.5782150438123707e-30
48.9395979399,2.2275013053,1.21172815659295e-33
48.9444918305,2.2275013053,4.8246568885214665e-37
48.9493857211,2.2275013053,9.962076679489128e-41
48.9542796117,2.2275013053,1.0667325325214424e-44
48.9591735023,2.2275013053,5.923568473781636e-49
48.9640673929,2.2275013053,1.70582116672292e-53
48.9689612835,2.2275013053,2.5474507592266227e-58
48.9738551741,2.2275013053,1.9728783645625365e-63
48.9787490647,2.2275013053,7.923499508370935e-69
48.7389484253,2.2323951959,2.420864318099678e-50
48.7438423159,2.2323951959,1.3765987774572317e-46
48.7487362065,2.2323951959,4.421080972744876e-43
48.7536300971,2.2323951959,8.019249359474638e-40
48.7585239877,2.2323951959,8.215294309268629e-37
48.7634178783,2.2323951959,4.75331607699569e-34
48.7683117689,2.2323951959,1.5532967058069738e-31
48.7732056595,2.2323951959,2.8667928175144764e-29
48.7780995501,2.2323951959,2.988287335281005e-27
48.7829934407,2.2323951959,1.7592702735602547e-25
48.7878873313,2.2323951959,5.849610656998245e-24
48.7927812219,2.2323951959,1.0985141836840428e-22
48.7976751125,2.2323951959,1.1651164332437426e-21
48.8025690031,2.2323951959,6.979445795123832e-21
48.8074628937,2.2323951959,2.36142093026293e-20
48.8123567843,2.2323951959,4.513127266389246e-20
48.8172506749,2.2323951959,4.8743488182294077e-20
48.8221445655,2.2323951959,2.9791467051729085e-20
48.8270384561,2.2323951959,1.0346442841454808e-20
48.8319323467,2.2323951959,2.064144281488743e-21
48.8368262373,2.2323951959,2.424594301925819e-22
48.8417201279,2.2323951959,3.0323975301757055e-23
48.8466140185,2.2323951959,2.4757050361713544e-21
48.8515079091,2.2323951959,2.4745835088425065e-19
48.8564017997,2.2323951959,1.2831269497056314e-17
48.8612956903,2.2323951959,3.45032015028097e-16
48.8661895809,2.2323951959,4.8113990206055125e-15
48.8710834715,2.2323951959,3.479409696619975e-14
48.8759773621,2.2323951959,1.3048541660667137e-13
48.8808712527,2.2323951959,2.537701851750489e-13
48.8857651433,2.2323951959,2.559419236224476e-13
48.8906590339,2.2323951959,1.3386420893814645e-13
48.8955529245,2.2323951959,3.63086193610089e-14
48.9004468151,2.2323951959,5.107133464639192e-15
48.9053407057,2.2323951959,3.725348382031708e-16
48.9102345963,2.2323951959,1.40921997710807e-17
48.9151284869,2.2323951959,2.764476500329776e-19
48.9200223775,2.2323951959,2.8123490861202186e-21
48.9249162681,2.2323951959,1.483705697899436e-23
48.9298101587,2.2323951959,4.059275383350292e-26
48.9347040493,2.2323951959,5.759323569569493e-29
48.9395979399,2.2323951959,4.2375677559316505e-32
48.9444918305,2.2323951959,1.6169032912550945e-35
48.9493857211,2.2323951959,3.199437625425581e-39
48.9542796117,2.2323951959,3.283110224331412e-43
48.9591735023,2.2323951959,1.7471069544857443e-47
48.9640673929,2.2323951959,4.821428540324785e-52
48.9689612835,2.2323951959,6.900081005449467e-57
48.9738551741,2.2323951959,5.121000960318185e-62
48.9787490647,2.2323951959,1.9709596724210618e-67
48.7389484253,2.2372890865,3.0976770131229616e-51
48.7438423159,2.2372890865,2.948173166821298e-47
48.7487362065,2.2372890865,1.58472534771495e-43
48.7536300971,2.2372890865,4.81104234398303e-40
48.7585239877,2.2372890865,8.24913694575379e-37
48.7634178783,2.2372890865,7.988440540388282e-34
48.7683117689,2.2372890865,4.369177212397762e-31
48.7732056595,2.2372890865,1.3496509739658539e-28
48.7780995501,2.2372890865,2.3546558785373126e-26
48.7829934407,2.2372890865,2.3201581562234163e-24
48.7878873313,2.2372890865,1.2911953595881015e-22
48.7927812219,2.2372890865,4.058362310452563e-21
48.7976751125,2.2372890865,7.204360835856078e-20
48.8025690031,2.2372890865,7.223230983825363e-19
48.8074628937,2.2372890865,4.090547661768796e-18
48.8123567843,2.2372890865,1.3086625858232789e-17
48.8172506749,2.2372890865,2.3667121192451055e-17
48.8221445655,2.2372890865,2.4242138872452706e-17
48.8270384561,2.2372890865,1.413814128667005e-17
48.8319323467,2.2372890865,4.754694184015761e-18
48.8368262373,2.2372890865,9.459338149430077e-19
48.8417201279,2.2372890865,1.1643914328375582e-19
48.8466140185,2.2372890865,1.5101335544626843e-19
48.8515079091,2.2372890865,1.3610346202435411e-17
48.8564017997,2.2372890865,6.762836166341689e-16
48.8612956903,2.2372890865,1.7427086305483538e-14
48.8661895809,2.2372890865,2.3288575185016524e-13
48.8710834715,2.2372890865,1.6139247019309673e-12
48.8759773621,2.2372890865,5.800238232919948e-12
48.8808712527,2.2372890865,1.0810122308024547e-11
48.8857651433,2.2372890865,1.0448106642055033e-11
48.8906590339,2.2372890865,5.236809777375753e-12
48.8955529245,2.2372890865,1.3611883202419194e-12
48.9004468151,2.2372890865,1.8348131419773902e-13
48.9053407057,2.2372890865,1.2825895093035573e-14
48.9102345963,2.2372890865,4.649494492874135e-16
48.9151284869,2.2372890865,8.740695781944391e-18
48.9200223775,2.2372890865,8.521351604322953e-20
48.9249162681,2.2372890865,4.308173438065106e-22
48.9298101587,2.2372890865,1.129536021185236e-24
48.9347040493,2.2372890865,1.5357806971635777e-27
48.9395979399,2.2372890865,1.0828805102252198e-30
48.9444918305,2.2372890865,3.959625230859809e-34
48.9493857211,2.2372890865,7.508442194268124e-38
48.9542796117,2.2372890865,7.383594086080287e-42
48.9591735023,2.2372890865,3.765372947270917e-46
48.9640673929,2.2372890865,9.957960422160174e-51
48.9689612835,2.2372890865,1.3656990480489025e-55
48.9738551741,2.2372890865,9.713188803715259e-61
48.9787490647,2.2372890865,3.582538510381135e-66
48.7389484253,2.2421829771,1.4515560565746279e-52
48.7438423159,2.2421829771,2.3122276704826455e-48
48.7487362065,2.2421829771,2.0802308626813413e-44
48.7536300971,2.2421829771,1.0570040126051092e-40
48.7585239877,2.2421829771,3.0333735529242594e-37
48.7634178783,2.2421829771,4.9165370391898574e-34
48.7683117689,2.2421829771,4.500667135022619e-31
48.7732056595,2.2421829771,2.326904894134315e-28
48.7780995501,2.2421829771,6.794610033033836e-26
48.7829934407,2.2421829771,1.1205587367513535e-23
48.7878873313,2.2421829771,1.0437320590588422e-21
48.7927812219,2.2421829771,5.490707515831017e-20
48.7976751125,2.2421829771,1.6313797429739635e-18
48.8025690031,2.2421829771,2.7376616327429563e-17
48.8074628937,2.2421829771,2.5950240680851e-16
48.8123567843,2.2421829771,1.389864020458281e-15
48.8172506749,2.2421829771,4.210001891783704e-15
48.8221445655,2.2421829771,7.23136403612965e-15
48.8270384561,2.2421829771,7.09034804318256e-15
48.8319323467,2.2421829771,4.026282742431745e-15
48.8368262373,2.2421829771,1.3585983617687075e-15
48.8417201279,2.2421829771,2.8142532612048425e-16
48.8466140185,2.2421829771,4.242288254411525e-17
48.8515079091,2.2421829771,5.498790398799826e-16
48.8564017997,2.2421829771,2.604610615122627e-14
48.8612956903,2.2421829771,6.431949088444379e-13
48.8661895809,2.2421829771,8.236958699669844e-12
48.8710834715,2.2421829771,5.470328338654848e-11
48.8759773621,2.2421829771,1.884005269136316e-10
48.8808712527,2.2421829771,3.3649068402166474e-10
48.8857651433,2.2421829771,3.116636768369034e-10
48.8906590339,2.2421829771,1.4969991299225984e-10
48.8955529245,2.2421829771,3.728886109141269e-11
48.9004468151,2.2421829771,4.816803203763124e-12
48.9053407057,2.2421829771,3.226717171061987e-13
48.9102345963,2.2421829771,1.1209470809705469e-14
48.9151284869,2.2421829771,2.0194426938307947e-16
48.9200223775,2.2421829771,1.8866883592703507e-18
48.9249162681,2.2421829771,9.140943387067929e-21
48.9298101587,2.2421829771,2.29669900151405e-23
48.9347040493,2.2421829771,2.992535816495422e-26
48.9395979399,2.2421829771,2.0220730709406308e-29
48.9444918305,2.2421829771,7.085598618580007e-33
48.9493857211,2.2421829771,1.2875925688665598e-36
48.9542796117,2.2421829771,1.213396084443782e-40
48.9591735023,2.2421829771,5.929921303368578e-45
48.9640673929,2.2421829771,1.502856394472572e-49
48.9689612835,2.2421829771,1.9751871443036502e-54
48.9738551741,2.2421829771,1.3462360934458957e-59
48.9787490647,2.2421829771,4.758350433562113e-65
48.7389484253,2.2470768677,2.4909412697286705e-54
48.7438423159,2.2470768677,6.641102675442364e-50
48.7487362065,2.2470768677,1.0000024446012365e-45
48.7536300971,2.2470768677,8.504447178973332e-42
48.7585239877,2.2470768677,4.08484210377584e-38
48.7634178783,2.2470768677,1.1081246584978127e-34
48.7683117689,2.2470768677,1.6977984157978504e-31
48.7732056595,2.2470768677,1.4691555849607446e-28
48.7780995501,2.2470768677,7.180151847296247e-26
48.7829934407,2.2470768677,1.9819089359565022e-23
48.7878873313,2.2470768677,3.0897139081140783e-21
48.7927812219,2.2470768677,2.7204364807658856e-19
48.7976751125,2.2470768677,1.3528504763298353e-17
48.8025690031,2.2470768677,3.799892341420317e-16
48.8074628937,2.2470768677,6.0293436622391e-15
48.8123567843,2.2470768677,5.407006709767454e-14
48.8172506749,2.2470768677,2.744322610216831e-13
48.8221445655,2.2470768677,7.911529642930838e-13
48.8270384561,2.2470768677,1.3061335529405328e-12
48.8319323467,2.2470768677,1.2547352849117325e-12
48.8368262373,2.2470768677,7.18845992504233e-13
48.8417201279,2.2470768677,2.518354565501909e-13
48.8466140185,2.2470768677,5.452156019573325e-14
48.8515079091,2.2470768677,2.3128473315369287e-14
48.8564017997,2.2470768677,7.335333205407174e-13
48.8612956903,2.2470768677,1.734656134334542e-11
48.8661895809,2.2470768677,2.1288412913473572e-10
48.8710834715,2.2470768677,1.3548647568505449e-09
48.8759773621,2.2470768677,4.471681065067591e-09
48.8808712527,2.2470768677,7.653637846149737e-09
48.8857651433,2.2470768677,6.793400351021129e-09
48.8906590339,2.2470768677,3.1270060625252163e-09
48.8955529245,2.2470768677,7.464357821915369e-10
48.9004468151,2.2470768677,9.240136570115064e-11
48.9053407057,2.2470768677,5.931800594756711e-12
48.9102345963,2.2470768677,1.9747717659206736e-13
48.9151284869,2.2470768677,3.4093335203000017e-15
48.9200223775,2.2470768677,3.0524199309125477e-17
48.9249162681,2.2470768677,1.4172330966826535e-19
48.9298101587,2.2470768677,3.412404485476841e-22
48.9347040493,2.2470768677,4.260905824901999e-25
48.9395979399,2.2470768677,2.759088174739152e-28
48.9444918305,2.2470768677,9.265128292091218e-32
48.9493857211,2.2470768677,1.613464846955783e-35
48.9542796117,2.2470768677,1.45710145295623e-39
48.9591735023,2.2470768677,6.82405137588624e-44
48.9640673929,2.2470768677,1.6573605510350114e-48
48.9689612835,2.2470768677,2.0874396098320557e-53
48.9738551741,2.2470768677,1.3634306595987887e-58
48.9787490647,2.2470768677,4.6182177333133095e-64
48.7389484253,2.2519707583,1.565434458232024e-56
48.7438423159,2.2519707583,6.985265090510882e-52
48.7487362065,2.2519707583,1.7604461128233407e-47
48.7536300971,2.2519707583,2.5058066730706035e-43
48.7585239877,2.2519707583,2.0144507433130337e-39
48.7634178783,2.2519707583,9.146394299282696e-36
48.7683117689,2.2519707583,2.3454563255407014e-32
48.7732056595,2.2519707583,3.3969483786270194e-29
48.7780995501,2.2519707583,2.7786557019247024e-26
48.7829934407,2.2519707583,1.2837038968289206e-23
48.7878873313,2.2519707583,3.349499720583689e-21
48.7927812219,2.2519707583,4.936085182975302e-19
48.7976751125,2.2519707583,4.108498385101156e-17
48.8025690031,2.2519707583,1.931599172501377e-15
48.8074628937,2.2519707583,5.1309574413262316e-14
48.8123567843,2.2519707583,7.706544884121604e-13
48.8172506749,2.2519707583,6.558088746160712e-12
48.8221445655,2.2519707583,3.177017104313915e-11
48.8270384561,2.2519707583,8.848229629400719e-11
48.8319323467,2.2519707583,1.440902462408981e-10
48.8368262373,2.2519707583,1.4024275283220047e-10
48.8417201279,2.2519707583,8.293354920332181e-11
48.8466140185,2.2519707583,2.97011508115667e-11
48.8515079091,2.2519707583,6.620095850583525e-12
48.8564017997,2.2519707583,1.5830048103243883e-11
48.8612956903,2.2519707583,3.4190075920053413e-10
48.8661895809,2.2519707583,4.020428238570894e-09
48.8710834715,2.2519707583,2.452059050908737e-08
48.8759773621,2.2519707583,7.755538435488584e-08
48.8808712527,2.2519707583,1.272082265984775e-07
48.8857651433,2.2519707583,1.082033370726933e-07
48.8906590339,2.2519707583,4.77296582472834e-08
48.8955529245,2.2519707583,1.0918380058312677e-08
48.9004468151,2.2519707583,1.295240165641231e-09
48.9053407057,2.2519707583,7.968280476219825e-11
48.9102345963,2.2519707583,2.5421497767258185e-12
48.9151284869,2.2519707583,4.2059089761273164e-14
48.9200223775,2.2519707583,3.6086172231683695e-16
48.9249162681,2.2519707583,1.6056244717330277e-18
48.9298101587,2.2519707583,3.70483911240903e-21
48.9347040493,2.2519707583,4.433196075849201e-24
48.9395979399,2.2519707583,2.7509756128253215e-27
48.9444918305,2.2519707583,8.852761287731719e-31
48.9493857211,2.2519707583,1.4773826011696806e-34
48.9542796117,2.2519707583,1.2785844536901785e-38
48.9591735023,2.2519707583,5.73836371935412e-43
48.9640673929,2.2519707583,1.3355770189894263e-47
48.9689612835,2.2519707583,1.6120259094905742e-52
48.9738551741,2.2519707583,1.0090143562602597e-57
48.9787490647,2.2519707583,3.2752611731893654e-63
48.7389484253,2.2568646489,4.257284777364873e-59
48.7438423159,2.2568646489,2.730117295690609e-54
48.7487362065,2.2568646489,1.1365924289650985e-49
48.7536300971,2.2568646489,2.704312755641565e-45
48.7585239877,2.2568646489,3.6381552342064643e-41
48.7634178783,2.2568646489,2.764682329330561e-37
48.7683117689,2.2568646489,1.1865909179058498e-33
48.7732056595,2.2568646489,2.8763533117612345e-30
48.7780995501,2.2568646489,3.937929499282837e-27
48.7829934407,2.2568646489,3.0449368327088258e-24
48.7878873313,2.2568646489,1.3297643332488336e-21
48.7927812219,2.2568646489,3.279915878628629e-19
48.7976751125,2.2568646489,4.5694330444997546e-17
48.8025690031,2.2568646489,3.59615542718043e-15
48.8074628937,2.2568646489,1.5994975130070544e-13
48.8123567843,2.2568646489,4.0254561674535056e-12
48.8172506749,2.2568646489,5.7489078349742604e-11
48.8221445655,2.2568646489,4.687922758469126e-10
48.8270384561,2.2568646489,2.207739823777897e-09
48.8319323467,2.2568646489,6.1069714668882195e-09
48.8368262373,2.2568646489,1.0097626861472479e-08
48.8417201279,2.2568646489,1.005162779353417e-08
48.8466140185,2.2568646489,5.9528710016717385e-09
48.8515079091,2.2568646489,2.0490689106660406e-09
48.8564017997,2.2568646489,6.256032303120242e-10
48.8612956903,2.2568646489,4.967880922607119e-09
48.8661895809,2.2568646489,5.548520747732701e-08
48.8710834715,2.2568646489,3.242787622026819e-07
48.8759773621,2.2568646489,9.828913626900326e-07
48.8808712527,2.2568646489,1.5449517282253244e-06
48.8857651433,2.2568646489,1.2593502329054357e-06
48.8906590339,2.2568646489,5.323537926790375e-07
48.8955529245,2.2568646489,1.1670148737879794e-07
48.9004468151,2.2568646489,1.3267058466634751e-08
48.9053407057,2.2568646489,7.821591097949015e-10
48.9102345963,2.2568646489,2.3913204937298543e-11
48.9151284869,2.2568646489,3.791426809896032e-13
48.9200223775,2.2568646489,3.1173802579517256e-15
48.9249162681,2.2568646489,1.3292268269206092e-17
48.9298101587,2.2568646489,2.939210076574464e-20
48.9347040493,2.2568646489,3.3704226990608967e-23
48.9395979399,2.2568646489,2.0042889272688583e-26
48.9444918305,2.2568646489,6.180996483642441e-30
48.9493857211,2.2568646489,9.885050204564243e-34
48.9542796117,2.2568646489,8.198256083095589e-38
48.9591735023,2.2568646489,3.526032835051979e-42
48.9640673929,2.2568646489,7.864559482406843e-47
48.9689612835,2.2568646489,9.09715350655727e-52
48.9738551741,2.2568646489,5.464550734194445e-57
48.9787490647,2.2568646489,1.7903538763723481e-62
48.7389484253,2.2617585395,4.597717989428027e-59
48.7438423159,2.2617585395,3.345628215226225e-55
48.7487362065,2.2617585395,1.9123414738096723e-51
48.7536300971,2.2617585395,1.632976636474162e-47
48.7585239877,2.2617585395,2.5399563868526508e-43
48.7634178783,2.2617585395,3.082246234147054e-39
48.7683117689,2.2617585395,2.200873175484193e-35
48.7732056595,2.2617585395,8.921163466692797e-32
48.7780995501,2.2617585395,2.0438798974294823e-28
48.7829934407,2.2617585395,2.6450306347363057e-25
48.7878873313,2.2617585395,1.9333307843510517e-22
48.7927812219,2.2617585395,7.98150358559087e-20
48.7976751125,2.2617585395,1.861243504285907e-17
48.8025690031,2.2617585395,2.4523262649035993e-15
48.8074628937,2.2617585395,1.8269663196787657e-13
48.8123567843,2.2617585395,7.709981441097631e-12
48.8172506749,2.2617585395,1.8505402174429886e-10
48.8221445655,2.2617585395,2.545925249597062e-09
48.8270384561,2.2617585395,2.033030704601322e-08
48.8319323467,2.2617585395,9.569736070319776e-08
48.8368262373,2.2617585395,2.6855906815296036e-07
48.8417201279,2.2617585395,4.484656843467168e-07
48.8466140185,2.2617585395,4.3831839727981054e-07
48.8515079091,2.2617585395,2.478672252501304e-07
48.8564017997,2.2617585395,8.695313459171735e-08
48.8612956903,2.2617585395,7.031139514692696e-08
48.8661895809,2.2617585395,5.617981046781374e-07
48.8710834715,2.2617585395,3.1338515935385065e-06
48.8759773621,2.2617585395,9.10231785054542e-06
48.8808712527,2.2617585395,1.3710936281437362e-05
48.8857651433,2.2617585395,1.0710378919871785e-05
48.8906590339,2.2617585395,4.338751824994698e-06
48.8955529245,2.2617585395,9.114797029106868e-07
48.9004468151,2.2617585395,9.930049405371871e-08
48.9053407057,2.2617585395,5.610195943606941e-09
48.9102345963,2.2617585395,1.6437163064810934e-10
48.9151284869,2.2617585395,2.497456373095517e-12
48.9200223775,2.2617585395,1.9678462817655556e-14
48.9249162681,2.2617585395,8.040936711696804e-17
48.9298101587,2.2617585395,1.703900896093623e-19
48.9347040493,2.2617585395,1.8724241595372293e-22
48.9395979399,2.2617585395,1.0670539499133112e-25
48.9444918305,2.2617585395,3.153485944100458e-29
48.9493857211,2.2617585395,4.833026170458026e-33
48.9542796117,2.2617585395,3.84138132743211e-37
48.9591735023,2.2617585395,1.584355297230389e-41
48.9640673929,2.2617585395,3.4321959306361135e-46
48.9689612835,2.2617585395,5.144589992323585e-51
48.9738551741,2.2617585395,2.9983019432120975e-55
48.9787490647,2.2617585395,3.843524589798607e-59
48.7389484253,2.2666524301,1.2127697214428692e-58
48.7438423159,2.2666524301,1.0422423789922644e-54
48.7487362065,2.2666524301,6.185684512522564e-51
48.7536300971,2.2666524301,2.536610998401655e-47
48.7585239877,2.2666524301,7.233255592752237e-44
48.7634178783,2.2666524301,1.5264398853216621e-40
48.7683117689,2.2666524301,3.384459564801198e-37
48.7732056595,2.2666524301,1.1892896308616164e-33
48.7780995501,2.2666524301,3.998038481628664e-30
48.7829934407,2.2666524301,8.464517754541357e-27
48.7878873313,2.2666524301,1.0309192499650845e-23
48.7927812219,2.2666524301,7.116354248010243e-21
48.7976751125,2.2666524301,2.7772284200467984e-18
48.8025690031,2.2666524301,6.127071424678742e-16
48.8074628937,2.2666524301,7.649795065757321e-14
48.8123567843,2.2666524301,5.419741057613795e-12
48.8172506749,2.2666524301,2.1908674172439364e-10
48.8221445655,2.2666524301,5.1006624116586115e-09
48.8270384561,2.2666524301,6.927439380290473e-08
48.8319323467,2.2666524301,5.555445354437291e-07
48.8368262373,2.2666524301,2.6408119949186935e-06
48.8417201279,2.2666524301,7.376091741952832e-06
48.8466140185,2.2666524301,1.2042815890356599e-05
48.8515079091,2.2666524301,1.2287403809756032e-05
48.8564017997,2.2666524301,8.916170622125883e-06
48.8612956903,2.2666524301,4.2989607013331265e-06
48.8661895809,2.2666524301,4.867363116633543e-06
48.8710834715,2.2666524301,2.2186691322992454e-05
48.8759773621,2.2666524301,6.15998978622703e-05
48.8808712527,2.2666524301,8.89151072508629e-05
48.8857651433,2.2666524301,6.656048987922911e-05
48.8906590339,2.2666524301,2.58393750384409e-05
48.8955529245,2.2666524301,5.201997967799821e-06
48.9004468151,2.2666524301,5.431011018019429e-07
48.9053407057,2.2666524301,2.9404475872696433e-08
48.9102345963,2.2666524301,8.255976256023276e-10
48.9151284869,2.2666524301,1.2021140268081247e-11
48.9200223775,2.2666524301,9.077059066139763e-14
48.9249162681,2.2666524301,3.554406123531302e-16
48.9298101587,2.2666524301,7.217916977333941e-19
48.9347040493,2.2666524301,7.601210354015768e-22
48.9395979399,2.2666524301,4.151462692042422e-25
48.9444918305,2.2666524301,1.1764062652800021e-28
48.9493857211,2.2666524301,1.738256617673081e-32
48.9542796117,2.2666524301,1.4366063472752834e-36
48.9591735023,2.2666524301,1.3987917107457673e-40
48.9640673929,2.2666524301,4.501603338544635e-44
48.9689612835,2.2666524301,1.5182230070629722e-47
48.9738551741,2.2666524301,3.616318963550205e-51
48.9787490647,2.2666524301,5.952788845859927e-55
48.7389484253,2.2715463207,1.2038866647529351e-58
48.7438423159,2.2715463207,1.2350869800348044e-54
48.7487362065,2.2715463207,8.750310743331768e-51
48.7536300971,2.2715463207,4.2811798641499677e-47
48.7585239877,2.2715463207,1.4465013756819142e-43
48.7634178783,2.2715463207,3.375272913352786e-40
48.7683117689,2.2715463207,5.442055175935863e-37
48.7732056595,2.2715463207,6.093619485901737e-34
48.7780995501,2.2715463207,4.920584835581276e-31
48.7829934407,2.2715463207,3.447936546519517e-28
48.7878873313,2.2715463207,2.911520052447542e-25
48.7927812219,2.2715463207,2.5505764063829694e-22
48.7976751125,2.2715463207,1.5575063860837495e-19
48.8025690031,2.2715463207,5.657757661503251e-17
48.8074628937,2.2715463207,1.1790145137457797e-14
48.8123567843,2.2715463207,1.4025923088079525e-12
48.8172506749,2.2715463207,9.57171661656352e-11
48.8221445655,2.2715463207,3.7841939414713766e-09
48.8270384561,2.2715463207,8.765875390771305e-08
48.8319323467,2.2715463207,1.197719048231985e-06
48.8368262373,2.2715463207,9.620316883815375e-06
48.8417201279,2.2715463207,4.536119613903376e-05
48.8466140185,2.2715463207,0.00013635455707871523
48.8515079091,2.2715463207,0.0003192427919381254
48.8564017997,2.2715463207,0.000494491709664154
48.8612956903,2.2715463207,0.0003324537892129616
48.8661895809,2.2715463207,0.00010106783969520088
48.8710834715,2.2715463207,0.00012144340422438131
48.8759773621,2.2715463207,0.00030520341896927994
48.8808712527,2.2715463207,0.00042147322444712246
48.8857651433,2.2715463207,0.00030228833846163996
48.8906590339,2.2715463207,0.00011245237463260772
48.8955529245,2.2715463207,2.1694778531188443e-05
48.9004468151,2.2715463207,2.1705478048272585e-06
48.9053407057,2.2715463207,1.1261808226186296e-07
48.9102345963,2.2715463207,3.030200588778235e-09
48.9151284869,2.2715463207,4.228257205811877e-11
48.9200223775,2.2715463207,3.059761426081641e-13
48.9249162681,2.2715463207,1.148393443942589e-15
48.9298101587,2.2715463207,2.236588252506141e-18
48.9347040493,2.2715463207,2.2677058816528124e-21
48.9395979399,2.2715463207,1.229200977415491e-24
48.9444918305,2.2715463207,4.492499382207771e-28
48.9493857211,2.2715463207,2.787619776521792e-31
48.9542796117,2.2715463207,2.956683523082026e-34
48.9591735023,2.2715463207,2.52747315808377e-37
48.9640673929,2.2715463207,1.5073740019774302e-40
48.9689612835,2.2715463207,6.211115552621418e-44
48.9738551741,2.2715463207,1.7674164194238869e-47
48.9787490647,2.2715463207,3.473140231346981e-51
48.7389484253,2.2764402113,4.4944577811518895e-59
48.7438423159,2.2764402113,5.5044202655929e-55
48.7487362065,2.2764402113,4.655430575259127e-51
48.7536300971,2.2764402113,2.719080801822874e-47
48.7585239877,2.2764402113,1.0967265638302703e-43
48.7634178783,2.2764402113,3.0548410241603935e-40
48.7683117689,2.2764402113,5.876152750336278e-37
48.7732056595,2.2764402113,7.80574956546782e-34
48.7780995501,2.2764402113,7.161187556896693e-31
48.7829934407,2.2764402113,4.540353257424568e-28
48.7878873313,2.2764402113,1.998827225871208e-25
48.7927812219,2.2764402113,6.273060142388013e-23
48.7976751125,2.2764402113,1.5547666499765577e-20
48.8025690031,2.2764402113,3.685930621855482e-18
48.8074628937,2.2764402113,8.424169867500776e-16
48.8123567843,2.2764402113,1.4564304942423127e-13
48.8172506749,2.2764402113,1.603027150706678e-11
48.8221445655,2.2764402113,1.0612416002338804e-09
48.8270384561,2.2764402113,4.170999269664494e-08
48.8319323467,2.2764402113,9.667568725886483e-07
48.8368262373,2.2764402113,1.3177506831596717e-05
48.8417201279,2.2764402113,0.00011460283013217589
48.8466140185,2.2764402113,0.0008300002599437832
48.8515079091,2.2764402113,0.004433049860974526
48.8564017997,2.2764402113,0.010454474450092078
48.8612956903,2.2764402113,0.00861622132108217
48.8661895809,2.2764402113,0.0024828607372047785
48.8710834715,2.2764402113,0.0006981767169587408
48.8759773621,2.2764402113,0.0011329245207895577
48.8808712527,2.2764402113,0.0014677629121349679
48.8857651433,2.2764402113,0.0010052433207257078
48.8906590339,2.2764402113,0.0003579930610287925
48.8955529245,2.2764402113,6.61634205998438e-05
48.9004468151,2.2764402113,6.343242977354291e-06
48.9053407057,2.2764402113,3.1544598767055494e-07
48.9102345963,2.2764402113,8.13824232934619e-09
48.9151284869,2.2764402113,1.0900342103741444e-10
48.9200223775,2.2764402113,7.602522061344008e-13
48.9249162681,2.2764402113,2.802186419240312e-15
48.9298101587,2.2764402113,5.931763590904982e-18
48.9347040493,2.2764402113,1.0654543115932032e-20
48.9395979399,2.2764402113,2.8606168863211615e-23
48.9444918305,2.2764402113,8.25522683913988e-26
48.9493857211,2.2764402113,1.7725341753195743e-28
48.9542796117,2.2764402113,2.64624213657678e-31
48.9591735023,2.2764402113,2.7294168935838086e-34
48.9640673929,2.2764402113,1.9441660083478713e-37
48.9689612835,2.2764402113,9.56337387537172e-41
48.9738551741,2.2764402113,3.2486499824430324e-44
48.9787490647,2.2764402113,7.620942745583888e-48
48.7389484253,2.2813341019,6.310349539457485e-60
48.7438423159,2.2813341019,9.225927477168081e-56
48.7487362065,2.2813341019,9.314952534129244e-52
48.7536300971,2.2813341019,6.494791977509025e-48
48.7585239877,2.2813341019,3.127258880181147e-44
48.7634178783,2.2813341019,1.0398636877189991e-40
48.7683117689,2.2813341019,2.3878276724028974e-37
48.7732056595,2.2813341019,3.7865486602363514e-34
48.7780995501,2.2813341019,4.146657374719722e-31
48.7829934407,2.2813341019,3.1359384240723505e-28
48.7878873313,2.2813341019,1.6377932993083138e-25
48.7927812219,2.2813341019,5.907926195848369e-23
48.7976751125,2.2813341019,1.4733789422838867e-20
48.8025690031,2.2813341019,2.5535825999728757e-18
48.8074628937,2.2813341019,3.143362391823397e-16
48.8123567843,2.2813341019,2.935012767139404e-14
48.8172506749,2.2813341019,2.3246805895564494e-12
48.8221445655,2.2813341019,1.619307071813615e-10
48.8270384561,2.2813341019,8.749795175652527e-09
48.8319323467,2.2813341019,3.1644958830159666e-07
48.8368262373,2.2813341019,7.55622713237198e-06
48.8417201279,2.2813341019,0.0001565212726352522
48.8466140185,2.2813341019,0.002749012209123424
48.8515079091,2.2813341019,0.02267171596105985
48.8564017997,2.2813341019,0.06538391867883428
48.8612956903,2.2813341019,0.062065185323094914
48.8661895809,2.2813341019,0.02034834662960533
48.8710834715,2.2813341019,0.004219345651354286
48.8759773621,2.2813341019,0.0035283916870211146
48.8808712527,2.2813341019,0.003906591524142462
48.8857651433,2.2813341019,0.0024967775520246278
48.8906590339,2.2813341019,0.0008449846449397836
48.8955529245,2.2813341019,0.00014934800738231415
48.9004468151,2.2813341019,1.3749575529671985e-05
48.9053407057,2.2813341019,6.606461438437891e-07
48.9102345963,2.2813341019,1.6731143441148204e-08
48.9151284869,2.2813341019,2.318339442123279e-10
48.9200223775,2.2813341019,2.0168322068789023e-12
48.9249162681,2.2813341019,1.553394769973244e-14
48.9298101587,2.2813341019,1.3164263035387144e-16
48.9347040493,2.2813341019,9.74303946032296e-19
48.9395979399,2.2813341019,5.236666652867671e-21
48.9444918305,2.2813341019,1.9565773947929154e-23
48.9493857211,2.2813341019,5.051515126855089e-26
48.9542796117,2.2813341019,9.006972480025308e-29
48.9591735023,2.2813341019,1.1090495690990423e-31
48.9640673929,2.2813341019,9.430551805468577e-35
48.9689612835,2.2813341019,5.53779970007126e-38
48.9738551741,2.2813341019,2.2456980985985587e-41
48.9787490647,2.2813341019,6.288969501966001e-45
48.7389484253,2.2862279925,3.3320686195992004e-61
48.7438423159,2.2862279925,5.815578164186396e-57
48.7487362065,2.2862279925,7.009480750669591e-53
48.7536300971,2.2862279925,5.834354143877617e-49
48.7585239877,2.2862279925,3.353618960764598e-45
48.7634178783,2.2862279925,1.3312163260272605e-41
48.7683117689,2.2862279925,3.649198968664485e-38
48.7732056595,2.2862279925,6.908129038742876e-35
48.7780995501,2.2862279925,9.031030909773542e-32
48.7829934407,2.2862279925,8.153202095873971e-29
48.7878873313,2.2862279925,5.0831520708549135e-26
48.7927812219,2.2862279925,2.1885290479730326e-23
48.7976751125,2.2862279925,6.507119603985056e-21
48.8025690031,2.2862279925,1.336182894325287e-18
48.8074628937,2.2862279925,1.895550919690584e-16
48.8123567843,2.2862279925,1.8612627803679395e-14
48.8172506749,2.2862279925,1.2753631305979138e-12
48.8221445655,2.2862279925,6.27361692470889e-11
48.8270384561,2.2862279925,2.372271594802657e-09
48.8319323467,2.2862279925,7.649766657500202e-08
48.8368262373,2.2862279925,2.6891504998339418e-06
48.8417201279,2.2862279925,0.00012182032026592842
48.8466140185,2.2862279925,0.003345503278952286
48.8515079091,2.2862279925,0.03365433622756301
48.8564017997,2.2862279925,0.11121227316146585
48.8612956903,2.2862279925,0.12067397525918998
48.8661895809,2.2862279925,0.0484549184411511
48.8710834715,2.2862279925,0.014542025415913339
48.8759773621,2.2862279925,0.010229082357589663
48.8808712527,2.2862279925,0.008827178694640761
48.8857651433,2.2862279925,0.005013406896277608
48.8906590339,2.2862279925,0.0015917974157153545
48.8955529245,2.2862279925,0.0002721540975492093
48.9004468151,2.2862279925,2.5163724268200606e-05
48.9053407057,2.2862279925,1.314396608709123e-06
48.9102345963,2.2862279925,4.373807717217866e-08
48.9151284869,2.2862279925,1.1413968407286934e-09
48.9200223775,2.2862279925,2.626022662336436e-11
48.9249162681,2.2862279925,4.862305669361199e-13
48.9298101587,2.2862279925,6.519767845629815e-15
48.9347040493,2.2862279925,6.093236785828002e-17
48.9395979399,2.2862279925,3.937560903158037e-19
48.9444918305,2.2862279925,1.757419768430868e-21
48.9493857211,2.2862279925,5.416787443862481e-24
48.9542796117,2.2862279925,1.1529813826462906e-26
48.9591735023,2.2862279925,1.694793517224045e-29
48.9640673929,2.2862279925,1.7203835580246785e-32
48.9689612835,2.2862279925,1.2060012612098612e-35
48.9738551741,2.2862279925,5.838270732063958e-39
48.9787490647,2.2862279925,1.9517971879382865e-42
48.7389484253,2.2911218831,6.616965442808647e-63
48.7438423159,2.2911218831,1.3786694990690278e-58
48.7487362065,2.2911218831,1.9836975556806258e-54
48.7536300971,2.2911218831,1.9710822102853241e-50
48.7585239877,2.2911218831,1.3525334291895564e-46
48.7634178783,2.2911218831,6.4092212963052665e-43
48.7683117689,2.2911218831,2.0973770703464987e-39
48.7732056595,2.2911218831,4.739818960818922e-36
48.7780995501,2.2911218831,7.397091343840612e-33
48.7829934407,2.2911218831,7.972126821879718e-30
48.7878873313,2.2911218831,5.933369649449681e-27
48.7927812219,2.2911218831,3.0495980664228556e-24
48.7976751125,2.2911218831,1.0824249936352909e-21
48.8025690031,2.2911218831,2.6531832906903224e-19
48.8074628937,2.2911218831,4.49110356309617e-17
48.8123567843,2.2911218831,5.2501587719017105e-15
48.8172506749,2.2911218831,4.2397563788511627e-13
48.8221445655,2.2911218831,2.3686640002911563e-11
48.8270384561,2.2911218831,9.220609769779672e-10
48.8319323467,2.2911218831,2.61728954690617e-08
48.8368262373,2.2911218831,7.751112783387534e-07
48.8417201279,2.2911218831,3.783747458516316e-05
48.8466140185,2.2911218831,0.001193690201459071
48.8515079091,2.2911218831,0.013575473885891942
48.8564017997,2.2911218831,0.0507925528560377
48.8612956903,2.2911218831,0.06498250720140758
48.8661895809,2.2911218831,0.038017099568986884
48.8710834715,2.2911218831,0.024067341791623124
48.8759773621,2.2911218831,0.02124015476755768
48.8808712527,2.2911218831,0.016382708305626967
48.8857651433,2.2911218831,0.008511312991117173
48.8906590339,2.2911218831,0.002631914947233013
48.8955529245,2.2911218831,0.0004728426399110696
48.9004468151,2.2911218831,5.1987763527292534e-05
48.9053407057,2.2911218831,3.929148290325243e-06
48.9102345963,2.2911218831,2.2852688592807671e-07
48.9151284869,2.2911218831,1.0334412735502464e-08
48.9200223775,2.2911218831,3.4276872501598124e-10
48.9249162681,2.2911218831,7.995353935727745e-12
48.9298101587,2.2911218831,1.2927238303897863e-13
48.9347040493,2.2911218831,1.4441922667404278e-15
48.9395979399,2.2911218831,1.1142528375693862e-17
48.9444918305,2.2911218831,5.936883071329392e-20
48.9493857211,2.2911218831,2.184476369128992e-22
48.9542796117,2.2911218831,5.55073126005337e-25
48.9591735023,2.2911218831,9.740181315050986e-28
48.9640673929,2.2911218831,1.1803148494328597e-30
48.9689612835,2.2911218831,9.877401103982463e-34
48.9738551741,2.2911218831,5.70823045975726e-37
48.9787490647,2.2911218831,2.278107935216484e-40
48.7389484253,2.2960157737,4.941834603713316e-65
48.7438423159,2.2960157737,1.2291697042586045e-60
48.7487362065,2.2960157737,2.1112977189736715e-56
48.7536300971,2.2960157737,2.5043850292326437e-52
48.7585239877,2.2960157737,2.0514772680161162e-48
48.7634178783,2.2960157737,1.160503109698784e-44
48.7683117689,2.2960157737,4.5335655301800815e-41
48.7732056595,2.2960157737,1.223059192628813e-37
48.7780995501,2.2960157737,2.278604990855247e-34
48.7829934407,2.2960157737,2.931599249938632e-31
48.7878873313,2.2960157737,2.6046786429623574e-28
48.7927812219,2.2960157737,1.598150539480469e-25
48.7976751125,2.2960157737,6.771661055297462e-23
48.8025690031,2.2960157737,1.981466480928462e-20
48.8074628937,2.2960157737,4.003983403058116e-18
48.8123567843,2.2960157737,5.587430984669861e-16
48.8172506749,2.2960157737,5.3845559164625524e-14
48.8221445655,2.2960157737,3.5837257568296475e-12
48.8270384561,2.2960157737,1.6483164287858094e-10
48.8319323467,2.2960157737,5.292951522843937e-09
48.8368262373,2.2960157737,1.3566429104407423e-07
48.8417201279,2.2960157737,4.34615066283782e-06
48.8466140185,2.2960157737,0.00012467760539295426
48.8515079091,2.2960157737,0.0015242513619234989
48.8564017997,2.2960157737,0.006567004620038035
48.8612956903,2.2960157737,0.011270375343364168
48.8661895809,2.2960157737,0.01360820222423592
48.8710834715,2.2960157737,0.01904970174822236
48.8759773621,2.2960157737,0.022872973366963898
48.8808712527,2.2960157737,0.01903869840436729
48.8857651433,2.2960157737,0.010053489046605727
48.8906590339,2.2960157737,0.003245282000894072
48.8955529245,2.2960157737,0.0006601840170840478
48.9004468151,2.2960157737,9.249388725527199e-05
48.9053407057,2.2960157737,9.713525233716095e-06
48.9102345963,2.2960157737,7.710105497268609e-07
48.9151284869,2.2960157737,4.433965363724507e-08
48.9200223775,2.2960157737,1.7884420623453471e-09
48.9249162681,2.2960157737,4.9986555104024646e-11
48.9298101587,2.2960157737,9.653372526474691e-13
48.9347040493,2.2960157737,1.2874958892947192e-14
48.9395979399,2.2960157737,1.185847714935684e-16
48.9444918305,2.2960157737,7.542687689616602e-19
48.9493857211,2.2960157737,3.3131212266630245e-21
48.9542796117,2.2960157737,1.0049917990767763e-23
48.9591735023,2.2960157737,2.105240412855915e-26
48.9640673929,2.2960157737,3.045473804047815e-29
48.9689612835,2.2960157737,3.042440038107142e-32
48.9738551741,2.2960157737,2.0989552365828496e-35
48.9787490647,2.2960157737,9.99996120642117e-39
48.7389484253,2.3009096643,1.3880399154057106e-67
48.7438423159,2.3009096643,4.1214300851539576e-63
48.7487362065,2.3009096643,8.450996237387923e-59
48.7536300971,2.3009096643,1.1966905712332097e-54
48.7585239877,2.3009096643,1.1702262064535946e-50
48.7634178783,2.3009096643,7.902632015004069e-47
48.7683117689,2.3009096643,3.685425945717984e-43
48.7732056595,2.3009096643,1.1869095055193273e-39
48.7780995501,2.3009096643,2.6397422070594877e-36
48.7829934407,2.3009096643,4.0543329826328524e-33
48.7878873313,2.3009096643,4.3002262108885056e-30
48.7927812219,2.3009096643,3.1497579375175404e-27
48.7976751125,2.3009096643,1.5932247546710468e-24
48.8025690031,2.3009096643,5.565329750427837e-22
48.8074628937,2.3009096643,1.3425137665612014e-19
48.8123567843,2.3009096643,2.236457196071428e-17
48.8172506749,2.3009096643,2.5728622279800007e-15
48.8221445655,2.3009096643,2.044033474584164e-13
48.8270384561,2.3009096643,1.1215193966095026e-11
48.8319323467,2.3009096643,4.258153625075796e-10
48.8368262373,2.3009096643,1.1514180954305447e-08
48.8417201279,2.3009096643,2.5776631775398785e-07
48.8466140185,2.3009096643,5.124109649424407e-06
48.8515079091,2.3009096643,6.041009018569164e-05
48.8564017997,2.3009096643,0.00032721682352489874
48.8612956903,2.3009096643,0.0010464784110205618
48.8661895809,2.3009096643,0.003082750388218677
48.8710834715,2.3009096643,0.007581477687663742
48.8759773621,2.3009096643,0.012288828114510257
48.8808712527,2.3009096643,0.0119646055923973
48.8857651433,2.3009096643,0.006808958730460591
48.8906590339,2.3009096643,0.0023218742046346077
48.8955529245,2.3009096643,0.0005169285972278332
48.9004468151,2.3009096643,8.480529634895065e-05
48.9053407057,2.3009096643,1.08894533688874e-05
48.9102345963,2.3009096643,1.0546897002318066e-06
48.9151284869,2.3009096643,7.302713656894025e-08
48.9200223775,2.3009096643,3.523408808803837e-09
48.9249162681,2.3009096643,1.1759819797826078e-10
48.9298101587,2.3009096643,2.7112101289337998e-12
48.9347040493,2.3009096643,4.3167133025482844e-14
48.9395979399,2.3009096643,4.746337647518992e-16
48.9444918305,2.3009096643,3.603945141057286e-18
48.9493857211,2.3009096643,1.8897820198511167e-20
48.9542796117,2.3009096643,6.843200172689451e-23
48.9591735023,2.3009096643,1.7112787783798414e-25
48.9640673929,2.3009096643,2.9552639429962666e-28
48.9689612835,2.3009096643,3.5244047255332638e-31
48.9738551741,2.3009096643,2.902613857094852e-34
48.9787490647,2.3009096643,1.650846689483363e-37
48.7389484253,2.3058035549,1.4662232902693452e-70
48.7438423159,2.3058035549,5.197188107544131e-66
48.7487362065,2.3058035549,1.2721863976505482e-61
48.7536300971,2.3058035549,2.1505376438194762e-57
48.7585239877,2.3058035549,2.5104833176096138e-53
48.7634178783,2.3058035549,2.0238653735906513e-49
48.7683117689,2.3058035549,1.1267300831541097e-45
48.7732056595,2.3058035549,4.3318374270887973e-42
48.7780995501,2.3058035549,1.1501074009709609e-38
48.7829934407,2.3058035549,2.1087186378334848e-35
48.7878873313,2.3058035549,2.6700098557320644e-32
48.7927812219,2.3058035549,2.3346462346345692e-29
48.7976751125,2.3058035549,1.409753848583018e-26
48.8025690031,2.3058035549,5.878675464099078e-24
48.8074628937,2.3058035549,1.692893632097323e-21
48.8123567843,2.3058035549,3.3666180463944473e-19
48.8172506749,2.3058035549,4.6235122946728144e-17
48.8221445655,2.3058035549,4.384946568855958e-15
48.8270384561,2.3058035549,2.8719402563720055e-13
48.8319323467,2.3058035549,1.29938665739359e-11
48.8368262373,2.3058035549,4.0788349500922787e-10
48.8417201279,2.3058035549,9.106414138581694e-09
48.8466140185,2.3058035549,1.501863122579814e-07
48.8515079091,2.3058035549,1.7840440015773942e-06
48.8564017997,2.3058035549,1.56797014242921e-05
48.8612956903,2.3058035549,0.0001160747748726077
48.8661895809,2.3058035549,0.0006493497167228919
48.8710834715,2.3058035549,0.0022404055885465657
48.8759773621,2.3058035549,0.004341871585351607
48.8808712527,2.3058035549,0.0046186975334586875
48.8857651433,2.3058035549,0.002736022708253863
48.8906590339,2.3058035549,0.0009526810169146854
48.8955529245,2.3058035549,0.00021733367389797163
48.9004468151,2.3058035549,3.7386160836689796e-05
48.9053407057,2.3058035549,5.218984989379593e-06
48.9102345963,2.3058035549,5.708051221858589e-07
48.9151284869,2.3058035549,4.5954324222360806e-08
48.9200223775,2.3058035549,2.621046007102508e-09
48.9249162681,2.3058035549,1.0413463257887767e-10
48.9298101587,2.3058035549,2.864139599682388e-12
48.9347040493,2.3058035549,5.443194430618199e-14
48.9395979399,2.3058035549,7.144531993592036e-16
48.9444918305,2.3058035549,6.476117593635862e-18
48.9493857211,2.3058035549,4.0538765157801293e-20
48.9542796117,2.3058035549,1.7524287920825973e-22
48.9591735023,2.3058035549,5.2314760407530455e-25
48.9640673929,2.3058035549,1.0785048224659331e-27
48.9689612835,2.3058035549,1.5354438229421786e-30
48.9738551741,2.3058035549,1.5095926108097244e-33
48.9787490647,2.3058035549,1.0249426859880608e-36
48.7389484253,2.3106974455,5.824822316701863e-74
48.7438423159,2.3106974455,2.464752663297482e-69
48.7487362065,2.3106974455,7.202412596523701e-65
48.7536300971,2.3106974455,1.4534384275243008e-60
48.7585239877,2.3106974455,2.0254861109714995e-56
48.7634178783,2.3106974455,1.9492874656916835e-52
48.7683117689,2.3106974455,1.2954972648780438e-48
48.7732056595,2.3106974455,5.945811000271131e-45
48.7780995501,2.3106974455,1.8845153940130765e-41
48.7829934407,2.3106974455,4.1247940403518024e-38
48.7878873313,2.3106974455,6.234747022600878e-35
48.7927812219,2.3106974455,6.508027723564987e-32
48.7976751125,2.3106974455,4.69130794500784e-29
48.8025690031,2.3106974455,2.3353526931960073e-26
48.8074628937,2.3106974455,8.028326107304922e-24
48.8123567843,2.3106974455,1.9059500956047646e-21
48.8172506749,2.3106974455,3.1247275524419393e-19
48.8221445655,2.3106974455,3.537769430593305e-17
48.8270384561,2.3106974455,2.76634997709778e-15
48.8319323467,2.3106974455,1.4958235458832332e-13
48.8368262373,2.3106974455,5.654924048991998e-12
48.8417201279,2.3106974455,1.5959389655672405e-10
48.8466140185,2.3106974455,4.111402563140775e-09
48.8515079091,2.3106974455,1.0945504153964472e-07
48.8564017997,2.3106974455,2.306727366097626e-06
48.8612956903,2.3106974455,2.9318488153615806e-05
48.8661895809,2.3106974455,0.0002024797491225212
48.8710834715,2.3106974455,0.0007380254925870129
48.8759773621,2.3106974455,0.0014126259025452332
48.8808712527,2.3106974455,0.0014314539560584024
48.8857651433,2.3106974455,0.0007914572357074668
48.8906590339,2.3106974455,0.00025925198427752895
48.8955529245,2.3106974455,5.9227831432347416e-05
48.9004468151,2.3106974455,1.092677981115834e-05
48.9053407057,2.3106974455,1.589331829284141e-06
48.9102345963,2.3106974455,1.6964148799675038e-07
48.9151284869,2.3106974455,1.3365096922270282e-08
48.9200223775,2.3106974455,7.981060853807366e-10
48.9249162681,2.3106974455,3.562443301799759e-11
48.9298101587,2.3106974455,1.145640219096131e-12
48.9347040493,2.3106974455,2.5848532793411374e-14
48.9395979399,2.3106974455,4.045497793751831e-16
48.9444918305,2.3106974455,4.3767221222651735e-18
48.9493857211,2.3106974455,3.2705077974215734e-20
48.9542796117,2.3106974455,1.6877419948642455e-22
48.9591735023,2.3106974455,6.014674590129883e-25
48.9640673929,2.3106974455,1.480240620356395e-27
48.9689612835,2.3106974455,2.5157443031002228e-30
48.9738551741,2.3106974455,2.9526683445594132e-33
48.9787490647,2.3106974455,2.393188061592051e-36
48.7389484253,2.3155913361,8.702612770694218e-78
48.7438423159,2.3155913361,4.396050397733314e-73
48.7487362065,2.3155913361,1.533520744383254e-68
48.7536300971,2.3155913361,3.694287047131255e-64
48.7585239877,2.3155913361,6.145901686976168e-60
48.7634178783,2.3155913361,7.060810726168898e-56
48.7683117689,2.3155913361,5.601927971501668e-52
48.7732056595,2.3155913361,3.0692655200192195e-48
48.7780995501,2.3155913361,1.1613025782093612e-44
48.7829934407,2.3155913361,3.0343823906819247e-41
48.7878873313,2.3155913361,5.47531636752178e-38
48.7927812219,2.3155913361,6.822791759977189e-35
48.7976751125,2.3155913361,5.871228786424582e-32
48.8025690031,2.3155913361,3.489071601572655e-29
48.8074628937,2.3155913361,1.431873921212932e-26
48.8123567843,2.3155913361,4.0580241518807706e-24
48.8172506749,2.3155913361,7.942579563978368e-22
48.8221445655,2.3155913361,1.0745740695862557e-19
48.8270384561,2.3155913361,1.0167009873196307e-17
48.8319323467,2.3155913361,7.450007218520294e-16
48.8368262373,2.3155913361,6.323296187689048e-14
48.8417201279,2.3155913361,7.10045954577302e-12
48.8466140185,2.3155913361,5.999161326935835e-10
48.8515079091,2.3155913361,2.844853937666189e-08
48.8564017997,2.3155913361,7.110818295653207e-07
48.8612956903,2.3155913361,9.254140781759727e-06
48.8661895809,2.3155913361,6.253543764704545e-05
48.8710834715,2.3155913361,0.00021930470393300948
48.8759773621,2.3155913361,0.0003993072432303258
48.8808712527,2.3155913361,0.0003785831726812504
48.8857651433,2.3155913361,0.0001895047973058166
48.8906590339,2.3155913361,5.353633966751436e-05
48.8955529245,2.3155913361,1.102890929626352e-05
48.9004468151,2.3155913361,2.4221424848360313e-06
48.9053407057,2.3155913361,4.867433174746465e-07
48.9102345963,2.3155913361,6.450068796734051e-08
48.9151284869,2.3155913361,5.1462344809223105e-09
48.9200223775,2.3155913361,2.541807238101525e-10
48.9249162681,2.3155913361,8.571686229983001e-12
48.9298101587,2.3155913361,2.269976247148739e-13
48.9347040493,2.3155913361,5.037050933961924e-15
48.9395979399,2.3155913361,8.797165577578078e-17
48.9444918305,2.3155913361,1.1168617640930236e-18
48.9493857211,2.3155913361,9.929142815892594e-21
48.9542796117,2.3155913361,6.113498918656027e-23
48.9591735023,2.3155913361,2.600685930956907e-25
48.9640673929,2.3155913361,7.640596153618682e-28
48.9689612835,2.3155913361,1.550184870005668e-30
48.9738551741,2.3155913361,2.1719708153090567e-33
48.9787490647,2.3155913361,2.1015439858844544e-36
48.7389484253,2.3204852267,4.88991203864387e-82
48.7438423159,2.3204852267,2.9487393837821196e-77
48.7487362065,2.3204852267,1.227964249856735e-72
48.7536300971,2.3204852267,3.5314173439564307e-68
48.7585239877,2.3204852267,7.01336364184228e-64
48.7634178783,2.3204852267,9.618728336420659e-60
48.7683117689,2.3204852267,9.110095927438727e-56
48.7732056595,2.3204852267,5.9585725358936246e-52
48.7780995501,2.3204852267,2.6913829732682722e-48
48.7829934407,2.3204852267,8.395039813399066e-45
48.7878873313,2.3204852267,1.808356323671225e-41
48.7927812219,2.3204852267,2.6900431596032484e-38
48.7976751125,2.3204852267,2.7634301212627835e-35
48.8025690031,2.3204852267,1.9604339433077514e-32
48.8074628937,2.3204852267,9.604772260395088e-30
48.8123567843,2.3204852267,3.252946004938862e-27
48.8172506749,2.3204852267,7.756190355242085e-25
48.8221445655,2.3204852267,1.61753307549801e-22
48.8270384561,2.3204852267,6.228003574297683e-20
48.8319323467,2.3204852267,3.228847810338409e-17
48.8368262373,2.3204852267,1.0461636822767075e-14
48.8417201279,2.3204852267,1.79962916589973e-12
48.8466140185,2.3204852267,1.6108771759173906e-10
48.8515079091,2.3204852267,7.482235431305169e-09
48.8564017997,2.3204852267,1.8025340853228616e-07
48.8612956903,2.3204852267,2.252036352673102e-06
48.8661895809,2.3204852267,1.4591394436182468e-05
48.8710834715,2.3204852267,4.902841778151697e-05
48.8759773621,2.3204852267,8.543709347899772e-05
48.8808712527,2.3204852267,7.723596450194118e-05
48.8857651433,2.3204852267,3.630580585144165e-05
48.8906590339,2.3204852267,9.057323321074522e-06
48.8955529245,2.3204852267,1.4263813995882726e-06
48.9004468151,2.3204852267,2.9105614553428123e-07
48.9053407057,2.3204852267,8.779537544726774e-08
48.9102345963,2.3204852267,1.891752607824062e-08
48.9151284869,2.3204852267,2.3639159895461582e-09
48.9200223775,2.3204852267,1.6774840775693618e-10
48.9249162681,2.3204852267,6.774228927589247e-12
48.9298101587,2.3204852267,1.5754760380308439e-13
48.9347040493,2.3204852267,2.191615900263585e-15
48.9395979399,2.3204852267,2.042356213226909e-17
48.9444918305,2.3204852267,1.6122529583805694e-19
48.9493857211,2.3204852267,1.2581117329761497e-21
48.9542796117,2.3204852267,8.489920152365728e-24
48.9591735023,2.3204852267,4.240942292882435e-26
48.9640673929,2.3204852267,1.483713184677072e-28
48.9689612835,2.3204852267,3.5925160945726986e-31
48.9738551741,2.3204852267,6.00867620896773e-34
48.9787490647,2.3204852267,6.940401911617954e-37
48.7389484253,2.3253791173,1.0333247788447477e-86
48.7438423159,2.3253791173,7.438656895296242e-82
48.7487362065,2.3253791173,3.697993988341008e-77
48.7536300971,2.3253791173,1.2695560037891328e-72
48.7585239877,2.3253791173,3.0098961810998185e-68
48.7634178783,2.3253791173,4.92793712171162e-64
48.7683117689,2.3253791173,5.571764977280771e-60
48.7732056595,2.3253791173,4.350452287992114e-56
48.7780995501,2.3253791173,2.3457948066367735e-52
48.7829934407,2.3253791173,8.73493385126803e-49
48.7878873313,2.3253791173,2.2461730685680415e-45
48.7927812219,2.3253791173,3.988790086479205e-42
48.7976751125,2.3253791173,4.89183625328523e-39
48.8025690031,2.3253791173,4.1496171858913656e-36
48.8074628937,2.3253791173,2.537196348376532e-33
48.8123567843,2.3253791173,1.9521640696388507e-30
48.8172506749,2.3253791173,4.570321556028439e-27
48.8221445655,2.3253791173,9.888935676408238e-24
48.8270384561,2.3253791173,1.1682774837255355e-20
48.8319323467,2.3253791173,7.187837678304166e-18
48.8368262373,2.3253791173,2.29436669128141e-15
48.8417201279,2.3253791173,3.7981755668328577e-13
48.8466140185,2.3253791173,3.260722235355433e-11
48.8515079091,2.3253791173,1.4516961576699347e-09
48.8564017997,2.3253791173,3.3516612464622285e-08
48.8612956903,2.3253791173,4.0129783163581585e-07
48.8661895809,2.3253791173,2.4917001556238207e-06
48.8710834715,2.3253791173,8.023189840052757e-06
48.8759773621,2.3253791173,1.339741998422284e-05
48.8808712527,2.3253791173,1.1601750781824539e-05
48.8857651433,2.3253791173,5.21108952350375e-06
48.8906590339,2.3253791173,1.2172842566204479e-06
48.8955529245,2.3253791173,1.5459140924966949e-07
48.9004468151,2.3253791173,1.8498827180025746e-08
48.9053407057,2.3253791173,6.404317112115396e-09
48.9102345963,2.3253791173,2.2662612382669997e-09
48.9151284869,2.3253791173,4.731516328999477e-10
48.9200223775,2.3253791173,5.5916824808527594e-11
48.9249162681,2.3253791173,3.733221293961919e-12
48.9298101587,2.3253791173,1.4081204902191502e-13
48.9347040493,2.3253791173,3.001809238367405e-15
48.9395979399,2.3253791173,3.621377240254392e-17
48.9444918305,2.3253791173,2.4838061294987916e-19
48.9493857211,2.3253791173,9.867417850612341e-22
48.9542796117,2.3253791173,2.4591669023125595e-24
48.9591735023,2.3253791173,5.073492153386503e-27
48.9640673929,2.3253791173,1.2547420577355385e-29
48.9689612835,2.3253791173,3.198003227994986e-32
48.9738551741,2.3253791173,6.26631379338299e-35
48.9787490647,2.3253791173,8.621995571537087e-38
48.7389484253,2.3302730079,8.212153341457454e-92
48.7438423159,2.3302730079,7.057275542989805e-87
48.7487362065,2.3302730079,4.1882354453830243e-82
48.7536300971,2.3302730079,1.716481358171645e-77
48.7585239877,2.3302730079,4.858039971867558e-73
48.7634178783,2.3302730079,9.495045846962528e-69
48.7683117689,2.3302730079,1.2815838850059423e-64
48.7732056595,2.3302730079,1.194568336750474e-60
48.7780995501,2.3302730079,7.689338053190894e-57
48.7829934407,2.3302730079,3.4180729878472886e-53
48.7878873313,2.3302730079,1.049344589535041e-49
48.7927812219,2.3302730079,2.232898910546799e-46
48.7976751125,2.3302730079,3.755298462987185e-43
48.8025690031,2.3302730079,1.8422239425104042e-39
48.8074628937,2.3302730079,2.4026079626830463e-35
48.8123567843,2.3302730079,1.941988956270991e-31
48.8172506749,2.3302730079,8.20977657034479e-28
48.8221445655,2.3302730079,1.8007318488349956e-24
48.8270384561,2.3302730079,2.04835242288244e-21
48.8319323467,2.3302730079,1.2083258181366136e-18
48.8368262373,2.3302730079,3.6964585099071144e-16
48.8417201279,2.3302730079,5.864214681849837e-14
48.8466140185,2.3302730079,4.8245421539752644e-12
48.8515079091,2.3302730079,2.0583753127079783e-10
48.8564017997,2.3302730079,4.554232909104258e-09
48.8612956903,2.3302730079,5.225503262754387e-08
48.8661895809,2.3302730079,3.1093042656136426e-07
48.8710834715,2.3302730079,9.59445998804545e-07
48.8759773621,2.3302730079,1.5353241082151035e-06
48.8808712527,2.3302730079,1.2740953509180438e-06
48.8857651433,2.3302730079,5.483131997794148e-07
48.8906590339,2.3302730079,1.2239129126638193e-07
48.8955529245,2.3302730079,1.4238325133415194e-08
48.9004468151,2.3302730079,9.972016293005756e-10
48.9053407057,2.3302730079,1.879967083307767e-10
48.9102345963,2.3302730079,1.0059309744300805e-10
48.9151284869,2.3302730079,3.508542890354878e-11
48.9200223775,2.3302730079,6.939714594509189e-12
48.9249162681,2.3302730079,7.753321091479585e-13
48.9298101587,2.3302730079,4.892400516903741e-14
48.9347040493,2.3302730079,1.7435878396517526e-15
48.9395979399,2.3302730079,3.509589683328967e-17
48.9444918305,2.3302730079,3.989968579048508e-19
48.9493857211,2.3302730079,2.5622193717113928e-21
48.9542796117,2.3302730079,9.296549507426609e-24
48.9591735023,2.3302730079,1.908235876250166e-26
48.9640673929,2.3302730079,2.230116873606898e-29
48.9689612835,2.3302730079,1.540114367052757e-32
48.9738551741,2.3302730079,7.750037346966462e-36
48.9787490647,2.3302730079,5.131798537962913e-39
48.7389484253,2.3351668985000003,2.4544922550444557e-97
48.7438423159,2.3351668985000003,2.518048150954579e-92
48.7487362065,2.3351668985000003,1.7839405798093653e-87
48.7536300971,2.3351668985000003,8.727919424031471e-83
48.7585239877,2.3351668985000003,2.9488661572703256e-78
48.7634178783,2.3351668985000003,6.880395195859779e-74
48.7683117689,2.3351668985000003,1.108627638620535e-69
48.7732056595,2.3351668985000003,1.2335953888744013e-65
48.7780995501,2.3351668985000003,9.480841092515077e-62
48.7829934407,2.3351668985000003,5.0956341044102895e-58
48.7878873313,2.3351668985000003,3.2066715178849515e-54
48.7927812219,2.3351668985000003,1.5199697375024546e-49
48.7976751125,2.3351668985000003,8.265244602737914e-45
48.8025690031,2.3351668985000003,2.399923500977025e-40
48.8074628937,2.3351668985000003,3.6170563533752396e-36
48.8123567843,2.3351668985000003,2.8271657724967386e-32
48.8172506749,2.3351668985000003,1.14596230801838e-28
48.8221445655,2.3351668985000003,2.4088605808454423e-25
48.8270384561,2.3351668985000003,2.625882050940185e-22
48.8319323467,2.3351668985000003,1.4844342908320562e-19
48.8368262373,2.3351668985000003,4.3518002697569387e-17
48.8417201279,2.3351668985000003,6.616055572554955e-15
48.8466140185,2.3351668985000003,5.216167720667991e-13
48.8515079091,2.3351668985000003,2.132682292629027e-11
48.8564017997,2.3351668985000003,4.5219212206139825e-10
48.8612956903,2.3351668985000003,4.9721249487010526e-09
48.8661895809,2.3351668985000003,2.8351973143620524e-08
48.8710834715,2.3351668985000003,8.383912881391802e-08
48.8759773621,2.3351668985000003,1.285678667400098e-07
48.8808712527,2.3351668985000003,1.0224458892034984e-07
48.8857651433,2.3351668985000003,4.21667846406664e-08
48.8906590339,2.3351668985000003,9.018305773542977e-09
48.8955529245,2.3351668985000003,1.0004862332731199e-09
48.9004468151,2.3351668985000003,5.838263154727948e-11
48.9053407057,2.3351668985000003,3.282817813444293e-12
48.9102345963,2.3351668985000003,1.652791658949657e-12
48.9151284869,2.3351668985000003,9.535454728771087e-13
48.9200223775,2.3351668985000003,3.15638351471432e-13
48.9249162681,2.3351668985000003,5.902248679830761e-14
48.9298101587,2.3351668985000003,6.233483298919259e-15
48.9347040493,2.3351668985000003,3.718162446574125e-16
48.9395979399,2.3351668985000003,1.2525934780552754e-17
48.9444918305,2.3351668985000003,2.38328612042993e-19
48.9493857211,2.3351668985000003,2.561100245164891e-21
48.9542796117,2.3351668985000003,1.5543959618337874e-23
48.9591735023,2.3351668985000003,5.328225217485004e-26
48.9640673929,2.3351668985000003,1.031558468657779e-28
48.9689612835,2.3351668985000003,1.1280187871222705e-31
48.9738551741,2.3351668985000003,6.968878151346648e-35
48.9787490647,2.3351668985000003,2.436442555387705e-38
48.7389484253,2.3400607891000003,2.7589935902141157e-103
48.7438423159,2.3400607891000003,3.378900448011437e-98
48.7487362065,2.3400607891000003,2.8576832605423714e-93
48.7536300971,2.3400607891000003,1.669040114527565e-88
48.7585239877,2.3400607891000003,6.731834926078735e-84
48.7634178783,2.3400607891000003,1.875063383308946e-79
48.7683117689,2.3400607891000003,3.608885041790362e-75
48.7732056595,2.3400607891000003,5.105282220722168e-71
48.7780995501,2.3400607891000003,2.774019123910157e-66
48.7829934407,2.3400607891000003,9.0180698456048e-61
48.7878873313,2.3400607891000003,1.7955282161660057e-55
48.7927812219,2.3400607891000003,1.8594215021867789e-50
48.7976751125,2.3400607891000003,9.986503325808273e-46
48.8025690031,2.3400607891000003,2.7814551441266925e-41
48.8074628937,2.3400607891000003,4.017472505607997e-37
48.8123567843,2.3400607891000003,3.009234141520661e-33
48.8172506749,2.3400607891000003,1.1689105029307878e-29
48.8221445655,2.3400607891000003,2.3546629715702e-26
48.8270384561,2.3400607891000003,2.4597924310048868e-23
48.8319323467,2.3400607891000003,1.3325710694241277e-20
48.8368262373,2.3400607891000003,3.7437299423667625e-18
48.8417201279,2.3400607891000003,5.454323071303702e-16
48.8466140185,2.3400607891000003,4.120969661275654e-14
48.8515079091,2.3400607891000003,1.6146566626290212e-12
48.8564017997,2.3400607891000003,3.2808258167307797e-11
48.8612956903,2.3400607891000003,3.457071577568937e-10
48.8661895809,2.3400607891000003,1.8891036295383702e-09
48.8710834715,2.3400607891000003,5.353347140584607e-09
48.8759773621,2.3400607891000003,7.867146604082599e-09
48.8808712527,2.3400607891000003,5.995581257807889e-09
48.8857651433,2.3400607891000003,2.3695591637922887e-09
48.8906590339,2.3400607891000003,4.856529860399833e-10
48.8955529245,2.3400607891000003,5.161899181937389e-11
48.9004468151,2.3400607891000003,2.8469889154047856e-12
48.9053407057,2.3400607891000003,8.689327994972577e-14
48.9102345963,2.3400607891000003,1.087534826985276e-14
48.9151284869,2.3400607891000003,9.496898939575767e-15
48.9200223775,2.3400607891000003,5.25757796925903e-15
48.9249162681,2.3400607891000003,1.6454771087728326e-15
48.9298101587,2.3400607891000003,2.9086078276779596e-16
48.9347040493,2.3400607891000003,2.903773105154072e-17
48.9395979399,2.3400607891000003,1.6372852524709712e-18
48.9444918305,2.3400607891000003,5.213989856476227e-20
48.9493857211,2.3400607891000003,9.377782894342781e-22
48.9542796117,2.3400607891000003,9.526082255393773e-24
48.9591735023,2.3400607891000003,5.465282848350815e-26
48.9640673929,2.3400607891000003,1.7709044471675828e-28
48.9689612835,2.3400607891000003,3.2408714628499245e-31
48.9738551741,2.3400607891000003,3.349752921198812e-34
48.9787490647,2.3400607891000003,1.955458041288737e-37
48.7389484253,2.3449546797000003,1.166337197229843e-109
48.7438423159,2.3449546797000003,1.7051836974314313e-104
48.7487362065,2.3449546797000003,1.7215999116640058e-99
48.7536300971,2.3449546797000003,1.200367016551566e-94
48.7585239877,2.3449546797000003,5.798133362818842e-90
48.7634178783,2.3449546797000003,2.868478230281866e-85
48.7683117689,2.3449546797000003,2.5492557682125596e-79
48.7732056595,2.3449546797000003,3.4383474392823757e-73
48.7780995501,2.3449546797000003,2.446337974729518e-67
48.7829934407,2.3449546797000003,9.027990001300519e-62
48.7878873313,2.3449546797000003,1.7277830148717936e-56
48.7927812219,2.3449546797000003,1.714784584470585e-51
48.7976751125,2.3449546797000003,8.82576083901437e-47
48.8025690031,2.3449546797000003,2.355683564457693e-42
48.8074628937,2.3449546797000003,3.260648334716997e-38
48.8123567843,2.3449546797000003,2.340524466465569e-34
48.8172506749,2.3449546797000003,8.712536723084274e-31
48.8221445655,2.3449546797000003,1.681892643478058e-27
48.8270384561,2.3449546797000003,1.6837365262233002e-24
48.8319323467,2.3449546797000003,8.741223181847396e-22
48.8368262373,2.3449546797000003,2.353382378896061e-19
48.8417201279,2.3449546797000003,3.2857536488348584e-17
48.8466140185,2.3449546797000003,2.3790288761297397e-15
48.8515079091,2.3449546797000003,8.932780060192944e-14
48.8564017997,2.3449546797000003,1.739385245261469e-12
48.8612956903,2.3449546797000003,1.7564149923153968e-11
48.8661895809,2.3449546797000003,9.19773096510053e-11
48.8710834715,2.3449546797000003,2.4977932179646833e-10
48.8759773621,2.3449546797000003,3.517664978030177e-10
48.8808712527,2.3449546797000003,2.5690625648918164e-10
48.8857651433,2.3449546797000003,9.730095432101882e-11
48.8906590339,2.3449546797000003,1.9110926052538626e-11
48.8955529245,2.3449546797000003,1.9465636598178736e-12
48.9004468151,2.3449546797000003,1.0282141510740495e-13
48.9053407057,2.3449546797000003,2.8237363346761492e-15
48.9102345963,2.3449546797000003,6.10658301890586e-17
48.9151284869,2.3449546797000003,3.487311257379652e-17
48.9200223775,2.3449546797000003,3.207190151503016e-17
48.9249162681,2.3449546797000003,1.6799587976425216e-17
48.9298101587,2.3449546797000003,4.970176952404188e-18
48.9347040493,2.3449546797000003,8.304802136309705e-19
48.9395979399,2.3449546797000003,7.837379708604576e-20
48.9444918305,2.3449546797000003,4.177309425908939e-21
48.9493857211,2.3449546797000003,1.2574958577141832e-22
48.9542796117,2.3449546797000003,2.137965238490034e-24
48.9591735023,2.3449546797000003,2.0529523796226745e-26
48.9640673929,2.3449546797000003,1.1133745014305902e-28
48.9689612835,2.3449546797000003,3.410262626025492e-31
48.9738551741,2.3449546797000003,5.899545292113305e-34
48.9787490647,2.3449546797000003,5.764125308676811e-37
48.7389484253,2.3498485703,1.8543088375628294e-116
48.7438423159,2.3498485703,3.236599491255095e-111
48.7487362065,2.3498485703,3.998884969602045e-106
48.7536300971,2.3498485703,2.11116785303426e-100
48.7585239877,2.3498485703,1.6863830012216778e-93
48.7634178783,2.3498485703,8.237065463139927e-87
48.7683117689,2.3498485703,2.0887387120953304e-80
48.7732056595,2.3498485703,2.7467665445706787e-74
48.7780995501,2.3498485703,1.8731891617935853e-68
48.7829934407,2.3498485703,6.624662188139595e-63
48.7878873313,2.3498485703,1.214976984459407e-57
48.7927812219,2.3498485703,1.1555655286669704e-52
48.7976751125,2.3498485703,5.699586092409118e-48
48.8025690031,2.3498485703,1.4578548001124004e-43
48.8074628937,2.3498485703,1.9337816608057636e-39
48.8123567843,2.3498485703,1.3302179882400117e-35
48.8172506749,2.3498485703,4.745264321850983e-32
48.8221445655,2.3498485703,8.778497986529712e-29
48.8270384561,2.3498485703,8.421747807494016e-26
48.8319323467,2.3498485703,4.1899270682870326e-23
48.8368262373,2.3498485703,1.0810179563564793e-20
48.8417201279,2.3498485703,1.44637719391193e-18
48.8466140185,2.3498485703,1.0035810121740534e-16
48.8515079091,2.3498485703,3.6111499238461106e-15
48.8564017997,2.3498485703,6.738462501952339e-14
48.8612956903,2.3498485703,6.520761644468253e-13
48.8661895809,2.3498485703,3.2723371911158793e-12
48.8710834715,2.3498485703,8.516084930682593e-12
48.8759773621,2.3498485703,1.1493283853933655e-11
48.8808712527,2.3498485703,8.043970969886233e-12
48.8857651433,2.3498485703,2.9195711901863915e-12
48.8906590339,2.3498485703,5.495280398877191e-13
48.8955529245,2.3498485703,5.363926997897753e-14
48.9004468151,2.3498485703,2.715176939207888e-15
48.9053407057,2.3498485703,7.12781670214596e-17
48.9102345963,2.3498485703,9.870669083010316e-19
48.9151284869,2.3498485703,5.3001031213422965e-20
48.9200223775,2.3498485703,7.166717424166759e-20
48.9249162681,2.3498485703,6.281128247270098e-20
48.9298101587,2.3498485703,3.110215901222195e-20
48.9347040493,2.3498485703,8.698170204383165e-21
48.9395979399,2.3498485703,1.3738819755191776e-21
48.9444918305,2.3498485703,1.22561794059652e-22
48.9493857211,2.3498485703,6.175113615197387e-24
48.9542796117,2.3498485703,1.7571909379812992e-25
48.9591735023,2.3498485703,2.8240807897553357e-27
48.9640673929,2.3498485703,2.5634180480228645e-29
48.9689612835,2.3498485703,1.3141529615754051e-31
48.9738551741,2.3498485703,3.8050166185081346e-34
48.9787490647,2.3498485703,6.2223058861988455e-37
48.7389484253,2.3547424609,1.4347835001045758e-123
48.7438423159,2.3547424609,2.1356393804414046e-116
48.7487362065,2.3547424609,7.098357547779361e-109
48.7536300971,2.3547424609,1.236780502215283e-101
48.7585239877,2.3547424609,1.1175570599192592e-94
48.7634178783,2.3547424609,5.23683764819162e-88
48.7683117689,2.3547424609,1.2725965097534862e-81
48.7732056595,2.3547424609,1.6037422049361656e-75
48.7780995501,2.3547424609,1.0480948867047743e-69
48.7829934407,2.3547424609,3.5521300604400184e-64
48.7878873313,2.3547424609,6.2430861629259545e-59
48.7927812219,2.3547424609,5.690258703043411e-54
48.7976751125,2.3547424609,2.689595116939615e-49
48.8025690031,2.3547424609,6.592710670262996e-45
48.8074628937,2.3547424609,8.380372799902149e-41
48.8123567843,2.3547424609,5.52439690984319e-37
48.8172506749,2.3547424609,1.8885505843104106e-33
48.8221445655,2.3547424609,3.348070412240822e-30
48.8270384561,2.3547424609,3.078100228505446e-27
48.8319323467,2.3547424609,1.4675508030219733e-24
48.8368262373,2.3547424609,3.628488447446959e-22
48.8417201279,2.3547424609,4.6524376117362595e-20
48.8466140185,2.3547424609,3.093553167444843e-18
48.8515079091,2.3547424609,1.066735685729817e-16
48.8564017997,2.3547424609,1.907560304459969e-15
48.8612956903,2.3547424609,1.7689760044846863e-14
48.8661895809,2.3547424609,8.507223065907872e-14
48.8710834715,2.3547424609,2.1216606032649246e-13
48.8759773621,2.3547424609,2.744013330145804e-13
48.8808712527,2.3547424609,1.840427587206588e-13
48.8857651433,2.3547424609,6.401377887255205e-14
48.8906590339,2.3547424609,1.1546501308740245e-14
48.8955529245,2.3547424609,1.0800641872584779e-15
48.9004468151,2.3547424609,5.23927188607476e-17
48.9053407057,2.3547424609,1.3179978968377821e-18
48.9102345963,2.3547424609,1.7199037896105216e-20
48.9151284869,2.3547424609,1.3888140500377385e-22
48.9200223775,2.3547424609,5.901641015865582e-23
48.9249162681,2.3547424609,8.600265065714614e-23
48.9298101587,2.3547424609,7.127565590964725e-23
48.9347040493,2.3547424609,3.336249402632519e-23
48.9395979399,2.3547424609,8.819824818151769e-24
48.9444918305,2.3547424609,1.3168780796824256e-24
48.9493857211,2.3547424609,1.1104917524730746e-25
48.9542796117,2.3547424609,5.288947616090328e-27
48.9591735023,2.3547424609,1.4226804156926538e-28
48.9640673929,2.3547424609,2.1613723933865383e-30
48.9689612835,2.3547424609,1.854539151786332e-32
48.9738551741,2.3547424609,8.987244809919839e-35
48.9787490647,2.3547424609,2.459808494172813e-37
48.7389484253,2.3596363515,1.874204344629899e-125
48.7438423159,2.3596363515,1.1636786681684226e-117
48.7487362065,2.3596363515,3.746899048837366e-110
48.7536300971,2.3596363515,6.256524169561336e-103
48.7585239877,2.3596363515,5.417718978482731e-96
48.7634178783,2.3596363515,2.4328875421886052e-89
48.7683117689,2.3596363515,5.665650860773809e-83
48.7732056595,2.3596363515,6.842263493142551e-77
48.7780995501,2.3596363515,4.285208861580894e-71
48.7829934407,2.3596363515,1.3917665905661354e-65
48.7878873313,2.3596363515,2.3441372315239836e-60
48.7927812219,2.3596363515,2.0474903875470517e-55
48.7976751125,2.3596363515,9.274338081257911e-51
48.8025690031,2.3596363515,2.178543259774906e-46
48.8074628937,2.3596363515,2.6538212429888983e-42
48.8123567843,2.3596363515,1.6764837844229937e-38
48.8172506749,2.3596363515,5.492236893525594e-35
48.8221445655,2.3596363515,9.330853659120359e-32
48.8270384561,2.3596363515,8.220830773659121e-29
48.8319323467,2.3596363515,3.7560576676660196e-26
48.8368262373,2.3596363515,8.899610662615818e-24
48.8417201279,2.3596363515,1.0935332101909042e-21
48.8466140185,2.3596363515,6.968112588303465e-20
48.8515079091,2.3596363515,2.3026108915529733e-18
48.8564017997,2.3596363515,3.9459189724398724e-17
48.8612956903,2.3596363515,3.506694921693858e-16
48.8661895809,2.3596363515,1.6161066559303435e-15
48.8710834715,2.3596363515,3.862462415387688e-15
48.8759773621,2.3596363515,4.787190687651828e-15
48.8808712527,2.3596363515,3.0769426428871187e-15
48.8857651433,2.3596363515,1.025605372895825e-15
48.8906590339,2.3596363515,1.7728148750399356e-16
48.8955529245,2.3596363515,1.5891639326878562e-17
48.9004468151,2.3596363515,7.387478427128991e-19
48.9053407057,2.3596363515,1.7809263739340165e-20
48.9102345963,2.3596363515,2.2264807231862074e-22
48.9151284869,2.3596363515,1.4475220850634908e-24
48.9200223775,2.3596363515,2.241148182920378e-26
48.9249162681,2.3596363515,4.313164773910522e-26
48.9298101587,2.3596363515,5.98169067262128e-26
48.9347040493,2.3596363515,4.686203153343704e-26
48.9395979399,2.3596363515,2.0734925907511154e-26
48.9444918305,2.3596363515,5.181649383848801e-27
48.9493857211,2.3596363515,7.313372893780442e-28
48.9542796117,2.3596363515,5.829772023620566e-29
48.9591735023,2.3596363515,2.6246390442995063e-30
48.9640673929,2.3596363515,6.67377802901044e-32
48.9689612835,2.3596363515,9.58424903769054e-34
48.9738551741,2.3596363515,7.773714407110092e-36
48.9787490647,2.3596363515,3.561092315133707e-38
48.7389484253,2.3645302421,7.872106005396528e-127
48.7438423159,2.3645302421,4.6839666891489485e-119
48.7487362065,2.3645302421,1.4453029034026893e-111
48.7536300971,2.3645302421,2.312736557887476e-104
48.7585239877,2.3645302421,1.9191798215796015e-97
48.7634178783,2.3645302421,8.258998460747e-91
48.7683117689,2.3645302421,1.8431526908152394e-84
48.7732056595,2.3645302421,2.1331306558058617e-78
48.7780995501,2.3645302421,1.2802530308934824e-72
48.7829934407,2.3645302421,3.9847068945098534e-67
48.7878873313,2.3645302421,6.431602019244621e-62
48.7927812219,2.3645302421,5.383493060572246e-57
48.7976751125,2.3645302421,2.3368528461203197e-52
48.8025690031,2.3645302421,5.2604244308719486e-48
48.8074628937,2.3645302421,6.140905580144824e-44
48.8123567843,2.3645302421,3.717630879106271e-40
48.8172506749,2.3645302421,1.1671383158841554e-36
48.8221445655,2.3645302421,1.90020562639674e-33
48.8270384561,2.3645302421,1.6043572667108178e-30
48.8319323467,2.3645302421,7.024635348319866e-28
48.8368262373,2.3645302421,1.5950294160679594e-25
48.8417201279,2.3645302421,1.8781739905560696e-23
48.8466140185,2.3645302421,1.1468989634617393e-21
48.8515079091,2.3645302421,3.631923660426128e-20
48.8564017997,2.3645302421,5.964451010071047e-19
48.8612956903,2.3645302421,5.0795641935229245e-18
48.8661895809,2.3645302421,2.2433892968361092e-17
48.8710834715,2.3645302421,5.138129512648327e-17
48.8759773621,2.3645302421,6.102779285752534e-17
48.8808712527,2.3645302421,3.7590014479624134e-17
48.8857651433,2.3645302421,1.2007138926416068e-17
48.8906590339,2.3645302421,1.9889725582184073e-18
48.8955529245,2.3645302421,1.7085994408430555e-19
48.9004468151,2.3645302421,7.611564670137353e-21
48.9053407057,2.3645302421,1.7584492402606343e-22
48.9102345963,2.3645302421,2.106725482672267e-24
48.9151284869,2.3645302421,1.308931884512696e-26
48.9200223775,2.3645302421,4.4098997946108256e-29
48.9249162681,2.3645302421,7.989013907388985e-30
48.9298101587,2.3645302421,1.8383999952731541e-29
48.9347040493,2.3645302421,2.4105475943942423e-29
48.9395979399,2.3645302421,1.7851594447246205e-29
48.9444918305,2.3645302421,7.466592901525007e-30
48.9493857211,2.3645302421,1.7638111900832442e-30
48.9542796117,2.3645302421,2.3532381118243268e-31
48.9591735023,2.3645302421,1.773224865054733e-32
48.9640673929,2.3645302421,7.546505816347018e-34
48.9689612835,2.3645302421,1.813895105803632e-35
48.9738551741,2.3645302421,2.462422587628504e-37
48.9787490647,2.3645302421,1.887979015400933e-39
48.7389484253,2.3694241327,2.416116832213172e-128
48.7438423159,2.3694241327,1.3776755503526398e-120
48.7487362065,2.3694241327,4.0737857454429125e-113
48.7536300971,2.3694241327,6.247001790409937e-106
48.7585239877,2.3694241327,4.967836450246527e-99
48.7634178783,2.3694241327,2.0487320521982448e-92
48.7683117689,2.3694241327,4.381524528956468e-86
48.7732056595,2.3694241327,4.859454786898266e-80
48.7780995501,2.3694241327,2.794937220001341e-74
48.7829934407,2.3694241327,8.336404544597156e-69
48.7878873313,2.3694241327,1.2894595388314497e-63
48.7927812219,2.3694241327,1.0343294011425077e-58
48.7976751125,2.3694241327,4.3026124886512134e-54
48.8025690031,2.3694241327,9.281706047146559e-50
48.8074628937,2.3694241327,1.038354381634354e-45
48.8123567843,2.3694241327,6.024008869785984e-42
48.8172506749,2.3694241327,1.812373980140839e-38
48.8221445655,2.3694241327,2.827692938910501e-35
48.8270384561,2.3694241327,2.2879097510892644e-32
48.8319323467,2.3694241327,9.599922881158394e-30
48.8368262373,2.3694241327,2.088905590849219e-27
48.8417201279,2.3694241327,2.3571764489946984e-25
48.8466140185,2.3694241327,1.3793916332676433e-23
48.8515079091,2.3694241327,4.186058512571366e-22
48.8564017997,2.3694241327,6.587872946722572e-21
48.8612956903,2.3694241327,5.376595299889536e-20
48.8661895809,2.3694241327,2.275577832044323e-19
48.8710834715,2.3694241327,4.994571718916421e-19
48.8759773621,2.3694241327,5.684954931650408e-19
48.8808712527,2.3694241327,3.355660467170386e-19
48.8857651433,2.3694241327,1.0271910105883809e-19
48.8906590339,2.3694241327,1.6305969346936728e-20
48.8955529245,2.3694241327,1.3423452988476701e-21
48.9004468151,2.3694241327,5.730652627202574e-23
48.9053407057,2.3694241327,1.2687210176967768e-24
48.9102345963,2.3694241327,1.4566338503796323e-26
48.9151284869,2.3694241327,8.672751580661844e-29
48.9200223775,2.3694241327,2.6786197667928906e-31
48.9249162681,2.3694241327,9.61272990494285e-34
48.9298101587,2.3694241327,2.0694739390649458e-33
48.9347040493,2.3694241327,4.5409039805858395e-33
48.9395979399,2.3694241327,5.628381560726429e-33
48.9444918305,2.3694241327,3.9401151882608664e-33
48.9493857211,2.3694241327,1.557824267054377e-33
48.9542796117,2.3694241327,3.4786614981217103e-34
48.9591735023,2.3694241327,4.3872262886422805e-35
48.9640673929,2.3694241327,3.125014665561992e-36
48.9689612835,2.3694241327,1.2571822583698252e-37
48.9738551741,2.3694241327,2.8564628923187607e-39
48.9787490647,2.3694241327,3.665583264500256e-41
48.7389484253,2.3743180233,5.4187280351725635e-130
48.7438423159,2.3743180233,2.9609599314225795e-122
48.7487362065,2.3743180233,8.390540142327225e-115
48.7536300971,2.3743180233,1.2330182981151468e-107
48.7585239877,2.3743180233,9.396612913529593e-101
48.7634178783,2.3743180233,3.713602068250558e-94
48.7683117689,2.3743180233,7.610997972530121e-88
48.7732056595,2.3743180233,8.089283582601645e-82
48.7780995501,2.3743180233,4.4586227525526507e-76
48.7829934407,2.3743180233,1.2744230222110053e-70
48.7878873313,2.3743180233,1.8890728301383163e-65
48.7927812219,2.3743180233,1.4521317070180787e-60
48.7976751125,2.3743180233,5.788759780921721e-56
48.8025690031,2.3743180233,1.1967054265998012e-51
48.8074628937,2.3743180233,1.2829543571555645e-47
48.8123567843,2.3743180233,7.132755949929571e-44
48.8172506749,2.3743180233,2.056485901299684e-40
48.8221445655,2.3743180233,3.0747960977503516e-37
48.8270384561,2.3743180233,2.3841255339935896e-34
48.8319323467,2.3743180233,9.58658947252482e-32
48.8368262373,2.3743180233,1.999039399734332e-29
48.8417201279,2.3743180233,2.161726720703797e-27
48.8466140185,2.3743180233,1.2122786058214986e-25
48.8515079091,2.3743180233,3.525545337141959e-24
48.8564017997,2.3743180233,5.317070025910185e-23
48.8612956903,2.3743180233,4.1585379505102025e-22
48.8661895809,2.3743180233,1.6866740816774766e-21
48.8710834715,2.3743180233,3.5476754824997906e-21
48.8759773621,2.3743180233,3.869713521098397e-21
48.8808712527,2.3743180233,2.188950578424286e-21
48.8857651433,2.3743180233,6.421186895177606e-22
48.8906590339,2.3743180233,9.768252521285749e-23
48.8955529245,2.3743180233,7.706206787008247e-24
48.9004468151,2.3743180233,3.152729076766233e-25
48.9053407057,2.3743180233,6.688902395018915e-27
48.9102345963,2.3743180233,7.35944863278348e-29
48.9151284869,2.3743180233,4.19911637687962e-31
48.9200223775,2.3743180233,1.2424907231429948e-33
48.9249162681,2.3743180233,1.919670367216283e-36
48.9298101587,2.3743180233,8.680043279500938e-38
48.9347040493,2.3743180233,3.1325770451657293e-37
48.9395979399,2.3743180233,6.49863352563075e-37
48.9444918305,2.3743180233,7.61425398659325e-37
48.9493857211,2.3743180233,5.0386806232882005e-37
48.9542796117,2.3743180233,1.883174058476532e-37
48.9591735023,2.3743180233,3.9751017873686463e-38
48.9640673929,2.3743180233,4.7390381403181034e-39
48.9689612835,2.3743180233,3.1909229201012278e-40
48.9738551741,2.3743180233,1.2134631221510539e-41
48.9787490647,2.3743180233,2.606279635760733e-43
48.7389484253,2.3792119139,8.88033203037444e-132
48.7438423159,2.3792119139,4.650188266756681e-124
48.7487362065,2.3792119139,1.2627985687486378e-116
48.7536300971,2.3792119139,1.778360645532525e-109
48.7585239877,2.3792119139,1.298756727194608e-102
48.7634178783,2.3792119139,4.918786746804867e-96
48.7683117689,2.3792119139,9.660739939793408e-90
48.7732056595,2.3792119139,9.839771234022017e-84
48.7780995501,2.3792119139,5.197348333879692e-78
48.7829934407,2.3792119139,1.423642226703301e-72
48.7878873313,2.3792119139,2.0222838356437543e-67
48.7927812219,2.3792119139,1.4897231714082906e-62
48.7976751125,2.3792119139,5.6910348927807505e-58
48.8025690031,2.3792119139,1.1274547920730883e-53
48.8074628937,2.3792119139,1.1583218224175247e-49
48.8123567843,2.3792119139,6.1713695449988046e-46
48.8172506749,2.3792119139,1.7051244452005567e-42
48.8221445655,2.3792119139,2.4431651300255285e-39
48.8270384561,2.3792119139,1.8153976755744964e-36
48.8319323467,2.3792119139,6.995406268063001e-34
48.8368262373,2.3792119139,1.3979006977280359e-31
48.8417201279,2.3792119139,1.4486448089974645e-29
48.8466140185,2.3792119139,7.7851990405075285e-28
48.8515079091,2.3792119139,2.169700251957127e-26
48.8564017997,2.3792119139,3.1358261067745117e-25
48.8612956903,2.3792119139,2.350316862675298e-24
48.8661895809,2.3792119139,9.135305481937945e-24
48.8710834715,2.3792119139,1.841373741799843e-23
48.8759773621,2.3792119139,1.9247885653509535e-23
48.8808712527,2.3792119139,1.0433891763430332e-23
48.8857651433,2.3792119139,2.9331335501249975e-24
48.8906590339,2.3792119139,4.276018356100757e-25
48.8955529245,2.3792119139,3.232730474503687e-26
48.9004468151,2.3792119139,1.2674231829614888e-27
48.9053407057,2.3792119139,2.576890765681088e-29
48.9102345963,2.3792119139,2.7170184326703847e-31
48.9151284869,2.3792119139,1.4856324376882883e-33
48.9200223775,2.3792119139,4.2126208759487105e-36
48.9249162681,2.3792119139,6.194751373426963e-39
48.9298101587,2.3792119139,6.011188054655964e-42
48.9347040493,2.3792119139,7.915784894983379e-42
48.9395979399,2.3792119139,2.747847098616459e-41
48.9444918305,2.3792119139,5.388622940692704e-41
48.9493857211,2.3792119139,5.968252568428867e-41
48.9542796117,2.3792119139,3.7333675722478794e-41
48.9591735023,2.3792119139,1.318980781349308e-41
48.9640673929,2.3792119139,2.6318452135085668e-42
48.9689612835,2.3792119139,2.965967438925934e-43
48.9738551741,2.3792119139,1.8878025728942794e-44
48.9787490647,2.3792119139,6.786266767776248e-46
48.7389484253,2.3841058045,1.0634411955377845e-133
48.7438423159,2.3841058045,5.336554730429985e-126
48.7487362065,2.3841058045,1.388771094662716e-118
48.7536300971,2.3841058045,1.8742286943619146e-111
48.7585239877,2.3841058045,1.3117066176775356e-104
48.7634178783,2.3841058045,4.760724497270152e-98
48.7683117689,2.3841058045,8.960486764824836e-92
48.7732056595,2.3841058045,8.746058317063032e-86
48.7780995501,2.3841058045,4.427059387938605e-80
48.7829934407,2.3841058045,1.1620920768751532e-74
48.7878873313,2.3841058045,1.581932488870004e-69
48.7927812219,2.3841058045,1.1167541209719961e-64
48.7976751125,2.3841058045,4.088362490468756e-60
48.8025690031,2.3841058045,7.761817720691526e-56
48.8074628937,2.3841058045,7.641870907247557e-52
48.8123567843,2.3841058045,3.9017385758931526e-48
48.8172506749,2.3841058045,1.0330916491480471e-44
48.8221445655,2.3841058045,1.418540526017881e-41
48.8270384561,2.3841058045,1.0101057823353458e-38
48.8319323467,2.3841058045,3.7300459332518086e-36
48.8368262373,2.3841058045,7.143050419979403e-34
48.8417201279,2.3841058045,7.09374323044353e-32
48.8466140185,2.3841058045,3.653334400214238e-30
48.8515079091,2.3841058045,9.757208852319949e-29
48.8564017997,2.3841058045,1.351400231712287e-27
48.8612956903,2.3841058045,9.706543161272083e-27
48.8661895809,2.3841058045,3.615491992780685e-26
48.8710834715,2.3841058045,6.983810250334318e-26
48.8759773621,2.3841058045,6.9958368255094e-26
48.8808712527,2.3841058045,3.6342025131808323e-26
48.8857651433,2.3841058045,9.790407996790647e-27
48.8906590339,2.3841058045,1.36777502627118e-27
48.8955529245,2.3841058045,9.909477642033168e-29
48.9004468151,2.3841058045,3.723137430994104e-30
48.9053407057,2.3841058045,7.254201016800408e-32
48.9102345963,2.3841058045,7.329803251081565e-34
48.9151284869,2.3841058045,3.840760812198059e-36
48.9200223775,2.3841058045,1.0436729303539104e-38
48.9249162681,2.3841058045,1.4707328792263819e-41
48.9298101587,2.3841058045,1.0755059163877365e-44
48.9347040493,2.3841058045,7.72905909580652e-47
48.9395979399,2.3841058045,4.2549639031358274e-46
48.9444918305,2.3841058045,1.39656202124941e-45
48.9493857211,2.3841058045,2.5888658766767967e-45
48.9542796117,2.3841058045,2.7104601985449547e-45
48.9591735023,2.3841058045,1.6027311463668865e-45
48.9640673929,2.3841058045,5.3525715157792005e-46
48.9689612835,2.3841058045,1.009597902917071e-46
48.9738551741,2.3841058045,1.0755201722748515e-47
48.9787490647,2.3841058045,6.471021462562533e-49
48.7389484253,2.3889996951,9.305724310635468e-136
48.7438423159,2.3889996951,4.4751111425927925e-128
48.7487362065,2.3889996951,1.1160397999653632e-120
48.7536300971,2.3889996951,1.4433702594018936e-113
48.7585239877,2.3889996951,9.680505483829069e-107
48.7634178783,2.3889996951,3.366979957859213e-100
48.7683117689,2.3889996951,6.073027395195126e-94
48.7732056595,2.3889996951,5.680573222211918e-88
48.7780995501,2.3889996951,2.755505595751319e-82
48.7829934407,2.3889996951,6.931586471390741e-77
48.7878873313,2.3889996951,9.042451885662416e-72
48.7927812219,2.3889996951,6.117331008681242e-67
48.7976751125,2.3889996951,2.1461494831143466e-62
48.8025690031,2.3889996951,3.904632532167704e-58
48.8074628937,2.3889996951,3.6840251106150436e-54
48.8123567843,2.3889996951,1.8025495347167066e-50
48.8172506749,2.3889996951,4.573767114503631e-47
48.8221445655,2.3889996951,6.018428426144018e-44
48.8270384561,2.3889996951,4.1069022448192213e-41
48.8319323467,2.3889996951,1.4533420663827895e-38
48.8368262373,2.3889996951,2.6671260171357975e-36
48.8417201279,2.3889996951,2.5382911790336064e-34
48.8466140185,2.3889996951,1.252741769935257e-32
48.8515079091,2.3889996951,3.206298036315818e-31
48.8564017997,2.3889996951,4.2556747921398855e-30
48.8612956903,2.3889996951,2.929241576738885e-29
48.8661895809,2.3889996951,1.045596593513484e-28
48.8710834715,2.3889996951,1.9355096575329657e-28
48.8759773621,2.3889996951,1.8580129587287873e-28
48.8808712527,2.3889996951,9.24962972551512e-29
48.8857651433,2.3889996951,2.3879331788599837e-29
48.8906590339,2.3889996951,3.1969968252209516e-30
48.8955529245,2.3889996951,2.2196497649028687e-31
48.9004468151,2.3889996951,7.991879268104416e-33
48.9053407057,2.3889996951,1.4922293880530495e-34
48.9102345963,2.3889996951,1.444922241326435e-36
48.9151284869,2.3889996951,7.255637496021359e-39
48.9200223775,2.3889996951,1.8894216609741024e-41
48.9249162681,2.3889996951,2.551551958148863e-44
48.9298101587,2.3889996951,1.786909287374324e-47
48.9347040493,2.3889996951,6.737729248973834e-51
48.9395979399,2.3889996951,2.4140680423999752e-51
48.9444918305,2.3889996951,1.3254845153456302e-50
48.9493857211,2.3889996951,4.1124809975684787e-50
48.9542796117,2.3889996951,7.206382554944628e-50
48.9591735023,2.3889996951,7.132058248604555e-50
48.9640673929,2.3889996951,3.9865444341926487e-50
48.9689612835,2.3889996951,1.2585268810281683e-50
48.9738551741,2.3889996951,2.2439467284162412e-51
48.9787490647,2.3889996951,2.259678992977982e-52
48.7389484253,2.3938935857,5.950306137912432e-138
48.7438423159,2.3938935857,2.7421998957757916e-130
48.7487362065,2.3938935857,6.553617988623406e-123
48.7536300971,2.3938935857,8.122418239858083e-116
48.7585239877,2.3938935857,5.220496239005194e-109
48.7634178783,2.3938935857,1.7400448363700269e-102
48.7683117689,2.3938935857,3.0076777562629076e-96
48.7732056595,2.3938935857,2.6960278978524505e-90
48.7780995501,2.3938935857,1.2532556547338699e-84
48.7829934407,2.3938935857,3.021184005754507e-79
48.7878873313,2.3938935857,3.776912241861524e-74
48.7927812219,2.3938935857,2.4486055191223346e-69
48.7976751125,2.3938935857,8.232333716256567e-65
48.8025690031,2.3938935857,1.435321939991759e-60
48.8074628937,2.3938935857,1.2977704845453047e-56
48.8123567843,2.3938935857,6.085113385986345e-53
48.8172506749,2.3938935857,1.4796591031840518e-49
48.8221445655,2.3938935857,1.8658506525049825e-46
48.8270384561,2.3938935857,1.2201530228799166e-43
48.8319323467,2.3938935857,4.1378422974604226e-41
48.8368262373,2.3938935857,7.277057093030935e-39
48.8417201279,2.3938935857,6.636817000445002e-37
48.8466140185,2.3938935857,3.1389624211792965e-35
48.8515079091,2.3938935857,7.699005026340689e-34
48.8564017997,2.3938935857,9.792764327201427e-33
48.8612956903,2.3938935857,6.459489783434916e-32
48.8661895809,2.3938935857,2.209598373275795e-31
48.8710834715,2.3938935857,3.9196806084638414e-31
48.8759773621,2.3938935857,3.6058713862377607e-31
48.8808712527,2.3938935857,1.720251706229683e-31
48.8857651433,2.3938935857,4.255944690311289e-32
48.8906590339,2.3938935857,5.460371187331857e-33
48.8955529245,2.3938935857,3.6330432706091183e-34
48.9004468151,2.3938935857,1.2535486330153786e-35
48.9053407057,2.3938935857,2.2430245027622996e-37
48.9102345963,2.3938935857,2.0813689003968494e-39
48.9151284869,2.3938935857,1.001581553530913e-41
48.9200223775,2.3938935857,2.4994576738142295e-44
48.9249162681,2.3938935857,3.23465129383492e-47
48.9298101587,2.3938935857,2.170857742317614e-50
48.9347040493,2.3938935857,7.555707986244477e-54
48.9395979399,2.3938935857,6.374332035493764e-57
48.9444918305,2.3938935857,4.607043156311357e-56
48.9493857211,2.3938935857,2.392380493666153e-55
48.9542796117,2.3938935857,7.01654940434485e-55
48.9591735023,2.3938935857,1.1622540858355227e-54
48.9640673929,2.3938935857,1.0873334161718731e-54
48.9689612835,2.3938935857,5.745244926569733e-55
48.9738551741,2.3938935857,1.7145040687658858e-55
48.9787490647,2.3938935857,2.8896992927031865e-56
48.7389484253,2.3987874763,2.780230893598224e-140
48.7438423159,2.3987874763,1.2278542573349792e-132
48.7487362065,2.3987874763,2.812127380718191e-125
48.7536300971,2.3987874763,3.339991569804015e-118
48.7585239877,2.3987874763,2.0572068669961327e-111
48.7634178783,2.3987874763,6.571019758376081e-105
48.7683117689,2.3987874763,1.0884532835944302e-98
48.7732056595,2.3987874763,9.349944386449338e-93
48.7780995501,2.3987874763,4.165148352898513e-87
48.7829934407,2.3987874763,9.622194569819832e-82
48.7878873313,2.3987874763,1.1527629440195542e-76
48.7927812219,2.3987874763,7.161897373698466e-72
48.7976751125,2.3987874763,2.307482375494113e-67
48.8025690031,2.3987874763,3.855412975730479e-63
48.8074628937,2.3987874763,3.3406088695183996e-59
48.8123567843,2.3987874763,1.5010756087125344e-55
48.8172506749,2.3987874763,3.4978543319003534e-52
48.8221445655,2.3987874763,4.226910805612713e-49
48.8270384561,2.3987874763,2.6489066950089977e-46
48.8319323467,2.3987874763,8.608598467205388e-44
48.8368262373,2.3987874763,1.4508431207743603e-41
48.8417201279,2.3987874763,1.2680333367261838e-39
48.8466140185,2.3987874763,5.747289858709584e-38
48.8515079091,2.3987874763,1.3508830220234089e-36
48.8564017997,2.3987874763,1.6466245991863724e-35
48.8612956903,2.3987874763,1.0408632325819283e-34
48.8661895809,2.3987874763,3.4120465656524856e-34
48.8710834715,2.3987874763,5.800406683906997e-34
48.8759773621,2.3987874763,5.113569372845483e-34
48.8808712527,2.3987874763,2.337825400963283e-34
48.8857651433,2.3987874763,5.542710644138957e-35
48.8906590339,2.3987874763,6.814822583256909e-36
48.8955529245,2.3987874763,4.34519342729423e-37
48.9004468151,2.3987874763,1.4367654865957723e-38
48.9053407057,2.3987874763,2.463683262819691e-40
48.9102345963,2.3987874763,2.190816848788699e-42
48.9151284869,2.3987874763,1.0102979795849426e-44
48.9200223775,2.3987874763,2.416101137110451e-47
48.9249162681,2.3987874763,2.9964217999031207e-50
48.9298101587,2.3987874763,1.9271388178969796e-53
48.9347040493,2.3987874763,6.427547180882907e-57
48.9395979399,2.3987874763,1.1155416753130888e-60
48.9444918305,2.3987874763,5.8740465855353185e-62
48.9493857211,2.3987874763,5.096694478765584e-61
48.9542796117,2.3987874763,2.501853395900879e-60
48.9591735023,2.3987874763,6.936162786820792e-60
48.9640673929,2.3987874763,1.0860775996657222e-59
48.9689612835,2.3987874763,9.604761720055687e-60
48.9738551741,2.3987874763,4.79729574880619e-60
48.9787490647,2.3987874763,1.3532889961846687e-60
48.7389484253,2.4036813669,9.49237409696882e-143
48.7438423159,2.4036813669,4.0174174070960496e-135
48.7487362065,2.4036813669,8.817414994863396e-128
48.7536300971,2.4036813669,1.0035934519419257e-120
48.7585239877,2.4036813669,5.923747925953264e-114
48.7634178783,2.4036813669,1.813249361861632e-107
48.7683117689,2.4036813669,2.878330833385424e-101
48.7732056595,2.4036813669,2.3694420947465915e-95
48.7780995501,2.4036813669,1.01151820275666e-89
48.7829934407,2.4036813669,2.2393579471379908e-84
48.7878873313,2.4036813669,2.5709613464933358e-79
48.7927812219,2.4036813669,1.5306989671550785e-74
48.7976751125,2.4036813669,4.726136319260288e-70
48.8025690031,2.4036813669,7.567369010543288e-66
48.8074628937,2.4036813669,6.283560388205345e-62
48.8123567843,2.4036813669,2.705757602306113e-58
48.8172506749,2.4036813669,6.042187450231894e-55
48.8221445655,2.4036813669,6.997158548958953e-52
48.8270384561,2.4036813669,4.2021490039226495e-49
48.8319323467,2.4036813669,1.3087099197652006e-46
48.8368262373,2.4036813669,2.113671802133229e-44
48.8417201279,2.4036813669,1.7703287651807036e-42
48.8466140185,2.4036813669,7.689401029665981e-41
48.8515079091,2.4036813669,1.7320216247517815e-39
48.8564017997,2.4036813669,2.023188377812133e-38
48.8612956903,2.4036813669,1.2255796640507447e-37
48.8661895809,2.4036813669,3.850073174359313e-37
48.8710834715,2.4036813669,6.272181749730099e-37
48.8759773621,2.4036813669,5.298958255268165e-37
48.8808712527,2.4036813669,2.3215849245939796e-37
48.8857651433,2.4036813669,5.274737660105935e-38
48.8906590339,2.4036813669,6.214974737642964e-39
48.8955529245,2.4036813669,3.797520120744562e-40
48.9004468151,2.4036813669,1.203325202204568e-41
48.9053407057,2.4036813669,1.977370972964803e-43
48.9102345963,2.4036813669,1.6850605441050344e-45
48.9151284869,2.4036813669,7.446720913660134e-48
48.9200223775,2.4036813669,1.706620110340317e-50
48.9249162681,2.4036813669,2.0282937533599073e-53
48.9298101587,2.4036813669,1.2501066354898528e-56
48.9347040493,2.4036813669,3.9956319822742425e-60
48.9395979399,2.4036813669,6.62287883856162e-64
48.9444918305,2.4036813669,8.426282059039179e-68
48.9493857211,2.4036813669,3.9763234798928484e-67
48.9542796117,2.4036813669,3.266872028696249e-66
48.9591735023,2.4036813669,1.5158962136585025e-65
48.9640673929,2.4036813669,3.972747594109367e-65
48.9689612835,2.4036813669,5.880261471090473e-65
48.9738551741,2.4036813669,4.915712350505853e-65
48.9787490647,2.4036813669,2.3209214634866985e-65
48.7389484253,2.4085752575,2.368215680969123e-145
48.7438423159,2.4085752575,9.605047563447128e-138
48.7487362065,2.4085752575,2.020226205128104e-130
48.7536300971,2.4085752575,2.2035489054423227e-123
48.7585239877,2.4085752575,1.2464291584911776e-116
48.7634178783,2.4085752575,3.656240202868919e-110
48.7683117689,2.4085752575,5.561911219936503e-104
48.7732056595,2.4085752575,4.3876865835333586e-98
48.7780995501,2.4085752575,1.7950202679592446e-92
48.7829934407,2.4085752575,3.8082489269483198e-87
48.7878873313,2.4085752575,4.189898604539235e-82
48.7927812219,2.4085752575,2.3905834635057737e-77
48.7976751125,2.4085752575,7.073372374033006e-73
48.8025690031,2.4085752575,1.0853538367225849e-68
48.8074628937,2.4085752575,8.63651203998065e-65
48.8123567843,2.4085752575,3.5639174235647546e-61
48.8172506749,2.4085752575,7.626742715048555e-58
48.8221445655,2.4085752575,8.463943819413323e-55
48.8270384561,2.4085752575,4.871118122770468e-52
48.8319323467,2.4085752575,1.4538070259806533e-49
48.8368262373,2.4085752575,2.2501272472570106e-47
48.8417201279,2.4085752575,1.806049324189803e-45
48.8466140185,2.4085752575,7.517515778521101e-44
48.8515079091,2.4085752575,1.622711457936695e-42
48.8564017997,2.4085752575,1.8164793711821865e-41
48.8612956903,2.4085752575,1.0544885069817694e-40
48.8661895809,2.4085752575,3.174500824514843e-40
48.8710834715,2.4085752575,4.9559994647724515e-40
48.8759773621,2.4085752575,4.012446644684679e-40
48.8808712527,2.4085752575,1.6846492894654154e-40
48.8857651433,2.4085752575,3.668022144030607e-41
48.8906590339,2.4085752575,4.141680637324947e-42
48.8955529245,2.4085752575,2.4251772159445175e-43
48.9004468151,2.4085752575,7.364318521636859e-45
48.9053407057,2.4085752575,1.1596952071047252e-46
48.9102345963,2.4085752575,9.470597363414536e-49
48.9151284869,2.4085752575,4.0108193107794665e-51
48.9200223775,2.4085752575,8.808684077272936e-54
48.9249162681,2.4085752575,1.0032546571901522e-56
48.9298101587,2.4085752575,5.925616590764553e-60
48.9347040493,2.4085752575,1.8150062455477056e-63
48.9395979399,2.4085752575,2.88300179793494e-67
48.9444918305,2.4085752575,2.375304202785706e-71
48.9493857211,2.4085752575,1.1462048435591464e-73
48.9542796117,2.4085752575,1.5621919276415176e-72
48.9591735023,2.4085752575,1.213253784466888e-71
48.9640673929,2.4085752575,5.321733050426842e-71
48.9689612835,2.4085752575,1.3183741406024614e-70
48.9738551741,2.4085752575,1.844626424115792e-70
48.9787490647,2.4085752575,1.457680468149224e-70
48.7389484253,2.4134691481,4.317378113022427e-148
48.7438423159,2.4134691481,1.6780484995183987e-140
48.7487362065,2.4134691481,3.3822923638666633e-133
48.7536300971,2.4134691481,3.5354116970970636e-126
48.7585239877,2.4134691481,1.9164215988410025e-119
48.7634178783,2.4134691481,5.387215298330318e-113
48.7683117689,2.4134691481,7.853438024367609e-107
48.7732056595,2.4134691481,5.937143178720439e-101
48.7780995501,2.4134691481,2.327648710158047e-95
48.7829934407,2.4134691481,4.7323795026411315e-90
48.7878873313,2.4134691481,4.989579024438228e-85
48.7927812219,2.4134691481,2.7281639073947285e-80
48.7976751125,2.4134691481,7.73569299860377e-76
48.8025690031,2.4134691481,1.1374968579158392e-71
48.8074628937,2.4134691481,8.674079506495914e-68
48.8123567843,2.4134691481,3.4301949600984666e-64
48.8172506749,2.4134691481,7.034551662324017e-61
48.8221445655,2.4134691481,7.481285964076104e-58
48.8270384561,2.4134691481,4.1260862360086575e-55
48.8319323467,2.4134691481,1.1801101853033762e-52
48.8368262373,2.4134691481,1.7503666492156741e-50
48.8417201279,2.4134691481,1.3463491920874431e-48
48.8466140185,2.4134691481,5.370424449162011e-47
48.8515079091,2.4134691481,1.1109172787023768e-45
48.8564017997,2.4134691481,1.1917277301334847e-44
48.8612956903,2.4134691481,6.629710758669311e-44
48.8661895809,2.4134691481,1.9126448298693142e-43
48.8710834715,2.4134691481,2.8615167561584377e-43
48.8759773621,2.4134691481,2.2201405488498824e-43
48.8808712527,2.4134691481,8.932784511439607e-44
48.8857651433,2.4134691481,1.8638693173600455e-44
48.8906590339,2.4134691481,2.0168159802217747e-45
48.8955529245,2.4134691481,1.1317208094975537e-46
48.9004468151,2.4134691481,3.293324631340977e-48
48.9053407057,2.4134691481,4.969949732265973e-50
48.9102345963,2.4134691481,3.88948107806358e-52
48.9151284869,2.4134691481,1.5785325547317504e-54
48.9200223775,2.4134691481,3.322290741617226e-57
48.9249162681,2.4134691481,3.626134776413615e-60
48.9298101587,2.4134691481,2.0524494092398525e-63
48.9347040493,2.4134691481,6.024530302018102e-67
48.9395979399,2.4134691481,9.170565946800645e-71
48.9444918305,2.4134691481,7.239212314809894e-75
48.9493857211,2.4134691481,3.082390934354534e-79
48.9542796117,2.4134691481,2.735763977179089e-79
48.9591735023,2.4134691481,3.5560334424280234e-78
48.9640673929,2.4134691481,2.6106412347901613e-77
48.9689612835,2.4134691481,1.082462125052145e-76
48.9738551741,2.4134691481,2.5349090679322884e-76
48.9787490647,2.4134691481,3.3527117756397155e-76
48.7389484253,2.4183630387,5.751370491167286e-151
48.7438423159,2.4183630387,2.1422094164863776e-143
48.7487362065,2.4183630387,4.137849743572886e-136
48.7536300971,2.4183630387,4.14485862016102e-129
48.7585239877,2.4183630387,2.1531135784544612e-122
48.7634178783,2.4183630387,5.800245437858233e-116
48.7683117689,2.4183630387,8.103040611960792e-110
48.7732056595,2.4183630387,5.870456483059376e-104
48.7780995501,2.4183630387,2.2055552603501313e-98
48.7829934407,2.4183630387,4.297206530681914e-93
48.7878873313,2.4183630387,4.341869076085239e-88
48.7927812219,2.4183630387,2.2750420767977433e-83
48.7976751125,2.4183630387,6.181933884881457e-79
48.8025690031,2.4183630387,8.711270343837785e-75
48.8074628937,2.4183630387,6.365915074410523e-71
48.8123567843,2.4183630387,2.412472671645572e-67
48.8172506749,2.4183630387,4.741177091082834e-64
48.8221445655,2.4183630387,4.832058296353286e-61
48.8270384561,2.4183630387,2.553879289038292e-58
48.8319323467,2.4183630387,6.999882986497436e-56
48.8368262373,2.4183630387,9.949549276603853e-54
48.8417201279,2.4183630387,7.33395510997991e-52
48.8466140185,2.4183630387,2.8034660460863953e-50
48.8515079091,2.4183630387,5.557437237981638e-49
48.8564017997,2.4183630387,5.71315551613711e-48
48.8612956903,2.4183630387,3.045788470251003e-47
48.8661895809,2.4183630387,8.420650527127828e-47
48.8710834715,2.4183630387,1.2072960009917145e-46
48.8759773621,2.4183630387,8.976439198175186e-47
48.8808712527,2.4183630387,3.4611198495593885e-47
48.8857651433,2.4183630387,6.920721860795925e-48
48.8906590339,2.4183630387,7.17642856475265e-49
48.8955529245,2.4183630387,3.859113482810212e-50
48.9004468151,2.4183630387,1.0761899857715226e-51
48.9053407057,2.4183630387,1.5563689439750883e-53
48.9102345963,2.4183630387,1.1672352081553391e-55
48.9151284869,2.4183630387,4.5396922732677924e-58
48.9200223775,2.4183630387,9.15622937435426e-61
48.9249162681,2.4183630387,9.576992022309907e-64
48.9298101587,2.4183630387,5.194739819356491e-67
48.9347040493,2.4183630387,1.4612370948306592e-70
48.9395979399,2.4183630387,2.1315709345751506e-74
48.9444918305,2.4183630387,1.6125051257569804e-78
48.9493857211,2.4183630387,6.325979173361036e-83
48.9542796117,2.4183630387,1.883122914381442e-86
48.9591735023,2.4183630387,3.816910964134074e-85
48.9640673929,2.4183630387,4.690004901125372e-84
48.9689612835,2.4183630387,3.2547582650283214e-83
48.9738551741,2.4183630387,1.2756993663553048e-82
48.9787490647,2.4183630387,2.8239831461690177e-82
48.7389484253,2.4232569293,5.598543156604324e-154
48.7438423159,2.4232569293,1.9983509688681483e-146
48.7487362065,2.4232569293,3.699054359390427e-139
48.7536300971,2.4232569293,3.5508463051676134e-132
48.7585239877,2.4232569293,1.7676458132293559e-125
48.7634178783,2.4232569293,4.56331907232728e-119
48.7683117689,2.4232569293,6.109260395621373e-113
48.7732056595,2.4232569293,4.241491977204647e-107
48.7780995501,2.4232569293,1.5271119523069477e-101
48.7829934407,2.4232569293,2.8513157677404277e-96
48.7878873313,2.4232569293,2.7608446387479436e-91
48.7927812219,2.4232569293,1.3863115251758811e-86
48.7976751125,2.4232569293,3.609956032015425e-82
48.8025690031,2.4232569293,4.87489430546498e-78
48.8074628937,2.4232569293,3.4138993170062445e-74
48.8123567843,2.4232569293,1.2398193965647271e-70
48.8172506749,2.4232569293,2.3350079161555758e-67
48.8221445655,2.4232569293,2.2805547402060804e-64
48.8270384561,2.4232569293,1.1550874305483944e-61
48.8319323467,2.4232569293,3.033971018167381e-59
48.8368262373,2.4232569293,4.132665083022736e-57
48.8417201279,2.4232569293,2.9192494489247515e-55
48.8466140185,2.4232569293,1.0693858074163833e-53
48.8515079091,2.4232569293,2.031514086601622e-52
48.8564017997,2.4232569293,2.0013704042238087e-51
48.8612956903,2.4232569293,1.0224858850148696e-50
48.8661895809,2.4232569293,2.7090023559632005e-50
48.8710834715,2.4232569293,3.7220624623930424e-50
48.8759773621,2.4232569293,2.652040453513102e-50
48.8808712527,2.4232569293,9.799385545052485e-51
48.8857651433,2.4232569293,1.877758593750454e-51
48.8906590339,2.4232569293,1.865962384881035e-52
48.8955529245,2.4232569293,9.61586205031069e-54
48.9004468151,2.4232569293,2.569779006544848e-55
48.9053407057,2.4232569293,3.561439265175709e-57
48.9102345963,2.4232569293,2.5596319423633797e-59
48.9151284869,2.4232569293,9.54007333032341e-62
48.9200223775,2.4232569293,1.8439456567225505e-64
48.9249162681,2.4232569293,1.8482756227525872e-67
48.9298101587,2.4232569293,9.607437467689679e-71
48.9347040493,2.4232569293,2.5898261419084538e-74
48.9395979399,2.4232569293,3.6203942572488907e-78
48.9444918305,2.4232569293,2.6246012863869832e-82
48.9493857211,2.4232569293,9.867179315999342e-87
48.9542796117,2.4232569293,1.927853879084895e-91
48.9591735023,2.4232569293,1.5005362229507098e-92
48.9640673929,2.4232569293,3.085541523040659e-91
48.9689612835,2.4232569293,3.583907259869206e-90
48.9738551741,2.4232569293,2.351073953187485e-89
48.9787490647,2.4232569293,8.710838793707833e-89
48.7389484253,2.4281508199,3.9822740341529975e-157
48.7438423159,2.4281508199,1.3621785367321834e-149
48.7487362065,2.4281508199,2.4163460856791363e-142
48.7536300971,2.4281508199,2.2228310471882685e-135
48.7585239877,2.4281508199,1.0604152975684045e-128
48.7634178783,2.4281508199,2.6234194097756814e-122
48.7683117689,2.4281508199,3.3657486761110956e-116
48.7732056595,2.4281508199,2.239328734558553e-110
48.7780995501,2.4281508199,7.726383048405387e-105
48.7829934407,2.4281508199,1.3824735487498975e-99
48.7878873313,2.4281508199,1.282802031387417e-94
48.7927812219,2.4281508199,6.172834886622862e-90
48.7976751125,2.4281508199,1.5403942717683576e-85
48.8025690031,2.4281508199,1.9934316186091262e-81
48.8074628937,2.4281508199,1.3378055800944978e-77
48.8123567843,2.4281508199,4.655934658074375e-74
48.8172506749,2.4281508199,8.403166397816075e-71
48.8221445655,2.4281508199,7.865045930597226e-68
48.8270384561,2.4281508199,3.817523999186823e-65
48.8319323467,2.4281508199,9.609139578194238e-63
48.8368262373,2.4281508199,1.254323158455557e-60
48.8417201279,2.4281508199,8.490956043668687e-59
48.8466140185,2.4281508199,2.980752779437867e-57
48.8515079091,2.4281508199,5.426471614848174e-56
48.8564017997,2.4281508199,5.123082229352227e-55
48.8612956903,2.4281508199,2.50822984308039e-54
48.8661895809,2.4281508199,6.368329823866669e-54
48.8710834715,2.4281508199,8.385056208115182e-54
48.8759773621,2.4281508199,5.725436752003104e-54
48.8808712527,2.4281508199,2.0273721568130668e-54
48.8857651433,2.4281508199,3.722892938387314e-55
48.8906590339,2.4281508199,3.545274194472278e-56
48.8955529245,2.4281508199,1.7508192983637537e-57
48.9004468151,2.4281508199,4.483890863573806e-59
48.9053407057,2.4281508199,5.955126002569186e-61
48.9102345963,2.4281508199,4.101560194173483e-63
48.9151284869,2.4281508199,1.4649723816532225e-65
48.9200223775,2.4281508199,2.713513570938567e-68
48.9249162681,2.4281508199,2.606494252827583e-71
48.9298101587,2.4281508199,1.2983858039917011e-74
48.9347040493,2.4281508199,3.3540764573407763e-78
48.9395979399,2.4281508199,4.4932891930036567e-82
48.9444918305,2.4281508199,3.1216053551048077e-86
48.9493857211,2.4281508199,1.1246408029726666e-90
48.9542796117,2.4281508199,2.1012221067131874e-95
48.9591735023,2.4281508199,4.19561433931326e-100
48.9640673929,2.4281508199,7.433982750797944e-99
48.9689612835,2.4281508199,1.4451961065865936e-97
48.9738551741,2.4281508199,1.5867782386012018e-96
48.9787490647,2.4281508199,9.8398810427159e-96
48.7389484253,2.4330447105,2.0698538425382764e-160
48.7438423159,2.4330447105,6.784982421296664e-153
48.7487362065,2.4330447105,1.1534001053864755e-145
48.7536300971,2.4330447105,1.016795135318952e-138
48.7585239877,2.4330447105,4.648460509100334e-132
48.7634178783,2.4330447105,1.1020645808003488e-125
48.7683117689,2.4330447105,1.3549621291992162e-119
48.7732056595,2.4330447105,8.639119514930741e-114
48.7780995501,2.4330447105,2.8564986317228002e-108
48.7829934407,2.4330447105,4.898022452904335e-103
48.7878873313,2.4330447105,4.3554169400480964e-98
48.7927812219,2.4330447105,2.008449485692491e-93
48.7976751125,2.4330447105,4.803018989788862e-89
48.8025690031,2.4330447105,5.956483007410901e-85
48.8074628937,2.4330447105,3.8307845190040795e-81
48.8123567843,2.4330447105,1.2776378027623208e-77
48.8172506749,2.4330447105,2.2097848705867177e-74
48.8221445655,2.4330447105,1.982049294866802e-71
48.8270384561,2.4330447105,9.21936735382283e-69
48.8319323467,2.4330447105,2.2238731013617517e-66
48.8368262373,2.4330447105,2.7818973237176504e-64
48.8417201279,2.4330447105,1.8046558951413516e-62
48.8466140185,2.4330447105,6.0711354934720926e-61
48.8515079091,2.4330447105,1.059174848547944e-59
48.8564017997,2.4330447105,9.582693693056931e-59
48.8612956903,2.4330447105,4.4960358587063466e-58
48.8661895809,2.4330447105,1.093941603990671e-57
48.8710834715,2.4330447105,1.3803230030053414e-57
48.8759773621,2.4330447105,9.032116376056046e-58
48.8808712527,2.4330447105,3.0649298363592003e-58
48.8857651433,2.4330447105,5.3935382396041035e-59
48.8906590339,2.4330447105,4.9220860334109156e-60
48.8955529245,2.4330447105,2.329414914781963e-61
48.9004468151,2.4330447105,5.716980570618691e-63
48.9053407057,2.4330447105,7.276269793574735e-65
48.9102345963,2.4330447105,4.802563149896039e-67
48.9151284869,2.4330447105,1.6438401654045768e-69
48.9200223775,2.4330447105,2.9178858929620204e-72
48.9249162681,2.4330447105,2.6859581026900447e-75
48.9298101587,2.4330447105,1.282189974122155e-78
48.9347040493,2.4330447105,3.1741520914012085e-82
48.9395979399,2.4330447105,4.0749783075212276e-86
48.9444918305,2.4330447105,2.712970572527534e-90
48.9493857211,2.4330447105,9.366710075831151e-95
48.9542796117,2.4330447105,1.6770703692281277e-99
48.9591735023,2.4330447105,1.5572898713546816e-104
48.9640673929,2.4330447105,6.566587845915052e-107
48.9689612835,2.4330447105,2.1341689560218352e-105
48.9738551741,2.4330447105,3.921915000880904e-104
48.9787490647,2.4330447105,4.070537079195926e-103
48.7389484253,2.4379386011,7.861413569694856e-164
48.7438423159,2.4379386011,2.4695387595439176e-156
48.7487362065,2.4379386011,4.023029921504019e-149
48.7536300971,2.4379386011,3.398700469870351e-142
48.7585239877,2.4379386011,1.4890001225542833e-135
48.7634178783,2.4379386011,3.382975000701977e-129
48.7683117689,2.4379386011,3.985887681235644e-123
48.7732056595,2.4379386011,2.435418145996685e-117
48.7780995501,2.4379386011,7.716924152576839e-112
48.7829934407,2.4379386011,1.2680522204903444e-106
48.7878873313,2.4379386011,1.0805683904581707e-101
48.7927812219,2.4379386011,4.775178300705593e-97
48.7976751125,2.4379386011,1.0943321003505747e-92
48.8025690031,2.4379386011,1.3005615132643373e-88
48.8074628937,2.4379386011,8.015578476994402e-85
48.8123567843,2.4379386011,2.5618934062570883e-81
48.8172506749,2.4379386011,4.246288078473171e-78
48.8221445655,2.4379386011,3.6498924375262726e-75
48.8270384561,2.4379386011,1.626945071215459e-72
48.8319323467,2.4379386011,3.7608665929237714e-70
48.8368262373,2.4379386011,4.508428421110428e-68
48.8417201279,2.4379386011,2.802751816078207e-66
48.8466140185,2.4379386011,9.035793962891593e-65
48.8515079091,2.4379386011,1.5106721027876118e-63
48.8564017997,2.4379386011,1.3097738403138785e-62
48.8612956903,2.4379386011,5.889041680190515e-62
48.8661895809,2.4379386011,1.3731410705713485e-61
48.8710834715,2.4379386011,1.6603815507443488e-61
48.8759773621,2.4379386011,1.0411728965023931e-61
48.8808712527,2.4379386011,3.385790033709856e-62
48.8857651433,2.4379386011,5.70978037354302e-63
48.8906590339,2.4379386011,4.99345335818663e-64
48.8955529245,2.4379386011,2.264669363183929e-65
48.9004468151,2.4379386011,5.326363788258208e-67
48.9053407057,2.4379386011,6.496494252947008e-69
48.9102345963,2.4379386011,4.109126440523191e-71
48.9151284869,2.4379386011,1.3478518666896742e-73
48.9200223775,2.4379386011,2.2927517676478027e-76
48.9249162681,2.4379386011,2.0225260429532342e-79
48.9298101587,2.4379386011,9.252379146115141e-83
48.9347040493,2.4379386011,2.1950020628223004e-86
48.9395979399,2.4379386011,2.7004656500017446e-90
48.9444918305,2.4379386011,1.722917947942405e-94
48.9493857211,2.4379386011,5.700497321311528e-99
48.9542796117,2.4379386011,9.780996640970903e-104
48.9591735023,2.4379386011,8.703134349438681e-109
48.9640673929,2.4379386011,4.2279027042703704e-114
48.9689612835,2.4379386011,1.1541524310606074e-113
48.9738551741,2.4379386011,3.549867258848912e-112
48.9787490647,2.4379386011,6.166597146482407e-111
48.7389484253,2.4428324917,2.1817954631554992e-167
48.7438423159,2.4428324917,6.568034011464707e-160
48.7487362065,2.4428324917,1.0253661231735427e-152
48.7536300971,2.4428324917,8.301274014012399e-146
48.7585239877,2.4428324917,3.4852404626437316e-139
48.7634178783,2.4428324917,7.58827319901121e-133
48.7683117689,2.4428324917,8.567919595112965e-127
48.7732056595,2.4428324917,5.016837328752247e-121
48.7780995501,2.4428324917,1.523375158289181e-115
48.7829934407,2.4428324917,2.3988656865994256e-110
48.7878873313,2.4428324917,1.958967398585999e-105
48.7927812219,2.4428324917,8.296037330821756e-101
48.7976751125,2.4428324917,1.8219497711728674e-96
48.8025690031,2.4428324917,2.0750296902209492e-92
48.8074628937,2.4428324917,1.2255596204066143e-88
48.8123567843,2.4428324917,3.7537624429098865e-85
48.8172506749,2.4428324917,5.962403171261571e-82
48.8221445655,2.4428324917,4.911318585253549e-79
48.8270384561,2.4428324917,2.097959437485587e-76
48.8319323467,2.4428324917,4.6474880390112525e-74
48.8368262373,2.4428324917,5.339021716115055e-72
48.8417201279,2.4428324917,3.18073367582354e-70
48.8466140185,2.4428324917,9.826868390534705e-69
48.8515079091,2.4428324917,1.5744366304996738e-67
48.8564017997,2.4428324917,1.3081496947169848e-66
48.8612956903,2.4428324917,5.636531209427346e-66
48.8661895809,2.4428324917,1.259472243619604e-65
48.8710834715,2.4428324917,1.459444213108897e-65
48.8759773621,2.4428324917,8.770182077214894e-66
48.8808712527,2.4428324917,2.7330774181196793e-66
48.8857651433,2.4428324917,4.416899024800431e-67
48.8906590339,2.4428324917,3.7017341118905196e-68
48.8955529245,2.4428324917,1.6088486269583147e-69
48.9004468151,2.4428324917,3.62616331904781e-71
48.9053407057,2.4428324917,4.2383981333461805e-73
48.9102345963,2.4428324917,2.5690842815359777e-75
48.9151284869,2.4428324917,8.075644032185753e-78
48.9200223775,2.4428324917,1.3164312880251882e-80
48.9249162681,2.4428324917,1.1128623178515095e-83
48.9298101587,2.4428324917,4.878731210618312e-87
48.9347040493,2.4428324917,1.1091609198371863e-90
48.9395979399,2.4428324917,1.3076889075110665e-94
48.9444918305,2.4428324917,7.995332575897967e-99
48.9493857211,2.4428324917,2.535075161949066e-103
48.9542796117,2.4428324917,4.168380541638251e-108
48.9591735023,2.4428324917,3.5543983014093575e-113
48.9640673929,2.4428324917,1.5717654261391955e-118
48.9689612835,2.4428324917,2.32179422632812e-122
48.9738551741,2.4428324917,1.1766791169707624e-120
48.9787490647,2.4428324917,3.4211446379839466e-119
48.7389484253,2.4477263823,4.424659456140041e-171
48.7438423159,2.4477263823,1.2764604568603985e-163
48.7487362065,2.4477263823,1.9096645805210595e-156
48.7536300971,2.4477263823,1.4815933969232043e-149
48.7585239877,2.4477263823,5.961055805235919e-143
48.7634178783,2.4477263823,1.2437685022228076e-136
48.7683117689,2.4477263823,1.3457925945199254e-130
48.7732056595,2.4477263823,7.551599118114345e-125
48.7780995501,2.4477263823,2.1974648300760154e-119
48.7829934407,2.4477263823,3.316096437024482e-114
48.7878873313,2.4477263823,2.595102906134453e-109
48.7927812219,2.4477263823,1.0531839428590743e-104
48.7976751125,2.4477263823,2.216542624281237e-100
48.8025690031,2.4477263823,2.4191910014651738e-96
48.8074628937,2.4477263823,1.3692616434702644e-92
48.8123567843,2.4477263823,4.019064165583278e-89
48.8172506749,2.4477263823,6.117664417347619e-86
48.8221445655,2.4477263823,4.82912640637304e-83
48.8270384561,2.4477263823,1.9768499678500472e-80
48.8319323467,2.4477263823,4.1966336578312765e-78
48.8368262373,2.4477263823,4.62009198067652e-76
48.8417201279,2.4477263823,2.637681768245751e-74
48.8466140185,2.4477263823,7.809376947148991e-73
48.8515079091,2.4477263823,1.1990370080940098e-71
48.8564017997,2.4477263823,9.547089687240198e-71
48.8612956903,2.4477263823,3.9421362470624286e-70
48.8661895809,2.4477263823,8.441399823925924e-70
48.8710834715,2.4477263823,9.373882918428604e-70
48.8759773621,2.4477263823,5.39817291324092e-70
48.8808712527,2.4477263823,1.612115938034947e-70
48.8857651433,2.4477263823,2.4967092173154856e-71
48.8906590339,2.4477263823,2.005219275162965e-72
48.8955529245,2.4477263823,8.351759691051906e-74
48.9004468151,2.4477263823,1.803916046572696e-75
48.9053407057,2.4477263823,2.0205838012024457e-77
48.9102345963,2.4477263823,1.173706812071038e-79
48.9151284869,2.4477263823,3.5356119772752076e-82
48.9200223775,2.4477263823,5.523212858370984e-85
48.9249162681,2.4477263823,4.474465647127452e-88
48.9298101587,2.4477263823,1.8798049484901187e-91
48.9347040493,2.4477263823,4.095496998407942e-95
48.9395979399,2.4477263823,4.627246637170574e-99
48.9444918305,2.4477263823,2.711195893473165e-103
48.9493857211,2.4477263823,8.237991900255729e-108
48.9542796117,2.4477263823,1.2980877043688269e-112
48.9591735023,2.4477263823,1.0607399480989626e-117
48.9640673929,2.4477263823,4.495065523180687e-123
48.9689612835,2.4477263823,9.894948993018551e-129
48.9738551741,2.4477263823,1.4283656458324413e-129
48.9787490647,2.4477263823,6.950711917132439e-128
48.7389484253,2.4526202729,6.556892954088547e-175
48.7438423159,2.4526202729,1.8127243311289274e-167
48.7487362065,2.4526202729,2.5988885014203986e-160
48.7536300971,2.4526202729,1.9322608037730608e-153
48.7585239877,2.4526202729,7.45016779006835e-147
48.7634178783,2.4526202729,1.4896648714831415e-140
48.7683117689,2.4526202729,1.5446614652930997e-134
48.7732056595,2.4526202729,8.306159398261932e-129
48.7780995501,2.4526202729,2.3162712836449707e-123
48.7829934407,2.4526202729,3.3496605452986813e-118
48.7878873313,2.4526202729,2.5120853210264404e-113
48.7927812219,2.4526202729,9.769901535578275e-109
48.7976751125,2.4526202729,1.9704626207432764e-104
48.8025690031,2.4526202729,2.0609546138042444e-100
48.8074628937,2.4526202729,1.1178688848208711e-96
48.8123567843,2.4526202729,3.14438359058657e-93
48.8172506749,2.4526202729,4.586721672048328e-90
48.8221445655,2.4526202729,3.469696329515085e-87
48.8270384561,2.4526202729,1.3611398813499845e-84
48.8319323467,2.4526202729,2.769084855067603e-82
48.8368262373,2.4526202729,2.921406443115059e-80
48.8417201279,2.4526202729,1.5983427454579447e-78
48.8466140185,2.4526202729,4.5349244754122915e-77
48.8515079091,2.4526202729,6.672558902966119e-76
48.8564017997,2.4526202729,5.091397287754194e-75
48.8612956903,2.4526202729,2.014669308874889e-74
48.8661895809,2.4526202729,4.134212228277631e-74
48.8710834715,2.4526202729,4.399506634468551e-74
48.8759773621,2.4526202729,2.427936923112763e-74
48.8808712527,2.4526202729,6.948531578759605e-75
48.8857651433,2.4526202729,1.0312664388519442e-75
48.8906590339,2.4526202729,7.937266208714268e-77
48.8955529245,2.4526202729,3.1680587107047995e-78
48.9004468151,2.4526202729,6.557491093534661e-80
48.9053407057,2.4526202729,7.038893762371573e-82
48.9102345963,2.4526202729,3.918260667064248e-84
48.9151284869,2.4526202729,1.1311089837655152e-86
48.9200223775,2.4526202729,1.693315142090922e-89
48.9249162681,2.4526202729,1.3145991442449867e-92
48.9298101587,2.4526202729,5.292624849695553e-96
48.9347040493,2.4526202729,1.1050224233359429e-99
48.9395979399,2.4526202729,1.196446499245796e-103
48.9444918305,2.4526202729,6.717964255729402e-108
48.9493857211,2.4526202729,1.9561596988830842e-112
48.9542796117,2.4526202729,2.9538819757026684e-117
48.9591735023,2.4526202729,2.3131520622205853e-122
48.9640673929,2.4526202729,9.393716324669698e-128
48.9689612835,2.4526202729,1.9783035093185507e-133
48.9738551741,2.4526202729,8.510174326591703e-139
48.9787490647,2.4526202729,5.171531075942612e-137
48.7389484253,2.4575141635,7.100170249752848e-179
48.7438423159,2.4575141635,1.8810857300613673e-171
48.7487362065,2.4575141635,2.5844648405912066e-164
48.7536300971,2.4575141635,1.841428586348241e-157
48.7585239877,2.4575141635,6.8039536496363e-151
48.7634178783,2.4575141635,1.3037371022314287e-144
48.7683117689,2.4575141635,1.2955104385974216e-138
48.7732056595,2.4575141635,6.67596454240264e-133
48.7780995501,2.4575141635,1.7840595194022434e-127
48.7829934407,2.4575141635,2.47244631221835e-122
48.7878873313,2.4575141635,1.7769148373265713e-117
48.7927812219,2.4575141635,6.622600699328664e-113
48.7976751125,2.4575141635,1.280008166826295e-108
48.8025690031,2.4575141635,1.2829777466386223e-104
48.8074628937,2.4575141635,6.668800409172022e-101
48.8123567843,2.4575141635,1.7976226381201983e-97
48.8172506749,2.4575141635,2.512878848570773e-94
48.8221445655,2.4575141635,1.821657750792486e-91
48.8270384561,2.4575141635,6.848322978176088e-89
48.8319323467,2.4575141635,1.3351310482388769e-86
48.8368262373,2.4575141635,1.3498508047193485e-84
48.8417201279,2.4575141635,7.077336695875983e-83
48.8466140185,2.4575141635,1.9243149661608187e-81
48.8515079091,2.4575141635,2.7133428350652557e-80
48.8564017997,2.4575141635,1.9840627227555045e-79
48.8612956903,2.4575141635,7.523645722489042e-79
48.8661895809,2.4575141635,1.4795290257269508e-78
48.8710834715,2.4575141635,1.5088318926644375e-78
48.8759773621,2.4575141635,7.9795873652951e-79
48.8808712527,2.4575141635,2.1884782045270505e-79
48.8857651433,2.4575141635,3.112620909307021e-80
48.8906590339,2.4575141635,2.295791525190688e-81
48.8955529245,2.4575141635,8.781341750251893e-83
48.9004468151,2.4575141635,1.7418530895832307e-84
48.9053407057,2.4575141635,1.791778743785659e-86
48.9102345963,2.4575141635,9.558273432785598e-89
48.9151284869,2.4575141635,2.6442148095254565e-91
48.9200223775,2.4575141635,3.7934662922250076e-94
48.9249162681,2.4575141635,2.8222659657809853e-97
48.9298101587,2.4575141635,1.0888846128081272e-100
48.9347040493,2.4575141635,2.17865265657436e-104
48.9395979399,2.4575141635,2.2605615914033437e-108
48.9444918305,2.4575141635,1.2163733759146547e-112
48.9493857211,2.4575141635,3.394217592422121e-117
48.9542796117,2.4575141635,4.911732059771281e-122
48.9591735023,2.4575141635,3.6859706099919104e-127
48.9640673929,2.4575141635,1.4344693777405693e-132
48.9689612835,2.4575141635,2.895028931376895e-138
48.9738551741,2.4575141635,3.03006234026367e-144
48.9787490647,2.4575141635,1.409261750803697e-146
48.7389484253,2.4624080541,5.618130948231476e-183
48.7438423159,2.4624080541,1.4263885365640834e-175
48.7487362065,2.4624080541,1.8780451774878723e-168
48.7536300971,2.4624080541,1.2823200820606143e-161
48.7585239877,2.4624080541,4.5405563013998365e-155
48.7634178783,2.4624080541,8.337654596154701e-149
48.7683117689,2.4624080541,7.939642489405092e-143
48.7732056595,2.4624080541,3.9208498195231998e-137
48.7780995501,2.4624080541,1.0041108998673902e-131
48.7829934407,2.4624080541,1.3335379154889207e-126
48.7878873313,2.4624080541,9.184410108912261e-122
48.7927812219,2.4624080541,3.28034393530051e-117
48.7976751125,2.4624080541,6.075887256718465e-113
48.8025690031,2.4624080541,5.836093558298083e-109
48.8074628937,2.4624080541,2.9070800943032806e-105
48.8123567843,2.4624080541,7.509550849285687e-102
48.8172506749,2.4624080541,1.0059887879479379e-98
48.8221445655,2.4624080541,6.98866996127499e-96
48.8270384561,2.4624080541,2.5177820650527173e-93
48.8319323467,2.4624080541,4.703963603644683e-91
48.8368262373,2.4624080541,4.557555678233392e-89
48.8417201279,2.4624080541,2.289930102856105e-87
48.8466140185,2.4624080541,5.966706596070534e-86
48.8515079091,2.4624080541,8.062493025332827e-85
48.8564017997,2.4624080541,5.649711018997683e-84
48.8612956903,2.4624080541,2.0530774352084874e-83
48.8661895809,2.4624080541,3.869070455980819e-83
48.8710834715,2.4624080541,3.781204445994015e-83
48.8759773621,2.4624080541,1.9163546924553603e-83
48.8808712527,2.4624080541,5.036674001994701e-84
48.8857651433,2.4624080541,6.86489664099158e-85
48.8906590339,2.4624080541,4.852285840540735e-86
48.8955529245,2.4624080541,1.7786109566617453e-87
48.9004468151,2.4624080541,3.380942332150172e-89
48.9053407057,2.4624080541,3.3328577359539783e-91
48.9102345963,2.4624080541,1.7037975993833472e-93
48.9151284869,2.4624080541,4.516910038462043e-96
48.9200223775,2.4624080541,6.209935551987167e-99
48.9249162681,2.4624080541,4.427463179091085e-102
48.9298101587,2.4624080541,1.6369862675616371e-105
48.9347040493,2.4624080541,3.138754348191264e-109
48.9395979399,2.4624080541,3.120986079435426e-113
48.9444918305,2.4624080541,1.6093427535696304e-117
48.9493857211,2.4624080541,4.3035562036953117e-122
48.9542796117,2.4624080541,5.967997362100976e-127
48.9591735023,2.4624080541,4.2919235641838745e-132
48.9640673929,2.4624080541,1.6006543099993055e-137
48.9689612835,2.4624080541,3.095746074283487e-143
48.9738551741,2.4624080541,3.1049551154820426e-149
48.9787490647,2.4624080541,1.7555845136590123e-155
48.7389484253,2.4673019447,3.248384121198903e-187
48.7438423159,2.4673019447,7.903501082530924e-180
48.7487362065,2.4673019447,9.972266322484966e-173
48.7536300971,2.4673019447,6.525148993956336e-166
48.7585239877,2.4673019447,2.214161067306533e-159
48.7634178783,2.4673019447,3.8962803703616156e-153
48.7683117689,2.4673019447,3.5556041462275463e-147
48.7732056595,2.4673019447,1.6826694909929184e-141
48.7780995501,2.4673019447,4.129585383482536e-136
48.7829934407,2.4673019447,5.255769286172622e-131
48.7878873313,2.4673019447,3.468872586615671e-126
48.7927812219,2.4673019447,1.1873058755890084e-121
48.7976751125,2.4673019447,2.1074588274094195e-117
48.8025690031,2.4673019447,1.9398930786790436e-113
48.8074628937,2.4673019447,9.260164493631656e-110
48.8123567843,2.4673019447,2.292354724466996e-106
48.8172506749,2.4673019447,2.9428434268566695e-103
48.8221445655,2.4673019447,1.9591816442144804e-100
48.8270384561,2.4673019447,6.764013461077873e-98
48.8319323467,2.4673019447,1.2110342790854297e-95
48.8368262373,2.4673019447,1.1244253351729442e-93
48.8417201279,2.4673019447,5.4141093316483814e-92
48.8466140185,2.4673019447,1.3519033176065729e-90
48.8515079091,2.4673019447,1.750598125444406e-89
48.8564017997,2.4673019447,1.175572714575883e-88
48.8612956903,2.4673019447,4.0938766093904576e-88
48.8661895809,2.4673019447,7.393366122592404e-88
48.8710834715,2.4673019447,6.924236462989533e-88
48.8759773621,2.4673019447,3.362976101985184e-88
48.8808712527,2.4673019447,8.470282296649452e-89
48.8857651433,2.4673019447,1.106354231604587e-89
48.8906590339,2.4673019447,7.493983472276725e-91
48.8955529245,2.4673019447,2.6324096466441363e-92
48.9004468151,2.4673019447,4.795307144019135e-94
48.9053407057,2.4673019447,4.5300354244284494e-96
48.9102345963,2.4673019447,2.219264059981981e-98
48.9151284869,2.4673019447,5.638175302850314e-101
48.9200223775,2.4673019447,7.428316213886822e-104
48.9249162681,2.4673019447,5.075331382399991e-107
48.9298101587,2.4673019447,1.7982937621547964e-110
48.9347040493,2.4673019447,3.3042970670677666e-114
48.9395979399,2.4673019447,3.1486163406746844e-118
48.9444918305,2.4673019447,1.5559033582700443e-122
48.9493857211,2.4673019447,3.987197096592058e-127
48.9542796117,2.4673019447,5.2987692051839003e-132
48.9591735023,2.4673019447,3.651779245077446e-137
48.9640673929,2.4673019447,1.3051374190665887e-142
48.9689612835,2.4673019447,2.4189683148350752e-148
48.9738551741,2.4673019447,2.325018062600132e-154
48.9787490647,2.4673019447,1.158897132373794e-160
